rank,term,n_tokens,freq
1,"two dimensional",2,1499
2,"first order",2,1111
3,"magnetic field",2,1111
4,"standard model",2,934
5,"field theory",2,891
6,"ground state",2,799
7,"large number",2,669
8,"low energy",2,641
9,"experimental data",2,625
10,"high energy",2,618
11,"non linear",2,548
12,"space time",2,533
13,"high resolution",2,531
14,"low temperature",2,525
15,"numerical simulations",2,508
16,"phase transition",2,499
17,"large scale",2,495
18,"gauge theory",2,491
19,"general relativity",2,471
20,"two level",2,467
21,"phys rev",2,459
22,"time evolution",2,455
23,"power law",2,450
24,"finite dimensional",2,433
25,"long range",2,433
26,"energy spectrum",2,427
27,"phase space",2,424
28,"dark matter",2,423
29,"special case",2,420
30,"low mass",2,415
31,"quantum mechanics",2,405
32,"second order",2,394
33,"new class",2,392
34,"three dimensional",2,388
35,"time dependent",2,388
36,"new physics",2,387
37,"data set",2,386
38,"non zero",2,382
39,"non trivial",2,380
40,"dynamical systems",2,378
41,"non local",2,364
42,"large class",2,358
43,"high temperature",2,354
44,"strong coupling",2,353
45,"boundary conditions",2,353
46,"model independent",2,349
47,"ray emission",2,337
48,"exact solutions",2,332
49,"phase transitions",2,324
50,"two component",2,308
51,"lower bound",2,303
52,"self consistent",2,303
53,"leading order",2,303
54,"effective mass",2,302
55,"field theories",2,300
56,"angular momentum",2,296
57,"initial state",2,293
58,"two dimensions",2,292
59,"galaxy clusters",2,289
60,"detailed analysis",2,282
61,"two photon",2,281
62,"parameter space",2,278
63,"theoretical analysis",2,275
64,"order parameter",2,275
65,"two types",2,274
66,"black hole",2,274
67,"small scale",2,272
68,"star formation",2,271
69,"quantum fluctuations",2,270
70,"spectral function",2,267
71,"scalar field",2,265
72,"wave function",2,264
73,"sufficient conditions",2,263
74,"stellar evolution",2,262
75,"general framework",2,261
76,"mean field",2,259
77,"probability distribution",2,257
78,"perturbation theory",2,255
79,"higher dimensional",2,255
80,"sufficient condition",2,254
81,"spectral properties",2,254
82,"magnetic fields",2,253
83,"massive stars",2,253
84,"monte carlo",2,251
85,"two classes",2,248
86,"theoretical models",2,247
87,"spin dynamics",2,246
88,"fixed point",2,245
89,"wave functions",2,244
90,"higher order",2,243
91,"cosmological models",2,242
92,"physical properties",2,238
93,"cross section",2,237
94,"statistical properties",2,236
95,"energy density",2,236
96,"lattice qcd",2,234
97,"initial conditions",2,233
98,"large sample",2,231
99,"superconducting state",2,230
100,"effective potential",2,230
101,"distribution function",2,229
102,"exact solution",2,229
103,"finite size",2,229
104,"upper bound",2,228
105,"final state",2,227
106,"three dimensions",2,227
107,"invariant under",2,222
108,"closed form",2,220
109,"long time",2,220
110,"monte carlo simulations",3,219
111,"zero temperature",2,217
112,"near infrared",2,217
113,"number density",2,216
114,"critical value",2,215
115,"binary system",2,214
116,"vector fields",2,214
117,"numerical methods",2,212
118,"two components",2,212
119,"cosmological constant",2,209
120,"finite temperature",2,209
121,"thin films",2,207
122,"bound states",2,205
123,"random variables",2,199
124,"symmetry breaking",2,199
125,"critical behavior",2,199
126,"sloan digital sky survey",4,197
127,"optical lattice",2,196
128,"vacuum energy",2,194
129,"electronic properties",2,194
130,"quantum information",2,192
131,"high velocity",2,191
132,"spectral energy",2,191
133,"quantum gravity",2,190
134,"differential equation",2,190
135,"complex networks",2,190
136,"asymptotic behavior",2,188
137,"effective temperature",2,187
138,"phase diagram",2,187
139,"molecular dynamics",2,186
140,"numerical calculations",2,186
141,"least two",2,185
142,"form factors",2,185
143,"field equations",2,184
144,"arbitrary number",2,184
145,"physical parameters",2,183
146,"single electron",2,182
147,"bound state",2,181
148,"high redshift",2,181
149,"type ii",2,181
150,"hilbert space",2,180
151,"particle physics",2,179
152,"early universe",2,179
153,"room temperature",2,178
154,"early type",2,178
155,"many body",2,178
156,"excited states",2,176
157,"string theory",2,176
158,"band structure",2,176
159,"stochastic processes",2,175
160,"large amplitude",2,175
161,"correlation function",2,175
162,"spin polarization",2,175
163,"electric field",2,174
164,"einstein equations",2,174
165,"self energy",2,173
166,"system size",2,173
167,"self similar",2,173
168,"total number",2,171
169,"coherent states",2,170
170,"mass distribution",2,170
171,"steady state",2,170
172,"dark energy",2,170
173,"non equilibrium",2,170
174,"high frequency",2,169
175,"precision measurements",2,168
176,"cross sections",2,168
177,"partition function",2,167
178,"representation theory",2,167
179,"low density",2,166
180,"spherically symmetric",2,165
181,"light curves",2,164
182,"lie algebra",2,163
183,"lower bounds",2,162
184,"optical spectra",2,162
185,"young stars",2,162
186,"strongly coupled",2,162
187,"correlation functions",2,161
188,"statistical analysis",2,160
189,"temperature dependence",2,158
190,"single particle",2,157
191,"transport properties",2,156
192,"coupling constant",2,156
193,"mass function",2,156
194,"optical spectroscopy",2,156
195,"electronic structure",2,156
196,"spin chain",2,155
197,"two loop",2,155
198,"stellar mass",2,155
199,"complete set",2,155
200,"single crystal",2,154
201,"upper limit",2,153
202,"local density",2,153
203,"free energy",2,153
204,"total energy",2,152
205,"external fields",2,152
206,"structure functions",2,152
207,"structure factor",2,151
208,"short time",2,150
209,"double well",2,150
210,"dynamics simulations",2,150
211,"observational data",2,150
212,"symmetric group",2,150
213,"renormalization group",2,150
214,"matrix elements",2,149
215,"differential equations",2,149
216,"black holes",2,149
217,"initial data",2,149
218,"time series",2,149
219,"up observations",2,149
220,"short range",2,149
221,"real space",2,148
222,"distribution functions",2,148
223,"simple proof",2,147
224,"magnetic field theory",3,147
225,"neutron stars",2,146
226,"harmonic oscillator",2,145
227,"green function",2,145
228,"central region",2,145
229,"matter fields",2,145
230,"non perturbative",2,145
231,"chemical potential",2,145
232,"random walk",2,144
233,"abelian group",2,144
234,"second part",2,144
235,"dirac equation",2,143
236,"experimental studies",2,143
237,"interaction strength",2,143
238,"spatial distribution",2,143
239,"critical point",2,143
240,"first principles",2,142
241,"theoretical predictions",2,142
242,"charged particles",2,141
243,"pure states",2,140
244,"dynamical evolution",2,139
245,"algebraic structure",2,139
246,"main sequence",2,139
247,"spectroscopic observations",2,139
248,"finitely generated",2,139
249,"gauge symmetry",2,139
250,"final states",2,139
251,"infinite number",2,138
252,"sigma model",2,138
253,"energy levels",2,137
254,"power spectrum",2,137
255,"high degree",2,136
256,"explicit construction",2,136
257,"rest frame",2,136
258,"cosmological observations",2,136
259,"brownian motion",2,136
260,"low frequency",2,135
261,"finite volume",2,134
262,"non relativistic",2,134
263,"mathematical model",2,133
264,"time scales",2,133
265,"current density",2,132
266,"electromagnetic field",2,132
267,"solar system",2,132
268,"accretion disk",2,132
269,"decay rate",2,132
270,"four dimensional",2,132
271,"emission lines",2,131
272,"four dimensions",2,131
273,"high accuracy",2,130
274,"discrete time",2,130
275,"stochastic process",2,130
276,"external magnetic field",3,130
277,"open problem",2,129
278,"master equation",2,129
279,"long term",2,129
280,"modified gravity",2,129
281,"spiral galaxies",2,129
282,"binary systems",2,129
283,"effective action",2,129
284,"solid state",2,128
285,"numerical scheme",2,128
286,"radio frequency",2,128
287,"wide field",2,128
288,"square lattice",2,128
289,"non commutative",2,127
290,"fourier transform",2,127
291,"main theorem",2,127
292,"mixed state",2,126
293,"evolution equations",2,126
294,"spectral type",2,126
295,"spectral analysis",2,126
296,"left right",2,126
297,"fixed points",2,126
298,"free parameters",2,125
299,"many particle",2,125
300,"functional theory",2,125
301,"exchange interaction",2,125
302,"information theory",2,124
303,"experimental observation",2,124
304,"spin dependent",2,124
305,"parameter family",2,123
306,"momentum space",2,123
307,"real time",2,123
308,"broad range",2,123
309,"neutron star",2,123
310,"scalar fields",2,123
311,"yang mills",2,122
312,"strongly correlated",2,122
313,"local group",2,122
314,"cosmic rays",2,122
315,"chandra observations",2,122
316,"high energies",2,122
317,"specific heat",2,122
318,"modules over",2,122
319,"weak coupling",2,122
320,"proton collisions",2,121
321,"polynomial time",2,120
322,"mean field theory",3,119
323,"radio source",2,119
324,"mass range",2,119
325,"non detection",2,118
326,"high speed",2,118
327,"density matrix",2,118
328,"random matrix",2,118
329,"physical processes",2,118
330,"velocity fields",2,117
331,"first few",2,117
332,"spectroscopic data",2,117
333,"nearby galaxies",2,117
334,"markov chain",2,117
335,"thermal equilibrium",2,116
336,"quantum computation",2,116
337,"form factor",2,116
338,"entangled state",2,115
339,"coupling constants",2,115
340,"scale structure",2,115
341,"delta function",2,115
342,"model predicts",2,115
343,"quantum dot",2,115
344,"wave propagation",2,114
345,"direct measurement",2,114
346,"scaling limit",2,114
347,"de sitter",2,114
348,"fundamental group",2,114
349,"thermodynamic limit",2,113
350,"continuous time",2,113
351,"geometric properties",2,113
352,"gauge fields",2,113
353,"ray flux",2,113
354,"mass ratio",2,113
355,"dispersion relation",2,113
356,"sum over",2,112
357,"mass spectrum",2,112
358,"gravitational radiation",2,112
359,"finitely many",2,112
360,"value problem",2,112
361,"integrated luminosity",2,112
362,"integral field",2,111
363,"structure formation",2,111
364,"infinite dimensional",2,111
365,"vacuum state",2,110
366,"quantum mechanical",2,110
367,"moduli spaces",2,110
368,"internal structure",2,110
369,"positive integer",2,109
370,"numerical solutions",2,109
371,"vector space",2,109
372,"frequency range",2,109
373,"new generation",2,109
374,"electric charge",2,109
375,"moduli space",2,109
376,"phenomenological model",2,109
377,"physical quantities",2,108
378,"probability density",2,108
379,"upper bounds",2,108
380,"wireless networks",2,108
381,"data sets",2,108
382,"cosmological parameters",2,108
383,"point like",2,108
384,"upper limits",2,108
385,"absorption lines",2,108
386,"light ratio",2,108
387,"quark matter",2,108
388,"explicit formula",2,107
389,"vector spaces",2,107
390,"galaxy formation",2,107
391,"light curve",2,107
392,"surface density",2,107
393,"structural properties",2,107
394,"point source",2,106
395,"non thermal",2,106
396,"xmm newton",2,106
397,"single mode",2,106
398,"non negative",2,105
399,"galactic center",2,105
400,"physical conditions",2,105
401,"stability analysis",2,105
402,"generating function",2,105
403,"statistical physics",2,104
404,"two qubit",2,104
405,"empirical data",2,104
406,"star cluster",2,104
407,"orbital period",2,104
408,"single qubit",2,103
409,"bose einstein condensate",3,103
410,"electron systems",2,103
411,"finite element",2,103
412,"gamma ray emission",3,103
413,"meson decays",2,103
414,"canonical form",2,102
415,"spontaneous symmetry breaking",3,102
416,"arbitrary dimensions",2,102
417,"molecular gas",2,102
418,"semi classical",2,102
419,"euclidean space",2,101
420,"analytical expressions",2,100
421,"transport through",2,100
422,"interstellar medium",2,100
423,"simply connected",2,100
424,"coupling strength",2,99
425,"absorption spectroscopy",2,99
426,"information processing",2,99
427,"stellar populations",2,99
428,"transition region",2,99
429,"model selection",2,98
430,"time scale",2,98
431,"heavy ion collisions",3,98
432,"perturbative qcd",2,98
433,"initial condition",2,97
434,"galactic disk",2,97
435,"cosmic ray",2,97
436,"like behavior",2,97
437,"ground states",2,97
438,"molecular dynamics simulations",3,97
439,"coherent state",2,96
440,"nearest neighbor",2,96
441,"tensor product",2,96
442,"models predict",2,96
443,"photometric data",2,96
444,"ray spectrum",2,96
445,"massive star",2,96
446,"ion collisions",2,96
447,"probability measure",2,95
448,"experimental observations",2,95
449,"non degenerate",2,95
450,"new formulation",2,95
451,"observations suggest",2,95
452,"real data",2,95
453,"low temperature dependence",3,95
454,"theoretical calculations",2,95
455,"long distance",2,94
456,"gravitational waves",2,94
457,"confidence level",2,94
458,"quantum numbers",2,94
459,"chiral symmetry",2,94
460,"earlier result",2,93
461,"von neumann",2,93
462,"periodic solutions",2,93
463,"plane wave",2,93
464,"open quantum",2,92
465,"three body",2,92
466,"self dual",2,92
467,"statistical mechanics",2,92
468,"star forming",2,92
469,"globular clusters",2,92
470,"light scattering",2,92
471,"type stars",2,92
472,"perfect fluid",2,92
473,"thermodynamic properties",2,92
474,"time interval",2,91
475,"kinetic energy",2,91
476,"heavy quark",2,91
477,"long lived",2,90
478,"lower limit",2,90
479,"small perturbations",2,90
480,"current understanding",2,90
481,"scaling properties",2,90
482,"metric spaces",2,90
483,"scalar field theory",3,90
484,"two dimensional 2d",3,90
485,"ab initio calculations",3,90
486,"cold atoms",2,89
487,"physical interpretation",2,89
488,"four point",2,89
489,"theoretical framework",2,89
490,"stellar objects",2,89
491,"ginzburg landau",2,89
492,"strongly interacting",2,89
493,"main features",2,89
494,"fine structure",2,89
495,"random phase",2,88
496,"zero modes",2,88
497,"noise ratio",2,88
498,"host galaxy",2,88
499,"proper motion",2,88
500,"ray spectra",2,88
501,"gamma rays",2,88
502,"power spectra",2,88
503,"complex plane",2,88
504,"two body",2,88
505,"scattering length",2,88
506,"scattering matrix",2,87
507,"sigma models",2,87
508,"red giant",2,87
509,"continuum limit",2,87
510,"experimental test",2,87
511,"electromagnetic waves",2,86
512,"entanglement entropy",2,86
513,"frequency dependent",2,86
514,"ab initio",2,86
515,"finite difference",2,86
516,"redshift range",2,86
517,"under pressure",2,86
518,"emission line",2,86
519,"cross over",2,86
520,"coulomb interactions",2,86
521,"frequency dependence",2,85
522,"expectation values",2,85
523,"mass ratios",2,85
524,"single atom",2,85
525,"differential operators",2,85
526,"non gaussian",2,85
527,"existing data",2,85
528,"spatial resolution",2,85
529,"size distribution",2,85
530,"ricci curvature",2,85
531,"strong correlation",2,85
532,"mixing parameters",2,85
533,"monte carlo simulation",3,85
534,"many body systems",3,85
535,"explicit description",2,84
536,"cauchy problem",2,84
537,"simplified model",2,84
538,"non interacting",2,84
539,"algebraic geometry",2,84
540,"velocity dispersion",2,83
541,"turbulent flow",2,83
542,"multi dimensional",2,83
543,"density wave",2,83
544,"bursts grbs",2,83
545,"large scale structure",3,83
546,"energy distribution",2,83
547,"non vanishing",2,83
548,"irreducible representations",2,83
549,"electron transport",2,83
550,"stationary state",2,83
551,"non uniform",2,83
552,"schrodinger equation",2,82
553,"explicit expression",2,82
554,"near threshold",2,82
555,"body simulations",2,82
556,"potential applications",2,82
557,"density profile",2,82
558,"high quality",2,82
559,"scalar tensor",2,82
560,"symmetric spaces",2,82
561,"current voltage",2,82
562,"hubbard model",2,82
563,"total cross sections",3,82
564,"wave vector",2,81
565,"special attention",2,81
566,"higher dimensions",2,81
567,"high probability",2,81
568,"diffusion equation",2,81
569,"transmission through",2,81
570,"molecular clouds",2,81
571,"spitzer space telescope",3,81
572,"general relativistic",2,81
573,"orthogonal polynomials",2,81
574,"maxwell equations",2,81
575,"single crystals",2,81
576,"weakly coupled",2,81
577,"light quark",2,81
578,"loop corrections",2,81
579,"perturbative expansion",2,80
580,"third order",2,80
581,"magnetic field strength",3,80
582,"sky survey",2,80
583,"radio sources",2,80
584,"vector field",2,80
585,"multi wavelength",2,80
586,"neutrino interactions",2,80
587,"boundary condition",2,80
588,"kaluza klein",2,80
589,"gate voltage",2,80
590,"quark mass",2,80
591,"quark masses",2,80
592,"higgs sector",2,80
593,"relativistic electrons",2,79
594,"average value",2,79
595,"well suited",2,79
596,"real analytic",2,79
597,"integral equations",2,79
598,"radiative transfer",2,79
599,"vector potential",2,79
600,"prime number",2,79
601,"loop level",2,79
602,"binding model",2,79
603,"first principles calculations",3,79
604,"weak solutions",2,78
605,"explicit expressions",2,78
606,"formation rate",2,78
607,"fundamental parameters",2,78
608,"solar masses",2,78
609,"limit theorem",2,78
610,"large numbers",2,78
611,"analytical solution",2,78
612,"low temperatures",2,78
613,"coulomb interaction",2,78
614,"fermi surface",2,78
615,"particle production",2,78
616,"branching fractions",2,78
617,"response function",2,77
618,"particle hole",2,77
619,"detection limit",2,77
620,"high statistics",2,77
621,"small amplitude",2,77
622,"point sources",2,77
623,"forming regions",2,77
624,"formation process",2,77
625,"heavy nuclei",2,77
626,"chemical composition",2,77
627,"giving rise",2,77
628,"nuclear matter",2,77
629,"energy transfer",2,77
630,"symplectic structure",2,77
631,"lattice data",2,77
632,"stat syst",2,77
633,"conduction electrons",2,76
634,"phase shifts",2,76
635,"special emphasis",2,76
636,"transition occurs",2,76
637,"free boundary",2,76
638,"normal form",2,76
639,"theoretical description",2,76
640,"energy gap",2,76
641,"phase shift",2,76
642,"half filling",2,76
643,"mechanical properties",2,76
644,"relaxation time",2,76
645,"ultracold atoms",2,76
646,"domain wall",2,76
647,"cluster size",2,75
648,"second law",2,75
649,"dust emission",2,75
650,"high precision",2,75
651,"linear stability",2,75
652,"first principle",2,75
653,"dirac operator",2,75
654,"metric tensor",2,75
655,"narrow band",2,74
656,"quantum gates",2,74
657,"exact diagonalization",2,74
658,"coupling regime",2,74
659,"late type",2,74
660,"mid infrared",2,74
661,"compact stars",2,74
662,"spatially resolved",2,74
663,"evolutionary models",2,74
664,"length scale",2,74
665,"large enough",2,74
666,"effective lagrangian",2,74
667,"algebraically closed field",3,74
668,"rational points",2,74
669,"time step",2,74
670,"hall effect",2,74
671,"gauge invariant",2,74
672,"heisenberg model",2,74
673,"non abelian",2,74
674,"spontaneously broken",2,74
675,"quantum key",2,73
676,"massive particles",2,73
677,"quantum computing",2,73
678,"automorphism group",2,73
679,"direct detection",2,73
680,"two species",2,73
681,"type inequality",2,73
682,"asymptotic behaviour",2,73
683,"kinetic theory",2,73
684,"combined effect",2,73
685,"distant galaxies",2,73
686,"negative values",2,73
687,"arbitrary dimension",2,73
688,"high energy spectrum",3,73
689,"wide class",2,73
690,"gas phase",2,73
691,"higgs boson",2,73
692,"differential geometry",2,72
693,"search algorithm",2,72
694,"singular point",2,72
695,"novel technique",2,72
696,"strong correlations",2,72
697,"static spherically symmetric",3,72
698,"radio galaxies",2,72
699,"short period",2,72
700,"growth rate",2,72
701,"pair production",2,72
702,"high temperatures",2,72
703,"theoretical studies",2,72
704,"magnetization measurements",2,72
705,"small angle",2,72
706,"cp violation",2,72
707,"cluster states",2,71
708,"relativistic quantum",2,71
709,"mott insulator",2,71
710,"configuration space",2,71
711,"integrable systems",2,71
712,"inverse problem",2,71
713,"non compact",2,71
714,"parameter alpha",2,71
715,"higher spin",2,71
716,"scattering processes",2,71
717,"finite temperatures",2,71
718,"shell model",2,71
719,"transverse momentum",2,71
720,"ads cft correspondence",3,71
721,"physical phenomena",2,70
722,"complete characterization",2,70
723,"riemannian metric",2,70
724,"quantum critical",2,70
725,"unique solution",2,70
726,"error rate",2,70
727,"probability distributions",2,70
728,"time resolved",2,70
729,"active galactic nuclei agn",4,70
730,"charge density",2,70
731,"total mass",2,70
732,"strong constraints",2,70
733,"disordered systems",2,70
734,"magnetic moments",2,70
735,"tree level",2,70
736,"body systems",2,69
737,"potential barrier",2,69
738,"macroscopic quantum",2,69
739,"computer simulation",2,69
740,"random fields",2,69
741,"stationary solutions",2,69
742,"gaussian states",2,69
743,"scale invariant",2,69
744,"nuclear physics",2,69
745,"open problems",2,69
746,"flat universe",2,69
747,"gravitational collapse",2,69
748,"big bang",2,69
749,"production mechanism",2,69
750,"mean free",2,69
751,"numerical solution",2,69
752,"low energy spectrum",3,69
753,"charged particle",2,69
754,"locally compact",2,69
755,"convergence rate",2,69
756,"first order parameter",3,69
757,"thin film",2,69
758,"pi pi0",2,69
759,"carbon nanotubes",2,68
760,"diffusion processes",2,68
761,"optimization problem",2,68
762,"inflationary models",2,68
763,"expanding universe",2,68
764,"statistical errors",2,68
765,"surface brightness",2,68
766,"spin down",2,68
767,"heavy quarks",2,68
768,"x1 xn",2,68
769,"characteristic zero",2,68
770,"cohomology groups",2,68
771,"charge transfer",2,68
772,"jet production",2,68
773,"non supersymmetric",2,68
774,"coordinate system",2,68
775,"mass difference",2,67
776,"test particle",2,67
777,"analytical expression",2,67
778,"strong coupling regime",3,67
779,"almost complex",2,67
780,"irreducible representation",2,67
781,"next generation",2,67
782,"dwarf galaxies",2,67
783,"optical depth",2,67
784,"event horizon",2,67
785,"condensed matter",2,67
786,"local universe",2,67
787,"real line",2,67
788,"commutative ring",2,67
789,"minimum number",2,67
790,"schr odinger equation",3,67
791,"variational approach",2,67
792,"thermodynamic equilibrium",2,67
793,"low energies",2,67
794,"nuclear reactions",2,67
795,"standard model sm",3,67
796,"standard deviation",2,67
797,"multi particle",2,66
798,"dirac fermions",2,66
799,"stellar population",2,66
800,"large area",2,66
801,"neutrino mass",2,66
802,"hyperbolic space",2,66
803,"excitation spectra",2,66
804,"elastic scattering",2,66
805,"effective hamiltonian",2,66
806,"decay rates",2,66
807,"two flavor",2,66
808,"neural network",2,65
809,"limiting case",2,65
810,"ising model",2,65
811,"angular resolution",2,65
812,"galactic plane",2,65
813,"lower energies",2,65
814,"large array",2,65
815,"hii regions",2,65
816,"flat space",2,65
817,"alpha emission",2,65
818,"temperature dependent",2,65
819,"inverse scattering",2,65
820,"length scales",2,65
821,"scaling behavior",2,65
822,"decay modes",2,65
823,"nn gev",2,65
824,"branching ratio",2,65
825,"ads cft",2,65
826,"universality class",2,64
827,"atomic gas",2,64
828,"lie group",2,64
829,"high sensitivity",2,64
830,"energy scales",2,64
831,"blue galaxies",2,64
832,"time domain",2,64
833,"gravitational potential",2,64
834,"periodic potential",2,64
835,"fermi liquid",2,64
836,"tunneling through",2,64
837,"highly non",2,64
838,"special relativity",2,64
839,"semiclassical theory",2,63
840,"mechanical systems",2,63
841,"high efficiency",2,63
842,"single photon",2,63
843,"mass loss",2,63
844,"integral representation",2,63
845,"projective space",2,63
846,"gamma ray bursts",3,63
847,"solar like",2,63
848,"field lines",2,63
849,"shock waves",2,63
850,"total flux",2,63
851,"maximum value",2,63
852,"absorption line",2,63
853,"momentum transfer",2,63
854,"normal state",2,63
855,"complete graph",2,63
856,"lowest order",2,63
857,"shot noise",2,63
858,"crystal structure",2,63
859,"repulsive interactions",2,62
860,"necessary condition",2,62
861,"interacting fermions",2,62
862,"soliton solutions",2,62
863,"uniform distribution",2,62
864,"control theory",2,62
865,"poisson process",2,62
866,"computational complexity",2,62
867,"gravitational field",2,62
868,"ray sources",2,62
869,"low luminosity",2,62
870,"infinite family",2,62
871,"background radiation",2,62
872,"small enough",2,62
873,"ray scattering",2,62
874,"five dimensional",2,62
875,"exchange interactions",2,62
876,"perpendicular magnetic field",3,62
877,"higgs mechanism",2,62
878,"branching ratios",2,62
879,"extended version",2,62
880,"analogous result",2,61
881,"data recorded",2,61
882,"rational function",2,61
883,"large deviations",2,61
884,"flux density",2,61
885,"systematic error",2,61
886,"variable stars",2,61
887,"ultra high",2,61
888,"radial velocity",2,61
889,"alpha beta",2,61
890,"diffusion equations",2,61
891,"numerical simulation",2,61
892,"elliptic curves",2,61
893,"real part",2,61
894,"steady states",2,61
895,"non universal",2,61
896,"sum rules",2,61
897,"experimental realization",2,61
898,"tight binding model",3,61
899,"atomic physics",2,60
900,"positive characteristic",2,60
901,"initial value",2,60
902,"high spatial",2,60
903,"spectral sequence",2,60
904,"central limit theorem",3,60
905,"relative motion",2,60
906,"novel mechanism",2,60
907,"cross correlation",2,60
908,"circumstellar disk",2,60
909,"unified approach",2,60
910,"data indicate",2,60
911,"quantitative analysis",2,60
912,"host galaxies",2,60
913,"central star",2,60
914,"free emission",2,60
915,"radial velocities",2,60
916,"fine tuning",2,60
917,"degree distribution",2,60
918,"spherical symmetry",2,60
919,"forward backward",2,60
920,"density functional theory",3,60
921,"spin polarized",2,60
922,"yukawa couplings",2,60
923,"minimal supersymmetric standard model mssm",5,60
924,"gauge theories",2,60
925,"supersymmetry breaking",2,60
926,"hierarchy problem",2,60
927,"absolute value",2,59
928,"simple analytical",2,59
929,"dynamic range",2,59
930,"hot gas",2,59
931,"precision measurement",2,59
932,"gamma ray bursts grbs",4,59
933,"white dwarf",2,59
934,"data suggest",2,59
935,"group actions",2,59
936,"mean curvature",2,59
937,"asymptotically flat",2,59
938,"network topology",2,59
939,"single molecule",2,59
940,"transverse magnetic field",3,59
941,"collective excitations",2,59
942,"entanglement measure",2,58
943,"phase coherence",2,58
944,"distributed over",2,58
945,"noise level",2,58
946,"minimal length",2,58
947,"wave packets",2,58
948,"inner regions",2,58
949,"well constrained",2,58
950,"inverse problems",2,58
951,"magnetic flux",2,58
952,"blow up",2,58
953,"maximum likelihood",2,58
954,"observational constraints",2,58
955,"velocity field",2,58
956,"central charge",2,58
957,"slow roll inflation",3,58
958,"electric current",2,58
959,"central regions",2,58
960,"extra dimensions",2,58
961,"coulomb potential",2,58
962,"gamma ray",2,58
963,"surface layers",2,58
964,"near horizon",2,58
965,"quantum groups",2,58
966,"diffusion process",2,58
967,"derived category",2,58
968,"bundles over",2,58
969,"euler equations",2,58
970,"energy distributions",2,58
971,"calabi yau",2,58
972,"momentum tensor",2,58
973,"bose einstein condensates",3,58
974,"experimental findings",2,58
975,"critical temperature",2,58
976,"vector mesons",2,58
977,"separable states",2,57
978,"bell states",2,57
979,"matrix product",2,57
980,"detailed description",2,57
981,"entangled states",2,57
982,"fermi gas",2,57
983,"conservation laws",2,57
984,"plane curves",2,57
985,"dark matter halo",3,57
986,"burst grb",2,57
987,"astrophysical sources",2,57
988,"luminosity function",2,57
989,"observations indicate",2,57
990,"self consistently",2,57
991,"mapping class",2,57
992,"singular points",2,57
993,"lattice sites",2,57
994,"neutron scattering",2,57
995,"arbitrarily large",2,56
996,"end point",2,56
997,"control problem",2,56
998,"line width",2,56
999,"electromagnetic fields",2,56
1000,"biological systems",2,56
1001,"target space",2,56
1002,"beta function",2,56
1003,"critical current",2,56
1004,"low metallicity",2,56
1005,"multiple scattering",2,56
1006,"two populations",2,56
1007,"end up",2,56
1008,"clustering properties",2,56
1009,"control over",2,56
1010,"analytic solutions",2,56
1011,"linear response",2,56
1012,"holomorphic functions",2,56
1013,"two dimensional electron",3,56
1014,"superconducting gap",2,56
1015,"decay mode",2,56
1016,"total cross section",3,56
1017,"wave packet",2,55
1018,"quantum wire",2,55
1019,"square root",2,55
1020,"momentum distributions",2,55
1021,"critical exponents",2,55
1022,"gravitational interaction",2,55
1023,"bounded domain",2,55
1024,"optimal control",2,55
1025,"approximation scheme",2,55
1026,"embedded within",2,55
1027,"wavelength range",2,55
1028,"disk galaxies",2,55
1029,"optical photometry",2,55
1030,"white dwarfs",2,55
1031,"extract information",2,55
1032,"homotopy theory",2,55
1033,"de la",2,55
1034,"homogeneous spaces",2,55
1035,"differential cross section",3,55
1036,"magnetic ordering",2,55
1037,"fermi level",2,55
1038,"three sphere",2,55
1039,"decay width",2,55
1040,"coupled channel",2,55
1041,"decay channels",2,55
1042,"mixed states",2,54
1043,"field strength",2,54
1044,"worst case",2,54
1045,"planetary systems",2,54
1046,"space time evolution",3,54
1047,"deep field",2,54
1048,"hubble space telescope",3,54
1049,"xmm newton observations",3,54
1050,"extragalactic sources",2,54
1051,"dust grains",2,54
1052,"spectral energy distributions",3,54
1053,"solar wind",2,54
1054,"density rho",2,54
1055,"adaptive optics",2,54
1056,"accelerating universe",2,54
1057,"quasi periodic",2,54
1058,"test functions",2,54
1059,"random walks",2,54
1060,"scale free",2,54
1061,"ideal gas",2,54
1062,"josephson junction",2,54
1063,"triangular lattice",2,54
1064,"proton scattering",2,54
1065,"chiral perturbation theory",3,54
1066,"toy model",2,54
1067,"pep ii detector",3,54
1068,"light propagation",2,54
1069,"critical phenomena",2,53
1070,"energy eigenvalues",2,53
1071,"simple lie algebra",3,53
1072,"experimental investigation",2,53
1073,"parameter estimation",2,53
1074,"high enough",2,53
1075,"information theoretic",2,53
1076,"open set",2,53
1077,"mid ir",2,53
1078,"temperature tc",2,53
1079,"intermediate mass",2,53
1080,"active regions",2,53
1081,"shell structure",2,53
1082,"spectral index",2,53
1083,"surface area",2,53
1084,"graph theory",2,53
1085,"light cone",2,53
1086,"spin waves",2,53
1087,"quantum dots",2,53
1088,"quantum critical point",3,53
1089,"cuprate superconductors",2,53
1090,"pb collisions",2,53
1091,"extra dimension",2,53
1092,"bar nu",2,53
1093,"belle detector",2,53
1094,"unified description",2,52
1095,"many ways",2,52
1096,"dipole moment",2,52
1097,"casimir force",2,52
1098,"ad hoc",2,52
1099,"fourth order",2,52
1100,"functional form",2,52
1101,"eigenvalue problem",2,52
1102,"iterative algorithm",2,52
1103,"series expansion",2,52
1104,"real numbers",2,52
1105,"hausdorff dimension",2,52
1106,"quasi particle",2,52
1107,"generated during",2,52
1108,"non negligible",2,52
1109,"compact object",2,52
1110,"swift observations",2,52
1111,"orbital angular momentum",3,52
1112,"linear polarization",2,52
1113,"supermassive black hole",3,52
1114,"transition rates",2,52
1115,"simplest case",2,52
1116,"during inflation",2,52
1117,"galactic nuclei",2,52
1118,"plane parallel",2,52
1119,"beta decay",2,52
1120,"physical mechanism",2,52
1121,"precise measurement",2,52
1122,"odd number",2,52
1123,"time delay",2,52
1124,"directed graph",2,52
1125,"riemannian manifold",2,52
1126,"expectation value",2,52
1127,"conformal field theory",3,52
1128,"topological defects",2,52
1129,"interaction potentials",2,52
1130,"green functions",2,52
1131,"kinetic equations",2,52
1132,"maximum entropy",2,52
1133,"charged lepton",2,52
1134,"axial vector",2,52
1135,"super yang mills",3,52
1136,"standard model independent",3,52
1137,"single site",2,51
1138,"lorentz invariant",2,51
1139,"quantum optics",2,51
1140,"detection efficiency",2,51
1141,"spin chains",2,51
1142,"model building",2,51
1143,"star formation rate",3,51
1144,"planetary nebulae",2,51
1145,"asymptotic giant",2,51
1146,"galaxy ngc",2,51
1147,"semi analytic",2,51
1148,"test particles",2,51
1149,"accelerated expansion",2,51
1150,"synchrotron radiation",2,51
1151,"spectral density",2,51
1152,"simulated data",2,51
1153,"mean value",2,51
1154,"line profiles",2,51
1155,"hopf algebra",2,51
1156,"short distance",2,51
1157,"delta resonance",2,51
1158,"power series",2,51
1159,"velocity measurements",2,51
1160,"lorentz violation",2,51
1161,"stress tensor",2,51
1162,"elementary particles",2,51
1163,"external force",2,51
1164,"edge states",2,51
1165,"weakly interacting",2,51
1166,"relativistic heavy ion collisions",4,51
1167,"tev scale",2,51
1168,"radiative corrections",2,51
1169,"scattering amplitude",2,51
1170,"population size",2,51
1171,"spin-1 chain",2,50
1172,"least four",2,50
1173,"nuclear spins",2,50
1174,"spontaneous emission",2,50
1175,"optical lattices",2,50
1176,"integration over",2,50
1177,"group theoretical",2,50
1178,"pair correlation",2,50
1179,"briefly reviewed",2,50
1180,"quantum information processing",3,50
1181,"anderson model",2,50
1182,"noncommutative geometry",2,50
1183,"geometric phase",2,50
1184,"threshold value",2,50
1185,"constraints imposed",2,50
1186,"phase space time",3,50
1187,"minimum distance",2,50
1188,"compact binaries",2,50
1189,"type ia supernovae",3,50
1190,"late time",2,50
1191,"within kpc",2,50
1192,"chemical evolution",2,50
1193,"stellar masses",2,50
1194,"chemical abundances",2,50
1195,"complete sample",2,50
1196,"constant lambda",2,50
1197,"single star",2,50
1198,"broad band",2,50
1199,"kev band",2,50
1200,"inner region",2,50
1201,"sample size",2,50
1202,"polynomial ring",2,50
1203,"closed curves",2,50
1204,"fractal dimension",2,50
1205,"gauge invariance",2,50
1206,"charge carriers",2,50
1207,"coarse grained",2,50
1208,"imaginary part",2,50
1209,"temperatures below",2,50
1210,"hamiltonian formalism",2,50
1211,"bethe ansatz",2,50
1212,"experimental constraints",2,50
1213,"chiral effective",2,50
1214,"complete classification",2,50
1215,"exponential potential",2,50
1216,"off shell",2,50
1217,"mesoscopic systems",2,49
1218,"central part",2,49
1219,"dinger equation",2,49
1220,"quantum interference",2,49
1221,"microscopic description",2,49
1222,"unitary matrices",2,49
1223,"too large",2,49
1224,"hierarchical structure",2,49
1225,"archival data",2,49
1226,"agb stars",2,49
1227,"cold gas",2,49
1228,"point correlation function",3,49
1229,"low mass range",3,49
1230,"time varying",2,49
1231,"linear optical",2,49
1232,"characteristic features",2,49
1233,"spin orbit",2,49
1234,"tev gamma ray emission",4,49
1235,"metal poor",2,49
1236,"well separated",2,49
1237,"short proof",2,49
1238,"local ring",2,49
1239,"torsion free",2,49
1240,"elliptic functions",2,49
1241,"exponential decay",2,49
1242,"derived analytically",2,49
1243,"monte carlo algorithm",3,49
1244,"schr odinger",2,49
1245,"variational principle",2,49
1246,"minimally coupled",2,49
1247,"interacting electrons",2,49
1248,"refractive index",2,49
1249,"magnetic moment",2,49
1250,"topological string",2,49
1251,"interacting via",2,49
1252,"minimal supersymmetric standard model",4,49
1253,"chiral limit",2,49
1254,"chaotic systems",2,49
1255,"scattering amplitudes",2,49
1256,"quantum communication",2,48
1257,"laser beams",2,48
1258,"light pulses",2,48
1259,"strong enhancement",2,48
1260,"self contained",2,48
1261,"system undergoes",2,48
1262,"direct simulation",2,48
1263,"bounded domains",2,48
1264,"key point",2,48
1265,"partial wave",2,48
1266,"bounded degree",2,48
1267,"low cost",2,48
1268,"transition metal",2,48
1269,"underlying physics",2,48
1270,"al nature",2,48
1271,"active region",2,48
1272,"deep survey",2,48
1273,"orbit interaction",2,48
1274,"giant planet",2,48
1275,"alpha line",2,48
1276,"theoretical prediction",2,48
1277,"scale factor",2,48
1278,"reduced density",2,48
1279,"vertex set",2,48
1280,"uniqueness result",2,48
1281,"quasi classical",2,48
1282,"lie groups",2,48
1283,"rational functions",2,48
1284,"riemann surfaces",2,48
1285,"well posedness",2,48
1286,"psi phi",2,48
1287,"input parameters",2,48
1288,"second derivative",2,48
1289,"electron hole",2,48
1290,"computer simulations",2,48
1291,"point contact",2,48
1292,"orbital parameters",2,48
1293,"meson production",2,48
1294,"nucleon interactions",2,48
1295,"nucleon interaction",2,48
1296,"large hadron collider lhc",4,48
1297,"compact objects",2,48
1298,"wigner function",2,47
1299,"odd dimensional",2,47
1300,"composite system",2,47
1301,"probabilistic approach",2,47
1302,"two sided",2,47
1303,"particles moving",2,47
1304,"like oscillations",2,47
1305,"strong disorder",2,47
1306,"positive definite",2,47
1307,"point symmetries",2,47
1308,"spectral types",2,47
1309,"source code",2,47
1310,"trade off",2,47
1311,"connected components",2,47
1312,"pattern formation",2,47
1313,"systems containing",2,47
1314,"accretion disks",2,47
1315,"planetary system",2,47
1316,"excess emission",2,47
1317,"dwarf galaxy",2,47
1318,"significant population",2,47
1319,"thermal expansion",2,47
1320,"black hole solutions",3,47
1321,"unstable modes",2,47
1322,"numerical techniques",2,47
1323,"cold dark matter",3,47
1324,"spatial dimensions",2,47
1325,"whole range",2,47
1326,"inversely proportional",2,47
1327,"ricci flow",2,47
1328,"momentum dependent",2,47
1329,"josephson junctions",2,47
1330,"equal mass",2,47
1331,"inelastic neutron scattering",3,47
1332,"uniform magnetic field",3,47
1333,"radiative decay",2,47
1334,"yang mills theory",3,47
1335,"harmonic oscillators",2,46
1336,"multi mode",2,46
1337,"significant differences",2,46
1338,"mathematical structure",2,46
1339,"density functional",2,46
1340,"trace formula",2,46
1341,"glass transition",2,46
1342,"signal processing",2,46
1343,"analytical solutions",2,46
1344,"positive integers",2,46
1345,"mean square",2,46
1346,"np hard",2,46
1347,"significant correlation",2,46
1348,"line shape",2,46
1349,"proximity effect",2,46
1350,"ultra high energy",3,46
1351,"range correlations",2,46
1352,"optical afterglow",2,46
1353,"massive galaxies",2,46
1354,"mass accretion",2,46
1355,"supernova remnant",2,46
1356,"higher temperatures",2,46
1357,"complex numbers",2,46
1358,"hadronic interactions",2,46
1359,"production rate",2,46
1360,"fe ii",2,46
1361,"relativistic jets",2,46
1362,"lie algebras",2,46
1363,"time reversal",2,46
1364,"bounded below",2,46
1365,"genus two",2,46
1366,"three manifolds",2,46
1367,"chern simons",2,46
1368,"scalar curvature",2,46
1369,"hawking radiation",2,46
1370,"einstein maxwell",2,46
1371,"spin fluctuations",2,46
1372,"viscous fluid",2,46
1373,"feshbach resonance",2,46
1374,"path integral",2,46
1375,"semiconductor quantum dots",3,46
1376,"heat capacity",2,46
1377,"metastable states",2,46
1378,"rare earth",2,46
1379,"mid rapidity",2,46
1380,"quark gluon",2,46
1381,"high energy density",3,46
1382,"fully consistent",2,46
1383,"differential cross sections",3,46
1384,"production cross section",3,46
1385,"operator valued",2,45
1386,"quantum electrodynamics",2,45
1387,"quantum information theory",3,45
1388,"multi component",2,45
1389,"time averaged",2,45
1390,"photon number",2,45
1391,"boundary layer",2,45
1392,"characteristic polynomial",2,45
1393,"equivalence relation",2,45
1394,"generating set",2,45
1395,"spectral variability",2,45
1396,"stellar surface",2,45
1397,"optical wavelengths",2,45
1398,"lower temperatures",2,45
1399,"vla observations",2,45
1400,"rapidly rotating",2,45
1401,"near ir",2,45
1402,"banach spaces",2,45
1403,"partial differential equation",3,45
1404,"hopf algebras",2,45
1405,"finite width",2,45
1406,"quantum corrections",2,45
1407,"homogeneous isotropic",2,45
1408,"quasi static",2,45
1409,"quantum analogue",2,45
1410,"quantum wells",2,45
1411,"percolation model",2,45
1412,"critical points",2,45
1413,"dispersion relations",2,45
1414,"fermi energy",2,45
1415,"hadron colliders",2,45
1416,"gauge group",2,45
1417,"nonlinear optical",2,44
1418,"continuous variable",2,44
1419,"four wave",2,44
1420,"large extent",2,44
1421,"transition probability",2,44
1422,"quantum hall effect",3,44
1423,"low complexity",2,44
1424,"infinite sequence",2,44
1425,"systematic errors",2,44
1426,"novel features",2,44
1427,"distance estimates",2,44
1428,"maximum degree",2,44
1429,"electron densities",2,44
1430,"imaging technique",2,44
1431,"band photometry",2,44
1432,"line profile",2,44
1433,"continuous spectrum",2,44
1434,"magic telescope",2,44
1435,"ray luminosity",2,44
1436,"neutral current",2,44
1437,"higher frequencies",2,44
1438,"cosmic microwave background",3,44
1439,"strongly dependent",2,44
1440,"multiple sources",2,44
1441,"intermediate states",2,44
1442,"periodic boundary conditions",3,44
1443,"design parameters",2,44
1444,"lower dimensional",2,44
1445,"quadratic form",2,44
1446,"configuration interaction",2,44
1447,"ray diffraction",2,44
1448,"fokker planck",2,44
1449,"topological charge",2,44
1450,"optical fiber",2,44
1451,"nu tau",2,44
1452,"gauge bosons",2,44
1453,"impact parameter",2,44
1454,"quark pairs",2,44
1455,"radiative decays",2,44
1456,"sum rule",2,44
1457,"wilson loop",2,44
1458,"hot plasma",2,44
1459,"dominant mechanism",2,43
1460,"fourier coefficients",2,43
1461,"fermionic systems",2,43
1462,"harmonic trap",2,43
1463,"exactly solvable model",3,43
1464,"exactly solvable",2,43
1465,"two complementary",2,43
1466,"schwarzschild black hole",3,43
1467,"coupled oscillators",2,43
1468,"unit circle",2,43
1469,"periodic orbits",2,43
1470,"random matrices",2,43
1471,"self energies",2,43
1472,"real world",2,43
1473,"poisson equation",2,43
1474,"gravitational instability",2,43
1475,"accretion disc",2,43
1476,"infrared luminosity",2,43
1477,"star clusters",2,43
1478,"spectral lines",2,43
1479,"aspect ratio",2,43
1480,"surface gravity",2,43
1481,"adiabatic approximation",2,43
1482,"companion star",2,43
1483,"least squares",2,43
1484,"resolution spectroscopy",2,43
1485,"lecture notes",2,43
1486,"advanced camera",2,43
1487,"direct observation",2,43
1488,"second generation",2,43
1489,"proton beam",2,43
1490,"neutrino masses",2,43
1491,"dark matter halos",3,43
1492,"curvature singularity",2,43
1493,"cohen macaulay",2,43
1494,"asymptotic formula",2,43
1495,"euclidean spaces",2,43
1496,"energy loss",2,43
1497,"back reaction",2,43
1498,"gravitational field theory",3,43
1499,"long range correlations",3,43
1500,"luttinger liquid",2,43
1501,"hartree fock",2,43
1502,"tight binding",2,43
1503,"magnetic field equations",3,43
1504,"cavity mode",2,43
1505,"fluctuation theorem",2,43
1506,"cern sps",2,43
1507,"transverse momenta",2,43
1508,"nucleon form factors",3,43
1509,"state eos",2,43
1510,"linear combinations",2,43
1511,"around gev",2,43
1512,"gauge boson",2,43
1513,"equations governing",2,43
1514,"gravitational wave",2,43
1515,"degree distributions",2,43
1516,"bundle over",2,43
1517,"deformation quantization",2,42
1518,"semiconductor quantum",2,42
1519,"behaves like",2,42
1520,"error correction",2,42
1521,"problems concerning",2,42
1522,"entire range",2,42
1523,"reduced density matrix",3,42
1524,"entanglement generation",2,42
1525,"high fidelity",2,42
1526,"local minimum",2,42
1527,"positive answer",2,42
1528,"explicit calculation",2,42
1529,"gaussian noise",2,42
1530,"asymptotic stability",2,42
1531,"scaling laws",2,42
1532,"monte carlo methods",3,42
1533,"hst images",2,42
1534,"low resolution",2,42
1535,"quantum cosmology",2,42
1536,"systematic search",2,42
1537,"brown dwarfs",2,42
1538,"mass distributions",2,42
1539,"core radius",2,42
1540,"intermediate age",2,42
1541,"dark matter candidate",3,42
1542,"hydrodynamic simulations",2,42
1543,"band imaging",2,42
1544,"elliptical galaxies",2,42
1545,"phenomenological models",2,42
1546,"beta gamma",2,42
1547,"low energy density",3,42
1548,"energy conservation",2,42
1549,"natural numbers",2,42
1550,"matrix element",2,42
1551,"angle theta",2,42
1552,"probability distribution function",3,42
1553,"value problems",2,42
1554,"spatial dimension",2,42
1555,"symmetry axis",2,42
1556,"binding energies",2,42
1557,"langevin equation",2,42
1558,"film thickness",2,42
1559,"saddle point",2,42
1560,"boson mass",2,42
1561,"cooper pairs",2,42
1562,"fourier analysis",2,42
1563,"pairing interaction",2,42
1564,"strange quark",2,42
1565,"entropy production",2,42
1566,"low lying",2,42
1567,"d0 detector",2,42
1568,"rare decays",2,42
1569,"coulomb blockade",2,42
1570,"stable against",2,41
1571,"existing techniques",2,41
1572,"analytical predictions",2,41
1573,"commutation relations",2,41
1574,"higher derivative",2,41
1575,"complete understanding",2,41
1576,"white noise",2,41
1577,"optimization problems",2,41
1578,"well posed",2,41
1579,"plane waves",2,41
1580,"column density",2,41
1581,"pierre auger observatory",3,41
1582,"model atmospheres",2,41
1583,"hst imaging",2,41
1584,"mechanism responsible",2,41
1585,"atmospheric parameters",2,41
1586,"synthetic spectra",2,41
1587,"selected samples",2,41
1588,"mixing induced",2,41
1589,"quasar spectra",2,41
1590,"single component",2,41
1591,"sensitive probe",2,41
1592,"volume fraction",2,41
1593,"core collapse",2,41
1594,"discovery potential",2,41
1595,"isolated galaxies",2,41
1596,"symplectic manifold",2,41
1597,"homotopy type",2,41
1598,"unit ball",2,41
1599,"continuous variables",2,41
1600,"minimal surfaces",2,41
1601,"operator algebras",2,41
1602,"riemannian geometry",2,41
1603,"exponential growth",2,41
1604,"neutrino oscillation",2,41
1605,"like feature",2,41
1606,"response functions",2,41
1607,"insulating state",2,41
1608,"superconducting transition",2,41
1609,"energy density functional theory",4,41
1610,"quantum hall",2,41
1611,"band gap",2,41
1612,"self organization",2,41
1613,"highly efficient",2,41
1614,"diffusion coefficient",2,41
1615,"loop quantum gravity",3,41
1616,"transverse momentum distributions",3,41
1617,"d0 bar",2,41
1618,"electroweak symmetry breaking",3,41
1619,"leading term",2,41
1620,"lattice spacing",2,41
1621,"mirror symmetry",2,41
1622,"product states",2,41
1623,"total intensity",2,40
1624,"polarized light",2,40
1625,"laser pulse",2,40
1626,"neutral atoms",2,40
1627,"mathematical description",2,40
1628,"result indicates",2,40
1629,"matter waves",2,40
1630,"thermal bath",2,40
1631,"loss rate",2,40
1632,"discrete symmetries",2,40
1633,"point correlation",2,40
1634,"relaxation rate",2,40
1635,"realistic case",2,40
1636,"harmonic analysis",2,40
1637,"liquid crystals",2,40
1638,"equivalence classes",2,40
1639,"asymptotically optimal",2,40
1640,"under development",2,40
1641,"oscillation frequencies",2,40
1642,"star cluster ngc",3,40
1643,"neutral hydrogen",2,40
1644,"magnitude below",2,40
1645,"asymmetric energy",2,40
1646,"non adiabatic",2,40
1647,"spitzer irac",2,40
1648,"simple analytic",2,40
1649,"hadronic interaction",2,40
1650,"phase transition region",3,40
1651,"color magnitude",2,40
1652,"fabry perot",2,40
1653,"excitation spectrum",2,40
1654,"structural parameters",2,40
1655,"three body systems",3,40
1656,"fundamental groups",2,40
1657,"asymptotic expansion",2,40
1658,"euler characteristic",2,40
1659,"planck scale",2,40
1660,"black hole entropy",3,40
1661,"decay constants",2,40
1662,"hole doping",2,40
1663,"correlation length",2,40
1664,"treated within",2,40
1665,"excited state",2,40
1666,"shear viscosity",2,40
1667,"thermal conductivity",2,40
1668,"closed loop",2,40
1669,"hard core",2,40
1670,"theoretical approaches",2,40
1671,"localized modes",2,40
1672,"initial mass",2,40
1673,"chiral symmetry breaking",3,40
1674,"fermion masses",2,40
1675,"nuclear medium",2,40
1676,"final result",2,40
1677,"rhic energies",2,40
1678,"integrable models",2,40
1679,"lattice formulation",2,40
1680,"extrasolar planets",2,40
1681,"fermilab tevatron",2,40
1682,"higgs bosons",2,40
1683,"transport measurements",2,40
1684,"ising spin",2,39
1685,"significant reduction",2,39
1686,"electromagnetic form",2,39
1687,"self adjoint operator",3,39
1688,"local moment",2,39
1689,"complex valued",2,39
1690,"uniformly distributed",2,39
1691,"local search",2,39
1692,"quantum error",2,39
1693,"direct proof",2,39
1694,"per unit",2,39
1695,"wavelet analysis",2,39
1696,"uncertainty principle",2,39
1697,"spin rotation",2,39
1698,"small scale structure",3,39
1699,"parameters describing",2,39
1700,"algebraic curve",2,39
1701,"number counts",2,39
1702,"earth like",2,39
1703,"anomalous magnetic field",3,39
1704,"age metallicity",2,39
1705,"metal abundance",2,39
1706,"particle creation",2,39
1707,"manifests itself",2,39
1708,"correction term",2,39
1709,"formation activity",2,39
1710,"normal mode",2,39
1711,"co evolution",2,39
1712,"phase boundary",2,39
1713,"angular distribution",2,39
1714,"ir emission",2,39
1715,"radio telescope",2,39
1716,"loss rates",2,39
1717,"wide band",2,39
1718,"lorentz invariance",2,39
1719,"intermediate values",2,39
1720,"weyl algebra",2,39
1721,"transfer matrix",2,39
1722,"natural question",2,39
1723,"randall sundrum model",3,39
1724,"induced gravity",2,39
1725,"deformation parameter",2,39
1726,"approximate solution",2,39
1727,"magnetic susceptibility",2,39
1728,"pump probe",2,39
1729,"higher energies",2,39
1730,"dimensional electron",2,39
1731,"superfluid density",2,39
1732,"chain length",2,39
1733,"schroedinger equation",2,39
1734,"electronic devices",2,39
1735,"sound speed",2,39
1736,"elliptic flow",2,39
1737,"hidden sector",2,39
1738,"pion production",2,39
1739,"scalar field theories",3,39
1740,"conformal field theories",3,39
1741,"semi simple",2,39
1742,"holographic dual",2,39
1743,"conformal symmetry",2,39
1744,"analytic expressions",2,39
1745,"evolution operator",2,39
1746,"root system",2,39
1747,"number violation",2,38
1748,"visible light",2,38
1749,"expansion rate",2,38
1750,"classical communication",2,38
1751,"four momentum",2,38
1752,"direct consequence",2,38
1753,"rational maps",2,38
1754,"oscillation parameters",2,38
1755,"heat equation",2,38
1756,"ads space",2,38
1757,"nonparametric estimation",2,38
1758,"coherent structures",2,38
1759,"exact expressions",2,38
1760,"ray binary",2,38
1761,"interstellar medium ism",3,38
1762,"high resolution spectroscopy",3,38
1763,"active galactic nuclei",3,38
1764,"spectral features",2,38
1765,"put constraints",2,38
1766,"strong enough",2,38
1767,"cross correlations",2,38
1768,"thermal emission",2,38
1769,"schwarzschild spacetime",2,38
1770,"dense matter",2,38
1771,"basic features",2,38
1772,"brane cosmology",2,38
1773,"atomic medium",2,38
1774,"spatially extended",2,38
1775,"path length",2,38
1776,"density profiles",2,38
1777,"zeta functions",2,38
1778,"type inequalities",2,38
1779,"finite index",2,38
1780,"elementary proof",2,38
1781,"quasi linear",2,38
1782,"riemann surface",2,38
1783,"variational problems",2,38
1784,"incompressible fluid",2,38
1785,"off diagonal",2,38
1786,"weak convergence",2,38
1787,"markov process",2,38
1788,"large deviation",2,38
1789,"zeta function",2,38
1790,"cosmic microwave background cmb",4,38
1791,"dimensional reduction",2,38
1792,"write down",2,38
1793,"phonon coupling",2,38
1794,"landau levels",2,38
1795,"frequency domain",2,38
1796,"quantum monte carlo simulations",4,38
1797,"phi pi",2,38
1798,"binding energy",2,38
1799,"integrated over",2,38
1800,"electron proton",2,38
1801,"pseudoscalar mesons",2,38
1802,"chiral lagrangian",2,38
1803,"supersymmetric standard model",3,38
1804,"spectral functions",2,38
1805,"rotation axis",2,38
1806,"equivalence principle",2,38
1807,"absorption features",2,38
1808,"phase diagrams",2,38
1809,"carbon atoms",2,37
1810,"random coding",2,37
1811,"effect transistors",2,37
1812,"weakly bound",2,37
1813,"index theorem",2,37
1814,"relative entropy",2,37
1815,"landau gauge",2,37
1816,"qualitative features",2,37
1817,"dirac point",2,37
1818,"system admits",2,37
1819,"behave like",2,37
1820,"uncertainty relation",2,37
1821,"min max",2,37
1822,"shannon entropy",2,37
1823,"multiple input",2,37
1824,"information content",2,37
1825,"supernova sn",2,37
1826,"matrix formalism",2,37
1827,"solar metallicity",2,37
1828,"dense core",2,37
1829,"space telescope",2,37
1830,"now available",2,37
1831,"large hadron",2,37
1832,"fundamental plane",2,37
1833,"running coupling",2,37
1834,"left over",2,37
1835,"linear growth",2,37
1836,"spin flip",2,37
1837,"three flavor",2,37
1838,"high pressure",2,37
1839,"growth rates",2,37
1840,"modern physics",2,37
1841,"class ii",2,37
1842,"galois extension",2,37
1843,"delta phi",2,37
1844,"explicit computation",2,37
1845,"markov chains",2,37
1846,"maximal ideal",2,37
1847,"random variable",2,37
1848,"von neumann algebra",3,37
1849,"maximum principle",2,37
1850,"direct product",2,37
1851,"curved space",2,37
1852,"algebraic curves",2,37
1853,"alpha stable",2,37
1854,"minimal coupling",2,37
1855,"orbital plane",2,37
1856,"exchange correlation",2,37
1857,"density fluctuations",2,37
1858,"transport coefficients",2,37
1859,"optical response",2,37
1860,"nuclear spin",2,37
1861,"agrees well",2,37
1862,"born approximation",2,37
1863,"partition functions",2,37
1864,"gluon plasma",2,37
1865,"physical applications",2,37
1866,"conformal invariance",2,37
1867,"su yang mills",3,37
1868,"unified framework",2,37
1869,"branching fraction",2,37
1870,"electric charges",2,37
1871,"electron positron",2,37
1872,"ionization state",2,37
1873,"electric fields",2,37
1874,"periodic oscillations",2,36
1875,"trapping potential",2,36
1876,"first excited",2,36
1877,"quantum key distribution",3,36
1878,"group theoretic",2,36
1879,"propagating through",2,36
1880,"intersection numbers",2,36
1881,"regular graph",2,36
1882,"infinite volume",2,36
1883,"open cluster",2,36
1884,"current research",2,36
1885,"achievable rate",2,36
1886,"alternative proof",2,36
1887,"many authors",2,36
1888,"approximation algorithms",2,36
1889,"type ia supernovae sne",4,36
1890,"oxygen rich",2,36
1891,"velocity distribution",2,36
1892,"galactic bulge",2,36
1893,"star hd",2,36
1894,"stellar systems",2,36
1895,"magnetized plasma",2,36
1896,"electron gas",2,36
1897,"differential rotation",2,36
1898,"type iii",2,36
1899,"global symmetries",2,36
1900,"magnetic field lines",3,36
1901,"remarkable properties",2,36
1902,"dynamical instability",2,36
1903,"dense gas",2,36
1904,"run ii",2,36
1905,"strongly nonlinear",2,36
1906,"two stage",2,36
1907,"central limit",2,36
1908,"radiation pressure",2,36
1909,"fock space",2,36
1910,"nilpotent groups",2,36
1911,"random environment",2,36
1912,"semi infinite",2,36
1913,"vanishing theorem",2,36
1914,"einstein metrics",2,36
1915,"branching processes",2,36
1916,"lower limits",2,36
1917,"reaction rate",2,36
1918,"non stationary",2,36
1919,"klein gordon",2,36
1920,"measurement errors",2,36
1921,"dynamically generated",2,36
1922,"bilayer graphene",2,36
1923,"magnetic resonance",2,36
1924,"dielectric constant",2,36
1925,"exchange coupling",2,36
1926,"nonlinear response",2,36
1927,"accurate determination",2,36
1928,"near side",2,36
1929,"kinetic energies",2,36
1930,"energies below",2,36
1931,"loop quantum",2,36
1932,"dyson schwinger equations",3,36
1933,"right handed neutrinos",3,36
1934,"electroweak scale",2,36
1935,"brane configurations",2,36
1936,"quantitative description",2,36
1937,"spontaneous symmetry",2,36
1938,"holographic qcd",2,36
1939,"minimal supersymmetric",2,36
1940,"bosonic string",2,36
1941,"open string",2,36
1942,"linearly independent",2,36
1943,"difference equations",2,36
1944,"laser fields",2,36
1945,"bottom up",2,36
1946,"energy landscape",2,36
1947,"material parameters",2,36
1948,"quasi particles",2,36
1949,"negative curvature",2,36
1950,"scattered light",2,35
1951,"weak mixing",2,35
1952,"arrival time",2,35
1953,"particle trajectories",2,35
1954,"gross pitaevskii equation",3,35
1955,"two dimensional ising model",4,35
1956,"strongly modified",2,35
1957,"adiabatic evolution",2,35
1958,"cavity modes",2,35
1959,"highly sensitive",2,35
1960,"evolutionary dynamics",2,35
1961,"chemical potentials",2,35
1962,"spatio temporal",2,35
1963,"threshold region",2,35
1964,"approaches zero",2,35
1965,"world models",2,35
1966,"wolf rayet",2,35
1967,"redshift distribution",2,35
1968,"ray binaries",2,35
1969,"angular size",2,35
1970,"neutral gas",2,35
1971,"xmm newton observation",3,35
1972,"open cluster ngc",3,35
1973,"scale invariance",2,35
1974,"black hole masses",3,35
1975,"phase resolved",2,35
1976,"proper time",2,35
1977,"spitzer mips",2,35
1978,"temperature profiles",2,35
1979,"common origin",2,35
1980,"rotation curve",2,35
1981,"accurate measurement",2,35
1982,"hubble space telescope hst",4,35
1983,"virgo cluster",2,35
1984,"position dependent",2,35
1985,"light elements",2,35
1986,"tev energies",2,35
1987,"ordinary differential equation",3,35
1988,"confining potential",2,35
1989,"translation invariant",2,35
1990,"dynamical mean field theory",4,35
1991,"duality theorem",2,35
1992,"half plane",2,35
1993,"hard spheres",2,35
1994,"non singular",2,35
1995,"unknown parameters",2,35
1996,"quadratic term",2,35
1997,"random graph",2,35
1998,"analytic continuation",2,35
1999,"probability measures",2,35
2000,"strongly enhanced",2,35
2001,"spin liquid",2,35
2002,"doping dependence",2,35
2003,"peak structure",2,35
2004,"thermal fluctuations",2,35
2005,"two dimensional electron systems",4,35
2006,"critical line",2,35
2007,"angular scales",2,35
2008,"consistent picture",2,35
2009,"color flavor",2,35
2010,"tensor products",2,35
2011,"semileptonic decays",2,35
2012,"parton distributions",2,35
2013,"unitarity triangle",2,35
2014,"angular dependence",2,35
2015,"stock market",2,35
2016,"single layer",2,35
2017,"computational cost",2,35
2018,"tangent bundle",2,35
2019,"invariant mass",2,35
2020,"liouville theory",2,34
2021,"single photons",2,34
2022,"matter wave",2,34
2023,"rabi oscillations",2,34
2024,"water ice",2,34
2025,"unitary operator",2,34
2026,"precise description",2,34
2027,"resonant frequencies",2,34
2028,"noise induced",2,34
2029,"chemical reactions",2,34
2030,"complex projective",2,34
2031,"self adjoint",2,34
2032,"navier stokes",2,34
2033,"momentum conservation",2,34
2034,"elliptic operators",2,34
2035,"game theory",2,34
2036,"many areas",2,34
2037,"significant part",2,34
2038,"hyperbolic plane",2,34
2039,"reynolds numbers",2,34
2040,"galaxy interactions",2,34
2041,"square degree",2,34
2042,"cool stars",2,34
2043,"pulsar psr",2,34
2044,"alpha leq",2,34
2045,"individual stars",2,34
2046,"pressure induced",2,34
2047,"optically thin",2,34
2048,"system sizes",2,34
2049,"charge distribution",2,34
2050,"star forming galaxies",3,34
2051,"air showers",2,34
2052,"multi band",2,34
2053,"detection rate",2,34
2054,"physical origin",2,34
2055,"saddle points",2,34
2056,"quiet sun",2,34
2057,"formation history",2,34
2058,"statistically significant",2,34
2059,"spectral shape",2,34
2060,"brane world",2,34
2061,"number densities",2,34
2062,"primary star",2,34
2063,"laplace operator",2,34
2064,"closed field",2,34
2065,"almost surely",2,34
2066,"gaussian processes",2,34
2067,"analytic formula",2,34
2068,"regularity conditions",2,34
2069,"homology class",2,34
2070,"simple criterion",2,34
2071,"decomposition theorem",2,34
2072,"de sitter spacetimes",3,34
2073,"like events",2,34
2074,"direct sum",2,34
2075,"normal modes",2,34
2076,"dynamical variables",2,34
2077,"first eigenvalue",2,34
2078,"massless scalar field",3,34
2079,"current flow",2,34
2080,"spin orbit coupling",3,34
2081,"bose einstein condensation",3,34
2082,"self organized",2,34
2083,"filling factor",2,34
2084,"monte carlo calculations",3,34
2085,"superfluid phases",2,34
2086,"intermediate regime",2,34
2087,"mixing matrix",2,34
2088,"heavy fermion",2,34
2089,"quantum monte carlo",3,34
2090,"kondo effect",2,34
2091,"heavy ion",2,34
2092,"force free",2,34
2093,"transition amplitudes",2,34
2094,"first excited states",3,34
2095,"spin triplet",2,34
2096,"charged current",2,34
2097,"chiral condensate",2,34
2098,"heavy elements",2,34
2099,"qcd sum rules",3,34
2100,"two dimensional reduction",3,34
2101,"feynman diagrams",2,34
2102,"laser beam",2,34
2103,"bar lambda",2,34
2104,"open question",2,34
2105,"excitation energies",2,34
2106,"mean free path",3,33
2107,"multipartite quantum",2,33
2108,"simple explanation",2,33
2109,"tunnel junction",2,33
2110,"null point",2,33
2111,"inelastic collisions",2,33
2112,"pt symmetric",2,33
2113,"random vector",2,33
2114,"hydrogen like",2,33
2115,"single ion",2,33
2116,"contact interaction",2,33
2117,"scattering lengths",2,33
2118,"domain formation",2,33
2119,"clustering algorithm",2,33
2120,"linear codes",2,33
2121,"expected performance",2,33
2122,"he ii",2,33
2123,"local realistic",2,33
2124,"minimum value",2,33
2125,"late time evolution",3,33
2126,"column densities",2,33
2127,"flux variations",2,33
2128,"circular velocity",2,33
2129,"protoplanetary disk",2,33
2130,"stellar wind",2,33
2131,"electrostatic potential",2,33
2132,"short hard",2,33
2133,"galaxies abridged",2,33
2134,"galaxy mergers",2,33
2135,"star formation history",3,33
2136,"period luminosity",2,33
2137,"scaling relations",2,33
2138,"real space time",3,33
2139,"tev range",2,33
2140,"optically thick",2,33
2141,"self gravitating",2,33
2142,"ahler manifolds",2,33
2143,"cohomology classes",2,33
2144,"diffusion constant",2,33
2145,"m1 m2",2,33
2146,"compact riemannian manifold",3,33
2147,"running time",2,33
2148,"a1 a2",2,33
2149,"mapped onto",2,33
2150,"random graphs",2,33
2151,"variational methods",2,33
2152,"simple lie",2,33
2153,"critical exponent",2,33
2154,"canonical ensemble",2,33
2155,"two body systems",3,33
2156,"spherical particles",2,33
2157,"high tc",2,33
2158,"coherence time",2,33
2159,"ballistic transport",2,33
2160,"electron doped",2,33
2161,"landau level",2,33
2162,"high temperature dependence",3,33
2163,"simple geometrical",2,33
2164,"below tc",2,33
2165,"domain walls",2,33
2166,"free electron",2,33
2167,"finite sample",2,33
2168,"snn gev",2,33
2169,"charged hadrons",2,33
2170,"axially symmetric",2,33
2171,"relativistic corrections",2,33
2172,"super yang mills theory",4,33
2173,"wilson quarks",2,33
2174,"cdf ii detector",3,33
2175,"spectropolarimetric observations",2,33
2176,"abundance analysis",2,33
2177,"decay b0",2,33
2178,"parity violating",2,33
2179,"tev gamma",2,33
2180,"flat spectrum",2,33
2181,"algebraic varieties",2,33
2182,"graphene sheet",2,32
2183,"physics program",2,32
2184,"earlier measurements",2,32
2185,"nearest neighbor interaction",3,32
2186,"well adapted",2,32
2187,"off center",2,32
2188,"wide angle",2,32
2189,"time steps",2,32
2190,"dipole interaction",2,32
2191,"non hermitian",2,32
2192,"diatomic molecules",2,32
2193,"relative phases",2,32
2194,"oscillatory behavior",2,32
2195,"self assembly",2,32
2196,"temporal evolution",2,32
2197,"schr odinger operators",3,32
2198,"real axis",2,32
2199,"semi linear",2,32
2200,"slowly varying",2,32
2201,"electromagnetic radiation",2,32
2202,"fundamental limits",2,32
2203,"data base",2,32
2204,"exact sequence",2,32
2205,"astronomical objects",2,32
2206,"individual sources",2,32
2207,"sigma significance",2,32
2208,"red shift",2,32
2209,"orbital evolution",2,32
2210,"sdss data",2,32
2211,"astrophysical objects",2,32
2212,"radio emission",2,32
2213,"neural networks",2,32
2214,"within mpc",2,32
2215,"photons emitted",2,32
2216,"archive data",2,32
2217,"careful analysis",2,32
2218,"key parameters",2,32
2219,"photometric redshift",2,32
2220,"oxygen abundances",2,32
2221,"dark energy density",3,32
2222,"thermal component",2,32
2223,"complex scalar",2,32
2224,"short time evolution",3,32
2225,"rotational symmetry",2,32
2226,"line ratios",2,32
2227,"spatial variation",2,32
2228,"power law index",3,32
2229,"building blocks",2,32
2230,"weight function",2,32
2231,"straight line",2,32
2232,"convex sets",2,32
2233,"heat flow",2,32
2234,"conformally flat",2,32
2235,"double quantum",2,32
2236,"ergodic theorem",2,32
2237,"periodic orbit",2,32
2238,"well approximated",2,32
2239,"poisson structure",2,32
2240,"simplicial complexes",2,32
2241,"torus action",2,32
2242,"boltzmann equation",2,32
2243,"monomial ideals",2,32
2244,"error estimates",2,32
2245,"rotating black hole",3,32
2246,"gravitational force",2,32
2247,"stationary states",2,32
2248,"polymer chain",2,32
2249,"phonon modes",2,32
2250,"anomalous behavior",2,32
2251,"spin boson",2,32
2252,"thermal noise",2,32
2253,"common features",2,32
2254,"pure su",2,32
2255,"cp asymmetry",2,32
2256,"quark chemical potential",3,32
2257,"meson masses",2,32
2258,"wilson loops",2,32
2259,"world sheet",2,32
2260,"computer science",2,32
2261,"einstein manifold",2,32
2262,"strong coupling constant",3,32
2263,"neutrino oscillations",2,32
2264,"shear flows",2,32
2265,"long wavelength",2,32
2266,"string tension",2,32
2267,"invariant measure",2,32
2268,"level atom",2,32
2269,"asymptotic expansions",2,32
2270,"operator acting",2,32
2271,"stable maps",2,32
2272,"arxiv math",2,32
2273,"semi stable",2,32
2274,"doppler effect",2,31
2275,"linear optics",2,31
2276,"interference pattern",2,31
2277,"feedback control",2,31
2278,"transfer rates",2,31
2279,"input states",2,31
2280,"bcs bec crossover",3,31
2281,"markovian dynamics",2,31
2282,"algebraic formulation",2,31
2283,"comparative analysis",2,31
2284,"quantitative measure",2,31
2285,"pair potentials",2,31
2286,"limiting behavior",2,31
2287,"significant performance",2,31
2288,"fully connected",2,31
2289,"fading channel",2,31
2290,"tree like",2,31
2291,"qualitative properties",2,31
2292,"sensor network",2,31
2293,"quality factor",2,31
2294,"alpha fe",2,31
2295,"mass estimates",2,31
2296,"solar activity",2,31
2297,"pulse shape",2,31
2298,"limited sample",2,31
2299,"galactic winds",2,31
2300,"luminosity functions",2,31
2301,"nearest neighbors",2,31
2302,"galactic centre",2,31
2303,"triple system",2,31
2304,"dust extinction",2,31
2305,"wmap data",2,31
2306,"classification scheme",2,31
2307,"hst acs",2,31
2308,"disk like",2,31
2309,"two branches",2,31
2310,"large radii",2,31
2311,"interferometric observations",2,31
2312,"metal rich",2,31
2313,"newtonian gravity",2,31
2314,"obtain precise",2,31
2315,"riemannian manifolds",2,31
2316,"higher derivatives",2,31
2317,"linear programming",2,31
2318,"hochschild cohomology",2,31
2319,"invariance principle",2,31
2320,"decreasing function",2,31
2321,"complete intersection",2,31
2322,"quadratic forms",2,31
2323,"banach space",2,31
2324,"l2 norm",2,31
2325,"toric varieties",2,31
2326,"modular forms",2,31
2327,"crossing number",2,31
2328,"differential forms",2,31
2329,"topological entropy",2,31
2330,"explicit calculations",2,31
2331,"algebraic structures",2,31
2332,"mean motion",2,31
2333,"heat bath",2,31
2334,"schwarzschild metric",2,31
2335,"bianchi type",2,31
2336,"binary black hole",3,31
2337,"colloidal particles",2,31
2338,"logarithmic corrections",2,31
2339,"beam energies",2,31
2340,"nonlinear media",2,31
2341,"unit cell",2,31
2342,"bose hubbard model",3,31
2343,"nuclear polarization",2,31
2344,"infinite series",2,31
2345,"key distribution",2,31
2346,"resonant tunneling",2,31
2347,"easy axis",2,31
2348,"thermally activated",2,31
2349,"qualitatively similar",2,31
2350,"insulator transition metal",3,31
2351,"transverse direction",2,31
2352,"dense medium",2,31
2353,"incident energy",2,31
2354,"kinematic range",2,31
2355,"fermion systems",2,31
2356,"leading order nlo",3,31
2357,"qcd vacuum",2,31
2358,"unified theories",2,31
2359,"electroweak interactions",2,31
2360,"space time dependent",3,31
2361,"hamilton jacobi",2,31
2362,"boundary value",2,31
2363,"social networks",2,31
2364,"master equations",2,31
2365,"hii region",2,31
2366,"non resonant",2,31
2367,"zero mode",2,31
2368,"direct connection",2,31
2369,"smooth projective",2,31
2370,"two flavors",2,31
2371,"electromagnetically induced transparency",3,30
2372,"hamiltonian describing",2,30
2373,"graph states",2,30
2374,"current technology",2,30
2375,"orbit around",2,30
2376,"interacting bosons",2,30
2377,"generation rate",2,30
2378,"finite automata",2,30
2379,"conserved quantities",2,30
2380,"cavity qed",2,30
2381,"energy gain",2,30
2382,"initial configuration",2,30
2383,"after reviewing",2,30
2384,"dissipation rate",2,30
2385,"boundary value problem",3,30
2386,"power counting",2,30
2387,"operators acting",2,30
2388,"non integrable",2,30
2389,"principal bundle",2,30
2390,"exponentially large",2,30
2391,"optimal solutions",2,30
2392,"associative algebras",2,30
2393,"design flow",2,30
2394,"unit disk",2,30
2395,"valued functions",2,30
2396,"finite depth",2,30
2397,"slow growth",2,30
2398,"theoretical status",2,30
2399,"numerical computation",2,30
2400,"rare events",2,30
2401,"metal line",2,30
2402,"hubble expansion",2,30
2403,"negative pressure",2,30
2404,"non linear response",3,30
2405,"scattering off",2,30
2406,"publicly available",2,30
2407,"particle moving",2,30
2408,"ca ii",2,30
2409,"accretion flow",2,30
2410,"red galaxies",2,30
2411,"thermal pressure",2,30
2412,"low mass function",3,30
2413,"persistent current",2,30
2414,"radial profile",2,30
2415,"production mechanisms",2,30
2416,"astronomical observations",2,30
2417,"surrounding medium",2,30
2418,"sigma level",2,30
2419,"equal masses",2,30
2420,"central black hole",3,30
2421,"mode frequencies",2,30
2422,"ring like",2,30
2423,"pre main sequence",3,30
2424,"star forming regions",3,30
2425,"inner radius",2,30
2426,"short wavelength",2,30
2427,"integral formula",2,30
2428,"well know",2,30
2429,"dimensional 1d",2,30
2430,"natural transformations",2,30
2431,"integrability conditions",2,30
2432,"heat kernel",2,30
2433,"hilbert spaces",2,30
2434,"hermitian matrices",2,30
2435,"finite amplitude",2,30
2436,"non markovian",2,30
2437,"symmetry groups",2,30
2438,"group acting",2,30
2439,"geometric objects",2,30
2440,"piecewise linear",2,30
2441,"topological invariants",2,30
2442,"hydrodynamic equations",2,30
2443,"reconstruction methods",2,30
2444,"almost complete",2,30
2445,"x1 x2",2,30
2446,"de sitter spacetime",3,30
2447,"lepton asymmetry",2,30
2448,"second quantization",2,30
2449,"equilibrium thermodynamics",2,30
2450,"extended hubbard model",3,30
2451,"lett textbf",2,30
2452,"ordered phases",2,30
2453,"singlet ground state",3,30
2454,"momentum distribution",2,30
2455,"quark gluon plasma",3,30
2456,"two dimensional electron gas",4,30
2457,"optical devices",2,30
2458,"frequency shift",2,30
2459,"entropy change",2,30
2460,"two subsystems",2,30
2461,"baryon number",2,30
2462,"centrality dependence",2,30
2463,"anomalous dimension",2,30
2464,"gluon propagator",2,30
2465,"bs mixing",2,30
2466,"helicity amplitudes",2,30
2467,"light quark masses",3,30
2468,"electron beam",2,30
2469,"supergravity theories",2,30
2470,"lorentz transformation",2,30
2471,"controlled via",2,30
2472,"canonical quantization",2,30
2473,"non abelian gauge theory",4,30
2474,"kekb asymmetric energy",3,30
2475,"cp asymmetries",2,30
2476,"financial markets",2,30
2477,"remarkably well",2,30
2478,"van der waals",3,30
2479,"hydrogen atom",2,30
2480,"small diameter",2,30
2481,"geodesic motion",2,30
2482,"collider lhc",2,30
2483,"exponentially small",2,30
2484,"standard deviations",2,30
2485,"four fermion",2,30
2486,"compact lie group",3,30
2487,"too small",2,30
2488,"schroedinger operators",2,30
2489,"chemical reaction",2,30
2490,"zero bias",2,30
2491,"self interacting",2,30
2492,"riemann hypothesis",2,30
2493,"unparticle physics",2,30
2494,"quant ph",2,29
2495,"wigner functions",2,29
2496,"stationary phase",2,29
2497,"photon absorption",2,29
2498,"electromagnetic field theory",3,29
2499,"detector array",2,29
2500,"spin-1 particles",2,29
2501,"characteristic feature",2,29
2502,"annihilation operators",2,29
2503,"projection operator",2,29
2504,"gene expression",2,29
2505,"community structure",2,29
2506,"large number density",3,29
2507,"basic principles",2,29
2508,"unitary representations",2,29
2509,"navier stokes equations",3,29
2510,"ordinary differential equations",3,29
2511,"kagome lattice",2,29
2512,"operator product",2,29
2513,"classification problems",2,29
2514,"wide area",2,29
2515,"social network",2,29
2516,"contrast imaging",2,29
2517,"chandra acis",2,29
2518,"spin period",2,29
2519,"distance scales",2,29
2520,"non parametric",2,29
2521,"millisecond pulsars",2,29
2522,"unusual features",2,29
2523,"uv optical",2,29
2524,"population synthesis",2,29
2525,"ks band",2,29
2526,"realistic values",2,29
2527,"intrinsic curvature",2,29
2528,"accurate estimate",2,29
2529,"ccd photometry",2,29
2530,"circular polarization",2,29
2531,"young massive stars",3,29
2532,"high redshifts",2,29
2533,"narrow range",2,29
2534,"curvature term",2,29
2535,"topology change",2,29
2536,"active galaxies",2,29
2537,"cooling flow",2,29
2538,"small radii",2,29
2539,"formation rates",2,29
2540,"infrared spectroscopy",2,29
2541,"maximum likelihood estimator",3,29
2542,"full characterization",2,29
2543,"radial direction",2,29
2544,"rotation velocities",2,29
2545,"cosmic microwave background radiation",4,29
2546,"light nuclei",2,29
2547,"natural explanation",2,29
2548,"calculations suggest",2,29
2549,"half integer",2,29
2550,"poisson brackets",2,29
2551,"source term",2,29
2552,"uniform convergence",2,29
2553,"abelian groups",2,29
2554,"flow speed",2,29
2555,"small world",2,29
2556,"euler numbers",2,29
2557,"p1 p2",2,29
2558,"universal property",2,29
2559,"invariant measures",2,29
2560,"second half",2,29
2561,"affirmative answer",2,29
2562,"dirichlet boundary conditions",3,29
2563,"semi analytical",2,29
2564,"partial differential equations",3,29
2565,"spin manifold",2,29
2566,"free path",2,29
2567,"analytic expression",2,29
2568,"cosmic string",2,29
2569,"dilaton gravity",2,29
2570,"initial configurations",2,29
2571,"gauss bonnet",2,29
2572,"pure gravity",2,29
2573,"friction force",2,29
2574,"brillouin zone",2,29
2575,"electron transport through",3,29
2576,"multiple integrals",2,29
2577,"dynamical regimes",2,29
2578,"zeeman splitting",2,29
2579,"bulk materials",2,29
2580,"size scaling",2,29
2581,"strongly suppressed",2,29
2582,"anomalous diffusion",2,29
2583,"hamiltonian formulation",2,29
2584,"density matrices",2,29
2585,"superconducting qubits",2,29
2586,"magnetic impurities",2,29
2587,"detailed investigation",2,29
2588,"point correlation functions",3,29
2589,"nucleus collisions",2,29
2590,"missing energy",2,29
2591,"detailed understanding",2,29
2592,"pp collisions",2,29
2593,"semi inclusive",2,29
2594,"two flavour",2,29
2595,"baryon asymmetry",2,29
2596,"doublet model",2,29
2597,"pion mass",2,29
2598,"qcd corrections",2,29
2599,"upsilon 4s resonance",3,29
2600,"ensemble average",2,29
2601,"photonic crystal",2,29
2602,"trapped ions",2,29
2603,"vacuum polarization",2,29
2604,"semiclassical approximation",2,29
2605,"ordered state",2,29
2606,"dynamic programming",2,29
2607,"supersymmetric extension",2,29
2608,"supernova remnants",2,29
2609,"difference equation",2,29
2610,"electronic structures",2,29
2611,"scanning tunneling spectroscopy",3,29
2612,"geometrical interpretation",2,28
2613,"magnetic permeability",2,28
2614,"dissipative environment",2,28
2615,"schroedinger operator",2,28
2616,"unitary transformations",2,28
2617,"error rates",2,28
2618,"temporal resolution",2,28
2619,"quantum channels",2,28
2620,"generating functional",2,28
2621,"geometrical structures",2,28
2622,"alternative formulation",2,28
2623,"main ideas",2,28
2624,"two player",2,28
2625,"protein structures",2,28
2626,"reaction diffusion",2,28
2627,"electrostatic interactions",2,28
2628,"random phase transition",3,28
2629,"metric graphs",2,28
2630,"skyrme model",2,28
2631,"power allocation",2,28
2632,"nash equilibrium",2,28
2633,"power control",2,28
2634,"side information",2,28
2635,"mapping technique",2,28
2636,"software development",2,28
2637,"markov models",2,28
2638,"preferential attachment",2,28
2639,"lorentz force",2,28
2640,"helical magnetic field",3,28
2641,"scaling law",2,28
2642,"convection zone",2,28
2643,"near optimal",2,28
2644,"primordial gas",2,28
2645,"new discoveries",2,28
2646,"higher redshifts",2,28
2647,"velocity dependent",2,28
2648,"rotation curves",2,28
2649,"free electrons",2,28
2650,"highly relativistic",2,28
2651,"pressure dependence",2,28
2652,"density perturbations",2,28
2653,"spectroscopically confirmed",2,28
2654,"now being",2,28
2655,"solar corona",2,28
2656,"solar flare",2,28
2657,"gravitational lensing",2,28
2658,"multi object",2,28
2659,"supermassive black holes",3,28
2660,"riemann hilbert",2,28
2661,"uniqueness theorem",2,28
2662,"kerr effect",2,28
2663,"atmosphere models",2,28
2664,"radiative cooling",2,28
2665,"systematic uncertainty",2,28
2666,"accretion flows",2,28
2667,"bayesian inference",2,28
2668,"strongly related",2,28
2669,"canonical forms",2,28
2670,"uniformly bounded",2,28
2671,"unit sphere",2,28
2672,"convergence rates",2,28
2673,"joint space",2,28
2674,"absolutely continuous",2,28
2675,"thermodynamical properties",2,28
2676,"normal distribution",2,28
2677,"basic ideas",2,28
2678,"question raised",2,28
2679,"internal space",2,28
2680,"triangulated category",2,28
2681,"ordered set",2,28
2682,"stable rank",2,28
2683,"generating functions",2,28
2684,"wave signals",2,28
2685,"angular velocity",2,28
2686,"curved spacetime",2,28
2687,"dipole interactions",2,28
2688,"collective mode",2,28
2689,"off resonant",2,28
2690,"pairing symmetry",2,28
2691,"magnetization direction",2,28
2692,"charge ordering",2,28
2693,"shear viscosity eta",3,28
2694,"importance sampling",2,28
2695,"epitaxial thin films",3,28
2696,"well ordered",2,28
2697,"numerical integration",2,28
2698,"strong suppression",2,28
2699,"charge fluctuations",2,28
2700,"water molecules",2,28
2701,"energy bands",2,28
2702,"higher orders",2,28
2703,"observables like",2,28
2704,"metallic behavior",2,28
2705,"hartree fock approximation",3,28
2706,"intermediate energies",2,28
2707,"hadron collider",2,28
2708,"break up",2,28
2709,"decay widths",2,28
2710,"baryon resonances",2,28
2711,"arxiv hep",2,28
2712,"left right symmetric",3,28
2713,"polyakov loop",2,28
2714,"cern lhc",2,28
2715,"standard model mssm",3,28
2716,"deep inelastic scattering",3,28
2717,"pseudo scalar",2,28
2718,"gauged supergravity",2,28
2719,"oscillation frequency",2,28
2720,"flat spacetime",2,28
2721,"non locality",2,28
2722,"light quarks",2,28
2723,"quantum algorithms",2,28
2724,"performance evaluation",2,28
2725,"illustrated through",2,28
2726,"production cross sections",3,28
2727,"decay constant",2,28
2728,"layer thickness",2,28
2729,"spin orbit interaction",3,28
2730,"inner product",2,28
2731,"proton decay",2,28
2732,"reduction theorem",2,27
2733,"entangled photons",2,27
2734,"three qubits",2,27
2735,"quantum walks",2,27
2736,"coherent transport",2,27
2737,"additive group",2,27
2738,"arbitrary initial",2,27
2739,"unitary transformation",2,27
2740,"two photon pairs",3,27
2741,"processes involved",2,27
2742,"corresponding eigenfunctions",2,27
2743,"suppression factor",2,27
2744,"uncertainty relations",2,27
2745,"localized spins",2,27
2746,"eternal inflation",2,27
2747,"small scale free",3,27
2748,"c1 c2",2,27
2749,"highly nonlinear",2,27
2750,"stable distributions",2,27
2751,"remarkably similar",2,27
2752,"short term",2,27
2753,"asymmetry parameter",2,27
2754,"approximation schemes",2,27
2755,"gas flows",2,27
2756,"cloud cores",2,27
2757,"circular motion",2,27
2758,"outer disk",2,27
2759,"co emission",2,27
2760,"agn jets",2,27
2761,"central engine",2,27
2762,"core collapse supernovae",3,27
2763,"efficient mechanism",2,27
2764,"bayesian framework",2,27
2765,"erg cm",2,27
2766,"subaru telescope",2,27
2767,"optical variability",2,27
2768,"satellite galaxies",2,27
2769,"detailed modeling",2,27
2770,"negligible effect",2,27
2771,"sdss data release",3,27
2772,"gas rich",2,27
2773,"spectroscopic redshifts",2,27
2774,"protoplanetary disks",2,27
2775,"stellar mass range",3,27
2776,"low mass accretion disk",4,27
2777,"cosmic expansion",2,27
2778,"continuum emission line",3,27
2779,"hydrodynamical model",2,27
2780,"self gravity",2,27
2781,"power laws",2,27
2782,"current observational",2,27
2783,"proper motions",2,27
2784,"big bang nucleosynthesis",3,27
2785,"kinematic properties",2,27
2786,"dust properties",2,27
2787,"relic density",2,27
2788,"cosmological simulations",2,27
2789,"infrared wavelengths",2,27
2790,"spiral galaxy",2,27
2791,"computationally efficient",2,27
2792,"integer coefficients",2,27
2793,"locally convex",2,27
2794,"spatially homogeneous",2,27
2795,"continued fraction",2,27
2796,"higher degree",2,27
2797,"braid group",2,27
2798,"parabolic equations",2,27
2799,"unitary operators",2,27
2800,"spanning tree",2,27
2801,"chern class",2,27
2802,"parameter space time",3,27
2803,"initial value problem",3,27
2804,"critical behaviour",2,27
2805,"alpha particles",2,27
2806,"rational map",2,27
2807,"second moment",2,27
2808,"surprisingly large",2,27
2809,"rho omega",2,27
2810,"scalar field equations",3,27
2811,"positive cosmological constant",3,27
2812,"randall sundrum",2,27
2813,"vacuum energy density",3,27
2814,"agree within",2,27
2815,"protein interactions",2,27
2816,"spatially separated",2,27
2817,"charge exchange",2,27
2818,"bulk samples",2,27
2819,"liquid crystal",2,27
2820,"cubic lattice",2,27
2821,"high temperature tc",3,27
2822,"spin singlet",2,27
2823,"fractional statistics",2,27
2824,"effective temperature dependence",3,27
2825,"experimentally accessible",2,27
2826,"elementary excitations",2,27
2827,"kinetic term",2,27
2828,"brownian dynamics",2,27
2829,"resonance peak",2,27
2830,"relaxation process",2,27
2831,"driving force",2,27
2832,"experimental tests",2,27
2833,"mass gap",2,27
2834,"hyperfine structure",2,27
2835,"resistivity measurements",2,27
2836,"weak localization",2,27
2837,"real parts",2,27
2838,"electronic excitations",2,27
2839,"psi production",2,27
2840,"azimuthal correlations",2,27
2841,"high precision measurements",3,27
2842,"feynman amplitudes",2,27
2843,"consistency conditions",2,27
2844,"flavor violation",2,27
2845,"grand unification",2,27
2846,"observable universe",2,27
2847,"free boundary conditions",3,27
2848,"lepton number",2,27
2849,"reduction technique",2,27
2850,"free networks",2,27
2851,"direction perpendicular",2,27
2852,"classical trajectories",2,27
2853,"image processing",2,27
2854,"hubble parameter",2,27
2855,"conformally invariant",2,27
2856,"parity violation",2,27
2857,"sign problem",2,27
2858,"direct numerical simulations",3,27
2859,"multiwavelength observations",2,27
2860,"group velocity",2,27
2861,"band edge",2,27
2862,"radial motions",2,27
2863,"occurs via",2,27
2864,"ferromagnetic ordering",2,27
2865,"kondo model",2,27
2866,"closed oriented",2,27
2867,"bias voltage",2,27
2868,"coherent control",2,27
2869,"two dimensional electron transport",4,26
2870,"negative differential",2,26
2871,"domain specific",2,26
2872,"detailed numerical",2,26
2873,"whole class",2,26
2874,"quantum error correction",3,26
2875,"de broglie",2,26
2876,"poisson statistics",2,26
2877,"momentum space time",3,26
2878,"state preparation",2,26
2879,"completely positive",2,26
2880,"error probability",2,26
2881,"maximally entangled state",3,26
2882,"compute analytically",2,26
2883,"whole process",2,26
2884,"fractal structure",2,26
2885,"path integrals",2,26
2886,"viscosity solution",2,26
2887,"combinatorial methods",2,26
2888,"toric geometry",2,26
2889,"numerical computations",2,26
2890,"soft excess",2,26
2891,"feedback processes",2,26
2892,"extended emission",2,26
2893,"broad line",2,26
2894,"surrounding gas",2,26
2895,"peak flux",2,26
2896,"relative orientation",2,26
2897,"iii stars",2,26
2898,"homogeneous sample",2,26
2899,"eclipsing binaries",2,26
2900,"tauri stars",2,26
2901,"temperature profile",2,26
2902,"powerful probe",2,26
2903,"landau equation",2,26
2904,"sterile neutrinos",2,26
2905,"solar surface",2,26
2906,"diffusive regime",2,26
2907,"carry over",2,26
2908,"bayesian analysis",2,26
2909,"incident light",2,26
2910,"selection function",2,26
2911,"galactic halo",2,26
2912,"coronal plasma",2,26
2913,"near uv",2,26
2914,"main peak",2,26
2915,"low mass spectrum",3,26
2916,"main sequence stars",3,26
2917,"black hole binaries",3,26
2918,"large extra",2,26
2919,"sample corresponds",2,26
2920,"intergalactic medium igm",3,26
2921,"long period",2,26
2922,"position angle",2,26
2923,"gravitational interactions",2,26
2924,"starburst galaxy",2,26
2925,"inner core",2,26
2926,"empirical measure",2,26
2927,"modular structure",2,26
2928,"nucleus scattering",2,26
2929,"dirichlet problem",2,26
2930,"free products",2,26
2931,"original proof",2,26
2932,"bipartite graphs",2,26
2933,"hamiltonian structures",2,26
2934,"explicit formulae",2,26
2935,"non isomorphic",2,26
2936,"regular graphs",2,26
2937,"first integrals",2,26
2938,"limit theorems",2,26
2939,"scalar product",2,26
2940,"elementary methods",2,26
2941,"statistical mechanical",2,26
2942,"gravitational field equations",3,26
2943,"brane tension",2,26
2944,"bulk spacetime",2,26
2945,"cosmological constant lambda",3,26
2946,"bekenstein hawking entropy",3,26
2947,"semiclassical approach",2,26
2948,"klein gordon equation",3,26
2949,"laser interferometer",2,26
2950,"vortex state",2,26
2951,"optical elements",2,26
2952,"two dimensional hubbard model",4,26
2953,"expansion around",2,26
2954,"thermal fluctuation",2,26
2955,"microscopic origin",2,26
2956,"electrical resistivity",2,26
2957,"narrow line",2,26
2958,"site repulsion",2,26
2959,"experimental techniques",2,26
2960,"structural change",2,26
2961,"short lived",2,26
2962,"diffusive motion",2,26
2963,"coulomb repulsion",2,26
2964,"non abelian group",3,26
2965,"optical conductivity",2,26
2966,"direct calculation",2,26
2967,"shape anisotropy",2,26
2968,"control parameter",2,26
2969,"contact process",2,26
2970,"parameter regimes",2,26
2971,"numerical evaluation",2,26
2972,"repulsive interaction",2,26
2973,"characteristic length",2,26
2974,"atomic nuclei",2,26
2975,"neutrinoless double beta decay",4,26
2976,"collision energies",2,26
2977,"meson baryon",2,26
2978,"cross section sigma",3,26
2979,"simplified models",2,26
2980,"cp odd",2,26
2981,"electroweak precision",2,26
2982,"charge asymmetry",2,26
2983,"tau lepton",2,26
2984,"lower mass",2,26
2985,"term proportional",2,26
2986,"coupled channels",2,26
2987,"yang mills theories",3,26
2988,"vector bundle",2,26
2989,"heterotic string",2,26
2990,"energy balance",2,26
2991,"principal component",2,26
2992,"negative refraction",2,26
2993,"magnetic field configurations",3,26
2994,"he like",2,26
2995,"heat flux",2,26
2996,"extending over",2,26
2997,"success probability",2,26
2998,"reduction procedure",2,26
2999,"kohn sham",2,26
3000,"globular cluster",2,26
3001,"evolve through",2,26
3002,"electromagnetic form factors",3,26
3003,"scalar mesons",2,26
3004,"quantum chromodynamics",2,26
3005,"young massive",2,26
3006,"unified theory",2,26
3007,"angle resolved photoemission",3,26
3008,"positive maps",2,26
3009,"classical computer",2,25
3010,"mathematical formalism",2,25
3011,"integer quantum",2,25
3012,"small bodies",2,25
3013,"decoherence rate",2,25
3014,"destructive interference",2,25
3015,"transmission coefficients",2,25
3016,"spin qubits",2,25
3017,"three kinds",2,25
3018,"passes through",2,25
3019,"cylindrical geometry",2,25
3020,"spontaneous decay",2,25
3021,"finite alphabet",2,25
3022,"optical trap",2,25
3023,"dipole radiation",2,25
3024,"normal ordering",2,25
3025,"basis sets",2,25
3026,"solvable model",2,25
3027,"epsilon expansion",2,25
3028,"gross pitaevskii",2,25
3029,"nonlinear schr odinger equation",4,25
3030,"aharonov bohm effect",3,25
3031,"log epsilon",2,25
3032,"three stage",2,25
3033,"np complete",2,25
3034,"projection onto",2,25
3035,"long time series",3,25
3036,"single user",2,25
3037,"block codes",2,25
3038,"approach combines",2,25
3039,"simple proofs",2,25
3040,"arithmetic properties",2,25
3041,"cataclysmic variables",2,25
3042,"rule approach",2,25
3043,"stellar bar",2,25
3044,"flux tubes",2,25
3045,"planet formation",2,25
3046,"large magellanic cloud lmc",4,25
3047,"source population",2,25
3048,"host star",2,25
3049,"second variation",2,25
3050,"cluster abell",2,25
3051,"event rate",2,25
3052,"supernova remnant snr",3,25
3053,"massless particles",2,25
3054,"cluster ngc",2,25
3055,"complex reflection",2,25
3056,"connected component",2,25
3057,"jet induced",2,25
3058,"sound modes",2,25
3059,"spectral energy distribution",3,25
3060,"dark matter fields",3,25
3061,"asymptotic regime",2,25
3062,"data reduction",2,25
3063,"nearby spiral galaxies",3,25
3064,"simultaneous measurements",2,25
3065,"eclipsing binary system",3,25
3066,"radiation emitted",2,25
3067,"after having",2,25
3068,"supernova explosion",2,25
3069,"effective temperatures",2,25
3070,"optical characterization",2,25
3071,"near earth",2,25
3072,"forming region",2,25
3073,"long slit",2,25
3074,"non rotating",2,25
3075,"central object",2,25
3076,"low mass ratio",3,25
3077,"star forming region",3,25
3078,"hadron collider lhc",3,25
3079,"neutrino scattering",2,25
3080,"thermal conduction",2,25
3081,"spatial scales",2,25
3082,"combinatorial interpretation",2,25
3083,"al cite",2,25
3084,"complete intersections",2,25
3085,"prior information",2,25
3086,"covariance matrix",2,25
3087,"arbitrary length",2,25
3088,"mild conditions",2,25
3089,"discrete series",2,25
3090,"lebesgue measure",2,25
3091,"totally geodesic",2,25
3092,"smooth projective space",3,25
3093,"algebraically closed",2,25
3094,"usual definition",2,25
3095,"parameters characterizing",2,25
3096,"k3 surface",2,25
3097,"quasi bound",2,25
3098,"normal forms",2,25
3099,"square integrable",2,25
3100,"timing analysis",2,25
3101,"optical cavity",2,25
3102,"strongly reduced",2,25
3103,"dimer model",2,25
3104,"two possibilities",2,25
3105,"thomas fermi",2,25
3106,"phonon scattering",2,25
3107,"yukawa potential",2,25
3108,"lowest energy",2,25
3109,"analytic methods",2,25
3110,"differential conductance",2,25
3111,"universal features",2,25
3112,"surface densities",2,25
3113,"half filled",2,25
3114,"ward identities",2,25
3115,"dilute limit",2,25
3116,"angular momenta",2,25
3117,"pt gev",2,25
3118,"nuclear equation",2,25
3119,"fragmentation function",2,25
3120,"path dependent",2,25
3121,"open charm",2,25
3122,"charged fermions",2,25
3123,"light ratios",2,25
3124,"higgs boson production",3,25
3125,"cp violating",2,25
3126,"ultraviolet uv",2,25
3127,"quenched approximation",2,25
3128,"lowest lying",2,25
3129,"ds mesons",2,25
3130,"susy breaking",2,25
3131,"maximally supersymmetric",2,25
3132,"fundamental strings",2,25
3133,"action principle",2,25
3134,"type iia",2,25
3135,"baryon density",2,25
3136,"potts model",2,25
3137,"crossed product",2,25
3138,"spatial distributions",2,25
3139,"peak luminosity",2,25
3140,"magnetic field strengths",3,25
3141,"coupled cluster",2,25
3142,"data release",2,25
3143,"experimental data set",3,25
3144,"friedmann equation",2,25
3145,"gev c2",2,25
3146,"significant change",2,25
3147,"fractional brownian motion",3,25
3148,"elliptic equations",2,25
3149,"frequency omega",2,25
3150,"underdoped cuprates",2,25
3151,"pairing gap",2,25
3152,"anomalous magnetic",2,25
3153,"dipolar interactions",2,25
3154,"finite collection",2,25
3155,"contact manifolds",2,25
3156,"isomorphism classes",2,25
3157,"differential operator",2,25
3158,"model atmosphere",2,25
3159,"inelastic processes",2,25
3160,"q2 gev",2,25
3161,"structural information",2,25
3162,"international linear collider ilc",4,25
3163,"spatially periodic",2,24
3164,"sub wavelength",2,24
3165,"nano scale",2,24
3166,"time window",2,24
3167,"single qubit systems",3,24
3168,"atomic diffusion",2,24
3169,"key feature",2,24
3170,"quadrupole moments",2,24
3171,"higher genus",2,24
3172,"coherent population",2,24
3173,"individual components",2,24
3174,"nonlinear partial differential equation",4,24
3175,"error term",2,24
3176,"systems biology",2,24
3177,"time evolution equations",3,24
3178,"real life",2,24
3179,"stationary distributions",2,24
3180,"orthogonal group",2,24
3181,"quadratic polynomial",2,24
3182,"form expressions",2,24
3183,"alternative mechanism",2,24
3184,"exotic particles",2,24
3185,"supernova neutrinos",2,24
3186,"sky maps",2,24
3187,"halo mass",2,24
3188,"information criterion",2,24
3189,"continuum images",2,24
3190,"few kev",2,24
3191,"masses below",2,24
3192,"clear signature",2,24
3193,"production rates",2,24
3194,"small magellanic cloud smc",4,24
3195,"mm continuum",2,24
3196,"radio jets",2,24
3197,"vibrational states",2,24
3198,"radio pulsars",2,24
3199,"jet axis",2,24
3200,"eso vlt",2,24
3201,"magnitude higher",2,24
3202,"transiting planet",2,24
3203,"break galaxies",2,24
3204,"cosmological perturbations",2,24
3205,"ionized gas",2,24
3206,"smooth transition",2,24
3207,"micron flux",2,24
3208,"jet like",2,24
3209,"photometric redshifts",2,24
3210,"flux ratio",2,24
3211,"surprising result",2,24
3212,"below kev",2,24
3213,"empirical relation",2,24
3214,"direct determination",2,24
3215,"total variation",2,24
3216,"coupled cavities",2,24
3217,"bayesian approach",2,24
3218,"fundamental mode",2,24
3219,"deconfinement phase transition",3,24
3220,"constituent quark",2,24
3221,"entire functions",2,24
3222,"rest mass",2,24
3223,"periodic modulation",2,24
3224,"holomorphic maps",2,24
3225,"proper action",2,24
3226,"difference operators",2,24
3227,"dirac operators",2,24
3228,"fractional derivatives",2,24
3229,"minimal resolution",2,24
3230,"open subset",2,24
3231,"dirichlet laplacian",2,24
3232,"noncommutative spaces",2,24
3233,"lyapunov exponent",2,24
3234,"covariant derivatives",2,24
3235,"technical result",2,24
3236,"chain complex",2,24
3237,"normal bundle",2,24
3238,"classical analogues",2,24
3239,"prime characteristic",2,24
3240,"coordinate systems",2,24
3241,"noise intensity",2,24
3242,"order unity",2,24
3243,"rooted trees",2,24
3244,"lattice paths",2,24
3245,"time derivative",2,24
3246,"single domain",2,24
3247,"being proportional",2,24
3248,"de sitter universe",3,24
3249,"metric perturbations",2,24
3250,"lorentz symmetry",2,24
3251,"correlated electrons",2,24
3252,"result agrees",2,24
3253,"yba cu",2,24
3254,"feshbach resonances",2,24
3255,"transfer torque",2,24
3256,"layer graphene",2,24
3257,"local minima",2,24
3258,"bethe ansatz equations",3,24
3259,"spin transfer",2,24
3260,"laser pulses",2,24
3261,"full 3d",2,24
3262,"polycrystalline samples",2,24
3263,"ferromagnetic resonance",2,24
3264,"correlation spectroscopy",2,24
3265,"liquid gas",2,24
3266,"correlated noise",2,24
3267,"fluctuation induced",2,24
3268,"initially prepared",2,24
3269,"regular lattice",2,24
3270,"carbon nanotube",2,24
3271,"non diagonal",2,24
3272,"life time",2,24
3273,"anderson localization",2,24
3274,"superconductor insulator",2,24
3275,"spin splitting",2,24
3276,"omega phi",2,24
3277,"transverse momentum pt",3,24
3278,"away side",2,24
3279,"three nucleon",2,24
3280,"flavor symmetry",2,24
3281,"ghost propagators",2,24
3282,"dalitz plot",2,24
3283,"mixing angle",2,24
3284,"deep inelastic",2,24
3285,"rho meson",2,24
3286,"planck mass",2,24
3287,"experimental bounds",2,24
3288,"theoretical developments",2,24
3289,"near horizon geometry",3,24
3290,"type iib",2,24
3291,"supergravity backgrounds",2,24
3292,"minkowski space",2,24
3293,"casimir effect",2,24
3294,"alpha corrections",2,24
3295,"de sitter background",3,24
3296,"fermilab tevatron collider",3,24
3297,"building block",2,24
3298,"decision making",2,24
3299,"shear flow",2,24
3300,"limit cycle",2,24
3301,"optical dipole",2,24
3302,"whole space",2,24
3303,"electric dipole",2,24
3304,"simply related",2,24
3305,"orbital eccentricity",2,24
3306,"clear signal",2,24
3307,"molecular hydrogen",2,24
3308,"fundamental constants",2,24
3309,"quasi elastic",2,24
3310,"lhc energies",2,24
3311,"cooper pair",2,24
3312,"s1 s2",2,24
3313,"optical counterpart",2,24
3314,"modular group",2,24
3315,"electric field theory",3,23
3316,"bloch equations",2,23
3317,"particle duality",2,23
3318,"quantum computer",2,23
3319,"von neumann entropy",3,23
3320,"photon loss",2,23
3321,"generic feature",2,23
3322,"factorization algorithm",2,23
3323,"classical electrodynamics",2,23
3324,"non unitary",2,23
3325,"yang baxter equation",3,23
3326,"confined inside",2,23
3327,"nearly degenerate",2,23
3328,"first passage",2,23
3329,"biological evolution",2,23
3330,"lennard jones",2,23
3331,"rigorous proof",2,23
3332,"sheds light",2,23
3333,"group members",2,23
3334,"integral representations",2,23
3335,"coding theory",2,23
3336,"individual events",2,23
3337,"two terminal",2,23
3338,"run time",2,23
3339,"matter candidate",2,23
3340,"gravitational lens",2,23
3341,"seyfert galaxy",2,23
3342,"telescope compact",2,23
3343,"inflaton potential",2,23
3344,"color magnitude diagram",3,23
3345,"bimodal distribution",2,23
3346,"significant variability",2,23
3347,"ghz continuum",2,23
3348,"young stellar",2,23
3349,"flat direction",2,23
3350,"carbon rich",2,23
3351,"driven wind",2,23
3352,"accelerated particles",2,23
3353,"lorentz factor",2,23
3354,"sample containing",2,23
3355,"long enough",2,23
3356,"synchrotron emission",2,23
3357,"crab pulsar",2,23
3358,"dimension reduction",2,23
3359,"linear stability analysis",3,23
3360,"qualitatively new",2,23
3361,"active nucleus",2,23
3362,"multiple images",2,23
3363,"intergalactic medium",2,23
3364,"parameter eta",2,23
3365,"low ionization",2,23
3366,"phase transition occurs",3,23
3367,"accretion onto",2,23
3368,"few mev",2,23
3369,"cluster members",2,23
3370,"substantial fraction",2,23
3371,"subsequent evolution",2,23
3372,"massive black hole",3,23
3373,"globular cluster ngc",3,23
3374,"radial profiles",2,23
3375,"boltzmann equations",2,23
3376,"collective oscillations",2,23
3377,"scaling relation",2,23
3378,"vertex operator",2,23
3379,"unit disc",2,23
3380,"link invariants",2,23
3381,"em et",2,23
3382,"differential graded",2,23
3383,"convex hull",2,23
3384,"explicit constructions",2,23
3385,"test statistics",2,23
3386,"asymptotic normality",2,23
3387,"harmonic functions",2,23
3388,"computer algebra",2,23
3389,"finite union",2,23
3390,"canonical map",2,23
3391,"higher rank",2,23
3392,"generic values",2,23
3393,"irreducible components",2,23
3394,"symplectic manifolds",2,23
3395,"measure preserving",2,23
3396,"continuous family",2,23
3397,"time goes",2,23
3398,"absolute values",2,23
3399,"almost periodic",2,23
3400,"null energy",2,23
3401,"singularity free",2,23
3402,"force acting",2,23
3403,"violating processes",2,23
3404,"majorana neutrinos",2,23
3405,"after inflation",2,23
3406,"wkb approximation",2,23
3407,"detector response",2,23
3408,"laser driven",2,23
3409,"sharp transition",2,23
3410,"unusual properties",2,23
3411,"cond mat",2,23
3412,"uniaxial anisotropy",2,23
3413,"paramagnetic state",2,23
3414,"spin relaxation",2,23
3415,"ordered phase",2,23
3416,"universal scaling",2,23
3417,"slow decay",2,23
3418,"analytical calculations",2,23
3419,"electronic correlations",2,23
3420,"intimately related",2,23
3421,"semiclassical limit",2,23
3422,"tc superconductors",2,23
3423,"unitarity limit",2,23
3424,"divergence form",2,23
3425,"microscopic level",2,23
3426,"momentum transfers",2,23
3427,"disorder induced",2,23
3428,"liquid helium",2,23
3429,"ion beam",2,23
3430,"wave superconductors",2,23
3431,"isospin symmetry",2,23
3432,"charged pions",2,23
3433,"neutron rich",2,23
3434,"lambda hyperon",2,23
3435,"unitary limit",2,23
3436,"five dimensions",2,23
3437,"hadronic matter",2,23
3438,"scalar meson",2,23
3439,"difference delta",2,23
3440,"muon neutrinos",2,23
3441,"singular behavior",2,23
3442,"su singlet",2,23
3443,"axial symmetry",2,23
3444,"hyperfine interaction",2,23
3445,"nambu goto",2,23
3446,"gaugino masses",2,23
3447,"flux compactifications",2,23
3448,"spacetime symmetries",2,23
3449,"meta stable",2,23
3450,"moduli stabilization",2,23
3451,"geometric interpretation",2,23
3452,"heisenberg algebra",2,23
3453,"primary source",2,23
3454,"shell like",2,23
3455,"field configurations",2,23
3456,"quantum chaos",2,23
3457,"mutual information",2,23
3458,"cellular automata",2,23
3459,"numerical modeling",2,23
3460,"red giants",2,23
3461,"long time evolution",3,23
3462,"super algebras",2,23
3463,"down quarks",2,23
3464,"nlo qcd",2,23
3465,"infra red",2,23
3466,"free energies",2,23
3467,"dirac type",2,23
3468,"heavy flavor",2,23
3469,"spatial correlations",2,23
3470,"seesaw mechanism",2,23
3471,"orbital motion",2,23
3472,"generating series",2,23
3473,"direct computation",2,23
3474,"financial market",2,23
3475,"surface roughness",2,23
3476,"hydrodynamical simulations",2,23
3477,"within pc",2,23
3478,"deterministic solution",2,22
3479,"coexistence region",2,22
3480,"atomic ensemble",2,22
3481,"density matrix renormalization group",4,22
3482,"rydberg atoms",2,22
3483,"photon pairs",2,22
3484,"dirac hamiltonian",2,22
3485,"van der waals interactions",4,22
3486,"curved space time",3,22
3487,"electrons positrons",2,22
3488,"two parties",2,22
3489,"non crossing",2,22
3490,"classical counterparts",2,22
3491,"symmetry considerations",2,22
3492,"fluid mechanics",2,22
3493,"growth factor",2,22
3494,"multiple access",2,22
3495,"minimization problem",2,22
3496,"carrier frequency",2,22
3497,"natural language",2,22
3498,"database systems",2,22
3499,"part iii",2,22
3500,"spontaneous formation",2,22
3501,"energetic particles",2,22
3502,"few selected",2,22
3503,"swift xrt",2,22
3504,"planetary mass",2,22
3505,"chandra observation",2,22
3506,"effective mass range",3,22
3507,"short time scales",3,22
3508,"absolute magnitudes",2,22
3509,"intermediate densities",2,22
3510,"rate onto",2,22
3511,"chemical enrichment",2,22
3512,"selection criteria",2,22
3513,"tidal interaction",2,22
3514,"new detections",2,22
3515,"strong lensing",2,22
3516,"late stages",2,22
3517,"highest energy",2,22
3518,"evaporation process",2,22
3519,"extrasolar planetary",2,22
3520,"old stars",2,22
3521,"galaxy bias",2,22
3522,"photospheric magnetic field",3,22
3523,"dynamical mean",2,22
3524,"existing experimental",2,22
3525,"flux densities",2,22
3526,"spherical harmonic",2,22
3527,"friedmann robertson walker",3,22
3528,"gamma ray flux",3,22
3529,"driven outflow",2,22
3530,"msun yr",2,22
3531,"accretion rate",2,22
3532,"fully relativistic",2,22
3533,"algorithm computes",2,22
3534,"brane world models",3,22
3535,"massive star formation",3,22
3536,"diffraction data",2,22
3537,"high frequency range",3,22
3538,"shock wave",2,22
3539,"neutrino emission",2,22
3540,"luminous quasars",2,22
3541,"preliminary result",2,22
3542,"residue field",2,22
3543,"partial sums",2,22
3544,"boltzmann distribution",2,22
3545,"summer school",2,22
3546,"model categories",2,22
3547,"cohomology ring",2,22
3548,"computer program",2,22
3549,"approximate solutions",2,22
3550,"grows exponentially",2,22
3551,"conjugacy classes",2,22
3552,"boolean functions",2,22
3553,"hilbert scheme",2,22
3554,"closed subsets",2,22
3555,"priori estimates",2,22
3556,"adjoint operator",2,22
3557,"new ingredient",2,22
3558,"odd prime",2,22
3559,"virasoro algebra",2,22
3560,"subgroup problem",2,22
3561,"automorphism groups",2,22
3562,"random sampling",2,22
3563,"delta rho",2,22
3564,"maximum likelihood estimation",3,22
3565,"ill posed",2,22
3566,"isomorphism problem",2,22
3567,"discrete nonlinear",2,22
3568,"overview over",2,22
3569,"mathematical framework",2,22
3570,"equilibrium configurations",2,22
3571,"schwarzschild black holes",3,22
3572,"per particle",2,22
3573,"ideal fluid",2,22
3574,"metal insulator",2,22
3575,"aharonov bohm",2,22
3576,"energy density functional",3,22
3577,"gap becomes",2,22
3578,"normal metal",2,22
3579,"honeycomb lattice",2,22
3580,"upper critical",2,22
3581,"around mev",2,22
3582,"simulations suggest",2,22
3583,"quenched disorder",2,22
3584,"logarithmic dependence",2,22
3585,"hamiltonian constraint",2,22
3586,"effect transistor",2,22
3587,"stochastic resonance",2,22
3588,"sample sizes",2,22
3589,"statistical ensembles",2,22
3590,"induced decoherence",2,22
3591,"degenerate ground state",3,22
3592,"three species",2,22
3593,"model sm",2,22
3594,"ga mn",2,22
3595,"antiferromagnetic correlations",2,22
3596,"internal degrees",2,22
3597,"transverse magnetic",2,22
3598,"least two dimensional",3,22
3599,"hydrogen atoms",2,22
3600,"exciton states",2,22
3601,"antiferromagnetic ordering",2,22
3602,"polarized electrons",2,22
3603,"high mobility",2,22
3604,"fabrication process",2,22
3605,"relative importance",2,22
3606,"dense qcd",2,22
3607,"eta reaction",2,22
3608,"valence band",2,22
3609,"finite nuclei",2,22
3610,"short range correlations",3,22
3611,"like excitations",2,22
3612,"vacuum expectation values",3,22
3613,"two loop corrections",3,22
3614,"hard scattering",2,22
3615,"full qcd",2,22
3616,"standard model predicts",3,22
3617,"right handed",2,22
3618,"event generator",2,22
3619,"model mssm",2,22
3620,"threshold corrections",2,22
3621,"positive correlation",2,22
3622,"storage ring",2,22
3623,"probe branes",2,22
3624,"quiver gauge theory",3,22
3625,"grid points",2,22
3626,"hydrodynamic limit",2,22
3627,"conserved charges",2,22
3628,"reissner nordstrom",2,22
3629,"metastable state",2,22
3630,"free fermion",2,22
3631,"self duality",2,22
3632,"inflationary cosmology",2,22
3633,"recursion relations",2,22
3634,"attractor mechanism",2,22
3635,"atlas detector",2,22
3636,"beam line",2,22
3637,"new technologies",2,22
3638,"self similarity",2,22
3639,"lagrangian density",2,22
3640,"reynolds number",2,22
3641,"chaotic behavior",2,22
3642,"probabilistic models",2,22
3643,"coupling strengths",2,22
3644,"autonomous system",2,22
3645,"multi user",2,22
3646,"traffic flow",2,22
3647,"luminous objects",2,22
3648,"neutrino flux",2,22
3649,"co emission line",3,22
3650,"stellar atmospheres",2,22
3651,"nearly constant",2,22
3652,"trans planckian",2,22
3653,"lightest neutralino",2,22
3654,"pion masses",2,22
3655,"contact interactions",2,22
3656,"improved version",2,22
3657,"lightest supersymmetric",2,22
3658,"leading order parameter",3,22
3659,"neutral currents",2,22
3660,"line bundle",2,22
3661,"inertial range",2,22
3662,"core level",2,22
3663,"inclination angle",2,22
3664,"long baseline",2,22
3665,"lambda cdm model",3,22
3666,"variable range",2,22
3667,"velocity gradient",2,22
3668,"normal metal superconductor",3,22
3669,"noether theorem",2,22
3670,"hole doped",2,22
3671,"dc current",2,22
3672,"half metallic",2,22
3673,"arithmetic progressions",2,22
3674,"vlbi observations",2,22
3675,"integral formulation",2,22
3676,"left invariant",2,22
3677,"accreting black hole",3,22
3678,"dynamical friction",2,22
3679,"electronic transport properties",3,22
3680,"si ge",2,22
3681,"babar detector",2,22
3682,"inverse compton",2,22
3683,"causal structure",2,21
3684,"minimum light",2,21
3685,"double ionization",2,21
3686,"theoretic approach",2,21
3687,"control schemes",2,21
3688,"rashba spin orbit interaction",4,21
3689,"density matrix elements",3,21
3690,"correcting codes",2,21
3691,"parabolic systems",2,21
3692,"access channel",2,21
3693,"asymptotically free",2,21
3694,"classical counterpart",2,21
3695,"experimental feasibility",2,21
3696,"physical meaning",2,21
3697,"hopf bifurcation",2,21
3698,"imaging reveals",2,21
3699,"dna molecules",2,21
3700,"local unitary",2,21
3701,"otimes su",2,21
3702,"like event",2,21
3703,"dirichlet boundary",2,21
3704,"randomized algorithm",2,21
3705,"velocity curve",2,21
3706,"spatial degrees",2,21
3707,"message passing",2,21
3708,"valid over",2,21
3709,"performance computing",2,21
3710,"over gf",2,21
3711,"topological classification",2,21
3712,"model checking",2,21
3713,"simpler proof",2,21
3714,"travel time",2,21
3715,"excitation conditions",2,21
3716,"sub millimeter",2,21
3717,"lower frequencies",2,21
3718,"rotation periods",2,21
3719,"open clusters",2,21
3720,"micron images",2,21
3721,"solar type",2,21
3722,"emitting region",2,21
3723,"hot cores",2,21
3724,"co emission lines",3,21
3725,"relativistic version",2,21
3726,"pioneer anomaly",2,21
3727,"hi structure",2,21
3728,"gamma ray sources",3,21
3729,"energy release",2,21
3730,"poor stars",2,21
3731,"few orders",2,21
3732,"anomalous dispersion",2,21
3733,"building up",2,21
3734,"restriction map",2,21
3735,"early afterglow",2,21
3736,"diffraction limited",2,21
3737,"significant variation",2,21
3738,"large grains",2,21
3739,"progenitor star",2,21
3740,"halo stars",2,21
3741,"physics reach",2,21
3742,"curvature perturbations",2,21
3743,"process nucleosynthesis",2,21
3744,"ultra relativistic",2,21
3745,"singular integral",2,21
3746,"equations satisfied",2,21
3747,"sets having",2,21
3748,"red sequence",2,21
3749,"carbon star",2,21
3750,"star formation process",3,21
3751,"initial masses",2,21
3752,"total angular momentum",3,21
3753,"black hole bh",3,21
3754,"surface photometry",2,21
3755,"lower redshift",2,21
3756,"around young stars",3,21
3757,"accurately measure",2,21
3758,"light deflection",2,21
3759,"total mass distribution",3,21
3760,"intensity ratio",2,21
3761,"post newtonian",2,21
3762,"massive neutrinos",2,21
3763,"nearest neighbour",2,21
3764,"rotation measure",2,21
3765,"higher redshift",2,21
3766,"effective area",2,21
3767,"starburst galaxies",2,21
3768,"characteristic signature",2,21
3769,"equatorial plane",2,21
3770,"cmb anisotropy",2,21
3771,"dynamically coupled",2,21
3772,"light radius",2,21
3773,"coxeter groups",2,21
3774,"principal components",2,21
3775,"leading coefficient",2,21
3776,"khovanov homology",2,21
3777,"em algorithm",2,21
3778,"volume growth",2,21
3779,"surface reconstruction",2,21
3780,"spectral radius",2,21
3781,"multiplicity fluctuations",2,21
3782,"sharp estimate",2,21
3783,"conformal transformations",2,21
3784,"least square",2,21
3785,"divergence free",2,21
3786,"sobolev spaces",2,21
3787,"de rham",2,21
3788,"pull back",2,21
3789,"unique invariant",2,21
3790,"closed geodesics",2,21
3791,"essentially independent",2,21
3792,"traveling waves",2,21
3793,"galois theory",2,21
3794,"hyperelliptic curves",2,21
3795,"weighted sum",2,21
3796,"inertial frame",2,21
3797,"escape rate",2,21
3798,"after describing",2,21
3799,"physical degrees",2,21
3800,"negative cosmological constant",3,21
3801,"weyl tensor",2,21
3802,"eccentric orbits",2,21
3803,"simplest form",2,21
3804,"mott insulators",2,21
3805,"quantum critical points",3,21
3806,"variable length",2,21
3807,"atom molecule",2,21
3808,"high temperature superconductors",3,21
3809,"pairing correlations",2,21
3810,"crystalline order",2,21
3811,"supercooled liquids",2,21
3812,"vortex line",2,21
3813,"finite temperature dependence",3,21
3814,"fermi surfaces",2,21
3815,"spin glass",2,21
3816,"strongly anisotropic",2,21
3817,"hybrid structures",2,21
3818,"dielectric permittivity",2,21
3819,"lattice boltzmann",2,21
3820,"microscopic mechanism",2,21
3821,"la sr",2,21
3822,"transition metal oxides",3,21
3823,"finite size scaling",3,21
3824,"scattering rate",2,21
3825,"quantum critical value",3,21
3826,"polymer chains",2,21
3827,"experimental signatures",2,21
3828,"electron transport properties",3,21
3829,"surface tension",2,21
3830,"exponent alpha",2,21
3831,"hard wall",2,21
3832,"device applications",2,21
3833,"dynamical exponent",2,21
3834,"pions kaons",2,21
3835,"q2 gev2",2,21
3836,"momentum spectra",2,21
3837,"bethe salpeter equation",3,21
3838,"loop integrals",2,21
3839,"nambu jona lasinio model",4,21
3840,"kinetic equation",2,21
3841,"warped extra dimension",3,21
3842,"first order correction",3,21
3843,"decay products",2,21
3844,"conversion process",2,21
3845,"chiral perturbation",2,21
3846,"single brane",2,21
3847,"asymptotic freedom",2,21
3848,"multi parameter",2,21
3849,"size corrections",2,21
3850,"second harmonic",2,21
3851,"relative position",2,21
3852,"potential wells",2,21
3853,"fault tolerant",2,21
3854,"spherical harmonics",2,21
3855,"ray burst",2,21
3856,"plasma beta",2,21
3857,"below mev",2,21
3858,"calculations indicate",2,21
3859,"spherical geometry",2,21
3860,"reconstruction technique",2,21
3861,"well behaved",2,21
3862,"massless scalar",2,21
3863,"consistent treatment",2,21
3864,"meson spectrum",2,21
3865,"current densities",2,21
3866,"relativistic quantum mechanics",3,21
3867,"dust component",2,21
3868,"planets around",2,21
3869,"laplace equation",2,21
3870,"silicon substrate",2,21
3871,"ferromagnetic fm",2,21
3872,"zigzag edges",2,21
3873,"almost independent",2,21
3874,"adiabatic limit",2,21
3875,"beam splitter",2,21
3876,"singular values",2,21
3877,"domain omega",2,21
3878,"log normal",2,21
3879,"purely algebraic",2,21
3880,"range le",2,21
3881,"cherenkov telescope",2,21
3882,"cluster medium",2,21
3883,"classifying space",2,21
3884,"galaxy catalogue",2,21
3885,"bar partial",2,21
3886,"colliding particles",2,20
3887,"absolute zero",2,20
3888,"internal degree",2,20
3889,"weight distributions",2,20
3890,"communication links",2,20
3891,"pair creation",2,20
3892,"extra degrees",2,20
3893,"spin fluctuation",2,20
3894,"hidden variables",2,20
3895,"coulomb excitation",2,20
3896,"mach zehnder interferometer",3,20
3897,"main steps",2,20
3898,"information encoded",2,20
3899,"jacobi polynomials",2,20
3900,"continuous variable entanglement",3,20
3901,"orthogonal basis",2,20
3902,"machine learning",2,20
3903,"temporal correlations",2,20
3904,"energy eigenstates",2,20
3905,"decay exponentially",2,20
3906,"heisenberg group",2,20
3907,"schr odinger operator",3,20
3908,"nonequilibrium steady state",3,20
3909,"spatial inhomogeneity",2,20
3910,"strictly convex",2,20
3911,"single node",2,20
3912,"power constraint",2,20
3913,"identities related",2,20
3914,"information science",2,20
3915,"mean squared",2,20
3916,"clear detection",2,20
3917,"liquid metal",2,20
3918,"gamma ray burst",3,20
3919,"numerical investigation",2,20
3920,"vortex cores",2,20
3921,"sight lines",2,20
3922,"outer layers",2,20
3923,"luminous infrared",2,20
3924,"evolutionary phase",2,20
3925,"extra galactic",2,20
3926,"power law decay",3,20
3927,"large amounts",2,20
3928,"absorption edge",2,20
3929,"double peaked",2,20
3930,"cosmic microwave anisotropy",3,20
3931,"minor axis",2,20
3932,"lyman alpha",2,20
3933,"nearby universe",2,20
3934,"galactic globular",2,20
3935,"sub sample",2,20
3936,"orion nebula",2,20
3937,"gas giant",2,20
3938,"age distribution",2,20
3939,"active medium",2,20
3940,"weakly dependent",2,20
3941,"rxte data",2,20
3942,"occurs during",2,20
3943,"theoretical interpretation",2,20
3944,"shock velocity",2,20
3945,"rotation rates",2,20
3946,"few per",2,20
3947,"two colliding",2,20
3948,"primordial power spectrum",3,20
3949,"large magellanic cloud",3,20
3950,"density waves",2,20
3951,"imaging surveys",2,20
3952,"dgp model",2,20
3953,"peak position",2,20
3954,"cosmic ray spectra",3,20
3955,"looks like",2,20
3956,"statistical significance",2,20
3957,"velocity profile",2,20
3958,"interstellar clouds",2,20
3959,"primordial nucleosynthesis",2,20
3960,"peculiar properties",2,20
3961,"evolved stars",2,20
3962,"higher levels",2,20
3963,"porous media",2,20
3964,"local rings",2,20
3965,"van der",2,20
3966,"interpolation problem",2,20
3967,"high throughput",2,20
3968,"codimension two",2,20
3969,"hecke algebra",2,20
3970,"simple lie group",3,20
3971,"self maps",2,20
3972,"projective spaces",2,20
3973,"conformal mapping",2,20
3974,"elliptic surfaces",2,20
3975,"body problem",2,20
3976,"monoidal categories",2,20
3977,"basic notions",2,20
3978,"hyperbolic groups",2,20
3979,"cyclic homology",2,20
3980,"fairly general",2,20
3981,"cost function",2,20
3982,"functional integral",2,20
3983,"frobenius algebras",2,20
3984,"natural generalizations",2,20
3985,"estimation procedure",2,20
3986,"regression model",2,20
3987,"defining relations",2,20
3988,"sums over",2,20
3989,"xy model",2,20
3990,"ward identity",2,20
3991,"configuration space time",3,20
3992,"clifford algebra",2,20
3993,"holomorphic curves",2,20
3994,"leading twist",2,20
3995,"parameter omega",2,20
3996,"newtonian fluid",2,20
3997,"binary mergers",2,20
3998,"quasinormal modes",2,20
3999,"sharp peak",2,20
4000,"minkowski space time",3,20
4001,"acoustic modes",2,20
4002,"underlying graph",2,20
4003,"rotation rate",2,20
4004,"fermi gases",2,20
4005,"fractional quantum hall effect",4,20
4006,"scale free networks",3,20
4007,"geometrically frustrated",2,20
4008,"single electron transport through",4,20
4009,"stress induced",2,20
4010,"spatial correlation",2,20
4011,"massless dirac",2,20
4012,"ultracold gases",2,20
4013,"double exchange",2,20
4014,"charge transport",2,20
4015,"bias voltages",2,20
4016,"approximation rpa",2,20
4017,"jahn teller",2,20
4018,"impurity induced",2,20
4019,"theta term",2,20
4020,"bose einstein condensate bec",4,20
4021,"quantum circuit",2,20
4022,"nearly independent",2,20
4023,"system size scaling",3,20
4024,"raman spectroscopy",2,20
4025,"condensate fraction",2,20
4026,"competing interactions",2,20
4027,"intrinsic spin",2,20
4028,"impurity scattering",2,20
4029,"generalized gradient approximation",3,20
4030,"optically induced",2,20
4031,"hard sphere",2,20
4032,"thermodynamic quantities",2,20
4033,"single wall",2,20
4034,"impurity potential",2,20
4035,"triangular lattices",2,20
4036,"surface density functional theory",4,20
4037,"simple phenomenological model",3,20
4038,"energy distribution function",3,20
4039,"dielectric function",2,20
4040,"remain within",2,20
4041,"periodic potentials",2,20
4042,"wave superconductor",2,20
4043,"enhanced relative",2,20
4044,"monte carlo technique",3,20
4045,"direct photons",2,20
4046,"electromagnetic calorimeter",2,20
4047,"global sections",2,20
4048,"cu collisions",2,20
4049,"high energy loss",3,20
4050,"angular distributions",2,20
4051,"high pt",2,20
4052,"pair correlations",2,20
4053,"neutral mesons",2,20
4054,"radius relation",2,20
4055,"qed corrections",2,20
4056,"kaon decays",2,20
4057,"scalar ratio",2,20
4058,"large nc",2,20
4059,"matter content",2,20
4060,"large extra dimensions",3,20
4061,"anomalous magnetic moment",3,20
4062,"alternative theories",2,20
4063,"spacetime dimensions",2,20
4064,"holographic description",2,20
4065,"supergravity background",2,20
4066,"moduli fields",2,20
4067,"complex projective space",3,20
4068,"highest weight",2,20
4069,"heterotic string theory",3,20
4070,"cern large hadron collider lhc",5,20
4071,"zeus detector",2,20
4072,"fully reconstructed",2,20
4073,"transport phenomena",2,20
4074,"dynamic behaviour",2,20
4075,"tracking system",2,20
4076,"highly correlated",2,20
4077,"step size",2,20
4078,"carrier density",2,20
4079,"left right handed",3,20
4080,"quantum teleportation",2,20
4081,"lyapunov exponents",2,20
4082,"rigorous analysis",2,20
4083,"key question",2,20
4084,"result demonstrates",2,20
4085,"estimation techniques",2,20
4086,"gaussian beam",2,20
4087,"external driving",2,20
4088,"kerr metric",2,20
4089,"generalized parton",2,20
4090,"mixture models",2,20
4091,"fragmentation functions",2,20
4092,"jet formation",2,20
4093,"kinematic region",2,20
4094,"pion decay",2,20
4095,"compton scattering",2,20
4096,"low energy scales",3,20
4097,"dwarf nova",2,20
4098,"simulations confirm",2,20
4099,"candidate events",2,20
4100,"quadratic algebras",2,20
4101,"half light",2,20
4102,"filling factors",2,20
4103,"sudden change",2,20
4104,"scaling dimension",2,20
4105,"integer lattice",2,20
4106,"map phi",2,20
4107,"abelian varieties",2,20
4108,"strong consistency",2,20
4109,"heavy quark gluon plasma",4,20
4110,"hubble constant",2,20
4111,"laplace transform",2,20
4112,"permutation group",2,20
4113,"base manifold",2,20
4114,"physical laws",2,20
4115,"collective behavior",2,20
4116,"h.e s.s",2,20
4117,"star products",2,19
4118,"distance regular",2,19
4119,"optical path",2,19
4120,"two qubit systems",3,19
4121,"moment map",2,19
4122,"key step",2,19
4123,"flux qubit",2,19
4124,"main motivation",2,19
4125,"projective measurement",2,19
4126,"nonrelativistic limit",2,19
4127,"averages over",2,19
4128,"nonlocal correlations",2,19
4129,"nearest neighbor interactions",3,19
4130,"exponent gamma",2,19
4131,"covariance matrices",2,19
4132,"closely connected",2,19
4133,"rotationally invariant",2,19
4134,"stochastic differential equations",3,19
4135,"energy cost",2,19
4136,"transient events",2,19
4137,"spatially dependent",2,19
4138,"vector space time",3,19
4139,"quantitative predictions",2,19
4140,"autocorrelation function",2,19
4141,"dimensionless parameter",2,19
4142,"world networks",2,19
4143,"back scattering",2,19
4144,"metric perturbation",2,19
4145,"related topics",2,19
4146,"power law tail",3,19
4147,"affine weyl group",3,19
4148,"gibbs measure",2,19
4149,"sub class",2,19
4150,"separable hilbert space",3,19
4151,"iterated function",2,19
4152,"exponentially localized",2,19
4153,"regression problems",2,19
4154,"wireless communication",2,19
4155,"statistical inference",2,19
4156,"bipartite graph",2,19
4157,"quality factors",2,19
4158,"optimal choice",2,19
4159,"classified according",2,19
4160,"dominant source",2,19
4161,"raw data",2,19
4162,"dm halo",2,19
4163,"relative positions",2,19
4164,"turbulent cascade",2,19
4165,"star formation rates",3,19
4166,"lower metallicity",2,19
4167,"polarimetric observations",2,19
4168,"shear layer",2,19
4169,"dc bias",2,19
4170,"nucleus collision",2,19
4171,"rr lyrae stars",3,19
4172,"ray pulsar",2,19
4173,"sight velocity",2,19
4174,"population iii",2,19
4175,"multiwavelength analysis",2,19
4176,"multi epoch",2,19
4177,"thermal diffusion",2,19
4178,"solar cycle",2,19
4179,"net effect",2,19
4180,"compton thick",2,19
4181,"hydrodynamic evolution",2,19
4182,"intermediate redshifts",2,19
4183,"draw attention",2,19
4184,"spectroscopic studies",2,19
4185,"ray flares",2,19
4186,"galactic globular clusters",3,19
4187,"slowly rotating",2,19
4188,"metallicity dependence",2,19
4189,"hot electron",2,19
4190,"continuum emission lines",3,19
4191,"three year",2,19
4192,"circumstellar envelopes",2,19
4193,"null geodesics",2,19
4194,"suzaku observations",2,19
4195,"uv radiation",2,19
4196,"dark matter searches",3,19
4197,"dissipation term",2,19
4198,"solar chromosphere",2,19
4199,"evolves under",2,19
4200,"expansion velocity",2,19
4201,"jet break",2,19
4202,"ram pressure stripping",3,19
4203,"cosmic strings",2,19
4204,"circumstellar material",2,19
4205,"presently available",2,19
4206,"molecular cloud",2,19
4207,"iron abundance",2,19
4208,"central kpc",2,19
4209,"consistency relation",2,19
4210,"low redshifts",2,19
4211,"kuiper belt",2,19
4212,"alfven waves",2,19
4213,"current flows",2,19
4214,"optically selected",2,19
4215,"hot core",2,19
4216,"continuum intensity",2,19
4217,"direct searches",2,19
4218,"hot jupiters",2,19
4219,"acoustic oscillations",2,19
4220,"particles emitted",2,19
4221,"agrees within",2,19
4222,"millennium simulation",2,19
4223,"detection limits",2,19
4224,"mass accretion disk",3,19
4225,"simultaneous solution",2,19
4226,"optical counterparts",2,19
4227,"focal plane",2,19
4228,"massive halos",2,19
4229,"analysis confirms",2,19
4230,"elliptical galaxy",2,19
4231,"ray emitting",2,19
4232,"accurate estimates",2,19
4233,"indirect detection",2,19
4234,"poisson structures",2,19
4235,"homology classes",2,19
4236,"set partitions",2,19
4237,"cohomological dimension",2,19
4238,"recurrence relations",2,19
4239,"sp 2n",2,19
4240,"lipschitz function",2,19
4241,"cohomology modules",2,19
4242,"exactly equal",2,19
4243,"largest eigenvalue",2,19
4244,"diophantine approximation",2,19
4245,"main ingredient",2,19
4246,"parallel transport",2,19
4247,"survival probability",2,19
4248,"torus knot",2,19
4249,"local cohomology",2,19
4250,"level sets",2,19
4251,"small variations",2,19
4252,"dirichlet series",2,19
4253,"performance index",2,19
4254,"cyclic subgroup",2,19
4255,"conformal infinity",2,19
4256,"stress strain",2,19
4257,"free abelian group",3,19
4258,"spatially inhomogeneous",2,19
4259,"adaptive estimator",2,19
4260,"batalin vilkovisky",2,19
4261,"real valued",2,19
4262,"vector bundles",2,19
4263,"disjoint union",2,19
4264,"two level atom",3,19
4265,"string landscape",2,19
4266,"general picture",2,19
4267,"coordinate transformations",2,19
4268,"stability criterion",2,19
4269,"background cmb",2,19
4270,"quantization procedure",2,19
4271,"symmetry generators",2,19
4272,"space time series",3,19
4273,"de sitter space",3,19
4274,"co doped",2,19
4275,"pseudogap phase",2,19
4276,"next nearest neighbor",3,19
4277,"graphene layers",2,19
4278,"shear modulus",2,19
4279,"particles move",2,19
4280,"arbitrary shape",2,19
4281,"vibrational properties",2,19
4282,"raman scattering",2,19
4283,"gaas algaas",2,19
4284,"ab initio calculation",3,19
4285,"stationary regime",2,19
4286,"rich phase",2,19
4287,"diagrammatic approach",2,19
4288,"split up",2,19
4289,"exponent nu",2,19
4290,"inelastic scattering",2,19
4291,"inversion symmetry",2,19
4292,"slow light",2,19
4293,"berry phase",2,19
4294,"electrical current",2,19
4295,"scaling behaviour",2,19
4296,"dynamical supersymmetry",2,19
4297,"velocity fluctuations",2,19
4298,"planar interface",2,19
4299,"metallic phase transition",3,19
4300,"simulated annealing",2,19
4301,"bcs theory",2,19
4302,"superconductor ferromagnet",2,19
4303,"detailed numerical simulations",3,19
4304,"dilute regime",2,19
4305,"transverse momentum spectra",3,19
4306,"loss mechanisms",2,19
4307,"nuclear modification",2,19
4308,"bayesian networks",2,19
4309,"bethe salpeter",2,19
4310,"three body problem",3,19
4311,"flux tube",2,19
4312,"landau gauge theory",3,19
4313,"parameter theta",2,19
4314,"factorization approach",2,19
4315,"boson production",2,19
4316,"existing theoretical",2,19
4317,"ads qcd",2,19
4318,"multi frequency",2,19
4319,"charm quark",2,19
4320,"lee yang",2,19
4321,"charged black hole",3,19
4322,"higgs fields",2,19
4323,"equivalence relations",2,19
4324,"type iib string",3,19
4325,"remarkably simple",2,19
4326,"interacting agents",2,19
4327,"four orders",2,19
4328,"mass planets",2,19
4329,"crystal structures",2,19
4330,"temperature variations",2,19
4331,"under discussion",2,19
4332,"optimization techniques",2,19
4333,"forces acting",2,19
4334,"half line",2,19
4335,"enhancement factor",2,19
4336,"euclidean distance",2,19
4337,"genetic algorithm",2,19
4338,"tensor perturbations",2,19
4339,"physical explanation",2,19
4340,"predictive power",2,19
4341,"parton densities",2,19
4342,"parton shower",2,19
4343,"higgs field",2,19
4344,"type iib string theory",4,19
4345,"al arxiv",2,19
4346,"higher order parameter",3,19
4347,"violating asymmetry",2,19
4348,"autonomous systems",2,19
4349,"relativistic jet",2,19
4350,"ray luminous",2,19
4351,"ultra high energies",3,19
4352,"ccd camera",2,19
4353,"bulk material",2,19
4354,"seyfert galaxies",2,19
4355,"object oriented",2,19
4356,"full width",2,19
4357,"electrical conductivity",2,19
4358,"glassy dynamics",2,19
4359,"equilibrium points",2,19
4360,"emerge naturally",2,19
4361,"non thermal equilibrium",3,19
4362,"connected sum",2,19
4363,"totally real",2,19
4364,"solitary waves",2,19
4365,"rotational degrees",2,19
4366,"information storage",2,19
4367,"order parameter space",3,19
4368,"regge limit",2,19
4369,"storage rings",2,19
4370,"main difference",2,19
4371,"quantum zeno effect",3,18
4372,"highly connected",2,18
4373,"harmonic numbers",2,18
4374,"systems undergoing",2,18
4375,"classical logic",2,18
4376,"electromagnetically induced transparency eit",4,18
4377,"mutually unbiased bases",3,18
4378,"multi qubit",2,18
4379,"quantum cascade",2,18
4380,"ion trap",2,18
4381,"prior distribution",2,18
4382,"frequency comb",2,18
4383,"gibbs entropy",2,18
4384,"multiple access channel",3,18
4385,"gas cell",2,18
4386,"sub micron",2,18
4387,"rabi frequency",2,18
4388,"bell inequality",2,18
4389,"hidden variable",2,18
4390,"fundamental errors",2,18
4391,"polynomial identity",2,18
4392,"dual pairs",2,18
4393,"computationally simple",2,18
4394,"theoretic properties",2,18
4395,"genetic code",2,18
4396,"molecular biology",2,18
4397,"local density wave",3,18
4398,"boolean networks",2,18
4399,"balance equation",2,18
4400,"solitary wave",2,18
4401,"limiting distribution",2,18
4402,"kdv equation",2,18
4403,"sum capacity",2,18
4404,"fixed base",2,18
4405,"multiplicative noise",2,18
4406,"representative sample",2,18
4407,"satisfiability problem",2,18
4408,"likelihood ratio",2,18
4409,"logic programs",2,18
4410,"necessary consequence",2,18
4411,"constructive proof",2,18
4412,"computational tools",2,18
4413,"pattern recognition",2,18
4414,"occupation number",2,18
4415,"minimal area",2,18
4416,"performance tests",2,18
4417,"schur functions",2,18
4418,"em local",2,18
4419,"floating point",2,18
4420,"stellar feedback",2,18
4421,"burst grb afterglows",3,18
4422,"post agb stars",3,18
4423,"mean radial",2,18
4424,"dust particles",2,18
4425,"main ingredients",2,18
4426,"strongly variable",2,18
4427,"binary fraction",2,18
4428,"limiting magnitude",2,18
4429,"black hole production",3,18
4430,"rotating disks",2,18
4431,"background material",2,18
4432,"index alpha",2,18
4433,"warm gas",2,18
4434,"high velocity measurements",3,18
4435,"software package",2,18
4436,"mhd simulations",2,18
4437,"spherical topology",2,18
4438,"cosmic shear",2,18
4439,"mass distribution function",3,18
4440,"astrophysical applications",2,18
4441,"large scale structure formation",4,18
4442,"source counts",2,18
4443,"lightest neutrino",2,18
4444,"primary cosmic rays",3,18
4445,"fitting procedure",2,18
4446,"magnetic monopole",2,18
4447,"herbig ae",2,18
4448,"abundance measurements",2,18
4449,"dominant component",2,18
4450,"grain size",2,18
4451,"charged rotating",2,18
4452,"ii vi",2,18
4453,"galaxy clustering",2,18
4454,"high redshift range",3,18
4455,"neutralino dark matter",3,18
4456,"radio continuum",2,18
4457,"highly ionized",2,18
4458,"eta carinae",2,18
4459,"shell type",2,18
4460,"cosmic ray sources",3,18
4461,"numerical simulations suggest",3,18
4462,"individual objects",2,18
4463,"continuum emission",2,18
4464,"microwave background",2,18
4465,"duration gamma ray bursts grbs",5,18
4466,"light bending",2,18
4467,"apparent magnitude",2,18
4468,"driven outflows",2,18
4469,"rate dot",2,18
4470,"intrinsic shape",2,18
4471,"magnitude limited",2,18
4472,"magellanic clouds",2,18
4473,"color diagrams",2,18
4474,"slightly below",2,18
4475,"particle identification",2,18
4476,"effective radius",2,18
4477,"purely geometric",2,18
4478,"duty cycle",2,18
4479,"photometric bands",2,18
4480,"elemental abundances",2,18
4481,"derived functors",2,18
4482,"hypergeometric series",2,18
4483,"poisson manifolds",2,18
4484,"moduli stack",2,18
4485,"theoretical estimates",2,18
4486,"affine lie algebra",3,18
4487,"holomorphic map",2,18
4488,"see cite",2,18
4489,"riemann zeta function",3,18
4490,"smooth projective curve",3,18
4491,"central extension",2,18
4492,"picard group",2,18
4493,"water waves",2,18
4494,"compact riemann surfaces",3,18
4495,"inverse square",2,18
4496,"cup product",2,18
4497,"planar graph",2,18
4498,"planar graphs",2,18
4499,"supercritical case",2,18
4500,"interval maps",2,18
4501,"moving average",2,18
4502,"faithful representations",2,18
4503,"schrodinger operators",2,18
4504,"stochastic differential equation",3,18
4505,"open sets",2,18
4506,"edge weights",2,18
4507,"prime ideals",2,18
4508,"complete answer",2,18
4509,"fully nonlinear",2,18
4510,"neumann boundary conditions",3,18
4511,"genus zero",2,18
4512,"spectral gap",2,18
4513,"point defect",2,18
4514,"kerr geometry",2,18
4515,"well aligned",2,18
4516,"kerr black hole",3,18
4517,"neutral kaon",2,18
4518,"black hole spacetimes",3,18
4519,"braneworld cosmology",2,18
4520,"matches well",2,18
4521,"rapid change",2,18
4522,"longitudinal modes",2,18
4523,"andreev reflection",2,18
4524,"optimally doped",2,18
4525,"insulating behavior",2,18
4526,"fermionic atoms",2,18
4527,"faraday rotation",2,18
4528,"charge carrier",2,18
4529,"single electron hole",3,18
4530,"magnetic nanoparticles",2,18
4531,"superfluid 3he",2,18
4532,"sine gordon model",3,18
4533,"result seems",2,18
4534,"pi hbar",2,18
4535,"insulating phases",2,18
4536,"momentum distribution function",3,18
4537,"weak disorder",2,18
4538,"localization length",2,18
4539,"hysteresis loops",2,18
4540,"solid solution",2,18
4541,"double quantum dots",3,18
4542,"van der waals interaction",4,18
4543,"mean field equations",3,18
4544,"al si",2,18
4545,"amino acid",2,18
4546,"states dos",2,18
4547,"photonic crystals",2,18
4548,"weighted network",2,18
4549,"measuring device",2,18
4550,"temporal fluctuations",2,18
4551,"metal surfaces",2,18
4552,"like ions",2,18
4553,"mean square root",3,18
4554,"bosonic atoms",2,18
4555,"curie temperature",2,18
4556,"analytical treatment",2,18
4557,"cylindrically symmetric",2,18
4558,"surface plasmon",2,18
4559,"collective flow",2,18
4560,"hadronization model",2,18
4561,"pion electroproduction",2,18
4562,"jet quenching",2,18
4563,"four quark",2,18
4564,"broad peak",2,18
4565,"position sensitive",2,18
4566,"left handed",2,18
4567,"higgs unification",2,18
4568,"lambda qcd",2,18
4569,"schwinger dyson equation",3,18
4570,"soft gamma",2,18
4571,"under intense",2,18
4572,"collective modes",2,18
4573,"cern large",2,18
4574,"bottom quarks",2,18
4575,"strange quark masses",3,18
4576,"exotic hadrons",2,18
4577,"qq bar",2,18
4578,"canonical transformation",2,18
4579,"vertex operators",2,18
4580,"general covariance",2,18
4581,"fayet iliopoulos",2,18
4582,"natural assumptions",2,18
4583,"antisymmetric tensor",2,18
4584,"exact chiral symmetry",3,18
4585,"scaling limits",2,18
4586,"abelian gauge",2,18
4587,"supersymmetric quantum mechanics",3,18
4588,"lorentz group",2,18
4589,"fine tuning problem",3,18
4590,"operator product expansion",3,18
4591,"grand canonical ensemble",3,18
4592,"tau leptons",2,18
4593,"quantum monte carlo methods",4,18
4594,"remarkable result",2,18
4595,"moving frame",2,18
4596,"novel feature",2,18
4597,"curvature tensor",2,18
4598,"ohmic dissipation",2,18
4599,"surface detector",2,18
4600,"radially symmetric",2,18
4601,"flag manifold",2,18
4602,"conduction band",2,18
4603,"hyperfine coupling",2,18
4604,"parameters defining",2,18
4605,"noise levels",2,18
4606,"neutral fraction",2,18
4607,"phylogenetic trees",2,18
4608,"sizes up",2,18
4609,"chromatic number",2,18
4610,"critical discussion",2,18
4611,"key issue",2,18
4612,"alpha elements",2,18
4613,"quintessence models",2,18
4614,"solar value",2,18
4615,"sound waves",2,18
4616,"deep wide field",3,18
4617,"relative abundances",2,18
4618,"emission features",2,18
4619,"bolometric luminosity",2,18
4620,"galactic scales",2,18
4621,"covariant derivative",2,18
4622,"area law",2,18
4623,"pair production cross section",4,18
4624,"plasma instabilities",2,18
4625,"continuity properties",2,18
4626,"time dependent cp asymmetries",4,18
4627,"electromagnetic form factor",3,18
4628,"wilson lines",2,18
4629,"simple cubic",2,18
4630,"parallel plates",2,18
4631,"clover action",2,18
4632,"nf dynamical",2,18
4633,"curvature perturbation",2,18
4634,"secondary star",2,18
4635,"medium resolution",2,18
4636,"angular momentum space",3,18
4637,"ly alpha",2,18
4638,"cosmic history",2,18
4639,"projected distance",2,18
4640,"well accepted",2,18
4641,"theoretical expectations",2,18
4642,"local group velocity",3,18
4643,"submillimeter array sma",3,18
4644,"elastic collisions",2,18
4645,"euclidean signature",2,18
4646,"unit interval",2,18
4647,"high tc superconductors",3,18
4648,"trapped ion",2,18
4649,"fractional quantum hall",3,18
4650,"condensate bec",2,18
4651,"second order parameter",3,18
4652,"below mk",2,18
4653,"periodic variations",2,18
4654,"circular dichroism",2,18
4655,"magnetization reversal",2,18
4656,"single cell",2,18
4657,"electron phonon",2,18
4658,"spin asymmetry",2,18
4659,"electron microscopy",2,18
4660,"symbolic dynamics",2,18
4661,"dense subset",2,18
4662,"binomial coefficients",2,18
4663,"coherent sheaves",2,18
4664,"adjacency matrix",2,18
4665,"highly charged",2,18
4666,"electron impact",2,18
4667,"weak turbulence",2,18
4668,"spatial coordinates",2,18
4669,"beam direction",2,18
4670,"polarization transfer",2,18
4671,"fermionic fields",2,18
4672,"susy particles",2,18
4673,"conditional distribution",2,18
4674,"double layer",2,18
4675,"scales linearly",2,18
4676,"tan beta",2,18
4677,"fading channels",2,18
4678,"memory effect",2,18
4679,"semiconductor quantum wells",3,17
4680,"convolutional codes",2,17
4681,"partial transpose",2,17
4682,"translationally invariant",2,17
4683,"short time dependent",3,17
4684,"conceptual framework",2,17
4685,"fluorescence light",2,17
4686,"joint measurement",2,17
4687,"unlike standard",2,17
4688,"ising chain",2,17
4689,"revised version",2,17
4690,"local hidden",2,17
4691,"phase locked",2,17
4692,"near degeneracy",2,17
4693,"atom interferometer",2,17
4694,"mutual interaction",2,17
4695,"haar measure",2,17
4696,"physical arguments",2,17
4697,"tunneling probability",2,17
4698,"share many",2,17
4699,"secure communication",2,17
4700,"specific assumptions",2,17
4701,"raman active",2,17
4702,"evanescent modes",2,17
4703,"hilbert space time",3,17
4704,"run simulation",2,17
4705,"microwave cavity",2,17
4706,"atomic vapor",2,17
4707,"exceptional points",2,17
4708,"non zero temperature",3,17
4709,"global oscillations",2,17
4710,"protein folding",2,17
4711,"simple roots",2,17
4712,"toda lattice",2,17
4713,"noncommutative gauge",2,17
4714,"lower bound state",3,17
4715,"levy processes",2,17
4716,"seiberg witten",2,17
4717,"nearly optimal",2,17
4718,"statistical tests",2,17
4719,"source coding",2,17
4720,"mimo channels",2,17
4721,"information criteria",2,17
4722,"decision procedure",2,17
4723,"rotation speed",2,17
4724,"low snr",2,17
4725,"heuristic algorithm",2,17
4726,"selection bias",2,17
4727,"capacity region",2,17
4728,"programming language",2,17
4729,"plane partitions",2,17
4730,"computational resources",2,17
4731,"bit error rate",3,17
4732,"type ia",2,17
4733,"uves spectra",2,17
4734,"optical nir",2,17
4735,"mips micron",2,17
4736,"legacy survey",2,17
4737,"toroidal magnetic field",3,17
4738,"parent galaxies",2,17
4739,"deep impact",2,17
4740,"pulsation periods",2,17
4741,"low mass distributions",3,17
4742,"gaseous disk",2,17
4743,"bright quasars",2,17
4744,"obscured agn",2,17
4745,"photoionization models",2,17
4746,"competing models",2,17
4747,"embedded sources",2,17
4748,"clearly indicate",2,17
4749,"nuclear activity",2,17
4750,"inner few",2,17
4751,"perturbations around",2,17
4752,"abundance ratio",2,17
4753,"young pulsars",2,17
4754,"element abundances",2,17
4755,"candidate members",2,17
4756,"millisecond pulsar",2,17
4757,"vacuum expectation value",3,17
4758,"current sheet",2,17
4759,"reverse shock",2,17
4760,"parent star",2,17
4761,"simulations indicate",2,17
4762,"pulsar magnetosphere",2,17
4763,"pole structure",2,17
4764,"second peak",2,17
4765,"earth masses",2,17
4766,"factor nu",2,17
4767,"spheroidal dsph",2,17
4768,"rotating disk",2,17
4769,"integral satellite",2,17
4770,"grb afterglows",2,17
4771,"ultra high energy spectrum",4,17
4772,"opening angle",2,17
4773,"astronomical observatory",2,17
4774,"modification factor",2,17
4775,"next few",2,17
4776,"transiting planets",2,17
4777,"eddington luminosity",2,17
4778,"fast rotation",2,17
4779,"flux compactification",2,17
4780,"vary over",2,17
4781,"inflaton field",2,17
4782,"series representations",2,17
4783,"central star formation",3,17
4784,"supernova remnants snrs",3,17
4785,"reionization epoch",2,17
4786,"triggered star formation",3,17
4787,"around ev",2,17
4788,"centered around",2,17
4789,"hot spots",2,17
4790,"radial distance",2,17
4791,"massive star formation rate",4,17
4792,"ray cr",2,17
4793,"global minimum",2,17
4794,"strongly asymmetric",2,17
4795,"brown dwarf",2,17
4796,"cluster center",2,17
4797,"strongly magnetized",2,17
4798,"induced collapse",2,17
4799,"near infrared luminosity",3,17
4800,"closely spaced",2,17
4801,"new diagnostic",2,17
4802,"instability threshold",2,17
4803,"photometric variability",2,17
4804,"hcn hco",2,17
4805,"dense molecular gas",3,17
4806,"radial distribution",2,17
4807,"broadband spectral",2,17
4808,"black hole mergers",3,17
4809,"central densities",2,17
4810,"strong correlation function",3,17
4811,"linearly polarized",2,17
4812,"proper definition",2,17
4813,"infinitesimal deformations",2,17
4814,"complex multiplication",2,17
4815,"global conformal",2,17
4816,"sphere s2",2,17
4817,"commutative associative",2,17
4818,"toric manifolds",2,17
4819,"source destination",2,17
4820,"polynomial growth",2,17
4821,"solid solutions",2,17
4822,"normal subgroups",2,17
4823,"correspondence principle",2,17
4824,"meromorphic functions",2,17
4825,"completely positive maps",3,17
4826,"modular invariant",2,17
4827,"bond percolation",2,17
4828,"binary trees",2,17
4829,"non local group",3,17
4830,"projective line",2,17
4831,"schur algebras",2,17
4832,"isolated singularity",2,17
4833,"optimal transport",2,17
4834,"particle hydrodynamics",2,17
4835,"kernel methods",2,17
4836,"besov spaces",2,17
4837,"level crossing",2,17
4838,"geodesic flows",2,17
4839,"systematic derivation",2,17
4840,"quasi regular",2,17
4841,"equivalence transformations",2,17
4842,"self avoiding",2,17
4843,"asymmetric simple",2,17
4844,"planck length",2,17
4845,"fourier transforms",2,17
4846,"weighted networks",2,17
4847,"asymptotic expression",2,17
4848,"elliptic curve",2,17
4849,"fourier expansion",2,17
4850,"conformal field",2,17
4851,"closed form expressions",3,17
4852,"wheeler dewitt",2,17
4853,"tidal field",2,17
4854,"world line",2,17
4855,"statistical quantities",2,17
4856,"gravitational field theories",3,17
4857,"step like",2,17
4858,"electron diffraction",2,17
4859,"langevin equations",2,17
4860,"substrate induced",2,17
4861,"molecular dynamics md simulations",4,17
4862,"bilayer system",2,17
4863,"lattice distortion",2,17
4864,"three qubit",2,17
4865,"elastic constants",2,17
4866,"crossover region",2,17
4867,"ac conductivity",2,17
4868,"electronic transport",2,17
4869,"free energy density",3,17
4870,"na coo",2,17
4871,"rotational motion",2,17
4872,"exchange bias",2,17
4873,"hall conductivity",2,17
4874,"majority spin",2,17
4875,"symmetry breaking pattern",3,17
4876,"tunnel junctions",2,17
4877,"parabolic potential",2,17
4878,"metallic nanoparticles",2,17
4879,"long ranged",2,17
4880,"orbit coupling",2,17
4881,"pulse period",2,17
4882,"vibrational modes",2,17
4883,"cellular automaton",2,17
4884,"oscillation period",2,17
4885,"parametric resonance",2,17
4886,"insulating phase",2,17
4887,"included via",2,17
4888,"2d electron",2,17
4889,"mott insulator transition metal",4,17
4890,"exponential tail",2,17
4891,"ferromagnetic layer",2,17
4892,"principles calculations",2,17
4893,"superconducting phases",2,17
4894,"general considerations",2,17
4895,"al science",2,17
4896,"switching off",2,17
4897,"grain boundary",2,17
4898,"existing experimental data",3,17
4899,"bose gases",2,17
4900,"spin ladder",2,17
4901,"highly anisotropic",2,17
4902,"excluded volume",2,17
4903,"friedel oscillations",2,17
4904,"relative strength",2,17
4905,"analytical formula",2,17
4906,"except near",2,17
4907,"vortex motion",2,17
4908,"wavelength dependence",2,17
4909,"non linear sigma model",4,17
4910,"low temperature dependent",3,17
4911,"relaxation rates",2,17
4912,"impulse approximation",2,17
4913,"collider rhic",2,17
4914,"eta meson",2,17
4915,"high angular",2,17
4916,"spherical shell",2,17
4917,"microscopic calculation",2,17
4918,"psi etac",2,17
4919,"eta prime",2,17
4920,"thermal leptogenesis",2,17
4921,"driven inflation",2,17
4922,"bose einstein",2,17
4923,"gluon condensate",2,17
4924,"non strange",2,17
4925,"littlest higgs",2,17
4926,"yukawa coupling",2,17
4927,"constraints coming",2,17
4928,"charmonium spectroscopy",2,17
4929,"discrete nature",2,17
4930,"spectral energy spectrum",3,17
4931,"supersymmetric particle",2,17
4932,"metastable vacua",2,17
4933,"partially quenched",2,17
4934,"phenomenological analysis",2,17
4935,"anomaly cancellation",2,17
4936,"real scalar",2,17
4937,"b1 b2",2,17
4938,"anomalous dimensions",2,17
4939,"symplectic geometry",2,17
4940,"string compactifications",2,17
4941,"rg flow",2,17
4942,"mixed action",2,17
4943,"friedmann equations",2,17
4944,"string phenomenology",2,17
4945,"ordinary matter",2,17
4946,"chern simons term",3,17
4947,"gradient flow",2,17
4948,"anisotropic lattices",2,17
4949,"staggered fermions",2,17
4950,"financial returns",2,17
4951,"harmonic generation",2,17
4952,"level spacing",2,17
4953,"earth mass",2,17
4954,"two adjacent",2,17
4955,"laboratory tests",2,17
4956,"significant deviations",2,17
4957,"cancer cells",2,17
4958,"internal waves",2,17
4959,"unitary evolution",2,17
4960,"bell inequalities",2,17
4961,"analytic techniques",2,17
4962,"decoherence free",2,17
4963,"jaynes cummings model",3,17
4964,"bb84 protocol",2,17
4965,"main attention",2,17
4966,"phonon interaction",2,17
4967,"experimentally feasible",2,17
4968,"protein interaction",2,17
4969,"interference limited",2,17
4970,"sparse graphs",2,17
4971,"two stream",2,17
4972,"arbitrary geometries",2,17
4973,"penetration depth",2,17
4974,"within errors",2,17
4975,"slope parameters",2,17
4976,"gr qc",2,17
4977,"extra dimensional",2,17
4978,"null result",2,17
4979,"leptonic decays",2,17
4980,"external magnetic",2,17
4981,"electron positron annihilation",3,17
4982,"orbifold compactification",2,17
4983,"bps states",2,17
4984,"basic facts",2,17
4985,"projection operators",2,17
4986,"metastable vacuum",2,17
4987,"brane instantons",2,17
4988,"velocity curves",2,17
4989,"stochastic background",2,17
4990,"external perturbations",2,17
4991,"radiative transfer code",3,17
4992,"quasi spherical",2,17
4993,"spinor condensates",2,17
4994,"well pronounced",2,17
4995,"perfectly conducting",2,17
4996,"photoemission spectroscopy",2,17
4997,"pair correlation function",3,17
4998,"electronic specific heat",3,17
4999,"fundamental principles",2,17
5000,"local coordinates",2,17
5001,"second moments",2,17
5002,"solvable groups",2,17
5003,"greedy algorithm",2,17
5004,"around kev",2,17
5005,"generalized entropies",2,17
5006,"extra term",2,17
5007,"result confirms",2,17
5008,"flat space time",3,17
5009,"lie superalgebra",2,17
5010,"first sight",2,17
5011,"topological current",2,17
5012,"specific choice",2,17
5013,"minimum mass",2,17
5014,"phonon induced",2,17
5015,"soft gamma ray emission",4,17
5016,"ref cite",2,17
5017,"coarse grained models",3,17
5018,"zig zag",2,17
5019,"mh gev",2,17
5020,"core shell model",3,17
5021,"energy content",2,17
5022,"remote sensing",2,17
5023,"classical bits",2,16
5024,"secure against",2,16
5025,"thermodynamical limit",2,16
5026,"entanglement witnesses",2,16
5027,"unruh effect",2,16
5028,"grover search algorithm",3,16
5029,"dynamic correlations",2,16
5030,"similar constructions",2,16
5031,"block size",2,16
5032,"new ingredients",2,16
5033,"turing machines",2,16
5034,"measurement outcomes",2,16
5035,"feedback mechanism",2,16
5036,"four wave mixing",3,16
5037,"adiabatic theorem",2,16
5038,"excited atomic",2,16
5039,"limited resources",2,16
5040,"physical situation",2,16
5041,"phase estimation",2,16
5042,"induced variations",2,16
5043,"ensemble averages",2,16
5044,"accurate treatment",2,16
5045,"general statement",2,16
5046,"escherichia coli",2,16
5047,"weak links",2,16
5048,"data acquired",2,16
5049,"dissipation relation",2,16
5050,"random matrix ensembles",3,16
5051,"information concerning",2,16
5052,"gel fand",2,16
5053,"two variants",2,16
5054,"linear superposition",2,16
5055,"integral formalism",2,16
5056,"cartesian coordinates",2,16
5057,"deviation principle",2,16
5058,"coupled cluster states",3,16
5059,"additive noise",2,16
5060,"conjugacy problem",2,16
5061,"transfer code",2,16
5062,"molecular orbital",2,16
5063,"extended affine",2,16
5064,"average delay",2,16
5065,"binary sequences",2,16
5066,"block length",2,16
5067,"kalman filter",2,16
5068,"countable sets",2,16
5069,"management systems",2,16
5070,"achievable rates",2,16
5071,"resource allocation",2,16
5072,"data intensive",2,16
5073,"virtual observatory",2,16
5074,"matching conditions",2,16
5075,"binary symmetric",2,16
5076,"software components",2,16
5077,"black box",2,16
5078,"rate distortion",2,16
5079,"magellanic cloud lmc",3,16
5080,"shallow water",2,16
5081,"absorbing gas",2,16
5082,"optically bright",2,16
5083,"prompt photon",2,16
5084,"turbulent motions",2,16
5085,"surface convection",2,16
5086,"vertical direction",2,16
5087,"emitting regions",2,16
5088,"research topic",2,16
5089,"wind material",2,16
5090,"pulse profile",2,16
5091,"greatly improved",2,16
5092,"theoretical investigations",2,16
5093,"spectrum synthesis",2,16
5094,"rxte observations",2,16
5095,"angular correlation",2,16
5096,"particle tracking",2,16
5097,"software tools",2,16
5098,"nuclei agn",2,16
5099,"ray absorption",2,16
5100,"keck ii",2,16
5101,"ram pressure",2,16
5102,"loss mechanism",2,16
5103,"body simulation",2,16
5104,"basic assumptions",2,16
5105,"black hole sgr",3,16
5106,"radiative feedback",2,16
5107,"current deep",2,16
5108,"primary particle",2,16
5109,"moving object",2,16
5110,"high latitude",2,16
5111,"gamma ray burst grb",4,16
5112,"functional theory dft calculations",4,16
5113,"rotational axis",2,16
5114,"orbital elements",2,16
5115,"many body problem",3,16
5116,"two body simulations",3,16
5117,"photometric monitoring",2,16
5118,"decaying dark matter",3,16
5119,"intrinsic luminosity",2,16
5120,"largest scales",2,16
5121,"cmb maps",2,16
5122,"weak gravitational lensing",3,16
5123,"intracluster gas",2,16
5124,"star formation activity",3,16
5125,"temperature gradient",2,16
5126,"explosion energy",2,16
5127,"longer wavelengths",2,16
5128,"limiting value",2,16
5129,"dominant population",2,16
5130,"lick indices",2,16
5131,"detection threshold",2,16
5132,"lambda cdm",2,16
5133,"hot spot",2,16
5134,"co molecules",2,16
5135,"terrestrial planets",2,16
5136,"dramatic effect",2,16
5137,"astrometric observations",2,16
5138,"pointed stable",2,16
5139,"absolute magnitude",2,16
5140,"orbital periods",2,16
5141,"inner edge",2,16
5142,"rotational velocity",2,16
5143,"velocity anisotropy",2,16
5144,"strong gravitational",2,16
5145,"disk center",2,16
5146,"initial radius",2,16
5147,"neutrino telescopes",2,16
5148,"distance modulus",2,16
5149,"heavy element",2,16
5150,"faint red",2,16
5151,"dominates over",2,16
5152,"radial distributions",2,16
5153,"tev gamma rays",3,16
5154,"colour magnitude",2,16
5155,"spectral feature",2,16
5156,"evolutionary history",2,16
5157,"pressure equilibrium",2,16
5158,"dark matter power",3,16
5159,"extra mixing",2,16
5160,"densities below",2,16
5161,"photon index",2,16
5162,"jump conditions",2,16
5163,"general applicability",2,16
5164,"north south",2,16
5165,"kodaira dimension",2,16
5166,"graded lie algebra",3,16
5167,"cdot nabla",2,16
5168,"geometric characterization",2,16
5169,"compact hypersurfaces",2,16
5170,"combinatorial description",2,16
5171,"noetherian local ring",3,16
5172,"cayley graphs",2,16
5173,"riemann zeta",2,16
5174,"radon transform",2,16
5175,"converges weakly",2,16
5176,"noisy observations",2,16
5177,"non recursive",2,16
5178,"poincare algebra",2,16
5179,"hyperplane arrangements",2,16
5180,"problem asks",2,16
5181,"theorem says",2,16
5182,"contact manifold",2,16
5183,"isolated points",2,16
5184,"end points",2,16
5185,"inverse limits",2,16
5186,"j1 j2",2,16
5187,"symplectic form",2,16
5188,"complex projective varieties",3,16
5189,"wiener space",2,16
5190,"cartan connection",2,16
5191,"symmetric group sn",3,16
5192,"semigroup algebras",2,16
5193,"ricci flat",2,16
5194,"linear ordinary",2,16
5195,"levi civita connection",3,16
5196,"long time dependent",3,16
5197,"product expansion",2,16
5198,"locally free",2,16
5199,"random vectors",2,16
5200,"fractional generalization",2,16
5201,"generic fiber",2,16
5202,"bounded away",2,16
5203,"brane worlds",2,16
5204,"renormalization procedure",2,16
5205,"black hole evaporation",3,16
5206,"new horizons",2,16
5207,"geodesic flow",2,16
5208,"modified dispersion relation",3,16
5209,"salient features",2,16
5210,"thin shell",2,16
5211,"gaussian basis",2,16
5212,"optical tweezers",2,16
5213,"confirmed numerically",2,16
5214,"varying thickness",2,16
5215,"spinning particle",2,16
5216,"dissipative processes",2,16
5217,"novel phenomenon",2,16
5218,"activity patterns",2,16
5219,"short introduction",2,16
5220,"polarized current",2,16
5221,"nonlinear oscillator",2,16
5222,"nano structures",2,16
5223,"short ranged",2,16
5224,"pair breaking",2,16
5225,"pressures up",2,16
5226,"polymer solutions",2,16
5227,"phase coexistence",2,16
5228,"electron phonon coupling",3,16
5229,"tunneling spectroscopy",2,16
5230,"heat conductivity",2,16
5231,"keldysh formalism",2,16
5232,"dynamically unstable",2,16
5233,"distributed computing",2,16
5234,"organic materials",2,16
5235,"helium atoms",2,16
5236,"bosonization approach",2,16
5237,"valence bond",2,16
5238,"collective phenomena",2,16
5239,"classical trajectory",2,16
5240,"ferromagnetic semiconductor",2,16
5241,"gap opening",2,16
5242,"peak intensity",2,16
5243,"soliton like",2,16
5244,"three dimensional electron",3,16
5245,"harmonically trapped",2,16
5246,"magnetic domains",2,16
5247,"zero temperature dependence",3,16
5248,"random force",2,16
5249,"wider class",2,16
5250,"numerical renormalization group",3,16
5251,"co ni",2,16
5252,"static disorder",2,16
5253,"nonlinear sigma model",3,16
5254,"direct numerical",2,16
5255,"transient behavior",2,16
5256,"molecular beam epitaxy",3,16
5257,"low temperature tc",3,16
5258,"diffusive behavior",2,16
5259,"composite fermion",2,16
5260,"synthesis models",2,16
5261,"magnetization dynamics",2,16
5262,"radial flow",2,16
5263,"star detector",2,16
5264,"jefferson lab",2,16
5265,"color glass condensate",3,16
5266,"hadron spectra",2,16
5267,"partial differential",2,16
5268,"collective motion",2,16
5269,"fully covariant",2,16
5270,"pauli blocking",2,16
5271,"observables sensitive",2,16
5272,"variational calculation",2,16
5273,"roughly consistent",2,16
5274,"axion like",2,16
5275,"drell yan",2,16
5276,"gluino masses",2,16
5277,"lepton flavor",2,16
5278,"gut scale",2,16
5279,"qualitative behavior",2,16
5280,"goldstone bosons",2,16
5281,"kinematical region",2,16
5282,"pi nu",2,16
5283,"nc limit",2,16
5284,"non relativistic quantum mechanics",4,16
5285,"hep ph",2,16
5286,"detailed discussion",2,16
5287,"supersymmetric yang mills theory",4,16
5288,"gravity duality",2,16
5289,"topological solitons",2,16
5290,"open strings",2,16
5291,"n1 n2",2,16
5292,"inertial frames",2,16
5293,"euclidean plane",2,16
5294,"similarity transformation",2,16
5295,"bosonic sector",2,16
5296,"type iia string",3,16
5297,"star product",2,16
5298,"epsilon regime",2,16
5299,"recursion formula",2,16
5300,"calabi yau manifolds",3,16
5301,"brane inflation",2,16
5302,"quark antiquark",2,16
5303,"supersymmetry algebra",2,16
5304,"pure gauge theory",3,16
5305,"apparent horizon",2,16
5306,"dalitz plot analysis",3,16
5307,"angle alpha",2,16
5308,"improved wilson",2,16
5309,"dynamo model",2,16
5310,"sur les",2,16
5311,"rich clusters",2,16
5312,"opinion dynamics",2,16
5313,"ising spin glass",3,16
5314,"system reaches",2,16
5315,"pulse shapes",2,16
5316,"simultaneous measurement",2,16
5317,"femtosecond laser pulse",3,16
5318,"equilibrium measures",2,16
5319,"weakly nonlinear",2,16
5320,"soliton solution",2,16
5321,"dielectric medium",2,16
5322,"quantum memory",2,16
5323,"variable coefficient",2,16
5324,"cantor set",2,16
5325,"geometric phases",2,16
5326,"scattering problems",2,16
5327,"objective function",2,16
5328,"laser cooling",2,16
5329,"qubit systems",2,16
5330,"resources available",2,16
5331,"density matrix renormalization group dmrg",5,16
5332,"non linear growth",3,16
5333,"numerical invariants",2,16
5334,"coding scheme",2,16
5335,"linear chain",2,16
5336,"theta log",2,16
5337,"decision problems",2,16
5338,"organic molecules",2,16
5339,"solar neighborhood",2,16
5340,"clear physical",2,16
5341,"strongly affect",2,16
5342,"ages myr",2,16
5343,"strongly localized",2,16
5344,"external forces",2,16
5345,"radial basis",2,16
5346,"lorentz transformations",2,16
5347,"sobolev inequalities",2,16
5348,"inhomogeneous universe",2,16
5349,"generic assumptions",2,16
5350,"neutrino mixing",2,16
5351,"heavy quark masses",3,16
5352,"charm mesons",2,16
5353,"leptonic decay",2,16
5354,"percent level",2,16
5355,"adjoint representation",2,16
5356,"soft modes",2,16
5357,"acts like",2,16
5358,"renormalization group flow",3,16
5359,"riemann tensor",2,16
5360,"flavour physics",2,16
5361,"global attractor",2,16
5362,"mechanisms leading",2,16
5363,"ionizing radiation",2,16
5364,"microwave frequencies",2,16
5365,"limit cycles",2,16
5366,"6-m telescope",2,16
5367,"habitable planet",2,16
5368,"granular materials",2,16
5369,"three terminal",2,16
5370,"virtual photons",2,16
5371,"anisotropic media",2,16
5372,"dynamical mean field",3,16
5373,"back action",2,16
5374,"magnetocaloric effect",2,16
5375,"filling fraction",2,16
5376,"trapped fermi gas",3,16
5377,"extreme case",2,16
5378,"cluster expansion",2,16
5379,"scaling functions",2,16
5380,"bose fermi",2,16
5381,"photoemission spectra",2,16
5382,"coarse graining",2,16
5383,"easy plane",2,16
5384,"strongly disordered",2,16
5385,"trapping mechanism",2,16
5386,"accurately reproduce",2,16
5387,"semiconductor quantum dot",3,16
5388,"elasticity theory",2,16
5389,"saturation magnetization",2,16
5390,"hours after",2,16
5391,"heisenberg antiferromagnet",2,16
5392,"naturally isomorphic",2,16
5393,"embedding theorem",2,16
5394,"periodic boundary",2,16
5395,"pointwise estimates",2,16
5396,"long ago",2,16
5397,"heavy tailed",2,16
5398,"exterior algebra",2,16
5399,"regression models",2,16
5400,"black scholes",2,16
5401,"exact treatment",2,16
5402,"reaction rates",2,16
5403,"induced reactions",2,16
5404,"time ago",2,16
5405,"observational cosmology",2,16
5406,"exact analytic",2,16
5407,"extracting information",2,16
5408,"molecular motors",2,16
5409,"parametric down conversion",3,16
5410,"calabi yau threefolds",3,16
5411,"transfer matrices",2,16
5412,"su yang mills theory",4,16
5413,"shortest path",2,16
5414,"game played",2,16
5415,"convex polytopes",2,16
5416,"planetary nebulae pne",3,16
5417,"metal films",2,16
5418,"topological nature",2,16
5419,"complex tori",2,16
5420,"mutually non",2,16
5421,"endomorphism algebra",2,16
5422,"ornstein uhlenbeck",2,16
5423,"network topologies",2,16
5424,"vector meson",2,16
5425,"quark sector",2,16
5426,"collider phenomenology",2,16
5427,"heavy baryon",2,16
5428,"fine tuned",2,16
5429,"graphical models",2,16
5430,"index formula",2,16
5431,"machining applications",2,16
5432,"over fq",2,16
5433,"hinode observations",2,16
5434,"local realism",2,15
5435,"thermal broadening",2,15
5436,"staggered magnetic field",3,15
5437,"individual qubits",2,15
5438,"winding number",2,15
5439,"ghz states",2,15
5440,"translational motion",2,15
5441,"rubidium atoms",2,15
5442,"prime dimensions",2,15
5443,"go theorem",2,15
5444,"symmetric convex",2,15
5445,"technological applications",2,15
5446,"bosonic particles",2,15
5447,"precise definition",2,15
5448,"non abelian gauge",3,15
5449,"wave vector potential",3,15
5450,"beam splitters",2,15
5451,"graduate students",2,15
5452,"massless dirac fermions",3,15
5453,"formal equivalence",2,15
5454,"diffraction pattern",2,15
5455,"optical waveguides",2,15
5456,"atoms inside",2,15
5457,"noncommutative parameters",2,15
5458,"pt symmetric hamiltonians",3,15
5459,"molecular beam",2,15
5460,"non gaussian noise",3,15
5461,"hawking effect",2,15
5462,"isotope effect",2,15
5463,"protein concentration",2,15
5464,"long memory",2,15
5465,"gene regulatory",2,15
5466,"evolutionary processes",2,15
5467,"random walker",2,15
5468,"chaotic attractors",2,15
5469,"langevin dynamics",2,15
5470,"corresponding deterministic",2,15
5471,"small world networks",3,15
5472,"energy theorems",2,15
5473,"partial differential operators",3,15
5474,"geometric quantization",2,15
5475,"external pressure",2,15
5476,"glauber dynamics",2,15
5477,"int omega",2,15
5478,"skew symmetric",2,15
5479,"topological vertex",2,15
5480,"jacobi matrices",2,15
5481,"fractional derivative",2,15
5482,"diffuse light",2,15
5483,"source node",2,15
5484,"objective functions",2,15
5485,"direct link",2,15
5486,"design principle",2,15
5487,"common belief",2,15
5488,"large bandwidth",2,15
5489,"general settings",2,15
5490,"sum rate",2,15
5491,"decoding algorithm",2,15
5492,"under moderate",2,15
5493,"rayleigh scattering",2,15
5494,"capacity achieving",2,15
5495,"execution time",2,15
5496,"impact factors",2,15
5497,"third generation",2,15
5498,"artificial intelligence",2,15
5499,"regular languages",2,15
5500,"data mining",2,15
5501,"probabilistic interpretation",2,15
5502,"quantization scheme",2,15
5503,"single star cluster",3,15
5504,"coronal activity",2,15
5505,"am stars",2,15
5506,"clusters containing",2,15
5507,"third family",2,15
5508,"habitable planets",2,15
5509,"nuclear starburst",2,15
5510,"ultracool dwarfs",2,15
5511,"circumstellar disks",2,15
5512,"tauri star",2,15
5513,"parsec scale",2,15
5514,"fisher information",2,15
5515,"detectable through",2,15
5516,"radial perturbations",2,15
5517,"beta equilibrium",2,15
5518,"loud quasars",2,15
5519,"giant pulses",2,15
5520,"response variable",2,15
5521,"model selection criteria",3,15
5522,"star formation histories",3,15
5523,"super massive",2,15
5524,"ambient magnetic field",3,15
5525,"cones over",2,15
5526,"cosmic rays uhecrs",3,15
5527,"moderately high",2,15
5528,"foreground contamination",2,15
5529,"narrow peak",2,15
5530,"spatial localization",2,15
5531,"ultra low",2,15
5532,"bare quark",2,15
5533,"ray outbursts",2,15
5534,"stellar object",2,15
5535,"strong deviations",2,15
5536,"hi cm",2,15
5537,"radiated energy",2,15
5538,"near infrared photometry",3,15
5539,"diluted magnetic field",3,15
5540,"gravitationally bound",2,15
5541,"ray background",2,15
5542,"body radiation",2,15
5543,"shocks through",2,15
5544,"massive haloes",2,15
5545,"expansion velocities",2,15
5546,"prompt phase",2,15
5547,"dust continuum",2,15
5548,"driving fields",2,15
5549,"rich galaxies",2,15
5550,"deceleration parameter",2,15
5551,"orbit determination",2,15
5552,"hundred gev",2,15
5553,"low mass companions",3,15
5554,"low mass loss",3,15
5555,"steep spectrum",2,15
5556,"brightness temperature",2,15
5557,"uv flux",2,15
5558,"solar flares",2,15
5559,"spitzer space",2,15
5560,"thermal instability",2,15
5561,"dark cloud",2,15
5562,"rapid variability",2,15
5563,"inspiral merger",2,15
5564,"stat syst mev",3,15
5565,"hard disks",2,15
5566,"density environments",2,15
5567,"becomes significant",2,15
5568,"clear correlation",2,15
5569,"myr old",2,15
5570,"chaplygin gas",2,15
5571,"kullback leibler",2,15
5572,"intermediate redshift",2,15
5573,"3d spectroscopy",2,15
5574,"mass assembly",2,15
5575,"heating source",2,15
5576,"metallicity distribution",2,15
5577,"environmental dependence",2,15
5578,"specific star",2,15
5579,"correct interpretation",2,15
5580,"powerful means",2,15
5581,"mas yr",2,15
5582,"total entropy",2,15
5583,"hubble time",2,15
5584,"southern hemisphere",2,15
5585,"line widths",2,15
5586,"circumstellar dust",2,15
5587,"minor effect",2,15
5588,"expansion history",2,15
5589,"ricci scalar",2,15
5590,"differentially rotating",2,15
5591,"plus minus",2,15
5592,"tensor category",2,15
5593,"young diagram",2,15
5594,"integral cohomology",2,15
5595,"intersection homology",2,15
5596,"lp lq",2,15
5597,"first chern class",3,15
5598,"sensitive test",2,15
5599,"absolutely continuous spectrum",3,15
5600,"hecke operators",2,15
5601,"maximal rank",2,15
5602,"conservation law",2,15
5603,"quillen model categories",3,15
5604,"polynomial automorphisms",2,15
5605,"cyclic subgroups",2,15
5606,"model category",2,15
5607,"julia set",2,15
5608,"extreme points",2,15
5609,"multifractal analysis",2,15
5610,"schroedinger equations",2,15
5611,"undirected graph",2,15
5612,"stanley reisner",2,15
5613,"branched covers",2,15
5614,"twisted version",2,15
5615,"many similarities",2,15
5616,"percolation threshold",2,15
5617,"hypergeometric functions",2,15
5618,"central extensions",2,15
5619,"irreducible characters",2,15
5620,"multi step",2,15
5621,"upper half plane",3,15
5622,"dimensional 2d",2,15
5623,"fractional calculus",2,15
5624,"real time dependent",3,15
5625,"giant component",2,15
5626,"bi hamiltonian",2,15
5627,"scalar degree",2,15
5628,"line bundles",2,15
5629,"constructive approach",2,15
5630,"conjugacy class",2,15
5631,"combinatorial identities",2,15
5632,"non empty",2,15
5633,"lagrangian submanifold",2,15
5634,"uniformly distributed over",3,15
5635,"conjugate points",2,15
5636,"dispersive estimates",2,15
5637,"multiplicity conjecture",2,15
5638,"acoustic waves",2,15
5639,"lyapunov function",2,15
5640,"nonlinear partial differential equations",4,15
5641,"star shaped",2,15
5642,"e1 e2",2,15
5643,"null hypothesis",2,15
5644,"theta leq",2,15
5645,"non associative",2,15
5646,"exponential convergence",2,15
5647,"completely integrable",2,15
5648,"parabolic equation",2,15
5649,"question asked",2,15
5650,"non linear stability",3,15
5651,"incompressible flows",2,15
5652,"nonlinear optics",2,15
5653,"hurst parameter",2,15
5654,"bending energy",2,15
5655,"classification theorem",2,15
5656,"suitably chosen",2,15
5657,"joint source",2,15
5658,"nonequilibrium thermodynamics",2,15
5659,"individual spins",2,15
5660,"direct integration",2,15
5661,"integral field theory",3,15
5662,"reissner nordstr om",3,15
5663,"electro weak",2,15
5664,"slow rotation",2,15
5665,"deformation procedure",2,15
5666,"planck equation",2,15
5667,"electric dipole moment",3,15
5668,"aligned spins",2,15
5669,"unexpected result",2,15
5670,"point defects",2,15
5671,"local hamiltonians",2,15
5672,"electrical resistance",2,15
5673,"moderate values",2,15
5674,"ab plane",2,15
5675,"resistivity rho",2,15
5676,"colossal magnetoresistance",2,15
5677,"transient phenomena",2,15
5678,"al ga",2,15
5679,"terahertz radiation",2,15
5680,"room temperature dependence",3,15
5681,"charge densities",2,15
5682,"electrons moving",2,15
5683,"valence electrons",2,15
5684,"kondo temperature",2,15
5685,"oxygen vacancies",2,15
5686,"rigidity result",2,15
5687,"lambda leq",2,15
5688,"traced back",2,15
5689,"ferromagnetic electrodes",2,15
5690,"circularly polarized light",3,15
5691,"computational effort",2,15
5692,"current density functional theory",4,15
5693,"microscopic derivation",2,15
5694,"random medium",2,15
5695,"vector potentials",2,15
5696,"susceptibility chi",2,15
5697,"non destructive",2,15
5698,"disorder strength",2,15
5699,"reached through",2,15
5700,"valence band structure",3,15
5701,"universal behaviour",2,15
5702,"dark solitons",2,15
5703,"circular shape",2,15
5704,"ac susceptibility",2,15
5705,"spin bath",2,15
5706,"exactly solvable models",3,15
5707,"detailed simulation",2,15
5708,"approximation lda",2,15
5709,"chemical network",2,15
5710,"canonical transformations",2,15
5711,"two dimensional 1d",3,15
5712,"cluster approximation",2,15
5713,"too strong",2,15
5714,"ferroelectric properties",2,15
5715,"coherence length",2,15
5716,"reaction mechanism",2,15
5717,"event reconstruction",2,15
5718,"readout electronics",2,15
5719,"relativistic mean",2,15
5720,"event fluctuations",2,15
5721,"low energy levels",3,15
5722,"manifestly covariant",2,15
5723,"half lives",2,15
5724,"meson exchange",2,15
5725,"nuclear matrix elements",3,15
5726,"bulk viscosity",2,15
5727,"linear confinement",2,15
5728,"schwinger model",2,15
5729,"large hadron collider",3,15
5730,"deeply virtual compton",3,15
5731,"chiral extrapolation",2,15
5732,"linear sigma",2,15
5733,"momentum transport",2,15
5734,"charged leptons",2,15
5735,"flavor symmetry breaking",3,15
5736,"observable consequences",2,15
5737,"renormalization scheme",2,15
5738,"non null",2,15
5739,"warp factor",2,15
5740,"noncommutative version",2,15
5741,"result concerns",2,15
5742,"charge transport properties",3,15
5743,"vector bosons",2,15
5744,"special lagrangian",2,15
5745,"supersymmetric extensions",2,15
5746,"combined action",2,15
5747,"topological charges",2,15
5748,"born infeld",2,15
5749,"faddeev popov",2,15
5750,"space time scales",3,15
5751,"universal constants",2,15
5752,"ten dimensional",2,15
5753,"trace anomaly",2,15
5754,"noncommutative gauge theory",3,15
5755,"stress energy",2,15
5756,"xi pi",2,15
5757,"bs system",2,15
5758,"scattering events",2,15
5759,"charmless hadronic",2,15
5760,"run ii detector",3,15
5761,"taylor expansion",2,15
5762,"dipole approximation",2,15
5763,"system supports",2,15
5764,"leading edge",2,15
5765,"fermilab tevatron ppbar collider",4,15
5766,"radiation trapping",2,15
5767,"wavelength region",2,15
5768,"adjustable parameters",2,15
5769,"extreme values",2,15
5770,"excess energies",2,15
5771,"lax pair",2,15
5772,"scanning probe",2,15
5773,"security against",2,15
5774,"reduced version",2,15
5775,"two photon number",3,15
5776,"signal idler",2,15
5777,"locally symmetric",2,15
5778,"query complexity",2,15
5779,"similarity measure",2,15
5780,"flows around",2,15
5781,"graph theoretical",2,15
5782,"sub optimal",2,15
5783,"strongly connected",2,15
5784,"statistically independent",2,15
5785,"globular clusters gcs",3,15
5786,"consistent explanation",2,15
5787,"ir luminosity",2,15
5788,"hydrogen hi",2,15
5789,"gyr old",2,15
5790,"telescope interferometer",2,15
5791,"mhd turbulence",2,15
5792,"result establishes",2,15
5793,"isometric action",2,15
5794,"preferred frame",2,15
5795,"consistency check",2,15
5796,"dominant mode",2,15
5797,"non radial",2,15
5798,"particle excitations",2,15
5799,"physical consequences",2,15
5800,"kt factorization approach",3,15
5801,"exact chiral",2,15
5802,"heavy neutral",2,15
5803,"gauge mediation",2,15
5804,"lepton sector",2,15
5805,"soft gluon",2,15
5806,"drell yan process",3,15
5807,"parton density",2,15
5808,"approx gev",2,15
5809,"mass matrix",2,15
5810,"mass hierarchy",2,15
5811,"non perturbative qcd",3,15
5812,"string topology",2,15
5813,"maximal entropy",2,15
5814,"charm production",2,15
5815,"gromov witten",2,15
5816,"path integral field",3,15
5817,"order correction",2,15
5818,"monitoring campaign",2,15
5819,"debris disks",2,15
5820,"color magnitude diagrams",3,15
5821,"stellar atmosphere",2,15
5822,"element abundance",2,15
5823,"non lte",2,15
5824,"extreme mass",2,15
5825,"observational consequences",2,15
5826,"band image",2,15
5827,"shower particles",2,15
5828,"ii supernovae",2,15
5829,"blast wave",2,15
5830,"dynkin diagram",2,15
5831,"optimality conditions",2,15
5832,"scanning tunneling microscopy",3,15
5833,"energy barrier",2,15
5834,"fr echet",2,15
5835,"self assembled",2,15
5836,"exact exchange",2,15
5837,"tip induced",2,15
5838,"fast rotating",2,15
5839,"experimental realizations",2,15
5840,"under pressure induced",3,15
5841,"effect originates",2,15
5842,"metallic phase",2,15
5843,"shubnikov de haas oscillations",4,15
5844,"perpendicular anisotropy",2,15
5845,"soft mode",2,15
5846,"prominent features",2,15
5847,"root systems",2,15
5848,"commutative rings",2,15
5849,"independent identically distributed",3,15
5850,"rational homology",2,15
5851,"harmonic map",2,15
5852,"measure valued",2,15
5853,"recursive approach",2,15
5854,"new characterizations",2,15
5855,"base pairs",2,15
5856,"nonlinear schrodinger equation",3,15
5857,"unitary dynamics",2,15
5858,"evolve under",2,15
5859,"waves propagating",2,15
5860,"fixed target",2,15
5861,"locally optimal",2,15
5862,"squeezed states",2,15
5863,"dimensionally reduced",2,15
5864,"equivariant cohomology",2,15
5865,"intersecting branes",2,15
5866,"dimensional minkowski",2,15
5867,"few remarks",2,15
5868,"systematic construction",2,15
5869,"event driven",2,15
5870,"seconds after",2,15
5871,"analysis pca",2,15
5872,"la palma",2,15
5873,"lyman alpha forest",3,15
5874,"pulsation period",2,15
5875,"topological excitations",2,15
5876,"coulomb blockade regime",3,15
5877,"random potentials",2,15
5878,"force microscopy",2,15
5879,"local density functional theory",4,15
5880,"compact lie algebra",3,15
5881,"oriented surface",2,15
5882,"gradient estimates",2,15
5883,"infrared divergences",2,15
5884,"dirac neutrinos",2,15
5885,"arbitrarily weak",2,15
5886,"markov processes",2,15
5887,"coordinate transformation",2,15
5888,"point toward",2,15
5889,"mev c2",2,15
5890,"alday maldacena",2,15
5891,"loop spaces",2,15
5892,"power consumption",2,15
5893,"feed forward",2,14
5894,"coherently control",2,14
5895,"heisenberg picture",2,14
5896,"quantum jumps",2,14
5897,"passed through",2,14
5898,"characteristic patterns",2,14
5899,"phase gate",2,14
5900,"hartree fock hf",3,14
5901,"lattice regularization",2,14
5902,"discrete fourier transform",3,14
5903,"ultra short",2,14
5904,"phase matching",2,14
5905,"agent systems",2,14
5906,"blockade regime",2,14
5907,"world property",2,14
5908,"ideally suited",2,14
5909,"selective excitation",2,14
5910,"process conditioned",2,14
5911,"computational speed",2,14
5912,"mechanical description",2,14
5913,"spin coherence",2,14
5914,"optically driven",2,14
5915,"damping factor",2,14
5916,"almost degenerate",2,14
5917,"local oscillator",2,14
5918,"amino acids",2,14
5919,"received signal",2,14
5920,"multiscale approach",2,14
5921,"structural elements",2,14
5922,"transcription factor",2,14
5923,"membrane potential",2,14
5924,"modeling language",2,14
5925,"four terminal",2,14
5926,"rate constants",2,14
5927,"clearly visible",2,14
5928,"pulse propagation",2,14
5929,"sixth order",2,14
5930,"state potts model",3,14
5931,"universal covering",2,14
5932,"international conference",2,14
5933,"equation ut",2,14
5934,"directed polymers",2,14
5935,"anomalous transport",2,14
5936,"perturbative renormalization group",3,14
5937,"sherrington kirkpatrick model",3,14
5938,"ad hoc network",3,14
5939,"forward relaying",2,14
5940,"data stream",2,14
5941,"codeword length",2,14
5942,"countable family",2,14
5943,"his proof",2,14
5944,"two receivers",2,14
5945,"horizontal direction",2,14
5946,"time projection",2,14
5947,"spatially correlated",2,14
5948,"belief propagation",2,14
5949,"spectral efficiency",2,14
5950,"transmit power",2,14
5951,"white gaussian noise",3,14
5952,"access control",2,14
5953,"estimation procedures",2,14
5954,"user interface",2,14
5955,"timing properties",2,14
5956,"singular vectors",2,14
5957,"simultaneously active",2,14
5958,"performance measures",2,14
5959,"mathematical proof",2,14
5960,"ks xmm newton observation",4,14
5961,"ambient conditions",2,14
5962,"gamma ray spectrum",3,14
5963,"burst afterglows",2,14
5964,"sight toward",2,14
5965,"cold material",2,14
5966,"spectral index ns",3,14
5967,"near infrared nir",3,14
5968,"south west",2,14
5969,"volume limited",2,14
5970,"pattern speed",2,14
5971,"spiral structure",2,14
5972,"field south",2,14
5973,"cryogenic temperatures",2,14
5974,"mechanism producing",2,14
5975,"intimately connected",2,14
5976,"main findings",2,14
5977,"high redshift distribution",3,14
5978,"molecular outflows",2,14
5979,"submillimeter array",2,14
5980,"outer gap",2,14
5981,"electron positron pair",3,14
5982,"radio loud",2,14
5983,"third component",2,14
5984,"tully fisher relation",3,14
5985,"primordial helium",2,14
5986,"polar regions",2,14
5987,"h.e s.s observations",3,14
5988,"primordial density",2,14
5989,"average fe",2,14
5990,"analysis covers",2,14
5991,"correction factor",2,14
5992,"time span",2,14
5993,"negative cosmological",2,14
5994,"peculiar velocities",2,14
5995,"full coverage",2,14
5996,"astrophysical systems",2,14
5997,"millimeter wavelengths",2,14
5998,"velocity dispersions",2,14
5999,"polar cap",2,14
6000,"baryonic matter",2,14
6001,"type ia supernova",3,14
6002,"observing conditions",2,14
6003,"semi regular",2,14
6004,"current observational data",3,14
6005,"detailed modelling",2,14
6006,"ray selected",2,14
6007,"inner disk",2,14
6008,"planck satellite",2,14
6009,"crab nebula",2,14
6010,"perturbation series",2,14
6011,"muon flux",2,14
6012,"whole sample",2,14
6013,"cooling processes",2,14
6014,"radial gradient",2,14
6015,"precise control",2,14
6016,"modified newtonian dynamics mond",4,14
6017,"complex scalar field",3,14
6018,"unifying framework",2,14
6019,"exponent beta",2,14
6020,"shock front",2,14
6021,"ionized plasma",2,14
6022,"ion neutral",2,14
6023,"nebula around",2,14
6024,"momentum fraction",2,14
6025,"diffuse interstellar",2,14
6026,"thermally induced",2,14
6027,"strong outflows",2,14
6028,"internal shocks",2,14
6029,"short duration",2,14
6030,"matter power spectrum",3,14
6031,"orbital migration",2,14
6032,"magnetic field theories",3,14
6033,"discrete sources",2,14
6034,"black hole candidate",3,14
6035,"irradiation induced",2,14
6036,"gas kinematics",2,14
6037,"super massive stars",3,14
6038,"serious problem",2,14
6039,"envelope evolution",2,14
6040,"gro j1655-40",2,14
6041,"astro ph",2,14
6042,"ge surface",2,14
6043,"active sterile neutrinos",3,14
6044,"charge radius",2,14
6045,"approximation fails",2,14
6046,"investigation reveals",2,14
6047,"atomic hydrogen",2,14
6048,"soft core",2,14
6049,"radioactive isotopes",2,14
6050,"scalar tensor perturbations",3,14
6051,"compact dwarf",2,14
6052,"result supports",2,14
6053,"alpha element",2,14
6054,"supernovae sne",2,14
6055,"grain growth",2,14
6056,"stimulated emission",2,14
6057,"research activities",2,14
6058,"irregular galaxy",2,14
6059,"magnetic activity",2,14
6060,"power law slope",3,14
6061,"extragalactic background",2,14
6062,"expected signature",2,14
6063,"swift xrt data",3,14
6064,"hydrodynamic simulation",2,14
6065,"numerical simulations confirm",3,14
6066,"supernova sn ejecta",3,14
6067,"sufficient accuracy",2,14
6068,"wide ranges",2,14
6069,"base ring",2,14
6070,"pseudo differential operators",3,14
6071,"convexity theorem",2,14
6072,"uniform norm",2,14
6073,"short discussion",2,14
6074,"main goals",2,14
6075,"expanded version",2,14
6076,"july august",2,14
6077,"iterated logarithm",2,14
6078,"homological algebra",2,14
6079,"galois group",2,14
6080,"orbit closure",2,14
6081,"euler lagrange",2,14
6082,"continuously differentiable",2,14
6083,"schubert calculus",2,14
6084,"compact lie",2,14
6085,"simplicial sets",2,14
6086,"probability distribution functions",3,14
6087,"weighted mean",2,14
6088,"theorem relating",2,14
6089,"piecewise smooth",2,14
6090,"alexander polynomials",2,14
6091,"regular variation",2,14
6092,"growth direction",2,14
6093,"double cover",2,14
6094,"topological complexity",2,14
6095,"mittag leffler",2,14
6096,"fibrations over",2,14
6097,"noetherian ring",2,14
6098,"roughly constant",2,14
6099,"formal power series",3,14
6100,"oracle inequalities",2,14
6101,"hypersurface singularities",2,14
6102,"closed loops",2,14
6103,"brownian motions",2,14
6104,"volume ii",2,14
6105,"main conclusion",2,14
6106,"inverse power",2,14
6107,"triple systems",2,14
6108,"computer generated",2,14
6109,"volume preserving",2,14
6110,"reaction diffusion equations",3,14
6111,"finite samples",2,14
6112,"spanning trees",2,14
6113,"lp spaces",2,14
6114,"conditional probability",2,14
6115,"combinatorial invariants",2,14
6116,"super critical",2,14
6117,"complex hyperbolic",2,14
6118,"machine learning algorithms",3,14
6119,"f1 f2",2,14
6120,"gauge groups",2,14
6121,"similar accuracy",2,14
6122,"effective mass ratio",3,14
6123,"axial coupling",2,14
6124,"special choice",2,14
6125,"horizon area",2,14
6126,"purely imaginary",2,14
6127,"quantum mechanically",2,14
6128,"thermodynamic equilibrium thermodynamics",3,14
6129,"exotic matter",2,14
6130,"physical property",2,14
6131,"regularity assumptions",2,14
6132,"generalized uncertainty principle",3,14
6133,"side coupled",2,14
6134,"composite fermions",2,14
6135,"transverse confinement",2,14
6136,"frustration induced",2,14
6137,"outer boundary",2,14
6138,"doping level",2,14
6139,"explicit analytical",2,14
6140,"quantized vortices",2,14
6141,"sr cacu",2,14
6142,"continuity equation",2,14
6143,"interference devices",2,14
6144,"two sublattices",2,14
6145,"cuo2 planes",2,14
6146,"charge density wave",3,14
6147,"spin glasses",2,14
6148,"nu alpha",2,14
6149,"binary collisions",2,14
6150,"photoluminescence measurements",2,14
6151,"rashba spin polarization",3,14
6152,"dissipation mechanism",2,14
6153,"su xsu",2,14
6154,"phase space time dependent",4,14
6155,"reaction products",2,14
6156,"average path",2,14
6157,"spin chain compound",3,14
6158,"pump power",2,14
6159,"isotropic random",2,14
6160,"below tn",2,14
6161,"doped mott insulator",3,14
6162,"switched off",2,14
6163,"nanomechanical resonator",2,14
6164,"per site",2,14
6165,"dielectric response",2,14
6166,"system size distribution",3,14
6167,"fermionic condensate",2,14
6168,"hydrogen bond",2,14
6169,"remarkable feature",2,14
6170,"lowest landau level",3,14
6171,"phonon assisted",2,14
6172,"solid like",2,14
6173,"evolves through",2,14
6174,"longitudinal double",2,14
6175,"powder samples",2,14
6176,"srtio3 substrates",2,14
6177,"parallel plate",2,14
6178,"quasi normal",2,14
6179,"charge ordered",2,14
6180,"weak coupling regime",3,14
6181,"experimentally confirmed",2,14
6182,"co cu",2,14
6183,"rashba spin orbit coupling",4,14
6184,"almost equal",2,14
6185,"utility function",2,14
6186,"xxz model",2,14
6187,"versus temperature",2,14
6188,"scaling arguments",2,14
6189,"decays exponentially",2,14
6190,"generalized gradient approximation gga",4,14
6191,"ferroelectric phase transition",3,14
6192,"raman spectra",2,14
6193,"group flow",2,14
6194,"physical observables",2,14
6195,"propagation direction",2,14
6196,"temperature dependences",2,14
6197,"approximate description",2,14
6198,"period doubling",2,14
6199,"gapped spin",2,14
6200,"inelastic neutron",2,14
6201,"born oppenheimer",2,14
6202,"delocalization transition",2,14
6203,"arxiv cond mat",3,14
6204,"contact structures",2,14
6205,"tonks girardeau",2,14
6206,"qualitatively consistent",2,14
6207,"elliptic flow v2",3,14
6208,"central pb collisions",3,14
6209,"transverse momentum pt spectra",4,14
6210,"delta eta",2,14
6211,"large acceptance",2,14
6212,"absorption components",2,14
6213,"forward backward asymmetry",3,14
6214,"two body problem",3,14
6215,"h1 h2",2,14
6216,"pentaquark theta",2,14
6217,"neutrino cooling",2,14
6218,"neutrino mass matrix",3,14
6219,"hadronic matrix elements",3,14
6220,"heavy ions",2,14
6221,"beta decays",2,14
6222,"string fragmentation",2,14
6223,"external electromagnetic",2,14
6224,"nucleon form",2,14
6225,"next step",2,14
6226,"process pp",2,14
6227,"fifth dimension",2,14
6228,"gluon saturation",2,14
6229,"de sitter vacua",3,14
6230,"whole spectrum",2,14
6231,"hooft coupling",2,14
6232,"curved background",2,14
6233,"closed field theory",3,14
6234,"term stability",2,14
6235,"satisfactory description",2,14
6236,"global monopole",2,14
6237,"physically related",2,14
6238,"kac moody algebras",3,14
6239,"gross neveu model",3,14
6240,"scaling exponents",2,14
6241,"minimal supergravity",2,14
6242,"heterotic orbifolds",2,14
6243,"neveu schwarz",2,14
6244,"sakai sugimoto model",3,14
6245,"a1 pi",2,14
6246,"kloe detector",2,14
6247,"tevatron collider",2,14
6248,"cdf collaboration",2,14
6249,"bbbar pairs",2,14
6250,"experimental uncertainty",2,14
6251,"space missions",2,14
6252,"stock prices",2,14
6253,"undergraduate students",2,14
6254,"clock transition",2,14
6255,"spatiotemporal dynamics",2,14
6256,"length contraction",2,14
6257,"natural frequency",2,14
6258,"channel estimation",2,14
6259,"silicon sensors",2,14
6260,"biological processes",2,14
6261,"relaxation processes",2,14
6262,"front propagation",2,14
6263,"turbulent convection",2,14
6264,"solvable models",2,14
6265,"statistical interpretation",2,14
6266,"einstein podolsky rosen",3,14
6267,"lower bound states",3,14
6268,"universal deformation",2,14
6269,"maximally entangled",2,14
6270,"experimental investigations",2,14
6271,"path integral formulation",3,14
6272,"central potentials",2,14
6273,"parameters appearing",2,14
6274,"fractional quantum",2,14
6275,"efficient architecture",2,14
6276,"adiabatic transitions",2,14
6277,"diffraction limit",2,14
6278,"single electron systems",3,14
6279,"upsilon 4s",2,14
6280,"reasonable time",2,14
6281,"delta log",2,14
6282,"time consuming",2,14
6283,"probably related",2,14
6284,"exponentially decaying",2,14
6285,"metallicity relation",2,14
6286,"evolved through",2,14
6287,"shock heating",2,14
6288,"astrophysical conditions",2,14
6289,"off axis",2,14
6290,"double peak",2,14
6291,"multi site",2,14
6292,"outer parts",2,14
6293,"three epochs",2,14
6294,"temporal variations",2,14
6295,"computer code",2,14
6296,"collimated outflows",2,14
6297,"evolutionary status",2,14
6298,"solar type stars",3,14
6299,"noncommutative spacetime",2,14
6300,"physical quantity",2,14
6301,"form fluxes",2,14
6302,"z2 symmetry",2,14
6303,"einstein radius",2,14
6304,"circular orbits",2,14
6305,"recurrence relation",2,14
6306,"quasi equilibrium",2,14
6307,"brans dicke theory",3,14
6308,"rotating black holes",3,14
6309,"universal extra dimension",3,14
6310,"wilson coefficients",2,14
6311,"qcd factorization",2,14
6312,"mssm parameter space",3,14
6313,"soft susy",2,14
6314,"axion mass",2,14
6315,"xs gamma",2,14
6316,"mixing angles",2,14
6317,"singlet scalar",2,14
6318,"chiral limits",2,14
6319,"positive parity",2,14
6320,"fully discrete",2,14
6321,"violating couplings",2,14
6322,"proton antiproton",2,14
6323,"main conclusions",2,14
6324,"negatively charged",2,14
6325,"partial derivatives",2,14
6326,"frw universe",2,14
6327,"greatly enhanced",2,14
6328,"auxiliary fields",2,14
6329,"calabi yau threefold",3,14
6330,"einstein hilbert action",3,14
6331,"design principles",2,14
6332,"theta pi",2,14
6333,"air shower",2,14
6334,"nontrivial dependence",2,14
6335,"power law behaviour",3,14
6336,"tricritical point",2,14
6337,"polarization position angle",3,14
6338,"electric quadrupole",2,14
6339,"gemini north",2,14
6340,"solar photosphere",2,14
6341,"stellar mass distribution",3,14
6342,"day period",2,14
6343,"see e.g",2,14
6344,"rotational velocities",2,14
6345,"gravity waves",2,14
6346,"boundary layers",2,14
6347,"capacitively coupled",2,14
6348,"overlap region",2,14
6349,"unconventional superconductors",2,14
6350,"central limit theorems",3,14
6351,"vortex core",2,14
6352,"electron spins",2,14
6353,"recursion relation",2,14
6354,"bar bf",2,14
6355,"tc cuprates",2,14
6356,"strong constraint",2,14
6357,"antiferromagnetic afm",2,14
6358,"atomic force",2,14
6359,"single electron transistor",3,14
6360,"atomic scale",2,14
6361,"zeeman effect",2,14
6362,"microscopic mechanisms",2,14
6363,"structural features",2,14
6364,"wess zumino",2,14
6365,"fermion mixtures",2,14
6366,"rational numbers",2,14
6367,"transient regime",2,14
6368,"initial data set",3,14
6369,"weak equivalence",2,14
6370,"betti numbers",2,14
6371,"fiber bundle",2,14
6372,"cotangent bundle",2,14
6373,"normal subgroup",2,14
6374,"doppler shift",2,14
6375,"defect states",2,14
6376,"inverse kinematics",2,14
6377,"significant suppression",2,14
6378,"multipartite entanglement",2,14
6379,"system starts",2,14
6380,"composite operators",2,14
6381,"matrix renormalization",2,14
6382,"eight supercharges",2,14
6383,"marginal stability",2,14
6384,"bosonic excitations",2,14
6385,"physical realization",2,14
6386,"survey covers",2,14
6387,"multiscale analysis",2,14
6388,"matter halo",2,14
6389,"surface chemistry",2,14
6390,"ob stars",2,14
6391,"outer edge",2,14
6392,"new physics program",3,14
6393,"flux ratios",2,14
6394,"coronal magnetic field",3,14
6395,"extragalactic origin",2,14
6396,"xi xj",2,14
6397,"causal set",2,14
6398,"detailed balance",2,14
6399,"asymptotically stable",2,14
6400,"uniform magnetic",2,14
6401,"slow relaxation",2,14
6402,"interference fringes",2,14
6403,"neutron diffraction",2,14
6404,"scanning tunneling",2,14
6405,"non monotonic",2,14
6406,"atomistic simulations",2,14
6407,"odd prime number",3,14
6408,"explicit computations",2,14
6409,"simply laced",2,14
6410,"objects having",2,14
6411,"quantum error correcting codes",4,14
6412,"undirected graphs",2,14
6413,"dirac delta",2,14
6414,"unification scale",2,14
6415,"bar b0",2,14
6416,"polarized beams",2,14
6417,"lagrangian submanifolds",2,14
6418,"salt concentration",2,14
6419,"irreversible thermodynamics",2,14
6420,"forward direction",2,14
6421,"nonzero values",2,14
6422,"oh maser",2,14
6423,"symmetry restoration",2,14
6424,"delta m2",2,14
6425,"liouville equation",2,14
6426,"duality conjecture",2,14
6427,"monte carlo code",3,14
6428,"exclusive electroproduction",2,14
6429,"h2 cm",2,14
6430,"conductance peak",2,13
6431,"off site",2,13
6432,"theoretical foundations",2,13
6433,"particle antiparticle",2,13
6434,"average fidelity",2,13
6435,"qubits encoded",2,13
6436,"propagate through",2,13
6437,"optical lattice sites",3,13
6438,"fault tolerant quantum computation",4,13
6439,"periodically driven",2,13
6440,"hilbert schmidt",2,13
6441,"mixing signals",2,13
6442,"verified experimentally",2,13
6443,"bose einstein statistics",3,13
6444,"decoupling scheme",2,13
6445,"second harmonic generation",3,13
6446,"mutually orthogonal",2,13
6447,"nonrelativistic quantum mechanics",3,13
6448,"non hermitian hamiltonian",3,13
6449,"freedom inside",2,13
6450,"obtain robust",2,13
6451,"nearly equal",2,13
6452,"inherent structure",2,13
6453,"rigorously derived",2,13
6454,"monotonicity properties",2,13
6455,"negative feedback",2,13
6456,"reaction networks",2,13
6457,"gene regulatory network",3,13
6458,"feasible within",2,13
6459,"stabilizing effect",2,13
6460,"power law distributed",3,13
6461,"neuronal activity",2,13
6462,"accurate positions",2,13
6463,"source sizes",2,13
6464,"heat kernels",2,13
6465,"scattering matrices",2,13
6466,"nonlocal nonlinear",2,13
6467,"korteweg de vries equation",4,13
6468,"pedagogical introduction",2,13
6469,"reflection symmetric",2,13
6470,"variation formula",2,13
6471,"gain region",2,13
6472,"additive gaussian noise",3,13
6473,"pattern matching",2,13
6474,"common user",2,13
6475,"non collinear",2,13
6476,"base station",2,13
6477,"relay channel",2,13
6478,"output mimo channels",3,13
6479,"variable nodes",2,13
6480,"word problem",2,13
6481,"peer network",2,13
6482,"decoding complexity",2,13
6483,"social sciences",2,13
6484,"frequency selective",2,13
6485,"broadcast channel",2,13
6486,"transmit antennas",2,13
6487,"hamming distance",2,13
6488,"sphere packing",2,13
6489,"binary input",2,13
6490,"quasi bound state",3,13
6491,"mobile platform",2,13
6492,"abstract interpretation",2,13
6493,"control problems",2,13
6494,"smoothing effect",2,13
6495,"body code",2,13
6496,"arc like",2,13
6497,"now becomes",2,13
6498,"stat sys",2,13
6499,"monte carlo program",3,13
6500,"gas infall",2,13
6501,"sn explosions",2,13
6502,"virgo cluster ngc",3,13
6503,"briefly summarize",2,13
6504,"debye length",2,13
6505,"dust particle",2,13
6506,"planetary radius",2,13
6507,"cross correlated",2,13
6508,"neutrino burst",2,13
6509,"thin disk",2,13
6510,"source catalog",2,13
6511,"main pulse",2,13
6512,"slow rotators",2,13
6513,"qso spectra",2,13
6514,"stellar component",2,13
6515,"gemini south",2,13
6516,"envelope around",2,13
6517,"scattering angles",2,13
6518,"energy injection",2,13
6519,"radiation hydrodynamics",2,13
6520,"morphological parameters",2,13
6521,"low mass distribution",3,13
6522,"luminosity agns",2,13
6523,"sdss dr4",2,13
6524,"fe ratios",2,13
6525,"fraction decreases",2,13
6526,"radiative hydrodynamics",2,13
6527,"outflow velocity",2,13
6528,"gravitational lens model",3,13
6529,"cosmological recombination",2,13
6530,"cmb polarization",2,13
6531,"lower luminosity",2,13
6532,"rotating neutron star",3,13
6533,"monitoring program",2,13
6534,"observer frame",2,13
6535,"terrestrial planet",2,13
6536,"hi distribution",2,13
6537,"pair plasma",2,13
6538,"tight constraints",2,13
6539,"vhe gamma ray emission",4,13
6540,"liquid argon",2,13
6541,"non gaussianity",2,13
6542,"collision rate",2,13
6543,"debris disk",2,13
6544,"type ii superconductor",3,13
6545,"loud agn",2,13
6546,"braneworld models",2,13
6547,"higher luminosities",2,13
6548,"temperature gradients",2,13
6549,"plasma environment",2,13
6550,"around young",2,13
6551,"alpha beta gamma",3,13
6552,"supernova explosions",2,13
6553,"spectral synthesis",2,13
6554,"ongoing project",2,13
6555,"peak amplitude",2,13
6556,"wavelength bands",2,13
6557,"halos around",2,13
6558,"si iv",2,13
6559,"low mass accretion",3,13
6560,"masers toward",2,13
6561,"rotating neutron stars",3,13
6562,"holographic dark energy",3,13
6563,"available observational data",3,13
6564,"near infrared spectroscopy",3,13
6565,"ionization rate",2,13
6566,"planetary nebula",2,13
6567,"star crust",2,13
6568,"extreme events",2,13
6569,"low redshift",2,13
6570,"transverse electric field",3,13
6571,"orbital modulation",2,13
6572,"weak lensing",2,13
6573,"giant planets",2,13
6574,"radius relationship",2,13
6575,"metal abundances",2,13
6576,"vlt uves spectra",3,13
6577,"broad absorption lines",3,13
6578,"correlation coefficient",2,13
6579,"solar atmosphere",2,13
6580,"body problems",2,13
6581,"neutrino telescope",2,13
6582,"principle behind",2,13
6583,"transient behaviour",2,13
6584,"laser guide",2,13
6585,"front end",2,13
6586,"decreases rapidly",2,13
6587,"celestial objects",2,13
6588,"acquired during",2,13
6589,"accreting neutron star",3,13
6590,"core collapse supernova",3,13
6591,"nuclear magnetic",2,13
6592,"concordance model",2,13
6593,"anisotropic cosmological",2,13
6594,"observational data set",3,13
6595,"transient sources",2,13
6596,"magnetic flux tubes",3,13
6597,"soft equations",2,13
6598,"day after",2,13
6599,"sources brighter",2,13
6600,"formation efficiency",2,13
6601,"hydrogen fraction",2,13
6602,"s0 galaxies",2,13
6603,"off equilibrium",2,13
6604,"after briefly",2,13
6605,"rigid rotation",2,13
6606,"extragalactic objects",2,13
6607,"stokes parameters",2,13
6608,"spectral densities",2,13
6609,"semi amplitude",2,13
6610,"strictly hyperbolic",2,13
6611,"hardy space",2,13
6612,"derived categories",2,13
6613,"catalan numbers",2,13
6614,"laurent polynomials",2,13
6615,"tropical curves",2,13
6616,"surfaces immersed",2,13
6617,"multivariate polynomials",2,13
6618,"orthonormal basis",2,13
6619,"implicit function",2,13
6620,"driving forces",2,13
6621,"final part",2,13
6622,"convergence speed",2,13
6623,"surrounding fluid",2,13
6624,"logarithmic singularities",2,13
6625,"imaginary quadratic",2,13
6626,"invariant subspaces",2,13
6627,"extremal problems",2,13
6628,"warped product",2,13
6629,"rank graphs",2,13
6630,"projective plane",2,13
6631,"isomorphism conjecture",2,13
6632,"giving necessary",2,13
6633,"positive isotropic",2,13
6634,"least action",2,13
6635,"optimal stopping",2,13
6636,"polynomial rings",2,13
6637,"gibbs states",2,13
6638,"prime numbers",2,13
6639,"geometric object",2,13
6640,"burgers equation",2,13
6641,"torsion points",2,13
6642,"contingency tables",2,13
6643,"spatially flat",2,13
6644,"weight representations",2,13
6645,"simplicial complex",2,13
6646,"finsler geometry",2,13
6647,"sobolev space",2,13
6648,"arbitrary base",2,13
6649,"after giving",2,13
6650,"optimal control problems",3,13
6651,"nilpotent elements",2,13
6652,"wreath product",2,13
6653,"partial answer",2,13
6654,"strictly stable",2,13
6655,"phi mapping",2,13
6656,"approximate expression",2,13
6657,"combinatorial objects",2,13
6658,"circle s1",2,13
6659,"theta series",2,13
6660,"math ann",2,13
6661,"taylor coefficients",2,13
6662,"estimation errors",2,13
6663,"line bundle over",3,13
6664,"reductive algebraic",2,13
6665,"standard brownian motion",3,13
6666,"sophisticated methods",2,13
6667,"bar xi",2,13
6668,"kaehler manifolds",2,13
6669,"stronger version",2,13
6670,"metric compatible",2,13
6671,"type dn",2,13
6672,"microcanonical entropy",2,13
6673,"traversable wormholes",2,13
6674,"regularization parameter",2,13
6675,"spontaneous polarization",2,13
6676,"majorana fermion",2,13
6677,"derivatives up",2,13
6678,"regular horizon",2,13
6679,"omega approx",2,13
6680,"horizon region",2,13
6681,"cyclic behavior",2,13
6682,"kaluza klein modes",3,13
6683,"derivative corrections",2,13
6684,"technical tools",2,13
6685,"kick velocity",2,13
6686,"number density matrix",3,13
6687,"weyl group",2,13
6688,"after annealing",2,13
6689,"systematic change",2,13
6690,"self organizing",2,13
6691,"quarter filled",2,13
6692,"fermi arcs",2,13
6693,"ell bar",2,13
6694,"analytical description",2,13
6695,"strongly affects",2,13
6696,"quantum wires",2,13
6697,"high energy levels",3,13
6698,"bose fermi mixture",3,13
6699,"deep inside",2,13
6700,"quantum mechanical systems",3,13
6701,"cooling rate",2,13
6702,"dielectric screening",2,13
6703,"classical crossover",2,13
6704,"ga 1-x",2,13
6705,"ba cu",2,13
6706,"circular orbit",2,13
6707,"heat transport",2,13
6708,"negative magnetoresistance",2,13
6709,"off diagonal long range",4,13
6710,"orbital ordering",2,13
6711,"experimentally observable",2,13
6712,"scanning tunneling microscopy stm",4,13
6713,"impurity problem",2,13
6714,"cell membrane",2,13
6715,"distributed according",2,13
6716,"crossover exponent",2,13
6717,"quantitative estimates",2,13
6718,"dynamic instability",2,13
6719,"mott insulator transition",3,13
6720,"wave pairing",2,13
6721,"cubic symmetry",2,13
6722,"lattice relaxation",2,13
6723,"doped cuprates",2,13
6724,"embedded cluster",2,13
6725,"quantum defect",2,13
6726,"kondo lattice",2,13
6727,"mesoscopic ring",2,13
6728,"zinc blende",2,13
6729,"sub poissonian",2,13
6730,"quantum hall regime",3,13
6731,"inter layer",2,13
6732,"dipolar interaction",2,13
6733,"dynamical decoupling",2,13
6734,"wave mixing",2,13
6735,"ising models",2,13
6736,"shear induced",2,13
6737,"vortex lattice",2,13
6738,"quantum circuits",2,13
6739,"completely suppressed",2,13
6740,"non markovian dynamics",3,13
6741,"gap formation",2,13
6742,"linearly dependent",2,13
6743,"valve effect",2,13
6744,"dispersion forces",2,13
6745,"odd dimensions",2,13
6746,"transition metals",2,13
6747,"dc squid",2,13
6748,"boson exchange",2,13
6749,"constant weight",2,13
6750,"gas phase transition",3,13
6751,"relativistic mean field",3,13
6752,"high q2",2,13
6753,"strangeness production",2,13
6754,"data acquisition",2,13
6755,"electroweak interaction",2,13
6756,"measurements cover",2,13
6757,"clas data",2,13
6758,"heavy quark gluon",3,13
6759,"azimuthal asymmetry",2,13
6760,"theoretical considerations",2,13
6761,"collinear factorization",2,13
6762,"asymmetric nuclear matter",3,13
6763,"pion exchange",2,13
6764,"nn potential",2,13
6765,"atomic nucleus",2,13
6766,"belle collaborations",2,13
6767,"isospin symmetry breaking",3,13
6768,"sigma f0",2,13
6769,"pair annihilation",2,13
6770,"charm quarks",2,13
6771,"euclidean space time",3,13
6772,"yukawa interactions",2,13
6773,"leading logarithms",2,13
6774,"generalized parton distributions",3,13
6775,"neutrino mass hierarchy",3,13
6776,"bfkl kernel",2,13
6777,"charged higgs boson",3,13
6778,"quark condensate",2,13
6779,"color superconductivity",2,13
6780,"massive quarks",2,13
6781,"intermediate coupling",2,13
6782,"distribution amplitudes",2,13
6783,"vertex correction",2,13
6784,"neutral pion",2,13
6785,"pomeron loops",2,13
6786,"electroweak baryogenesis",2,13
6787,"spin asymmetries",2,13
6788,"glauber approach",2,13
6789,"gluon plasma qgp",3,13
6790,"partial waves",2,13
6791,"unique feature",2,13
6792,"parameter kappa",2,13
6793,"testable predictions",2,13
6794,"essentially unique",2,13
6795,"numerically confirm",2,13
6796,"hawking temperature",2,13
6797,"quantization condition",2,13
6798,"s5 background",2,13
6799,"scale structure formation",3,13
6800,"dimensional regularization",2,13
6801,"bps operators",2,13
6802,"shaped potential",2,13
6803,"closed strings",2,13
6804,"non linear sigma models",4,13
6805,"sine gordon equation",3,13
6806,"conserved charge",2,13
6807,"supersymmetric qcd",2,13
6808,"string loops",2,13
6809,"current algebra",2,13
6810,"decomposition numbers",2,13
6811,"duality transformation",2,13
6812,"ckm angle",2,13
6813,"reasonable values",2,13
6814,"inclusive jet production",3,13
6815,"bar ms",2,13
6816,"pseudoscalar meson",2,13
6817,"domain wall fermions",3,13
6818,"fermion flavors",2,13
6819,"lattice qcd thermodynamics",3,13
6820,"oscillator strengths",2,13
6821,"amplitude damping",2,13
6822,"non linearity",2,13
6823,"first appeared",2,13
6824,"fairly simple",2,13
6825,"minkowski spacetime",2,13
6826,"metabolic networks",2,13
6827,"ne ar",2,13
6828,"particle injection",2,13
6829,"underlying event",2,13
6830,"3he 4he",2,13
6831,"events containing",2,13
6832,"nuclear magnetic field",3,13
6833,"big bang singularity",3,13
6834,"resonance line",2,13
6835,"start up",2,13
6836,"tunneling process",2,13
6837,"entanglement measures",2,13
6838,"adiabatic passage",2,13
6839,"kitaev model",2,13
6840,"computational basis",2,13
6841,"trapped inside",2,13
6842,"birefringence induced",2,13
6843,"computational power",2,13
6844,"factorization properties",2,13
6845,"vector machines",2,13
6846,"highly unusual",2,13
6847,"realistic modeling",2,13
6848,"existing tools",2,13
6849,"gaussian distributed",2,13
6850,"multi photon",2,13
6851,"sunspot penumbra",2,13
6852,"forward shock",2,13
6853,"cmb anisotropies",2,13
6854,"dark energy spectrum",3,13
6855,"observational signatures",2,13
6856,"omega cen",2,13
6857,"spitzer irs",2,13
6858,"baryonic mass",2,13
6859,"many particle physics",3,13
6860,"target space time",3,13
6861,"accreting gas",2,13
6862,"killing vectors",2,13
6863,"initial singularity",2,13
6864,"black hole thermodynamics",3,13
6865,"counting functions",2,13
6866,"susy gut",2,13
6867,"processes responsible",2,13
6868,"weakly interacting massive particles wimps",5,13
6869,"parton level",2,13
6870,"high energy distribution",3,13
6871,"robust predictions",2,13
6872,"1s 2s",2,13
6873,"open charm mesons",3,13
6874,"intrinsic absorption",2,13
6875,"hard exclusive",2,13
6876,"non perturbatively",2,13
6877,"superconducting rings",2,13
6878,"outer shell",2,13
6879,"stringent constraints",2,13
6880,"conserved quantity",2,13
6881,"localization formula",2,13
6882,"center vortices",2,13
6883,"green schwarz",2,13
6884,"non extremal",2,13
6885,"conserved currents",2,13
6886,"ordered phase transition",3,13
6887,"wilson fermions",2,13
6888,"brane configuration",2,13
6889,"calabi yau manifold",3,13
6890,"separable simple",2,13
6891,"physically consistent",2,13
6892,"spin rotations",2,13
6893,"direct impact",2,13
6894,"magnetic spectrometer",2,13
6895,"age estimates",2,13
6896,"keck spectroscopy",2,13
6897,"ne mg",2,13
6898,"alpha omega",2,13
6899,"source did",2,13
6900,"spatial topology",2,13
6901,"post shock",2,13
6902,"colour magnitude diagram",3,13
6903,"hot jupiter",2,13
6904,"active stars",2,13
6905,"tidal interactions",2,13
6906,"kinematic distance",2,13
6907,"unresolved sources",2,13
6908,"warm hot",2,13
6909,"ray binaries lmxbs",3,13
6910,"intrinsic scatter",2,13
6911,"astrophysical observatory",2,13
6912,"lcdm universe",2,13
6913,"ultrahigh energy",2,13
6914,"relativistic heavy",2,13
6915,"finite dimensional hilbert space",4,13
6916,"level densities",2,13
6917,"geometric realization",2,13
6918,"integer quantum hall effect",4,13
6919,"hole asymmetry",2,13
6920,"electron doped cuprates",3,13
6921,"stripe order",2,13
6922,"disordered media",2,13
6923,"binary mixtures",2,13
6924,"quantum monte carlo calculations",4,13
6925,"conductivity sigma",2,13
6926,"strong attraction",2,13
6927,"elastic modulus",2,13
6928,"molecular junctions",2,13
6929,"metallic wires",2,13
6930,"dispersion law",2,13
6931,"low energy distributions",3,13
6932,"carrier dynamics",2,13
6933,"oscillating potential",2,13
6934,"mgb2 superconductor",2,13
6935,"granular media",2,13
6936,"quasiparticle excitations",2,13
6937,"low energy gap",3,13
6938,"dynamic magnetization",2,13
6939,"couette flow",2,13
6940,"width difference",2,13
6941,"dynamical heterogeneity",2,13
6942,"force extension",2,13
6943,"ergodic theory",2,13
6944,"hbar omega",2,13
6945,"harmonic confinement",2,13
6946,"low concentrations",2,13
6947,"non local density",3,13
6948,"magnetoelectric effect",2,13
6949,"magneto optical",2,13
6950,"term memory",2,13
6951,"spectral element",2,13
6952,"compactness result",2,13
6953,"complete list",2,13
6954,"chow groups",2,13
6955,"homogeneous polynomials",2,13
6956,"ahler manifold",2,13
6957,"optimal investment",2,13
6958,"malliavin calculus",2,13
6959,"prime power",2,13
6960,"algebraic integers",2,13
6961,"toeplitz operators",2,13
6962,"key observation",2,13
6963,"von neumann algebras",3,13
6964,"continuum hypothesis",2,13
6965,"positive characteristic zero",3,13
6966,"relative cohomology",2,13
6967,"pseudo anosov",2,13
6968,"marked points",2,13
6969,"asymptotically efficient",2,13
6970,"singular value",2,13
6971,"homotopy groups",2,13
6972,"medium modifications",2,13
6973,"nucleon nn",2,13
6974,"analytical approaches",2,13
6975,"phase synchronization",2,13
6976,"linearly stable",2,13
6977,"pixel detector",2,13
6978,"original material",2,13
6979,"inertial mass",2,13
6980,"operating conditions",2,13
6981,"blackbody radiation",2,13
6982,"three consecutive",2,13
6983,"projectile fragmentation",2,13
6984,"jet production cross section",4,13
6985,"change occurs",2,13
6986,"commutative limit",2,13
6987,"closed string",2,13
6988,"spatial confinement",2,13
6989,"individual galaxies",2,13
6990,"closely resembles",2,13
6991,"ambient medium",2,13
6992,"mass transfer",2,13
6993,"extra solar",2,13
6994,"diffuse clouds",2,13
6995,"external galaxies",2,13
6996,"acoustic wave",2,13
6997,"sigma detection",2,13
6998,"intrinsic polarization",2,13
6999,"hydrodynamics code",2,13
7000,"unusually high",2,13
7001,"pure hydrogen",2,13
7002,"tidal disruption",2,13
7003,"source drain",2,13
7004,"treated exactly",2,13
7005,"spin susceptibility",2,13
7006,"small deformations",2,13
7007,"power dissipation",2,13
7008,"integrated circuits",2,13
7009,"differential calculus",2,13
7010,"chern character",2,13
7011,"convex domains",2,13
7012,"theta functions",2,13
7013,"theoretic framework",2,13
7014,"lengths up",2,13
7015,"structural stability",2,13
7016,"covering spaces",2,13
7017,"characteristic classes",2,13
7018,"large hadron colliders",3,13
7019,"parton distribution functions",3,13
7020,"breit wigner",2,13
7021,"cusp form",2,13
7022,"itinerant electrons",2,13
7023,"hydrodynamic expansion",2,13
7024,"duality relations",2,13
7025,"interferometric measurements",2,13
7026,"cross layer",2,13
7027,"time series photometry",3,13
7028,"roughly speaking",2,13
7029,"position operators",2,13
7030,"surface brightness profiles",3,13
7031,"cell population",2,13
7032,"surface charges",2,13
7033,"right handed neutrino mass",4,13
7034,"multiferroic bifeo3",2,13
7035,"l1 l2",2,13
7036,"fixed orientation",2,13
7037,"lambda cal",2,13
7038,"invariant quantities",2,13
7039,"studies concerning",2,13
7040,"density vanishes",2,12
7041,"many instances",2,12
7042,"spontaneously generated",2,12
7043,"kepler problem",2,12
7044,"divergent series",2,12
7045,"dispersive medium",2,12
7046,"absorption line width",3,12
7047,"encoding decoding",2,12
7048,"direct communication",2,12
7049,"linear schr odinger equation",4,12
7050,"damped wave",2,12
7051,"scalable quantum computation",3,12
7052,"optimal control theory",3,12
7053,"quantum computations",2,12
7054,"two dimensional minkowski",3,12
7055,"orthonormal bases",2,12
7056,"two party",2,12
7057,"optical vortices",2,12
7058,"decoherence mechanisms",2,12
7059,"cnot gate",2,12
7060,"after passing",2,12
7061,"per atom",2,12
7062,"non relativistic quantum",3,12
7063,"stirling numbers",2,12
7064,"kahler manifold",2,12
7065,"quantum networks",2,12
7066,"cold atom",2,12
7067,"logarithmic derivative",2,12
7068,"two arms",2,12
7069,"magnitude higher orders",3,12
7070,"heisenberg groups",2,12
7071,"electronic specific",2,12
7072,"binding sites",2,12
7073,"ion channels",2,12
7074,"susceptible infected",2,12
7075,"native state",2,12
7076,"remain unchanged",2,12
7077,"survival analysis",2,12
7078,"spiking neurons",2,12
7079,"briefly mentioned",2,12
7080,"correlation kernel",2,12
7081,"laplace operators",2,12
7082,"singular integrals",2,12
7083,"directed percolation model",3,12
7084,"diophantine equations",2,12
7085,"steepest descent",2,12
7086,"damped oscillations",2,12
7087,"integral representation theory",3,12
7088,"proper subset",2,12
7089,"korteweg de vries",3,12
7090,"jarzynski equality",2,12
7091,"morse index",2,12
7092,"digital communications",2,12
7093,"once again",2,12
7094,"information retrieval",2,12
7095,"human language",2,12
7096,"communication complexity",2,12
7097,"global optimization",2,12
7098,"special care",2,12
7099,"rayleigh fading channel",3,12
7100,"noise ratios",2,12
7101,"low density parity check ldpc codes",6,12
7102,"generator matrix",2,12
7103,"algebraic statistics",2,12
7104,"algorithmic complexity",2,12
7105,"computer aided",2,12
7106,"infinite sequences",2,12
7107,"negative side",2,12
7108,"game theoretic",2,12
7109,"cooperative behavior",2,12
7110,"multiple antenna",2,12
7111,"tree code",2,12
7112,"smoothness properties",2,12
7113,"observing program",2,12
7114,"isolated spiral galaxies",3,12
7115,"mg ii",2,12
7116,"interacting galaxies",2,12
7117,"synchrotron component",2,12
7118,"few parsecs",2,12
7119,"mean age",2,12
7120,"colour magnitude diagrams",3,12
7121,"rotational modulation",2,12
7122,"old question",2,12
7123,"substellar objects",2,12
7124,"pulsar wind",2,12
7125,"discovery rate",2,12
7126,"pulsed fraction",2,12
7127,"broad absorption line",3,12
7128,"cosmic microwave",2,12
7129,"local bubble",2,12
7130,"goods fields",2,12
7131,"preferred over",2,12
7132,"full disk",2,12
7133,"outflow direction",2,12
7134,"project aimed",2,12
7135,"solar neighbourhood",2,12
7136,"adaptive mesh refinement simulations",4,12
7137,"half flat",2,12
7138,"hydrogen rich",2,12
7139,"vlt telescopes",2,12
7140,"central issue",2,12
7141,"arbitrary orientation",2,12
7142,"large scatter",2,12
7143,"he rich",2,12
7144,"archival chandra observations",3,12
7145,"stellar companions",2,12
7146,"acs observations",2,12
7147,"eight objects",2,12
7148,"galaxy pair",2,12
7149,"lyman alpha emission",3,12
7150,"spatial clustering",2,12
7151,"ly alpha emission",3,12
7152,"alpha relaxation",2,12
7153,"abundance ratios",2,12
7154,"local ulirgs",2,12
7155,"matter power",2,12
7156,"disk inclination",2,12
7157,"large sample size",3,12
7158,"extended radio",2,12
7159,"slightly asymmetric",2,12
7160,"vimos vlt",2,12
7161,"forming galaxies",2,12
7162,"cosmic reionization",2,12
7163,"carefully selected",2,12
7164,"stellar surface brightness",3,12
7165,"evolutionary state",2,12
7166,"index gamma",2,12
7167,"galactic latitude",2,12
7168,"irs spectra",2,12
7169,"luminous red",2,12
7170,"outer solar",2,12
7171,"newly derived",2,12
7172,"standard model selection",3,12
7173,"technical details",2,12
7174,"class protostars",2,12
7175,"dense cores",2,12
7176,"rod like",2,12
7177,"astrophysical processes",2,12
7178,"collisional excitation",2,12
7179,"gold sample",2,12
7180,"giant flare",2,12
7181,"photometric calibration",2,12
7182,"single trace",2,12
7183,"viable solution",2,12
7184,"gc system",2,12
7185,"uv photons",2,12
7186,"generalized chaplygin gas",3,12
7187,"sub arcsecond",2,12
7188,"fr ii",2,12
7189,"total energy spectrum",3,12
7190,"primary component",2,12
7191,"long baseline interferometry",3,12
7192,"dust attenuation",2,12
7193,"color excess",2,12
7194,"cosmos field",2,12
7195,"topics covered",2,12
7196,"gas giant planet",3,12
7197,"turbulence driven",2,12
7198,"magnetohydrodynamic mhd",2,12
7199,"prompt photons",2,12
7200,"spectral resolution",2,12
7201,"fold first",2,12
7202,"evolutionary tracks",2,12
7203,"stellar winds",2,12
7204,"explicit integration",2,12
7205,"blue horizontal",2,12
7206,"stellar mass loss rates",4,12
7207,"primary beam",2,12
7208,"cold dark",2,12
7209,"highly energetic",2,12
7210,"late stage",2,12
7211,"minutes after",2,12
7212,"galactic disks",2,12
7213,"infrared array",2,12
7214,"concentration parameter",2,12
7215,"orbit interactions",2,12
7216,"soft photons",2,12
7217,"energy density rho",3,12
7218,"driving mechanism",2,12
7219,"image quality",2,12
7220,"partial width",2,12
7221,"nonlinear saturation",2,12
7222,"too weak",2,12
7223,"solar observatory",2,12
7224,"active region noaa",3,12
7225,"extreme value",2,12
7226,"high energy vhe",3,12
7227,"constant until",2,12
7228,"source hess",2,12
7229,"specific angular momentum",3,12
7230,"first overtone",2,12
7231,"under extreme conditions",3,12
7232,"eclipsing binary",2,12
7233,"few body",2,12
7234,"end distance",2,12
7235,"earth moon",2,12
7236,"hydrogen deficient",2,12
7237,"primordial gravitational",2,12
7238,"mhd waves",2,12
7239,"weak lensing analysis",3,12
7240,"selection effect",2,12
7241,"swift bat",2,12
7242,"relaxed galaxy clusters",3,12
7243,"half metallicity",2,12
7244,"wigner seitz",2,12
7245,"hydrostatic equilibrium",2,12
7246,"complementary methods",2,12
7247,"matrix multiplication",2,12
7248,"gemini gmos",2,12
7249,"adaptive grid",2,12
7250,"vertical distance",2,12
7251,"herbig haro",2,12
7252,"standard candles",2,12
7253,"nonnegative coefficients",2,12
7254,"mid plane",2,12
7255,"his research",2,12
7256,"linear independence",2,12
7257,"lieb thirring",2,12
7258,"rigidity property",2,12
7259,"space time evolution equations",4,12
7260,"negatively curved",2,12
7261,"two unital",2,12
7262,"inclusion relation",2,12
7263,"jacobi equation",2,12
7264,"updated version",2,12
7265,"hochschild homology",2,12
7266,"self consistency",2,12
7267,"multivariate normal",2,12
7268,"fusion algebra",2,12
7269,"bessel functions",2,12
7270,"universal cover",2,12
7271,"finite populations",2,12
7272,"quasi isomorphic",2,12
7273,"basic tools",2,12
7274,"equivariant version",2,12
7275,"sharp edge",2,12
7276,"concave function",2,12
7277,"infinitesimal generator",2,12
7278,"quadratic polynomials",2,12
7279,"hyperbolic metric",2,12
7280,"lefschetz theorem",2,12
7281,"banach algebra",2,12
7282,"theta divisor",2,12
7283,"trace back",2,12
7284,"reflection groups",2,12
7285,"quotient singularities",2,12
7286,"jordan algebras",2,12
7287,"exactly once",2,12
7288,"two dimensional regularization",3,12
7289,"adic analytic",2,12
7290,"del pezzo surfaces",3,12
7291,"central loops",2,12
7292,"hardy littlewood",2,12
7293,"distributed memory",2,12
7294,"hessian matrix",2,12
7295,"value decomposition",2,12
7296,"birkhoff theorem",2,12
7297,"vertex degrees",2,12
7298,"alexander polynomial",2,12
7299,"dihedral group",2,12
7300,"lambda calculus",2,12
7301,"moufang loops",2,12
7302,"hyperbolic 3-manifolds",2,12
7303,"conformally compact",2,12
7304,"torus equivariant",2,12
7305,"voter model",2,12
7306,"bijective correspondence",2,12
7307,"reductive groups",2,12
7308,"perfect matchings",2,12
7309,"low regularity",2,12
7310,"cotangent bundles",2,12
7311,"stochastic matrices",2,12
7312,"chosen according",2,12
7313,"borel sets",2,12
7314,"piecewise constant",2,12
7315,"chain complexes",2,12
7316,"hilbert transform",2,12
7317,"amenable groups",2,12
7318,"continued fractions",2,12
7319,"completely bounded",2,12
7320,"physics community",2,12
7321,"phantom divide",2,12
7322,"massive vector",2,12
7323,"universe filled",2,12
7324,"wheeler dewitt equation",3,12
7325,"spatial infinity",2,12
7326,"space time delay",3,12
7327,"detectable signal",2,12
7328,"gauss bonnet term",3,12
7329,"frw model",2,12
7330,"spherical collapse",2,12
7331,"intense laser",2,12
7332,"neutron star ns",3,12
7333,"breaks up",2,12
7334,"dimensionless parameters",2,12
7335,"interparticle potential",2,12
7336,"remaining four",2,12
7337,"local rigidity",2,12
7338,"after discussing",2,12
7339,"asymptotically euclidean",2,12
7340,"loop quantum cosmology",3,12
7341,"curie temperatures",2,12
7342,"breathing mode",2,12
7343,"impact excitation",2,12
7344,"fano resonances",2,12
7345,"highly non trivial",3,12
7346,"time reversal symmetry",3,12
7347,"quantum hall systems",3,12
7348,"being responsible",2,12
7349,"approximate analytical expressions",3,12
7350,"metallic ferromagnet",2,12
7351,"wall carbon nanotubes",3,12
7352,"full counting statistics",3,12
7353,"nanoscale systems",2,12
7354,"layered systems",2,12
7355,"weakly disordered",2,12
7356,"bulk sensitive",2,12
7357,"inverse temperature",2,12
7358,"ferroelectric domains",2,12
7359,"closed shell",2,12
7360,"layered structures",2,12
7361,"correlated electron",2,12
7362,"periodic array",2,12
7363,"moves through",2,12
7364,"charging energy",2,12
7365,"iterative algorithms",2,12
7366,"bulk modulus",2,12
7367,"lennard jones fluid",3,12
7368,"degree distribution function",3,12
7369,"fe ions",2,12
7370,"authors claim",2,12
7371,"nonequilibrium green",2,12
7372,"impurity anderson model",3,12
7373,"dyson equation",2,12
7374,"kubo formula",2,12
7375,"hydrodynamic interactions",2,12
7376,"systematic procedure",2,12
7377,"non zero modes",3,12
7378,"spinodal decomposition",2,12
7379,"proceeds through",2,12
7380,"electron hole doping",3,12
7381,"kramers kronig",2,12
7382,"three fold",2,12
7383,"deconfined phase transition",3,12
7384,"similar trend",2,12
7385,"single crystal structures",3,12
7386,"epitaxial strain",2,12
7387,"practical calculations",2,12
7388,"interaction vertices",2,12
7389,"holstein model",2,12
7390,"critical value problem",3,12
7391,"fano factor",2,12
7392,"atomic clusters",2,12
7393,"alkali atoms",2,12
7394,"bond length",2,12
7395,"small grains",2,12
7396,"generalized gradient",2,12
7397,"doped gaas",2,12
7398,"verified numerically",2,12
7399,"point contacts",2,12
7400,"wavelength limit",2,12
7401,"log minimal",2,12
7402,"charge qubit",2,12
7403,"wave vectors",2,12
7404,"result agrees well",3,12
7405,"anisotropic nature",2,12
7406,"atmospheric pressure",2,12
7407,"brownian particle",2,12
7408,"population imbalance",2,12
7409,"metallic state",2,12
7410,"perovskite structure",2,12
7411,"stark effect",2,12
7412,"tube axis",2,12
7413,"unit time",2,12
7414,"perturbative treatment",2,12
7415,"trapped bose einstein condensate",4,12
7416,"gsi darmstadt",2,12
7417,"collision centrality",2,12
7418,"oscillatory motion",2,12
7419,"cyclotron resonance",2,12
7420,"meson photoproduction",2,12
7421,"elongated structure",2,12
7422,"persists up",2,12
7423,"sps energies",2,12
7424,"hadron resonance",2,12
7425,"two photon exchange",3,12
7426,"relative sign",2,12
7427,"nucleon systems",2,12
7428,"particles involved",2,12
7429,"trigger particle",2,12
7430,"reaction plane",2,12
7431,"psi suppression",2,12
7432,"experimental searches",2,12
7433,"seesaw models",2,12
7434,"basic mechanisms",2,12
7435,"flavor singlet",2,12
7436,"experimental data sets",3,12
7437,"light propagating",2,12
7438,"pi ln",2,12
7439,"alphas corrections",2,12
7440,"kaluza klein excitations",3,12
7441,"axion photon",2,12
7442,"right handed neutrino masses",4,12
7443,"gauge symmetry breaking",3,12
7444,"finite baryon",2,12
7445,"real photons",2,12
7446,"proper treatment",2,12
7447,"non renormalizable",2,12
7448,"normal hierarchy",2,12
7449,"neutrino antineutrino",2,12
7450,"briefly comment",2,12
7451,"highly suppressed",2,12
7452,"abelian higgs",2,12
7453,"see saw",2,12
7454,"three body decays",3,12
7455,"majorana neutrino",2,12
7456,"initial stage",2,12
7457,"limiting distributions",2,12
7458,"confinement induced",2,12
7459,"light cone sum rules",4,12
7460,"atomic numbers",2,12
7461,"electroweak precision measurements",3,12
7462,"direct cp asymmetry",3,12
7463,"anomaly mediation",2,12
7464,"number generator",2,12
7465,"under reasonable conditions",3,12
7466,"fuzzy sphere",2,12
7467,"superstring theory",2,12
7468,"btz black hole",3,12
7469,"hopf invariant",2,12
7470,"fundamental flavors",2,12
7471,"open bosonic",2,12
7472,"repulsive force",2,12
7473,"bi invariant",2,12
7474,"charge conjugation",2,12
7475,"second rank",2,12
7476,"seiberg dual",2,12
7477,"pp wave",2,12
7478,"infrared cutoff",2,12
7479,"marginal deformations",2,12
7480,"chern simons like",3,12
7481,"imaginary time",2,12
7482,"new regularization",2,12
7483,"electromagnetic potentials",2,12
7484,"gribov zwanziger",2,12
7485,"manifest themselves",2,12
7486,"high energy scales",3,12
7487,"coulomb gauge theory",3,12
7488,"moyal space",2,12
7489,"bs bar",2,12
7490,"brane systems",2,12
7491,"cft correspondence",2,12
7492,"helium atom",2,12
7493,"tensor theories",2,12
7494,"loop quantum gravity lqg",4,12
7495,"carefully examined",2,12
7496,"warped throat",2,12
7497,"braneworld model",2,12
7498,"discrete analogue",2,12
7499,"conformal transformation",2,12
7500,"supersymmetry breaking vacua",3,12
7501,"design luminosity",2,12
7502,"dglap evolution",2,12
7503,"isospin analysis",2,12
7504,"light quark mass",3,12
7505,"unquenched lattice qcd",3,12
7506,"subsequent studies",2,12
7507,"atmospheric turbulence",2,12
7508,"stimulated raman",2,12
7509,"spectral weight",2,12
7510,"periodic table",2,12
7511,"dynamo action",2,12
7512,"penrose tiling",2,12
7513,"dilemma game",2,12
7514,"viscous dissipation",2,12
7515,"explanation why",2,12
7516,"trigger system",2,12
7517,"geometrical description",2,12
7518,"fast switching",2,12
7519,"linear ordinary differential equations",4,12
7520,"qualitative differences",2,12
7521,"high velocity field",3,12
7522,"continuous medium",2,12
7523,"becomes available",2,12
7524,"travelling waves",2,12
7525,"fokker planck equation",3,12
7526,"resonance condition",2,12
7527,"squeezed vacuum",2,12
7528,"non photonic",2,12
7529,"atomic clocks",2,12
7530,"logical qubits",2,12
7531,"optical parametric",2,12
7532,"scattered wave",2,12
7533,"ultra cold atoms",3,12
7534,"wide family",2,12
7535,"real time evolution",3,12
7536,"cognitive science",2,12
7537,"likelihood function",2,12
7538,"heterogeneous networks",2,12
7539,"logical structure",2,12
7540,"acyclic graph",2,12
7541,"few cycle",2,12
7542,"independently derived",2,12
7543,"induced subgraph",2,12
7544,"joint probability",2,12
7545,"shift parameter",2,12
7546,"twofold first",2,12
7547,"total mass function",3,12
7548,"cloud core",2,12
7549,"magnetically driven",2,12
7550,"infrared spectrograph",2,12
7551,"normal fluid",2,12
7552,"single epoch",2,12
7553,"hierarchical galaxy",2,12
7554,"large aperture",2,12
7555,"region centered",2,12
7556,"robotic telescope",2,12
7557,"lowest temperatures",2,12
7558,"benchmark models",2,12
7559,"mg al",2,12
7560,"rough estimate",2,12
7561,"ne ii",2,12
7562,"curvature singularities",2,12
7563,"integrability condition",2,12
7564,"string network",2,12
7565,"landau lifshitz",2,12
7566,"global fits",2,12
7567,"stable attractor",2,12
7568,"generic initial",2,12
7569,"spin precession",2,12
7570,"large nc limit",3,12
7571,"stop mass",2,12
7572,"neutralino annihilation",2,12
7573,"non degeneracy",2,12
7574,"color confinement",2,12
7575,"color octet",2,12
7576,"inclusive charged",2,12
7577,"reasonably large",2,12
7578,"forward rapidity",2,12
7579,"light scalars",2,12
7580,"regularization scheme",2,12
7581,"longer range",2,12
7582,"leading logarithmic",2,12
7583,"angular correlations",2,12
7584,"after recalling",2,12
7585,"texture zero",2,12
7586,"su grand unification",3,12
7587,"phase separated",2,12
7588,"central charges",2,12
7589,"general grounds",2,12
7590,"convexity properties",2,12
7591,"pbar collisions",2,12
7592,"integrated luminosities",2,12
7593,"magnitude higher order",3,12
7594,"fitting formula",2,12
7595,"adiabatic regime",2,12
7596,"extremal limit",2,12
7597,"variational formalism",2,12
7598,"observable quantities",2,12
7599,"half maximum",2,12
7600,"steps toward",2,12
7601,"remnants snrs",2,12
7602,"multi colour",2,12
7603,"elliptical shape",2,12
7604,"observable signatures",2,12
7605,"green bank",2,12
7606,"events occurring",2,12
7607,"polarized emission",2,12
7608,"agn population",2,12
7609,"tidal radius",2,12
7610,"dark matter content",3,12
7611,"sub mm",2,12
7612,"dark matter power spectrum",4,12
7613,"white dwarf wd",3,12
7614,"cubic nonlinear",2,12
7615,"stellar cores",2,12
7616,"halpha emission line",3,12
7617,"josephson effect",2,12
7618,"joint probability distribution",3,12
7619,"expected dimension",2,12
7620,"copper oxide",2,12
7621,"micromagnetic simulations",2,12
7622,"auxiliary field",2,12
7623,"gap decreases",2,12
7624,"structural relaxation",2,12
7625,"resonant tunneling through",3,12
7626,"contact line",2,12
7627,"semiconducting gap",2,12
7628,"exciton polaritons",2,12
7629,"analysis predicts",2,12
7630,"dirichlet boundary condition",3,12
7631,"quasiclassical theory",2,12
7632,"mode identification",2,12
7633,"conductance peaks",2,12
7634,"single wall carbon nanotubes",4,12
7635,"high tc cuprates",3,12
7636,"varies linearly",2,12
7637,"si surfaces",2,12
7638,"external electric",2,12
7639,"single walled carbon nanotubes",4,12
7640,"metal free",2,12
7641,"gaas quantum dot",3,12
7642,"decreases linearly",2,12
7643,"monolayer graphene",2,12
7644,"elastic moduli",2,12
7645,"ring shaped",2,12
7646,"periodically modulated",2,12
7647,"direct imaging",2,12
7648,"stripe phase",2,12
7649,"gold electrodes",2,12
7650,"carrier concentration",2,12
7651,"coordination number",2,12
7652,"unified treatment",2,12
7653,"lattice polytopes",2,12
7654,"set theoretic",2,12
7655,"countable groups",2,12
7656,"recursive formula",2,12
7657,"isolated singularities",2,12
7658,"global view",2,12
7659,"uniqueness theorems",2,12
7660,"braid groups",2,12
7661,"directed graphs",2,12
7662,"linear mappings",2,12
7663,"formal language",2,12
7664,"plurisubharmonic functions",2,12
7665,"splitting theorem",2,12
7666,"base change",2,12
7667,"consistency condition",2,12
7668,"maximum likelihood estimators",3,12
7669,"tensor power",2,12
7670,"converges uniformly",2,12
7671,"chiral effective lagrangian",3,12
7672,"thermal freeze",2,12
7673,"maxwell construction",2,12
7674,"weak forces",2,12
7675,"north east",2,12
7676,"simulated data set",3,12
7677,"elastic stresses",2,12
7678,"readily available",2,12
7679,"velocity distributions",2,12
7680,"classical tests",2,12
7681,"flow patterns",2,12
7682,"mechanism behind",2,12
7683,"theorem relates",2,12
7684,"discrete time step",3,12
7685,"non circular",2,12
7686,"quasi hermitian hamiltonian",3,12
7687,"gamma matrices",2,12
7688,"open string theory",3,12
7689,"besides being",2,12
7690,"cpt violating",2,12
7691,"soft supersymmetry",2,12
7692,"power series expansion",3,12
7693,"perturbative series",2,12
7694,"momentum cutoff",2,12
7695,"phi4 model",2,12
7696,"bilinear forms",2,12
7697,"falls off",2,12
7698,"renormalization condition",2,12
7699,"hilbert action",2,12
7700,"interacting massive",2,12
7701,"systematic variation",2,12
7702,"lcdm model",2,12
7703,"annihilation signal",2,12
7704,"doppler shifts",2,12
7705,"microlensing events",2,12
7706,"sun like",2,12
7707,"infrared photometry",2,12
7708,"early type stars",3,12
7709,"effective mass function",3,12
7710,"lambda cdm cosmology",3,12
7711,"integral field lines",3,12
7712,"peculiar velocity",2,12
7713,"toy models",2,12
7714,"two intersecting",2,12
7715,"feedback mechanisms",2,12
7716,"strongly correlated electrons",3,12
7717,"orbital magnetization",2,12
7718,"finite sized",2,12
7719,"vortex solitons",2,12
7720,"hysteretic behavior",2,12
7721,"derived relating",2,12
7722,"metallic electrodes",2,12
7723,"supremum over",2,12
7724,"integer valued",2,12
7725,"unitary groups",2,12
7726,"classical table",2,12
7727,"module categories",2,12
7728,"relative performance",2,12
7729,"nonlinear realization",2,12
7730,"virtual photon",2,12
7731,"substantially reduced",2,12
7732,"chiral symmetry restoration",3,12
7733,"wmap observations",2,12
7734,"plasma flows",2,12
7735,"accelerator center",2,12
7736,"classical electromagnetism",2,12
7737,"almost completely",2,12
7738,"non axisymmetric",2,12
7739,"bona fide",2,12
7740,"dynamical behaviors",2,12
7741,"air cherenkov",2,12
7742,"abrupt change",2,12
7743,"newtonian dynamics",2,12
7744,"coincidence problem",2,12
7745,"linearized around",2,12
7746,"conformational transitions",2,12
7747,"rapid variations",2,12
7748,"stability criteria",2,12
7749,"coupled painlev",2,12
7750,"state machine",2,12
7751,"current flowing",2,12
7752,"quadratic divergences",2,12
7753,"ergodic properties",2,12
7754,"conductance oscillations",2,12
7755,"logic circuits",2,12
7756,"geometric fluxes",2,12
7757,"clustering algorithms",2,12
7758,"event sample",2,12
7759,"suzaku observation",2,12
7760,"pati salam",2,12
7761,"four loops",2,12
7762,"domain wall valence",3,12
7763,"cantor sets",2,12
7764,"serial manipulators",2,12
7765,"locally connected",2,12
7766,"lie within",2,12
7767,"generalized parton distributions gpds",4,12
7768,"supersymmetric yang mills",3,12
7769,"morse potential",2,12
7770,"external sources",2,12
7771,"oscillatory behaviour",2,12
7772,"mobile devices",2,12
7773,"inequalities satisfied",2,11
7774,"measurable quantities",2,11
7775,"ldpc codes",2,11
7776,"crossing over",2,11
7777,"hermite functions",2,11
7778,"optically trapped",2,11
7779,"state engineering",2,11
7780,"generalized pauli",2,11
7781,"dissipation during",2,11
7782,"non uniform distribution",3,11
7783,"epr paradox",2,11
7784,"physical intuition",2,11
7785,"maximally entangled states",3,11
7786,"highly entangled",2,11
7787,"mode squeezing",2,11
7788,"graph isomorphism",2,11
7789,"hidden subgroup problem",3,11
7790,"continuous time evolution",3,11
7791,"measurable functions",2,11
7792,"maximal entanglement",2,11
7793,"higher twist",2,11
7794,"maps acting",2,11
7795,"quantum logic",2,11
7796,"dirac sea",2,11
7797,"guided mode",2,11
7798,"lattice geometries",2,11
7799,"comprehensive set",2,11
7800,"decoherence free subspaces",3,11
7801,"teleportation protocol",2,11
7802,"full kinematic",2,11
7803,"input signals",2,11
7804,"additive functionals",2,11
7805,"fitness landscape",2,11
7806,"natural selection",2,11
7807,"semigroups generated",2,11
7808,"parametric representation",2,11
7809,"computer assisted",2,11
7810,"lattice gases",2,11
7811,"precise estimates",2,11
7812,"data bases",2,11
7813,"leq n-1",2,11
7814,"non conservative",2,11
7815,"newtonian approximation",2,11
7816,"data files",2,11
7817,"discrete memoryless",2,11
7818,"data streams",2,11
7819,"historical context",2,11
7820,"cyclic codes",2,11
7821,"multi agent",2,11
7822,"unified view",2,11
7823,"relay nodes",2,11
7824,"decoupling limit",2,11
7825,"ornstein uhlenbeck process",3,11
7826,"delayed feedback",2,11
7827,"evolution codes",2,11
7828,"many users",2,11
7829,"constraint satisfaction problems",3,11
7830,"cut set",2,11
7831,"mobility edge",2,11
7832,"antenna array",2,11
7833,"runs over",2,11
7834,"conditional probability distribution",3,11
7835,"perron frobenius",2,11
7836,"relational data",2,11
7837,"efficient enough",2,11
7838,"two oppositely",2,11
7839,"galaxy discs",2,11
7840,"long time scales",3,11
7841,"white dwarfs wds",3,11
7842,"massive ysos",2,11
7843,"parallel shock",2,11
7844,"sub dlas",2,11
7845,"burst grb host galaxy",4,11
7846,"sed fitting",2,11
7847,"lyman break galaxy",3,11
7848,"planetary migration",2,11
7849,"wmap three year",3,11
7850,"dynamo mechanism",2,11
7851,"bulk motions",2,11
7852,"common envelope",2,11
7853,"black holes bhs",3,11
7854,"ergs cm",2,11
7855,"highest redshift",2,11
7856,"brightest cluster",2,11
7857,"faint radio source",3,11
7858,"theories predict",2,11
7859,"compton thin",2,11
7860,"solar activity cycles",3,11
7861,"short time resolved",3,11
7862,"surface emitting",2,11
7863,"arcsec kpc",2,11
7864,"least two component",3,11
7865,"gravitationally unstable",2,11
7866,"galaxy shapes",2,11
7867,"object spectrograph",2,11
7868,"uv optical spectra",3,11
7869,"cosmic coincidence problem",3,11
7870,"thin accretion disk",3,11
7871,"naked singularity",2,11
7872,"signal emitted",2,11
7873,"na ions",2,11
7874,"wide binaries",2,11
7875,"tidal radii",2,11
7876,"stellar mass accretion disk",4,11
7877,"spiral galaxy ngc",3,11
7878,"manifold endowed",2,11
7879,"ionized hydrogen",2,11
7880,"induced precession",2,11
7881,"uniform background",2,11
7882,"old stellar",2,11
7883,"mg si",2,11
7884,"canonical kinetic",2,11
7885,"merger driven",2,11
7886,"radius measurement",2,11
7887,"scattered photons",2,11
7888,"reasons why",2,11
7889,"galaxy clusters gcs",3,11
7890,"visual inspection",2,11
7891,"micron scale",2,11
7892,"transit survey",2,11
7893,"over nights",2,11
7894,"infrared regime",2,11
7895,"iron line",2,11
7896,"radio frequency range",3,11
7897,"high velocity dispersion",3,11
7898,"imaging atmospheric cherenkov telescope",4,11
7899,"metallicity distributions",2,11
7900,"molecular outflow",2,11
7901,"life time evolution",3,11
7902,"cutoff scale",2,11
7903,"draw conclusions",2,11
7904,"year wmap data",3,11
7905,"sigma8 omegam",2,11
7906,"galaxy morphologies",2,11
7907,"tight correlation",2,11
7908,"red supergiants",2,11
7909,"structural components",2,11
7910,"planetary camera",2,11
7911,"observational estimates",2,11
7912,"energetic radiation",2,11
7913,"tev gamma ray",3,11
7914,"single particle physics",3,11
7915,"nearly spherical",2,11
7916,"information gathered",2,11
7917,"cherenkov telescopes",2,11
7918,"star cluster members",3,11
7919,"intra cluster medium icm",4,11
7920,"rotational lines",2,11
7921,"population iii stars",3,11
7922,"orbital solution",2,11
7923,"accreting neutron",2,11
7924,"research areas",2,11
7925,"shower development",2,11
7926,"simulation project",2,11
7927,"function pdf",2,11
7928,"radiation era",2,11
7929,"practical value",2,11
7930,"intrinsic dimension",2,11
7931,"mean photon",2,11
7932,"outer halo",2,11
7933,"density matrix formalism",3,11
7934,"pair production rate",3,11
7935,"wolf rayet star",3,11
7936,"atmospheric parameters teff",3,11
7937,"infrared radiation",2,11
7938,"axisymmetric modes",2,11
7939,"shock excited",2,11
7940,"cygnus x-1",2,11
7941,"inner boundary",2,11
7942,"frame dragging",2,11
7943,"azimuthal magnetic field",3,11
7944,"narrow band imaging",3,11
7945,"detailed characterization",2,11
7946,"poloidal magnetic field",3,11
7947,"infall model",2,11
7948,"late type stars",3,11
7949,"multiband imaging photometer",3,11
7950,"two hundred",2,11
7951,"emission line profiles",3,11
7952,"filamentary structures",2,11
7953,"statistically significant correlation",3,11
7954,"predominantly through",2,11
7955,"halpha line",2,11
7956,"general trend",2,11
7957,"kt kev",2,11
7958,"per square",2,11
7959,"submillimeter telescope",2,11
7960,"zone center",2,11
7961,"cloud complex",2,11
7962,"scintillation detector",2,11
7963,"gamma ray background",3,11
7964,"models fail",2,11
7965,"highly improved",2,11
7966,"wimp annihilation",2,11
7967,"heating mechanism",2,11
7968,"stellar mass function",3,11
7969,"boundary value problems",3,11
7970,"sur le",2,11
7971,"isoperimetric inequality",2,11
7972,"smooth 4-manifolds",2,11
7973,"mathematical structures",2,11
7974,"arithmetic genus",2,11
7975,"identity component",2,11
7976,"missing values",2,11
7977,"weight lambda",2,11
7978,"taylor series",2,11
7979,"effective resistance",2,11
7980,"law decay",2,11
7981,"pointwise convergence",2,11
7982,"vertex operator algebras",3,11
7983,"sobolev type",2,11
7984,"algorithm runs",2,11
7985,"geodesic distance",2,11
7986,"injectivity radius",2,11
7987,"exterior domain",2,11
7988,"frobenius theorem",2,11
7989,"kk theory",2,11
7990,"large portion",2,11
7991,"kleinian groups",2,11
7992,"ruled surfaces",2,11
7993,"under extreme",2,11
7994,"cross validation",2,11
7995,"trigonometric functions",2,11
7996,"complex projective spaces",3,11
7997,"compact orientable",2,11
7998,"heavy tail",2,11
7999,"regularity criterion",2,11
8000,"almost uniform",2,11
8001,"farrell jones",2,11
8002,"length 2n",2,11
8003,"de rham complex",3,11
8004,"lagrange equations",2,11
8005,"integer sequences",2,11
8006,"correctly reproduces",2,11
8007,"kp hierarchy",2,11
8008,"algebro geometric",2,11
8009,"gradient approximation",2,11
8010,"superconformal field theory",3,11
8011,"difficulties related",2,11
8012,"gromov witten theory",3,11
8013,"singularly perturbed",2,11
8014,"pairwise disjoint",2,11
8015,"white light",2,11
8016,"numerically simulated",2,11
8017,"exact enumeration",2,11
8018,"blowing up",2,11
8019,"lorentzian manifolds",2,11
8020,"noncommutative setting",2,11
8021,"binary operation",2,11
8022,"orientable surface",2,11
8023,"modulation spaces",2,11
8024,"fiber bundles",2,11
8025,"gamma convergence",2,11
8026,"strong restrictions",2,11
8027,"permutation groups",2,11
8028,"generating sets",2,11
8029,"volterra type",2,11
8030,"random positions",2,11
8031,"structured data",2,11
8032,"orbit equivalence",2,11
8033,"shares many",2,11
8034,"non intersecting",2,11
8035,"integral transforms",2,11
8036,"lipschitz functions",2,11
8037,"varying speed",2,11
8038,"isolated horizons",2,11
8039,"numerical relativity",2,11
8040,"robertson walker metric",3,11
8041,"spatial curvature",2,11
8042,"polytropic equation",2,11
8043,"semiclassical analysis",2,11
8044,"massive scalar field",3,11
8045,"active area",2,11
8046,"non perturbative expansion",3,11
8047,"regularization procedure",2,11
8048,"spinning binaries",2,11
8049,"fall off",2,11
8050,"advanced ligo",2,11
8051,"shortly after",2,11
8052,"affine lagrangian",2,11
8053,"gravitational waveforms",2,11
8054,"conical flow",2,11
8055,"scanning probe microscopy",3,11
8056,"coefficients being",2,11
8057,"metal atoms",2,11
8058,"soft potentials",2,11
8059,"fluctuation theorems",2,11
8060,"transmission electron",2,11
8061,"quantitative relation",2,11
8062,"displacement field",2,11
8063,"inductively coupled",2,11
8064,"expansion coefficient",2,11
8065,"composite structures",2,11
8066,"la 2-x sr",3,11
8067,"largely independent",2,11
8068,"amorphous silicon",2,11
8069,"total angular",2,11
8070,"metallic character",2,11
8071,"attachment detachment",2,11
8072,"correlated disorder",2,11
8073,"two component bose einstein condensate",5,11
8074,"surface acoustic",2,11
8075,"second quantized",2,11
8076,"fokker planck equations",3,11
8077,"matrix renormalization group",3,11
8078,"bifurcation diagram",2,11
8079,"functional renormalization group",3,11
8080,"quasiparticle random phase",3,11
8081,"shape invariance",2,11
8082,"continuum limits",2,11
8083,"parallel planes",2,11
8084,"cluster algorithms",2,11
8085,"anisotropic diffusion",2,11
8086,"signal strength",2,11
8087,"colloidal suspensions",2,11
8088,"independent identically",2,11
8089,"phase transition probability",3,11
8090,"double layers",2,11
8091,"linear response function",3,11
8092,"cuo delta",2,11
8093,"red shifted",2,11
8094,"current carrying",2,11
8095,"phonon frequency",2,11
8096,"heavy hole",2,11
8097,"quasiparticle weight",2,11
8098,"ratchet effect",2,11
8099,"absorption feature",2,11
8100,"hard core bosons",3,11
8101,"ionization parameter",2,11
8102,"dynamically stable",2,11
8103,"epitaxial growth",2,11
8104,"type antiferromagnetic",2,11
8105,"enhanced transmission",2,11
8106,"quasi periodic oscillations",3,11
8107,"controversy regarding",2,11
8108,"selection rules",2,11
8109,"empirical formula",2,11
8110,"functional theory dft",3,11
8111,"discrete time dependent",3,11
8112,"nuclear spin dependent",3,11
8113,"imaginary parts",2,11
8114,"boundary element",2,11
8115,"ballistic regime",2,11
8116,"forward scattering",2,11
8117,"size scaling behavior",3,11
8118,"damping rate",2,11
8119,"instability occurs",2,11
8120,"atomic gases",2,11
8121,"wang landau",2,11
8122,"direct photon",2,11
8123,"electrical transport",2,11
8124,"tilde tau",2,11
8125,"zero resistance",2,11
8126,"intrinsic property",2,11
8127,"strongly interacting fermions",3,11
8128,"deconfinement transition",2,11
8129,"wigner crystal",2,11
8130,"methods fail",2,11
8131,"internal target",2,11
8132,"incident energies",2,11
8133,"high energy distributions",3,11
8134,"cold nuclear matter",3,11
8135,"fusion reactions",2,11
8136,"forward rapidities",2,11
8137,"intermediate pt",2,11
8138,"particle azimuthal correlations",3,11
8139,"hard scattering processes",3,11
8140,"activation energy",2,11
8141,"high pt gev",3,11
8142,"semi leptonic",2,11
8143,"nuclear modification factors",3,11
8144,"particle ratios",2,11
8145,"chemical freeze",2,11
8146,"nuclear quadrupole",2,11
8147,"effective radii",2,11
8148,"analytically solvable model",3,11
8149,"hartree fock bogoliubov",3,11
8150,"incorporated within",2,11
8151,"single ion collisions",3,11
8152,"rich nuclei",2,11
8153,"plus jets",2,11
8154,"double beta",2,11
8155,"few degrees",2,11
8156,"double beta decay",3,11
8157,"charged pion",2,11
8158,"supersymmetric standard",2,11
8159,"nearly zero",2,11
8160,"violating asymmetries",2,11
8161,"psi 2s",2,11
8162,"infrared behaviour",2,11
8163,"simeq gev",2,11
8164,"few days",2,11
8165,"azimuthal asymmetries",2,11
8166,"large q2",2,11
8167,"superfield formalism",2,11
8168,"reheating temperature",2,11
8169,"theoretical uncertainty",2,11
8170,"weak coupling strength",3,11
8171,"gravitino problem",2,11
8172,"paradigmatic model",2,11
8173,"grand unified theories",3,11
8174,"pqcd predictions",2,11
8175,"subsequent decay",2,11
8176,"randall sundrum rs",3,11
8177,"quantum chromodynamics qcd",3,11
8178,"down quark",2,11
8179,"exclusive process",2,11
8180,"cone qcd",2,11
8181,"strong coupling constants",3,11
8182,"parity lht",2,11
8183,"fermion pairs",2,11
8184,"hadronic molecule",2,11
8185,"sea level",2,11
8186,"rs ii",2,11
8187,"explicit predictions",2,11
8188,"drag force",2,11
8189,"three flavour",2,11
8190,"hyperfine splitting",2,11
8191,"gauged supergravities",2,11
8192,"conical singularities",2,11
8193,"2n dimensional",2,11
8194,"worldsheet description",2,11
8195,"duality transformations",2,11
8196,"non baryonic",2,11
8197,"half bps",2,11
8198,"quark confinement",2,11
8199,"fractional branes",2,11
8200,"killing spinor",2,11
8201,"taub nut",2,11
8202,"five loops",2,11
8203,"mass splitting",2,11
8204,"modern cosmology",2,11
8205,"ir mixing",2,11
8206,"yukawa interaction",2,11
8207,"chiral ring",2,11
8208,"intersecting brane",2,11
8209,"schwarzschild geometry",2,11
8210,"final stages",2,11
8211,"problems encountered",2,11
8212,"wzw model",2,11
8213,"lorentz violating",2,11
8214,"dipole moments",2,11
8215,"transverse degrees",2,11
8216,"instanton solution",2,11
8217,"geometrical optics",2,11
8218,"harmonic oscillations",2,11
8219,"beam facility",2,11
8220,"leading order nlo qcd",4,11
8221,"united states",2,11
8222,"jet radius",2,11
8223,"eta meson decays",3,11
8224,"supersymmetric lattice",2,11
8225,"maximal twist",2,11
8226,"curve fitting",2,11
8227,"opening new",2,11
8228,"diode laser",2,11
8229,"conversion factor",2,11
8230,"author offers",2,11
8231,"strong dipolar",2,11
8232,"inverse power law",3,11
8233,"selected topics",2,11
8234,"mediterranean sea",2,11
8235,"point spread",2,11
8236,"under reasonable",2,11
8237,"rotor model",2,11
8238,"photomultiplier tubes",2,11
8239,"now clear",2,11
8240,"spread through",2,11
8241,"lens system",2,11
8242,"zero temperature dependent",3,11
8243,"secondary electrons",2,11
8244,"turbulent flows",2,11
8245,"living cells",2,11
8246,"force balance",2,11
8247,"elementary particle",2,11
8248,"gauge transformation",2,11
8249,"real world networks",3,11
8250,"strongly influenced",2,11
8251,"high probability distribution",3,11
8252,"phase locking",2,11
8253,"ordinary differential",2,11
8254,"hyperbolic geometry",2,11
8255,"bilinear form",2,11
8256,"calogero moser",2,11
8257,"continuous time dependent",3,11
8258,"tutte polynomial",2,11
8259,"discrete time steps",3,11
8260,"periodic arrays",2,11
8261,"dipole trap",2,11
8262,"mellin transform",2,11
8263,"second post",2,11
8264,"theoretical ideas",2,11
8265,"transmission spectra",2,11
8266,"interacting qubits",2,11
8267,"molecular species",2,11
8268,"ising spin chain",3,11
8269,"solid angle",2,11
8270,"integrability properties",2,11
8271,"hadamard matrices",2,11
8272,"clifford group",2,11
8273,"angle resolved",2,11
8274,"pulse duration",2,11
8275,"secret sharing",2,11
8276,"ising type",2,11
8277,"he atoms",2,11
8278,"former being",2,11
8279,"pre selected",2,11
8280,"counting statistics",2,11
8281,"motor proteins",2,11
8282,"correct description",2,11
8283,"change dramatically",2,11
8284,"joint distribution",2,11
8285,"cell size",2,11
8286,"actin networks",2,11
8287,"assembly process",2,11
8288,"human computer",2,11
8289,"groebner bases",2,11
8290,"lambdacdm model",2,11
8291,"exponential maps",2,11
8292,"hydrogen burning",2,11
8293,"integral spi",2,11
8294,"clear difference",2,11
8295,"systematic bias",2,11
8296,"physical processes involved",3,11
8297,"theoretical modeling",2,11
8298,"accurate analytical",2,11
8299,"stellar groups",2,11
8300,"line strength",2,11
8301,"pulsar 4u",2,11
8302,"proto neutron star",3,11
8303,"rapid decay",2,11
8304,"galaxy formation rate",3,11
8305,"gamma approx",2,11
8306,"weak gravitational",2,11
8307,"highly dependent",2,11
8308,"simple analytical solution",3,11
8309,"completely specified",2,11
8310,"stable orbit",2,11
8311,"massless scalar fields",3,11
8312,"spatial variations",2,11
8313,"phase space time evolution",4,11
8314,"holographic principle",2,11
8315,"covariant formulation",2,11
8316,"azimuthal angle",2,11
8317,"strong coupling strength",3,11
8318,"factorization theorem",2,11
8319,"minimal assumptions",2,11
8320,"hermitian hamiltonian",2,11
8321,"hydrogen target",2,11
8322,"chiral unitary",2,11
8323,"geometric mean",2,11
8324,"ii detector",2,11
8325,"preprint arxiv",2,11
8326,"effective mass spectrum",3,11
8327,"compact expressions",2,11
8328,"vector dominance",2,11
8329,"relativistic hydrodynamics",2,11
8330,"deconfinement phase",2,11
8331,"softly broken",2,11
8332,"around evolved",2,11
8333,"non supersymmetric standard model",4,11
8334,"discovery reach",2,11
8335,"ckm matrix",2,11
8336,"dynamical instabilities",2,11
8337,"bulk motion",2,11
8338,"giant magnon",2,11
8339,"naturally emerges",2,11
8340,"pure spinor",2,11
8341,"muon beam",2,11
8342,"deep inelastic collisions",3,11
8343,"ppbar collisions",2,11
8344,"twisted mass",2,11
8345,"ads cft duality",3,11
8346,"cosmological backgrounds",2,11
8347,"light front",2,11
8348,"phase averaged",2,11
8349,"double degenerate",2,11
8350,"blue straggler",2,11
8351,"thermonuclear burning",2,11
8352,"nucleus agn",2,11
8353,"primary importance",2,11
8354,"isolated neutron stars",3,11
8355,"cosmic ray emission",3,11
8356,"hubble types",2,11
8357,"blazar jets",2,11
8358,"self consistent treatment",3,11
8359,"gas content",2,11
8360,"rotating frame",2,11
8361,"long term variability",3,11
8362,"slightly lower",2,11
8363,"ob associations",2,11
8364,"cosmic ray background",3,11
8365,"local interstellar",2,11
8366,"single dish",2,11
8367,"planets orbiting",2,11
8368,"chaotic inflation",2,11
8369,"spheroidal galaxy",2,11
8370,"intrinsic localized",2,11
8371,"final stage",2,11
8372,"radial velocity measurements",3,11
8373,"mm wavelengths",2,11
8374,"high significance",2,11
8375,"duration gamma ray emission",4,11
8376,"key project",2,11
8377,"bohr sommerfeld",2,11
8378,"magnetic duality",2,11
8379,"pseudodifferential operators",2,11
8380,"euler product",2,11
8381,"under iteration",2,11
8382,"net charge",2,11
8383,"landau zener",2,11
8384,"lifshitz theory",2,11
8385,"domain wall motion",3,11
8386,"pressure driven",2,11
8387,"system enters",2,11
8388,"simple phenomenological",2,11
8389,"elastic network",2,11
8390,"dots embedded",2,11
8391,"low temperature superconductors",3,11
8392,"counter propagating",2,11
8393,"transverse electric",2,11
8394,"mean field strength",3,11
8395,"spatially uniform",2,11
8396,"fully microscopic",2,11
8397,"nanotube cnt",2,11
8398,"spectral energy gap",3,11
8399,"rich phase diagram",3,11
8400,"negative norm",2,11
8401,"significant portion",2,11
8402,"point charges",2,11
8403,"single domain walls",3,11
8404,"modulational instability",2,11
8405,"simple analytical expressions",3,11
8406,"vortex free",2,11
8407,"improved description",2,11
8408,"non perturbative renormalization group",4,11
8409,"quantum criticality",2,11
8410,"unit cells",2,11
8411,"crystal growth",2,11
8412,"two options",2,11
8413,"event shape",2,11
8414,"optical phonons",2,11
8415,"damping rates",2,11
8416,"differ according",2,11
8417,"charge density wave cdw",4,11
8418,"bloch states",2,11
8419,"first principles calculation",3,11
8420,"dna binding",2,11
8421,"van hove",2,11
8422,"strain induced",2,11
8423,"broken down",2,11
8424,"valence bond solid",3,11
8425,"lens model",2,11
8426,"high temperature dependent",3,11
8427,"external perturbation",2,11
8428,"kosterlitz thouless transition",3,11
8429,"polar molecules",2,11
8430,"naturally occurring",2,11
8431,"random phase space",3,11
8432,"kadomtsev petviashvili",2,11
8433,"branching random walk",3,11
8434,"diffusion convection",2,11
8435,"riemann sphere",2,11
8436,"adjoint action",2,11
8437,"ambient manifold",2,11
8438,"finite coxeter groups",3,11
8439,"kernel estimators",2,11
8440,"floer homology",2,11
8441,"coordinate ring",2,11
8442,"rigidity theorem",2,11
8443,"cr manifolds",2,11
8444,"obstacle problem",2,11
8445,"discrete subgroups",2,11
8446,"low rank",2,11
8447,"optimal control problem",3,11
8448,"volatility models",2,11
8449,"log concave",2,11
8450,"indecomposable representations",2,11
8451,"inversion formula",2,11
8452,"compact riemannian",2,11
8453,"chiral odd",2,11
8454,"overlap fermion",2,11
8455,"data seem",2,11
8456,"double excitations",2,11
8457,"liquid drop",2,11
8458,"nonlocal nonlinearity",2,11
8459,"clustering coefficient",2,11
8460,"radiation reaction",2,11
8461,"electrostatic forces",2,11
8462,"directed motion",2,11
8463,"momentum map",2,11
8464,"universal expression",2,11
8465,"pulsed laser",2,11
8466,"parametric family",2,11
8467,"immune system",2,11
8468,"age dependent",2,11
8469,"motivation comes",2,11
8470,"dna sequences",2,11
8471,"reasonable description",2,11
8472,"quantum tomography",2,11
8473,"correlation coefficients",2,11
8474,"operator valued measures",3,11
8475,"protected against",2,11
8476,"line element",2,11
8477,"quantum mechanics qm",3,11
8478,"temperley lieb algebra",3,11
8479,"picture emerges",2,11
8480,"perturbative superpotential",2,11
8481,"pay special attention",3,11
8482,"massless scalar field theory",4,11
8483,"type ii string theory",4,11
8484,"linear collider",2,11
8485,"boost invariant",2,11
8486,"schwinger equations",2,11
8487,"finite bias",2,11
8488,"fusion process",2,11
8489,"maximum matching",2,11
8490,"non leptonic",2,11
8491,"low mass ratios",3,11
8492,"radiative efficiency",2,11
8493,"blue compact",2,11
8494,"three stages",2,11
8495,"spherical nuclei",2,11
8496,"induction equation",2,11
8497,"ap stars",2,11
8498,"shearing box",2,11
8499,"vlt naco",2,11
8500,"dust temperature",2,11
8501,"life cycle",2,11
8502,"pulsation modes",2,11
8503,"kpc scales",2,11
8504,"polarization signals",2,11
8505,"carbon enhanced",2,11
8506,"irs observations",2,11
8507,"primordial non",2,11
8508,"virial theorem",2,11
8509,"stringent limits",2,11
8510,"concordance cosmology",2,11
8511,"limb darkening",2,11
8512,"metal enrichment",2,11
8513,"vlt isaac",2,11
8514,"vlbi images",2,11
8515,"darboux transformation",2,11
8516,"priori estimate",2,11
8517,"fall within",2,11
8518,"states ldos",2,11
8519,"liquid vapor",2,11
8520,"stochastic quantization",2,11
8521,"frozen state",2,11
8522,"low enough",2,11
8523,"casimir forces",2,11
8524,"external magnetic field theory",4,11
8525,"longitudinal direction",2,11
8526,"mean free paths",3,11
8527,"dots qds",2,11
8528,"glassy systems",2,11
8529,"host material",2,11
8530,"low density matrix",3,11
8531,"domain growth",2,11
8532,"sine gordon",2,11
8533,"generalized langevin equation",3,11
8534,"heat capacity measurements",3,11
8535,"condensed atoms",2,11
8536,"hole pairs",2,11
8537,"solid substrate",2,11
8538,"unipotent groups",2,11
8539,"adjacent vertices",2,11
8540,"hamiltonian diffeomorphisms",2,11
8541,"right symmetric",2,11
8542,"slight modification",2,11
8543,"hamiltonian actions",2,11
8544,"circle action",2,11
8545,"normalized ricci curvature",3,11
8546,"reductive group",2,11
8547,"upper triangular matrices",3,11
8548,"unbounded operators",2,11
8549,"full details",2,11
8550,"vertex cover",2,11
8551,"iwasawa theory",2,11
8552,"infinite products",2,11
8553,"gibbs measures",2,11
8554,"mild condition",2,11
8555,"weil petersson",2,11
8556,"loop diagrams",2,11
8557,"goes through",2,11
8558,"feature selection",2,11
8559,"decoherence free subspace",3,11
8560,"collider ilc",2,11
8561,"light quark gluon",3,11
8562,"three generations",2,11
8563,"conversion efficiency",2,11
8564,"higgs doublets",2,11
8565,"world average value",3,11
8566,"nlo qcd corrections",3,11
8567,"fermionic construction",2,11
8568,"interaction strengths",2,11
8569,"textit i.e",2,11
8570,"horizon geometry",2,11
8571,"higgs boson mass",3,11
8572,"small separations",2,11
8573,"egret data",2,11
8574,"transmitted through",2,11
8575,"share similar",2,11
8576,"compound nucleus",2,11
8577,"plateau phase",2,11
8578,"triangulated categories",2,11
8579,"semi empirical",2,11
8580,"ni mn",2,11
8581,"optical pumping",2,11
8582,"varies through",2,11
8583,"rotational transitions",2,11
8584,"inhomogeneous media",2,11
8585,"early phases",2,11
8586,"type ii superconductors",3,11
8587,"assisted tunneling",2,11
8588,"extended abstract",2,11
8589,"nodal points",2,11
8590,"large scale invariant",3,11
8591,"mechanical treatment",2,11
8592,"active phase",2,11
8593,"virtual reality",2,11
8594,"dark matter halo mass",4,11
8595,"appropriately chosen",2,11
8596,"gell mann",2,11
8597,"waves propagate",2,11
8598,"cosmic rays cr",3,11
8599,"co dimension",2,11
8600,"fluctuation relations",2,11
8601,"arbitrary genus",2,11
8602,"schur function",2,11
8603,"doppler factor",2,11
8604,"linear joints",2,11
8605,"magneto resistance",2,11
8606,"gravitational potentials",2,11
8607,"sn isotopes",2,11
8608,"metric fluctuations",2,11
8609,"south pole",2,11
8610,"differentiable functions",2,11
8611,"evolutionary algorithms",2,11
8612,"chandra deep field south",4,11
8613,"slope alpha",2,11
8614,"two body decays",3,11
8615,"hydrophobic polar",2,11
8616,"single qubit rotations",3,10
8617,"functions pdfs",2,10
8618,"total cross",2,10
8619,"kernel expansion",2,10
8620,"probe pulses",2,10
8621,"occurring within",2,10
8622,"fault tolerant quantum gates",4,10
8623,"entangling gate",2,10
8624,"failure rate",2,10
8625,"parametric down conversion process",4,10
8626,"inertial observers",2,10
8627,"quantum critical phenomena",3,10
8628,"output relations",2,10
8629,"configuration interaction ci",3,10
8630,"klein paradox",2,10
8631,"element specific",2,10
8632,"squeezed state",2,10
8633,"electrically driven",2,10
8634,"optically pumped",2,10
8635,"spin-1 fermions",2,10
8636,"lindblad theory",2,10
8637,"reasonable choice",2,10
8638,"probability amplitudes",2,10
8639,"scheme combines",2,10
8640,"diagonal entries",2,10
8641,"collision frequency",2,10
8642,"phenomenological applications",2,10
8643,"microwave absorption",2,10
8644,"constraint algebra",2,10
8645,"analytical estimates",2,10
8646,"findings indicate",2,10
8647,"briefly recall",2,10
8648,"spatial averaging",2,10
8649,"external load",2,10
8650,"lateral casimir force",3,10
8651,"local causality",2,10
8652,"separability criteria",2,10
8653,"two dimensional hilbert space",4,10
8654,"moving group",2,10
8655,"lorentz invariant under",3,10
8656,"fidelity decay",2,10
8657,"abelian group actions",3,10
8658,"noise ratio snr",3,10
8659,"mode squeezed",2,10
8660,"probed via",2,10
8661,"biochemical networks",2,10
8662,"simple genetic",2,10
8663,"transcription factors",2,10
8664,"model selection function",3,10
8665,"computational difficulties",2,10
8666,"epidemic spreading",2,10
8667,"electromagnetic field equations",3,10
8668,"kolmogorov equation",2,10
8669,"quadratic nonlinearity",2,10
8670,"drift term",2,10
8671,"passage time",2,10
8672,"body forces",2,10
8673,"feynman path",2,10
8674,"macroscopic quantum mechanics",3,10
8675,"selfadjoint operators",2,10
8676,"taylor couette",2,10
8677,"multiple access interference",3,10
8678,"broadcast channels",2,10
8679,"intended receiver",2,10
8680,"rate distortion function",3,10
8681,"input symbols",2,10
8682,"practical situations",2,10
8683,"space time interval",3,10
8684,"stabilizer codes",2,10
8685,"per bit",2,10
8686,"average path length",3,10
8687,"additive white gaussian noise",4,10
8688,"logic programming",2,10
8689,"cost effective",2,10
8690,"automatically generate",2,10
8691,"alternative definition",2,10
8692,"non cooperative",2,10
8693,"memoryless channels",2,10
8694,"fault tolerance",2,10
8695,"human dynamics",2,10
8696,"open access",2,10
8697,"dirac fock",2,10
8698,"asymptotic complexity",2,10
8699,"online algorithm",2,10
8700,"periodic signals",2,10
8701,"balmer line",2,10
8702,"correlated variability",2,10
8703,"three instruments",2,10
8704,"green bank telescope",3,10
8705,"rho c2",2,10
8706,"baryon acoustic oscillations",3,10
8707,"quasar clustering",2,10
8708,"image subtraction",2,10
8709,"bipolar outflow",2,10
8710,"largely unknown",2,10
8711,"lisa sources",2,10
8712,"neutron star formation",3,10
8713,"international workshop",2,10
8714,"sigma orionis",2,10
8715,"wavelength regime",2,10
8716,"microlensing surveys",2,10
8717,"acoustic black hole",3,10
8718,"polarization position",2,10
8719,"gravity sensitive",2,10
8720,"well calibrated",2,10
8721,"logarithmic slope",2,10
8722,"axisymmetric mhd",2,10
8723,"driving mechanisms",2,10
8724,"protostellar disks",2,10
8725,"iron core",2,10
8726,"mid ir emission",3,10
8727,"coma cluster",2,10
8728,"suprime cam",2,10
8729,"soon after",2,10
8730,"bl lacertae",2,10
8731,"wilkinson microwave anisotropy probe",4,10
8732,"frequency shifts",2,10
8733,"morphological types",2,10
8734,"wide field imager",3,10
8735,"remaining galaxies",2,10
8736,"collapsar model",2,10
8737,"flux rope",2,10
8738,"soft photon",2,10
8739,"metallicity gradient",2,10
8740,"pre main sequence pms stars",5,10
8741,"deg2 region",2,10
8742,"pre main",2,10
8743,"radio frequency dependence",3,10
8744,"rayleigh number",2,10
8745,"gravitationally lensed",2,10
8746,"dispersion measure",2,10
8747,"coulomb barrier",2,10
8748,"pre main sequence stars",4,10
8749,"polycyclic aromatic hydrocarbons pahs",4,10
8750,"secondary pairs",2,10
8751,"many steps",2,10
8752,"emission line widths",3,10
8753,"mirror telescope",2,10
8754,"semimajor axis",2,10
8755,"member stars",2,10
8756,"underground laboratory",2,10
8757,"tidal tails",2,10
8758,"australia telescope compact",3,10
8759,"cosmic microwave background anisotropies",4,10
8760,"ogle ii",2,10
8761,"integrated numerically",2,10
8762,"events per",2,10
8763,"atmospheric neutrino",2,10
8764,"lyman break",2,10
8765,"bl lac object",3,10
8766,"dissipative structures",2,10
8767,"agn heating",2,10
8768,"orbital inclination",2,10
8769,"actual value",2,10
8770,"protostellar cores",2,10
8771,"gas fractions",2,10
8772,"sph simulations",2,10
8773,"rotational invariance",2,10
8774,"internal heating",2,10
8775,"classical cepheids",2,10
8776,"mixing patterns",2,10
8777,"arc length",2,10
8778,"considerably enhanced",2,10
8779,"strong indication",2,10
8780,"propto nu",2,10
8781,"soho mdi",2,10
8782,"symbiotic star",2,10
8783,"hydrostatic pressure",2,10
8784,"mass loss rates",3,10
8785,"telescope gmrt",2,10
8786,"spectral energy bands",3,10
8787,"massive star clusters",3,10
8788,"fitting technique",2,10
8789,"extended radio sources",3,10
8790,"hi absorption",2,10
8791,"precision spectroscopy",2,10
8792,"molecular gas kinematics",3,10
8793,"stellar oscillations",2,10
8794,"silicate feature",2,10
8795,"palatini formalism",2,10
8796,"clearly resolved",2,10
8797,"unambiguous identification",2,10
8798,"multi orbital",2,10
8799,"repeated measurements",2,10
8800,"schwarzschild radii",2,10
8801,"chandra deep",2,10
8802,"wind clumping",2,10
8803,"analytic tools",2,10
8804,"continuum radiation",2,10
8805,"array vla observations",3,10
8806,"put strong",2,10
8807,"agn feedback",2,10
8808,"non detection efficiency",3,10
8809,"physical mechanisms",2,10
8810,"hubble space",2,10
8811,"magnitude stronger",2,10
8812,"weakly magnetized",2,10
8813,"radio quiet",2,10
8814,"arxiv administrators",2,10
8815,"reflection component",2,10
8816,"extending earlier",2,10
8817,"merging systems",2,10
8818,"jet knots",2,10
8819,"bound orbits",2,10
8820,"internal shock",2,10
8821,"galactic gcs",2,10
8822,"luminosity ratio",2,10
8823,"cool gas",2,10
8824,"adaptive optics ao",3,10
8825,"mode decomposition",2,10
8826,"ends up",2,10
8827,"photometric data set",3,10
8828,"bh masses",2,10
8829,"galaxies reside",2,10
8830,"halpha emission",2,10
8831,"magnetic reconnection",2,10
8832,"source catalogue",2,10
8833,"astrophysical neutrinos",2,10
8834,"hydrodynamical simulation",2,10
8835,"barred galaxies",2,10
8836,"single star formation",3,10
8837,"temporal distribution",2,10
8838,"classical nova",2,10
8839,"rest frame uv",3,10
8840,"brightness distribution",2,10
8841,"emitting gas",2,10
8842,"axial direction",2,10
8843,"duration gamma",2,10
8844,"early type ii",3,10
8845,"absorption bands",2,10
8846,"during reionization epoch",3,10
8847,"spectral energy density",3,10
8848,"pulse profiles",2,10
8849,"central supermassive",2,10
8850,"cyg x-1",2,10
8851,"fourier spectra",2,10
8852,"cluster merger",2,10
8853,"cold gas phase",3,10
8854,"long term monitoring",3,10
8855,"visual binary system",3,10
8856,"liquid xenon",2,10
8857,"physical reality",2,10
8858,"sdss dr5",2,10
8859,"probability distribution function pdf",4,10
8860,"higher sensitivity",2,10
8861,"glast lat",2,10
8862,"lcdm cosmology",2,10
8863,"diffuse emission",2,10
8864,"physical constants",2,10
8865,"integrated intensity",2,10
8866,"foreground stars",2,10
8867,"spectral type stars",3,10
8868,"population synthesis models",3,10
8869,"plastic flow",2,10
8870,"torsion subgroup",2,10
8871,"duality principle",2,10
8872,"summation formula",2,10
8873,"hyperbolic space time",3,10
8874,"lorentzian manifold",2,10
8875,"de sitter spaces",3,10
8876,"arithmetic geometry",2,10
8877,"orthogonal complement",2,10
8878,"relative weight",2,10
8879,"birational geometry",2,10
8880,"microarray data",2,10
8881,"algebraic closure",2,10
8882,"heegaard surface",2,10
8883,"trivial canonical",2,10
8884,"learning algorithms",2,10
8885,"statistical tools",2,10
8886,"linear regression models",3,10
8887,"space spanned",2,10
8888,"adic modular forms",3,10
8889,"goldbach conjecture",2,10
8890,"many copies",2,10
8891,"nonlinear schr",2,10
8892,"blind source",2,10
8893,"space filling",2,10
8894,"density functionals",2,10
8895,"division algebra",2,10
8896,"power sums",2,10
8897,"polish spaces",2,10
8898,"linear subspaces",2,10
8899,"higher powers",2,10
8900,"galton watson trees",3,10
8901,"kazhdan lusztig",2,10
8902,"complex reflection groups",3,10
8903,"path algebras",2,10
8904,"absolutely stable",2,10
8905,"inverse semigroups",2,10
8906,"reflection symmetry",2,10
8907,"principal bundles",2,10
8908,"gromov witten invariants",3,10
8909,"maurer cartan",2,10
8910,"nonlinear pdes",2,10
8911,"random perturbations",2,10
8912,"valued function",2,10
8913,"matrix factorizations",2,10
8914,"localization theorem",2,10
8915,"exact sequences",2,10
8916,"q1 q2",2,10
8917,"long knots",2,10
8918,"finite index subgroups",3,10
8919,"monodromy group",2,10
8920,"compact riemannian metric",3,10
8921,"his book",2,10
8922,"universal enveloping",2,10
8923,"lagrangian tori",2,10
8924,"smooth cubic",2,10
8925,"regularly varying",2,10
8926,"weighted lp",2,10
8927,"faithful normal",2,10
8928,"unstable regions",2,10
8929,"contained proof",2,10
8930,"connected subgraphs",2,10
8931,"coefficient alpha",2,10
8932,"waiting time",2,10
8933,"differential invariants",2,10
8934,"considerations lead",2,10
8935,"amer math",2,10
8936,"poisson manifold",2,10
8937,"irrational number",2,10
8938,"local monodromy",2,10
8939,"sasaki einstein",2,10
8940,"homotopy class",2,10
8941,"dynkin quivers",2,10
8942,"morse theory",2,10
8943,"twistor space",2,10
8944,"dehn surgery",2,10
8945,"frobenius manifold",2,10
8946,"weaker condition",2,10
8947,"hyperplane sections",2,10
8948,"induced subgraphs",2,10
8949,"isometry group",2,10
8950,"canonical bases",2,10
8951,"conventional wisdom",2,10
8952,"monoidal category",2,10
8953,"chosen independently",2,10
8954,"canonical divisor",2,10
8955,"jack polynomials",2,10
8956,"permutation symmetry",2,10
8957,"multiplicative group",2,10
8958,"quasi isometric",2,10
8959,"average consensus",2,10
8960,"log sigma",2,10
8961,"cohen macaulay modules over",4,10
8962,"get rid",2,10
8963,"phd thesis",2,10
8964,"well posedness result",3,10
8965,"odd integer",2,10
8966,"wkb analysis",2,10
8967,"noncompact type",2,10
8968,"compact riemannian manifolds",3,10
8969,"short proofs",2,10
8970,"convergent series",2,10
8971,"statefinder parameters",2,10
8972,"gaussian shape",2,10
8973,"wormhole throat",2,10
8974,"cosmological singularities",2,10
8975,"symmetric spacetimes",2,10
8976,"evolving according",2,10
8977,"schwarzschild black",2,10
8978,"moving inside",2,10
8979,"similar conclusion",2,10
8980,"rapid rise",2,10
8981,"hand sides",2,10
8982,"homogeneous isotropic universe",3,10
8983,"5-dimensional kaluza klein",3,10
8984,"gravitational radiation emitted",3,10
8985,"jordan frame",2,10
8986,"broader context",2,10
8987,"distant quasars",2,10
8988,"hawking entropy",2,10
8989,"gravitational wave signals",3,10
8990,"large recoil",2,10
8991,"unequal mass ratio",3,10
8992,"non spinning binaries",3,10
8993,"continuum mechanics",2,10
8994,"spin network",2,10
8995,"cdm model",2,10
8996,"conductance quantization",2,10
8997,"normal incidence",2,10
8998,"bogoliubov de gennes",3,10
8999,"atomic layer",2,10
9000,"electrical control",2,10
9001,"magnetic trap",2,10
9002,"interband transitions",2,10
9003,"per unit cell",3,10
9004,"leakage current",2,10
9005,"magnetically ordered",2,10
9006,"nonequilibrium green function",3,10
9007,"purely bosonic",2,10
9008,"pseudo random",2,10
9009,"rotational inertia",2,10
9010,"edwards anderson model",3,10
9011,"spiral waves",2,10
9012,"grazing incidence",2,10
9013,"two leg ladder",3,10
9014,"exponential relaxation",2,10
9015,"heisenberg models",2,10
9016,"open quantum fluctuations",3,10
9017,"suppressed relative",2,10
9018,"screening lengths",2,10
9019,"quantum critical current",3,10
9020,"high frequency dependence",3,10
9021,"hopping parameters",2,10
9022,"ultra cold",2,10
9023,"bcs bec crossover region",4,10
9024,"vertically coupled",2,10
9025,"geometrical frustration",2,10
9026,"kondo problem",2,10
9027,"unified picture",2,10
9028,"surface integrals",2,10
9029,"longitudinal optical",2,10
9030,"formulated within",2,10
9031,"harmonically confined",2,10
9032,"numerically integrate",2,10
9033,"mesoscopic lattice",2,10
9034,"subcritical regime",2,10
9035,"doped graphene",2,10
9036,"relative bias",2,10
9037,"local inhomogeneities",2,10
9038,"electrical transport properties",3,10
9039,"free carrier",2,10
9040,"ladder approximation",2,10
9041,"positively charged",2,10
9042,"topologically nontrivial",2,10
9043,"bogoliubov equations",2,10
9044,"stationary points",2,10
9045,"filling factor nu",3,10
9046,"semiconductor lasers",2,10
9047,"rashba spin",2,10
9048,"clear signatures",2,10
9049,"filling fractions",2,10
9050,"reason why",2,10
9051,"rigorous definition",2,10
9052,"semiconductor nanostructures",2,10
9053,"crystalline phases",2,10
9054,"relaxation time dependent",3,10
9055,"critical temperature tc",3,10
9056,"highly symmetric",2,10
9057,"perpendicular magnetic",2,10
9058,"collective charge",2,10
9059,"decreasing temperature",2,10
9060,"scaling relationship",2,10
9061,"anomalous hall conductivity",3,10
9062,"hole excitations",2,10
9063,"hydrogen bonds",2,10
9064,"impurity concentration",2,10
9065,"matrix product states",3,10
9066,"arpes spectra",2,10
9067,"berry phase space",3,10
9068,"anomalous hall effect",3,10
9069,"semiconductor microcavities",2,10
9070,"semiconductor superlattices",2,10
9071,"appl phys",2,10
9072,"local density functional",3,10
9073,"narrow peaks",2,10
9074,"triangular antiferromagnet",2,10
9075,"gaas quantum",2,10
9076,"band hubbard model",3,10
9077,"ab initio molecular dynamics",4,10
9078,"comprising two",2,10
9079,"naturally interpreted",2,10
9080,"mn fe",2,10
9081,"emph et",2,10
9082,"singlet superconductivity",2,10
9083,"optical switching",2,10
9084,"transverse magnetization",2,10
9085,"density functional theory dft calculations",5,10
9086,"gapless excitations",2,10
9087,"numerical investigations",2,10
9088,"exact solvability",2,10
9089,"macroscopic scales",2,10
9090,"fundamentally new",2,10
9091,"layered superconductors",2,10
9092,"phase transition metal",3,10
9093,"fe group",2,10
9094,"mott transition",2,10
9095,"external electric field",3,10
9096,"bright soliton",2,10
9097,"mn atoms",2,10
9098,"quantized vortex",2,10
9099,"landau damping",2,10
9100,"angle variables",2,10
9101,"muon pairs",2,10
9102,"pt spectra",2,10
9103,"fermi motion",2,10
9104,"gluon distributions",2,10
9105,"pqcd calculations",2,10
9106,"heavy quarkonia",2,10
9107,"below unity",2,10
9108,"constituent quarks",2,10
9109,"alternative explanation",2,10
9110,"few nucleon",2,10
9111,"quadrupole moment",2,10
9112,"cold atomic",2,10
9113,"discretization errors",2,10
9114,"force free energy",3,10
9115,"octet decuplet",2,10
9116,"sharp maximum",2,10
9117,"unique signature",2,10
9118,"deconfined phase",2,10
9119,"artificial neural network",3,10
9120,"gordon equation",2,10
9121,"gravitino dark matter",3,10
9122,"target nuclei",2,10
9123,"pseudoscalar meson decays",3,10
9124,"msugra model",2,10
9125,"coupling unification",2,10
9126,"sin2 theta",2,10
9127,"metastable supersymmetry",2,10
9128,"supersymmetric version",2,10
9129,"logarithmically enhanced",2,10
9130,"coordinate representation",2,10
9131,"technicolor models",2,10
9132,"cp violating phases",3,10
9133,"spontaneously breaks",2,10
9134,"heavy quarkonium",2,10
9135,"minimal supersymmetric extension",3,10
9136,"massless quarks",2,10
9137,"kaluza klein kk graviton",4,10
9138,"isospin breaking",2,10
9139,"international linear",2,10
9140,"hyperon nucleon",2,10
9141,"precise asymptotic",2,10
9142,"semileptonic decay",2,10
9143,"pi puzzle",2,10
9144,"new physics np",3,10
9145,"briefly outlined",2,10
9146,"eikonal approximation",2,10
9147,"pseudo goldstone",2,10
9148,"resonantly enhanced",2,10
9149,"flavour symmetry",2,10
9150,"explicit cp violation",3,10
9151,"lightest higgs",2,10
9152,"soft supersymmetry breaking",3,10
9153,"invariant masses",2,10
9154,"weibel instability",2,10
9155,"hot qcd",2,10
9156,"compact interval",2,10
9157,"peak energies",2,10
9158,"precise determinations",2,10
9159,"asymptotically ads",2,10
9160,"soft collinear effective",3,10
9161,"section sigma",2,10
9162,"gauge symmetries",2,10
9163,"symmetry breaking vacua",3,10
9164,"polyakov loops",2,10
9165,"limiting procedure",2,10
9166,"light cone gauge theory",4,10
9167,"fermion pair",2,10
9168,"multi trace",2,10
9169,"gauge theory duals",3,10
9170,"reproduces exactly",2,10
9171,"maximally symmetric",2,10
9172,"running coupling constant",3,10
9173,"goes over",2,10
9174,"kink like",2,10
9175,"kerr spacetime",2,10
9176,"conceptual problems",2,10
9177,"deficit angle",2,10
9178,"my talk",2,10
9179,"translational invariance",2,10
9180,"lorentz covariant",2,10
9181,"current paradigm",2,10
9182,"type ii string compactifications",4,10
9183,"extremal black hole solutions",4,10
9184,"supersymmetric quantum",2,10
9185,"conformal anomaly",2,10
9186,"maximal supergravity",2,10
9187,"de sitter black hole",4,10
9188,"cp n-1",2,10
9189,"integration measure",2,10
9190,"vacuum energy spectrum",3,10
9191,"cabibbo suppressed",2,10
9192,"cp violating phase",3,10
9193,"direct access",2,10
9194,"inclusive dis",2,10
9195,"sample comprises",2,10
9196,"alphas mz",2,10
9197,"lambdab decays",2,10
9198,"thirring model",2,10
9199,"scalar diquark",2,10
9200,"bulk water",2,10
9201,"random phase transitions",3,10
9202,"trade offs",2,10
9203,"mechanical response",2,10
9204,"de excitation",2,10
9205,"closely follows",2,10
9206,"defect free",2,10
9207,"integrating over",2,10
9208,"einstein frame",2,10
9209,"readout system",2,10
9210,"track reconstruction",2,10
9211,"cavities under",2,10
9212,"sea surface",2,10
9213,"theoretical models predict",3,10
9214,"heat coefficient",2,10
9215,"pressure balance",2,10
9216,"atoms confined",2,10
9217,"electron beams",2,10
9218,"mutation rate",2,10
9219,"recombination rate",2,10
9220,"invariance violation",2,10
9221,"easy task",2,10
9222,"layer becomes",2,10
9223,"tidal forces",2,10
9224,"alpha enhanced",2,10
9225,"linearly unstable",2,10
9226,"wall motion",2,10
9227,"target material",2,10
9228,"alternative hypothesis",2,10
9229,"runge kutta",2,10
9230,"yang baxter",2,10
9231,"after integrating",2,10
9232,"born rule",2,10
9233,"computational domain",2,10
9234,"unconditional security",2,10
9235,"macroscopic quantum fluctuations",3,10
9236,"spin resolved",2,10
9237,"probability amplitude",2,10
9238,"quantum walk",2,10
9239,"spectral asymptotics",2,10
9240,"quantum games",2,10
9241,"su coherent states",3,10
9242,"stern gerlach",2,10
9243,"single copy",2,10
9244,"local heating",2,10
9245,"slightly stronger",2,10
9246,"periodically poled",2,10
9247,"optical parametric oscillator",3,10
9248,"stochastic perturbation",2,10
9249,"protein sequences",2,10
9250,"log normal distributions",3,10
9251,"exponent tau",2,10
9252,"spatially localized",2,10
9253,"block codes stbcs",3,10
9254,"arbitrarily high",2,10
9255,"parity check",2,10
9256,"hitting time",2,10
9257,"outage probability",2,10
9258,"cryptographic protocols",2,10
9259,"input variables",2,10
9260,"data cube",2,10
9261,"collaborative filtering",2,10
9262,"fixed point like",3,10
9263,"oxygen neon",2,10
9264,"accretion rates",2,10
9265,"planetary transits",2,10
9266,"dynamo theory",2,10
9267,"improved treatment",2,10
9268,"solar like oscillations",3,10
9269,"strong shocks",2,10
9270,"heterogeneous media",2,10
9271,"nuclear burning",2,10
9272,"hubble diagram",2,10
9273,"quiescent state",2,10
9274,"months after",2,10
9275,"centrally concentrated",2,10
9276,"kappa et",2,10
9277,"bl lac objects",3,10
9278,"index subgroups",2,10
9279,"three topics",2,10
9280,"vlba observations",2,10
9281,"bolometric luminosities",2,10
9282,"lensed images",2,10
9283,"current density fluctuations",3,10
9284,"pulsar wind nebula",3,10
9285,"exactly soluble",2,10
9286,"proton fraction",2,10
9287,"nearest neighbours",2,10
9288,"nonzero temperature",2,10
9289,"imaging spectrometer",2,10
9290,"early type spirals",3,10
9291,"transient xte",2,10
9292,"diffuse gamma",2,10
9293,"unified scheme",2,10
9294,"negative cosmological models",3,10
9295,"variable cosmological",2,10
9296,"hypergeometric function",2,10
9297,"lunar laser",2,10
9298,"tunneling rate",2,10
9299,"cosmological observables",2,10
9300,"strange quark matter",3,10
9301,"domain decomposition",2,10
9302,"real scalar field theory",4,10
9303,"open source",2,10
9304,"kerr newman",2,10
9305,"propagating modes",2,10
9306,"impact parameter space",3,10
9307,"distribution functions pdfs",3,10
9308,"cp conserving",2,10
9309,"flux limits",2,10
9310,"solar neutrino",2,10
9311,"exclusive processes",2,10
9312,"geometric scaling",2,10
9313,"quantum electrodynamics qed",3,10
9314,"neutral higgs sector",3,10
9315,"light pseudoscalar",2,10
9316,"inequalities relating",2,10
9317,"charmed hadrons",2,10
9318,"diffuse gamma ray flux",4,10
9319,"three dimensional reduction",3,10
9320,"kl pi pi0",3,10
9321,"neutrino fluxes",2,10
9322,"dense molecular",2,10
9323,"israel stewart",2,10
9324,"large tan beta",3,10
9325,"gravitino mass",2,10
9326,"higgs triplet",2,10
9327,"renormalisation group",2,10
9328,"nonlinear electrodynamics",2,10
9329,"locality smoothness",2,10
9330,"differential operators acting",3,10
9331,"fermion actions",2,10
9332,"finite size corrections",3,10
9333,"isometry groups",2,10
9334,"short wavelengths",2,10
9335,"quasi normal modes",3,10
9336,"chaotic behaviour",2,10
9337,"witten type",2,10
9338,"gap solitons",2,10
9339,"million bbbar pairs",3,10
9340,"2p states",2,10
9341,"ell nu",2,10
9342,"world average",2,10
9343,"cpt violation",2,10
9344,"quenched su",2,10
9345,"topological sectors",2,10
9346,"static quarks",2,10
9347,"branes wrapped",2,10
9348,"logarithmic correction",2,10
9349,"closed string theory",3,10
9350,"decay chain",2,10
9351,"heavy ion collision",3,10
9352,"exotic baryons",2,10
9353,"partially coherent",2,10
9354,"damped lyman",2,10
9355,"relative error",2,10
9356,"stopping time",2,10
9357,"precise connection",2,10
9358,"fast alfa alfalfa",3,10
9359,"lies below",2,10
9360,"excitation probability",2,10
9361,"uniformly continuous",2,10
9362,"accreting neutron stars",3,10
9363,"carbon rich agb stars",4,10
9364,"terahertz thz",2,10
9365,"effective viscosity",2,10
9366,"southern observatory",2,10
9367,"within arcsec",2,10
9368,"light travel",2,10
9369,"hubble radius",2,10
9370,"plateau de bure interferometer",4,10
9371,"main difficulty",2,10
9372,"type ia supernova sn",4,10
9373,"lowest luminosity",2,10
9374,"limited samples",2,10
9375,"short overview",2,10
9376,"jet activity",2,10
9377,"positron annihilation",2,10
9378,"shallow decay",2,10
9379,"stellar activity",2,10
9380,"cosmic ray bursts grbs",4,10
9381,"massive star forming regions",4,10
9382,"infrared cut",2,10
9383,"remaining objects",2,10
9384,"nebula surrounding",2,10
9385,"east west",2,10
9386,"ginzburg landau equation",3,10
9387,"non uniform magnetic field",4,10
9388,"brightness variations",2,10
9389,"stochastic heat",2,10
9390,"universality classes",2,10
9391,"micron sized",2,10
9392,"resonant inelastic",2,10
9393,"graphene samples",2,10
9394,"rotations around",2,10
9395,"electron cyclotron",2,10
9396,"colloidal suspension",2,10
9397,"temperatures below tc",3,10
9398,"porous medium",2,10
9399,"magnetoelectric coupling",2,10
9400,"single crystalline",2,10
9401,"hidden symmetries",2,10
9402,"unconventional superconductivity",2,10
9403,"critical current density",3,10
9404,"non dispersive",2,10
9405,"quantum magnets",2,10
9406,"mn doping",2,10
9407,"ultra fast",2,10
9408,"conductance plateau",2,10
9409,"two photon absorption",3,10
9410,"impurity potentials",2,10
9411,"contact resistance",2,10
9412,"1d hubbard model",3,10
9413,"peculiar behavior",2,10
9414,"temperature superconductors",2,10
9415,"direct correspondence",2,10
9416,"single particle hole",3,10
9417,"intensity maps",2,10
9418,"highly heterogeneous",2,10
9419,"co ions",2,10
9420,"stark contrast",2,10
9421,"optical resonator",2,10
9422,"single crystal structure",3,10
9423,"drag effect",2,10
9424,"dispersion curves",2,10
9425,"lateral confinement",2,10
9426,"force network",2,10
9427,"alternative derivation",2,10
9428,"polaron formation",2,10
9429,"vertical motion",2,10
9430,"stationary phase transition",3,10
9431,"avoided crossings",2,10
9432,"jamming transition",2,10
9433,"significant consequences",2,10
9434,"cooper pair box",3,10
9435,"dispersive approach",2,10
9436,"shallow water waves",3,10
9437,"graphs having",2,10
9438,"logarithmic approximation",2,10
9439,"iterative approach",2,10
9440,"quasi exactly",2,10
9441,"adic integers",2,10
9442,"easy proof",2,10
9443,"precise formulation",2,10
9444,"transcendence degree",2,10
9445,"order book",2,10
9446,"dislocation dynamics",2,10
9447,"composition operators",2,10
9448,"ahler metric",2,10
9449,"laminar flow",2,10
9450,"completely regular",2,10
9451,"bruhat order",2,10
9452,"exponential sums",2,10
9453,"bergman kernels",2,10
9454,"risk measures",2,10
9455,"exponential speed",2,10
9456,"arithmetic progression",2,10
9457,"discrete series representations",3,10
9458,"adic analogue",2,10
9459,"infinity algebras",2,10
9460,"matrix inequality",2,10
9461,"implicit equation",2,10
9462,"prediction error",2,10
9463,"artin algebra",2,10
9464,"tangential velocity",2,10
9465,"direct sum over",3,10
9466,"graphical methods",2,10
9467,"chern classes",2,10
9468,"positivity conjecture",2,10
9469,"irreducible component",2,10
9470,"countably many",2,10
9471,"projective varieties",2,10
9472,"cherednik algebras",2,10
9473,"subset rd",2,10
9474,"minimum degree",2,10
9475,"concave functions",2,10
9476,"multiple zeta",2,10
9477,"non negative values",3,10
9478,"significance level",2,10
9479,"k3 surfaces",2,10
9480,"chas sullivan",2,10
9481,"word length",2,10
9482,"key ideas",2,10
9483,"sectional curvature",2,10
9484,"deep sub",2,10
9485,"down quark masses",3,10
9486,"neutron rich nuclei",3,10
9487,"absorption cross section",3,10
9488,"scaled variances",2,10
9489,"vol pp",2,10
9490,"decreases monotonically",2,10
9491,"electro optic",2,10
9492,"kerr type",2,10
9493,"protein stability",2,10
9494,"conceptually simple",2,10
9495,"century ago",2,10
9496,"dna strands",2,10
9497,"helmholtz equation",2,10
9498,"maximum achievable",2,10
9499,"population transfer",2,10
9500,"radial coordinate",2,10
9501,"elastic neutron",2,10
9502,"multiplicity distributions",2,10
9503,"signal transduction",2,10
9504,"firing rate",2,10
9505,"wave front",2,10
9506,"projective measurements",2,10
9507,"path integral formalism",3,10
9508,"lindblad master equation",3,10
9509,"environmental conditions",2,10
9510,"negative eigenvalues",2,10
9511,"homodyne detection",2,10
9512,"resonant raman",2,10
9513,"charge qubits",2,10
9514,"entanglement witness",2,10
9515,"post processing",2,10
9516,"warped extra",2,10
9517,"type iib supergravity",3,10
9518,"nambu goto action",3,10
9519,"lagrange multipliers",2,10
9520,"d3 branes",2,10
9521,"elastic scattering amplitude",3,10
9522,"tensor modes",2,10
9523,"minimum cost",2,10
9524,"routing problem",2,10
9525,"discontinuous solutions",2,10
9526,"weighted average",2,10
9527,"compression algorithm",2,10
9528,"service qos",2,10
9529,"infrared excess",2,10
9530,"faint end",2,10
9531,"relativistic shocks",2,10
9532,"rotational period",2,10
9533,"against thermal",2,10
9534,"average age",2,10
9535,"number resolving",2,10
9536,"light sea",2,10
9537,"maximum brightness",2,10
9538,"magnitude fainter",2,10
9539,"anomalously large",2,10
9540,"sequence stars",2,10
9541,"cataclysmic variable",2,10
9542,"oh masers",2,10
9543,"mhd instabilities",2,10
9544,"million stars",2,10
9545,"higher metallicity",2,10
9546,"straight lines",2,10
9547,"trigonometric parallax",2,10
9548,"magnetohydrodynamic equations",2,10
9549,"dark matter haloes",3,10
9550,"inspiralling compact binaries",3,10
9551,"gauge fixing",2,10
9552,"coupling constant lambda",3,10
9553,"spatially flat universe",3,10
9554,"rich phase transitions",3,10
9555,"site potentials",2,10
9556,"fermi surface density",3,10
9557,"electrical conduction",2,10
9558,"photo induced",2,10
9559,"sub gap",2,10
9560,"interatomic interactions",2,10
9561,"perpendicular magnetic field theory",4,10
9562,"graphene nanoribbons",2,10
9563,"experimentally verify",2,10
9564,"heteronuclear molecules",2,10
9565,"stretched exponential",2,10
9566,"reciprocal space",2,10
9567,"upper bound state",3,10
9568,"carbon nanotube cnt",3,10
9569,"perfect matching",2,10
9570,"lagrange multiplier",2,10
9571,"pure gauge",2,10
9572,"high temperature tc superconductors",4,10
9573,"discrete event",2,10
9574,"intensity profile",2,10
9575,"energy deposition",2,10
9576,"hopping parameter",2,10
9577,"self averaging",2,10
9578,"particle species",2,10
9579,"kac moody",2,10
9580,"full classification",2,10
9581,"stable homotopy theory",3,10
9582,"cauchy riemann",2,10
9583,"push forward",2,10
9584,"descent algebra",2,10
9585,"first chern",2,10
9586,"cartesian product",2,10
9587,"primarily through",2,10
9588,"hermitian metrics",2,10
9589,"evy process",2,10
9590,"prime spectrum",2,10
9591,"definable sets",2,10
9592,"photonic qubits",2,10
9593,"ghz state",2,10
9594,"donor acceptor",2,10
9595,"relic neutrinos",2,10
9596,"neutrino driven",2,10
9597,"lithium abundances",2,10
9598,"analytically tractable",2,10
9599,"collider signatures",2,10
9600,"lamb shift",2,10
9601,"polarized proton",2,10
9602,"circ phi",2,10
9603,"valence quarks",2,10
9604,"wilson line",2,10
9605,"anomaly free",2,10
9606,"pep ii",2,10
9607,"c.l upper limit",3,10
9608,"center manifold",2,10
9609,"isotropic turbulence",2,10
9610,"spectator model",2,10
9611,"charmed baryons",2,10
9612,"parity violating asymmetry",3,10
9613,"three nucleon interactions",3,10
9614,"highly excited",2,10
9615,"long term stability",3,10
9616,"computer vision",2,10
9617,"ferromagnetic metals",2,10
9618,"cm points",2,10
9619,"20th century",2,10
9620,"formula describing",2,10
9621,"precision tests",2,10
9622,"overlap fermions",2,10
9623,"twisted equivariant",2,10
9624,"velocity field theory",3,10
9625,"physical picture",2,10
9626,"coordinate dependence",2,10
9627,"belle collaboration",2,10
9628,"vacuum fluctuations",2,10
9629,"balloon borne",2,10
9630,"spectra agree",2,10
9631,"polynomial maps",2,10
9632,"short timescales",2,10
9633,"hadron spectroscopy",2,10
9634,"feynman propagator",2,10
9635,"glass models",2,10
9636,"random forcing",2,10
9637,"non maximally",2,10
9638,"et es",2,10
9639,"de bruijn",2,10
9640,"option prices",2,10
9641,"angular diameter",2,10
9642,"lee wick",2,10
9643,"silicon oxide",2,10
9644,"modal analysis",2,10
9645,"relative velocities",2,10
9646,"mimo systems",2,10
9647,"lp norm",2,10
9648,"intra band",2,10
9649,"full diversity",2,10
9650,"complex semisimple",2,10
9651,"electrical resistivity measurements",3,10
9652,"heavy quark antiquark",3,10
9653,"priori bounds",2,10
9654,"pick up",2,10
9655,"neutrino nucleus",2,10
9656,"reconstruction algorithms",2,10
9657,"ansatz equations",2,10
9658,"1d optical lattice",3,10
9659,"frequencies below",2,10
9660,"imaging atmospheric cherenkov telescopes",4,10
9661,"chiral extrapolations",2,10
9662,"gibbs sampling",2,10
9663,"topological features",2,10
9664,"heavy flavour",2,10
9665,"tri bimaximal",2,10
9666,"ultraviolet radiation",2,10
9667,"lambda hypernuclei",2,10
9668,"equation relating",2,10
9669,"la sr mno",3,10
9670,"cartesian workspace",2,10
9671,"singular configurations",2,10
9672,"magnetar model",2,10
9673,"loop quantum corrections",3,10
9674,"february march",2,10
9675,"vanishing theorems",2,10
9676,"dephasing time",2,10
9677,"strange quark mass",3,10
9678,"integration schemes",2,10
9679,"dark matter annihilation",3,10
9680,"stat syst mev c2",4,10
9681,"neural activity",2,10
9682,"bridge number",2,10
9683,"oblique incidence",2,10
9684,"software engineering",2,10
9685,"simple analytical description",3,10
9686,"intermediate step",2,10
9687,"universal feature",2,10
9688,"pierre auger",2,10
9689,"candidate young",2,10
9690,"bl lac",2,10
9691,"quasi stationary",2,10
9692,"dependent variations",2,10
9693,"chip soc",2,10
9694,"weak annihilation",2,10
9695,"faraday rotation measure",3,10
9696,"five operators",2,10
9697,"invisible decay",2,10
9698,"observer independent",2,10
9699,"uv continuum",2,10
9700,"improved staggered",2,10
9701,"flux qubits",2,9
9702,"correcting code",2,9
9703,"multi party",2,9
9704,"diagonal disorder",2,9
9705,"discrete time evolution",3,9
9706,"shilov spaces",2,9
9707,"epr pairs",2,9
9708,"velocity dispersion relation",3,9
9709,"unitarily invariant",2,9
9710,"entangled state preparation",3,9
9711,"pseudo hermitian",2,9
9712,"measure povm",2,9
9713,"pauli matrices",2,9
9714,"constructive interference",2,9
9715,"free fall",2,9
9716,"principal quantum",2,9
9717,"spin projection",2,9
9718,"double slit",2,9
9719,"bulk gaas",2,9
9720,"magnetically trapped",2,9
9721,"ultracold neutral atoms",3,9
9722,"atom placed",2,9
9723,"damped oscillatory",2,9
9724,"gain medium",2,9
9725,"cryptographic applications",2,9
9726,"grow exponentially",2,9
9727,"cartan decomposition",2,9
9728,"coefficients appearing",2,9
9729,"nearly tight",2,9
9730,"gauss sums",2,9
9731,"partial transposition",2,9
9732,"separability criterion",2,9
9733,"bose hubbard",2,9
9734,"greatly simplified",2,9
9735,"temporal sequence",2,9
9736,"neutral mutations",2,9
9737,"bipartite networks",2,9
9738,"self assembling",2,9
9739,"cell modules",2,9
9740,"transcriptional regulation",2,9
9741,"statistically homogeneous",2,9
9742,"cell signaling",2,9
9743,"neuronal network",2,9
9744,"energy budget",2,9
9745,"mean fitness",2,9
9746,"lipschitz condition",2,9
9747,"complete elliptic",2,9
9748,"linear ordinary differential equation",4,9
9749,"triangular matrices",2,9
9750,"practical significance",2,9
9751,"reproducing kernel",2,9
9752,"asymptotically homogeneous",2,9
9753,"pinning models",2,9
9754,"cubic polynomial",2,9
9755,"external momenta",2,9
9756,"non autonomous",2,9
9757,"spectral sequences",2,9
9758,"total transmission",2,9
9759,"thermal equilibrium thermodynamics",3,9
9760,"real time series",3,9
9761,"spring model",2,9
9762,"sensor network lifetime",3,9
9763,"multi block",2,9
9764,"minimization problems",2,9
9765,"maximum likelihood decoding",3,9
9766,"experimental verification",2,9
9767,"performance degradation",2,9
9768,"belief propagation bp",3,9
9769,"rayleigh fading channels",3,9
9770,"picked up",2,9
9771,"pure power law",3,9
9772,"web browser",2,9
9773,"convex polyhedra",2,9
9774,"signal constellations",2,9
9775,"dual beam",2,9
9776,"complex environments",2,9
9777,"computing devices",2,9
9778,"relay networks",2,9
9779,"optimal designs",2,9
9780,"output mimo systems",3,9
9781,"per million",2,9
9782,"linking number",2,9
9783,"newtonian formalism",2,9
9784,"anisotropic stress",2,9
9785,"disk corona",2,9
9786,"stars tend",2,9
9787,"angular momentum transport",3,9
9788,"time lag",2,9
9789,"array vla",2,9
9790,"waves gws",2,9
9791,"briefly outline",2,9
9792,"chemically peculiar",2,9
9793,"grb host",2,9
9794,"ray observatory",2,9
9795,"upper envelope",2,9
9796,"multifrequency observations",2,9
9797,"exoplanet hd",2,9
9798,"dynamical timescale",2,9
9799,"bayesian statistics",2,9
9800,"sunspot number",2,9
9801,"light cylinder",2,9
9802,"la silla",2,9
9803,"simple prescription",2,9
9804,"giant planet formation",3,9
9805,"h2 cooling",2,9
9806,"pre supernova",2,9
9807,"relative errors",2,9
9808,"soho lasco",2,9
9809,"deep underground",2,9
9810,"abundance distribution",2,9
9811,"relativistic outflows",2,9
9812,"bright end",2,9
9813,"accelerate particles",2,9
9814,"yr after",2,9
9815,"strong flare",2,9
9816,"dissipated energy",2,9
9817,"gamma ray burst grb afterglows",5,9
9818,"ultraviolet divergences",2,9
9819,"rotating dust",2,9
9820,"runaway direction",2,9
9821,"mock catalogues",2,9
9822,"photon statistics",2,9
9823,"full sky",2,9
9824,"broad absorption",2,9
9825,"precise estimate",2,9
9826,"electron gases",2,9
9827,"strange star",2,9
9828,"curved spacetimes",2,9
9829,"few exceptions",2,9
9830,"australia telescope compact array",4,9
9831,"viewing angle",2,9
9832,"distance indicators",2,9
9833,"selection techniques",2,9
9834,"radial velocity surveys",3,9
9835,"over deg2",2,9
9836,"total number density",3,9
9837,"bow shocks",2,9
9838,"ion cyclotron",2,9
9839,"data acquisition system",3,9
9840,"low multipoles",2,9
9841,"non negligible effect",3,9
9842,"core collapse supernova neutrinos",4,9
9843,"vlt fors1",2,9
9844,"northern hemisphere",2,9
9845,"optically faint",2,9
9846,"energy output",2,9
9847,"thermal history",2,9
9848,"evolution explorer",2,9
9849,"input physics",2,9
9850,"almost certainly",2,9
9851,"concentrated around",2,9
9852,"galactic disk center",3,9
9853,"host galaxy mergers",3,9
9854,"inflationary era",2,9
9855,"slope parameter",2,9
9856,"magellanic cloud",2,9
9857,"phenomenological features",2,9
9858,"sub parsec",2,9
9859,"detailed fits",2,9
9860,"phase space telescope",3,9
9861,"spitzer irs spectra",3,9
9862,"ionization potential",2,9
9863,"slit spectra",2,9
9864,"newtonian dynamics mond",3,9
9865,"taurus auriga",2,9
9866,"point spread function psf",4,9
9867,"size scaling properties",3,9
9868,"color index",2,9
9869,"surface density profiles",3,9
9870,"tp agb stars",3,9
9871,"sigma confidence level",3,9
9872,"kinematical properties",2,9
9873,"magnetorotational instability",2,9
9874,"parallel kinematic",2,9
9875,"3d mhd simulations",3,9
9876,"galaxy pairs",2,9
9877,"accreting onto",2,9
9878,"cosmos survey",2,9
9879,"positive cosmological",2,9
9880,"new clues",2,9
9881,"supernova progenitors",2,9
9882,"dex kpc",2,9
9883,"observing campaign",2,9
9884,"northern sky survey",3,9
9885,"faint magnitudes",2,9
9886,"small scale factor",3,9
9887,"earth ions",2,9
9888,"hot topics",2,9
9889,"weaker magnetic field",3,9
9890,"population synthesis code",3,9
9891,"giant metrewave",2,9
9892,"color maps",2,9
9893,"disc galaxies",2,9
9894,"outer solar system",3,9
9895,"dominant fraction",2,9
9896,"pre main sequence pms",4,9
9897,"imaging polarimetry",2,9
9898,"massive black hole binaries",4,9
9899,"space observatory",2,9
9900,"vlt uves",2,9
9901,"gas giants",2,9
9902,"rapidly rotating black hole",4,9
9903,"luminosity class",2,9
9904,"anisotropy probe",2,9
9905,"andromeda galaxy m31",3,9
9906,"transfer efficiency",2,9
9907,"globally well",2,9
9908,"self absorption",2,9
9909,"false positives",2,9
9910,"polarized radiation",2,9
9911,"emission feature",2,9
9912,"luminosity dependent",2,9
9913,"add up",2,9
9914,"erg cm2",2,9
9915,"protostellar objects",2,9
9916,"new class ii",3,9
9917,"fluctuating fields",2,9
9918,"low mass difference",3,9
9919,"hubble flow",2,9
9920,"dark matter annihilations",3,9
9921,"supernova sn 1987a",3,9
9922,"four stokes",2,9
9923,"hst acs observations",3,9
9924,"fuv nuv",2,9
9925,"mass determinations",2,9
9926,"magnitudes fainter",2,9
9927,"electron positron plasma",3,9
9928,"irac bands",2,9
9929,"double lined",2,9
9930,"nambu jona lasinio njl model",5,9
9931,"optical colors",2,9
9932,"halo masses",2,9
9933,"magneto hydrodynamic",2,9
9934,"isothermal equation",2,9
9935,"ccd detector",2,9
9936,"cold plasma",2,9
9937,"rayleigh taylor instability",3,9
9938,"theoretical tools",2,9
9939,"integral ibis",2,9
9940,"uv bright",2,9
9941,"toward higher",2,9
9942,"error propagation",2,9
9943,"emission line ratios",3,9
9944,"diversity order",2,9
9945,"temporal variability",2,9
9946,"normal galaxies",2,9
9947,"functional inequalities",2,9
9948,"bloch kato",2,9
9949,"integral closure",2,9
9950,"properly embedded",2,9
9951,"closed oriented surface",3,9
9952,"simulation demonstrates",2,9
9953,"complex conjugate",2,9
9954,"projective surface",2,9
9955,"gr obner basis",3,9
9956,"risk management",2,9
9957,"confidence regions",2,9
9958,"young tableaux",2,9
9959,"exclusion processes",2,9
9960,"graded betti numbers",3,9
9961,"homological mirror symmetry",3,9
9962,"partially hyperbolic",2,9
9963,"littlewood richardson rule",3,9
9964,"grothendieck ring",2,9
9965,"congruence subgroups",2,9
9966,"large deviation principle",3,9
9967,"levy process",2,9
9968,"compact oriented",2,9
9969,"first hochschild cohomology",3,9
9970,"kept fixed",2,9
9971,"sobolev inequality",2,9
9972,"endomorphism ring",2,9
9973,"banach algebras",2,9
9974,"configuration spaces",2,9
9975,"swinnerton dyer",2,9
9976,"baxter equation",2,9
9977,"real data sets",3,9
9978,"dense graphs",2,9
9979,"non singular point",3,9
9980,"skew product",2,9
9981,"rapidly varying",2,9
9982,"gauss manin",2,9
9983,"einstein manifolds",2,9
9984,"assumptions concerning",2,9
9985,"pseudodifferential operator",2,9
9986,"heegaard splittings",2,9
9987,"tight lower bound",3,9
9988,"primitive elements",2,9
9989,"ring containing",2,9
9990,"manifold admitting",2,9
9991,"compound poisson process",3,9
9992,"contact invariant",2,9
9993,"multifractal properties",2,9
9994,"complex situations",2,9
9995,"rapidly mixing",2,9
9996,"right angled",2,9
9997,"complex plane curves",3,9
9998,"lp norms",2,9
9999,"galois representations",2,9
10000,"log likelihood",2,9
10001,"cluster categories",2,9
10002,"marginal distributions",2,9
10003,"closed orientable",2,9
10004,"test ideals",2,9
10005,"parametric oscillator",2,9
10006,"dispersion profiles",2,9
10007,"biochemical reaction",2,9
10008,"zero divisor",2,9
10009,"smooth projective varieties",3,9
10010,"vertex algebra",2,9
10011,"hyperbolic conservation laws",3,9
10012,"graded lie algebras",3,9
10013,"power law behaviors",3,9
10014,"asset price",2,9
10015,"translation surface",2,9
10016,"compact subsets",2,9
10017,"incompressible surface",2,9
10018,"explicit realization",2,9
10019,"borel subalgebra",2,9
10020,"mixed motives",2,9
10021,"type g2",2,9
10022,"coset space",2,9
10023,"cohen macaulay modules",3,9
10024,"birth death",2,9
10025,"hausdorff space",2,9
10026,"mild solution",2,9
10027,"time blow up",3,9
10028,"non commuting",2,9
10029,"see http",2,9
10030,"boundary components",2,9
10031,"exponentially distributed",2,9
10032,"eigenvalue estimates",2,9
10033,"rigid cohomology",2,9
10034,"embedding theorems",2,9
10035,"ample line bundle",3,9
10036,"quadratic growth",2,9
10037,"flux conservation",2,9
10038,"laguerre gaussian",2,9
10039,"euler lagrange equation",3,9
10040,"fully polynomial",2,9
10041,"granular gas",2,9
10042,"becomes stronger",2,9
10043,"null geodesic",2,9
10044,"chaotic scattering",2,9
10045,"dissipative term",2,9
10046,"return map",2,9
10047,"phenomenological point",2,9
10048,"post newtonian gravity",3,9
10049,"averaging problem",2,9
10050,"barotropic fluid",2,9
10051,"anisotropic cosmological models",3,9
10052,"macroscopic quantum mechanical",3,9
10053,"gauss bonnet gravity",3,9
10054,"systematic differences",2,9
10055,"momentum conservation law",3,9
10056,"coulomb interaction strength",3,9
10057,"relaxation phenomena",2,9
10058,"nonextensive statistics",2,9
10059,"constitutive relations",2,9
10060,"charged colloids",2,9
10061,"kosterlitz thouless",2,9
10062,"grand canonical",2,9
10063,"capacity measurements",2,9
10064,"membrane tension",2,9
10065,"elevated temperatures",2,9
10066,"modified poisson",2,9
10067,"core shell structure",3,9
10068,"al cond mat",3,9
10069,"intermediate temperatures",2,9
10070,"complex ginzburg landau equation",4,9
10071,"screened potential",2,9
10072,"quasiparticle spectrum",2,9
10073,"composite material",2,9
10074,"observable quantity",2,9
10075,"random walk ctrw",3,9
10076,"low energy bands",3,9
10077,"radiative recombination",2,9
10078,"velocity decreases",2,9
10079,"single layer graphene",3,9
10080,"spin-1 heisenberg model",3,9
10081,"spectral energy scales",3,9
10082,"mc simulations",2,9
10083,"detailed treatment",2,9
10084,"collective variables",2,9
10085,"atomic force microscopy",3,9
10086,"interatomic potential",2,9
10087,"block copolymer",2,9
10088,"al nature bf",3,9
10089,"dot molecules",2,9
10090,"almost entirely",2,9
10091,"replica symmetric",2,9
10092,"spin glass models",3,9
10093,"nematic order",2,9
10094,"glassy phase transition",3,9
10095,"structural defects",2,9
10096,"plane wave functions",3,9
10097,"gaas heterostructures",2,9
10098,"mev per",2,9
10099,"elastic instability",2,9
10100,"triple point",2,9
10101,"experimental confirmation",2,9
10102,"cat states",2,9
10103,"simple toy model",3,9
10104,"floquet states",2,9
10105,"high visibility",2,9
10106,"minimal conductivity",2,9
10107,"sharp drop",2,9
10108,"doubly degenerate",2,9
10109,"rare objects",2,9
10110,"formally exact",2,9
10111,"microcanonical ensemble",2,9
10112,"electron phonon interaction",3,9
10113,"folding transition",2,9
10114,"dc conductivity",2,9
10115,"core helium",2,9
10116,"anisotropic exchange",2,9
10117,"effective temperature dependent",3,9
10118,"velocity dispersion measure",3,9
10119,"sub dominant",2,9
10120,"forming liquids",2,9
10121,"neel order",2,9
10122,"dynamic quantities",2,9
10123,"experimental signature",2,9
10124,"sound propagation",2,9
10125,"drude model",2,9
10126,"tunnel barrier",2,9
10127,"occurring during",2,9
10128,"structural disorder",2,9
10129,"scanning tunneling microscope",3,9
10130,"spin-1 heisenberg",2,9
10131,"range hopping",2,9
10132,"dft calculations",2,9
10133,"system relaxes",2,9
10134,"strongly repulsive",2,9
10135,"dynamical localization",2,9
10136,"tetragonal structure",2,9
10137,"nearest neighbour interactions",3,9
10138,"artificial atoms",2,9
10139,"random media",2,9
10140,"percolation theory",2,9
10141,"jahn teller distortion",3,9
10142,"fast enough",2,9
10143,"shall see",2,9
10144,"planar parallel",2,9
10145,"two dimensional photonic",3,9
10146,"wealth distribution",2,9
10147,"knight shift",2,9
10148,"singlet pairing",2,9
10149,"half vortices",2,9
10150,"hopping integrals",2,9
10151,"transition probability density",3,9
10152,"critical temperature dependence",3,9
10153,"gw approximation",2,9
10154,"many body perturbation theory",4,9
10155,"li na",2,9
10156,"heusler alloys",2,9
10157,"mott insulating",2,9
10158,"magnetically induced",2,9
10159,"like anomalies",2,9
10160,"jump diffusion",2,9
10161,"alkali halides",2,9
10162,"water interface",2,9
10163,"1st order",2,9
10164,"fermi energy spectrum",3,9
10165,"trapped bose einstein condensates",4,9
10166,"physical principles",2,9
10167,"directed polymer",2,9
10168,"normal nuclear",2,9
10169,"annealing conditions",2,9
10170,"magnetotransport measurements",2,9
10171,"dot systems",2,9
10172,"plasmon modes",2,9
10173,"cross sectional",2,9
10174,"mesoscopic fluctuations",2,9
10175,"interfacial properties",2,9
10176,"principal features",2,9
10177,"single electron spins",3,9
10178,"circularly polarized",2,9
10179,"double neutron",2,9
10180,"single photon pairs",3,9
10181,"central pb",2,9
10182,"hanbury brown",2,9
10183,"neutral pions",2,9
10184,"non photonic electrons",3,9
10185,"standard procedures",2,9
10186,"monotonic function",2,9
10187,"exclusive reactions",2,9
10188,"pauli principle",2,9
10189,"simeq fm",2,9
10190,"nuclear hamiltonian",2,9
10191,"giant monopole",2,9
10192,"adiabatic expansion",2,9
10193,"multiparticle production",2,9
10194,"photo production",2,9
10195,"off nuclei",2,9
10196,"shell renormalization",2,9
10197,"isospin asymmetry",2,9
10198,"pion cloud",2,9
10199,"explicit parametrization",2,9
10200,"colors nc",2,9
10201,"dynamical supersymmetry breaking",3,9
10202,"warped extra dimensions",3,9
10203,"sin theta",2,9
10204,"leptonic cp violation",3,9
10205,"matter antimatter",2,9
10206,"leading logarithmic corrections",3,9
10207,"sm predictions",2,9
10208,"slavnov taylor identities",3,9
10209,"weak mixing angle",3,9
10210,"regge trajectories",2,9
10211,"gravitational anomaly",2,9
10212,"unique window",2,9
10213,"strong coupling constant alphas",4,9
10214,"vector boson",2,9
10215,"photon fusion",2,9
10216,"optical cavities",2,9
10217,"resummation formalism",2,9
10218,"mellin space",2,9
10219,"conformal symmetry breaking",3,9
10220,"standard model mssm parameter space",5,9
10221,"small q2",2,9
10222,"nc expansion",2,9
10223,"boer mulders",2,9
10224,"drell yan processes",3,9
10225,"screening length",2,9
10226,"gravity duals",2,9
10227,"neutral higgs",2,9
10228,"magnetic dipole",2,9
10229,"analytically continued",2,9
10230,"psi ks",2,9
10231,"chiral constituent quark",3,9
10232,"phenomenological consequences",2,9
10233,"electroweak radiative",2,9
10234,"proton beams",2,9
10235,"nucl phys",2,9
10236,"string tachyon",2,9
10237,"internal manifold",2,9
10238,"schrodinger equations",2,9
10239,"abelian gauge fields",3,9
10240,"brst invariance",2,9
10241,"non abelian monopoles",3,9
10242,"decreases exponentially",2,9
10243,"complex scalar field theory",4,9
10244,"unitary equivalence",2,9
10245,"extremal metric",2,9
10246,"del pezzo",2,9
10247,"deformed special relativity",3,9
10248,"super yang mills theories",4,9
10249,"ir background",2,9
10250,"gauge transformations",2,9
10251,"intersecting d6-branes",2,9
10252,"real scalar field",3,9
10253,"orientifold models",2,9
10254,"non perturbative superpotential",3,9
10255,"s5 superstring",2,9
10256,"minkowski vacuum",2,9
10257,"supersymmetry transformations",2,9
10258,"superconformal field theories",3,9
10259,"remarkable property",2,9
10260,"geometric constructions",2,9
10261,"kahler potential",2,9
10262,"scherk schwarz",2,9
10263,"extremal black holes",3,9
10264,"factorization formula",2,9
10265,"parity conservation",2,9
10266,"finite dimensional reduction",3,9
10267,"accelerator laboratory",2,9
10268,"dis data",2,9
10269,"hera collider",2,9
10270,"proceeds via",2,9
10271,"electron antineutrino",2,9
10272,"sample path",2,9
10273,"iwasaki gauge",2,9
10274,"delta ms",2,9
10275,"four fold",2,9
10276,"van der pol",3,9
10277,"frequency representation",2,9
10278,"image segmentation",2,9
10279,"liquid sodium",2,9
10280,"minimum weight",2,9
10281,"day night",2,9
10282,"human life",2,9
10283,"evaporation condensation",2,9
10284,"friction coefficient",2,9
10285,"false positive",2,9
10286,"inviscid limit",2,9
10287,"power law indices",3,9
10288,"year period",2,9
10289,"femtosecond laser",2,9
10290,"paramagnetic limit",2,9
10291,"rigorous derivation",2,9
10292,"geodesic equations",2,9
10293,"slow convergence",2,9
10294,"quasi steady",2,9
10295,"black body radiation",3,9
10296,"hexagonal lattice",2,9
10297,"hydrodynamic turbulence",2,9
10298,"spin dynamics simulations",3,9
10299,"cooperative games",2,9
10300,"damping constant",2,9
10301,"entrance channel",2,9
10302,"bent crystals",2,9
10303,"elementary particle physics",3,9
10304,"central force",2,9
10305,"traffic congestion",2,9
10306,"periodic forcing",2,9
10307,"kp equation",2,9
10308,"darboux transformations",2,9
10309,"lithium niobate",2,9
10310,"distributive lattice",2,9
10311,"hermite polynomials",2,9
10312,"entanglement assisted",2,9
10313,"corrugated surfaces",2,9
10314,"squeezing properties",2,9
10315,"remaining after",2,9
10316,"spectral type ii",3,9
10317,"peculiar features",2,9
10318,"2d ising model",3,9
10319,"delocalized states",2,9
10320,"pointer states",2,9
10321,"homodyne measurement",2,9
10322,"observables e.g",2,9
10323,"information processor",2,9
10324,"depolarizing channel",2,9
10325,"doppler free",2,9
10326,"post selection",2,9
10327,"nash equilibria",2,9
10328,"delta bf",2,9
10329,"arguments against",2,9
10330,"quantum key distribution qkd",4,9
10331,"art techniques",2,9
10332,"internal consistency",2,9
10333,"long time scale",3,9
10334,"computational biology",2,9
10335,"parity check ldpc codes",4,9
10336,"high probability density",3,9
10337,"lowest weight",2,9
10338,"evolutionary algorithm",2,9
10339,"outer bounds",2,9
10340,"non linear codes",3,9
10341,"logic gates",2,9
10342,"outer bound",2,9
10343,"slightly weaker",2,9
10344,"compact hausdorff",2,9
10345,"average cost",2,9
10346,"infinite horizon",2,9
10347,"kolmogorov complexity",2,9
10348,"service time",2,9
10349,"coding schemes",2,9
10350,"open source code",3,9
10351,"simplified version",2,9
10352,"multi valued",2,9
10353,"restrict ourselves",2,9
10354,"optical identifications",2,9
10355,"log age",2,9
10356,"ray heating",2,9
10357,"multiple peaks",2,9
10358,"diagnostic diagrams",2,9
10359,"formation theories",2,9
10360,"photometric transit",2,9
10361,"corot mission",2,9
10362,"kinematic information",2,9
10363,"sub samples",2,9
10364,"pulsar wind nebulae",3,9
10365,"cosmic rays uhecr",3,9
10366,"pulsar wind nebulae pwne",4,9
10367,"cherenkov radiation",2,9
10368,"nonlocal chiral",2,9
10369,"relative abundance",2,9
10370,"toroidal component",2,9
10371,"baryon fraction",2,9
10372,"resonance lines",2,9
10373,"highly localized",2,9
10374,"roche lobe",2,9
10375,"axis ratios",2,9
10376,"australia telescope compact array atca",5,9
10377,"cross linked",2,9
10378,"striking result",2,9
10379,"finite thickness",2,9
10380,"white dwarf binaries",3,9
10381,"redshift space",2,9
10382,"galaxy groups",2,9
10383,"thin disc",2,9
10384,"ultra high resolution",3,9
10385,"jupiter masses",2,9
10386,"after bounce",2,9
10387,"total mass ratio",3,9
10388,"new horizons mission",3,9
10389,"exponentially suppressed",2,9
10390,"ashtekar variables",2,9
10391,"adaptive mesh refinement",3,9
10392,"sub leading",2,9
10393,"polar modes",2,9
10394,"specific choices",2,9
10395,"recoil velocity",2,9
10396,"naked singularities",2,9
10397,"near threshold region",3,9
10398,"gyromagnetic ratio",2,9
10399,"renormalization group rg",3,9
10400,"null detection",2,9
10401,"goldstone boson",2,9
10402,"null points",2,9
10403,"killing vector",2,9
10404,"falls below",2,9
10405,"pure power",2,9
10406,"stochastic nature",2,9
10407,"reheating after inflation",3,9
10408,"light quark flavors",3,9
10409,"grand unified",2,9
10410,"heavy baryons",2,9
10411,"violating operators",2,9
10412,"emitting particles",2,9
10413,"lambda sigma0",2,9
10414,"factorization approximation",2,9
10415,"event generators",2,9
10416,"patterns emerge",2,9
10417,"charged higgs",2,9
10418,"two loop correction",3,9
10419,"open bosonic string",3,9
10420,"strongly constrain",2,9
10421,"supergravity compactified",2,9
10422,"absorbing states",2,9
10423,"electroweak radiative corrections",3,9
10424,"leading order correction",3,9
10425,"pair production cross sections",4,9
10426,"three body decay",3,9
10427,"broader range",2,9
10428,"phenomenologically viable",2,9
10429,"few tev",2,9
10430,"small bjorken",2,9
10431,"logarithmically divergent",2,9
10432,"lagrangian densities",2,9
10433,"axion dilaton",2,9
10434,"ultra violet",2,9
10435,"checked against",2,9
10436,"harmonic superspace",2,9
10437,"superstring field theory",3,9
10438,"closed universe",2,9
10439,"linear dilaton",2,9
10440,"anthropic principle",2,9
10441,"formula reproduces",2,9
10442,"inclusive semileptonic decays",3,9
10443,"event selection",2,9
10444,"statistical accuracy",2,9
10445,"magnetic monopoles",2,9
10446,"heavy fermions",2,9
10447,"intertwining operators",2,9
10448,"color screening",2,9
10449,"metropolis algorithm",2,9
10450,"compact calabi yau manifolds",4,9
10451,"gross neveu",2,9
10452,"bogomol nyi",2,9
10453,"rotationally symmetric",2,9
10454,"substantially improved",2,9
10455,"longer period",2,9
10456,"driven winds",2,9
10457,"convective core",2,9
10458,"interacting galaxy",2,9
10459,"band microns",2,9
10460,"glast satellite",2,9
10461,"own galaxy",2,9
10462,"morphological features",2,9
10463,"weak link",2,9
10464,"massive star formation activity",4,9
10465,"archival hst",2,9
10466,"arrival direction",2,9
10467,"extended radio source",3,9
10468,"ionization fraction",2,9
10469,"process enriched",2,9
10470,"adiabatic cooling",2,9
10471,"iterative procedure",2,9
10472,"circumnuclear region",2,9
10473,"oxygen abundance",2,9
10474,"radiative zone",2,9
10475,"low mass estimates",3,9
10476,"position angles",2,9
10477,"lockman hole",2,9
10478,"strongly suggesting",2,9
10479,"national university",2,9
10480,"particle content",2,9
10481,"stellar coronae",2,9
10482,"sight velocity dispersion",3,9
10483,"gaseous disc",2,9
10484,"dark matter annihilation signal",4,9
10485,"long term variations",3,9
10486,"lx erg",2,9
10487,"absolute calibration",2,9
10488,"periodic variability",2,9
10489,"polarization images",2,9
10490,"mass loss rate",3,9
10491,"delta scuti",2,9
10492,"xte j1810-197",2,9
10493,"few thousand",2,9
10494,"instrumental background",2,9
10495,"gamma ray astronomy",3,9
10496,"hierarchical structure formation",3,9
10497,"mass shifts",2,9
10498,"substantially enhanced",2,9
10499,"water maser",2,9
10500,"linear drives",2,9
10501,"massive star forming",3,9
10502,"penumbral filaments",2,9
10503,"red supergiant",2,9
10504,"modern science",2,9
10505,"energy ranges",2,9
10506,"photometric data release",3,9
10507,"upper half",2,9
10508,"kdv equations",2,9
10509,"affine weyl",2,9
10510,"borel probability measure",3,9
10511,"connes kreimer",2,9
10512,"arithmetic mean",2,9
10513,"symmetric hamiltonians",2,9
10514,"pseudo differential equation",3,9
10515,"binary mixture",2,9
10516,"superconducting films",2,9
10517,"87rb atoms",2,9
10518,"over damped",2,9
10519,"finite difference equations",3,9
10520,"thermodynamic stability",2,9
10521,"free energy barrier",3,9
10522,"paired state",2,9
10523,"dynamic crossover",2,9
10524,"mn doped",2,9
10525,"alternating sign",2,9
10526,"concentrations near",2,9
10527,"exciton photon",2,9
10528,"spin torque",2,9
10529,"light scattering off",3,9
10530,"energetically favorable",2,9
10531,"polarized fermions",2,9
10532,"quasi degenerate",2,9
10533,"ionized fraction",2,9
10534,"atomic cloud",2,9
10535,"piezoresponse force microscopy",3,9
10536,"basal plane",2,9
10537,"torsional oscillator",2,9
10538,"caldeira leggett",2,9
10539,"radial distribution function",3,9
10540,"time evolution operator",3,9
10541,"binary fluid",2,9
10542,"surface resistance",2,9
10543,"decoherence processes",2,9
10544,"effective mass matrix",3,9
10545,"complex media",2,9
10546,"superfluid he",2,9
10547,"doped semiconductors",2,9
10548,"comprehensive picture",2,9
10549,"film growth",2,9
10550,"magnetic tunnel junctions",3,9
10551,"plastic deformation",2,9
10552,"ultracold fermionic",2,9
10553,"single electron microscopy",3,9
10554,"melting point",2,9
10555,"phase transition occurring",3,9
10556,"drift velocity",2,9
10557,"charge transport through",3,9
10558,"striking feature",2,9
10559,"electron transport measurements",3,9
10560,"penetration depth lambda",3,9
10561,"impurity atoms",2,9
10562,"k1 k2",2,9
10563,"reflectivity measurements",2,9
10564,"metallic clusters",2,9
10565,"conventional approaches",2,9
10566,"monotonic dependence",2,9
10567,"tunneling spectra",2,9
10568,"replica symmetry breaking",3,9
10569,"impurity anderson",2,9
10570,"microscopy tem",2,9
10571,"boron nitride",2,9
10572,"total reflection",2,9
10573,"rough surface roughness",3,9
10574,"nuclear charges",2,9
10575,"identity element",2,9
10576,"time asymptotics",2,9
10577,"normal distributions",2,9
10578,"poincare duality",2,9
10579,"preserving maps",2,9
10580,"mathematically rigorous",2,9
10581,"posterior distributions",2,9
10582,"finite morley rank",3,9
10583,"geometric origin",2,9
10584,"t0 t1",2,9
10585,"real valued function",3,9
10586,"moving frames",2,9
10587,"confidence intervals",2,9
10588,"existing proofs",2,9
10589,"picard number",2,9
10590,"sharp lower bound",3,9
10591,"jones polynomial",2,9
10592,"least half",2,9
10593,"his own",2,9
10594,"van den",2,9
10595,"nonnegative integers",2,9
10596,"diffusion controlled",2,9
10597,"positivity properties",2,9
10598,"partial differential geometry",3,9
10599,"partially ordered set",3,9
10600,"ozsvath szabo",2,9
10601,"short intervals",2,9
10602,"full rank",2,9
10603,"operator monotone",2,9
10604,"poincare group",2,9
10605,"statistical learning",2,9
10606,"least squares estimators",3,9
10607,"autoregressive model",2,9
10608,"automorphic forms",2,9
10609,"hecke algebras",2,9
10610,"control sample",2,9
10611,"cohomology rings",2,9
10612,"crossed products",2,9
10613,"many primes",2,9
10614,"gamow teller",2,9
10615,"current conservation",2,9
10616,"dark soliton",2,9
10617,"potential linearized",2,9
10618,"selection rule",2,9
10619,"striking features",2,9
10620,"varied within",2,9
10621,"front speed",2,9
10622,"gauge potentials",2,9
10623,"mean motion resonances",3,9
10624,"activation energies",2,9
10625,"transverse position",2,9
10626,"timing measurements",2,9
10627,"forward backward asymmetries",3,9
10628,"ks pi",2,9
10629,"hodgkin huxley",2,9
10630,"theoretical treatment",2,9
10631,"mathematical statistics",2,9
10632,"two photon loss",3,9
10633,"remaining part",2,9
10634,"inflaton field theory",3,9
10635,"super horizon",2,9
10636,"codimension two dimensional",3,9
10637,"excellent laboratory",2,9
10638,"tree amplitude",2,9
10639,"kaehler metric",2,9
10640,"diquark condensates",2,9
10641,"su gluodynamics",2,9
10642,"beta deformed",2,9
10643,"two loop diagrams",3,9
10644,"phi mapping topological current",4,9
10645,"models exhibiting",2,9
10646,"vortex configurations",2,9
10647,"schur algebra",2,9
10648,"spinor approach",2,9
10649,"block fading channel",3,9
10650,"expressive power",2,9
10651,"rapid development",2,9
10652,"automatic generation",2,9
10653,"distributed throughout",2,9
10654,"time intervals",2,9
10655,"collect data",2,9
10656,"too high",2,9
10657,"surveys covering",2,9
10658,"photoelectric observations",2,9
10659,"nebula pn",2,9
10660,"cool core",2,9
10661,"spatially coincident",2,9
10662,"formation histories",2,9
10663,"xmm newton view",3,9
10664,"image reconstruction",2,9
10665,"active galactic nucleus",3,9
10666,"cluster centre",2,9
10667,"recurrent nova rs ophiuchi",4,9
10668,"redshift distributions",2,9
10669,"fast rise",2,9
10670,"outer disc",2,9
10671,"comoving frame",2,9
10672,"tidally disrupted",2,9
10673,"molecular weight",2,9
10674,"earlier approaches",2,9
10675,"lensing analysis",2,9
10676,"spectroscopic data release",3,9
10677,"helium burning",2,9
10678,"multi color",2,9
10679,"detailed numerical calculations",3,9
10680,"post main sequence",3,9
10681,"particle orbits",2,9
10682,"stokes profiles",2,9
10683,"sn 1987a",2,9
10684,"newtonian limit",2,9
10685,"canada france hawaii telescope",4,9
10686,"thermodynamically consistent",2,9
10687,"multiple soft",2,9
10688,"transit detection",2,9
10689,"shock heated",2,9
10690,"repetition rate",2,9
10691,"filamentary structure",2,9
10692,"low metallicities",2,9
10693,"short intense",2,9
10694,"length xi",2,9
10695,"model atmosphere models",3,9
10696,"h2o maser",2,9
10697,"after accounting",2,9
10698,"high confidence",2,9
10699,"consistency checks",2,9
10700,"bessel function",2,9
10701,"permittivity epsilon",2,9
10702,"heat kernel expansion",3,9
10703,"temperley lieb",2,9
10704,"friedmann robertson walker universe",4,9
10705,"two dimensionless",2,9
10706,"bose gas",2,9
10707,"finite duration",2,9
10708,"damping parameter",2,9
10709,"insulator transition",2,9
10710,"becomes clear",2,9
10711,"induced magnetism",2,9
10712,"si sio2",2,9
10713,"zone boundary",2,9
10714,"nanometer scale",2,9
10715,"anisotropic heisenberg model",3,9
10716,"inter particle",2,9
10717,"upper layer",2,9
10718,"density wave function",3,9
10719,"magneto electric",2,9
10720,"bcs bec",2,9
10721,"fully polarized",2,9
10722,"fermi liquid metal",3,9
10723,"systematic treatment",2,9
10724,"crystal surfaces",2,9
10725,"coexisting phases",2,9
10726,"vector field theory",3,9
10727,"small angle neutron scattering",4,9
10728,"gate tunable",2,9
10729,"ferromagnetic contacts",2,9
10730,"majorana phases",2,9
10731,"vortex lattices",2,9
10732,"directed percolation",2,9
10733,"under uniaxial",2,9
10734,"curvature vanishes",2,9
10735,"atomic species",2,9
10736,"latent heat",2,9
10737,"coxeter group",2,9
10738,"broad classes",2,9
10739,"smooth fano",2,9
10740,"nonstandard analysis",2,9
10741,"marked point",2,9
10742,"functional central limit theorem",4,9
10743,"formula relating",2,9
10744,"affine line",2,9
10745,"gauss map",2,9
10746,"non negative integers",3,9
10747,"nonlinear schroedinger",2,9
10748,"free multiplicative",2,9
10749,"real roots",2,9
10750,"minimum mean",2,9
10751,"convex polytope",2,9
10752,"priori information",2,9
10753,"schramm loewner evolution sle",4,9
10754,"artin groups",2,9
10755,"rota baxter",2,9
10756,"transfer operators",2,9
10757,"baum connes conjecture",3,9
10758,"analytic formulae",2,9
10759,"field theoretic",2,9
10760,"directed transport",2,9
10761,"coulomb gauge",2,9
10762,"parameter degeneracies",2,9
10763,"small scale structure formation",4,9
10764,"longitudinally polarized",2,9
10765,"relic abundance",2,9
10766,"cp problem",2,9
10767,"number density profile",3,9
10768,"charmed mesons",2,9
10769,"4s resonance",2,9
10770,"cp problems",2,9
10771,"chargino neutralino",2,9
10772,"seesaw model",2,9
10773,"incident particles",2,9
10774,"tunable parameters",2,9
10775,"outer part",2,9
10776,"deformed nuclei",2,9
10777,"nearly exact",2,9
10778,"research groups",2,9
10779,"homogeneous medium",2,9
10780,"phantom like",2,9
10781,"potential barriers",2,9
10782,"riemann curvature",2,9
10783,"surface reactions",2,9
10784,"extreme ultraviolet",2,9
10785,"curved spaces",2,9
10786,"photon counting",2,9
10787,"rapidity distribution",2,9
10788,"parallel mechanism",2,9
10789,"angular momentum distributions",3,9
10790,"lorentzian geometry",2,9
10791,"traveling wave",2,9
10792,"phase coherence time",3,9
10793,"peripheral collisions",2,9
10794,"dynamical mean field theory dmft",5,9
10795,"abelian category",2,9
10796,"orbifold singularities",2,9
10797,"short time scale",3,9
10798,"walled carbon nanotubes",3,9
10799,"shedding light",2,9
10800,"graphene ribbons",2,9
10801,"incidence angle",2,9
10802,"escape fraction",2,9
10803,"v1 v2",2,9
10804,"semi parametric",2,9
10805,"mid infrared spectrograph",3,9
10806,"variable cosmological constant",3,9
10807,"metric affine",2,9
10808,"emission occurs",2,9
10809,"serious problems",2,9
10810,"schwarzschild radius",2,9
10811,"general relativistic jets",3,9
10812,"bifurcation point",2,9
10813,"hurst exponent",2,9
10814,"link failures",2,9
10815,"disordered medium",2,9
10816,"envelope phase",2,9
10817,"semi realistic",2,9
10818,"z1 zn",2,9
10819,"distinctive feature",2,9
10820,"spinning strings",2,9
10821,"fitting algorithm",2,9
10822,"count rate",2,9
10823,"externally driven",2,9
10824,"jupiter saturn",2,9
10825,"perverse sheaves",2,9
10826,"vanishes identically",2,9
10827,"ribbon graphs",2,9
10828,"muon spin rotation",3,9
10829,"dc voltage",2,9
10830,"unique continuation",2,9
10831,"tight upper bound",3,9
10832,"derived equivalences",2,9
10833,"phase transition metal insulator",4,9
10834,"conditional expectation",2,9
10835,"energy functionals",2,9
10836,"next nearest neighbor interaction",4,9
10837,"ballistic transport through",3,9
10838,"oriented design",2,9
10839,"superconductivity disappears",2,9
10840,"galois extensions",2,9
10841,"protons accelerated",2,9
10842,"surface solitons",2,9
10843,"finite coxeter",2,9
10844,"shear stress",2,9
10845,"radial dependence",2,9
10846,"two coaxial",2,9
10847,"chow ring",2,9
10848,"condition monitoring",2,9
10849,"locally nilpotent",2,9
10850,"cosmic variance",2,9
10851,"random phase diagram",3,9
10852,"bragg diffraction",2,9
10853,"expected distortion",2,9
10854,"kekb asymmetric",2,9
10855,"baryon antibaryon",2,9
10856,"well sampled",2,9
10857,"cw complexes",2,9
10858,"vector multiplets",2,9
10859,"finite size scaling behavior",4,9
10860,"regular lattices",2,9
10861,"memory requirements",2,9
10862,"quantitative prediction",2,9
10863,"global strings",2,9
10864,"perturbative methods",2,9
10865,"nmr data",2,9
10866,"cmos technology",2,9
10867,"immediate vicinity",2,9
10868,"electroweak corrections",2,9
10869,"sm like",2,9
10870,"wide web",2,9
10871,"computational efficiency",2,9
10872,"non magnetized",2,9
10873,"screening masses",2,9
10874,"per unit volume",3,9
10875,"projective curve",2,9
10876,"level trigger",2,9
10877,"curvature invariants",2,9
10878,"grassmann manifold",2,9
10879,"radio emitting",2,9
10880,"mounted orthogonally",2,9
10881,"cluster membership",2,9
10882,"pseudo riemannian",2,9
10883,"local lorentz invariant",3,9
10884,"deflection angle",2,9
10885,"perturbative renormalization",2,9
10886,"negligibly small",2,9
10887,"secondary structures",2,9
10888,"high angular momentum",3,9
10889,"heavy ion reactions",3,9
10890,"chiral multiplets",2,9
10891,"extending down",2,9
10892,"ultra thin",2,9
10893,"missing baryons",2,9
10894,"besii detector",2,9
10895,"vanishingly small",2,9
10896,"secondary eclipse",2,9
10897,"magnon interaction",2,9
10898,"pulse sequences",2,9
10899,"central wavelength",2,9
10900,"significant detections",2,9
10901,"zero net",2,9
10902,"warped conifold",2,9
10903,"equations possess",2,9
10904,"hodge decomposition",2,9
10905,"period change",2,9
10906,"topological susceptibility",2,9
10907,"imaging capabilities",2,9
10908,"einstein hilbert",2,9
10909,"bianchi identities",2,9
10910,"absolute continuity",2,9
10911,"hermitian forms",2,9
10912,"tumor suppressor",2,9
10913,"self intersection",2,9
10914,"quantum error rate",3,8
10915,"coherent destruction",2,8
10916,"superdense coding",2,8
10917,"authentication scheme",2,8
10918,"maxwell boltzmann",2,8
10919,"nikiforov uvarov",2,8
10920,"weyl duality",2,8
10921,"physical implementations",2,8
10922,"entanglement sharing",2,8
10923,"quantum chemistry",2,8
10924,"two dimensional xy",3,8
10925,"einstein podolsky rosen epr",4,8
10926,"prominent feature",2,8
10927,"topologically stable",2,8
10928,"dense coding",2,8
10929,"trace preserving completely positive",4,8
10930,"non linear optical",3,8
10931,"collisional ionization",2,8
10932,"quantum computer simulation",3,8
10933,"practical purposes",2,8
10934,"quasi exactly solvable",3,8
10935,"entanglement sudden death",3,8
10936,"xx model",2,8
10937,"pseudo riemannian metric",3,8
10938,"bohmian trajectories",2,8
10939,"functional integral field",3,8
10940,"device squid",2,8
10941,"mutually commuting",2,8
10942,"formal analogy",2,8
10943,"set ups",2,8
10944,"practical relevance",2,8
10945,"self contained introduction",3,8
10946,"spatially resolve",2,8
10947,"irreducible representation theory",3,8
10948,"hadamard states",2,8
10949,"squeezed light",2,8
10950,"ground state preparation",3,8
10951,"mathematical formulation",2,8
10952,"associative memory",2,8
10953,"size scaling limit",3,8
10954,"thermodynamical equilibrium",2,8
10955,"lotka volterra",2,8
10956,"ecological systems",2,8
10957,"dna binding sites",3,8
10958,"first passage time",3,8
10959,"price dynamics",2,8
10960,"superposition principle",2,8
10961,"quantum mechanical properties",3,8
10962,"eigenvalue problems",2,8
10963,"process tasep",2,8
10964,"eigenvalue statistics",2,8
10965,"local thermodynamic",2,8
10966,"quantitative measures",2,8
10967,"reed solomon codes",3,8
10968,"decoding algorithms",2,8
10969,"cern large hadron collider",4,8
10970,"xi yi",2,8
10971,"destination node",2,8
10972,"output mimo",2,8
10973,"maximum likelihood decoding complexity",4,8
10974,"parallel processing",2,8
10975,"min sum",2,8
10976,"full abstract",2,8
10977,"simplified proof",2,8
10978,"co workers",2,8
10979,"temporal logic",2,8
10980,"web server",2,8
10981,"cross match",2,8
10982,"tree automata",2,8
10983,"null hypotheses",2,8
10984,"self stabilizing",2,8
10985,"sufficient precision",2,8
10986,"machine precision",2,8
10987,"monte carlo programs",3,8
10988,"forcing function",2,8
10989,"dwarf wd",2,8
10990,"local interstellar medium",3,8
10991,"thermal diffusion equation",3,8
10992,"surface density wave",3,8
10993,"dwarf bcd",2,8
10994,"vlt fors",2,8
10995,"ionizing flux",2,8
10996,"analysis pipeline",2,8
10997,"type ii supernovae",3,8
10998,"thermal dust emission",3,8
10999,"five epochs",2,8
11000,"vacuum energy scales",3,8
11001,"dark energy scales",3,8
11002,"outflowing gas",2,8
11003,"broken power law",3,8
11004,"perturbation expansions",2,8
11005,"infrared counterpart",2,8
11006,"remarkable features",2,8
11007,"innermost regions",2,8
11008,"single burst",2,8
11009,"moving objects",2,8
11010,"coronal hole",2,8
11011,"termination shock",2,8
11012,"central parsec",2,8
11013,"heavy imf",2,8
11014,"circular law",2,8
11015,"young stellar population",3,8
11016,"coronal mass ejections cmes",4,8
11017,"progenitor system",2,8
11018,"accretion shocks",2,8
11019,"neutrino astronomy",2,8
11020,"pulsating subdwarf",2,8
11021,"micron fluxes",2,8
11022,"kev band imaging",3,8
11023,"cygnus region",2,8
11024,"deeply embedded",2,8
11025,"star formation rate sfr",4,8
11026,"ray surveys",2,8
11027,"power law slope alpha",4,8
11028,"mixed composition",2,8
11029,"scales probed",2,8
11030,"halpha emission lines",3,8
11031,"mid infrared spectroscopy",3,8
11032,"concentration gradient",2,8
11033,"ionizing background",2,8
11034,"amorphous solids",2,8
11035,"unambiguous detection",2,8
11036,"pulsar population",2,8
11037,"selection criterion",2,8
11038,"ultraluminous infrared luminosity",3,8
11039,"thick part",2,8
11040,"parabolic band",2,8
11041,"physical assumptions",2,8
11042,"fully integrated",2,8
11043,"unsolved problems",2,8
11044,"pulsar magnetospheres",2,8
11045,"accreting object",2,8
11046,"3d mhd",2,8
11047,"luminosity weighted",2,8
11048,"nuclear recoils",2,8
11049,"experimental data indicate",3,8
11050,"extragalactic survey",2,8
11051,"5d einstein",2,8
11052,"blazar 3c",2,8
11053,"june july",2,8
11054,"spatial resolutions",2,8
11055,"loss spectroscopy",2,8
11056,"liquid scintillator",2,8
11057,"sharp lower",2,8
11058,"nearby groups",2,8
11059,"irac images",2,8
11060,"diffuse ism",2,8
11061,"dust depletion",2,8
11062,"clearly indicates",2,8
11063,"dense core collapse",3,8
11064,"cluster medium icm",3,8
11065,"ionized gas kinematics",3,8
11066,"obtain precise estimates",3,8
11067,"carbon nitrogen",2,8
11068,"holes bhs",2,8
11069,"preferred direction",2,8
11070,"primordial black hole",3,8
11071,"non members",2,8
11072,"collapse supernova",2,8
11073,"filter photometry",2,8
11074,"multi wavelength region",3,8
11075,"brightness distributions",2,8
11076,"spectra cover",2,8
11077,"giant molecular clouds",3,8
11078,"evolutionary stage",2,8
11079,"astrophysical origin",2,8
11080,"gravitating systems",2,8
11081,"high velocity clouds",3,8
11082,"inclined plane",2,8
11083,"field spectrograph",2,8
11084,"stellar mass spectrum",3,8
11085,"burning regime",2,8
11086,"sub stellar",2,8
11087,"rapidly decaying",2,8
11088,"periods shorter",2,8
11089,"fanaroff riley",2,8
11090,"characteristic ages",2,8
11091,"squared error",2,8
11092,"luminous starbursts",2,8
11093,"iram plateau de bure interferometer",5,8
11094,"galaxy 3c",2,8
11095,"optical fibers",2,8
11096,"tightly coupled",2,8
11097,"si ca",2,8
11098,"considerably lower",2,8
11099,"acs images",2,8
11100,"rn gravity",2,8
11101,"four epochs",2,8
11102,"strong gravitational lensing",3,8
11103,"iron ions",2,8
11104,"stellar surface gravity",3,8
11105,"tidal features",2,8
11106,"quasar host galaxy",3,8
11107,"central black holes",3,8
11108,"local group dwarf galaxies",4,8
11109,"stars brighter",2,8
11110,"counter jet",2,8
11111,"direct observational data",3,8
11112,"johnson cousins",2,8
11113,"sigma error",2,8
11114,"roche lobe overflow",3,8
11115,"gravitational lens models",3,8
11116,"objects suggesting",2,8
11117,"neighboring sites",2,8
11118,"member galaxies",2,8
11119,"key differences",2,8
11120,"heating rate",2,8
11121,"sgr b2",2,8
11122,"sigma upper",2,8
11123,"long time resolved",3,8
11124,"cut offs",2,8
11125,"newly born",2,8
11126,"balmer lines",2,8
11127,"slows down",2,8
11128,"gravitational lensing effect",3,8
11129,"emitting plasma",2,8
11130,"centered near",2,8
11131,"stis spectra",2,8
11132,"nebular phase",2,8
11133,"high velocity variations",3,8
11134,"exponential suppression",2,8
11135,"angular correlation function",3,8
11136,"galactic nucleus",2,8
11137,"water maser sources",3,8
11138,"optically thin accretion disk",4,8
11139,"uv background",2,8
11140,"lensing effect",2,8
11141,"median redshift",2,8
11142,"five year",2,8
11143,"deep ground",2,8
11144,"classical bulges",2,8
11145,"torus around",2,8
11146,"soft gamma rays",3,8
11147,"sc ii",2,8
11148,"photo ionization",2,8
11149,"seven sources",2,8
11150,"density ne",2,8
11151,"cosmic ray spectrum",3,8
11152,"cold dark matter halo",4,8
11153,"galactic globular cluster ngc",4,8
11154,"nearly universal",2,8
11155,"thick disk",2,8
11156,"approximate riemann",2,8
11157,"order parameter alpha",3,8
11158,"frenet frame",2,8
11159,"bepposax data",2,8
11160,"power law index gamma ray emission",6,8
11161,"semi metal",2,8
11162,"kelvin helmholtz",2,8
11163,"cluster richness",2,8
11164,"stronger magnetic field",3,8
11165,"wavelet transform",2,8
11166,"confidence levels",2,8
11167,"remain stable",2,8
11168,"ultra deep",2,8
11169,"anglo australian telescope",3,8
11170,"thermally unstable",2,8
11171,"dense molecular clouds",3,8
11172,"scale lengths",2,8
11173,"during reionization",2,8
11174,"indirect searches",2,8
11175,"kick velocities",2,8
11176,"flaring activity",2,8
11177,"inter band",2,8
11178,"systematic variations",2,8
11179,"individual masses",2,8
11180,"friedmann robertson",2,8
11181,"embedded clusters",2,8
11182,"broader class",2,8
11183,"bounded variation",2,8
11184,"bessel processes",2,8
11185,"deligne mumford",2,8
11186,"lefschetz fibrations",2,8
11187,"jacobi operator",2,8
11188,"russian academy",2,8
11189,"highest weight representations",3,8
11190,"exponential weights",2,8
11191,"vanishing viscosity",2,8
11192,"unipotent subgroups",2,8
11193,"onto itself",2,8
11194,"sasaki einstein manifold",3,8
11195,"neumann map",2,8
11196,"lebesgue spaces",2,8
11197,"non local minima",3,8
11198,"principal curvatures",2,8
11199,"projective structures",2,8
11200,"mandelbrot set",2,8
11201,"binary quadratic",2,8
11202,"multiplicity free",2,8
11203,"l1 point",2,8
11204,"countably infinite",2,8
11205,"dinger equations",2,8
11206,"sobolev norms",2,8
11207,"macdonald polynomials",2,8
11208,"holonomy representation",2,8
11209,"unbounded domain",2,8
11210,"acts transitively",2,8
11211,"cubic nls",2,8
11212,"triple product",2,8
11213,"homotopy invariance",2,8
11214,"side chain",2,8
11215,"symmetric powers",2,8
11216,"parabolic subgroups",2,8
11217,"algebraic torus",2,8
11218,"klein bottle",2,8
11219,"base scheme",2,8
11220,"trace tau",2,8
11221,"randomized algorithms",2,8
11222,"natural parity",2,8
11223,"intervals separated",2,8
11224,"fat tail",2,8
11225,"analytic arguments",2,8
11226,"rigid objects",2,8
11227,"calabi yau 3-folds",3,8
11228,"piecewise continuous",2,8
11229,"low energy distribution",3,8
11230,"latin original",2,8
11231,"cr geometry",2,8
11232,"edge singularities",2,8
11233,"regression function",2,8
11234,"preprojective algebras",2,8
11235,"acts freely",2,8
11236,"prior distributions",2,8
11237,"brauer algebra",2,8
11238,"algebraically independent",2,8
11239,"rf fields",2,8
11240,"column sums",2,8
11241,"modified versions",2,8
11242,"spatially distributed",2,8
11243,"continuous variation",2,8
11244,"asymptotically sharp",2,8
11245,"grothendieck group",2,8
11246,"purely combinatorial",2,8
11247,"congruence subgroup",2,8
11248,"chevalley groups",2,8
11249,"structure sheaf",2,8
11250,"multi agent systems",3,8
11251,"double affine",2,8
11252,"nilpotent orbits",2,8
11253,"planar maps",2,8
11254,"conformal laplacian",2,8
11255,"hyperbolic metrics",2,8
11256,"axisymmetric solutions",2,8
11257,"non trivial lower bound",4,8
11258,"asymptotic behaviors",2,8
11259,"reflecting boundary",2,8
11260,"meromorphic function",2,8
11261,"whole space time",3,8
11262,"discrete mathematics",2,8
11263,"unit area",2,8
11264,"rough estimates",2,8
11265,"conformal compactification",2,8
11266,"bakry emery",2,8
11267,"theory compactified",2,8
11268,"casimir invariants",2,8
11269,"space time domain",3,8
11270,"homotopy classes",2,8
11271,"non overlapping",2,8
11272,"like killing",2,8
11273,"defining polynomial",2,8
11274,"fundamental ingredient",2,8
11275,"big rip singularity",3,8
11276,"sky position",2,8
11277,"moving puncture",2,8
11278,"lense thirring effect",3,8
11279,"coriolis force",2,8
11280,"spherically symmetric spacetimes",3,8
11281,"big rip",2,8
11282,"fisher matrix",2,8
11283,"relativistic quantum gravity",3,8
11284,"spacetime outside",2,8
11285,"interferometric gravitational",2,8
11286,"accurate astrometry",2,8
11287,"adaptive mesh",2,8
11288,"kinetic part",2,8
11289,"highest resolution",2,8
11290,"two level spacing",3,8
11291,"virtual compton",2,8
11292,"shell thickness",2,8
11293,"entire population",2,8
11294,"stiff polymers",2,8
11295,"spectra recorded",2,8
11296,"substantial reduction",2,8
11297,"band edges",2,8
11298,"dense granular",2,8
11299,"mechanical oscillator",2,8
11300,"slow cooling",2,8
11301,"population inversion",2,8
11302,"bi stability",2,8
11303,"spacing distributions",2,8
11304,"simple analytical expression",3,8
11305,"cubic nonlinearity",2,8
11306,"inter dot",2,8
11307,"inas nanowire",2,8
11308,"curie temperature tc",3,8
11309,"sr ruo",2,8
11310,"thermodynamic consistency",2,8
11311,"ir spectroscopy",2,8
11312,"emission peaks",2,8
11313,"nmr spectra",2,8
11314,"lattice vibrations",2,8
11315,"solid body",2,8
11316,"large scale free",3,8
11317,"sharp interface",2,8
11318,"open quantum dots",3,8
11319,"two dimensional electron gas 2deg",5,8
11320,"relaxation time evolution",3,8
11321,"correlation length scale",3,8
11322,"transmitted wave",2,8
11323,"densely packed",2,8
11324,"light emitting diodes",3,8
11325,"self sustained",2,8
11326,"excitable media",2,8
11327,"magnetoresistance tmr",2,8
11328,"closely match",2,8
11329,"gaussian orthogonal",2,8
11330,"critical current density jc",4,8
11331,"gas phase transitions",3,8
11332,"berezinskii kosterlitz thouless",3,8
11333,"superconductor pr",2,8
11334,"phase slip",2,8
11335,"high pressures",2,8
11336,"josephson like",2,8
11337,"surface plasmon resonances",3,8
11338,"random sequential",2,8
11339,"glass formers",2,8
11340,"step edges",2,8
11341,"shells around",2,8
11342,"solid he",2,8
11343,"bond network",2,8
11344,"insulating ground state",3,8
11345,"occupation numbers",2,8
11346,"analytic treatment",2,8
11347,"roughly equal",2,8
11348,"hall regime",2,8
11349,"orbital selective",2,8
11350,"imbalanced fermi gas",3,8
11351,"non monotonic dependence",3,8
11352,"harmonic traps",2,8
11353,"two sublattice",2,8
11354,"confining potentials",2,8
11355,"satellite peaks",2,8
11356,"large polaron",2,8
11357,"normal distribution function",3,8
11358,"superconductor insulator transition",3,8
11359,"calibration technique",2,8
11360,"nano particles",2,8
11361,"spinless particles",2,8
11362,"microwave irradiation",2,8
11363,"energy barriers",2,8
11364,"dc magnetization",2,8
11365,"square law",2,8
11366,"two dimensional electron densities",4,8
11367,"annealing process",2,8
11368,"strong correlation functions",3,8
11369,"doped manganites",2,8
11370,"current voltage characteristic",3,8
11371,"singlet phases",2,8
11372,"bloch oscillations",2,8
11373,"rare gas",2,8
11374,"nearly ferromagnetic",2,8
11375,"otherwise arbitrary",2,8
11376,"metallic phase transitions",3,8
11377,"persistent currents",2,8
11378,"largest component",2,8
11379,"zhang rice",2,8
11380,"breather excitations",2,8
11381,"neutron electric",2,8
11382,"majority rule",2,8
11383,"sound speeds",2,8
11384,"vortex pinning",2,8
11385,"rashba type",2,8
11386,"josephson junction array",3,8
11387,"double exponential",2,8
11388,"perdew burke ernzerhof",3,8
11389,"tip sample",2,8
11390,"heat transfer",2,8
11391,"cooling mechanism",2,8
11392,"macroscopic objects",2,8
11393,"exchange correlation xc",3,8
11394,"magnetic field cooled",3,8
11395,"diluted magnetic semiconductors",3,8
11396,"brownian particles",2,8
11397,"nonlinear fokker planck",3,8
11398,"pi pulses",2,8
11399,"predictions concerning",2,8
11400,"mn ii",2,8
11401,"critical point correlation",3,8
11402,"long range attraction",3,8
11403,"benchmark calculations",2,8
11404,"solvent quality",2,8
11405,"energy tail",2,8
11406,"reveals clear",2,8
11407,"detailed investigations",2,8
11408,"rg approach",2,8
11409,"completely integrable systems",3,8
11410,"slave boson",2,8
11411,"parameter ranges",2,8
11412,"andreev bound states",3,8
11413,"ion irradiated",2,8
11414,"drastic change",2,8
11415,"size distribution function",3,8
11416,"kuramoto model",2,8
11417,"chiral edge",2,8
11418,"unexpected features",2,8
11419,"oppositely charged",2,8
11420,"magnetic semiconductors",2,8
11421,"elastic scattering processes",3,8
11422,"fermi dirac",2,8
11423,"trigonal warping",2,8
11424,"lying excitation",2,8
11425,"cigar shaped",2,8
11426,"localization delocalization",2,8
11427,"cavity polaritons",2,8
11428,"microwave excitation",2,8
11429,"nanoscale conductors",2,8
11430,"drude weight",2,8
11431,"poor solvent",2,8
11432,"nucleation theory",2,8
11433,"donor type",2,8
11434,"finite temperature tc",3,8
11435,"becomes flat",2,8
11436,"los alamos",2,8
11437,"ultra low mass",3,8
11438,"intrinsic angular momentum",3,8
11439,"neutron deficient",2,8
11440,"forward angles",2,8
11441,"gamma ray spectra",3,8
11442,"pseudo rapidity",2,8
11443,"inclusive pi0",2,8
11444,"xi production",2,8
11445,"rho0 production",2,8
11446,"physically meaningful",2,8
11447,"spin orbit interactions",3,8
11448,"effective lagrangians",2,8
11449,"viscosity eta",2,8
11450,"viscous hydrodynamics",2,8
11451,"spacing distribution",2,8
11452,"cd bonn",2,8
11453,"field theory eft",3,8
11454,"m1 transitions",2,8
11455,"ultra relativistic heavy ion collisions",5,8
11456,"bimodal distributions",2,8
11457,"sharp cutoff",2,8
11458,"superconducting condensate",2,8
11459,"dilepton production",2,8
11460,"slightly reduced",2,8
11461,"kaon nucleon",2,8
11462,"kinematical regions",2,8
11463,"eigenvalue correlations",2,8
11464,"rapidity distributions",2,8
11465,"vector machines svms",3,8
11466,"three body forces",3,8
11467,"deep inelastic processes",3,8
11468,"exotic nuclei",2,8
11469,"coefficient gamma",2,8
11470,"spatial coherence",2,8
11471,"distant object",2,8
11472,"anomalous magnetic moments",3,8
11473,"lightest higgs boson",3,8
11474,"state discrimination",2,8
11475,"inclusive semileptonic",2,8
11476,"higgs doublet",2,8
11477,"chiral effective mass",3,8
11478,"taylor series expansion",3,8
11479,"bh mass",2,8
11480,"chiral lagrangians",2,8
11481,"isospin chemical potential",3,8
11482,"confinement deconfinement",2,8
11483,"flavour symmetries",2,8
11484,"relation connecting",2,8
11485,"charged higgs bosons",3,8
11486,"incident photon",2,8
11487,"rho omega phi",3,8
11488,"monte carlo event generator",4,8
11489,"two flavor symmetry",3,8
11490,"lepton number violation",3,8
11491,"balitsky kovchegov equation",3,8
11492,"tan beta decay",3,8
11493,"drell yan lepton",3,8
11494,"elastic scattering matrix",3,8
11495,"cos phi",2,8
11496,"sin2 thetaw",2,8
11497,"pair instability",2,8
11498,"spin polarization transfer",3,8
11499,"developments concerning",2,8
11500,"brst invariant",2,8
11501,"nabla phi",2,8
11502,"wrapped around",2,8
11503,"duality map",2,8
11504,"corrections vanish",2,8
11505,"semi direct product",3,8
11506,"weil representation",2,8
11507,"scalar tensor theories",3,8
11508,"wzw models",2,8
11509,"brane charges",2,8
11510,"group flows",2,8
11511,"blown up",2,8
11512,"dual giant gravitons",3,8
11513,"liouville type",2,8
11514,"horizon radius",2,8
11515,"g2 holonomy",2,8
11516,"via ads",2,8
11517,"world volume",2,8
11518,"free energy spectrum",3,8
11519,"near horizon region",3,8
11520,"conjugate symmetric",2,8
11521,"su nc gauge theory",4,8
11522,"iib string",2,8
11523,"symmetric tensors",2,8
11524,"background independence",2,8
11525,"effective actions",2,8
11526,"gribov copies",2,8
11527,"seiberg witten maps",3,8
11528,"stable brane",2,8
11529,"reissner nordstr",2,8
11530,"volume modulus",2,8
11531,"ultraviolet finite",2,8
11532,"supergravity description",2,8
11533,"twisted torus",2,8
11534,"singularity formation",2,8
11535,"multiple right",2,8
11536,"qualitative difference",2,8
11537,"sub horizon",2,8
11538,"complex scalar fields",3,8
11539,"curvature correction",2,8
11540,"thick branes",2,8
11541,"logarithmic conformal field theory",4,8
11542,"negative parity",2,8
11543,"invariant subspace",2,8
11544,"matrix representing",2,8
11545,"topological strings",2,8
11546,"small scale invariant",3,8
11547,"highest energies",2,8
11548,"meson molecule",2,8
11549,"oscillation search",2,8
11550,"h1 detector",2,8
11551,"zeus collaborations",2,8
11552,"d0 collaborations",2,8
11553,"atmospheric neutrino oscillations",3,8
11554,"real data set",3,8
11555,"bottom baryon",2,8
11556,"monte carlo mc simulations",4,8
11557,"volume reflection",2,8
11558,"bs meson",2,8
11559,"light pseudoscalar mesons",3,8
11560,"vanish identically",2,8
11561,"vlasov equation",2,8
11562,"chapman enskog",2,8
11563,"schottky junctions",2,8
11564,"ions stored",2,8
11565,"unique ground state",3,8
11566,"rotational levels",2,8
11567,"grid infrastructure",2,8
11568,"efficient production",2,8
11569,"whispering gallery modes",3,8
11570,"inflationary phase",2,8
11571,"upper atmosphere",2,8
11572,"dna molecule",2,8
11573,"time projection chamber tpc",4,8
11574,"evolutionary game",2,8
11575,"opened up",2,8
11576,"energy conserving",2,8
11577,"air water",2,8
11578,"minority game",2,8
11579,"line shapes",2,8
11580,"collisionless shock",2,8
11581,"tracer particles",2,8
11582,"odd frequency",2,8
11583,"ideal fluids",2,8
11584,"stationary phase space",3,8
11585,"lasing modes",2,8
11586,"proper time dependent",3,8
11587,"sensor array",2,8
11588,"hurricane numbers",2,8
11589,"half life",2,8
11590,"phys plasmas",2,8
11591,"rich phenomenology",2,8
11592,"continuous opinion dynamics",3,8
11593,"massive scalar",2,8
11594,"harmonic generation hhg",3,8
11595,"systematically higher",2,8
11596,"intense laser pulse",3,8
11597,"stable trapping",2,8
11598,"ring imaging",2,8
11599,"sinusoidal modulation",2,8
11600,"torsional modes",2,8
11601,"polar angle",2,8
11602,"arxiv physics",2,8
11603,"equilibrium situations",2,8
11604,"nearly edge",2,8
11605,"small amounts",2,8
11606,"jet algorithm",2,8
11607,"propagation speed",2,8
11608,"nonlinear partial",2,8
11609,"near threshold value",3,8
11610,"tunneling rates",2,8
11611,"hankel determinants",2,8
11612,"rabi oscillation",2,8
11613,"phys soc jpn",3,8
11614,"least two level",3,8
11615,"boolean lattice",2,8
11616,"two level crossing",3,8
11617,"wavelength dependent",2,8
11618,"four qubit",2,8
11619,"state tomography",2,8
11620,"polarization entanglement",2,8
11621,"process tomography",2,8
11622,"erasure channel",2,8
11623,"elementary introduction",2,8
11624,"turned off",2,8
11625,"measuring apparatus",2,8
11626,"poisson bracket",2,8
11627,"subtraction scheme",2,8
11628,"classical communication locc",3,8
11629,"linear paul",2,8
11630,"trap center",2,8
11631,"bound entangled",2,8
11632,"hong ou mandel",3,8
11633,"quantum cryptography",2,8
11634,"experimental proof",2,8
11635,"superconducting transmission",2,8
11636,"diffraction gratings",2,8
11637,"point wise",2,8
11638,"markovian limit",2,8
11639,"back onto",2,8
11640,"desirable features",2,8
11641,"gene transfer",2,8
11642,"biological systems biology",3,8
11643,"stretched exponential decay",3,8
11644,"detrended fluctuation",2,8
11645,"low frequency range",3,8
11646,"evolutionary sequence",2,8
11647,"phase space time series",4,8
11648,"clifford algebras",2,8
11649,"inflection point",2,8
11650,"genetic algorithms",2,8
11651,"path loss",2,8
11652,"outage capacity",2,8
11653,"dependent transmission",2,8
11654,"linearly ordered",2,8
11655,"distribution sed",2,8
11656,"time dilation",2,8
11657,"operational semantics",2,8
11658,"edge colored",2,8
11659,"normally distributed",2,8
11660,"cellular processes",2,8
11661,"scientific literature",2,8
11662,"lempel ziv",2,8
11663,"inference rules",2,8
11664,"transmit antenna",2,8
11665,"user interfaces",2,8
11666,"wiener process",2,8
11667,"fixed period",2,8
11668,"nearest integer",2,8
11669,"powerful radio galaxies",3,8
11670,"common proper motion",3,8
11671,"mhd equations",2,8
11672,"target galaxies",2,8
11673,"galactic center gc",3,8
11674,"naturally explains",2,8
11675,"mean free energy",3,8
11676,"young stellar objects",3,8
11677,"optical flares",2,8
11678,"stable isotopes",2,8
11679,"total energy density",3,8
11680,"comprehensive understanding",2,8
11681,"kinematic variables",2,8
11682,"standard bbn",2,8
11683,"fossil groups",2,8
11684,"medium ism",2,8
11685,"co existing",2,8
11686,"old ages",2,8
11687,"radial gradients",2,8
11688,"sharp peaks",2,8
11689,"extreme conditions",2,8
11690,"gzk cutoff",2,8
11691,"obscured agns",2,8
11692,"primary star formation",3,8
11693,"collecting data",2,8
11694,"observational tests",2,8
11695,"warm molecular",2,8
11696,"matched filtering",2,8
11697,"electromagnetic waves propagating",3,8
11698,"dark count",2,8
11699,"outer planet",2,8
11700,"line diagnostics",2,8
11701,"isotropic universe",2,8
11702,"oscillation peak",2,8
11703,"hierarchical clustering",2,8
11704,"mapping studies",2,8
11705,"residual noise",2,8
11706,"generalized uncertainty principle gup",4,8
11707,"lisa data",2,8
11708,"non spinning",2,8
11709,"metric tensor theories",3,8
11710,"discrete math",2,8
11711,"abelian gauge theory",3,8
11712,"continuum photons",2,8
11713,"flavor violating",2,8
11714,"kk modes",2,8
11715,"stress fluctuations",2,8
11716,"translation invariance",2,8
11717,"infrared regularization",2,8
11718,"light neutralinos",2,8
11719,"infrared singularities",2,8
11720,"inclusive electron",2,8
11721,"ckm matrix element",3,8
11722,"upsilon 1s",2,8
11723,"slow roll",2,8
11724,"radiative decay widths",3,8
11725,"least two types",3,8
11726,"mb gev",2,8
11727,"cosmological studies",2,8
11728,"reasonable parameter",2,8
11729,"contact interaction strength",3,8
11730,"clear distinction",2,8
11731,"half integral",2,8
11732,"too heavy",2,8
11733,"minimal flavor violation",3,8
11734,"neutral current fcnc",3,8
11735,"su yang mills theories",4,8
11736,"reflection coefficients",2,8
11737,"basic ingredients",2,8
11738,"invariant mass range",3,8
11739,"gev per nucleon",3,8
11740,"path integral representation",3,8
11741,"di photon",2,8
11742,"lepton nucleon",2,8
11743,"hybrid inflation",2,8
11744,"generalized hypergeometric functions",3,8
11745,"dipole formalism",2,8
11746,"exotic phases",2,8
11747,"instanton corrections",2,8
11748,"inverse powers",2,8
11749,"eleven dimensional",2,8
11750,"grows like",2,8
11751,"qcd vacuum energy",3,8
11752,"translation invariant under",3,8
11753,"bps spectrum",2,8
11754,"s1 z2 orbifold",3,8
11755,"abelian gauge theories",3,8
11756,"theory duals",2,8
11757,"muon spin",2,8
11758,"ma gev",2,8
11759,"ks pi pi0",3,8
11760,"invariant mass distributions",3,8
11761,"eta meson production",3,8
11762,"debye screening",2,8
11763,"improved wilson quarks",3,8
11764,"wave vector mesons",3,8
11765,"fermion determinant",2,8
11766,"infinite variance",2,8
11767,"grows rapidly",2,8
11768,"young diagrams",2,8
11769,"superspace formulation",2,8
11770,"domains separated",2,8
11771,"massive vector fields",3,8
11772,"unequal parameters",2,8
11773,"chiral superfield",2,8
11774,"supergravity approximation",2,8
11775,"companion galaxies",2,8
11776,"frenet torsion",2,8
11777,"mixing length",2,8
11778,"extended emission line",3,8
11779,"nu ev",2,8
11780,"diffuse gamma rays",3,8
11781,"core plus",2,8
11782,"starless cores",2,8
11783,"cosmic string loops",3,8
11784,"high energy gap",3,8
11785,"cosmic microwave background cmb anisotropies",5,8
11786,"averaging procedure",2,8
11787,"nearly uniform",2,8
11788,"explosion mechanism",2,8
11789,"spectral energy distribution sed",4,8
11790,"statistically consistent",2,8
11791,"rotation period",2,8
11792,"pulsation models",2,8
11793,"bow shock",2,8
11794,"accretion powered",2,8
11795,"current sheets",2,8
11796,"infrared camera",2,8
11797,"collisional processes",2,8
11798,"convective envelope",2,8
11799,"sub critical",2,8
11800,"science goals",2,8
11801,"formation channels",2,8
11802,"term variations",2,8
11803,"bag model",2,8
11804,"giant elliptical",2,8
11805,"prediction accuracy",2,8
11806,"sound horizon",2,8
11807,"colors consistent",2,8
11808,"swiss cheese",2,8
11809,"si ii",2,8
11810,"normal sne",2,8
11811,"lambda aa",2,8
11812,"slab geometry",2,8
11813,"mjy sr",2,8
11814,"quantitative version",2,8
11815,"merger remnant",2,8
11816,"wolf rayet wr",3,8
11817,"manifest itself",2,8
11818,"near unity",2,8
11819,"second epoch",2,8
11820,"extragalactic magnetic field",3,8
11821,"long tail",2,8
11822,"modelling assumptions",2,8
11823,"rapidly oscillating",2,8
11824,"slip boundary conditions",3,8
11825,"keck hires",2,8
11826,"fredholm determinant",2,8
11827,"algebraic bethe ansatz",3,8
11828,"hodge structures",2,8
11829,"modular double",2,8
11830,"self adjoint extensions",3,8
11831,"highest weight modules",3,8
11832,"thermodynamic observables",2,8
11833,"boltzmann gibbs entropy",3,8
11834,"fe cr",2,8
11835,"magneto optic",2,8
11836,"fluctuation relation",2,8
11837,"phonon dispersion",2,8
11838,"precise mathematical",2,8
11839,"time reversal symmetry breaking",4,8
11840,"individual pulses",2,8
11841,"magnetization orientation",2,8
11842,"poisson boltzmann",2,8
11843,"lattice mismatch",2,8
11844,"dielectric relaxation",2,8
11845,"molecule magnet",2,8
11846,"molecular magnets",2,8
11847,"ioffe pritchard",2,8
11848,"single electron transport properties",4,8
11849,"insulating regions",2,8
11850,"relative intensities",2,8
11851,"electron hopping",2,8
11852,"electron phonon scattering",3,8
11853,"concentration profiles",2,8
11854,"finite dimensional 1d",3,8
11855,"surface melting",2,8
11856,"vacuum interface",2,8
11857,"glass forming",2,8
11858,"ensemble averaged",2,8
11859,"vertex corrections",2,8
11860,"resistance oscillations",2,8
11861,"sign reversal",2,8
11862,"single walled",2,8
11863,"carbon nanotubes cnts",3,8
11864,"majorana fermions",2,8
11865,"crystalline material",2,8
11866,"barabasi albert network",3,8
11867,"band gaps",2,8
11868,"von karman",2,8
11869,"fermi sea",2,8
11870,"external input",2,8
11871,"barrier distribution",2,8
11872,"induced ferromagnetism",2,8
11873,"driven diffusive",2,8
11874,"graphene sheets",2,8
11875,"optimal transportation",2,8
11876,"pulsed laser deposition",3,8
11877,"non integrable systems",3,8
11878,"quantum brownian motion",3,8
11879,"quantum dot qd",3,8
11880,"linear functionals",2,8
11881,"infrared fixed point",3,8
11882,"sample thickness",2,8
11883,"diffusion limited",2,8
11884,"bending rigidity",2,8
11885,"lattice distortions",2,8
11886,"real materials",2,8
11887,"chaotic regions",2,8
11888,"agree quantitatively",2,8
11889,"subspace spanned",2,8
11890,"random walkers",2,8
11891,"after removal",2,8
11892,"resonance esr",2,8
11893,"measurement schemes",2,8
11894,"boussinesq equations",2,8
11895,"completely determines",2,8
11896,"scaling property",2,8
11897,"sample paths",2,8
11898,"random permutation",2,8
11899,"prym varieties",2,8
11900,"bianchi identity",2,8
11901,"straight forward",2,8
11902,"compact lie groups",3,8
11903,"jacobian matrix",2,8
11904,"dans un",2,8
11905,"unital simple",2,8
11906,"brill noether",2,8
11907,"polar coordinates",2,8
11908,"volume preserving diffeomorphisms",3,8
11909,"geometrically induced",2,8
11910,"ehrhart polynomials",2,8
11911,"modular form",2,8
11912,"hamilton jacobi equation",3,8
11913,"distortion function",2,8
11914,"strong lefschetz property",3,8
11915,"shimura varieties",2,8
11916,"twisted affine",2,8
11917,"semisimple lie algebras",3,8
11918,"conditional independence",2,8
11919,"partial omega",2,8
11920,"birth death processes",3,8
11921,"dehn twists",2,8
11922,"holomorphic self",2,8
11923,"unstable manifolds",2,8
11924,"two dimensional navier stokes equations",5,8
11925,"principal ideal",2,8
11926,"torsion theories",2,8
11927,"operators affiliated",2,8
11928,"following topics",2,8
11929,"full subcategories",2,8
11930,"rank tests",2,8
11931,"constrained optimization problem",3,8
11932,"classifying spaces",2,8
11933,"empirical risk",2,8
11934,"regular tree",2,8
11935,"integral functionals",2,8
11936,"stochastic integral",2,8
11937,"asymptotic expressions",2,8
11938,"schrodinger operator",2,8
11939,"cahn hilliard equation",3,8
11940,"momentum conservation laws",3,8
11941,"transaction costs",2,8
11942,"linear regression",2,8
11943,"non ergodic",2,8
11944,"verma modules",2,8
11945,"stein manifold",2,8
11946,"cdma systems",2,8
11947,"convex subsets",2,8
11948,"relativistic mean field theory",4,8
11949,"faddeev equations",2,8
11950,"rank tensors",2,8
11951,"coefficient beta",2,8
11952,"day technology",2,8
11953,"zeeman energy",2,8
11954,"lhcb detector",2,8
11955,"induced drift",2,8
11956,"human brain",2,8
11957,"single ion trap",3,8
11958,"room temperature dependent",3,8
11959,"vertex detector",2,8
11960,"literature concerning",2,8
11961,"modulation schemes",2,8
11962,"remain constant",2,8
11963,"dielectric circular",2,8
11964,"forbidden transitions",2,8
11965,"negative refractive index",3,8
11966,"plebanski gravity",2,8
11967,"collider operating",2,8
11968,"relativistic heavy quarks",3,8
11969,"nuclear modification factor",3,8
11970,"omega eta",2,8
11971,"transfer rate",2,8
11972,"mutual interactions",2,8
11973,"weakly bound state",3,8
11974,"basic building",2,8
11975,"strongly supports",2,8
11976,"local hidden variables",3,8
11977,"unitary operation",2,8
11978,"four kinds",2,8
11979,"dilaton field theory",3,8
11980,"bethe lattice",2,8
11981,"properly chosen",2,8
11982,"nambu jona lasinio njl",4,8
11983,"higgs field theory",3,8
11984,"linearized einstein",2,8
11985,"space time varying",3,8
11986,"brane world volume",3,8
11987,"neutral gauge",2,8
11988,"jaynes cummings",2,8
11989,"dyson schwinger",2,8
11990,"effective potential applications",3,8
11991,"non abelian gauge fields",4,8
11992,"gap opens",2,8
11993,"bubble collisions",2,8
11994,"spatial derivative",2,8
11995,"raifeartaigh model",2,8
11996,"hard rods",2,8
11997,"multiple output",2,8
11998,"packet transmission",2,8
11999,"speech recognition",2,8
12000,"sharp threshold",2,8
12001,"silicon surfaces",2,8
12002,"secret key",2,8
12003,"spread spectrum",2,8
12004,"projected radii",2,8
12005,"secular evolution",2,8
12006,"elliptical galaxy ngc",3,8
12007,"emitting galaxies",2,8
12008,"sub grid",2,8
12009,"horizontal flows",2,8
12010,"exposure time",2,8
12011,"william herschel telescope",3,8
12012,"imaging atmospheric",2,8
12013,"spread function",2,8
12014,"dwarf binaries",2,8
12015,"discs around",2,8
12016,"sensitive probes",2,8
12017,"astrophysical plasmas",2,8
12018,"well matched",2,8
12019,"prolate shape",2,8
12020,"galactic disk galaxies",3,8
12021,"timing explorer",2,8
12022,"direct kinematics",2,8
12023,"omega centauri",2,8
12024,"mach number",2,8
12025,"supernova ejecta",2,8
12026,"extrasolar planet",2,8
12027,"photospheric abundances",2,8
12028,"drops below",2,8
12029,"co concentration",2,8
12030,"ifu spectroscopy",2,8
12031,"objects ysos",2,8
12032,"reduced dimensionality",2,8
12033,"extended hi",2,8
12034,"metal abundance ratio",3,8
12035,"reduction procedures",2,8
12036,"variable theories",2,8
12037,"quasar population",2,8
12038,"strong cp",2,8
12039,"amplitude ratios",2,8
12040,"nearby isolated",2,8
12041,"european southern observatory",3,8
12042,"broad maximum",2,8
12043,"mode locked",2,8
12044,"international community",2,8
12045,"spiral pattern",2,8
12046,"galactic nuclei agns",3,8
12047,"harmonic maps",2,8
12048,"beta cephei",2,8
12049,"thermal neutrons",2,8
12050,"stellar imf",2,8
12051,"projected sensitivity",2,8
12052,"large number densities",3,8
12053,"photons per",2,8
12054,"strong indications",2,8
12055,"stopping power",2,8
12056,"optical depths",2,8
12057,"integral formulae",2,8
12058,"cayley tree",2,8
12059,"self adjointness",2,8
12060,"high degree distribution",3,8
12061,"holomorphic sections",2,8
12062,"complete integrability",2,8
12063,"five classes",2,8
12064,"einstein gauss bonnet gravity",4,8
12065,"slightly perturbed",2,8
12066,"timelike vector",2,8
12067,"space time scale",3,8
12068,"wave interferometry",2,8
12069,"two concentric",2,8
12070,"non zero mode",3,8
12071,"energy density matrix",3,8
12072,"superconducting electrodes",2,8
12073,"sol gel",2,8
12074,"cu sites",2,8
12075,"spin hall",2,8
12076,"lieb liniger model",3,8
12077,"van hove singularity",3,8
12078,"antiferromagnetic af",2,8
12079,"thermal resistance",2,8
12080,"double barrier",2,8
12081,"systems exhibiting",2,8
12082,"vortex matter",2,8
12083,"dynamically broken",2,8
12084,"point contact qpc",3,8
12085,"particle irreducible",2,8
12086,"spin polarized electrons",3,8
12087,"granular gases",2,8
12088,"curie weiss",2,8
12089,"absorbing state",2,8
12090,"community structures",2,8
12091,"probability density fluctuations",3,8
12092,"incommensurate antiferromagnetic",2,8
12093,"bardeen cooper schrieffer",3,8
12094,"molecular junction",2,8
12095,"orbital magnetism",2,8
12096,"thermoelectric power",2,8
12097,"torque measurements",2,8
12098,"single ion anisotropy",3,8
12099,"charge injection",2,8
12100,"moderate densities",2,8
12101,"direct relevance",2,8
12102,"analytical approximations",2,8
12103,"range attraction",2,8
12104,"plane resistivity",2,8
12105,"interval delta",2,8
12106,"forbidden patterns",2,8
12107,"radiation damage",2,8
12108,"liquid gas phase transition",4,8
12109,"collaboration network",2,8
12110,"full counting",2,8
12111,"pr 1-x",2,8
12112,"subleading corrections",2,8
12113,"si substrates",2,8
12114,"bright solitons",2,8
12115,"fibonacci numbers",2,8
12116,"twenty three",2,8
12117,"right angled artin groups",4,8
12118,"camassa holm equation",3,8
12119,"principal bundle over",3,8
12120,"hilbert modular forms",3,8
12121,"equiv pmod",2,8
12122,"gl infty",2,8
12123,"exotic smooth",2,8
12124,"stable homotopy",2,8
12125,"jacobian conjecture",2,8
12126,"de lie",2,8
12127,"commuting elements",2,8
12128,"necessarily bounded",2,8
12129,"composite materials",2,8
12130,"algebraically closed form",3,8
12131,"normed spaces",2,8
12132,"cayley graph",2,8
12133,"exponential decay rate",3,8
12134,"stylized facts",2,8
12135,"unbiased estimator",2,8
12136,"training set",2,8
12137,"semistable sheaves",2,8
12138,"volume filling",2,8
12139,"two level sets",3,8
12140,"quantum nonlocality",2,8
12141,"scheme offers",2,8
12142,"resonating valence bond",3,8
12143,"quantum error probability",3,8
12144,"su xu",2,8
12145,"antiquark potential",2,8
12146,"pseudoscalar higgs bosons",3,8
12147,"mathematica package",2,8
12148,"diffractive production",2,8
12149,"smoking gun",2,8
12150,"parameters involved",2,8
12151,"ell bar nu",3,8
12152,"fine tuning problems",3,8
12153,"state university",2,8
12154,"minimal flavour",2,8
12155,"atmospheric muon",2,8
12156,"vector meson decays",3,8
12157,"discovering new",2,8
12158,"box diagrams",2,8
12159,"exact susy",2,8
12160,"near threshold enhancement",3,8
12161,"neutrino mass matrices",3,8
12162,"majorana mass",2,8
12163,"model independent extraction",3,8
12164,"flight tof",2,8
12165,"direct cp asymmetries",3,8
12166,"partial widths",2,8
12167,"isospin violation",2,8
12168,"sea quarks",2,8
12169,"two flavours",2,8
12170,"spin isospin",2,8
12171,"physical relevance",2,8
12172,"milc configurations",2,8
12173,"complex ginzburg landau",3,8
12174,"third dimension",2,8
12175,"mixed phase space",3,8
12176,"whole network",2,8
12177,"pion decay constant",3,8
12178,"continuum discretized",2,8
12179,"force constants",2,8
12180,"lipid membranes",2,8
12181,"oscillation pattern",2,8
12182,"mems devices",2,8
12183,"cold neutron",2,8
12184,"experimental validation",2,8
12185,"third law",2,8
12186,"particle green function",3,8
12187,"turbulent diffusion",2,8
12188,"metal film",2,8
12189,"goes back",2,8
12190,"slip length",2,8
12191,"transverse momentum distribution",3,8
12192,"strongly correlated electron systems",4,8
12193,"raman transitions",2,8
12194,"unexpected feature",2,8
12195,"regulatory network",2,8
12196,"lowest landau",2,8
12197,"approaches zero temperature",3,8
12198,"matching procedure",2,8
12199,"power grid",2,8
12200,"wall boundary conditions",3,8
12201,"regular orbits",2,8
12202,"companion star hd",3,8
12203,"schubert varieties",2,8
12204,"ccd images",2,8
12205,"priori unknown",2,8
12206,"nonequilibrium steady",2,8
12207,"incomplete information",2,8
12208,"becomes apparent",2,8
12209,"web page",2,8
12210,"global anisotropy",2,8
12211,"egret sources",2,8
12212,"mid infrared luminosity",3,8
12213,"fourth power",2,8
12214,"central parts",2,8
12215,"invisibility cloak",2,8
12216,"su multiplets",2,8
12217,"remain finite",2,8
12218,"language processing",2,8
12219,"geometric picture",2,8
12220,"lippmann schwinger equation",3,8
12221,"least sensitive",2,8
12222,"covering factor",2,8
12223,"fine structures",2,8
12224,"lipschitz continuous",2,8
12225,"untwisted case",2,8
12226,"co rotational",2,8
12227,"prime factors",2,8
12228,"instrument noise",2,8
12229,"gauge choices",2,8
12230,"clean limit",2,8
12231,"mac layer",2,8
12232,"negative correlation",2,8
12233,"superfield approach",2,8
12234,"spontaneous magnetization",2,8
12235,"double scaling limit",3,8
12236,"bi lipschitz",2,8
12237,"kirillov reshetikhin",2,8
12238,"deformed special",2,8
12239,"longer periods",2,8
12240,"channel maps",2,8
12241,"bilayer graphene layers",3,8
12242,"diffuse interstellar medium",3,8
12243,"convex optimization",2,8
12244,"optical cavity mode",3,8
12245,"social systems",2,8
12246,"holomorphy conditions",2,8
12247,"geant4 toolkit",2,8
12248,"computational intelligence",2,8
12249,"path lengths",2,8
12250,"d0 mixing",2,8
12251,"small ball",2,8
12252,"marginally trapped surfaces",3,8
12253,"semi algebraic",2,8
12254,"jordan algebra",2,8
12255,"inclusive jet",2,8
12256,"convective instability",2,8
12257,"galactic wind",2,8
12258,"finite index theorem",3,8
12259,"threshold resummation",2,8
12260,"flatness problems",2,8
12261,"doubly charged",2,8
12262,"tongue placed tactile biofeedback",4,8
12263,"rr lyrae",2,8
12264,"satisfactory explanation",2,8
12265,"hyperbolic knot",2,8
12266,"semantic web",2,8
12267,"exactly solvable potentials",3,8
12268,"mach zehnder",2,8
12269,"originally derived",2,8
12270,"eigenvalue distributions",2,8
12271,"uv optical photometry",3,8
12272,"color glass condensate cgc",4,8
12273,"dimensional electron systems",3,8
12274,"posterior distribution",2,8
12275,"normalized unit",2,8
12276,"laterally coupled",2,8
12277,"coleman weinberg potential",3,8
12278,"flag varieties",2,8
12279,"eccentric orbit",2,8
12280,"melting temperature",2,8
12281,"partially suppressed",2,8
12282,"perfect transmission",2,8
12283,"solar masses per",3,8
12284,"planar gluon",2,8
12285,"significant deviation",2,8
12286,"neutral higgs bosons",3,8
12287,"lorentz factors",2,8
12288,"dynamic susceptibility",2,8
12289,"linear programs",2,8
12290,"deformed version",2,8
12291,"ramsey number",2,8
12292,"careful treatment",2,8
12293,"write up",2,8
12294,"coherently driven",2,8
12295,"magnitude diagram",2,8
12296,"hd 189733b",2,8
12297,"intriligator seiberg",2,8
12298,"pure gaussian",2,8
12299,"bb pairs",2,8
12300,"factoring algorithm",2,8
12301,"laboratory frame",2,8
12302,"silicate grains",2,8
12303,"electro magnetic",2,8
12304,"surface detector array",3,8
12305,"nonlinear optical response",3,8
12306,"junction conditions",2,8
12307,"optimal portfolio",2,8
12308,"charge assignments",2,8
12309,"heavy quark mass",3,8
12310,"multipole moments",2,8
12311,"temporal patterns",2,8
12312,"schwarzschild black hole entropy",4,8
12313,"conformally coupled",2,8
12314,"stark shift",2,8
12315,"single spike",2,8
12316,"cyclotomic polynomials",2,8
12317,"pulse sequence",2,8
12318,"approx mev",2,8
12319,"functional forms",2,8
12320,"sub solar",2,8
12321,"flux limited",2,8
12322,"operator ideals",2,8
12323,"evolving galaxies",2,8
12324,"nuclear recoil",2,8
12325,"till now",2,8
12326,"qcd sum",2,8
12327,"rare decay",2,8
12328,"nonparametric estimators",2,8
12329,"su nc",2,8
12330,"constraint satisfaction",2,8
12331,"positive integer coefficients",3,8
12332,"knot floer",2,8
12333,"enestrom index",2,8
12334,"coronagraphic observations",2,8
12335,"secondary particles",2,8
12336,"1-loop order",2,8
12337,"xi eta",2,8
12338,"ro vibrational",2,8
12339,"formal verification",2,8
12340,"traffic conditions",2,8
12341,"rx j1713.7-3946",2,8
12342,"silicon nanocrystals",2,8
12343,"axi symmetric",2,8
12344,"michelson interferometer",2,8
12345,"red wing",2,8
12346,"relativistic outflow",2,8
12347,"bi2sr2cacu2o delta",2,8
12348,"msbar scheme",2,8
12349,"invariant mass distribution",3,8
12350,"delocalized electrons",2,8
12351,"stationary increments",2,8
12352,"active sites",2,8
12353,"varied over",2,8
12354,"fourier components",2,8
12355,"jefferson laboratory",2,8
12356,"decreases slightly",2,8
12357,"force chains",2,8
12358,"closest approach",2,8
12359,"ims medallion lecture local rademacher complexities",6,8
12360,"risk minimization",2,8
12361,"reflection spectroscopy",2,8
12362,"william kruskal legacy",3,8
12363,"negative differential resistance",3,7
12364,"singleton bound",2,7
12365,"perfect lens",2,7
12366,"double slit interference pattern",4,7
12367,"parallel computers",2,7
12368,"standard deviation principle",3,7
12369,"jacobi identity",2,7
12370,"de finetti theorem",3,7
12371,"relative efficiencies",2,7
12372,"scalable quantum gates",3,7
12373,"probability measure preserving",3,7
12374,"earlier conclusions",2,7
12375,"variable entanglement",2,7
12376,"average entanglement",2,7
12377,"efficiently simulated",2,7
12378,"hilbert modular",2,7
12379,"entanglement purification",2,7
12380,"quantum register",2,7
12381,"inhomogeneous broadening",2,7
12382,"linear electrodynamics",2,7
12383,"purification protocols",2,7
12384,"superluminal propagation",2,7
12385,"deformed heisenberg",2,7
12386,"quantum computers",2,7
12387,"square roots",2,7
12388,"unique invariant under",3,7
12389,"analytical forms",2,7
12390,"screened coulomb interaction",3,7
12391,"information theoretic framework",3,7
12392,"bayesian network",2,7
12393,"massless dirac equation",3,7
12394,"mechanical analog",2,7
12395,"generalized pauli operators",3,7
12396,"art theoretical",2,7
12397,"physically acceptable",2,7
12398,"balanced homodyne",2,7
12399,"massive bodies",2,7
12400,"cascade laser",2,7
12401,"biochemical reaction networks",3,7
12402,"purely stochastic",2,7
12403,"transitive closure",2,7
12404,"discrete time series",3,7
12405,"well conditioned",2,7
12406,"predator prey model",3,7
12407,"nature bf",2,7
12408,"confirm earlier",2,7
12409,"asymptotic stability analysis",3,7
12410,"structured population",2,7
12411,"spike train",2,7
12412,"feedback loops",2,7
12413,"signaling over",2,7
12414,"membrane proteins",2,7
12415,"boolean logic",2,7
12416,"liouville problem",2,7
12417,"off diagonal entries",3,7
12418,"geometric argument",2,7
12419,"atiyah singer index theorem",4,7
12420,"quantifier elimination",2,7
12421,"braided hopf algebras",3,7
12422,"overdetermined systems",2,7
12423,"internal space time",3,7
12424,"spectra alone",2,7
12425,"arbitrarily strong",2,7
12426,"abelian differentials",2,7
12427,"rigorous treatment",2,7
12428,"superintegrable systems",2,7
12429,"bifurcation occurs",2,7
12430,"neumann laplacian",2,7
12431,"typed lambda calculus",3,7
12432,"secrecy capacity",2,7
12433,"shared memory",2,7
12434,"public key",2,7
12435,"cooperative diversity",2,7
12436,"channel gains",2,7
12437,"logarithm problem",2,7
12438,"high snr",2,7
12439,"maximum rank",2,7
12440,"constraint programming",2,7
12441,"actual number",2,7
12442,"infinite word",2,7
12443,"relational data set",3,7
12444,"evolutionary computation",2,7
12445,"transmit power allocation",3,7
12446,"time pad",2,7
12447,"test facility",2,7
12448,"indirectly through",2,7
12449,"clique width",2,7
12450,"computer programming",2,7
12451,"assembly history",2,7
12452,"cosmic ray cr",3,7
12453,"strong mgii systems",3,7
12454,"spectral energy levels",3,7
12455,"magnetorotational instability mri",3,7
12456,"elliptical orbits",2,7
12457,"going back",2,7
12458,"marginally consistent",2,7
12459,"essence supernova",2,7
12460,"galaxies lbgs",2,7
12461,"longer wavelength",2,7
12462,"coleman weinberg",2,7
12463,"tangential velocities",2,7
12464,"photometrically selected",2,7
12465,"strong toroidal magnetic field",4,7
12466,"plasma sheath",2,7
12467,"comet 9p tempel",3,7
12468,"hst wfpc2",2,7
12469,"strongly absorbed",2,7
12470,"nearby spiral galaxy",3,7
12471,"covering fraction",2,7
12472,"next year",2,7
12473,"chemical stratification",2,7
12474,"leading order parameter space",4,7
12475,"cmb dipole",2,7
12476,"points toward",2,7
12477,"probe wmap three",3,7
12478,"year wilkinson microwave anisotropy",4,7
12479,"wind geometry",2,7
12480,"conditional distribution function",3,7
12481,"beta pic",2,7
12482,"relative strengths",2,7
12483,"merger induced",2,7
12484,"warm molecular gas",3,7
12485,"ab mag",2,7
12486,"schmidt telescope",2,7
12487,"dark matter halo mass distribution",5,7
12488,"year wmap",2,7
12489,"spectroscopic data set",3,7
12490,"ionization correction",2,7
12491,"fitting techniques",2,7
12492,"gyr old ages",3,7
12493,"color magnitude diagram cmd",4,7
12494,"internal hydrogen",2,7
12495,"deep hst images",3,7
12496,"dust obscuration",2,7
12497,"strong lensing effect",3,7
12498,"thorough understanding",2,7
12499,"na mg al",3,7
12500,"heliospheric observatory",2,7
12501,"fe kalpha",2,7
12502,"low inclination",2,7
12503,"spheroidal galaxies",2,7
12504,"agn activity",2,7
12505,"goods north",2,7
12506,"horizontal branches",2,7
12507,"partially ionised",2,7
12508,"millennium galaxy",2,7
12509,"volume limited samples",3,7
12510,"bulk lorentz",2,7
12511,"single dish observations",3,7
12512,"magnetic chemically peculiar",3,7
12513,"large discrepancies",2,7
12514,"temporal coherence",2,7
12515,"timing noise",2,7
12516,"least two components",3,7
12517,"positron pair",2,7
12518,"differs substantially",2,7
12519,"inner engine",2,7
12520,"beta pictoris",2,7
12521,"muon component",2,7
12522,"intermediate mass accretion",3,7
12523,"color indices",2,7
12524,"spiral modes",2,7
12525,"everywhere except",2,7
12526,"long delays",2,7
12527,"extreme adaptive optics",3,7
12528,"agb star",2,7
12529,"magnetized neutron stars",3,7
12530,"kitt peak",2,7
12531,"polarization maps",2,7
12532,"group dwarf",2,7
12533,"rotation powered",2,7
12534,"electron proton collisions",3,7
12535,"gran sasso",2,7
12536,"total exposure",2,7
12537,"positive side",2,7
12538,"astronomical community",2,7
12539,"array camera",2,7
12540,"spectral fitting",2,7
12541,"zenith angles",2,7
12542,"planned neutrino interactions",3,7
12543,"key generation",2,7
12544,"accretion shock",2,7
12545,"abundance determination",2,7
12546,"recombination lines",2,7
12547,"host galaxy ngc",3,7
12548,"surface brightness distribution",3,7
12549,"inward migration",2,7
12550,"roles played",2,7
12551,"coronal magnetic",2,7
12552,"earlier epochs",2,7
12553,"later stage",2,7
12554,"halo profile",2,7
12555,"mass ejection",2,7
12556,"dark side",2,7
12557,"meridional flow",2,7
12558,"cosmic epochs",2,7
12559,"nucleosynthesis calculations",2,7
12560,"core collapse supernovae sne",4,7
12561,"gravitationally lensed images",3,7
12562,"planets around evolved stars",4,7
12563,"fiducial model",2,7
12564,"cepheid distance",2,7
12565,"radio supernovae",2,7
12566,"matter ejected",2,7
12567,"brightness fluctuations",2,7
12568,"imaging spectrograph",2,7
12569,"positively correlated",2,7
12570,"relativistic speeds",2,7
12571,"medium resolution spectroscopy",3,7
12572,"thermonuclear supernovae",2,7
12573,"prandtl numbers",2,7
12574,"telescopes iacts",2,7
12575,"current density profiles",3,7
12576,"weak axial",2,7
12577,"thick disks",2,7
12578,"ultra high redshift",3,7
12579,"cosmic expansion history",3,7
12580,"hi masses",2,7
12581,"nebulae pne",2,7
12582,"board swift xrt",3,7
12583,"compton ssc",2,7
12584,"spectroscopic binary system",3,7
12585,"vhe gamma rays",3,7
12586,"sne ia",2,7
12587,"magnitude diagrams",2,7
12588,"zel dovich",2,7
12589,"desorption processes",2,7
12590,"scale free energy",3,7
12591,"self organized criticality soc",4,7
12592,"radio telescopes",2,7
12593,"low mass loss rates",4,7
12594,"outstanding problems",2,7
12595,"streaming instability",2,7
12596,"two component plasmas",3,7
12597,"cool down",2,7
12598,"correlate well",2,7
12599,"heliocentric distance",2,7
12600,"faraday rotation measures",3,7
12601,"extragalactic radio sources",3,7
12602,"error bars",2,7
12603,"tw hydrae association",3,7
12604,"young stellar populations",3,7
12605,"forbidden line",2,7
12606,"mag fainter",2,7
12607,"tidal dwarf",2,7
12608,"non detections",2,7
12609,"nearby face",2,7
12610,"velocity dispersion profiles",3,7
12611,"hubble law",2,7
12612,"w0 wa",2,7
12613,"gas rich galaxies",3,7
12614,"cosmological horizons",2,7
12615,"few hours",2,7
12616,"deep hst",2,7
12617,"hubble space telescope compact",4,7
12618,"pressure anisotropy",2,7
12619,"north west",2,7
12620,"period planets",2,7
12621,"color selection",2,7
12622,"methanol masers",2,7
12623,"non detection rates",3,7
12624,"mars global surveyor",3,7
12625,"broad line width",3,7
12626,"magneto rotational instability",3,7
12627,"overdense regions",2,7
12628,"subaru suprime cam",3,7
12629,"physics programme",2,7
12630,"briefly summarized",2,7
12631,"infrared extragalactic",2,7
12632,"chandra deep field",3,7
12633,"surveys acs",2,7
12634,"radio lobes",2,7
12635,"clumpy structures",2,7
12636,"correlation tracking",2,7
12637,"cutoff frequency",2,7
12638,"alfv en waves",3,7
12639,"lyman break galaxies lbgs",4,7
12640,"local group dwarf galaxy",4,7
12641,"telescope hst",2,7
12642,"eddington limit",2,7
12643,"latest version",2,7
12644,"planetesimal formation",2,7
12645,"intense research",2,7
12646,"structure formation process",3,7
12647,"active neutrinos",2,7
12648,"dusty disks",2,7
12649,"stellar population synthesis",3,7
12650,"reionization history",2,7
12651,"dynamic fibrils",2,7
12652,"black hole growth",3,7
12653,"light emitting",2,7
12654,"quasi simultaneous",2,7
12655,"near infrared colours",3,7
12656,"sco x-1",2,7
12657,"cluster virial",2,7
12658,"calibration procedure",2,7
12659,"gaseous components",2,7
12660,"strongly biased",2,7
12661,"disk wind",2,7
12662,"magnetohydrodynamics mhd simulations",3,7
12663,"instrumental noise",2,7
12664,"sfr msun",2,7
12665,"international survey",2,7
12666,"spitzer mips micron",3,7
12667,"direct sums",2,7
12668,"cc bar",2,7
12669,"complex projective plane curves",4,7
12670,"von mises",2,7
12671,"tr rho",2,7
12672,"turning points",2,7
12673,"permutation statistics",2,7
12674,"detrimental effect",2,7
12675,"integer coordinates",2,7
12676,"enveloping algebras",2,7
12677,"properly scaled",2,7
12678,"yau manifolds",2,7
12679,"dyck paths",2,7
12680,"ramanujan type",2,7
12681,"regularly spaced",2,7
12682,"space time blow up",4,7
12683,"commutative monoid",2,7
12684,"li lj",2,7
12685,"chen ruan",2,7
12686,"quasi projective",2,7
12687,"quasiconformal mappings",2,7
12688,"schwarz lemma",2,7
12689,"lie algebroid",2,7
12690,"second objective",2,7
12691,"riemann roch",2,7
12692,"delay differential equation",3,7
12693,"drinfeld modules over",3,7
12694,"contact 3-manifold",2,7
12695,"weaker assumptions",2,7
12696,"symmetric convex bodies",3,7
12697,"reidemeister moves",2,7
12698,"bernstein type",2,7
12699,"mckay correspondence",2,7
12700,"chebyshev polynomials",2,7
12701,"3d navier stokes equations",4,7
12702,"hyperelliptic locus",2,7
12703,"nonequilibrium statistical mechanics",3,7
12704,"math gen",2,7
12705,"sandpile model",2,7
12706,"sobolev regularity",2,7
12707,"sphere sn",2,7
12708,"order parameter family",3,7
12709,"shorter proof",2,7
12710,"stochastic control",2,7
12711,"real hypersurfaces",2,7
12712,"holomorphic mappings",2,7
12713,"group fn",2,7
12714,"motivic cohomology",2,7
12715,"unstable periodic",2,7
12716,"globally hyperbolic",2,7
12717,"orthogonality relations",2,7
12718,"self orthogonal",2,7
12719,"rapidly decreasing",2,7
12720,"witten theory",2,7
12721,"elliptic genus",2,7
12722,"resolved conifold",2,7
12723,"signaling networks",2,7
12724,"cell cycle",2,7
12725,"isoperimetric inequalities",2,7
12726,"geodesic rays",2,7
12727,"hodge numbers",2,7
12728,"transitive graphs",2,7
12729,"higher codimension",2,7
12730,"cauchy problems",2,7
12731,"cluster algebras",2,7
12732,"weil pairing",2,7
12733,"finsler metrics",2,7
12734,"multidimensional version",2,7
12735,"operator valued functions",3,7
12736,"symbolic computation",2,7
12737,"hodge structure",2,7
12738,"tamely ramified",2,7
12739,"proportionality constant",2,7
12740,"model independent identically distributed",4,7
12741,"cubic forms",2,7
12742,"necessarily lead",2,7
12743,"after proving",2,7
12744,"fano varieties",2,7
12745,"occupation distribution",2,7
12746,"bernoulli random walk",3,7
12747,"alternating sign matrices",3,7
12748,"tunnel number",2,7
12749,"asymptotic enumeration",2,7
12750,"discrete laplacian",2,7
12751,"largest eigenvalues",2,7
12752,"gamma phi3",2,7
12753,"crossing points",2,7
12754,"teichm uller",2,7
12755,"betti number",2,7
12756,"equations bsdes",2,7
12757,"group sn",2,7
12758,"monge ampere measure",3,7
12759,"isoperimetric constant",2,7
12760,"singular locus",2,7
12761,"numerical tools",2,7
12762,"differentiable function",2,7
12763,"logarithmic factor",2,7
12764,"purely algebraic structure",3,7
12765,"normal bundles",2,7
12766,"isotropy groups",2,7
12767,"zariski dense",2,7
12768,"tight closure",2,7
12769,"fibre bundles",2,7
12770,"loop quantum fluctuations",3,7
12771,"coalescing binary",2,7
12772,"centrifugal force",2,7
12773,"robertson walker",2,7
12774,"uniformly accelerated",2,7
12775,"waves emitted",2,7
12776,"gravitational radiation reaction",3,7
12777,"spatially homogeneous isotropic",3,7
12778,"heun equation",2,7
12779,"event horizon geometry",3,7
12780,"stationary axisymmetric",2,7
12781,"generated during inflation",3,7
12782,"accelerating phase",2,7
12783,"longer valid",2,7
12784,"iterative solutions",2,7
12785,"gregory laflamme instability",3,7
12786,"metric coefficients",2,7
12787,"post newtonian approximation",3,7
12788,"signal recycling",2,7
12789,"heuristic arguments",2,7
12790,"shear tensor",2,7
12791,"quasi normal mode",3,7
12792,"mesoscopic samples",2,7
12793,"nonlinear conductance",2,7
12794,"analog states",2,7
12795,"put forth",2,7
12796,"3d electrons",2,7
12797,"bragg scattering",2,7
12798,"read off",2,7
12799,"blue detuned",2,7
12800,"ybco films",2,7
12801,"non conserving",2,7
12802,"purely repulsive",2,7
12803,"gel like",2,7
12804,"subtle interplay",2,7
12805,"magnetically active",2,7
12806,"unusually large",2,7
12807,"impurity spins",2,7
12808,"linked cluster",2,7
12809,"spin polarized fermions",3,7
12810,"quantum dimer",2,7
12811,"quarter filling",2,7
12812,"air water interface",3,7
12813,"spatial dimensionality",2,7
12814,"logistic map",2,7
12815,"self consistent picture",3,7
12816,"random bond",2,7
12817,"dynamical heterogeneities",2,7
12818,"supersolid phase transition",3,7
12819,"spin relaxation time",3,7
12820,"restitution coefficient",2,7
12821,"argument against",2,7
12822,"orientation angles",2,7
12823,"lattice relaxation rate",3,7
12824,"walled metallic",2,7
12825,"charge imbalance",2,7
12826,"geometrical objects",2,7
12827,"damped harmonic oscillator",3,7
12828,"delayed feedback control",3,7
12829,"per node",2,7
12830,"effective mass gap",3,7
12831,"particle hole excitations",3,7
12832,"partial substitution",2,7
12833,"electronic structure formation",3,7
12834,"longest common",2,7
12835,"activated hopping",2,7
12836,"highly non local",3,7
12837,"external electric charge",3,7
12838,"ordered moment",2,7
12839,"orientational ordering",2,7
12840,"pseudogap state",2,7
12841,"highly ordered",2,7
12842,"charge density matrix renormalization group",5,7
12843,"volume fractions",2,7
12844,"oxygen isotope effect",3,7
12845,"orbital currents",2,7
12846,"uq sl2",2,7
12847,"temperley lieb algebras",3,7
12848,"systematic deviations",2,7
12849,"eg orbitals",2,7
12850,"muffin tin",2,7
12851,"contact networks",2,7
12852,"surface plasmon resonance",3,7
12853,"ultrathin films",2,7
12854,"narrow component",2,7
12855,"granular flows",2,7
12856,"synchronized state",2,7
12857,"finite size scaling limit",4,7
12858,"resistor networks",2,7
12859,"qualitatively reproduces",2,7
12860,"ultra slow",2,7
12861,"alkali metal",2,7
12862,"critical slowing",2,7
12863,"copper oxides",2,7
12864,"intercalated graphite",2,7
12865,"impurity bands",2,7
12866,"coil transition",2,7
12867,"magnetotransport properties",2,7
12868,"stochastic geometry",2,7
12869,"cyclic evolution",2,7
12870,"quantum antiferromagnets",2,7
12871,"resonant inelastic scattering",3,7
12872,"long time ago",3,7
12873,"numerical diagonalization",2,7
12874,"strong repulsive",2,7
12875,"two dimensional honeycomb",3,7
12876,"bending stiffness",2,7
12877,"bulk graphite",2,7
12878,"sequential tunneling",2,7
12879,"clearly distinguish",2,7
12880,"chiral edge states",3,7
12881,"atomic clouds",2,7
12882,"de broglie wavelength",3,7
12883,"nd sm",2,7
12884,"substantially higher",2,7
12885,"magnetic penetration depth",3,7
12886,"double perovskite",2,7
12887,"ultracold fermi gases",3,7
12888,"checkerboard lattice",2,7
12889,"experimental facts",2,7
12890,"antiferromagnetically coupled",2,7
12891,"mn spins",2,7
12892,"bi layer",2,7
12893,"weak ferromagnetism",2,7
12894,"brownian dynamics simulations",3,7
12895,"nuclear spin dynamics",3,7
12896,"impurity solver",2,7
12897,"symmetric nuclear",2,7
12898,"low reynolds number",3,7
12899,"dynamics simulations suggest",3,7
12900,"neutron diffraction data",3,7
12901,"universal scaling properties",3,7
12902,"single stranded dna",3,7
12903,"overdoped regime",2,7
12904,"staggered magnetic",2,7
12905,"thermal conductance",2,7
12906,"information theoretic approach",3,7
12907,"super poissonian",2,7
12908,"density functional theory dft",4,7
12909,"pt surface",2,7
12910,"oxygen atoms",2,7
12911,"spin glass transition",3,7
12912,"homogeneous nucleation",2,7
12913,"metal oxide",2,7
12914,"bcs type",2,7
12915,"spin relaxation rate",3,7
12916,"orthogonality catastrophe",2,7
12917,"fabry perot interferometer",3,7
12918,"damage spreading",2,7
12919,"organic semiconductor",2,7
12920,"la0.7sr0 3mno3",2,7
12921,"rewriting systems",2,7
12922,"pair correlation functions",3,7
12923,"local distinguishability",2,7
12924,"heavy fermion superconductor",3,7
12925,"central limit theorem clt",4,7
12926,"4th order",2,7
12927,"nanoscale junctions",2,7
12928,"fold symmetry",2,7
12929,"quantum interferences",2,7
12930,"levy flights",2,7
12931,"theta approx",2,7
12932,"auto correlation function",3,7
12933,"pump probe pulses",3,7
12934,"scanning tunnelling",2,7
12935,"single layered",2,7
12936,"mathieu equation",2,7
12937,"strain distribution",2,7
12938,"significant step",2,7
12939,"molecular wires",2,7
12940,"quantum critical exponents",3,7
12941,"discrete breathers",2,7
12942,"semiconductor nanowires",2,7
12943,"mechanisms involved",2,7
12944,"vapor deposition",2,7
12945,"disordered graphene",2,7
12946,"de gennes",2,7
12947,"nematic liquid crystals",3,7
12948,"approximate expressions",2,7
12949,"narrow channels",2,7
12950,"line segment",2,7
12951,"missing link",2,7
12952,"magnon excitations",2,7
12953,"electron hole pairs",3,7
12954,"tetragonal phase transitions",3,7
12955,"nonlinear ode",2,7
12956,"trapped bose gases",3,7
12957,"atomic ensembles",2,7
12958,"sizable fraction",2,7
12959,"voltage scaling",2,7
12960,"mgb2 thin films",3,7
12961,"max planck",2,7
12962,"event basis",2,7
12963,"azimuthal anisotropy",2,7
12964,"hadron species",2,7
12965,"elastic neutron scattering",3,7
12966,"brookhaven national",2,7
12967,"alternative explanations",2,7
12968,"back side",2,7
12969,"time projection chamber",3,7
12970,"transversely polarized",2,7
12971,"rhic run",2,7
12972,"participant nucleons",2,7
12973,"spectroscopic factors",2,7
12974,"strangeness content",2,7
12975,"target materials",2,7
12976,"halo nuclei",2,7
12977,"charmonium production",2,7
12978,"pion production cross sections",4,7
12979,"repulsive forces",2,7
12980,"unstable nuclei",2,7
12981,"breit frame",2,7
12982,"current density matrix",3,7
12983,"color transparency",2,7
12984,"realistic nn",2,7
12985,"inertia tensor",2,7
12986,"neutron excess",2,7
12987,"peripheral heavy ion collisions",4,7
12988,"hyperspherical harmonics",2,7
12989,"hadronic stage",2,7
12990,"bcs approximation",2,7
12991,"skyrme hartree fock",3,7
12992,"klein reduction",2,7
12993,"strong modifications",2,7
12994,"deeply bound",2,7
12995,"violation lfv",2,7
12996,"perturbative unitarity",2,7
12997,"standard model building",3,7
12998,"vacuum expectation",2,7
12999,"two pictures",2,7
13000,"bottom quark",2,7
13001,"quark soliton",2,7
13002,"core collapse supernova sn",4,7
13003,"kinematic cuts",2,7
13004,"non supersymmetric standard model mssm",5,7
13005,"njl model",2,7
13006,"astroparticle physics",2,7
13007,"becomes negligible",2,7
13008,"sm prediction",2,7
13009,"few hundreds",2,7
13010,"hard trigger",2,7
13011,"affleck dine",2,7
13012,"branching ratio br",3,7
13013,"fluctuation spectrum",2,7
13014,"fulde ferrell larkin ovchinnikov",4,7
13015,"cp eigenstates",2,7
13016,"polarization operator",2,7
13017,"les houches",2,7
13018,"fair facility",2,7
13019,"neutral gauge boson",3,7
13020,"pion nucleus",2,7
13021,"external legs",2,7
13022,"muon g-2",2,7
13023,"light cone gauge",3,7
13024,"collisional energy",2,7
13025,"littlest higgs sector",3,7
13026,"smooth crossover",2,7
13027,"exchange couplings",2,7
13028,"compactified extra",2,7
13029,"roll inflation",2,7
13030,"electromagnetic transitions",2,7
13031,"xi cc",2,7
13032,"power law inflation",3,7
13033,"instanton liquid",2,7
13034,"gravity mediation",2,7
13035,"large nc expansion",3,7
13036,"low q2",2,7
13037,"function g1",2,7
13038,"mach cones",2,7
13039,"delta phi pi",3,7
13040,"briefly reviews",2,7
13041,"cp violating asymmetry",3,7
13042,"apparent discrepancy",2,7
13043,"flavour violation",2,7
13044,"mp decays",2,7
13045,"spin weighted",2,7
13046,"relativistic quantum mechanical",3,7
13047,"spatially closed",2,7
13048,"poisson algebras",2,7
13049,"hooft polyakov",2,7
13050,"conformal factor",2,7
13051,"adequate description",2,7
13052,"sphere s3",2,7
13053,"string tensions",2,7
13054,"klebanov strassler",2,7
13055,"ads backgrounds",2,7
13056,"affine lie",2,7
13057,"primary operators",2,7
13058,"dilatation operator",2,7
13059,"positive genus",2,7
13060,"noncommutativity parameter theta",3,7
13061,"kahler metrics",2,7
13062,"logarithmic conformal field theories",4,7
13063,"kappa symmetry",2,7
13064,"constrained lattice",2,7
13065,"eguchi hanson",2,7
13066,"nielsen olesen",2,7
13067,"conformal partial",2,7
13068,"tempered distributions",2,7
13069,"moduli stabilisation",2,7
13070,"flat frw",2,7
13071,"dbi action",2,7
13072,"tachyon condensation",2,7
13073,"high velocity dispersion relation",4,7
13074,"half bps operators",3,7
13075,"large rapidity",2,7
13076,"tangent bundles",2,7
13077,"accelerating expansion",2,7
13078,"inverse square law",3,7
13079,"earlier treatments",2,7
13080,"z2 orbifold",2,7
13081,"moving groups",2,7
13082,"brown york",2,7
13083,"gauss bonnet brane",3,7
13084,"transport quantities",2,7
13085,"greybody factors",2,7
13086,"naturally incorporated",2,7
13087,"chern simons type",3,7
13088,"cross check",2,7
13089,"mass ratio br",3,7
13090,"cosmic ray muons",3,7
13091,"di hadron",2,7
13092,"angular momentum spectra",3,7
13093,"blind search",2,7
13094,"quarkonium states",2,7
13095,"tagged particle",2,7
13096,"time dependent cp asymmetry",4,7
13097,"missing transverse momentum",3,7
13098,"rho rho0",2,7
13099,"two dimensional xy model",4,7
13100,"rooted staggered fermions",3,7
13101,"quasi bound states",3,7
13102,"polymer translocation through",3,7
13103,"molecular dynamics md",3,7
13104,"empirical data set",3,7
13105,"ionization rates",2,7
13106,"white gaussian",2,7
13107,"ionic strength",2,7
13108,"acquisition system",2,7
13109,"agreed well",2,7
13110,"high quality factor",3,7
13111,"turbulent kinetic",2,7
13112,"short historical",2,7
13113,"counting measure",2,7
13114,"low dose",2,7
13115,"kinetic energy spectrum",3,7
13116,"modular classes",2,7
13117,"magnetic reynolds",2,7
13118,"magnetohydrodynamic turbulence",2,7
13119,"injection rate",2,7
13120,"main task",2,7
13121,"resonant tunnelling",2,7
13122,"red blood cells",3,7
13123,"compressible fluid",2,7
13124,"confinement fusion",2,7
13125,"stock market indices",3,7
13126,"laser cooled",2,7
13127,"residence time",2,7
13128,"collisional broadening",2,7
13129,"stokes equation",2,7
13130,"hidden markov models",3,7
13131,"reorientation transition",2,7
13132,"linearly polarized light",3,7
13133,"ab initio molecular",3,7
13134,"series expansions",2,7
13135,"phase delays",2,7
13136,"wind speed",2,7
13137,"strength indices",2,7
13138,"turbulence induced",2,7
13139,"albert einstein",2,7
13140,"highest occupied",2,7
13141,"magneto optical trap mot",4,7
13142,"propagating laser",2,7
13143,"main reason",2,7
13144,"numerical tests",2,7
13145,"electrical current density",3,7
13146,"polarized laser",2,7
13147,"rate coefficient",2,7
13148,"scaling behaviors",2,7
13149,"missing mass",2,7
13150,"prandtl number",2,7
13151,"optical microscope",2,7
13152,"zeroth order",2,7
13153,"mathematical objects",2,7
13154,"invariant tori",2,7
13155,"molecules adsorbed",2,7
13156,"two prototypical",2,7
13157,"rayleigh benard",2,7
13158,"polarization observables",2,7
13159,"thermodynamical quantities",2,7
13160,"unambiguous discrimination",2,7
13161,"isotropic heisenberg",2,7
13162,"spatial distribution functions",3,7
13163,"microscopic details",2,7
13164,"large format",2,7
13165,"success rate",2,7
13166,"real time interval",3,7
13167,"generalized uncertainty",2,7
13168,"embedded atom",2,7
13169,"berry phases",2,7
13170,"condensates becs",2,7
13171,"classically chaotic systems",3,7
13172,"binary matrices",2,7
13173,"slit interference",2,7
13174,"scattered light scattering",3,7
13175,"optimal cloning",2,7
13176,"nearly continuous",2,7
13177,"optical fibre",2,7
13178,"test bed",2,7
13179,"talbot effect",2,7
13180,"tuned via",2,7
13181,"feynman path integral",3,7
13182,"dynamic regimes",2,7
13183,"down conversion",2,7
13184,"laser interferometers",2,7
13185,"collective movements",2,7
13186,"fast fourier transform",3,7
13187,"regulatory networks",2,7
13188,"positive feedback",2,7
13189,"multiplicative factor",2,7
13190,"discrete sine",2,7
13191,"fusion rules",2,7
13192,"volume scheme",2,7
13193,"linear program",2,7
13194,"discrete logarithm",2,7
13195,"arbitrary depth",2,7
13196,"primary user",2,7
13197,"sin pi",2,7
13198,"lends itself",2,7
13199,"tight upper bounds",3,7
13200,"slower rate",2,7
13201,"bits per",2,7
13202,"credit risk",2,7
13203,"delta scuti stars",3,7
13204,"older stars",2,7
13205,"outer boundary conditions",3,7
13206,"amati relation",2,7
13207,"h2 emission lines",3,7
13208,"magnetically charged",2,7
13209,"baryon acoustic oscillation",3,7
13210,"spectrally resolved",2,7
13211,"interference term",2,7
13212,"recurrence time",2,7
13213,"telescope glast large area",4,7
13214,"occurrence rate",2,7
13215,"pl relation",2,7
13216,"galaxy counts",2,7
13217,"hipparcos parallaxes",2,7
13218,"galactocentric radius",2,7
13219,"fluorescence telescopes",2,7
13220,"cosmic ray uhecr",3,7
13221,"orbital solutions",2,7
13222,"dredge up",2,7
13223,"baseline interferometry",2,7
13224,"timing explorer rxte observations",4,7
13225,"bullet cluster",2,7
13226,"below ghz",2,7
13227,"ultra compact",2,7
13228,"precision radial",2,7
13229,"ir seds",2,7
13230,"dark matter power law",4,7
13231,"index ns",2,7
13232,"collapsing cloud",2,7
13233,"combo-17 survey",2,7
13234,"cosmological probes",2,7
13235,"minimum masses",2,7
13236,"myr ago",2,7
13237,"external shock",2,7
13238,"wr stars",2,7
13239,"simulated clusters",2,7
13240,"ray binary black hole",4,7
13241,"near ir colors",3,7
13242,"tomographic reconstruction",2,7
13243,"available observational",2,7
13244,"ray bursts",2,7
13245,"spin currents",2,7
13246,"kerr schild",2,7
13247,"gravitational waves emitted",3,7
13248,"chosen arbitrarily",2,7
13249,"algebraic cycles",2,7
13250,"spinning black hole",3,7
13251,"faddeev equation",2,7
13252,"marked contrast",2,7
13253,"axial perturbations",2,7
13254,"astrophysical jets",2,7
13255,"spin orientations",2,7
13256,"spinor formalism",2,7
13257,"summing up",2,7
13258,"doubly cabibbo suppressed",3,7
13259,"meson mixing",2,7
13260,"deep inelastic scattering dis",4,7
13261,"latest experimental",2,7
13262,"ckm unitarity",2,7
13263,"dglap evolution equations",3,7
13264,"messenger scale",2,7
13265,"astrophysical bounds",2,7
13266,"main topics",2,7
13267,"type ii string",3,7
13268,"low mass gap",3,7
13269,"scalar glueball",2,7
13270,"cascade decay",2,7
13271,"stronger constraints",2,7
13272,"critical point like",3,7
13273,"strange stars",2,7
13274,"nuclear shadowing",2,7
13275,"peccei quinn",2,7
13276,"irreducible background",2,7
13277,"self trapped",2,7
13278,"neutrino mixing matrix",3,7
13279,"linear colliders",2,7
13280,"radial excitations",2,7
13281,"loop correction",2,7
13282,"strange baryons",2,7
13283,"fortran code",2,7
13284,"ckm unitarity triangle",3,7
13285,"fusion processes",2,7
13286,"experimental situation",2,7
13287,"stationary schrodinger",2,7
13288,"goldstone mode",2,7
13289,"whole parameter space",3,7
13290,"nuclear fusion",2,7
13291,"two dimensional 5d",3,7
13292,"squark pair production",3,7
13293,"self interference",2,7
13294,"gluon emission",2,7
13295,"function f2",2,7
13296,"joint distribution functions",3,7
13297,"confining phase",2,7
13298,"matching condition",2,7
13299,"fifth coordinate",2,7
13300,"five dimensional 5d",3,7
13301,"zakharov shabat",2,7
13302,"central area",2,7
13303,"least two classes",3,7
13304,"cusp anomalous dimension",3,7
13305,"new physics programme",3,7
13306,"sub threshold",2,7
13307,"million particles",2,7
13308,"accumulated phase",2,7
13309,"mass reconstruction",2,7
13310,"minimum uncertainty",2,7
13311,"intrinsic width",2,7
13312,"nonzero chemical potential",3,7
13313,"lowest energy spectrum",3,7
13314,"lattice artifacts",2,7
13315,"pure su yang mills",4,7
13316,"dynamical overlap",2,7
13317,"kahler manifolds",2,7
13318,"kappa minkowski",2,7
13319,"poincare invariant",2,7
13320,"heavy quark moving",3,7
13321,"isocurvature perturbations",2,7
13322,"under reasonable assumptions",3,7
13323,"low genus",2,7
13324,"wilsonian renormalization group",3,7
13325,"nonlinear sigma models",3,7
13326,"dimensional hilbert",2,7
13327,"gauge theory compactified",3,7
13328,"sinh gordon model",3,7
13329,"brst formalism",2,7
13330,"palomar observatory",2,7
13331,"hr diagram",2,7
13332,"square kilometre array ska",4,7
13333,"open cluster members",3,7
13334,"hi clouds",2,7
13335,"partially filled",2,7
13336,"qualitative understanding",2,7
13337,"type ib",2,7
13338,"galactic discs",2,7
13339,"cluster cores",2,7
13340,"simulation box",2,7
13341,"dark matter halo mass function",5,7
13342,"compact array",2,7
13343,"quantum corrected",2,7
13344,"free emission line",3,7
13345,"sydney university",2,7
13346,"ultraviolet spectroscopic",2,7
13347,"angular momentum transfer",3,7
13348,"radial pulsations",2,7
13349,"uv selected",2,7
13350,"profound effect",2,7
13351,"barotropic equation",2,7
13352,"hst stis spectra",3,7
13353,"pure rotational",2,7
13354,"many spiral galaxies",3,7
13355,"surface brightness lsb",3,7
13356,"index beta",2,7
13357,"core radii",2,7
13358,"binary pulsar",2,7
13359,"solar interior",2,7
13360,"andromeda galaxy",2,7
13361,"tidal stripping",2,7
13362,"solar activity cycle",3,7
13363,"hidden behind",2,7
13364,"stellar mass companions",3,7
13365,"barred galaxy",2,7
13366,"kuiper belt objects kbos",4,7
13367,"infrared colors",2,7
13368,"shower simulations",2,7
13369,"sz effect",2,7
13370,"sn ejecta",2,7
13371,"doppler measurements",2,7
13372,"collisionally excited",2,7
13373,"design considerations",2,7
13374,"precision cosmology",2,7
13375,"energy released",2,7
13376,"special astrophysical observatory",3,7
13377,"galactic disk like",3,7
13378,"wmap3 data",2,7
13379,"pass filter",2,7
13380,"near infrared wavelengths",3,7
13381,"solar vicinity",2,7
13382,"surface density profile",3,7
13383,"standard wilson",2,7
13384,"alpha emission lines",3,7
13385,"sr ba",2,7
13386,"keplerian motion",2,7
13387,"synthetic data",2,7
13388,"atmospheric dynamics",2,7
13389,"small scale inhomogeneities",3,7
13390,"host stars",2,7
13391,"helium enrichment",2,7
13392,"rare class",2,7
13393,"hydrodynamic regime",2,7
13394,"host halos",2,7
13395,"quantization rule",2,7
13396,"arbitrary initial conditions",3,7
13397,"multiscale expansion",2,7
13398,"swept through",2,7
13399,"dressed states",2,7
13400,"perfect crystal",2,7
13401,"inverse scattering matrix",3,7
13402,"viscous liquid",2,7
13403,"variational calculus",2,7
13404,"phi4 theory",2,7
13405,"short lifetime",2,7
13406,"fermi energy density",3,7
13407,"gilbert damping",2,7
13408,"hysteresis loop",2,7
13409,"scattering matrix elements",3,7
13410,"kept constant",2,7
13411,"3d ising model",3,7
13412,"autocorrelation functions",2,7
13413,"hypernetted chain",2,7
13414,"dipole oscillations",2,7
13415,"pulsed radio frequency",3,7
13416,"ion fe",2,7
13417,"schottky barrier",2,7
13418,"hyperfine interactions",2,7
13419,"conductance spectra",2,7
13420,"tsallis statistics",2,7
13421,"minimal symplectic",2,7
13422,"e2 transition",2,7
13423,"charged impurities",2,7
13424,"vortex liquid",2,7
13425,"slow decay rate",3,7
13426,"local inhomogeneity",2,7
13427,"square lattice sites",3,7
13428,"crossing approximation",2,7
13429,"strong repulsive interactions",3,7
13430,"dc conductance",2,7
13431,"wide band gap",3,7
13432,"drift wave",2,7
13433,"hydrodynamical equations",2,7
13434,"path integral equations",3,7
13435,"quasiparticle scattering",2,7
13436,"dot qd",2,7
13437,"precession frequency",2,7
13438,"phase coherence length",3,7
13439,"single electron transport",3,7
13440,"anisotropic xy",2,7
13441,"highly polarized",2,7
13442,"isotropic heisenberg model",3,7
13443,"striking similarity",2,7
13444,"semiflexible polymer",2,7
13445,"shear deformation",2,7
13446,"photoelectron spectroscopy",2,7
13447,"two level shifts",3,7
13448,"brillouin zone center",3,7
13449,"commutation relation",2,7
13450,"transition probability distribution",3,7
13451,"weak localization length",3,7
13452,"fractional diffusion equation",3,7
13453,"recurrent neural network",3,7
13454,"tomonaga luttinger liquid",3,7
13455,"occupied sites",2,7
13456,"effective hamiltonians",2,7
13457,"fulde ferrell larkin ovchinnikov fflo",5,7
13458,"negative differential conductance",3,7
13459,"non equilibrium green function",4,7
13460,"fractional power",2,7
13461,"asymptotic optimality",2,7
13462,"tomonaga luttinger",2,7
13463,"metal electrodes",2,7
13464,"crystallographic orientations",2,7
13465,"ni cu",2,7
13466,"longitudinal component",2,7
13467,"crystallographic axes",2,7
13468,"non linear sigma",3,7
13469,"mean square displacement",3,7
13470,"second order correction",3,7
13471,"periodic anderson model",3,7
13472,"bipartite lattice",2,7
13473,"cooling down",2,7
13474,"stress relaxation",2,7
13475,"point correlation length",3,7
13476,"after removing",2,7
13477,"gold nanoparticles",2,7
13478,"fluctuation dissipation",2,7
13479,"kondo screened",2,7
13480,"non linear response function",4,7
13481,"coherent superposition",2,7
13482,"electrodynamics qed",2,7
13483,"confocal microscopy",2,7
13484,"resonance nmr",2,7
13485,"magnetic field gradients",3,7
13486,"bedt ttf",2,7
13487,"too low",2,7
13488,"operators involved",2,7
13489,"harnack inequality",2,7
13490,"schramm loewner",2,7
13491,"zero divisors",2,7
13492,"mixed characteristic",2,7
13493,"pattern avoiding permutations",3,7
13494,"after presenting",2,7
13495,"nilpotent lie algebra",3,7
13496,"cost functions",2,7
13497,"euler maclaurin",2,7
13498,"ambient space",2,7
13499,"quadratic maps",2,7
13500,"subset bbb",2,7
13501,"co ordinate",2,7
13502,"unbounded coefficients",2,7
13503,"converge weakly",2,7
13504,"unit tangent bundle",3,7
13505,"twisted poincar",2,7
13506,"galois action",2,7
13507,"uniformly convex",2,7
13508,"fourier transformation",2,7
13509,"monge kantorovich",2,7
13510,"evaluation map",2,7
13511,"brauer groups",2,7
13512,"mathfrak gl",2,7
13513,"nearly isotropic",2,7
13514,"jones polynomials",2,7
13515,"truth values",2,7
13516,"source classes",2,7
13517,"categorical framework",2,7
13518,"heavy traffic",2,7
13519,"compactly generated",2,7
13520,"spectral fits",2,7
13521,"monte carlo mcmc",3,7
13522,"morse function",2,7
13523,"x1 xm",2,7
13524,"leibniz algebras",2,7
13525,"maass forms",2,7
13526,"tensor categories",2,7
13527,"upper critical value",3,7
13528,"hyperelliptic curve",2,7
13529,"partially ordered",2,7
13530,"short time series",3,7
13531,"abelian categories",2,7
13532,"pointed hopf algebras",3,7
13533,"prime ideal",2,7
13534,"solvable lie algebra",3,7
13535,"globally stable",2,7
13536,"wiener measure",2,7
13537,"linear regression model",3,7
13538,"allen cahn",2,7
13539,"posteriori error",2,7
13540,"uniform distribution functions",3,7
13541,"nonlinear parabolic",2,7
13542,"higher dimensional reduction",3,7
13543,"utility maximization",2,7
13544,"uniform hypergraph",2,7
13545,"stochastic volatility models",3,7
13546,"liouville operators",2,7
13547,"decision maker",2,7
13548,"forgetful functor",2,7
13549,"cell decomposition",2,7
13550,"local group theoretical",3,7
13551,"auslander reiten quiver",3,7
13552,"wireless communications",2,7
13553,"vy process",2,7
13554,"spatial extension",2,7
13555,"kaon condensation",2,7
13556,"energy density wave",3,7
13557,"density parity",2,7
13558,"quantum mechanical description",3,7
13559,"calculation indicates",2,7
13560,"color singlet",2,7
13561,"nearly symmetric",2,7
13562,"materials containing",2,7
13563,"faraday effect",2,7
13564,"linearized level",2,7
13565,"energetic electrons",2,7
13566,"energy consumption",2,7
13567,"scale structure functions",3,7
13568,"adjustable parameter",2,7
13569,"boltzmann factor",2,7
13570,"proportional counter",2,7
13571,"neutrino signals",2,7
13572,"grid refinement",2,7
13573,"background rejection",2,7
13574,"micro scale",2,7
13575,"pumping through",2,7
13576,"hmc algorithm",2,7
13577,"cardiac tissue",2,7
13578,"whispering gallery",2,7
13579,"bragg gratings",2,7
13580,"oscillatory instability",2,7
13581,"spatially varying",2,7
13582,"optical kerr",2,7
13583,"higher spins",2,7
13584,"aa collisions",2,7
13585,"crystal barrel",2,7
13586,"hbt radii",2,7
13587,"cortical neurons",2,7
13588,"sexual reproduction",2,7
13589,"nervous system",2,7
13590,"immediate consequence",2,7
13591,"native structure",2,7
13592,"anisotropic thermal",2,7
13593,"bell type",2,7
13594,"causal relationships",2,7
13595,"deformed free",2,7
13596,"brute force",2,7
13597,"nitrogen vacancy nv",3,7
13598,"consistent truncation",2,7
13599,"composite operator",2,7
13600,"centrally extended",2,7
13601,"moving away",2,7
13602,"break supersymmetry",2,7
13603,"breaking pattern",2,7
13604,"feynman graphs",2,7
13605,"vector multiplet",2,7
13606,"josephson junction arrays",3,7
13607,"tachyon potential",2,7
13608,"internal motions",2,7
13609,"fine tune",2,7
13610,"attractor behavior",2,7
13611,"spontaneous symmetry breaking occurs",4,7
13612,"metastable susy",2,7
13613,"haldane shastry",2,7
13614,"non linear ordinary",3,7
13615,"path sampling",2,7
13616,"decision tree",2,7
13617,"final product",2,7
13618,"substantially affected",2,7
13619,"dependency structure",2,7
13620,"migration rate",2,7
13621,"normalization condition",2,7
13622,"ray emission features",3,7
13623,"massive star cluster",3,7
13624,"black body",2,7
13625,"trojan asteroids",2,7
13626,"low mass distribution function",4,7
13627,"specific star formation",3,7
13628,"reduction pipeline",2,7
13629,"turbulent velocity",2,7
13630,"extinction corrected",2,7
13631,"water vapour",2,7
13632,"alpha emission line",3,7
13633,"quasi isotropic",2,7
13634,"historical data",2,7
13635,"near infrared radiation",3,7
13636,"modified dispersion relations",3,7
13637,"clear signs",2,7
13638,"almost flat",2,7
13639,"protoplanetary disc",2,7
13640,"complete active",2,7
13641,"simulated images",2,7
13642,"few mpc",2,7
13643,"spine sheath",2,7
13644,"short time delay",3,7
13645,"quasi periodic oscillations qpos",4,7
13646,"afterglow spectra",2,7
13647,"micron silicate feature",3,7
13648,"linear growth rate",3,7
13649,"precessing jet",2,7
13650,"sigma confidence",2,7
13651,"superfluid turbulence",2,7
13652,"cmb temperature",2,7
13653,"expectation maximization",2,7
13654,"cylindrical symmetry",2,7
13655,"tully fisher",2,7
13656,"steeper slope",2,7
13657,"fornax dwarf galaxies",3,7
13658,"electro magnetic field",3,7
13659,"enriched gas",2,7
13660,"heavy element abundance",3,7
13661,"cooling rates",2,7
13662,"accurately reproduces",2,7
13663,"tremaine weinberg",2,7
13664,"flux coming",2,7
13665,"near infrared camera",3,7
13666,"error circle",2,7
13667,"chandrasekhar mass",2,7
13668,"extinction law",2,7
13669,"point source catalog",3,7
13670,"half cross section",3,7
13671,"lick observatory",2,7
13672,"multilayer perceptron",2,7
13673,"ionization fronts",2,7
13674,"mid infrared excess",3,7
13675,"letter reports",2,7
13676,"pulsar wind nebula pwn",4,7
13677,"higher harmonics",2,7
13678,"kpc scale",2,7
13679,"sauron integral field",3,7
13680,"transverse motions",2,7
13681,"numerical simulations indicate",3,7
13682,"transport code",2,7
13683,"viscous heating",2,7
13684,"circumstellar environment",2,7
13685,"collisional evolution",2,7
13686,"high resolution echelle spectra",4,7
13687,"random motions",2,7
13688,"rest frame ultraviolet",3,7
13689,"microvariability oscillations",2,7
13690,"hot post",2,7
13691,"bh binary",2,7
13692,"perfect fluids",2,7
13693,"bar nue",2,7
13694,"constitutive equations",2,7
13695,"avoiding walks",2,7
13696,"transformation laws",2,7
13697,"wegner estimate",2,7
13698,"matrix valued",2,7
13699,"thermodynamic variables",2,7
13700,"semisimple lie group",3,7
13701,"positive cosmological models",3,7
13702,"nonlinear elliptic",2,7
13703,"post newtonian waveforms",3,7
13704,"sign error",2,7
13705,"unitarity relation",2,7
13706,"acoustic phonons",2,7
13707,"differential resistance",2,7
13708,"ambient magnetic",2,7
13709,"powder diffraction",2,7
13710,"discontinuous change",2,7
13711,"aspect ratios",2,7
13712,"scale invariant under",3,7
13713,"irradiation conditions",2,7
13714,"adjacency matrices",2,7
13715,"soft materials",2,7
13716,"peaks near",2,7
13717,"constituents within",2,7
13718,"optically active",2,7
13719,"layer graphene sheet",3,7
13720,"electron heating",2,7
13721,"injected power",2,7
13722,"effect transistors fet",3,7
13723,"corner sharing",2,7
13724,"complex fluids",2,7
13725,"well ordered phases",3,7
13726,"packing fraction",2,7
13727,"strongly reduce",2,7
13728,"doped silicon",2,7
13729,"rigid rods",2,7
13730,"two leg",2,7
13731,"weight transfer",2,7
13732,"neighbor interaction",2,7
13733,"polymer confined",2,7
13734,"discrete counterparts",2,7
13735,"channel kondo",2,7
13736,"kardar parisi zhang",3,7
13737,"quantum dimer model",3,7
13738,"contact angle",2,7
13739,"nanometer sized",2,7
13740,"kv cm",2,7
13741,"excess noise",2,7
13742,"gaussian mixture",2,7
13743,"four body",2,7
13744,"circular dichroism xmcd",3,7
13745,"simple analytic expressions",3,7
13746,"self energy density",3,7
13747,"cluster glass",2,7
13748,"subtle differences",2,7
13749,"alkali metals",2,7
13750,"ultracold bosons",2,7
13751,"counter rotating",2,7
13752,"next nearest neighbor interactions",4,7
13753,"tetragonal phase",2,7
13754,"orientational order",2,7
13755,"polymer chain length",3,7
13756,"armchair graphene nanoribbons",3,7
13757,"transmission eigenvalues",2,7
13758,"correct asymptotic",2,7
13759,"multi modal",2,7
13760,"population genetics",2,7
13761,"oriented cycles",2,7
13762,"mac lane",2,7
13763,"profinite group",2,7
13764,"neq emptyset",2,7
13765,"stochastic games",2,7
13766,"mordell weil",2,7
13767,"spectral decomposition",2,7
13768,"toric surfaces",2,7
13769,"affine maps",2,7
13770,"full subcategory",2,7
13771,"diffeomorphism invariant",2,7
13772,"self normalized",2,7
13773,"improved versions",2,7
13774,"convex bodies",2,7
13775,"morita equivalence",2,7
13776,"inequality constraints",2,7
13777,"topological obstructions",2,7
13778,"boolean algebra",2,7
13779,"triebel lizorkin",2,7
13780,"wetting transition",2,7
13781,"l2 rd",2,7
13782,"type bn",2,7
13783,"infrared exponents",2,7
13784,"elliptic surface",2,7
13785,"inner automorphisms",2,7
13786,"connected reductive group",3,7
13787,"evy processes",2,7
13788,"chromatic polynomial",2,7
13789,"np complete graph",3,7
13790,"bruhat tits",2,7
13791,"law tail",2,7
13792,"sub ballistic",2,7
13793,"deformation parameter family",3,7
13794,"gw invariants",2,7
13795,"poisson dirichlet",2,7
13796,"thom polynomials",2,7
13797,"teichmuller space",2,7
13798,"zero drift",2,7
13799,"simple lie superalgebras",3,7
13800,"arbitrarily many",2,7
13801,"pour le",2,7
13802,"measurable sets",2,7
13803,"link variables",2,7
13804,"fock spaces",2,7
13805,"almost everywhere",2,7
13806,"graph theoretic",2,7
13807,"hubbard hamiltonian",2,7
13808,"phonon interactions",2,7
13809,"chsh inequality",2,7
13810,"theoretic methods",2,7
13811,"spin dephasing",2,7
13812,"infinite dimensional hilbert space",4,7
13813,"bipartite bell states",3,7
13814,"lepton pairs",2,7
13815,"small qt",2,7
13816,"gluon vertex",2,7
13817,"gauge mediated supersymmetry breaking",4,7
13818,"mixing phenomenon",2,7
13819,"large scale factor",3,7
13820,"tev scale structure",3,7
13821,"sub ev",2,7
13822,"absorptive part",2,7
13823,"muon charge",2,7
13824,"violating interactions",2,7
13825,"feynman rules",2,7
13826,"highly robust",2,7
13827,"c.l upper limits",3,7
13828,"unquenched lattice",2,7
13829,"collider energies",2,7
13830,"bare quark mass",3,7
13831,"lax pairs",2,7
13832,"sliding motion",2,7
13833,"size scaling exponents",3,7
13834,"fermi mixture",2,7
13835,"high lying",2,7
13836,"few nucleon systems",3,7
13837,"pion exchange interaction",3,7
13838,"single particle excitations",3,7
13839,"coulomb interaction potentials",3,7
13840,"brueckner hartree fock",3,7
13841,"phenomenological arguments",2,7
13842,"self affine",2,7
13843,"hyperfine transitions",2,7
13844,"deposition technique",2,7
13845,"hierarchical levels",2,7
13846,"plasmon resonances",2,7
13847,"skin depth",2,7
13848,"quantum kicked",2,7
13849,"impedance matching",2,7
13850,"rayleigh benard convection",3,7
13851,"migration process",2,7
13852,"surface plasmon polaritons spps",4,7
13853,"target stars",2,7
13854,"dead time",2,7
13855,"densely connected",2,7
13856,"restrictions imposed",2,7
13857,"composite particles",2,7
13858,"helicity asymmetry",2,7
13859,"real analytic continuation",3,7
13860,"cherenkov effect",2,7
13861,"galactocentric distance",2,7
13862,"error probability distribution",3,7
13863,"dicke model",2,7
13864,"striking differences",2,7
13865,"radiative equilibrium",2,7
13866,"circuit complexity",2,7
13867,"zenith angle",2,7
13868,"lies outside",2,7
13869,"matched filter",2,7
13870,"quasiparticle picture",2,7
13871,"primordial binaries",2,7
13872,"pb reactions",2,7
13873,"direct observational",2,7
13874,"ricci tensor",2,7
13875,"valence bands",2,7
13876,"regions away",2,7
13877,"empirical measures",2,7
13878,"local smoothing",2,7
13879,"visual search",2,7
13880,"companion star formation",3,7
13881,"ratio br",2,7
13882,"non monotonically",2,7
13883,"terrestrial planets around",3,7
13884,"adiabatically connected",2,7
13885,"extended horizontal",2,7
13886,"teleparallel theory",2,7
13887,"e6 e7",2,7
13888,"four dimensional minkowski",3,7
13889,"million upsilon 4s",3,7
13890,"total magnetization",2,7
13891,"ma tanbeta",2,7
13892,"masses per",2,7
13893,"feshbach molecules",2,7
13894,"indirect excitons",2,7
13895,"red satellites",2,7
13896,"dynamic light scattering",3,7
13897,"onboard akari",2,7
13898,"small magellanic cloud",3,7
13899,"crosses over",2,7
13900,"aharonov bohm ab",3,7
13901,"strong gravitational waves",3,7
13902,"tilde chi",2,7
13903,"ample divisors",2,7
13904,"tev blazars",2,7
13905,"lovelock gravity",2,7
13906,"generic initial state",3,7
13907,"hole arrays",2,7
13908,"considerably reduced",2,7
13909,"nanotube swnt",2,7
13910,"target selection",2,7
13911,"transfer protocol",2,7
13912,"surface brightness profile",3,7
13913,"uncountably many",2,7
13914,"cosmic expansion rate",3,7
13915,"gr obner",2,7
13916,"virtual state",2,7
13917,"coulomb gas",2,7
13918,"non ohmic",2,7
13919,"jovian planet",2,7
13920,"pion pair production",3,7
13921,"exchange interaction potentials",3,7
13922,"arnowitt deser misner",3,7
13923,"bi orthogonal",2,7
13924,"spacelike singularities",2,7
13925,"process gg",2,7
13926,"unbiased sample",2,7
13927,"gluon fusion",2,7
13928,"lesser extent",2,7
13929,"earth gravity",2,7
13930,"biased random walk",3,7
13931,"calibration factor",2,7
13932,"gradient expansion",2,7
13933,"theoretical arguments",2,7
13934,"multipole expansion",2,7
13935,"altshuler aronov",2,7
13936,"donn ees",2,7
13937,"nu nubar",2,7
13938,"general relativistic corrections",3,7
13939,"galaxies suggesting",2,7
13940,"redder colors",2,7
13941,"gene regulation",2,7
13942,"satellites around",2,7
13943,"gaseous component",2,7
13944,"poynting flux",2,7
13945,"fourier series",2,7
13946,"aqueous solution",2,7
13947,"lambda phi4",2,7
13948,"quadratic differentials",2,7
13949,"square shaped",2,7
13950,"diffractive events",2,7
13951,"a2 b2",2,7
13952,"milc collaboration",2,7
13953,"orbifold cohomology",2,7
13954,"iram 30m",2,7
13955,"azimuthal angles",2,7
13956,"frequency bands",2,7
13957,"proximity induced",2,7
13958,"strongly indicate",2,7
13959,"pseudo hermitian hamiltonian",3,7
13960,"half duplex",2,7
13961,"cross correlation function",3,7
13962,"pauli fierz",2,7
13963,"non newtonian fluids",3,7
13964,"linear sigma model",3,7
13965,"bhabha scattering",2,7
13966,"highly oriented",2,7
13967,"scaled up",2,7
13968,"formula relates",2,7
13969,"optical lattice depth",3,7
13970,"integral ibis isgri",3,7
13971,"carbon dioxide",2,7
13972,"diffusive shock",2,7
13973,"quotient graph",2,7
13974,"remnant snr",2,7
13975,"hardy space h2",3,7
13976,"initial state preparation",3,7
13977,"highest weight modules over",4,7
13978,"controversy over",2,7
13979,"stellar yields",2,7
13980,"economic systems",2,7
13981,"large logarithms",2,7
13982,"nfw model",2,7
13983,"charge limited",2,7
13984,"young stellar object",3,7
13985,"average metallicity",2,7
13986,"globally coupled",2,7
13987,"varying neutrinos",2,7
13988,"multiply connected",2,7
13989,"cooperative transmission",2,7
13990,"fixed point correlation function",4,7
13991,"diversity multiplexing tradeoff",3,7
13992,"mass estimation",2,7
13993,"non trivial topology",3,7
13994,"msun lsun",2,7
13995,"lusternik schnirelmann category",3,7
13996,"magnetization process",2,7
13997,"lower redshifts",2,7
13998,"eventually lead",2,7
13999,"toric code",2,7
14000,"dense matter fields",3,7
14001,"ferroelectric phase",2,7
14002,"naive expectation",2,7
14003,"cosmology correspondence",2,7
14004,"non linear stability analysis",4,7
14005,"kelvin helmholtz instability",3,7
14006,"hilbert transforms",2,7
14007,"accreting material",2,7
14008,"imaging spectrometer xis",3,7
14009,"affine connection",2,7
14010,"low lying excited states",4,7
14011,"broadband spectrum",2,7
14012,"semiconductor nanocrystals",2,7
14013,"massive excitations",2,7
14014,"overlap integrals",2,7
14015,"ultrarelativistic heavy ion collisions",4,7
14016,"non bps",2,7
14017,"interacting bose einstein condensate",4,7
14018,"rp rjup",2,7
14019,"hydrogen like ions",3,7
14020,"ryzhik part",2,7
14021,"classification accuracy",2,7
14022,"highest quality",2,7
14023,"shorter wavelengths",2,7
14024,"gravitational sector",2,7
14025,"poincare symmetry",2,7
14026,"law distributed",2,7
14027,"radio frequency surveys",3,7
14028,"orbital degeneracy",2,7
14029,"theorem ref",2,7
14030,"vibrational mode",2,7
14031,"local maxima",2,7
14032,"lattice sizes",2,7
14033,"conditionally independent",2,7
14034,"stellar mass loss rate",4,7
14035,"three dof",2,7
14036,"regular cartesian workspace shape",4,7
14037,"deeply related",2,7
14038,"indirect information",2,7
14039,"gaas quantum dots",3,7
14040,"volume weighted",2,7
14041,"degrees per",2,7
14042,"self absorbed",2,7
14043,"yukawa like",2,7
14044,"population size distribution",3,7
14045,"direct numerical calculations",3,7
14046,"quantum cohomology",2,7
14047,"3r orthogonal manipulators",3,7
14048,"xml documents",2,7
14049,"grain sizes",2,7
14050,"mbh sigma",2,7
14051,"graviton propagator",2,7
14052,"cosmic microwave background cmb temperature",5,7
14053,"rotational bands",2,7
14054,"langlands dual",2,7
14055,"tripartite entanglement",2,7
14056,"singlet fermions",2,7
14057,"symbolic model",2,7
14058,"two loop quantum gravity",4,7
14059,"highly degenerate",2,7
14060,"superpotential couplings",2,7
14061,"vertex amplitude",2,7
14062,"schwarzschild like",2,7
14063,"membership problem",2,7
14064,"superluminal motion",2,7
14065,"large nf",2,7
14066,"chirally symmetric",2,7
14067,"gravity log",2,7
14068,"bounce phase",2,7
14069,"inflationary solution",2,7
14070,"morphological type",2,7
14071,"diffusion coefficients",2,7
14072,"relative sizes",2,7
14073,"initial mass function",3,7
14074,"nuclear astrophysics",2,7
14075,"almost exactly",2,7
14076,"quantitative determination",2,7
14077,"fabry perot cavity",3,7
14078,"non local moment",3,7
14079,"summation over",2,7
14080,"dimer models",2,7
14081,"strong equivalence",2,7
14082,"boron doped",2,7
14083,"bow tie",2,7
14084,"leibniz rule",2,7
14085,"isotropic gaussian",2,7
14086,"local void",2,7
14087,"spitzer irac images",3,7
14088,"square error",2,7
14089,"intracluster medium",2,7
14090,"real world models",3,7
14091,"meta stable nonsupersymmetric vacua",4,7
14092,"epic pn",2,7
14093,"period distributions",2,7
14094,"quaternionic analysis",2,7
14095,"young brown dwarf",3,7
14096,"line broadening",2,7
14097,"hubble parameter space",3,7
14098,"clifford analysis",2,7
14099,"converges rapidly",2,7
14100,"microwave anisotropy",2,7
14101,"de dx",2,7
14102,"right after",2,7
14103,"solid helium",2,7
14104,"accurately predict",2,7
14105,"induced chaos",2,7
14106,"scale inhomogeneities",2,7
14107,"multi objective",2,7
14108,"space time asymptotics",3,7
14109,"voltage characteristic",2,7
14110,"modification factors",2,7
14111,"behave differently",2,7
14112,"dynamical screening",2,7
14113,"tightly constrained",2,7
14114,"explicit descriptions",2,7
14115,"periastron advance",2,7
14116,"cosmic censorship conjecture",3,7
14117,"interparticle interactions",2,7
14118,"interstellar extinction",2,7
14119,"minimal submanifolds",2,7
14120,"finiteness properties",2,7
14121,"distant observer",2,7
14122,"asymptotically hyperbolic",2,7
14123,"characteristic luminosity",2,7
14124,"rigid body",2,7
14125,"thereby extending",2,7
14126,"components e.g",2,7
14127,"est une",2,7
14128,"eisenstein series",2,7
14129,"homogeneous isotropic turbulence",3,7
14130,"quasi periodic potential",3,7
14131,"arecibo legacy survey",3,7
14132,"approximate analytical",2,7
14133,"reflection grating",2,7
14134,"fluorescence microscopy",2,7
14135,"fundamental issue",2,7
14136,"analytical investigations",2,7
14137,"walled carbon nanotube",3,7
14138,"voronoi tessellations",2,7
14139,"coded mask",2,7
14140,"exterior spacetime",2,7
14141,"mediated supersymmetry breaking",3,7
14142,"sdss ii",2,7
14143,"unsupervised learning",2,7
14144,"complete bipartite",2,7
14145,"approx fm",2,7
14146,"gluon exchange",2,7
14147,"hinode sot",2,7
14148,"hele shaw",2,7
14149,"ring threaded",2,7
14150,"nuclear parton",2,7
14151,"edge dislocations",2,7
14152,"symanzik improved",2,7
14153,"dynamical overlap fermions",3,7
14154,"right handed sneutrino",3,7
14155,"riemann zeta function whilst",4,7
14156,"survey weighting",2,7
14157,"fienberg stephen",2,7
14158,"tanur arxiv",2,7
14159,"multi partite",2,6
14160,"quasi hermitian",2,6
14161,"coherent population trapping cpt",4,6
14162,"perfect teleportation",2,6
14163,"math theor",2,6
14164,"many body forces",3,6
14165,"three party",2,6
14166,"optical dipole trap",3,6
14167,"multiphoton processes",2,6
14168,"freely falling",2,6
14169,"quantum information content",3,6
14170,"error correcting",2,6
14171,"hidden variable theories",3,6
14172,"fidelity susceptibility",2,6
14173,"color photoassociation",2,6
14174,"noncommuting observables",2,6
14175,"optimality criterion",2,6
14176,"geometric entanglement measure",3,6
14177,"probability density wave function",4,6
14178,"evolve independently",2,6
14179,"pairwise entanglement",2,6
14180,"interval exchange",2,6
14181,"direct visualization",2,6
14182,"mutually unbiased",2,6
14183,"move away",2,6
14184,"condensed matter fields",3,6
14185,"rb vapor",2,6
14186,"laguerre gaussian beam",3,6
14187,"co ordinates",2,6
14188,"non hermitean",2,6
14189,"population trapping",2,6
14190,"go theorems",2,6
14191,"clearly separated",2,6
14192,"optical dipole interaction",3,6
14193,"information theoretic properties",3,6
14194,"matter wave interferometry",3,6
14195,"careful attention",2,6
14196,"covariant entropy",2,6
14197,"monitored via",2,6
14198,"invariant under translations",3,6
14199,"quantum memories",2,6
14200,"generalized bell states",3,6
14201,"langevin type",2,6
14202,"helix coil transition",3,6
14203,"predator prey",2,6
14204,"penna model",2,6
14205,"quantitative differences",2,6
14206,"induced synchronization",2,6
14207,"self organized criticality",3,6
14208,"inherently non",2,6
14209,"discrete time interval",3,6
14210,"cumulant expansion",2,6
14211,"simple exclusion",2,6
14212,"transfer matrix elements",3,6
14213,"3d incompressible",2,6
14214,"coadjoint orbits",2,6
14215,"nonequilibrium statistical",2,6
14216,"limiting distribution functions",3,6
14217,"karhunen loeve",2,6
14218,"basic hypergeometric series",3,6
14219,"tt delta",2,6
14220,"equatorial region",2,6
14221,"separable potential",2,6
14222,"heavy tails",2,6
14223,"macroscopic observables",2,6
14224,"moment generating function",3,6
14225,"poiseuille flow",2,6
14226,"lowest eigenvalue",2,6
14227,"quantum turbulence",2,6
14228,"list decoding",2,6
14229,"confidential messages",2,6
14230,"non commutativity",2,6
14231,"weyl symbol",2,6
14232,"additive gaussian",2,6
14233,"mean squared error",3,6
14234,"data gathering",2,6
14235,"significant gains",2,6
14236,"probabilistic arguments",2,6
14237,"salient feature",2,6
14238,"hierarchical organization",2,6
14239,"capacity constraints imposed",3,6
14240,"posteriori map",2,6
14241,"propositional logic",2,6
14242,"strategic games",2,6
14243,"cubic polynomials",2,6
14244,"theoretic techniques",2,6
14245,"client server",2,6
14246,"relational database",2,6
14247,"ultrametric spaces",2,6
14248,"p2p systems",2,6
14249,"false alarms",2,6
14250,"bit error",2,6
14251,"low reynolds numbers",3,6
14252,"strong coupling strengths",3,6
14253,"ray flux variations",3,6
14254,"triggered star",2,6
14255,"blast waves",2,6
14256,"instability supernovae",2,6
14257,"uniform magnetic fields",3,6
14258,"line width ew",3,6
14259,"propagates through",2,6
14260,"taylor couette flow",3,6
14261,"agn outbursts",2,6
14262,"intra cluster medium",3,6
14263,"extreme mass ratios",3,6
14264,"dust extinction curve",3,6
14265,"lyman alpha line",3,6
14266,"ctio 4m",2,6
14267,"spectrophotometric observations",2,6
14268,"magnetically confined",2,6
14269,"astrophysical consequences",2,6
14270,"terminal velocities",2,6
14271,"young brown dwarfs",3,6
14272,"high frequency shift",3,6
14273,"northern sky",2,6
14274,"eso vlt uves spectra",4,6
14275,"initial mass distribution",3,6
14276,"observational program",2,6
14277,"galaxies bcgs",2,6
14278,"crab like",2,6
14279,"pulsars msps",2,6
14280,"older ages",2,6
14281,"total flux density",3,6
14282,"redshift interval",2,6
14283,"s0 galaxy clusters",3,6
14284,"climate change",2,6
14285,"point source population",3,6
14286,"wrong sign",2,6
14287,"interstellar radiation",2,6
14288,"mass accretion rate",3,6
14289,"hydrogen column density",3,6
14290,"westerbork synthesis radio telescope wsrt",5,6
14291,"ks bands",2,6
14292,"lower mass function",3,6
14293,"magnetohydrodynamic mhd simulations",3,6
14294,"closed box",2,6
14295,"new vhe gamma ray emission",5,6
14296,"hb stars",2,6
14297,"line seyfert",2,6
14298,"rotating radio frequency",3,6
14299,"objects eros",2,6
14300,"gamma ray burst afterglows",4,6
14301,"stacking analysis",2,6
14302,"ambipolar diffusion",2,6
14303,"similar fashion",2,6
14304,"gas drag",2,6
14305,"versus redshift",2,6
14306,"faint red galaxies",3,6
14307,"arrival process",2,6
14308,"pulsed emission",2,6
14309,"passively evolving",2,6
14310,"correlate strongly",2,6
14311,"inertial forces",2,6
14312,"long life",2,6
14313,"metal abundance measurements",3,6
14314,"factors influencing",2,6
14315,"comparative studies",2,6
14316,"homogeneous population",2,6
14317,"instability strip",2,6
14318,"rigidly rotating",2,6
14319,"non strange quark",3,6
14320,"resource management",2,6
14321,"currents flowing",2,6
14322,"outgoing wave",2,6
14323,"core collapse supernova explosion",4,6
14324,"systemic velocity",2,6
14325,"gas giant planets",3,6
14326,"old cosmological constant",3,6
14327,"desired accuracy",2,6
14328,"solar system size",3,6
14329,"barred spiral galaxy ngc",4,6
14330,"dark matter halo merger",4,6
14331,"flashes xrfs",2,6
14332,"stringent test",2,6
14333,"integral field spectrograph sinfoni",4,6
14334,"extra spatial",2,6
14335,"observing seasons",2,6
14336,"parameterized post",2,6
14337,"gravitational microlensing",2,6
14338,"photospheric abundance",2,6
14339,"line list",2,6
14340,"final fate",2,6
14341,"riess et",2,6
14342,"dvali gabadadze porrati dgp model",5,6
14343,"extrasolar giant planets",3,6
14344,"ellipsoidal universe",2,6
14345,"reddening values",2,6
14346,"coronal magnetic reconnection",3,6
14347,"main sequence turnoff",3,6
14348,"dissipation relations",2,6
14349,"cluster mergers",2,6
14350,"hierarchical galaxy formation",3,6
14351,"neutrino transport",2,6
14352,"stellar mass distribution function",4,6
14353,"vlt flames",2,6
14354,"clear indication",2,6
14355,"feii emission lines",3,6
14356,"hot neptune",2,6
14357,"integrated sachs wolfe isw effect",5,6
14358,"hierarchical growth",2,6
14359,"intensity ratios",2,6
14360,"partially ionized",2,6
14361,"line profile shapes",3,6
14362,"volume limited sample",3,6
14363,"central star cluster",3,6
14364,"transition zone",2,6
14365,"ir excess",2,6
14366,"host star formation",3,6
14367,"line profile variations",3,6
14368,"dust obscured",2,6
14369,"bipolar planetary nebulae",3,6
14370,"bulge region",2,6
14371,"ray binary 4u",3,6
14372,"particle accelerators",2,6
14373,"point source catalogue",3,6
14374,"jovian planets",2,6
14375,"spitzer mips instruments",3,6
14376,"mass distribution sed",3,6
14377,"lognormal distribution",2,6
14378,"diffuse emission line",3,6
14379,"redshift distortions",2,6
14380,"type ic",2,6
14381,"he burning",2,6
14382,"magnitudes below",2,6
14383,"quality photometry",2,6
14384,"extinction av",2,6
14385,"mass planets orbiting",3,6
14386,"sunspot cycle",2,6
14387,"contact binaries",2,6
14388,"dense clumps",2,6
14389,"trigonometric parallaxes",2,6
14390,"sky survey covers",3,6
14391,"spin orbit around",3,6
14392,"orbital motions",2,6
14393,"perihelion precession",2,6
14394,"seyfert galaxy ngc",3,6
14395,"space borne",2,6
14396,"uv optical spectroscopy",3,6
14397,"intracluster medium icm",3,6
14398,"sought after",2,6
14399,"ongoing star",2,6
14400,"iron core collapse",3,6
14401,"relativistic iron",2,6
14402,"thermal emission line",3,6
14403,"early types",2,6
14404,"zero age",2,6
14405,"spectroscopic orbit",2,6
14406,"poorly constrained",2,6
14407,"relaxed clusters",2,6
14408,"sunyaev zel dovich sz",4,6
14409,"unresolved stellar",2,6
14410,"emission line width",3,6
14411,"high cadence",2,6
14412,"class telescopes",2,6
14413,"cosmic ray flux",3,6
14414,"massive stars hvss",3,6
14415,"northern galactic",2,6
14416,"ray cavities",2,6
14417,"supermassive black",2,6
14418,"binaries lmxbs",2,6
14419,"s0 galaxy",2,6
14420,"spectro photometric",2,6
14421,"warped accretion disc",3,6
14422,"band filters",2,6
14423,"sunyaev zel dovich sz effect",5,6
14424,"simultaneously reproduce",2,6
14425,"rgb stars",2,6
14426,"myr old stars",3,6
14427,"southern sky survey",3,6
14428,"low mass planets",3,6
14429,"model selection criterion",3,6
14430,"oxygen rich agb stars",4,6
14431,"near ir photometry",3,6
14432,"wind velocities",2,6
14433,"observational features",2,6
14434,"ir counterparts",2,6
14435,"hubble sequence",2,6
14436,"detailed tests",2,6
14437,"dusty disk",2,6
14438,"brightness profiles",2,6
14439,"ray tracing",2,6
14440,"runaway stars",2,6
14441,"rates sfr",2,6
14442,"black hole bh masses",4,6
14443,"ray emission originates",3,6
14444,"extrasolar planets around",3,6
14445,"cdm halos",2,6
14446,"metal poor stars",3,6
14447,"positive helicity",2,6
14448,"nfw profile",2,6
14449,"fully ionized",2,6
14450,"blackbody component",2,6
14451,"kuiper belt objects",3,6
14452,"mid gap",2,6
14453,"james clerk maxwell",3,6
14454,"fornax cluster",2,6
14455,"active galactic",2,6
14456,"luminosity function lf",3,6
14457,"circumburst medium",2,6
14458,"pluto system",2,6
14459,"shock capturing",2,6
14460,"electron population",2,6
14461,"integral field spectrometer",3,6
14462,"times10 cm",2,6
14463,"orion kl",2,6
14464,"giant flares",2,6
14465,"rapid response",2,6
14466,"cartesian geometry",2,6
14467,"polarimetric data",2,6
14468,"long slit spectra",3,6
14469,"band imaging surveys",3,6
14470,"massive particles wimps",3,6
14471,"principal axes",2,6
14472,"cosmic web",2,6
14473,"ly alpha line",3,6
14474,"jet collimation",2,6
14475,"lower atmosphere",2,6
14476,"principal value",2,6
14477,"wavelength coverage",2,6
14478,"dissipated power",2,6
14479,"kinematic viscosity",2,6
14480,"new diagnostics",2,6
14481,"peculiar velocity field",3,6
14482,"single slit",2,6
14483,"spatial resolution spectroscopy",3,6
14484,"high redshift distribution function",4,6
14485,"intermediate radii",2,6
14486,"locally uniformly",2,6
14487,"exotic smooth 4-manifolds",3,6
14488,"end eqnarray",2,6
14489,"completely reducible",2,6
14490,"tangent bundle tm",3,6
14491,"deformation functor",2,6
14492,"hausdorff formula",2,6
14493,"tubular neighborhoods",2,6
14494,"classes modulo",2,6
14495,"noncommutative standard",2,6
14496,"realistic theories",2,6
14497,"riemann hurwitz",2,6
14498,"area networks",2,6
14499,"viscosity coefficients",2,6
14500,"isentropic compressible navier stokes equations",5,6
14501,"3-dimensional euclidean",2,6
14502,"ann probab",2,6
14503,"thermoacoustic tomography",2,6
14504,"analysis ica",2,6
14505,"compressible navier stokes equations",4,6
14506,"harish chandra",2,6
14507,"asymptotic regimes",2,6
14508,"locally symmetric group",3,6
14509,"odd primes",2,6
14510,"sixth painlev",2,6
14511,"least squares estimator",3,6
14512,"variable range hopping",3,6
14513,"normal crossings",2,6
14514,"homological properties",2,6
14515,"uniform convergence rate",3,6
14516,"nonlinear schroedinger equations",3,6
14517,"parameter estimation procedures",3,6
14518,"quaternion algebra",2,6
14519,"strichartz estimate",2,6
14520,"enveloping algebra",2,6
14521,"open interval",2,6
14522,"etale fundamental group",3,6
14523,"quantitative estimate",2,6
14524,"projective hypersurface",2,6
14525,"strong subadditivity",2,6
14526,"principally polarized abelian varieties",4,6
14527,"total weight",2,6
14528,"gromov hyperbolic groups",3,6
14529,"graph laplacian",2,6
14530,"character varieties",2,6
14531,"intuitive understanding",2,6
14532,"nonorientable surface",2,6
14533,"totally asymmetric exclusion process",4,6
14534,"queueing networks",2,6
14535,"target spaces",2,6
14536,"jacobi elliptic functions",3,6
14537,"heegaard floer homology",3,6
14538,"skew products",2,6
14539,"genus two classes",3,6
14540,"seiberg witten theory",3,6
14541,"two dimensional navier stokes",4,6
14542,"alg ebres de",3,6
14543,"partial wave function",3,6
14544,"semisimple hopf algebra",3,6
14545,"inductive limits",2,6
14546,"motivic zeta functions",3,6
14547,"du groupe",2,6
14548,"dans les",2,6
14549,"identically zero",2,6
14550,"physical motivation",2,6
14551,"ads cft conjecture",3,6
14552,"noncommutative manifolds",2,6
14553,"reflection principle",2,6
14554,"permutation representations",2,6
14555,"generalization error",2,6
14556,"completely positive characteristic",3,6
14557,"tropical geometry",2,6
14558,"atiyah bott",2,6
14559,"compact riemann surface",3,6
14560,"accomplished through",2,6
14561,"warped products",2,6
14562,"root vectors",2,6
14563,"fuchsian group",2,6
14564,"strictly pseudoconvex",2,6
14565,"noether analysis",2,6
14566,"rigorous justification",2,6
14567,"physical parameters describing",3,6
14568,"brauer group",2,6
14569,"semisimple algebraic",2,6
14570,"ricci flows",2,6
14571,"nonholonomic frame",2,6
14572,"lagrange finsler geometry",3,6
14573,"principal ideals",2,6
14574,"non local ring",3,6
14575,"complex projective curve",3,6
14576,"linear growth rates",3,6
14577,"negative jumps",2,6
14578,"singular homology",2,6
14579,"positive sectional curvature",3,6
14580,"tate cohomology groups",3,6
14581,"modern mathematics",2,6
14582,"separability condition",2,6
14583,"weyl curvature",2,6
14584,"abelian surfaces",2,6
14585,"bilinear estimate",2,6
14586,"courant algebroids",2,6
14587,"cofibrant objects",2,6
14588,"lagrange interpolation",2,6
14589,"rotation angles",2,6
14590,"monomial algebras",2,6
14591,"closed field equations",3,6
14592,"complete riemannian manifold",3,6
14593,"deep water",2,6
14594,"radical ideal",2,6
14595,"borel measure",2,6
14596,"round sphere",2,6
14597,"canonical commutation relations",3,6
14598,"test statistic",2,6
14599,"arbitrary initial data",3,6
14600,"terminal value",2,6
14601,"euclidean 3-space",2,6
14602,"elliptic integrals",2,6
14603,"rationally connected",2,6
14604,"positively curved space",3,6
14605,"positive definite functions",3,6
14606,"compound poisson",2,6
14607,"unpublished result",2,6
14608,"super exponential",2,6
14609,"reflexive banach spaces",3,6
14610,"modified chaplygin gas",3,6
14611,"topologically trivial",2,6
14612,"averaged quantities",2,6
14613,"cosmic censorship",2,6
14614,"two complementary methods",3,6
14615,"gravitational attraction",2,6
14616,"flat universe filled",3,6
14617,"becomes singular",2,6
14618,"thermoelectric properties",2,6
14619,"charged massive",2,6
14620,"non linear superposition",3,6
14621,"third order parameter",3,6
14622,"plausible explanation",2,6
14623,"homogeneous cosmologies",2,6
14624,"cold dark matter candidate",4,6
14625,"independent extraction",2,6
14626,"astrometric accuracy",2,6
14627,"puts strong constraints",3,6
14628,"foam models",2,6
14629,"rotating magnetized",2,6
14630,"conformal thin sandwich",3,6
14631,"primordial gravitational waves",3,6
14632,"gamma ray binary",3,6
14633,"light cones",2,6
14634,"conductivity spectra",2,6
14635,"two seemingly",2,6
14636,"null infinity",2,6
14637,"eikonal equation",2,6
14638,"two inequivalent",2,6
14639,"intriguing features",2,6
14640,"chaotic cavity",2,6
14641,"maximum entropy production",3,6
14642,"theory rmt",2,6
14643,"electron hole excitations",3,6
14644,"jellium model",2,6
14645,"entropy per",2,6
14646,"electronic mach zehnder interferometer",4,6
14647,"infinite number density",3,6
14648,"alpha ge",2,6
14649,"energy density profiles",3,6
14650,"short range attraction",3,6
14651,"single inas",2,6
14652,"intermediate coupling regime",3,6
14653,"zncu3 oh 6cl2",3,6
14654,"bond stretching",2,6
14655,"transmission coefficient",2,6
14656,"external electromagnetic field",3,6
14657,"numerical verification",2,6
14658,"charged impurity",2,6
14659,"fortuin kasteleyn",2,6
14660,"reparametrization invariance",2,6
14661,"colloidal particle",2,6
14662,"exact diagonalization technique",3,6
14663,"freely expanding",2,6
14664,"fractional diffusion",2,6
14665,"remarkable difference",2,6
14666,"quantum monte carlo simulation",4,6
14667,"dzyaloshinskii moriya",2,6
14668,"tensile stress",2,6
14669,"magneto elastic",2,6
14670,"al europhys lett",3,6
14671,"itinerant ferromagnets",2,6
14672,"artificial atom",2,6
14673,"fermi pasta ulam",3,6
14674,"materials science",2,6
14675,"rashba spin dynamics",3,6
14676,"freezing transition",2,6
14677,"renormalisation group flow",3,6
14678,"number density fluctuations",3,6
14679,"coloring problem",2,6
14680,"metal nanoparticle",2,6
14681,"small worlds",2,6
14682,"synaptic plasticity",2,6
14683,"heisenberg antiferromagnets",2,6
14684,"dimensional hubbard model",3,6
14685,"highly conducting",2,6
14686,"cuo planes",2,6
14687,"fluctuating hydrodynamics",2,6
14688,"equilibrium green",2,6
14689,"tensor product states",3,6
14690,"multi particle physics",3,6
14691,"resolved photoemission",2,6
14692,"tilt angle",2,6
14693,"dp dt",2,6
14694,"inas gaas",2,6
14695,"pure dephasing",2,6
14696,"hopping processes",2,6
14697,"exact diagonalizations",2,6
14698,"momentum resolved photoemission",3,6
14699,"analytical continuation",2,6
14700,"site coulomb interaction",3,6
14701,"projected bcs",2,6
14702,"conventional superconductors",2,6
14703,"luttinger liquid gas",3,6
14704,"dot molecule",2,6
14705,"capacity constraints",2,6
14706,"shape memory",2,6
14707,"laser pulse propagation",3,6
14708,"half integer quantum",3,6
14709,"spin chain complex",3,6
14710,"electric charge distribution",3,6
14711,"parent sample",2,6
14712,"empirical findings",2,6
14713,"competing processes",2,6
14714,"interacting bose",2,6
14715,"quasi stationary states",3,6
14716,"gas phase space",3,6
14717,"field hc2",2,6
14718,"moderately strong",2,6
14719,"gross properties",2,6
14720,"nernst signal",2,6
14721,"magnetization curve",2,6
14722,"grow linearly",2,6
14723,"numerical renormalization",2,6
14724,"norm conserving",2,6
14725,"ferromagnetic semiconductor ga mn",4,6
14726,"frenkel exciton",2,6
14727,"quantities characterizing",2,6
14728,"sideband cooling",2,6
14729,"ca sr",2,6
14730,"reach equilibrium",2,6
14731,"generalized uncertainty relation",3,6
14732,"filled band",2,6
14733,"evolving block decimation algorithm",4,6
14734,"falicov kimball model",3,6
14735,"monte carlo simulations suggest",4,6
14736,"cerenkov radiation",2,6
14737,"tight binding hamiltonian",3,6
14738,"bragg spectroscopy",2,6
14739,"ideal bose einstein condensate",4,6
14740,"conductance curves",2,6
14741,"fourier transform infrared spectroscopy",4,6
14742,"trapped fermi gases",3,6
14743,"interference device",2,6
14744,"plane wave vector",3,6
14745,"quasiparticle excitation",2,6
14746,"fermi gas phase diagram",4,6
14747,"liquid film",2,6
14748,"aluminum oxide",2,6
14749,"tsallis entropy",2,6
14750,"greatly suppressed",2,6
14751,"superlattice structures",2,6
14752,"linear boltzmann",2,6
14753,"finite size scaling exponents",4,6
14754,"anomalous diffusion equation",3,6
14755,"translocation through",2,6
14756,"self energy spectrum",3,6
14757,"reflection group",2,6
14758,"weyl chamber",2,6
14759,"quantum dot systems",3,6
14760,"varies inversely",2,6
14761,"surface plasmons",2,6
14762,"augmented plane wave",3,6
14763,"reduced density functional theory",4,6
14764,"experimental evidences",2,6
14765,"eu gd",2,6
14766,"granular mixtures",2,6
14767,"stick slip",2,6
14768,"capacitance voltage",2,6
14769,"extended hubbard",2,6
14770,"atomic hydrogen atom",3,6
14771,"photoluminescence spectra",2,6
14772,"modulation doped",2,6
14773,"graphene nano",2,6
14774,"truncated conformal",2,6
14775,"unstable fixed points",3,6
14776,"spintronic applications",2,6
14777,"quadrupole resonance",2,6
14778,"spin polarization configurations",3,6
14779,"two dimensional photonic crystal",4,6
14780,"noninteracting electrons",2,6
14781,"metamagnetic transition",2,6
14782,"broken translational",2,6
14783,"code division",2,6
14784,"semi quantitative",2,6
14785,"parallel transport properties",3,6
14786,"spin hall effect",3,6
14787,"under scrutiny",2,6
14788,"near infrared array",3,6
14789,"rotational mixing",2,6
14790,"amorphous carbon",2,6
14791,"magnetron sputtering",2,6
14792,"marginally stable",2,6
14793,"beta sheet",2,6
14794,"vector field equations",3,6
14795,"vogel fulcher",2,6
14796,"mechanism dominates",2,6
14797,"ending up",2,6
14798,"trial wavefunctions",2,6
14799,"fermi velocity",2,6
14800,"inter orbital",2,6
14801,"transverse velocity",2,6
14802,"bose hubbard hamiltonian",3,6
14803,"coherent transport through",3,6
14804,"periodically distributed",2,6
14805,"bose glass",2,6
14806,"collinear effective",2,6
14807,"superconducting loop",2,6
14808,"molecular layers",2,6
14809,"magnetoresistance oscillations",2,6
14810,"current correlator",2,6
14811,"simultaneous occurrence",2,6
14812,"dielectric spectroscopy",2,6
14813,"first brillouin zone",3,6
14814,"kinetically constrained",2,6
14815,"vortex formation",2,6
14816,"single impurity anderson model",4,6
14817,"characteristic length scale",3,6
14818,"adsorption energies",2,6
14819,"dangling bonds",2,6
14820,"metal oxides",2,6
14821,"langevin dynamics simulations",3,6
14822,"unitary fermi gas",3,6
14823,"cosy juelich",2,6
14824,"germanium detector",2,6
14825,"nuclear reactor",2,6
14826,"rho meson decays",3,6
14827,"emc effect",2,6
14828,"participant number",2,6
14829,"strange hadrons",2,6
14830,"negatively charged particles",3,6
14831,"quadrupole e2",2,6
14832,"participating nucleons",2,6
14833,"drip line",2,6
14834,"lead tungstate",2,6
14835,"radioactive beam",2,6
14836,"charged particle physics",3,6
14837,"di jet",2,6
14838,"roper resonance",2,6
14839,"isoscalar scalar field",3,6
14840,"isovector pairing interaction",3,6
14841,"three nucleon interaction",3,6
14842,"negative definite",2,6
14843,"three nucleon forces",3,6
14844,"effective temperature tc",3,6
14845,"scattering kernels",2,6
14846,"regge trajectory",2,6
14847,"collisional energy loss",3,6
14848,"cfl phase locked",3,6
14849,"empirical potentials",2,6
14850,"charge radii",2,6
14851,"statistical hadronization model",3,6
14852,"pronounced peak",2,6
14853,"number density functional",3,6
14854,"psi production cross sections",4,6
14855,"residual interaction",2,6
14856,"transversity distribution functions",3,6
14857,"nonrelativistic qcd",2,6
14858,"wess zumino term",3,6
14859,"linear collider ilc",3,6
14860,"lepton flavor symmetry",3,6
14861,"polarization fractions",2,6
14862,"finite isospin",2,6
14863,"transition occurs via",3,6
14864,"ww fusion",2,6
14865,"inflaton decay",2,6
14866,"wess zumino witten term",4,6
14867,"quarkonium wave",2,6
14868,"correction delta",2,6
14869,"radiative decay modes",3,6
14870,"derivative expansion",2,6
14871,"low mass transfer",3,6
14872,"long lived staus",3,6
14873,"partonic channel",2,6
14874,"nll accuracy",2,6
14875,"excited hadrons",2,6
14876,"light cone qcd sum rules",5,6
14877,"suppression factor raa",3,6
14878,"f0 meson decays",3,6
14879,"higgs doublet model",3,6
14880,"four fermion systems",3,6
14881,"leading log",2,6
14882,"variational technique",2,6
14883,"m2 phi2",2,6
14884,"gev per",2,6
14885,"perturbation theory chpt",3,6
14886,"dimensional transmutation",2,6
14887,"perturbative qcd factorization approach",4,6
14888,"oscillation probability",2,6
14889,"sub gev",2,6
14890,"heavy quark antiquark potential",4,6
14891,"air shower eas",3,6
14892,"mixed phase",2,6
14893,"unexpectedly large",2,6
14894,"non experts",2,6
14895,"drell yan like",3,6
14896,"transverse momentum pt gev",4,6
14897,"d7 brane",2,6
14898,"electric dipole moment edm",4,6
14899,"effective mass difference",3,6
14900,"gravitino lsp",2,6
14901,"crossing symmetry",2,6
14902,"annihilation cross sections",3,6
14903,"inclusive charged current",3,6
14904,"photon sector",2,6
14905,"fairly large",2,6
14906,"few comments",2,6
14907,"kl pi",2,6
14908,"sigma upper limit",3,6
14909,"shifman vainshtein zakharov",3,6
14910,"induced chern simons",3,6
14911,"open superstring",2,6
14912,"robertson walker universe",3,6
14913,"angular momentum balance",3,6
14914,"tachyonic instability",2,6
14915,"quark flavors",2,6
14916,"compact symplectic",2,6
14917,"direct products",2,6
14918,"orthogonal polynomial",2,6
14919,"noncommutative nc",2,6
14920,"abelian gauge invariant mass",4,6
14921,"strings ending",2,6
14922,"kalb ramond",2,6
14923,"maldacena nunez",2,6
14924,"two dimensional superconformal",3,6
14925,"renormalization group flows",3,6
14926,"extremal black hole",3,6
14927,"preferred axis",2,6
14928,"preserving transformations",2,6
14929,"per unit area",3,6
14930,"adjoint chiral",2,6
14931,"ion collision",2,6
14932,"moyal plane",2,6
14933,"fibered over",2,6
14934,"trace formulae",2,6
14935,"electroweak symmetry",2,6
14936,"chan paton",2,6
14937,"bps black hole",3,6
14938,"hartle hawking",2,6
14939,"planar equivalence",2,6
14940,"strong gravitational field",3,6
14941,"ir fixed point",3,6
14942,"nonsupersymmetric vacua",2,6
14943,"discrete chiral",2,6
14944,"gravity plus",2,6
14945,"dgp braneworld",2,6
14946,"boost symmetry",2,6
14947,"favored over",2,6
14948,"term uplifting",2,6
14949,"four dimensional reduction",3,6
14950,"simple explanation why",3,6
14951,"fully chaotic",2,6
14952,"geometric phase transition",3,6
14953,"long living",2,6
14954,"builds up",2,6
14955,"anisotropic stress tensor",3,6
14956,"noether charges",2,6
14957,"schwarzian derivative",2,6
14958,"collective coordinates",2,6
14959,"riemann zeta functions",3,6
14960,"short baseline",2,6
14961,"charged kaons",2,6
14962,"sigma upper limits",3,6
14963,"leptonic decay constants",3,6
14964,"lepton pair production cross section",5,6
14965,"new physics reach",3,6
14966,"spin polarized proton collisions",4,6
14967,"partial branching fractions",3,6
14968,"proton synchrotron",2,6
14969,"ginsparg wilson",2,6
14970,"resolution conjecture",2,6
14971,"overlap dirac operator",3,6
14972,"energy transfer squared",3,6
14973,"fat tails",2,6
14974,"toroidal magnetic",2,6
14975,"experimental data recorded",3,6
14976,"dye doped",2,6
14977,"diagnostic tools",2,6
14978,"dramatic change",2,6
14979,"response curves",2,6
14980,"mie theory",2,6
14981,"double quantum fluctuations",3,6
14982,"heat current",2,6
14983,"diffusive flux",2,6
14984,"space time dilation",3,6
14985,"bounded rationality",2,6
14986,"newtonian mechanics",2,6
14987,"current density profile",3,6
14988,"enhancement filter",2,6
14989,"lung ct images",3,6
14990,"magnetohydrodynamic mhd turbulence",3,6
14991,"infrared laser",2,6
14992,"thz range",2,6
14993,"emulsion target",2,6
14994,"rich detector",2,6
14995,"initial value problems",3,6
14996,"stocks traded",2,6
14997,"phantom fields",2,6
14998,"priori assumptions",2,6
14999,"al pra",2,6
15000,"substantially lower",2,6
15001,"hyperfine levels",2,6
15002,"wave plate",2,6
15003,"under favorable",2,6
15004,"earth rotation",2,6
15005,"drastically reduced",2,6
15006,"level splittings",2,6
15007,"hadron gas",2,6
15008,"vapor cell",2,6
15009,"evolves according",2,6
15010,"effective hamiltonian describing",3,6
15011,"ionization potentials",2,6
15012,"square root system",3,6
15013,"crystalline silicon",2,6
15014,"navier stokes equation",3,6
15015,"physically correct",2,6
15016,"invent math",2,6
15017,"vector solitons",2,6
15018,"nuclear magnetic resonance",3,6
15019,"irreversible process",2,6
15020,"high finesse",2,6
15021,"condensation bec",2,6
15022,"schmidt decomposition",2,6
15023,"probabilistic description",2,6
15024,"vibrational levels",2,6
15025,"gauss sum",2,6
15026,"quantum information science",3,6
15027,"counting scheme",2,6
15028,"asymptotic equivalence",2,6
15029,"collective attacks",2,6
15030,"bell type inequality",3,6
15031,"mathematical characterization",2,6
15032,"held fixed",2,6
15033,"sure convergence",2,6
15034,"clauser horne shimony holt",4,6
15035,"gate array",2,6
15036,"highly excited states",3,6
15037,"quantum information encoded",3,6
15038,"spin squeezing",2,6
15039,"extremal graph",2,6
15040,"anharmonic oscillator",2,6
15041,"system passes through",3,6
15042,"unsorted database",2,6
15043,"bell type inequalities",3,6
15044,"entanglement swapping",2,6
15045,"forward backward stochastic processes",4,6
15046,"experimental data suggest",3,6
15047,"infectious disease",2,6
15048,"explanatory variables",2,6
15049,"translation symmetry",2,6
15050,"combinatorial characterization",2,6
15051,"non linear programming lp",4,6
15052,"ergodic behavior",2,6
15053,"explicit treatment",2,6
15054,"proper design",2,6
15055,"network coding",2,6
15056,"programming languages",2,6
15057,"differ substantially",2,6
15058,"model building blocks",3,6
15059,"image sequences",2,6
15060,"computer graphics",2,6
15061,"slow fading channel",3,6
15062,"discrete memoryless channels",3,6
15063,"conceptual design",2,6
15064,"performance metrics",2,6
15065,"fully polynomial time",3,6
15066,"processing units",2,6
15067,"perfect codes",2,6
15068,"martensitic phase",2,6
15069,"industrial applications",2,6
15070,"physical association",2,6
15071,"hertzsprung russell diagram",3,6
15072,"dwarf cooling",2,6
15073,"distance indicator",2,6
15074,"chemical vapor",2,6
15075,"radioactive decay",2,6
15076,"spectroscopic surveys",2,6
15077,"wide field spectrograph",3,6
15078,"emission originates",2,6
15079,"coronal holes",2,6
15080,"virial radius",2,6
15081,"da white dwarfs",3,6
15082,"19th century",2,6
15083,"current epoch",2,6
15084,"theoretical explanation",2,6
15085,"current observational constraints",3,6
15086,"vacuum ultraviolet",2,6
15087,"remain unresolved",2,6
15088,"comptonization model",2,6
15089,"extreme ultraviolet imaging",3,6
15090,"energy stored",2,6
15091,"quasi circular",2,6
15092,"wmap 3-year",2,6
15093,"background cmb anisotropies",3,6
15094,"keck hires spectra",3,6
15095,"corot satellite",2,6
15096,"circumstellar discs",2,6
15097,"around young massive stars",4,6
15098,"chi square",2,6
15099,"direct urca process",3,6
15100,"reverberation mapping",2,6
15101,"radiation transport",2,6
15102,"preliminary numerical",2,6
15103,"latest developments",2,6
15104,"sfr msun yr",3,6
15105,"line strengths",2,6
15106,"bonnor ebert",2,6
15107,"matter annihilation",2,6
15108,"transit light curve",3,6
15109,"total kinetic",2,6
15110,"comoving coordinates",2,6
15111,"lte model",2,6
15112,"stellar content",2,6
15113,"dust shell",2,6
15114,"vlti midi",2,6
15115,"waves gw",2,6
15116,"accumulated over",2,6
15117,"bulk viscosity coefficient",3,6
15118,"minkowski functionals",2,6
15119,"temporal behaviour",2,6
15120,"integral observatory",2,6
15121,"chi2 minimization",2,6
15122,"rolling tachyon",2,6
15123,"friedman robertson walker",3,6
15124,"hair theorems",2,6
15125,"keplerian orbits",2,6
15126,"brick wall",2,6
15127,"wedge product",2,6
15128,"doubly special relativity",3,6
15129,"manifolds admitting",2,6
15130,"de sitter space time",4,6
15131,"non perturbative treatment",3,6
15132,"nonlinear pde",2,6
15133,"energy conservation law",3,6
15134,"regular everywhere",2,6
15135,"volume averaged",2,6
15136,"per se",2,6
15137,"friedmann robertson walker flrw",4,6
15138,"reissner nordstrom solution",3,6
15139,"ia supernova",2,6
15140,"latest experimental data",3,6
15141,"direct detection limits",3,6
15142,"charged lepton asymmetry",3,6
15143,"right handed majorana neutrinos",4,6
15144,"visible brane",2,6
15145,"lepton flavor violation",3,6
15146,"triple pomeron",2,6
15147,"yukawa matrices",2,6
15148,"essentially complete",2,6
15149,"baryon number violation",3,6
15150,"transversality condition",2,6
15151,"unitarity condition",2,6
15152,"experimental errors",2,6
15153,"hadronization process",2,6
15154,"dependent parton",2,6
15155,"qcd pqcd",2,6
15156,"break around",2,6
15157,"antiproton beam",2,6
15158,"total cross section sigma",4,6
15159,"moderate coupling",2,6
15160,"ultraviolet cutoff",2,6
15161,"pseudo goldstone bosons",3,6
15162,"lepton sectors",2,6
15163,"mueller navelet jets",3,6
15164,"nuclear parton distributions",3,6
15165,"bottom baryons",2,6
15166,"lepton universality",2,6
15167,"unintegrated parton distributions",3,6
15168,"bar k0",2,6
15169,"big enough",2,6
15170,"neutral higgs boson",3,6
15171,"pure su yang mills theories",5,6
15172,"restrictive conditions",2,6
15173,"neutral current fcnc processes",4,6
15174,"neutral scalars",2,6
15175,"flavour structure",2,6
15176,"splitting delta",2,6
15177,"cohomological techniques",2,6
15178,"approximation breaks",2,6
15179,"renormalization group rg flow",4,6
15180,"grassmannian variables",2,6
15181,"vortex lines",2,6
15182,"nonnegative real",2,6
15183,"heterotic strings",2,6
15184,"intersecting brane configurations",3,6
15185,"dp brane",2,6
15186,"uniform magnetic field theory",4,6
15187,"anomaly equations",2,6
15188,"del pezzo surface",3,6
15189,"twistor string",2,6
15190,"instanton generated",2,6
15191,"toric calabi yau",3,6
15192,"experimental program",2,6
15193,"clear cut",2,6
15194,"lambda tev",2,6
15195,"ep scattering",2,6
15196,"eigenvalue distribution",2,6
15197,"md simulations",2,6
15198,"renormalization group actions",3,6
15199,"capillary waves",2,6
15200,"multicanonical simulations",2,6
15201,"clover improved",2,6
15202,"globally regular",2,6
15203,"ads spacetime",2,6
15204,"green schwarz superstring",3,6
15205,"conformal sector",2,6
15206,"orbifold compactifications",2,6
15207,"asymptotic bethe ansatz",3,6
15208,"glueball spectrum",2,6
15209,"sym plasma",2,6
15210,"cosmological applications",2,6
15211,"ns branes",2,6
15212,"kac moody algebra",3,6
15213,"eternally inflating",2,6
15214,"horizon size",2,6
15215,"small angle theta",3,6
15216,"compact calabi yau",3,6
15217,"near infra red",3,6
15218,"gauge singlets",2,6
15219,"phase transition amplitudes",3,6
15220,"parameter choices",2,6
15221,"ads3 cft2",2,6
15222,"luminous blue",2,6
15223,"thermal dust",2,6
15224,"metallicity determinations",2,6
15225,"al iii",2,6
15226,"international space station iss",4,6
15227,"upcoming surveys",2,6
15228,"intrinsic variability",2,6
15229,"parkes telescope",2,6
15230,"ultraviolet uv optical",3,6
15231,"ia supernovae",2,6
15232,"radio supernovae sne",3,6
15233,"circle patterns",2,6
15234,"multi fluid",2,6
15235,"cyg x-3",2,6
15236,"echelle spectra",2,6
15237,"las campanas observatory",3,6
15238,"transmission electron microscope",3,6
15239,"molecular cloud cores",3,6
15240,"accreted material",2,6
15241,"sn ia",2,6
15242,"luminosity classes",2,6
15243,"infrared colours",2,6
15244,"elliptical galaxy clusters",3,6
15245,"space exploration",2,6
15246,"electrical currents",2,6
15247,"around hd",2,6
15248,"profile variations",2,6
15249,"blue compact dwarf galaxies",4,6
15250,"mildly relativistic",2,6
15251,"sharc ii",2,6
15252,"transient nature",2,6
15253,"black hole imbh",3,6
15254,"map making",2,6
15255,"exchange rates",2,6
15256,"iram 30m telescope",3,6
15257,"propagate over",2,6
15258,"hot corona",2,6
15259,"put strong constraints",3,6
15260,"near infrared colors",3,6
15261,"depth dependent",2,6
15262,"flip flop",2,6
15263,"colour index",2,6
15264,"distance moduli",2,6
15265,"absolute masses",2,6
15266,"monitor project",2,6
15267,"log xi",2,6
15268,"stand alone",2,6
15269,"ideal laboratory",2,6
15270,"glast large",2,6
15271,"red colours",2,6
15272,"eclipse depth",2,6
15273,"baryon acoustic oscillations bao",4,6
15274,"detached eclipsing binary system",4,6
15275,"north galactic",2,6
15276,"redshift zero",2,6
15277,"reaction network",2,6
15278,"lever arm",2,6
15279,"pauli exclusion principle",3,6
15280,"large array vla observations",4,6
15281,"solar dynamo",2,6
15282,"two level populations",3,6
15283,"young massive star formation",4,6
15284,"triplet lines",2,6
15285,"hd 209458b",2,6
15286,"lensing measurements",2,6
15287,"rossiter mclaughlin effect",3,6
15288,"system sizes up",3,6
15289,"differ markedly",2,6
15290,"full sky maps",3,6
15291,"confirms earlier",2,6
15292,"espadons spectropolarimeter",2,6
15293,"gaseous medium",2,6
15294,"hopping rate",2,6
15295,"factorized form",2,6
15296,"reciprocal symmetric",2,6
15297,"pr ufer",2,6
15298,"band edge states",3,6
15299,"dirac version",2,6
15300,"particle hamiltonians",2,6
15301,"calogero sutherland type",3,6
15302,"detailed balance condition",3,6
15303,"imaginary axis",2,6
15304,"isolated eigenvalues",2,6
15305,"nuclear magnetic resonance nmr",4,6
15306,"screw dislocations",2,6
15307,"highly asymmetric",2,6
15308,"self avoiding walks",3,6
15309,"minimum conductivity",2,6
15310,"residual resistivity",2,6
15311,"hole densities",2,6
15312,"infinite dilution",2,6
15313,"nematic state",2,6
15314,"larmor precession",2,6
15315,"thin films having",3,6
15316,"resistive transition",2,6
15317,"charge exchange interaction",3,6
15318,"band bending",2,6
15319,"force microscope",2,6
15320,"quantum mechanical oscillator",3,6
15321,"reversal symmetry",2,6
15322,"ordering kinetics",2,6
15323,"la 2-x srxcuo4",3,6
15324,"mean field theories",3,6
15325,"delta correlated",2,6
15326,"striking contrast",2,6
15327,"supercooled water",2,6
15328,"atom chip",2,6
15329,"bose einstein condensates becs",4,6
15330,"melting transition",2,6
15331,"worm like",2,6
15332,"muon spin dynamics",3,6
15333,"interspecies interaction",2,6
15334,"probability densities",2,6
15335,"half doped",2,6
15336,"contact angles",2,6
15337,"qualitatively agree",2,6
15338,"energy density fluctuations",3,6
15339,"polarization switching",2,6
15340,"co oxidation",2,6
15341,"parameters entering",2,6
15342,"2d electron gas",3,6
15343,"box size",2,6
15344,"two dimensional ising spin",4,6
15345,"differ considerably",2,6
15346,"coplanar waveguide",2,6
15347,"self consistent born approximation",4,6
15348,"consistent gw",2,6
15349,"piezoelectric properties",2,6
15350,"ultra low temperature",3,6
15351,"layer graphene layers",3,6
15352,"oscillatory dependence",2,6
15353,"monoclinic phases",2,6
15354,"pi conjugated",2,6
15355,"pumped charge pumping",3,6
15356,"cuo2 plane",2,6
15357,"frustrated ising spin",3,6
15358,"kondo resonance",2,6
15359,"layered superconductor",2,6
15360,"complete suppression",2,6
15361,"screened coulomb interactions",3,6
15362,"band tail",2,6
15363,"order cumulant",2,6
15364,"plane wave function",3,6
15365,"falls within",2,6
15366,"inter atomic",2,6
15367,"aharonov bohm type",3,6
15368,"helical magnetic",2,6
15369,"specular reflection",2,6
15370,"reflected backward",2,6
15371,"gaussian curvature",2,6
15372,"noise intensity ratio",3,6
15373,"oxygen molecules",2,6
15374,"ultracold neutral",2,6
15375,"heavy fermion superconductors",3,6
15376,"centrality measures",2,6
15377,"number conservation",2,6
15378,"time dependent hartree fock",4,6
15379,"chemical vapor deposition",3,6
15380,"complex valued functions",3,6
15381,"doping dependent",2,6
15382,"quantum cascade lasers",3,6
15383,"disordered initial state",3,6
15384,"ms scheme",2,6
15385,"intermolecular potential",2,6
15386,"magneto transport properties",3,6
15387,"walled carbon nanotubes swnts",4,6
15388,"counting technique",2,6
15389,"aging behavior",2,6
15390,"mn ions",2,6
15391,"fold degeneracy",2,6
15392,"noncentrosymmetric superconductors",2,6
15393,"memory devices",2,6
15394,"main qualitative",2,6
15395,"wznw model",2,6
15396,"substantial enhancement",2,6
15397,"vertically aligned",2,6
15398,"twenty five",2,6
15399,"bare coupling",2,6
15400,"system size scaling behavior",4,6
15401,"bits qubits",2,6
15402,"hydrostatic pressures up",3,6
15403,"trapped surfaces",2,6
15404,"weight modules",2,6
15405,"central division algebra",3,6
15406,"regularization schemes",2,6
15407,"site percolation",2,6
15408,"associative algebra",2,6
15409,"categorical version",2,6
15410,"planar convex",2,6
15411,"initial datum",2,6
15412,"dependent sequences",2,6
15413,"hodge conjecture",2,6
15414,"groupe de",2,6
15415,"likelihood estimator",2,6
15416,"non triviality",2,6
15417,"bounded domain omega",3,6
15418,"enumerative geometry",2,6
15419,"diffeomorphism group",2,6
15420,"highly constrained",2,6
15421,"crepant resolution conjecture",3,6
15422,"hasse principle",2,6
15423,"logarithmic growth",2,6
15424,"hidden markov chain",3,6
15425,"return probability",2,6
15426,"kazhdan lusztig polynomials",3,6
15427,"lexicographic order",2,6
15428,"modular curve",2,6
15429,"sheaf cohomology",2,6
15430,"koszul duality",2,6
15431,"discrete valuation",2,6
15432,"navier stokes alpha",3,6
15433,"avoiding permutations",2,6
15434,"stochastic calculus",2,6
15435,"orientation preserving",2,6
15436,"long time domain",3,6
15437,"reciprocity law",2,6
15438,"logarithmic sobolev inequality",3,6
15439,"homogeneous poisson",2,6
15440,"strictly stationary",2,6
15441,"integral weight",2,6
15442,"rotor router",2,6
15443,"newton polygon",2,6
15444,"knot floer homology",3,6
15445,"completeness limit",2,6
15446,"augmentation ideal",2,6
15447,"auslander reiten",2,6
15448,"non vanishing theorem",3,6
15449,"baumslag solitar",2,6
15450,"commutative subalgebras",2,6
15451,"quasi coherent sheaves",3,6
15452,"nonholonomic constraints",2,6
15453,"non linear functionals",3,6
15454,"self intersections",2,6
15455,"see below",2,6
15456,"nonparametric regression models",3,6
15457,"learning rules",2,6
15458,"nonparametric regression",2,6
15459,"expected utility",2,6
15460,"separable unital",2,6
15461,"sequential dynamical systems",3,6
15462,"remained open problem",3,6
15463,"easy access",2,6
15464,"operator valued function",3,6
15465,"pile up",2,6
15466,"gorenstein projective",2,6
15467,"dg categories",2,6
15468,"cr functions",2,6
15469,"gibbs sampler",2,6
15470,"dilepton invariant",2,6
15471,"multifragmentation model",2,6
15472,"relativistic heavy quark",3,6
15473,"eta photoproduction",2,6
15474,"thermalization time",2,6
15475,"temporal variation",2,6
15476,"picks up",2,6
15477,"gravitational heating",2,6
15478,"technical difficulties",2,6
15479,"micrometer sized",2,6
15480,"pacific ocean",2,6
15481,"fluid mech",2,6
15482,"particles suspended",2,6
15483,"mirror symmetric",2,6
15484,"averaged spectrum",2,6
15485,"go over",2,6
15486,"high spatial distribution",3,6
15487,"singular perturbation",2,6
15488,"dilute solution",2,6
15489,"chain length scales",3,6
15490,"intra operative",2,6
15491,"rapid variation",2,6
15492,"topologically ordered",2,6
15493,"long sought",2,6
15494,"electric circuit",2,6
15495,"pure water",2,6
15496,"average kinetic energy",3,6
15497,"permanent magnet",2,6
15498,"assumptions regarding",2,6
15499,"hele shaw cell",3,6
15500,"beam pipe",2,6
15501,"dow jones",2,6
15502,"rydberg states",2,6
15503,"time delayed",2,6
15504,"joint action",2,6
15505,"cavity enhanced",2,6
15506,"high spatial variation",3,6
15507,"dye molecules",2,6
15508,"size distribution functions",3,6
15509,"light element",2,6
15510,"environmental temperature",2,6
15511,"slow light propagation",3,6
15512,"minimum bias",2,6
15513,"transverse momentum space",3,6
15514,"ultracold neutrons",2,6
15515,"charm physics",2,6
15516,"gran sasso national",3,6
15517,"geometrical quantities",2,6
15518,"social interactions",2,6
15519,"erdos renyi graphs",3,6
15520,"wild type",2,6
15521,"free energy landscape",3,6
15522,"variational inequalities",2,6
15523,"persistence length",2,6
15524,"wang et",2,6
15525,"hiv infection",2,6
15526,"abundance patterns",2,6
15527,"socio economic",2,6
15528,"tridiagonal matrix",2,6
15529,"maximally mixed state",3,6
15530,"local resistance",2,6
15531,"local unitary transformations",3,6
15532,"witten invariants",2,6
15533,"self adjoint extension",3,6
15534,"sub barrier",2,6
15535,"expectation value problem",3,6
15536,"twin beams",2,6
15537,"optical parametric amplifier",3,6
15538,"heterodyne detection",2,6
15539,"quantum key distribution qkd protocol",5,6
15540,"unit mass",2,6
15541,"seiberg dual matters",3,6
15542,"ns flux",2,6
15543,"r4 term",2,6
15544,"bel robinson",2,6
15545,"instanton induced",2,6
15546,"gravitational instantons",2,6
15547,"higher derivative corrections",3,6
15548,"manifestly supersymmetric",2,6
15549,"lattice boltzmann equation",3,6
15550,"weak gravitational radiation",3,6
15551,"iib supergravity",2,6
15552,"ads vacua",2,6
15553,"hubbard like",2,6
15554,"separable metric",2,6
15555,"fixing procedure",2,6
15556,"wigner moyal",2,6
15557,"slavnov taylor",2,6
15558,"field strengths",2,6
15559,"invariant bilinear",2,6
15560,"backlund transformations",2,6
15561,"wick rotation",2,6
15562,"homogeneous electric",2,6
15563,"embedding tensor",2,6
15564,"instanton representation",2,6
15565,"axial anomaly",2,6
15566,"bosonic string theory",3,6
15567,"extremal black hole entropy",4,6
15568,"closed field theories",3,6
15569,"intimate connection",2,6
15570,"total internal",2,6
15571,"diffeomorphism invariance",2,6
15572,"fifth order",2,6
15573,"klebanov strassler throat",3,6
15574,"functional programs",2,6
15575,"bi directional",2,6
15576,"fusion center",2,6
15577,"overlap distribution",2,6
15578,"abstract domains",2,6
15579,"arbitrary precision",2,6
15580,"detection rates",2,6
15581,"hybrid arq",2,6
15582,"graphical representation",2,6
15583,"sat problem",2,6
15584,"ambient matter",2,6
15585,"unidentified egret",2,6
15586,"sky survey ukidss",3,6
15587,"reconnection events",2,6
15588,"spiral arm",2,6
15589,"minimum variance",2,6
15590,"considerably higher",2,6
15591,"circumstellar disc",2,6
15592,"southern sky",2,6
15593,"isotopic composition",2,6
15594,"speckle noise",2,6
15595,"ultrahigh energy spectrum",3,6
15596,"baseline array",2,6
15597,"united kingdom",2,6
15598,"accretion disk surrounding",3,6
15599,"total flux variations",3,6
15600,"bremsstrahlung photons emitted",3,6
15601,"clusters tend",2,6
15602,"velocity dispersion sigma",3,6
15603,"cross correlating",2,6
15604,"time delays",2,6
15605,"series rings",2,6
15606,"spiral galaxy m33",3,6
15607,"inner parts",2,6
15608,"phase acquired",2,6
15609,"face value",2,6
15610,"parametric instability",2,6
15611,"characteristic age",2,6
15612,"held constant",2,6
15613,"galactic rotation curves",3,6
15614,"ultraviolet imaging",2,6
15615,"born again",2,6
15616,"mid infrared wavelengths",3,6
15617,"projected separations",2,6
15618,"canonical kinetic energy",3,6
15619,"ir colors",2,6
15620,"bipolar jet",2,6
15621,"law index",2,6
15622,"gravitational radii",2,6
15623,"differential imaging",2,6
15624,"preliminary version",2,6
15625,"internetwork regions",2,6
15626,"key component",2,6
15627,"practically constant",2,6
15628,"grating spectrometer",2,6
15629,"transit time",2,6
15630,"radio powers",2,6
15631,"longer timescales",2,6
15632,"pop ii",2,6
15633,"milli arcsecond",2,6
15634,"primary cosmic",2,6
15635,"hi rich",2,6
15636,"3d radiative transfer code",4,6
15637,"likelihood estimation",2,6
15638,"planned surveys",2,6
15639,"finite size distribution",3,6
15640,"photospheric absorption lines",3,6
15641,"spectroscopic binaries",2,6
15642,"moderate luminosity",2,6
15643,"upcoming observations",2,6
15644,"high latitudes",2,6
15645,"surveys like",2,6
15646,"template spectra",2,6
15647,"differential rotation rate",3,6
15648,"per unit mass",3,6
15649,"kinematical range",2,6
15650,"planetary nebula pn",3,6
15651,"eso vlt fors2",3,6
15652,"circular polarization signals",3,6
15653,"radio wavelengths",2,6
15654,"open cluster ic",3,6
15655,"merger remnants",2,6
15656,"outer ring",2,6
15657,"free streaming",2,6
15658,"baryonic acoustic",2,6
15659,"dense clouds",2,6
15660,"elemental abundance",2,6
15661,"3d hydrodynamical simulations",3,6
15662,"formation rate sfr",3,6
15663,"detailed comparisons",2,6
15664,"keck observatory",2,6
15665,"parent stars",2,6
15666,"enhanced transmission through",3,6
15667,"fuse observations",2,6
15668,"nonextensive statistical mechanics",3,6
15669,"fireball model",2,6
15670,"break galaxy",2,6
15671,"few seconds",2,6
15672,"faint radio",2,6
15673,"long baseline array",3,6
15674,"planck length scale",3,6
15675,"dirac spinors",2,6
15676,"frequencies omega",2,6
15677,"orthogonal ensemble",2,6
15678,"y1 y2",2,6
15679,"lie algebroids",2,6
15680,"feynman integrals",2,6
15681,"act like",2,6
15682,"exterior region",2,6
15683,"lyra geometry",2,6
15684,"topological arguments",2,6
15685,"evaporating black hole",3,6
15686,"approach unity",2,6
15687,"friedmann lemaitre",2,6
15688,"long wavelength limit",3,6
15689,"dimensionless ratio",2,6
15690,"ring down",2,6
15691,"riemann flat",2,6
15692,"gate electrodes",2,6
15693,"voronoi diagram",2,6
15694,"electron microscope",2,6
15695,"fourier transformed",2,6
15696,"single impurity",2,6
15697,"flow coefficient",2,6
15698,"computer scientists",2,6
15699,"amorphous silica",2,6
15700,"fused silica",2,6
15701,"resonance peak structure",3,6
15702,"low frequency dependent",3,6
15703,"double occupancy",2,6
15704,"twisted boundary conditions",3,6
15705,"glass beads",2,6
15706,"capillary condensation",2,6
15707,"becomes weaker",2,6
15708,"homo lumo",2,6
15709,"conductance fluctuations",2,6
15710,"damped oscillation",2,6
15711,"two dimensional electron transport properties",5,6
15712,"aharonov bohm oscillations",3,6
15713,"condensed phase",2,6
15714,"smoothly varying",2,6
15715,"carrier mobility",2,6
15716,"wall boundary",2,6
15717,"intensity profiles",2,6
15718,"thermally stimulated",2,6
15719,"two dimensional 2d electron",4,6
15720,"unequal masses",2,6
15721,"dramatic enhancement",2,6
15722,"trapped bose gas",3,6
15723,"casimir polder",2,6
15724,"nanometer thick",2,6
15725,"random permutations",2,6
15726,"binding energy density",3,6
15727,"symmetric exclusion process",3,6
15728,"slightly deformed",2,6
15729,"spin phonon",2,6
15730,"feynman vernon",2,6
15731,"viral capsids",2,6
15732,"solid coexistence",2,6
15733,"rf field",2,6
15734,"correlated electron systems",3,6
15735,"superconducting wires",2,6
15736,"1-x ca",2,6
15737,"atomic scale structure",3,6
15738,"undoped graphene",2,6
15739,"perfect transmission through",3,6
15740,"sutherland model",2,6
15741,"angle theta pi",3,6
15742,"itinerant electron",2,6
15743,"lifshitz type",2,6
15744,"overlapping resonances",2,6
15745,"lifshitz gilbert",2,6
15746,"inside carbon nanotubes",3,6
15747,"magnetic susceptibility chi",3,6
15748,"flashing ratchet",2,6
15749,"fermi surface fs",3,6
15750,"single electron phonon coupling",4,6
15751,"projector augmented",2,6
15752,"defect formation",2,6
15753,"vibrational spectra",2,6
15754,"single atom pairs",3,6
15755,"quantum dot molecule",3,6
15756,"finite dimensional ising model",4,6
15757,"poisson solver",2,6
15758,"normal metals",2,6
15759,"antiferromagnetically ordered",2,6
15760,"transition occurring",2,6
15761,"induced ferroelectricity",2,6
15762,"fluctuations grow",2,6
15763,"intermetallic compound",2,6
15764,"isotropic nematic",2,6
15765,"triplet component",2,6
15766,"gibbs free",2,6
15767,"compactness theorem",2,6
15768,"laurent series",2,6
15769,"cluster algebra",2,6
15770,"stochastic partial differential equation",4,6
15771,"conditions ensuring",2,6
15772,"infinite cyclic",2,6
15773,"smooth projective surface",3,6
15774,"erd os",2,6
15775,"rate maximizing",2,6
15776,"hilbert schemes",2,6
15777,"quiver varieties",2,6
15778,"complete set theoretic",3,6
15779,"quasi polynomials",2,6
15780,"toric manifold",2,6
15781,"bounded measurable",2,6
15782,"lagrangian fibration",2,6
15783,"dimensional diffusions",2,6
15784,"direct summand",2,6
15785,"branched covering",2,6
15786,"virtual knots",2,6
15787,"gabor frames",2,6
15788,"g2 manifolds",2,6
15789,"killing spinors",2,6
15790,"nearly parallel",2,6
15791,"empty interior",2,6
15792,"random walk xn",3,6
15793,"laurent polynomial",2,6
15794,"zassenhaus conjecture",2,6
15795,"multiplier ideal sheaves",3,6
15796,"monomial ideal",2,6
15797,"tangent cone",2,6
15798,"integer multiples",2,6
15799,"diophantine equation",2,6
15800,"functional calculus",2,6
15801,"hermitian structures",2,6
15802,"commutative monoids",2,6
15803,"littlewood richardson",2,6
15804,"simple lie groups",3,6
15805,"lp boundedness",2,6
15806,"sturm liouville theory",3,6
15807,"littlewood paley",2,6
15808,"compact hausdorff space",3,6
15809,"plane containing",2,6
15810,"ramsey numbers",2,6
15811,"measure valued measures",3,6
15812,"nodal domains",2,6
15813,"first betti number",3,6
15814,"nonlinear schrodinger",2,6
15815,"rough path",2,6
15816,"minimization procedure",2,6
15817,"knot group",2,6
15818,"see theorem",2,6
15819,"continuous time series",3,6
15820,"hurst index",2,6
15821,"approximate analytic",2,6
15822,"restoring force",2,6
15823,"divisible groups",2,6
15824,"single pass",2,6
15825,"wright fisher",2,6
15826,"exclusion principle",2,6
15827,"two extremes",2,6
15828,"atom interferometry",2,6
15829,"lasing threshold",2,6
15830,"lowest order parameter",3,6
15831,"dressed state",2,6
15832,"noise induced decoherence",3,6
15833,"free boundary condition",3,6
15834,"mass eigenstates",2,6
15835,"hybrid mesons",2,6
15836,"electroweak precision tests",3,6
15837,"cascade decays",2,6
15838,"partonic cross sections",3,6
15839,"dilepton events",2,6
15840,"expression relating",2,6
15841,"standard big bang",3,6
15842,"approximate chiral",2,6
15843,"li abundances",2,6
15844,"experimental upper",2,6
15845,"quarkonium production",2,6
15846,"atmosphere code",2,6
15847,"generalized parton distribution",3,6
15848,"orbifold fixed points",3,6
15849,"field theory compactified",3,6
15850,"see saw mechanism",3,6
15851,"soft gluon resummation",3,6
15852,"equilibrium green function",3,6
15853,"four quark mass",3,6
15854,"perturbative qcd corrections",3,6
15855,"velocity variations",2,6
15856,"phenomenologically successful",2,6
15857,"valence quark",2,6
15858,"dalitz analysis",2,6
15859,"scalar qed",2,6
15860,"hard pomeron",2,6
15861,"d0 mixing parameters",3,6
15862,"dijet production",2,6
15863,"charmed meson decays",3,6
15864,"staggered fermion",2,6
15865,"complete synchronization",2,6
15866,"fitzhugh nagumo",2,6
15867,"space time derivative",3,6
15868,"random telegraph",2,6
15869,"intermediate polar",2,6
15870,"secondary eclipses",2,6
15871,"hidden markov models hmms",4,6
15872,"breakup process",2,6
15873,"nn interaction",2,6
15874,"slowly decaying",2,6
15875,"vacuum chamber",2,6
15876,"dna denaturation",2,6
15877,"peak brightness",2,6
15878,"canada france",2,6
15879,"sigma1 sigma2",2,6
15880,"microwave spectroscopy",2,6
15881,"nonlinear optical bistability",3,6
15882,"cahn hilliard",2,6
15883,"subwavelength holes",2,6
15884,"amorphous materials",2,6
15885,"polymer melt",2,6
15886,"powerful probes",2,6
15887,"treatment planning",2,6
15888,"van de",2,6
15889,"mean free energy density",4,6
15890,"hardy spaces",2,6
15891,"koll ar",2,6
15892,"moment maps",2,6
15893,"tensile strain",2,6
15894,"glass transitions",2,6
15895,"conductance plateaus",2,6
15896,"model selection effect",3,6
15897,"spectral shift",2,6
15898,"giant resonances",2,6
15899,"halpha images",2,6
15900,"photon plus",2,6
15901,"optical cavity modes",3,6
15902,"deconfined quarks",2,6
15903,"ahler metrics",2,6
15904,"secondary beams",2,6
15905,"fragment separator",2,6
15906,"asteroid belt asteroids",3,6
15907,"orbital moments",2,6
15908,"open subsets",2,6
15909,"riemannian spin",2,6
15910,"mean free path length",4,6
15911,"non additivity",2,6
15912,"lightest neutral higgs boson",4,6
15913,"extended emission lines",3,6
15914,"phase referencing",2,6
15915,"wave astronomy",2,6
15916,"numi beam",2,6
15917,"neumann boundary",2,6
15918,"polarized fermi",2,6
15919,"electron cyclotron resonance",3,6
15920,"minimal flavor",2,6
15921,"non abelian anyons",3,6
15922,"radial velocity variations",3,6
15923,"su grand",2,6
15924,"arbitrarily long",2,6
15925,"geometric phase space",3,6
15926,"double chooz",2,6
15927,"einstein yang mills",3,6
15928,"dm particles",2,6
15929,"warm dark matter",3,6
15930,"low lying excitations",3,6
15931,"two hop",2,6
15932,"beta pyrochlore",2,6
15933,"superconducting ring",2,6
15934,"x2 y2",2,6
15935,"noncommutative standard model",3,6
15936,"ray luminosities",2,6
15937,"self absorbing",2,6
15938,"ckm matrix elements",3,6
15939,"fourth generation quarks",3,6
15940,"delphi detector",2,6
15941,"photoemission data",2,6
15942,"evolution kernel",2,6
15943,"second planet",2,6
15944,"photonic entanglement",2,6
15945,"non detection limit",3,6
15946,"ob association",2,6
15947,"multiple andreev reflections",3,6
15948,"uniform superfluid",2,6
15949,"composite nature",2,6
15950,"number density functional theory",4,6
15951,"finite volume scheme",3,6
15952,"morphological classification",2,6
15953,"branes wrapping",2,6
15954,"synchrotron self compton",3,6
15955,"dwarf candidate",2,6
15956,"horizontal magnetic field",3,6
15957,"intraday variability",2,6
15958,"variational principles",2,6
15959,"delta mk",2,6
15960,"sky monitor",2,6
15961,"unitary ensembles",2,6
15962,"emergent gravity",2,6
15963,"nucleation rate",2,6
15964,"problem arose",2,6
15965,"cosmogenic neutrinos",2,6
15966,"orbifold constructions",2,6
15967,"atomic force microscopy afm",4,6
15968,"packing density",2,6
15969,"moves away",2,6
15970,"quasiparticle dispersion",2,6
15971,"dijkgraaf vafa",2,6
15972,"temperature ranges",2,6
15973,"quantum information theoretic",3,6
15974,"jucys murphy elements",3,6
15975,"numerical estimations",2,6
15976,"white noises",2,6
15977,"grains under",2,6
15978,"k0 bar b0",3,6
15979,"pade approximants",2,6
15980,"chiral perturbation theory chpt",4,6
15981,"wall crossing",2,6
15982,"tautological classes",2,6
15983,"symmetric bilinear",2,6
15984,"pp pi0",2,6
15985,"vari et es",3,6
15986,"bi hamiltonian structures",3,6
15987,"test bodies",2,6
15988,"physical resources",2,6
15989,"pattern avoidance",2,6
15990,"dispersion curve",2,6
15991,"total energy distribution",3,6
15992,"shuffle set",2,6
15993,"np completeness",2,6
15994,"nearby spiral galaxy m33",4,6
15995,"correctly reproduced",2,6
15996,"via leptogenesis",2,6
15997,"spinless fermions",2,6
15998,"analytical evaluation",2,6
15999,"methanol maser",2,6
16000,"excellent opportunity",2,6
16001,"service qos requirements",3,6
16002,"planck scale invariant",3,6
16003,"granular material",2,6
16004,"direct numerical methods",3,6
16005,"bogoliubov de gennes equations",4,6
16006,"hsd transport",2,6
16007,"arxiv hep ph",3,6
16008,"surface impedance",2,6
16009,"computational costs",2,6
16010,"graphene nanoribbon",2,6
16011,"flat rotation",2,6
16012,"ramsey fringes",2,6
16013,"chirped pulses",2,6
16014,"twist fields",2,6
16015,"round trip",2,6
16016,"template family",2,6
16017,"exterior derivative",2,6
16018,"ising spin glasses",3,6
16019,"hodge integrals",2,6
16020,"regular expressions",2,6
16021,"nonthermal electrons",2,6
16022,"bloch sphere",2,6
16023,"stat syst ps",3,6
16024,"potential drop",2,6
16025,"antiquark pair",2,6
16026,"geometrically thin",2,6
16027,"nf nc",2,6
16028,"entropy profiles",2,6
16029,"jupiter mass",2,6
16030,"viewing geometry",2,6
16031,"highly precise",2,6
16032,"density wave functions",3,6
16033,"stringent constraint",2,6
16034,"energy inequality",2,6
16035,"protein complexes",2,6
16036,"dilute magnetic field",3,6
16037,"final version",2,6
16038,"oxide heterostructures",2,6
16039,"intermediate mass distribution",3,6
16040,"homomorphic images",2,6
16041,"lee et",2,6
16042,"extreme mass ratio",3,6
16043,"ray photoelectron",2,6
16044,"locally compact groupoids",3,6
16045,"slightly modified",2,6
16046,"spanning subgraph",2,6
16047,"edges incident",2,6
16048,"beam polarizations",2,6
16049,"evolutionary phases",2,6
16050,"post main",2,6
16051,"silicon carbide",2,6
16052,"old stellar mass",3,6
16053,"winding numbers",2,6
16054,"birman murakami wenzl",3,6
16055,"loss cone",2,6
16056,"branching rules",2,6
16057,"word metric",2,6
16058,"bbgky hierarchy",2,6
16059,"finite element specific",3,6
16060,"principles calculation",2,6
16061,"lax representations",2,6
16062,"quenching phenomenon",2,6
16063,"spin lifetime",2,6
16064,"renormalizable interactions",2,6
16065,"weak equivalences",2,6
16066,"multi object spectrograph",3,6
16067,"energy balance equation",3,6
16068,"rare phenomenon",2,6
16069,"lensing signal",2,6
16070,"magnetoresistance mr",2,6
16071,"clearly demonstrates",2,6
16072,"multiple sites",2,6
16073,"konkoly observatory",2,6
16074,"polycrystalline sample",2,6
16075,"strongly influences",2,6
16076,"goes down",2,6
16077,"dwarf galaxy leo",3,6
16078,"wall carbon",2,6
16079,"gagliardo nirenberg",2,6
16080,"annual modulation",2,6
16081,"transport networks",2,6
16082,"massively parallel",2,6
16083,"simulated data sets",3,6
16084,"reshetikhin turaev",2,6
16085,"general consensus",2,6
16086,"transiting extrasolar planet",3,6
16087,"long term memory",3,6
16088,"prime graphs",2,6
16089,"band hubbard",2,6
16090,"japanese vlbi observations",3,6
16091,"total magnitudes",2,6
16092,"super earth",2,6
16093,"neutral atom",2,6
16094,"fully frustrated",2,6
16095,"theoretical evaluation",2,6
16096,"quantized coordinate",2,6
16097,"formula expressing",2,6
16098,"balance condition",2,6
16099,"hard diffractive",2,6
16100,"renormalization group running",3,6
16101,"conformal invariants",2,6
16102,"pp eta",2,6
16103,"chi c0",2,6
16104,"internal stress",2,6
16105,"mp mjup",2,6
16106,"alternate proof",2,6
16107,"electric dipole interaction",3,6
16108,"time reversal invariant",3,6
16109,"soft gamma ray",3,6
16110,"convective motions",2,6
16111,"low resolution spectroscopy",3,6
16112,"baryon number density",3,6
16113,"coupling unification scale",3,6
16114,"bern dixon",2,6
16115,"lens space",2,6
16116,"5s resonance",2,6
16117,"primordial non linear",3,6
16118,"equal strength",2,6
16119,"size scaling laws",3,6
16120,"closed subscheme",2,6
16121,"lattice polytope",2,6
16122,"coulomb collisions",2,6
16123,"highly non linear",3,6
16124,"axial vector mesons",3,6
16125,"helium recombination",2,6
16126,"fractional power law",3,6
16127,"mid infrared photometry",3,6
16128,"cosmological constants",2,6
16129,"organic compound",2,6
16130,"particle displacements",2,6
16131,"intermolecular interactions",2,6
16132,"multi mode frequencies",3,6
16133,"eigen value",2,6
16134,"pah emission",2,6
16135,"enumeration algorithm",2,6
16136,"bergman space",2,6
16137,"uniform performances",2,6
16138,"parallel kinematic architecture",3,6
16139,"moment generating",2,6
16140,"simple cubic lattices",3,6
16141,"merger event",2,6
16142,"night sky",2,6
16143,"proper description",2,6
16144,"hard probes",2,6
16145,"tetraquark states",2,6
16146,"dilatation structures",2,6
16147,"strongly interacting bosons",3,6
16148,"chordal graphs",2,6
16149,"stringy instanton",2,6
16150,"upper bound states",3,6
16151,"cdf ii",2,6
16152,"hess sources",2,6
16153,"multivariate gaussian",2,6
16154,"under hydrostatic equilibrium",3,6
16155,"initial data sets",3,6
16156,"numbers volume",2,6
16157,"heavy quark coalescence",3,6
16158,"matrix ensembles",2,6
16159,"repeater sgr",2,6
16160,"dipolar fields",2,6
16161,"anisotropic exchange interaction",3,6
16162,"time dependent ginzburg landau",4,6
16163,"binary system hd",3,6
16164,"smoothly connected",2,6
16165,"dynamo models",2,6
16166,"perturbatively stable",2,6
16167,"obstruction bundle",2,6
16168,"noncommutative symmetric",2,6
16169,"variance reduction",2,6
16170,"single antenna",2,6
16171,"measurable coefficients",2,6
16172,"bosons decaying",2,6
16173,"excellent candidate",2,6
16174,"nd yag",2,6
16175,"multipartite entanglement measure",3,6
16176,"galactic cepheids",2,6
16177,"boson peak",2,6
16178,"maxwell boltzmann distribution",3,6
16179,"moore read",2,6
16180,"analytic approximations",2,6
16181,"perturbative expansion around",3,6
16182,"compact expression",2,6
16183,"composite spectra",2,6
16184,"bose einstein condensation bec",4,6
16185,"j1-j2 model",2,6
16186,"oriented matroids",2,6
16187,"triplet channels",2,6
16188,"new vhe",2,6
16189,"occurred during",2,6
16190,"ell1 penalized",2,6
16191,"ginzburg landau gl",3,6
16192,"convective mixing",2,6
16193,"euler characteristic polynomial",3,6
16194,"logarithmic sobolev",2,6
16195,"dramatically enhance",2,6
16196,"babcock leighton",2,6
16197,"shock velocities",2,6
16198,"3-year wmap data",3,6
16199,"conformal blocks",2,6
16200,"almost perfectly",2,6
16201,"infrared reflectivity",2,6
16202,"unique solvability",2,6
16203,"coarse moduli spaces",3,6
16204,"quantum dot molecules",3,6
16205,"barrett crane",2,6
16206,"space time step",3,6
16207,"explicit analytical expressions",3,6
16208,"density gradients",2,6
16209,"sparse random",2,6
16210,"external influences",2,6
16211,"financial data",2,6
16212,"relativistic kinematics",2,6
16213,"inverse compton ic",3,6
16214,"point mutations",2,6
16215,"internal spaces",2,6
16216,"interval edge",2,6
16217,"crossed andreev reflection",3,6
16218,"viable mechanism",2,6
16219,"spin flavor",2,6
16220,"maximal abelian",2,6
16221,"weeks after",2,6
16222,"bright hii region",3,6
16223,"log canonical",2,6
16224,"band insulators",2,6
16225,"four momentum transfer squared",4,6
16226,"thereby making",2,6
16227,"cold nuclear",2,6
16228,"unstable periodic orbit",3,6
16229,"superconductor bi2sr2cacu2o8",2,6
16230,"improved wilson fermions",3,6
16231,"coherent backscattering",2,6
16232,"liquid crystalline",2,6
16233,"sur un",2,6
16234,"universal enveloping algebras",3,6
16235,"post newtonian pn",3,6
16236,"primarily driven",2,6
16237,"cold dark matter cdm",4,6
16238,"bc mesons",2,6
16239,"cellular automata ca",3,6
16240,"primordial density fluctuations",3,6
16241,"ultra high frequency",3,6
16242,"air shower array",3,6
16243,"bar pattern",2,6
16244,"superluminal motions",2,6
16245,"virial expansion",2,6
16246,"heavy fermion metals",3,6
16247,"blue wing",2,6
16248,"martensitic transformation",2,6
16249,"multivariate time series",3,6
16250,"least partially",2,6
16251,"self accelerating",2,6
16252,"phonon softening",2,6
16253,"accretion disk winds",3,6
16254,"residue classes",2,6
16255,"bosonic bath",2,6
16256,"existing theoretical models",3,6
16257,"genus two dimensional",3,6
16258,"inflationary dynamics",2,6
16259,"equal mass difference",3,6
16260,"castelnuovo mumford regularity",3,6
16261,"network synchronizability",2,6
16262,"dgp brane",2,6
16263,"guided modes",2,6
16264,"wildland fire",2,6
16265,"wind nebula",2,6
16266,"cyclotron frequency",2,6
16267,"negative integers",2,6
16268,"d4 brane",2,6
16269,"highest velocity",2,6
16270,"direct numerical scheme",3,6
16271,"ultra high energy distribution",4,6
16272,"c0 infty",2,6
16273,"interacting spinless",2,6
16274,"digital camera",2,6
16275,"core surrounded",2,6
16276,"continued fraction expansion",3,6
16277,"curvature driven",2,6
16278,"mass hierarchy problem",3,6
16279,"pseudo differential",2,6
16280,"glass like",2,6
16281,"apparent horizons",2,6
16282,"kaehler potential",2,6
16283,"homology spheres",2,6
16284,"dm annihilation",2,6
16285,"instanton vacuum",2,6
16286,"resolution echelle",2,6
16287,"xxz spin chain",3,6
16288,"essentially bounded",2,6
16289,"binary black hole binaries",4,6
16290,"single electron gas",3,6
16291,"sponsored search",2,6
16292,"spacelike hypersurfaces",2,6
16293,"interactive proof",2,6
16294,"zero temperature tc",3,6
16295,"magnetization curves",2,6
16296,"moduli scheme",2,6
16297,"type supergiant",2,6
16298,"charge sensing",2,6
16299,"quantitative evaluation",2,6
16300,"neutrino heating",2,6
16301,"obtain precise measurement",3,6
16302,"gaussian noise ratio",3,6
16303,"12c 13c",2,6
16304,"zigzag edge states",3,6
16305,"kinematical conditions",2,6
16306,"dislocation network",2,6
16307,"incoming particles",2,6
16308,"fully convective",2,6
16309,"maser emission",2,6
16310,"gr obner bases",3,6
16311,"gyr after",2,6
16312,"perturbative stability",2,6
16313,"new mexico",2,6
16314,"ann statist",2,6
16315,"koltchinskii discussion",2,6
16316,"riesz transforms",2,6
16317,"cyclooxygenase-2 inhibitor",2,6
16318,"soft excess emission line",4,6
16319,"lattice spacings",2,6
16320,"body decay",2,6
16321,"shaped pulses",2,6
16322,"mm wave",2,6
16323,"schr odinger functional",3,6
16324,"locally symmetric lrs",3,6
16325,"approximate identity",2,6
16326,"woods saxon",2,6
16327,"calibrated geometry",2,6
16328,"strong similarities",2,6
16329,"his collaborators",2,6
16330,"rays uhecrs",2,6
16331,"deformation parameter space",3,6
16332,"momentum vectors",2,6
16333,"doppler images",2,6
16334,"standard wilson fermions",3,6
16335,"sharp upper bound",3,6
16336,"chirally improved",2,6
16337,"grenoble france",2,6
16338,"stereoscopic system hess",3,6
16339,"antares detector",2,6
16340,"cr manifold",2,6
16341,"regression modeling arxiv",3,6
16342,"granger causality",2,6
16343,"phase gates",2,5
16344,"dicke theory",2,5
16345,"two photon absorption spectroscopy",4,5
16346,"uniform magnetic field strength",4,5
16347,"electro mechanical",2,5
16348,"fully entangled",2,5
16349,"mode squeezed state",3,5
16350,"aharonov casher",2,5
16351,"ring cavity",2,5
16352,"findings imply",2,5
16353,"transverse magnetic field theory",4,5
16354,"kraus operators",2,5
16355,"pauli group",2,5
16356,"spontaneous parametric downconversion",3,5
16357,"wormhole geometry",2,5
16358,"al proc",2,5
16359,"atom numbers",2,5
16360,"poschl teller",2,5
16361,"experimentally realizable",2,5
16362,"arbitrarily large class",3,5
16363,"bethe ansatz technique",3,5
16364,"quartic anharmonic",2,5
16365,"second harmonic oscillator",3,5
16366,"simple undirected",2,5
16367,"experimentally measurable",2,5
16368,"object oriented programming",3,5
16369,"entanglement concentration",2,5
16370,"complex scalar product",3,5
16371,"parametric amplifier",2,5
16372,"mean photon number",3,5
16373,"legitimate users",2,5
16374,"rare earth ions",3,5
16375,"stimulated raman adiabatic passage stirap",5,5
16376,"stimulated raman adiabatic passage",4,5
16377,"self contained proof",3,5
16378,"incompressibility constraint",2,5
16379,"metabolic network",2,5
16380,"soft tissues",2,5
16381,"behaves similarly",2,5
16382,"michaelis menten",2,5
16383,"sensory information",2,5
16384,"correlated noise ratio",3,5
16385,"stochastic processes involved",3,5
16386,"high energy gain",3,5
16387,"external force free",3,5
16388,"totally asymmetric",2,5
16389,"hilbert space time evolution",4,5
16390,"abelian sandpile model",3,5
16391,"general relativistic version",3,5
16392,"abel jacobi",2,5
16393,"tracy widom",2,5
16394,"vafa conjecture",2,5
16395,"renewal process",2,5
16396,"fractional diffusion equations",3,5
16397,"time division",2,5
16398,"multiple relay nodes",3,5
16399,"traveling salesman problem tsp",4,5
16400,"clausius inequality",2,5
16401,"noncooperative game",2,5
16402,"impulse radio frequency selective",4,5
16403,"hard decision",2,5
16404,"half duplex relay nodes",4,5
16405,"mathematical finance",2,5
16406,"algebraic structure functions",3,5
16407,"single hop wireless networks",4,5
16408,"kohonen algorithm",2,5
16409,"self organizing maps",3,5
16410,"arbitrarily large number",3,5
16411,"multiple antenna broadcast channel",4,5
16412,"journal impact",2,5
16413,"trend toward",2,5
16414,"iterative decoding",2,5
16415,"multiplexing gain",2,5
16416,"coverage probability",2,5
16417,"population size scaling",3,5
16418,"non trivial cycles",3,5
16419,"pair wise",2,5
16420,"single symbol",2,5
16421,"computationally tractable",2,5
16422,"varying channels",2,5
16423,"dimensional cube",2,5
16424,"triangular mesh",2,5
16425,"decision feedback",2,5
16426,"relational algebra",2,5
16427,"substantial differences",2,5
16428,"access pattern",2,5
16429,"false discovery rate fdr",4,5
16430,"symbolic manipulation",2,5
16431,"metric tensor perturbations",3,5
16432,"global vlbi images",3,5
16433,"non specialists",2,5
16434,"star forming galaxies abridged",4,5
16435,"cannonball model",2,5
16436,"diffuse interstellar clouds",3,5
16437,"spitzer space telescope hst",4,5
16438,"central engine activity",3,5
16439,"own solar system",3,5
16440,"canada france hawaii",3,5
16441,"hubble space telescope hst images",5,5
16442,"coronal mass ejections",3,5
16443,"age distribution function",3,5
16444,"mojave sample",2,5
16445,"tentative detection",2,5
16446,"cumulative distribution",2,5
16447,"dn dz",2,5
16448,"hardness ratio",2,5
16449,"soft gamma ray bursts",4,5
16450,"quasi periodic oscillations khz",4,5
16451,"hall mhd",2,5
16452,"index gamma ray emission",4,5
16453,"vertical stratification",2,5
16454,"weakly ionized plasma",3,5
16455,"millimeter wave",2,5
16456,"central engines",2,5
16457,"accreting millisecond",2,5
16458,"bubble chamber",2,5
16459,"powerful radio",2,5
16460,"vela pulsar",2,5
16461,"bal quasar",2,5
16462,"gravitational lensing analysis",3,5
16463,"warm dust",2,5
16464,"near ir luminosity",3,5
16465,"pc away",2,5
16466,"random phase coherence",3,5
16467,"dusty torus",2,5
16468,"rapidly rotating neutron stars",4,5
16469,"primordial non gaussianity",3,5
16470,"cold dark matter halos",4,5
16471,"empirically derived",2,5
16472,"age metallicity relation",3,5
16473,"obscured quasars",2,5
16474,"coronal mass",2,5
16475,"ejection cme",2,5
16476,"remained open",2,5
16477,"tidal force",2,5
16478,"mgii systems",2,5
16479,"metal abundance pattern",3,5
16480,"iron group",2,5
16481,"heavier elements",2,5
16482,"nearby elliptical",2,5
16483,"acs imaging",2,5
16484,"flames giraffe",2,5
16485,"galaxy mrk",2,5
16486,"circumnuclear gas",2,5
16487,"core accretion",2,5
16488,"near infrared dark",3,5
16489,"projected rotational",2,5
16490,"near infrared excess",3,5
16491,"rotating radio source",3,5
16492,"agn hosts",2,5
16493,"na mg",2,5
16494,"variable cosmological models",3,5
16495,"imaging air",2,5
16496,"reconnection site",2,5
16497,"herbig ae star hd",4,5
16498,"deep field hudf",3,5
16499,"polycyclic aromatic hydrocarbon",3,5
16500,"air showers eas",3,5
16501,"goods music",2,5
16502,"high energy bands",3,5
16503,"radio frequency bands",3,5
16504,"wave fronts",2,5
16505,"large databases",2,5
16506,"post bounce",2,5
16507,"period gap",2,5
16508,"lensing surveys",2,5
16509,"sunyaev zel dovich",3,5
16510,"high temperature profiles",3,5
16511,"sq arcmin",2,5
16512,"weakly interacting massive particles",4,5
16513,"tidal dwarf galaxies",3,5
16514,"hubble time evolution",3,5
16515,"strongly damped",2,5
16516,"mid ir excess emission",4,5
16517,"abundance determinations",2,5
16518,"metallicity environments",2,5
16519,"energy loss rate",3,5
16520,"transiting extrasolar planets",3,5
16521,"spectroscopic monitoring",2,5
16522,"off protons",2,5
16523,"central region centered",3,5
16524,"acoustic peak",2,5
16525,"strongly warped",2,5
16526,"nir images",2,5
16527,"transiting extrasolar",2,5
16528,"observing runs",2,5
16529,"solar flare occurred during",4,5
16530,"exponentially small scale",3,5
16531,"flat frw model",3,5
16532,"lambda cold dark matter",4,5
16533,"quiet quasars",2,5
16534,"fornax cluster ngc",3,5
16535,"hypernovae hne",2,5
16536,"extrasolar planetary systems",3,5
16537,"qpo frequency qpos",3,5
16538,"systems dlas",2,5
16539,"damped lyman alpha dla",4,5
16540,"seed photons",2,5
16541,"standard lcdm",2,5
16542,"pop iii",2,5
16543,"existing theoretical predictions",3,5
16544,"index alpha emission",3,5
16545,"moderate resolution",2,5
16546,"spectrograph irs spectra",3,5
16547,"nuclear starburst galaxy",3,5
16548,"nebular emission",2,5
16549,"background cmb shift",3,5
16550,"eso vlt isaac",3,5
16551,"sersic profiles",2,5
16552,"particle mesh",2,5
16553,"year monitoring",2,5
16554,"non saturated",2,5
16555,"below kev band",3,5
16556,"vertical distribution",2,5
16557,"giant elliptical galaxies",3,5
16558,"early type iii",3,5
16559,"merger events",2,5
16560,"chi persei",2,5
16561,"toward lower",2,5
16562,"accrete gas",2,5
16563,"thermally pulsing asymptotic giant",4,5
16564,"warm ionized",2,5
16565,"bayesian hierarchical",2,5
16566,"barred spiral galaxies",3,5
16567,"wiener hopf",2,5
16568,"functional integral equations",3,5
16569,"cosmic ray bursts",3,5
16570,"stellar photosphere",2,5
16571,"upcoming glast",2,5
16572,"whole sky survey",3,5
16573,"proto planetary nebula",3,5
16574,"weak gravitational lensing analysis",4,5
16575,"phase chemistry",2,5
16576,"timing explorer rxte",3,5
16577,"sigma errors",2,5
16578,"after correcting",2,5
16579,"sight velocities",2,5
16580,"mid ir photometry",3,5
16581,"sdss ugriz",2,5
16582,"global warming",2,5
16583,"total sfr",2,5
16584,"flight images",2,5
16585,"physical origins",2,5
16586,"pre swift era",3,5
16587,"cluster tuc",2,5
16588,"high energy injection",3,5
16589,"cosmic ray fluxes",3,5
16590,"galaxy catalogues",2,5
16591,"local density profiles",3,5
16592,"year monitoring campaign",3,5
16593,"cold dust",2,5
16594,"common envelope phase",3,5
16595,"detached eclipsing binaries",3,5
16596,"duration gamma ray burst",4,5
16597,"thermal evaporation",2,5
16598,"line seyfert galaxy",3,5
16599,"infrared array camera",3,5
16600,"astrophysical context",2,5
16601,"energy uhe",2,5
16602,"slit spectroscopy",2,5
16603,"telescope hst images",3,5
16604,"smoothed particle",2,5
16605,"normal distribution functions",3,5
16606,"spitzer wide",2,5
16607,"swift era",2,5
16608,"ae star",2,5
16609,"circumstellar disk surrounding",3,5
16610,"astronomical images",2,5
16611,"xmm newton observations suggest",4,5
16612,"ghz peaked",2,5
16613,"bethe heitler",2,5
16614,"planet searches",2,5
16615,"low luminosity agns",3,5
16616,"supermassive black hole sgr",4,5
16617,"group velocity dispersion",3,5
16618,"many respects",2,5
16619,"oh ir",2,5
16620,"accommodated within",2,5
16621,"azimuthally averaged",2,5
16622,"monoceros ring",2,5
16623,"ionised gas",2,5
16624,"weak gravitational field",3,5
16625,"nh cm",2,5
16626,"phase averaged spectra",3,5
16627,"redshift dependent",2,5
16628,"molecular gas phase",3,5
16629,"highly magnetized",2,5
16630,"dust settling",2,5
16631,"ir photometry",2,5
16632,"low density profile",3,5
16633,"homogeneously distributed",2,5
16634,"visual magnitude",2,5
16635,"vlt flames giraffe",3,5
16636,"band dropouts",2,5
16637,"highly singular",2,5
16638,"ion collider rhic",3,5
16639,"galex observations",2,5
16640,"spherically symmetrical",2,5
16641,"disk surrounding",2,5
16642,"hot dust",2,5
16643,"large class ii",3,5
16644,"hot big bang",3,5
16645,"unstable fixed",2,5
16646,"massive galaxies abridged",3,5
16647,"angular power",2,5
16648,"high temperature variations",3,5
16649,"evolutionary stages",2,5
16650,"atacama submillimeter telescope",3,5
16651,"latest type",2,5
16652,"self trapping",2,5
16653,"radiatively inefficient",2,5
16654,"eddington ratio",2,5
16655,"plotted against",2,5
16656,"absolute proper",2,5
16657,"large scale structure factor",4,5
16658,"reionization process",2,5
16659,"spectral energy ranges",3,5
16660,"vortex filaments",2,5
16661,"multiply imaged",2,5
16662,"fast dynamo",2,5
16663,"tracing simulations",2,5
16664,"steep decay",2,5
16665,"mach number density",3,5
16666,"density clumps",2,5
16667,"prestellar cores",2,5
16668,"soft gamma ray spectrum",4,5
16669,"bearing molecules",2,5
16670,"hawaii telescope",2,5
16671,"mauna kea",2,5
16672,"hydrodynamic instabilities",2,5
16673,"cluster virial theorem",3,5
16674,"alert telescope bat",3,5
16675,"few tev gamma",3,5
16676,"magnetohydrodynamics mhd",2,5
16677,"coronal loop",2,5
16678,"broad band photometry",3,5
16679,"bursts sgrbs",2,5
16680,"gamma ray luminosity",3,5
16681,"galex sdss",2,5
16682,"highly non gaussian",3,5
16683,"polarized intensity",2,5
16684,"mass loss history",3,5
16685,"integral field spectrographs",3,5
16686,"space telescope glast lat",4,5
16687,"magneto transport",2,5
16688,"composite stellar populations",3,5
16689,"blows up",2,5
16690,"mid infrared mir",3,5
16691,"spectrograph mounted",2,5
16692,"science run",2,5
16693,"lens models",2,5
16694,"intracluster stars",2,5
16695,"slow wind",2,5
16696,"low mass loss rate",4,5
16697,"weighted sobolev",2,5
16698,"verblunsky coefficients",2,5
16699,"ablowitz ladik",2,5
16700,"balance laws",2,5
16701,"morita context",2,5
16702,"ideal sheaves",2,5
16703,"donaldson thomas invariants",3,5
16704,"weighted composition operators",3,5
16705,"nonparametric estimation procedure",3,5
16706,"bernoulli random",2,5
16707,"twistor spaces",2,5
16708,"compressed sensing",2,5
16709,"askey wilson polynomials",3,5
16710,"average shortest",2,5
16711,"practical reasons",2,5
16712,"local density rho",3,5
16713,"too large number",3,5
16714,"mean value problem",3,5
16715,"non compact riemannian manifold",4,5
16716,"spectral slopes",2,5
16717,"hecke eigenforms",2,5
16718,"geometric langlands dual",3,5
16719,"excursion set",2,5
16720,"double coset",2,5
16721,"herzog huneke",2,5
16722,"riemannian metrics",2,5
16723,"deligne mumford stacks",3,5
16724,"sch utzenberger",2,5
16725,"hall littlewood",2,5
16726,"single server",2,5
16727,"queueing theory",2,5
16728,"negative integer",2,5
16729,"clebsch gordan coefficients",3,5
16730,"pseudoholomorphic curves",2,5
16731,"locally free sheaves",3,5
16732,"radon nikodym",2,5
16733,"outer automorphisms",2,5
16734,"infinite population",2,5
16735,"positive genus zero",3,5
16736,"non trapping",2,5
16737,"fourier modes",2,5
16738,"pseudo spectral",2,5
16739,"3d incompressible fluid",3,5
16740,"group rg",2,5
16741,"simple lie superalgebra",3,5
16742,"ergodic markov chain",3,5
16743,"alpha max",2,5
16744,"pre lie algebras",3,5
16745,"external forcing",2,5
16746,"mahler measure",2,5
16747,"sub riemannian geometry",3,5
16748,"irregular singularity",2,5
16749,"arithmetic geometric",2,5
16750,"marginal distribution",2,5
16751,"passage percolation",2,5
16752,"max plus",2,5
16753,"ideal triangulation",2,5
16754,"lyapunov functions",2,5
16755,"normal restitution",2,5
16756,"kadison singer problem",3,5
16757,"mean curvature cmc",3,5
16758,"low pass",2,5
16759,"renewal theory",2,5
16760,"scalar curvature invariants",3,5
16761,"asymptotically almost surely",3,5
16762,"richer structure",2,5
16763,"foliated manifold",2,5
16764,"nonlinear sigma",2,5
16765,"punctured disc",2,5
16766,"stress tensors",2,5
16767,"restrictive assumptions",2,5
16768,"polynomially bounded",2,5
16769,"milnor fibration",2,5
16770,"gelfand tsetlin",2,5
16771,"statistically robust",2,5
16772,"holomorphic vector bundles",3,5
16773,"nuisance parameter",2,5
16774,"two adjacent vertices",3,5
16775,"punctured riemann surfaces",3,5
16776,"2-calabi yau",2,5
16777,"nilpotent matrices",2,5
16778,"unstable fixed point",3,5
16779,"stochastic partial",2,5
16780,"two dimensional diffusions",3,5
16781,"uniform distribution function",3,5
16782,"lder continuity",2,5
16783,"besov space",2,5
16784,"primitive equations",2,5
16785,"edge disjoint",2,5
16786,"levi flat",2,5
16787,"holomorphic foliations",2,5
16788,"serre spectral sequence",3,5
16789,"leavitt path algebras",3,5
16790,"local analogs",2,5
16791,"dimensional hypercube",2,5
16792,"weierstrass points",2,5
16793,"systems possessing",2,5
16794,"irreducible sextics",2,5
16795,"system hd",2,5
16796,"iterative scheme",2,5
16797,"thurston norm",2,5
16798,"birational maps",2,5
16799,"toric fano",2,5
16800,"spectral triple quantum",3,5
16801,"variational formula",2,5
16802,"calderon zygmund",2,5
16803,"de giorgi",2,5
16804,"reine angew",2,5
16805,"trigonometric polynomials",2,5
16806,"rayleigh ritz",2,5
16807,"incompressible navier stokes equations",4,5
16808,"non holonomic",2,5
16809,"tube domain",2,5
16810,"tube domains",2,5
16811,"almost complex plane",3,5
16812,"gauge independence",2,5
16813,"quasi periodic solutions",3,5
16814,"hochschild cohomology groups",3,5
16815,"reverse engineering",2,5
16816,"isometrically embedded",2,5
16817,"backward stochastic process",3,5
16818,"piece wise",2,5
16819,"variable zeta functions",3,5
16820,"law behaviour",2,5
16821,"airy process",2,5
16822,"finitely many primes",3,5
16823,"fano manifolds",2,5
16824,"wasserstein distance",2,5
16825,"g2 manifold",2,5
16826,"fefferman graham",2,5
16827,"effective diffusivity",2,5
16828,"diagonal elements",2,5
16829,"absorbing boundary conditions",3,5
16830,"cell division",2,5
16831,"mild regularity assumptions",3,5
16832,"vy processes",2,5
16833,"cobordism classes",2,5
16834,"posterior distribution function",3,5
16835,"fractional laplacian",2,5
16836,"iterated integrals",2,5
16837,"de sitter black holes",4,5
16838,"initial hypersurface",2,5
16839,"asymptotically flat spacetime",3,5
16840,"order parameter estimation",3,5
16841,"robinson trautman",2,5
16842,"spacelike singularity",2,5
16843,"tangent vector",2,5
16844,"slowed down",2,5
16845,"wave vector field theory",4,5
16846,"sturm liouville",2,5
16847,"dust production",2,5
16848,"positive cosmological constant lambda",4,5
16849,"phantom divide line",3,5
16850,"interacting holographic dark matter",4,5
16851,"electro weak coupling",3,5
16852,"papapetrou equations",2,5
16853,"modified gravity phenomenology",3,5
16854,"pseudo riemannian geometry",3,5
16855,"generic initial singularity",3,5
16856,"complete characterisation",2,5
16857,"simple analytical solutions",3,5
16858,"refinement simulations",2,5
16859,"multi layered",2,5
16860,"equally distributed",2,5
16861,"cosmology lqc",2,5
16862,"wormhole solutions",2,5
16863,"massive scalar fields",3,5
16864,"newman penrose formalism",3,5
16865,"gravitationally interacting",2,5
16866,"stress energy density",3,5
16867,"rapidly expanding",2,5
16868,"bose hubbard like",3,5
16869,"dc current voltage",3,5
16870,"space time reversal",3,5
16871,"azimuthal symmetry",2,5
16872,"gaussian orthogonal ensemble",3,5
16873,"valence band gap",3,5
16874,"approximate analytical expression",3,5
16875,"low frequency omega",3,5
16876,"cooled down",2,5
16877,"sympathetic cooling",2,5
16878,"tetragonal phase transition",3,5
16879,"vortex solid",2,5
16880,"rare earth metals",3,5
16881,"neel state",2,5
16882,"aging regime",2,5
16883,"numerical renormalization group nrg",4,5
16884,"strong pinning",2,5
16885,"two dimensional electron gases",4,5
16886,"umbrella sampling",2,5
16887,"translational symmetry",2,5
16888,"sequential tunneling through",3,5
16889,"semiconducting single",2,5
16890,"metal insulator crossover",3,5
16891,"open quantum channels",3,5
16892,"model selection bias",3,5
16893,"non interacting fermions",3,5
16894,"magnetization plateaus",2,5
16895,"3d ising spin",3,5
16896,"critical temperature dependences",3,5
16897,"van hove singularities",3,5
16898,"quantization axis",2,5
16899,"weakly damped",2,5
16900,"node betweenness",2,5
16901,"parallel computing",2,5
16902,"asymmetric exclusion process",3,5
16903,"half doped manganites",3,5
16904,"anisotropic triangular lattice",3,5
16905,"uniform electric field",3,5
16906,"local density profile",3,5
16907,"si ge surface",3,5
16908,"wet granular",2,5
16909,"collapsed phase transitions",3,5
16910,"interacting bose einstein condensation",4,5
16911,"avalanche size",2,5
16912,"kubo relation",2,5
16913,"algebraic decay",2,5
16914,"spectroscopic signatures",2,5
16915,"energy density functional theory dft",5,5
16916,"four momentum transfer",3,5
16917,"charge inhomogeneity",2,5
16918,"quasi normal state",3,5
16919,"jump size",2,5
16920,"melting curve",2,5
16921,"approaching zero",2,5
16922,"double well separated",3,5
16923,"slightly extended",2,5
16924,"dyson equations",2,5
16925,"mean free networks",3,5
16926,"gutzwiller projection",2,5
16927,"charge density functional theory",4,5
16928,"periodic orbit interactions",3,5
16929,"particle green",2,5
16930,"supervised learning",2,5
16931,"semiconductor quantum gates",3,5
16932,"px ipy",2,5
16933,"fcc lattice",2,5
16934,"quantized electromagnetic field",3,5
16935,"low energy transfer",3,5
16936,"nearest neighbor repulsion",3,5
16937,"probe microscopy",2,5
16938,"radial breathing",2,5
16939,"granular metals",2,5
16940,"self avoiding walk",3,5
16941,"low temperature expansions",3,5
16942,"limiting forms",2,5
16943,"remain valid",2,5
16944,"well founded",2,5
16945,"line tension",2,5
16946,"slow light pulses",3,5
16947,"left right after",3,5
16948,"magnetic resonance nmr",3,5
16949,"landauer buttiker",2,5
16950,"level repulsion",2,5
16951,"corresponding achievable rate",3,5
16952,"many body simulation",3,5
16953,"quantum hall effect qhe",4,5
16954,"momentum distribution functions",3,5
16955,"vortex nucleation",2,5
16956,"ferromagnetic bose einstein condensate",4,5
16957,"parametric amplification",2,5
16958,"magnetic dipoles",2,5
16959,"storage capacity",2,5
16960,"korringa kohn rostoker",3,5
16961,"two dimensional conductors",3,5
16962,"low temperature tc superconductors",4,5
16963,"tunneling magnetoresistance",2,5
16964,"ion anisotropy",2,5
16965,"molecular orbitals",2,5
16966,"state potts",2,5
16967,"stm studies",2,5
16968,"co doped zno",3,5
16969,"pinning force",2,5
16970,"analytical arguments",2,5
16971,"non volatile",2,5
16972,"mechanically stable",2,5
16973,"domain wall boundary conditions",4,5
16974,"phase epitaxy",2,5
16975,"chemical reaction rate",3,5
16976,"hopping amplitude",2,5
16977,"lightly doped",2,5
16978,"filled skutterudite compound",3,5
16979,"low density functional theory",4,5
16980,"fluorescence correlation",2,5
16981,"electron hole doped cuprates",4,5
16982,"order logic",2,5
16983,"heat theorem",2,5
16984,"vacuum reservoir",2,5
16985,"hydrogen bonding",2,5
16986,"integro differential equation",3,5
16987,"de vries",2,5
16988,"fermi statistics",2,5
16989,"jordan wigner transformation",3,5
16990,"nuclear spin relaxation rate",4,5
16991,"floating zone",2,5
16992,"grand canonical monte carlo simulations",5,5
16993,"cellular dynamical",2,5
16994,"planck equations",2,5
16995,"high frequency dependent",3,5
16996,"off diagonal disorder",3,5
16997,"stripe phase transition",3,5
16998,"annealed approximation",2,5
16999,"scattering matrix element",3,5
17000,"intrinsic spin orbit interaction",4,5
17001,"giant magnetoresistance",2,5
17002,"spin valve effect",3,5
17003,"functional integral representation",3,5
17004,"becchi rouet stora tyutin brst invariance",6,5
17005,"dynamic susceptibility chi",3,5
17006,"quantum magnet",2,5
17007,"isotropic nematic phase",3,5
17008,"deep minimum",2,5
17009,"sherrington kirkpatrick",2,5
17010,"weak damping",2,5
17011,"ray irradiation",2,5
17012,"ray diffraction studies",3,5
17013,"repulsive hubbard model",3,5
17014,"wave feshbach resonance",3,5
17015,"mesoscopic superconducting",2,5
17016,"ferromagnetic layer thickness",3,5
17017,"logarithmic divergence",2,5
17018,"complete wetting",2,5
17019,"degrees celsius",2,5
17020,"carrier densities",2,5
17021,"intervalley scattering",2,5
17022,"quantum computing devices",3,5
17023,"translational symmetry breaking",3,5
17024,"multi band structure",3,5
17025,"broken inversion symmetry",3,5
17026,"exchange constants",2,5
17027,"nonuniform magnetic field",3,5
17028,"kinetic monte carlo",3,5
17029,"jahn teller effect",3,5
17030,"semiconductor quantum fluctuations",3,5
17031,"impurity models",2,5
17032,"weakly bound states",3,5
17033,"small polarons",2,5
17034,"mod phys",2,5
17035,"mixing occurs",2,5
17036,"scalar products",2,5
17037,"ray absorption spectroscopy",3,5
17038,"chemical doping",2,5
17039,"quantum critical behavior",3,5
17040,"bulk composition",2,5
17041,"granular packings",2,5
17042,"wigner crystallization",2,5
17043,"meson exchange interaction",3,5
17044,"high purity",2,5
17045,"electromagnetic fine structure",3,5
17046,"scattered partons",2,5
17047,"penning trap mass",3,5
17048,"differential cross over",3,5
17049,"directed flow",2,5
17050,"collision centrality dependence",3,5
17051,"after subtracting",2,5
17052,"scattered off",2,5
17053,"star collaboration",2,5
17054,"non relativistic heavy ion collisions",5,5
17055,"thermal partons",2,5
17056,"deeply bound states",3,5
17057,"relativistic hartree",2,5
17058,"per nucleon",2,5
17059,"argonne v18",2,5
17060,"urbana ix",2,5
17061,"transform lit",2,5
17062,"inelastic scattering off",3,5
17063,"chiral effective hamiltonian",3,5
17064,"deuteron scattering",2,5
17065,"jet fragmentation",2,5
17066,"neutron skin",2,5
17067,"antisymmetrized molecular dynamics amd",4,5
17068,"neutrinoless double neutron",3,5
17069,"loosely bound",2,5
17070,"chiral effective potential",3,5
17071,"averaged spectra",2,5
17072,"symmetric nuclear matter",3,5
17073,"small sized",2,5
17074,"strong tendency",2,5
17075,"constituent quark masses",3,5
17076,"reactions leading",2,5
17077,"tribimaximal neutrino mass",3,5
17078,"ozi rule",2,5
17079,"critically examined",2,5
17080,"displacement field theory",3,5
17081,"pion condensation",2,5
17082,"charge neutrality",2,5
17083,"charged higgs sector",3,5
17084,"quark propagator",2,5
17085,"gravitino overproduction",2,5
17086,"composite bosons",2,5
17087,"bethe salpeter formalism",3,5
17088,"coulomb force",2,5
17089,"electron positron colliders",3,5
17090,"pvlas anomaly",2,5
17091,"triplet higgs mechanism",3,5
17092,"right chiral",2,5
17093,"space time resolved",3,5
17094,"multi quark",2,5
17095,"extended nambu jona lasinio model",5,5
17096,"particle production cross section",4,5
17097,"liquid argon tpc",3,5
17098,"gauge symmetry restoration",3,5
17099,"baryogenesis via",2,5
17100,"successful leptogenesis",2,5
17101,"qcd factorisation",2,5
17102,"lambda phi4 theory",3,5
17103,"simple toy",2,5
17104,"forward scattering amplitude",3,5
17105,"monopole antimonopole",2,5
17106,"end point cep",3,5
17107,"modified newtonian dynamics",3,5
17108,"saturation scale",2,5
17109,"bremsstrahlung radiation",2,5
17110,"neutral current density",3,5
17111,"dissipative hydrodynamics",2,5
17112,"mach cone",2,5
17113,"left right twin",3,5
17114,"jet production rates",3,5
17115,"standard model sm predictions",4,5
17116,"treated separately",2,5
17117,"bfkl equation",2,5
17118,"momentum pt",2,5
17119,"standard model sm fields",4,5
17120,"real singlet",2,5
17121,"compactification radius",2,5
17122,"hadron collider phenomenology",3,5
17123,"low viscosity",2,5
17124,"two flavor oscillations",3,5
17125,"rotational phases",2,5
17126,"control strategies",2,5
17127,"electroweak penguin",2,5
17128,"higgs boson mass range",4,5
17129,"group theoretical models",3,5
17130,"new generation quarks",3,5
17131,"anisotropic thermal expansion",3,5
17132,"relativistic quantum electrodynamics",3,5
17133,"pion production cross section",4,5
17134,"particle azimuthal",2,5
17135,"low mass hierarchy",3,5
17136,"color charge",2,5
17137,"cooper pairing",2,5
17138,"gapless phase",2,5
17139,"unconventional superconductor",2,5
17140,"quantum jump",2,5
17141,"two loop correlators",3,5
17142,"low energy theorems",3,5
17143,"charged black holes",3,5
17144,"string gas",2,5
17145,"kinetic energy density",3,5
17146,"multi instanton",2,5
17147,"order correction term",3,5
17148,"electrically charged",2,5
17149,"simple toy models",3,5
17150,"topological string theory",3,5
17151,"confining phase transitions",3,5
17152,"frw metric",2,5
17153,"late time scale",3,5
17154,"quiver gauge theories",3,5
17155,"dilaton field",2,5
17156,"spontaneous supersymmetry breaking",3,5
17157,"kerr ads",2,5
17158,"brane probes",2,5
17159,"giant gravitons",2,5
17160,"susy qcd",2,5
17161,"valence quark gluon",3,5
17162,"brout englert",2,5
17163,"qcd thermodynamics",2,5
17164,"non trivially",2,5
17165,"orientifold 6-plane",2,5
17166,"meta stable brane configuration",4,5
17167,"worldsheet supersymmetry",2,5
17168,"higher spin currents",3,5
17169,"systematic difference",2,5
17170,"electroweak chiral",2,5
17171,"supersymmetric yang mills theories",4,5
17172,"dilaton field theories",3,5
17173,"leading irrelevant operators",3,5
17174,"neutrino mixing angles",3,5
17175,"gauged linear sigma model",4,5
17176,"solitonic solutions",2,5
17177,"universal scaling limit",3,5
17178,"dimensional regularization procedure",3,5
17179,"holographic dark matter",3,5
17180,"casimir energy",2,5
17181,"internal structure factor",3,5
17182,"t2 z2",2,5
17183,"sym theory",2,5
17184,"bps bound",2,5
17185,"bekenstein hawking",2,5
17186,"quaternionic kahler manifold",3,5
17187,"magnetic fluxes",2,5
17188,"partial isometries",2,5
17189,"noncommutative spacetime symmetries",3,5
17190,"motion thereby",2,5
17191,"supersymmetric grand unified theories",4,5
17192,"red tilt",2,5
17193,"reactor neutrino oscillation",3,5
17194,"phase phis",2,5
17195,"fractional error",2,5
17196,"form factor nu",3,5
17197,"tau charm",2,5
17198,"deep inelastic ep",3,5
17199,"virtuality q2 gev2",3,5
17200,"million bbbar",2,5
17201,"integrated luminosity functions",3,5
17202,"solar neutrinos",2,5
17203,"high confidence level",3,5
17204,"three nucleon form factors",4,5
17205,"meson correlators",2,5
17206,"chi c1",2,5
17207,"lattice qcd corrections",3,5
17208,"qualitative predictions",2,5
17209,"outer electrons",2,5
17210,"artificial neural networks",3,5
17211,"self organising",2,5
17212,"erdos renyi",2,5
17213,"macro engineering",2,5
17214,"space station",2,5
17215,"high altitude",2,5
17216,"high reynolds number",3,5
17217,"self propelled",2,5
17218,"spheroidal coordinates",2,5
17219,"displaced vertices",2,5
17220,"monochromatic radiation",2,5
17221,"carbon fiber",2,5
17222,"geographic information",2,5
17223,"thermal inertia",2,5
17224,"optimum value",2,5
17225,"practical hydrodynamics",2,5
17226,"pulmonary nodules",2,5
17227,"computer aided detection cad system",5,5
17228,"seed magnetic field",3,5
17229,"plastic scintillator",2,5
17230,"gem like",2,5
17231,"ageing model",2,5
17232,"open quantum mechanics",3,5
17233,"resonance imaging",2,5
17234,"missing momentum",2,5
17235,"field gradients",2,5
17236,"quantum interference device squid",4,5
17237,"gas mixtures",2,5
17238,"inverse cascade",2,5
17239,"molecule fluorescence",2,5
17240,"incident plane",2,5
17241,"pathways through",2,5
17242,"weather conditions",2,5
17243,"advection diffusion",2,5
17244,"optical path length",3,5
17245,"radiative lifetimes",2,5
17246,"trial function",2,5
17247,"timing information",2,5
17248,"wide field theory",3,5
17249,"electrically conducting fluid",3,5
17250,"cherenkov light",2,5
17251,"compton wavelength",2,5
17252,"air shower particles",3,5
17253,"distorted wave",2,5
17254,"gauge kinetic",2,5
17255,"his thesis",2,5
17256,"mixing pattern",2,5
17257,"physiological conditions",2,5
17258,"energy redistribution",2,5
17259,"dusty plasmas",2,5
17260,"price change",2,5
17261,"gelfand dickey",2,5
17262,"topological defect",2,5
17263,"camassa holm",2,5
17264,"decreased below",2,5
17265,"repeated interaction",2,5
17266,"equally probable",2,5
17267,"probability density matrices",3,5
17268,"calogero sutherland",2,5
17269,"resonance fluorescence",2,5
17270,"density matrix product",3,5
17271,"avoided crossing",2,5
17272,"spontaneous parametric down conversion",4,5
17273,"error correcting codes",3,5
17274,"cold atomic physics",3,5
17275,"two photon fusion",3,5
17276,"demolition measurement",2,5
17277,"matter wave functions",3,5
17278,"ultrashort laser pulse",3,5
17279,"two qubit gates",3,5
17280,"greenberger horne zeilinger state",4,5
17281,"optical cavity qed",3,5
17282,"quantum key distribution qkd system",5,5
17283,"arbitrary initial state",3,5
17284,"optimization procedure",2,5
17285,"definite predictions",2,5
17286,"non local realistic",3,5
17287,"lipkin meshkov glick",3,5
17288,"phase coherence time evolution",4,5
17289,"coherent picture",2,5
17290,"underlying mathematical model",3,5
17291,"oscillator networks",2,5
17292,"concentration gradients",2,5
17293,"multicellular organisms",2,5
17294,"false discovery",2,5
17295,"algebraic combinatorics",2,5
17296,"coding strategies",2,5
17297,"underlying mathematical",2,5
17298,"public key cryptosystem",3,5
17299,"biased random",2,5
17300,"tight lower",2,5
17301,"threshold voltage",2,5
17302,"propagation delays",2,5
17303,"globally optimal",2,5
17304,"refined version",2,5
17305,"cognitive radio",2,5
17306,"evolves smoothly",2,5
17307,"mobile computing",2,5
17308,"first order logic",3,5
17309,"el gamal",2,5
17310,"conceptual explanation",2,5
17311,"achievable rate maximizing",3,5
17312,"illustrative numerical",2,5
17313,"jump diffusion process",3,5
17314,"shape memory alloy",3,5
17315,"intra night",2,5
17316,"angular resolved",2,5
17317,"spatial frequencies",2,5
17318,"coronae borealis",2,5
17319,"solar nebula",2,5
17320,"oscillations bao",2,5
17321,"somewhat lower",2,5
17322,"dust composition",2,5
17323,"upper layers",2,5
17324,"compute synthetic",2,5
17325,"two dimensional hydrodynamical",3,5
17326,"galaxy m31",2,5
17327,"thermally stable",2,5
17328,"running time series",3,5
17329,"secondary star formation",3,5
17330,"absorption fine structure",3,5
17331,"anomalous magnetic fields",3,5
17332,"ghz h2o",2,5
17333,"flux limited sample",3,5
17334,"cd galaxy",2,5
17335,"21-cm emission",2,5
17336,"simplifying assumptions",2,5
17337,"wide band structure",3,5
17338,"delta scuti star",3,5
17339,"inner kpc",2,5
17340,"see clear",2,5
17341,"non pulsating",2,5
17342,"constraining power",2,5
17343,"intense star",2,5
17344,"dwarf novae",2,5
17345,"superhump period",2,5
17346,"ultraluminous infrared",2,5
17347,"micron pah features",3,5
17348,"primary nitrogen",2,5
17349,"level shifts",2,5
17350,"modified gravity mog",3,5
17351,"maser sources",2,5
17352,"uniform sampling",2,5
17353,"synchrotron peak",2,5
17354,"ionization balance",2,5
17355,"ovi absorption lines",3,5
17356,"kinetic alfven",2,5
17357,"resistive mhd simulations",3,5
17358,"nobeyama millimeter array",3,5
17359,"extended radio telescope",3,5
17360,"nearly half",2,5
17361,"forward fitting",2,5
17362,"discrete fourier analysis",3,5
17363,"planetary companions",2,5
17364,"semimajor axes",2,5
17365,"cepheid variables",2,5
17366,"dwarf galaxy formation",3,5
17367,"severely limited",2,5
17368,"internal reddening",2,5
17369,"angular diameters",2,5
17370,"shell constraints",2,5
17371,"ursa minor",2,5
17372,"mosaic images",2,5
17373,"ubvri photometry",2,5
17374,"color magnitude diagrams cmds",4,5
17375,"velocity dispersion profile",3,5
17376,"near infrared excess emission",4,5
17377,"galactic bulges",2,5
17378,"initial mass loss",3,5
17379,"ray flux limits",3,5
17380,"blandford znajek",2,5
17381,"post starburst galaxy",3,5
17382,"linearly coupled",2,5
17383,"external gravitational field",3,5
17384,"evolutionary connection",2,5
17385,"lemaitre tolman bondi ltb",4,5
17386,"tetrad fields",2,5
17387,"two body currents",3,5
17388,"holographic dark energy density",4,5
17389,"static perfect fluid",3,5
17390,"distinguishing feature",2,5
17391,"finite difference equation",3,5
17392,"contracting phase",2,5
17393,"momentum complexes",2,5
17394,"long wavelength regime",3,5
17395,"group theoretical analysis",3,5
17396,"core bounce",2,5
17397,"circularly symmetric",2,5
17398,"singularity theorems",2,5
17399,"under translations",2,5
17400,"legendre transformation",2,5
17401,"soap bubble",2,5
17402,"non singular behavior",3,5
17403,"unintegrated parton",2,5
17404,"weakly relativistic",2,5
17405,"parameter extraction",2,5
17406,"lifetime difference",2,5
17407,"parity violating couplings",3,5
17408,"theory scet",2,5
17409,"kamland data",2,5
17410,"lightest supersymmetric particle",3,5
17411,"tau lepton polarization",3,5
17412,"factorization breaking",2,5
17413,"bare coupling constant",3,5
17414,"three flavor symmetry",3,5
17415,"proton stability",2,5
17416,"gauge boson production",3,5
17417,"elementary bosons",2,5
17418,"bfkl pomeron",2,5
17419,"screened coulomb potential",3,5
17420,"nu tau leptons",3,5
17421,"necessary ingredients",2,5
17422,"remarkably successful",2,5
17423,"rarita schwinger",2,5
17424,"collision geometry",2,5
17425,"hbt puzzle",2,5
17426,"tevatron collider lhc",3,5
17427,"sum rule approach",3,5
17428,"three flavor violating",3,5
17429,"strong cp asymmetries",3,5
17430,"charged pion production",3,5
17431,"baryon octet decuplet",3,5
17432,"chromomagnetic instability",2,5
17433,"electroweak precision observables",3,5
17434,"kt factorization",2,5
17435,"mean field lines",3,5
17436,"moments edms",2,5
17437,"observatory ino",2,5
17438,"magnetized iron",2,5
17439,"nearly tri bimaximal",3,5
17440,"pomeron exchange",2,5
17441,"interaction dominates",2,5
17442,"hooft loop",2,5
17443,"bec limit",2,5
17444,"higgs field theories",3,5
17445,"lattice computations",2,5
17446,"bent crystal",2,5
17447,"mellin barnes integrals",3,5
17448,"polyakov loop correlators",3,5
17449,"light pseudoscalar higgs",3,5
17450,"phi factory",2,5
17451,"minor modifications",2,5
17452,"higgsless models",2,5
17453,"yukawa unification",2,5
17454,"quark mass matrices",3,5
17455,"color dipole",2,5
17456,"critical end point",3,5
17457,"rg equations",2,5
17458,"eguchi kawai",2,5
17459,"thermodynamic interpretation",2,5
17460,"brst approach",2,5
17461,"off shell type",3,5
17462,"cyclic universe",2,5
17463,"exactly marginal deformations",3,5
17464,"hagedorn temperature",2,5
17465,"analytical considerations",2,5
17466,"lax connection",2,5
17467,"type ii superstrings",3,5
17468,"supersymmetric quantum mechanical",3,5
17469,"de rham cohomology",3,5
17470,"double charm",2,5
17471,"transversity distributions",2,5
17472,"spin polarized target",3,5
17473,"million upsilon 4s resonance",4,5
17474,"missing transverse",2,5
17475,"boson production cross section",4,5
17476,"specific angular",2,5
17477,"kl pi0",2,5
17478,"dimensional hilbert space",3,5
17479,"difficulties encountered",2,5
17480,"su lgt",2,5
17481,"decimation procedures",2,5
17482,"stays constant",2,5
17483,"ukqcd collaborations",2,5
17484,"dynamical overlap fermion",3,5
17485,"generalized kahler manifold",3,5
17486,"vacuum fluctuation",2,5
17487,"full fledged",2,5
17488,"closely resemble",2,5
17489,"osv conjecture",2,5
17490,"gibbons hawking",2,5
17491,"dressing factor",2,5
17492,"pre big bang",3,5
17493,"ir color",2,5
17494,"dvali gabadadze porrati model",4,5
17495,"wess zumino witten",3,5
17496,"time dependent hartree",3,5
17497,"component dirac equation",3,5
17498,"simplified form",2,5
17499,"rolling down",2,5
17500,"covariant gauges",2,5
17501,"third dredge up",3,5
17502,"metal enriched",2,5
17503,"hot gas phase",3,5
17504,"las campanas",2,5
17505,"data cubes",2,5
17506,"swift satellite",2,5
17507,"mass function imf",3,5
17508,"website http",2,5
17509,"grb progenitors",2,5
17510,"spectral coverage",2,5
17511,"massive satellites",2,5
17512,"photon splitting",2,5
17513,"triaxial dark matter halos",4,5
17514,"mv mag",2,5
17515,"hi features",2,5
17516,"spitzer glimpse",2,5
17517,"periastron passage",2,5
17518,"warm absorber",2,5
17519,"arcsecond resolution",2,5
17520,"redshift bins",2,5
17521,"colliding wind",2,5
17522,"modes remain",2,5
17523,"merger process",2,5
17524,"gaussian shaped",2,5
17525,"nearly horizontal",2,5
17526,"symbiotic stars",2,5
17527,"zn fe",2,5
17528,"sc ti",2,5
17529,"correlates well",2,5
17530,"high inclination",2,5
17531,"2massw j1207334-393254",2,5
17532,"sun yr",2,5
17533,"dust temperatures",2,5
17534,"blue peak",2,5
17535,"king profile",2,5
17536,"roughly proportional",2,5
17537,"her x-1",2,5
17538,"spitzer space time",3,5
17539,"surveys acs observations",3,5
17540,"fractional polarization",2,5
17541,"sources ulxs",2,5
17542,"young sun",2,5
17543,"mass protostars",2,5
17544,"total column density",3,5
17545,"chemically homogeneous",2,5
17546,"gamma ray binary fraction",4,5
17547,"starburst galaxy clusters",3,5
17548,"ultracompact hii",2,5
17549,"visual extinction",2,5
17550,"flare occurred",2,5
17551,"geometrical factors",2,5
17552,"air cherenkov light",3,5
17553,"roque de los muchachos",4,5
17554,"giant planet searches",3,5
17555,"keck deimos",2,5
17556,"open cluster m67",3,5
17557,"highly obscured",2,5
17558,"spitzer irs spectrum",3,5
17559,"de vaucouleurs",2,5
17560,"dark ages",2,5
17561,"singular integral equations",3,5
17562,"coronal heating",2,5
17563,"southern galactic plane",3,5
17564,"afterglow phase",2,5
17565,"uhe neutrinos",2,5
17566,"halo concentration",2,5
17567,"hard grbs",2,5
17568,"equilibrium ionization",2,5
17569,"extended groth strip",3,5
17570,"mean electromotive force",3,5
17571,"water masers",2,5
17572,"radiation hydrodynamical simulations",3,5
17573,"integral field spectrograph",3,5
17574,"accelerate protons",2,5
17575,"survey goods",2,5
17576,"pressure perturbations",2,5
17577,"scatter around",2,5
17578,"band absolute magnitude",3,5
17579,"zeldovich effect",2,5
17580,"apparent magnitudes",2,5
17581,"orbital radii",2,5
17582,"few arcminutes",2,5
17583,"momentum tensors",2,5
17584,"ideal mhd",2,5
17585,"bl lacs",2,5
17586,"constant h0",2,5
17587,"time scale structure",3,5
17588,"reddening law",2,5
17589,"astrometric data",2,5
17590,"grad shafranov",2,5
17591,"real analytic solutions",3,5
17592,"unit tangent",2,5
17593,"properly rescaled",2,5
17594,"hirota equation",2,5
17595,"operator splitting",2,5
17596,"pre lie algebra",3,5
17597,"pseudo critical",2,5
17598,"dirichlet integral",2,5
17599,"salam model",2,5
17600,"coagulation fragmentation",2,5
17601,"electrostatic potential barrier",3,5
17602,"pauli fierz model",3,5
17603,"average magnetization",2,5
17604,"absorption spectroscopy xas",3,5
17605,"dynamic nuclear polarization",3,5
17606,"heat fluxes",2,5
17607,"plasma assisted",2,5
17608,"stationary phase diagrams",3,5
17609,"orbital hubbard",2,5
17610,"pyrochlore lattice",2,5
17611,"nearest neighbor hopping",3,5
17612,"seemingly unrelated",2,5
17613,"highest temperatures",2,5
17614,"nematic phases",2,5
17615,"polarized fermi gas",3,5
17616,"ornstein zernike",2,5
17617,"bogoliubov spectrum",2,5
17618,"weakly interacting bose gas",4,5
17619,"dynamic nuclear spins",3,5
17620,"gapped spin chain",3,5
17621,"external trapping potential",3,5
17622,"sierpinski gasket",2,5
17623,"magnetic field hc2",3,5
17624,"iron oxide",2,5
17625,"photoluminescence pl",2,5
17626,"entropy sq",2,5
17627,"velocity gradients",2,5
17628,"random boolean network",3,5
17629,"srcu2 bo3",2,5
17630,"valence bond solid state",4,5
17631,"conical singularity",2,5
17632,"master curve",2,5
17633,"stokes einstein",2,5
17634,"leg ladder",2,5
17635,"total energy levels",3,5
17636,"semiflexible polymers",2,5
17637,"optical lattice ol",3,5
17638,"metastable liquid",2,5
17639,"planar semiconductor microcavities",3,5
17640,"mean square lattice",3,5
17641,"collision integral",2,5
17642,"non interacting electrons",3,5
17643,"imaging mri",2,5
17644,"lowering temperature",2,5
17645,"force exerted",2,5
17646,"dimensional ising",2,5
17647,"speckle patterns",2,5
17648,"time dependent schroedinger equation",4,5
17649,"inter valley",2,5
17650,"high temperature gradient",3,5
17651,"air holes",2,5
17652,"crystal containing",2,5
17653,"unrestricted hartree fock",3,5
17654,"semi metallic",2,5
17655,"few layer",2,5
17656,"rapid cooling",2,5
17657,"sample size distribution",3,5
17658,"antiferromagnetic domain",2,5
17659,"baxter operators",2,5
17660,"wannier functions",2,5
17661,"correlation lengths",2,5
17662,"sphere mixtures",2,5
17663,"skew scattering",2,5
17664,"he atom",2,5
17665,"quasi coherent",2,5
17666,"shear strain",2,5
17667,"local density fluctuations",3,5
17668,"current density wave",3,5
17669,"spherically averaged",2,5
17670,"coupled gross pitaevskii equations",4,5
17671,"luttinger liquids",2,5
17672,"low energy ranges",3,5
17673,"spintronic devices",2,5
17674,"quantum bit",2,5
17675,"chemical bond",2,5
17676,"comparatively small",2,5
17677,"anisotropic magnetoresistance amr",3,5
17678,"rutherford backscattering",2,5
17679,"site coulomb",2,5
17680,"fully packed",2,5
17681,"source drain bias",3,5
17682,"undoped microcrystalline silicon films",4,5
17683,"deposition parameters",2,5
17684,"nmr studies",2,5
17685,"average value problem",3,5
17686,"thin graphite",2,5
17687,"ray diffraction data",3,5
17688,"comprising two dimensional",3,5
17689,"josephson junction length",3,5
17690,"neutral graphene",2,5
17691,"integer quantum hall",3,5
17692,"functional renormalisation",2,5
17693,"pseudo spin",2,5
17694,"pulsed laser ablation",3,5
17695,"microscopy stm",2,5
17696,"double exchange interaction",3,5
17697,"translocation time",2,5
17698,"bias against",2,5
17699,"number density profiles",3,5
17700,"free carriers",2,5
17701,"heavy fermion compound",3,5
17702,"short coherence",2,5
17703,"random phase diagrams",3,5
17704,"thermal annealing",2,5
17705,"structural transformations",2,5
17706,"pulsed laser deposition technique",4,5
17707,"strong disorder induced",3,5
17708,"mesoscopic conductors",2,5
17709,"alpha approx",2,5
17710,"relaxational dynamics",2,5
17711,"pr 2-x ce",3,5
17712,"granular hydrodynamics",2,5
17713,"magnetocrystalline anisotropy",2,5
17714,"fermi surface density wave",4,5
17715,"organic conductors",2,5
17716,"kappa bedt ttf cu",4,5
17717,"ultrafast optical",2,5
17718,"xxz chain",2,5
17719,"thermally excited",2,5
17720,"quasiparticle dynamics",2,5
17721,"supercritical regime",2,5
17722,"coupled cluster size",3,5
17723,"pebble game",2,5
17724,"time step like",3,5
17725,"tank treading",2,5
17726,"saddle node",2,5
17727,"component plasmas",2,5
17728,"contact lines",2,5
17729,"circular symmetry",2,5
17730,"quantum monte carlo technique",4,5
17731,"superfluid helium",2,5
17732,"electron phonon couplings",3,5
17733,"shortest path length",3,5
17734,"energy ec",2,5
17735,"pairing channel",2,5
17736,"induce significant",2,5
17737,"non local unitary",3,5
17738,"distributed i.i",2,5
17739,"line bundles over",3,5
17740,"galois groups",2,5
17741,"bernstein gelfand",2,5
17742,"simple lie algebras",3,5
17743,"intertwining operator",2,5
17744,"krull dimension",2,5
17745,"gk dimension",2,5
17746,"functionally independent",2,5
17747,"universal extra",2,5
17748,"operator product states",3,5
17749,"mean curvatures",2,5
17750,"hamilton cycle",2,5
17751,"nonlinear klein gordon equation",4,5
17752,"anomaly equation",2,5
17753,"distance regular graph",3,5
17754,"association schemes",2,5
17755,"dirichlet process",2,5
17756,"exponential convergence rate",3,5
17757,"nonnegative curvature",2,5
17758,"sharp upper bounds",3,5
17759,"algebra uq",2,5
17760,"conformally compact riemannian metric",4,5
17761,"regression model selection",3,5
17762,"order pdes",2,5
17763,"spacelike hypersurface",2,5
17764,"homotopy types",2,5
17765,"timelike geodesics",2,5
17766,"braided hopf algebra",3,5
17767,"nuclear matrix",2,5
17768,"complex semisimple lie algebra",4,5
17769,"ultra short time",3,5
17770,"hereditary properties",2,5
17771,"integral field equations",3,5
17772,"toric ideals",2,5
17773,"valuation rings",2,5
17774,"recursive scheme",2,5
17775,"riemannian metric tensor",3,5
17776,"dihedral groups",2,5
17777,"szemer edi",2,5
17778,"knizhnik zamolodchikov",2,5
17779,"totally disconnected",2,5
17780,"type e6 e7",3,5
17781,"positive characteristic polynomial",3,5
17782,"sparse random graphs",3,5
17783,"isoperimetric profile",2,5
17784,"drinfeld jimbo",2,5
17785,"teichmueller curves",2,5
17786,"exponential sums over",3,5
17787,"hypergeometric differential equation",3,5
17788,"generalized hypergeometric",2,5
17789,"springer verlag",2,5
17790,"clifford torus",2,5
17791,"isotopy classes",2,5
17792,"complex monge ampere",3,5
17793,"nonlinear schr odinger",3,5
17794,"torelli theorem",2,5
17795,"homomorphic image",2,5
17796,"affine toric",2,5
17797,"dg algebras",2,5
17798,"hat sigma",2,5
17799,"two dimensional cellular",3,5
17800,"old open",2,5
17801,"anosov flows",2,5
17802,"unit cube",2,5
17803,"conditional growth charts math.st",4,5
17804,"unit root",2,5
17805,"posterior probability distribution",3,5
17806,"stochastic volatility",2,5
17807,"minimax lower bounds",3,5
17808,"homomorphism problem",2,5
17809,"cusp forms",2,5
17810,"invariant lagrangians",2,5
17811,"high rank",2,5
17812,"cuntz pimsner algebras",3,5
17813,"rigorous theoretical",2,5
17814,"real valued functions",3,5
17815,"strengthened version",2,5
17816,"partial flag varieties",3,5
17817,"primarily via",2,5
17818,"apparently simple",2,5
17819,"insurance company",2,5
17820,"alexandrov spaces",2,5
17821,"e2 values",2,5
17822,"dm density",2,5
17823,"malfliet tjon",2,5
17824,"unoccupied states",2,5
17825,"hyperspherical adiabatic expansion",3,5
17826,"meson baryon resonances",3,5
17827,"structure formation history",3,5
17828,"virial coefficients",2,5
17829,"loosely bound state",3,5
17830,"superdeformed bands",2,5
17831,"sea quark",2,5
17832,"dinuclear system",2,5
17833,"nucleon force",2,5
17834,"qgp fluid",2,5
17835,"simultaneous description",2,5
17836,"hard core radius",3,5
17837,"mit bag model",3,5
17838,"ultrashort intense",2,5
17839,"net current",2,5
17840,"supplementary material",2,5
17841,"converted photons",2,5
17842,"flat plate",2,5
17843,"free boundary layer",3,5
17844,"cold atoms loaded",3,5
17845,"colliding beam",2,5
17846,"surface gravity waves",3,5
17847,"heavy flavours",2,5
17848,"first excited state",3,5
17849,"negative kinetic",2,5
17850,"buffer gas",2,5
17851,"silicon wafer",2,5
17852,"coated sphere",2,5
17853,"free energy cost",3,5
17854,"stress strain rate",3,5
17855,"franck condon",2,5
17856,"particle swarm",2,5
17857,"adaptive mesh refinement amr",4,5
17858,"avalanche photodiode",2,5
17859,"harmonic coordinates",2,5
17860,"light propagation speed",3,5
17861,"linear optical dipole",3,5
17862,"analytical formulae",2,5
17863,"constant throughout",2,5
17864,"zigzag edge",2,5
17865,"bid ask spread",3,5
17866,"permeability tensors",2,5
17867,"bremsstrahlung photons",2,5
17868,"linearly polarized laser",3,5
17869,"exponential growth rate",3,5
17870,"time delay induced",3,5
17871,"realistic situation",2,5
17872,"negatively curved manifolds",3,5
17873,"marginal operator",2,5
17874,"level spacing distributions",3,5
17875,"auxiliary field theories",3,5
17876,"social science",2,5
17877,"charged particle production",3,5
17878,"low energy tail",3,5
17879,"neutron electric dipole moment edm",5,5
17880,"fission fragments",2,5
17881,"light scattering processes",3,5
17882,"vector meson production",3,5
17883,"hebbian learning",2,5
17884,"later stages",2,5
17885,"spike trains",2,5
17886,"bit string",2,5
17887,"sensory substitution",2,5
17888,"molecular physics",2,5
17889,"number susceptibility",2,5
17890,"immune response",2,5
17891,"replicator dynamics",2,5
17892,"molecular electronics",2,5
17893,"stabilizer formalism",2,5
17894,"conventional nikiforov uvarov",3,5
17895,"many worlds",2,5
17896,"physical regimes",2,5
17897,"classical bits qubits",3,5
17898,"two dimensional hilbert spaces",4,5
17899,"finsler metric",2,5
17900,"cavity detuning",2,5
17901,"microwave cavity mode",3,5
17902,"pump beam",2,5
17903,"asymptotic iteration",2,5
17904,"stabilizer code",2,5
17905,"atomic qubits",2,5
17906,"einstein podolsky rosen bohm",4,5
17907,"too slow",2,5
17908,"nu rho",2,5
17909,"leigh strassler",2,5
17910,"kerr nut",2,5
17911,"localization property",2,5
17912,"induced cp violation",3,5
17913,"macroscopic quantum gravity",3,5
17914,"tilde nu",2,5
17915,"electric field configurations",3,5
17916,"casimir energies",2,5
17917,"warped flux",2,5
17918,"deformation quantization procedure",3,5
17919,"large number violation",3,5
17920,"worldsheet instantons",2,5
17921,"reissner nordstrom black hole",4,5
17922,"symplectic transformation",2,5
17923,"s3 symmetry",2,5
17924,"tiny fraction",2,5
17925,"minkowski spaces",2,5
17926,"heterotic string compactifications",3,5
17927,"factor ordering",2,5
17928,"faddeev niemi",2,5
17929,"gaugino condensation",2,5
17930,"einstein ring",2,5
17931,"nf nc gauge theory",4,5
17932,"world sheet conformal",3,5
17933,"theory lift",2,5
17934,"open string tachyon",3,5
17935,"correction term proportional",3,5
17936,"t6 z2",2,5
17937,"pure spinor formalism",3,5
17938,"mhv amplitudes",2,5
17939,"turing machine",2,5
17940,"ii asymmetric",2,5
17941,"linear logic",2,5
17942,"intuitive explanation",2,5
17943,"sparse representation",2,5
17944,"detection statistic",2,5
17945,"description logic",2,5
17946,"decoding metric",2,5
17947,"random boolean",2,5
17948,"efficient creation",2,5
17949,"force feedback",2,5
17950,"coding techniques",2,5
17951,"predictive ability",2,5
17952,"poor statistics",2,5
17953,"rewriting system",2,5
17954,"block fading channels",3,5
17955,"air cherenkov radiation",3,5
17956,"quark gluon distributions",3,5
17957,"cyg ob2",2,5
17958,"frequency ranges",2,5
17959,"refractive indices",2,5
17960,"super earths",2,5
17961,"sdss main",2,5
17962,"neutrino cooled",2,5
17963,"radiation pressure driven",3,5
17964,"biased toward",2,5
17965,"hubble expansion rate",3,5
17966,"millisecond pulsar psr",3,5
17967,"astronomical units",2,5
17968,"gas traced",2,5
17969,"common proper",2,5
17970,"da white dwarf",3,5
17971,"msun mpc3",2,5
17972,"photospheric velocity",2,5
17973,"redshifted 21cm",2,5
17974,"least mpc",2,5
17975,"dwarf galaxy ngc",3,5
17976,"hobby eberly telescope het",4,5
17977,"term monitoring",2,5
17978,"vary greatly",2,5
17979,"gamma doradus",2,5
17980,"theoretical advances",2,5
17981,"baseline array vlba observations",4,5
17982,"source software",2,5
17983,"emerging picture",2,5
17984,"serendipitous discovery",2,5
17985,"anomalously high",2,5
17986,"progenitor systems",2,5
17987,"rapidly evolving",2,5
17988,"relative magnitudes",2,5
17989,"gaussian fits",2,5
17990,"lowest energy levels",3,5
17991,"successfully predicts",2,5
17992,"physical situations",2,5
17993,"supersonic turbulence driven",3,5
17994,"oscillation qpo",2,5
17995,"depth ratios",2,5
17996,"burning phase",2,5
17997,"weak lensing surveys",3,5
17998,"virial mass",2,5
17999,"virial masses",2,5
18000,"fluid motions",2,5
18001,"radio maps",2,5
18002,"terminal velocity",2,5
18003,"survey sings",2,5
18004,"keck lris",2,5
18005,"higher ionization",2,5
18006,"stellar atmosphere models",3,5
18007,"bullet cluster 1e0657-56",3,5
18008,"spin ice",2,5
18009,"newtonian potential",2,5
18010,"absorbed agn",2,5
18011,"mass accretion disc",3,5
18012,"ch cyg",2,5
18013,"interacting binary system",3,5
18014,"observational biases",2,5
18015,"magellan clay telescope",3,5
18016,"vlt uves spectrograph",3,5
18017,"large scale inhomogeneities",3,5
18018,"brightness profile",2,5
18019,"circumstellar medium",2,5
18020,"small aperture",2,5
18021,"vlt flames survey",3,5
18022,"spectropolarimetric data",2,5
18023,"absorbed power law",3,5
18024,"charge distribution function",3,5
18025,"extragalactic distance",2,5
18026,"simultaneous fits",2,5
18027,"star formation efficiency",3,5
18028,"cold outer",2,5
18029,"galactic bar",2,5
18030,"ghz continuum emission",3,5
18031,"outflow velocities",2,5
18032,"visible wavelengths",2,5
18033,"wavelength calibration",2,5
18034,"concordance lambda cdm",3,5
18035,"activity cycle",2,5
18036,"oort cloud",2,5
18037,"automated survey",2,5
18038,"agn signatures",2,5
18039,"laser interferometer space antenna",4,5
18040,"oscillation modes",2,5
18041,"supermassive black hole smbh",4,5
18042,"galaxies tend",2,5
18043,"sauron integral field spectrograph",4,5
18044,"uv cutoff",2,5
18045,"mock galaxy",2,5
18046,"am cvn",2,5
18047,"mass accretion rate onto",4,5
18048,"travels through",2,5
18049,"echelle spectrograph",2,5
18050,"smallest scales",2,5
18051,"geomagnetic storms",2,5
18052,"halo mass ejections cmes",4,5
18053,"rays uhecr",2,5
18054,"dutch open",2,5
18055,"positive correlation function",3,5
18056,"star cluster cores",3,5
18057,"hi mass",2,5
18058,"interstellar dust",2,5
18059,"ionized bubbles",2,5
18060,"solar prominences",2,5
18061,"ray emission lines",3,5
18062,"salpeter imf",2,5
18063,"matter power law",3,5
18064,"gravitational radiation pressure",3,5
18065,"earlier findings",2,5
18066,"bifurcation points",2,5
18067,"exo planets",2,5
18068,"small magellanic cloud lmc",4,5
18069,"sigma significance level",3,5
18070,"cosmological hydrodynamic simulations",3,5
18071,"trans neptunian",2,5
18072,"active galactic nuclei agn activity",5,5
18073,"considerable fraction",2,5
18074,"volume element",2,5
18075,"galilean relativity",2,5
18076,"narrow gap",2,5
18077,"general relativistic quantum",3,5
18078,"mathematical modeling",2,5
18079,"dynamical systems containing",3,5
18080,"static spherically symmetric spacetimes",4,5
18081,"quadratic curvature",2,5
18082,"generalized kodama",2,5
18083,"barbero immirzi parameter",3,5
18084,"kinematic solutions",2,5
18085,"time scale invariance",3,5
18086,"extension sme",2,5
18087,"quantum gravity phenomenology",3,5
18088,"einstein aether",2,5
18089,"uv divergences",2,5
18090,"null geodesic congruences",3,5
18091,"poynting vector",2,5
18092,"globally hyperbolic space",3,5
18093,"scale structure factor",3,5
18094,"tilted magnetic field",3,5
18095,"carrier injection",2,5
18096,"infinite randomness fixed point",4,5
18097,"giant zeeman splitting",3,5
18098,"quantum interference devices",3,5
18099,"frustrated magnets",2,5
18100,"ex situ",2,5
18101,"dephasing noise",2,5
18102,"mesh networks",2,5
18103,"two dimensional 2d electron systems",5,5
18104,"anisotropic triangular",2,5
18105,"rough surface",2,5
18106,"intrinsic spin dynamics",3,5
18107,"gapless phase diagram",3,5
18108,"de haas van alphen",4,5
18109,"directed percolation dp",3,5
18110,"scanning tunneling spectroscopy sts",4,5
18111,"non equilibrium green function negf",5,5
18112,"first eigenvalue problem",3,5
18113,"non degenerate ground state",4,5
18114,"experimental setups",2,5
18115,"model building block",3,5
18116,"arpes data",2,5
18117,"two dimensional organic",3,5
18118,"oscillator strength",2,5
18119,"cuprous oxide",2,5
18120,"competing orders",2,5
18121,"spin filter",2,5
18122,"tricritical points",2,5
18123,"unpaired electrons",2,5
18124,"xxz spin",2,5
18125,"system passes",2,5
18126,"velocities below",2,5
18127,"diffusion monte carlo",3,5
18128,"inter site",2,5
18129,"four body systems",3,5
18130,"itinerant ferromagnetism",2,5
18131,"overhauser field",2,5
18132,"narrow pore",2,5
18133,"flory exponent nu",3,5
18134,"parameter alpha beta",3,5
18135,"photoelectron spectra",2,5
18136,"rashba spin orbit",3,5
18137,"relativistic heavy nuclei",3,5
18138,"cooling curves",2,5
18139,"features persist",2,5
18140,"2d electron transport",3,5
18141,"chern numbers",2,5
18142,"power law tails",3,5
18143,"thermodynamic forces",2,5
18144,"metal ions",2,5
18145,"angle resolved photoemission spectroscopy arpes",5,5
18146,"magnetic dipole moment",3,5
18147,"orientation dependent",2,5
18148,"hofstadter butterfly",2,5
18149,"two dimensional hubbard",3,5
18150,"non perturbative renormalization",3,5
18151,"aharonov bohm like",3,5
18152,"line resonator",2,5
18153,"junction length",2,5
18154,"per cell",2,5
18155,"fermi liquid crystals",3,5
18156,"interference patterns",2,5
18157,"accurately predicts",2,5
18158,"charged exciton",2,5
18159,"solvent conditions",2,5
18160,"molecular bose",2,5
18161,"electric charge carriers",3,5
18162,"universal scaling behavior",3,5
18163,"degenerate fermi gas",3,5
18164,"superconducting sc",2,5
18165,"superconducting strip",2,5
18166,"diffraction patterns",2,5
18167,"random sequential adsorption",3,5
18168,"friction coefficients",2,5
18169,"glassy state",2,5
18170,"metamagnetic transitions",2,5
18171,"electrical resistivity rho",3,5
18172,"double quantum dot",3,5
18173,"thermodynamically stable",2,5
18174,"heating rates",2,5
18175,"stat phys",2,5
18176,"armchair graphene nanoribbons gnrs",4,5
18177,"renewal processes",2,5
18178,"exponentially large number",3,5
18179,"ricci curvature tensors",3,5
18180,"quasi polynomial",2,5
18181,"stable representations",2,5
18182,"asymptotically normal",2,5
18183,"hasse weil",2,5
18184,"pseudoconvex domains",2,5
18185,"equivariant cohomology ring",3,5
18186,"ph.d thesis",2,5
18187,"his famous",2,5
18188,"velocity field equations",3,5
18189,"toeplitz matrix",2,5
18190,"locally compact lie groups",4,5
18191,"latin squares",2,5
18192,"3d euler equations",3,5
18193,"bernoulli numbers",2,5
18194,"hermitian manifolds",2,5
18195,"log canonical thresholds",3,5
18196,"clique number",2,5
18197,"higher rank graphs",3,5
18198,"commutative noetherian local ring",4,5
18199,"jordan curve",2,5
18200,"expanding maps",2,5
18201,"galois representation",2,5
18202,"bergman spaces",2,5
18203,"functional classes",2,5
18204,"exhaustive list",2,5
18205,"unipotent subgroup",2,5
18206,"double covers",2,5
18207,"moderate deviations",2,5
18208,"risk factors",2,5
18209,"multiresolution analysis",2,5
18210,"convex combinations",2,5
18211,"ergodic markov",2,5
18212,"schwarzschild exterior",2,5
18213,"acyclic graphs",2,5
18214,"asset price process",3,5
18215,"selmer groups",2,5
18216,"sequentially complete",2,5
18217,"theta divisors",2,5
18218,"noncommutative geometries",2,5
18219,"nonlinear filtering",2,5
18220,"bose mesner",2,5
18221,"connected reductive algebraic",3,5
18222,"calibration errors",2,5
18223,"slowly moving",2,5
18224,"complex hyperbolic space",3,5
18225,"duke math",2,5
18226,"remainder term",2,5
18227,"exact analytic formula",3,5
18228,"absolutely irreducible",2,5
18229,"commutator subgroup",2,5
18230,"covariant functor",2,5
18231,"spectral triple",2,5
18232,"two sorts",2,5
18233,"floer theory",2,5
18234,"semilinear elliptic equations",3,5
18235,"lorentz gas",2,5
18236,"absolute minimum",2,5
18237,"price processes",2,5
18238,"van der waerden",3,5
18239,"shortest paths",2,5
18240,"compact semisimple",2,5
18241,"poly time",2,5
18242,"topologically protected",2,5
18243,"controller synthesis",2,5
18244,"quantum bits",2,5
18245,"polynomial rate",2,5
18246,"intracavity field",2,5
18247,"individual addressing",2,5
18248,"self organisation",2,5
18249,"semidirect product",2,5
18250,"free additive",2,5
18251,"summing over",2,5
18252,"friedberg lee",2,5
18253,"electron proton beam",3,5
18254,"cross section ratios",3,5
18255,"unitarity bound",2,5
18256,"after deriving",2,5
18257,"thermal relic abundance",3,5
18258,"right invariant",2,5
18259,"callan treiman",2,5
18260,"instanton vacuum energy",3,5
18261,"mediated supersymmetry",2,5
18262,"leading order nlo qcd corrections",5,5
18263,"loop resummed",2,5
18264,"large hadron collider rhic",4,5
18265,"jet production cross sections",4,5
18266,"color superconductor",2,5
18267,"tan beta gamma",3,5
18268,"phenomenological model independent",3,5
18269,"critical endpoint",2,5
18270,"compositeness scale",2,5
18271,"rho omega eta",3,5
18272,"fifth force",2,5
18273,"dramatically alter",2,5
18274,"elastic scattering amplitudes",3,5
18275,"angle beta",2,5
18276,"lowest dimension",2,5
18277,"definite functions",2,5
18278,"mass squared",2,5
18279,"topcolor assisted technicolor tc2",4,5
18280,"thermal bremsstrahlung",2,5
18281,"high precision measurement",3,5
18282,"hyperon decays",2,5
18283,"diffractive photoproduction",2,5
18284,"psi events",2,5
18285,"stanford linear collider",3,5
18286,"cabibbo kobayashi maskawa",3,5
18287,"imaginary chemical potential",3,5
18288,"characteristic length scales",3,5
18289,"wilson dirac operator",3,5
18290,"confinement deconfinement phase transition",4,5
18291,"singlet scalar mesons",3,5
18292,"critical currents",2,5
18293,"colored noise",2,5
18294,"two dimensional ising",3,5
18295,"travelling wave",2,5
18296,"continuously varying",2,5
18297,"hyper surface",2,5
18298,"fission barrier",2,5
18299,"nuclear spin isospin",3,5
18300,"clustering strength",2,5
18301,"negatively charged hadrons",3,5
18302,"vector meson dominance",3,5
18303,"isobaric analog states",3,5
18304,"copenhagen interpretation",2,5
18305,"particle physicists",2,5
18306,"functional modules",2,5
18307,"pulsed laser pulse",3,5
18308,"cell pic simulations",3,5
18309,"transmission lines",2,5
18310,"absorption coefficient",2,5
18311,"propagated through",2,5
18312,"fiber laser",2,5
18313,"molecular dynamics md simulation",4,5
18314,"practical realization",2,5
18315,"klein gordon model",3,5
18316,"message passing algorithm",3,5
18317,"trial wave functions",3,5
18318,"international journal",2,5
18319,"his co workers",3,5
18320,"super kamiokande",2,5
18321,"nematic phase",2,5
18322,"surprisingly strong",2,5
18323,"equation governing",2,5
18324,"polarized photons",2,5
18325,"brans dicke",2,5
18326,"tracer particle",2,5
18327,"eikonal approach",2,5
18328,"hermite polynomial",2,5
18329,"high multiplicity",2,5
18330,"multi particle production",3,5
18331,"strange particles",2,5
18332,"neutron electric dipole moment",4,5
18333,"muon pair production",3,5
18334,"logarithmic accuracy",2,5
18335,"electron phonon modes",3,5
18336,"neutrino interactions nsi",3,5
18337,"acoustic emission",2,5
18338,"laser pulse duration",3,5
18339,"fundamental building",2,5
18340,"see arxiv",2,5
18341,"peak structure factor",3,5
18342,"percus yevick",2,5
18343,"band insulator",2,5
18344,"pitch angle",2,5
18345,"einstein gauss bonnet",3,5
18346,"weighted projective space",3,5
18347,"blue continuum",2,5
18348,"radial velocity dispersion",3,5
18349,"ray emission feature",3,5
18350,"grand canonical ensembles",3,5
18351,"atom lasers",2,5
18352,"magnitude limited sample",3,5
18353,"high probability measure",3,5
18354,"nd 2-x ce",3,5
18355,"torsional oscillations",2,5
18356,"specially tailored",2,5
18357,"squared difference",2,5
18358,"absolute zero temperature",3,5
18359,"extragalactic radio",2,5
18360,"neutron scattering length",3,5
18361,"flux noise",2,5
18362,"photometric precision",2,5
18363,"accretion disk blackbody",3,5
18364,"superconductor cecoin5",2,5
18365,"spin periods",2,5
18366,"non relativistic jet",3,5
18367,"acad sci",2,5
18368,"yield ratios",2,5
18369,"thermal activation",2,5
18370,"resonance linewidth",2,5
18371,"pseudo riemannian manifolds",3,5
18372,"cross talk",2,5
18373,"keplerian rotation",2,5
18374,"finite volume element",3,5
18375,"degenerate fermi",2,5
18376,"mixed phase transition",3,5
18377,"complex projective structures",3,5
18378,"viscosity parameter",2,5
18379,"light radii",2,5
18380,"surface plasmon polariton spp",4,5
18381,"molecular orientation",2,5
18382,"kennedy lieb",2,5
18383,"incommensurate charge",2,5
18384,"dynamical casimir effect",3,5
18385,"jet cross section",3,5
18386,"bohm effect",2,5
18387,"free floating",2,5
18388,"noise suppression",2,5
18389,"total mass range",3,5
18390,"kaluza klein towers",3,5
18391,"borel subgroup",2,5
18392,"kennicutt schmidt",2,5
18393,"relay network",2,5
18394,"limited feedback",2,5
18395,"median value",2,5
18396,"natural candidate",2,5
18397,"heisenberg xxz",2,5
18398,"hot subdwarf",2,5
18399,"off intermittency",2,5
18400,"cold spot",2,5
18401,"data archives",2,5
18402,"per day",2,5
18403,"consistency tests",2,5
18404,"matter halo mass",3,5
18405,"scale heights",2,5
18406,"orbital basis",2,5
18407,"schmidt coefficients",2,5
18408,"plot analysis",2,5
18409,"roughness exponent",2,5
18410,"simulated signals",2,5
18411,"ample line",2,5
18412,"phase shift keying",3,5
18413,"groebner basis",2,5
18414,"majorana neutrino mass",3,5
18415,"local calabi yau",3,5
18416,"momentum transfers q2 gev",4,5
18417,"photometric accuracy",2,5
18418,"rms scatter",2,5
18419,"carefully chosen",2,5
18420,"shear moduli",2,5
18421,"distributive law",2,5
18422,"gradual transition",2,5
18423,"legendre transform",2,5
18424,"total energy distributions",3,5
18425,"post agb",2,5
18426,"intersection cohomology",2,5
18427,"frequency qpos",2,5
18428,"fe peak",2,5
18429,"turbulent mixing",2,5
18430,"chemical kinetics",2,5
18431,"envelopes around",2,5
18432,"mordell lang conjecture",3,5
18433,"l1 norm",2,5
18434,"blue stragglers",2,5
18435,"large array vla",3,5
18436,"branching random",2,5
18437,"superluminal group",2,5
18438,"gas 2deg",2,5
18439,"remained elusive",2,5
18440,"schmidt number",2,5
18441,"topologically massive",2,5
18442,"3d sph simulations",3,5
18443,"co2 ice",2,5
18444,"public cluster",2,5
18445,"henselian valued",2,5
18446,"small amplitude damping",3,5
18447,"annihilation radiation",2,5
18448,"ads cft dictionary",3,5
18449,"single peaked",2,5
18450,"baryon loading",2,5
18451,"high redshift space",3,5
18452,"greenberger horne zeilinger ghz states",5,5
18453,"smash product",2,5
18454,"variational monte carlo",3,5
18455,"heavy fermion systems",3,5
18456,"mellin moments",2,5
18457,"noncommutative torus",2,5
18458,"event rates",2,5
18459,"neyman pearson",2,5
18460,"ieee 802.11e",2,5
18461,"insulating side",2,5
18462,"peculiar feature",2,5
18463,"cataclysmic variables cvs",3,5
18464,"frenkel kontorova",2,5
18465,"abelian group acting",3,5
18466,"block diagonal",2,5
18467,"finsler spaces",2,5
18468,"system size scaling properties",4,5
18469,"virasoro constraints",2,5
18470,"type ii seesaw model",4,5
18471,"hydrogen terminated",2,5
18472,"synchrotron self",2,5
18473,"gauss codazzi",2,5
18474,"matter wave function",3,5
18475,"mas corresponding",2,5
18476,"long baseline interferometry vlbi observations",5,5
18477,"newtonian expansion",2,5
18478,"multi stage",2,5
18479,"h1 norm",2,5
18480,"sersic profile",2,5
18481,"reasonable assumptions",2,5
18482,"transient absorption",2,5
18483,"non linear chain",3,5
18484,"finite unions",2,5
18485,"casimir interaction",2,5
18486,"electric charge radius",3,5
18487,"lat instrument",2,5
18488,"nai tl",2,5
18489,"non negative integer",3,5
18490,"double scaling",2,5
18491,"wiretap channel",2,5
18492,"complex oxide",2,5
18493,"ghz methanol masers",3,5
18494,"kennicutt schmidt law",3,5
18495,"laplace transforms",2,5
18496,"helium abundance",2,5
18497,"ne iii",2,5
18498,"line fluxes",2,5
18499,"1s0 channel",2,5
18500,"charged defects",2,5
18501,"physical mechanism responsible",3,5
18502,"spin flip scattering",3,5
18503,"seshadri constants",2,5
18504,"primordial black holes",3,5
18505,"millimeter array",2,5
18506,"factors besides",2,5
18507,"stellar mass estimates",3,5
18508,"tev gamma ray flux",4,5
18509,"box ball",2,5
18510,"ballistic conductors",2,5
18511,"light ratio br",3,5
18512,"he like ions",3,5
18513,"spin flavour",2,5
18514,"international linear collider",3,5
18515,"brane antibrane",2,5
18516,"particles wimps",2,5
18517,"luminous blue variables",3,5
18518,"dimension du",2,5
18519,"dolbeault cohomology",2,5
18520,"triangle free",2,5
18521,"phonon spectrum",2,5
18522,"high temperature tc cuprates",4,5
18523,"successive refinement",2,5
18524,"piecewise affine",2,5
18525,"canary island",2,5
18526,"structural differences",2,5
18527,"photoelectric effect",2,5
18528,"electric field strength",3,5
18529,"unbounded domains",2,5
18530,"reaction coordinate",2,5
18531,"tolman oppenheimer",2,5
18532,"globally well posed",3,5
18533,"frequency drift",2,5
18534,"maximum attainable",2,5
18535,"alfv en",2,5
18536,"cleo iii detector",3,5
18537,"upsilon ns",2,5
18538,"pre explosion",2,5
18539,"robertson walker metrics",3,5
18540,"multi loop",2,5
18541,"lie groupoid",2,5
18542,"outlier detection",2,5
18543,"affine hecke algebras",3,5
18544,"generator coordinate",2,5
18545,"archimedean fields",2,5
18546,"holomorphic anomaly equation",3,5
18547,"symmetric exclusion",2,5
18548,"sturm liouville problem",3,5
18549,"nambu goldstone modes",3,5
18550,"stellar photospheres",2,5
18551,"planet hosting",2,5
18552,"rotating radio",2,5
18553,"compact symplectic manifolds",3,5
18554,"quasi hopf algebra",3,5
18555,"hot horizontal",2,5
18556,"seiberg witten invariant",3,5
18557,"taurus molecular cloud",3,5
18558,"beauty production",2,5
18559,"soft collinear",2,5
18560,"loop quantum mechanics",3,5
18561,"minicharged particles",2,5
18562,"interlayer tunneling",2,5
18563,"causal dynamical triangulations",3,5
18564,"astrophysical problems",2,5
18565,"thermal relic",2,5
18566,"read rezayi",2,5
18567,"detailed kinetic",2,5
18568,"orientifold compactifications",2,5
18569,"parallel tempering",2,5
18570,"indecomposable modules",2,5
18571,"snr regime",2,5
18572,"galactic halo stars",3,5
18573,"foldy wouthuysen",2,5
18574,"showers eas",2,5
18575,"monotonic functions",2,5
18576,"gluon radiation",2,5
18577,"plaquette action",2,5
18578,"relational databases",2,5
18579,"galactic rotation",2,5
18580,"phased array",2,5
18581,"gated graphene",2,5
18582,"cerebral cortex",2,5
18583,"boost invariance",2,5
18584,"static dielectric",2,5
18585,"oppositely directed",2,5
18586,"local group actions",3,5
18587,"optical response function",3,5
18588,"ac josephson junction",3,5
18589,"convection zones",2,5
18590,"lepton complementarity",2,5
18591,"net exposure",2,5
18592,"strain rate",2,5
18593,"hop wireless networks",3,5
18594,"screened coulomb",2,5
18595,"cytoskeletal filaments",2,5
18596,"electron impact excitation",3,5
18597,"record high",2,5
18598,"chern number",2,5
18599,"mapping topological",2,5
18600,"semi empirical data",3,5
18601,"wfpc2 images",2,5
18602,"lowest landau level lll",4,5
18603,"field equations satisfied",3,5
18604,"two dimensional cellular automaton",4,5
18605,"unidentified tev gamma ray emission",5,5
18606,"low pt",2,5
18607,"positronium ps",2,5
18608,"firm conclusion",2,5
18609,"under hydrostatic",2,5
18610,"pseudo scalar mesons",3,5
18611,"extinction curve",2,5
18612,"empirical data sets",3,5
18613,"keeping track",2,5
18614,"kochen specker theorem",3,5
18615,"vector machine",2,5
18616,"powerful radio source",3,5
18617,"treated perturbatively",2,5
18618,"translational invariant",2,5
18619,"entropy production rate",3,5
18620,"axial ratios",2,5
18621,"experimental determinations",2,5
18622,"crossing singularities",2,5
18623,"high pressure induced",3,5
18624,"game semantics",2,5
18625,"absorbing boundary",2,5
18626,"antiferromagnetic af order",3,5
18627,"host galaxy formation",3,5
18628,"ram model",2,5
18629,"inner core radius",3,5
18630,"coupled map",2,5
18631,"magnetized neutron",2,5
18632,"critical point symmetries",3,5
18633,"level crossings",2,5
18634,"periodic box",2,5
18635,"decline rate",2,5
18636,"micz kepler",2,5
18637,"multiple rollers mounted",3,5
18638,"common translating follower",3,5
18639,"angular power spectra",3,5
18640,"orientable surfaces",2,5
18641,"underdoped cuprate superconductors",3,5
18642,"distance determinations",2,5
18643,"silicon films",2,5
18644,"rokhsar kivelson",2,5
18645,"mean fractional",2,5
18646,"mellin barnes",2,5
18647,"open quantum information",3,5
18648,"hobby eberly telescope",3,5
18649,"maximum cardinality",2,5
18650,"probabilistic nature",2,5
18651,"charge asymmetries",2,5
18652,"energy density perturbations",3,5
18653,"probabilistic cellular automaton",3,5
18654,"interval exchange transformations",3,5
18655,"component perpendicular magnetic field",4,5
18656,"side chains",2,5
18657,"heating mechanisms",2,5
18658,"tuning problem",2,5
18659,"particle hole pairs",3,5
18660,"water filling",2,5
18661,"stray fields",2,5
18662,"rich ejecta",2,5
18663,"lya systems",2,5
18664,"jacobian matrices",2,5
18665,"haptic device",2,5
18666,"astronomical unit",2,5
18667,"gold coated sphere",3,5
18668,"workspace topology",2,5
18669,"low mass protostar",3,5
18670,"cell biology",2,5
18671,"underdoped regime",2,5
18672,"stochastic loewner",2,5
18673,"pair production mechanism",3,5
18674,"potential vorticity",2,5
18675,"nodal quasiparticles",2,5
18676,"iwahori hecke algebra",3,5
18677,"infrared divergence",2,5
18678,"energy minimizing",2,5
18679,"energetic pulsars",2,5
18680,"quasi steady state",3,5
18681,"angular power spectrum",3,5
18682,"intrinsic anisotropy",2,5
18683,"timing accuracy",2,5
18684,"archival hubble space telescope",4,5
18685,"kerr rotation",2,5
18686,"isospin asymmetric",2,5
18687,"semiconductor heterostructures",2,5
18688,"relativistic quantum corrections",3,5
18689,"performance guarantee",2,5
18690,"data assimilation",2,5
18691,"energetic particle",2,5
18692,"underlying mathematical structure",3,5
18693,"chordal sle kappa",3,5
18694,"dirichlet forms",2,5
18695,"source confusion",2,5
18696,"metal superconductor",2,5
18697,"mixing angle theta",3,5
18698,"resonant leptogenesis",2,5
18699,"chromodynamics qcd",2,5
18700,"magnetic tunnel junction",3,5
18701,"particles obeying",2,5
18702,"stable orbit around",3,5
18703,"heisenberg weyl",2,5
18704,"non newtonian gravity",3,5
18705,"convolution algebra",2,5
18706,"instruction set",2,5
18707,"non perturbative methods",3,5
18708,"bekenstein hawking effect",3,5
18709,"heterogeneous nucleation",2,5
18710,"confining walls",2,5
18711,"local observer",2,5
18712,"neutralino dark matter candidate",4,5
18713,"moyal star product",3,5
18714,"grassmann manifolds",2,5
18715,"bose einstein condensate fraction",4,5
18716,"paired superfluid",2,5
18717,"many worlds interpretation",3,5
18718,"random access memory",3,5
18719,"6lid target",2,5
18720,"non invasive",2,5
18721,"dimensionality reduction",2,5
18722,"lepton pair production",3,5
18723,"gaudin model",2,5
18724,"hausdorff measure",2,5
18725,"non abelian nature",3,5
18726,"normalized graph laplacian",3,5
18727,"alpha emission line profile",4,5
18728,"forward jets",2,5
18729,"toroidally compactified",2,5
18730,"stabilization mechanism",2,5
18731,"hausdorff spaces",2,5
18732,"filled skutterudite",2,5
18733,"fire neurons",2,5
18734,"primordial power law",3,5
18735,"compact symplectic manifold",3,5
18736,"foam model",2,5
18737,"experimental upper bounds",3,5
18738,"entanglement distillation",2,5
18739,"live time",2,5
18740,"quark mass matrix elements",4,5
18741,"unstable periodic orbits",3,5
18742,"excellent probes",2,5
18743,"transmission electron microscopy",3,5
18744,"yamabe invariant",2,5
18745,"long range hopping",3,5
18746,"induced cp",2,5
18747,"charm quark mass",3,5
18748,"nnlo qcd corrections",3,5
18749,"statistical precision",2,5
18750,"myers perry",2,5
18751,"peak fluxes",2,5
18752,"electron transistors",2,5
18753,"small angle neutron",3,5
18754,"cosmic microwave background cmb temperature anisotropies",6,5
18755,"smoothly interpolate",2,5
18756,"fractional quantum hall systems",4,5
18757,"interface roughness",2,5
18758,"kaehler metrics",2,5
18759,"isotopic ratio",2,5
18760,"radiative lifetime",2,5
18761,"population imbalanced",2,5
18762,"latin square",2,5
18763,"definably compact",2,5
18764,"triaxial dark matter halo",4,5
18765,"infrared dark",2,5
18766,"kaluza klein kk modes",4,5
18767,"assembled inas",2,5
18768,"lya forest",2,5
18769,"generalized parton distribution functions",4,5
18770,"waveguide structure",2,5
18771,"quantum dots qds",3,5
18772,"transverse momentum dependent",3,5
18773,"delta md",2,5
18774,"correlated metal",2,5
18775,"multi tev",2,5
18776,"relativistic electrons positrons",3,5
18777,"relativistic winds",2,5
18778,"mott gap",2,5
18779,"shock fronts",2,5
18780,"pseudo nambu goldstone boson",4,5
18781,"precise bounds",2,5
18782,"deligne mumford stack",3,5
18783,"numerical evolutions",2,5
18784,"type ii seesaw",3,5
18785,"end slope",2,5
18786,"suitably modified",2,5
18787,"basic building blocks",3,5
18788,"universal enveloping algebra",3,5
18789,"warm dark",2,5
18790,"automotive applications",2,5
18791,"exceptional lie algebra",3,5
18792,"error exponent",2,5
18793,"oxide semiconductor",2,5
18794,"neutral hydrogen column density",4,5
18795,"observer dependent",2,5
18796,"oscillatory integral",2,5
18797,"ray transform",2,5
18798,"ultra high speed",3,5
18799,"character sums",2,5
18800,"improved staggered sea quarks",4,5
18801,"nlo prediction",2,5
18802,"scaling violations",2,5
18803,"non uniform distribution function",4,5
18804,"ising universality class",3,5
18805,"mobility 2d",2,5
18806,"random endowment",2,5
18807,"type iia string theory",4,5
18808,"physically transparent",2,5
18809,"self propelled particles",3,5
18810,"bipolar outflows",2,5
18811,"suppressed tree",2,5
18812,"wimp mass",2,5
18813,"al prl",2,5
18814,"inter galactic",2,5
18815,"heat engine",2,5
18816,"spatial distribution function",3,5
18817,"expected utility function",3,5
18818,"principal series representations",3,5
18819,"silicon wafers",2,5
18820,"significant scatter",2,5
18821,"superfluid density ns",3,5
18822,"halo substructure",2,5
18823,"saccharomyces cerevisiae",2,5
18824,"boson fusion",2,5
18825,"imaging atmospheric cherenkov",3,5
18826,"minkowski question",2,5
18827,"canes venatici",2,5
18828,"open book decomposition",3,5
18829,"rotating bose einstein condensate",4,5
18830,"free path length",3,5
18831,"braiding statistics",2,5
18832,"dark clouds",2,5
18833,"sur la",2,5
18834,"commuting hamiltonians",2,5
18835,"v4334 sgr",2,5
18836,"inter chain",2,5
18837,"weak coupling constant",3,5
18838,"medium icm",2,5
18839,"log periodic",2,5
18840,"ansatz mera",2,5
18841,"nonexpansive mappings",2,5
18842,"electronic transport through",3,5
18843,"tangent plane",2,5
18844,"geometric langlands correspondence",3,5
18845,"branching fraction bf",3,5
18846,"end effector",2,5
18847,"iron abundance analysis",3,5
18848,"galex sdss data",3,5
18849,"highly absorbed",2,5
18850,"conformal decomposition",2,5
18851,"gravitational wave bursts",3,5
18852,"black ring",2,5
18853,"unintegrated gluon",2,5
18854,"wide feshbach resonance",3,5
18855,"large flare",2,5
18856,"algebraic stacks",2,5
18857,"unique ergodicity",2,5
18858,"elastic scattering off",3,5
18859,"infectious diseases",2,5
18860,"strongly indicates",2,5
18861,"multiplicative unitary",2,5
18862,"earliest stages",2,5
18863,"shower maximum",2,5
18864,"angular momentum conservation",3,5
18865,"spin flip transitions",3,5
18866,"extremal black hole attractors",4,5
18867,"greenberger horne zeilinger",3,5
18868,"decay slowly",2,5
18869,"heitler london",2,5
18870,"self adjoint operators",3,5
18871,"hybrid monte carlo simulations",4,5
18872,"bright points",2,5
18873,"ultra high sensitivity",3,5
18874,"carbon monoxide",2,5
18875,"highly frustrated",2,5
18876,"detailed numerical simulation",3,5
18877,"unruh temperature",2,5
18878,"photonic bandgap",2,5
18879,"invariant mass spectrum",3,5
18880,"bloch bands",2,5
18881,"dirty limit",2,5
18882,"lens redshift",2,5
18883,"alpha prime",2,5
18884,"self energy gap",3,5
18885,"boson stars",2,5
18886,"inflaton mass",2,5
18887,"polarized target",2,5
18888,"genomic data",2,5
18889,"color centers",2,5
18890,"blue hb",2,5
18891,"nnlo qcd",2,5
18892,"parity conserving",2,5
18893,"textit ab initio",3,5
18894,"low temperatures below",3,5
18895,"twisted flux tubes",3,5
18896,"refs cite",2,5
18897,"np complete set",3,5
18898,"semi structured",2,5
18899,"under imperfect channel estimation errors",5,5
18900,"nonlinear transmission",2,5
18901,"uhe protons",2,5
18902,"half light radius",3,5
18903,"mev per nucleon",3,5
18904,"charged lepton sector",3,5
18905,"nearly perfect",2,5
18906,"chargino production",2,5
18907,"ginsparg wilson fermions",3,5
18908,"mediated susy",2,5
18909,"irreversible processes",2,5
18910,"sharply peaked",2,5
18911,"heat baths",2,5
18912,"orbital excitations",2,5
18913,"thereby proving",2,5
18914,"constrained minimal",2,5
18915,"acklund transformation",2,5
18916,"zero crossing",2,5
18917,"heisenberg weyl group",3,5
18918,"fourier integral",2,5
18919,"viewing angles",2,5
18920,"unintegrated gluon distributions",3,5
18921,"power law index gamma",4,5
18922,"heat capacity region",3,5
18923,"iron lines",2,5
18924,"thermonuclear explosion",2,5
18925,"singly ionized",2,5
18926,"ramsey type",2,5
18927,"axp 1e",2,5
18928,"decoupling limits",2,5
18929,"resonating group",2,5
18930,"bfkl resummation",2,5
18931,"collapsed phase transition",3,5
18932,"square lattice data",3,5
18933,"flux enhancement",2,5
18934,"k0 pi0",2,5
18935,"shot noise ratio",3,5
18936,"ore extensions",2,5
18937,"vector unparticle",2,5
18938,"chemical bonding",2,5
18939,"generalized uncertainty relations",3,5
18940,"donor star",2,5
18941,"crystalline electric field",3,5
18942,"expanding shell",2,5
18943,"unparticle sector",2,5
18944,"nonzero coefficients",2,5
18945,"workspace analysis",2,5
18946,"temperatures below mk",3,5
18947,"nonmonotonic dependence",2,5
18948,"astron astrophys",2,5
18949,"root lattice",2,5
18950,"unparticle couplings",2,5
18951,"cern large hadron",3,5
18952,"square fitting",2,5
18953,"pl relations",2,5
18954,"metal insulator transition occurs",4,5
18955,"incompressible strips",2,5
18956,"near ir emission",3,5
18957,"cell complexes",2,5
18958,"flux phi",2,5
18959,"obscuring torus",2,5
18960,"antiproton collider",2,5
18961,"integrated optics",2,5
18962,"abelian anyons",2,5
18963,"strain fields",2,5
18964,"dc electric field",3,5
18965,"curvature cmc",2,5
18966,"pulsar 1e",2,5
18967,"cycle lengths",2,5
18968,"landen transformations",2,5
18969,"holographic dark",2,5
18970,"heavily absorbed",2,5
18971,"converges almost surely",3,5
18972,"ads spacetimes",2,5
18973,"iron abundances",2,5
18974,"li atoms",2,5
18975,"photospheric magnetic",2,5
18976,"vortex filament",2,5
18977,"dft calculation",2,5
18978,"transportation cost",2,5
18979,"tau nutau",2,5
18980,"area preserving maps",3,5
18981,"integrable hierarchies",2,5
18982,"drag forces",2,5
18983,"coherent manipulation",2,5
18984,"four categories",2,5
18985,"binary tetrahedral",2,5
18986,"simply connected components",3,5
18987,"precise characterization",2,5
18988,"immirzi parameter",2,5
18989,"mutually coupled",2,5
18990,"burst mode",2,5
18991,"hydrogenated amorphous silicon",3,5
18992,"galton watson",2,5
18993,"backlund transformation",2,5
18994,"agegraphic dark matter",3,5
18995,"atmospheric cherenkov telescope",3,5
18996,"parameter estimation procedure",3,5
18997,"ischemic brain injury",3,5
18998,"mg kg i.p",3,5
18999,"expert elicitation",2,5
19000,"monitoring networked applications",3,5
19001,"incremental quantile estimation",3,5
19002,"finite dimensional regularization",3,5
19003,"diffractive processes",2,5
19004,"halpha luminosity",2,5
19005,"electronic structure functions",3,5
19006,"supermassive black holes smbhs",4,5
19007,"e.v pitjeva",2,5
19008,"kaehler manifold",2,5
19009,"statistical isotropy",2,5
19010,"polariton scattering",2,5
19011,"counter intuitively",2,5
19012,"evolutionary synthesis",2,5
19013,"optimal control landscapes",3,5
19014,"ambient pressure",2,5
19015,"kugo ojima",2,5
19016,"quadratic dispersion",2,5
19017,"open shell",2,5
19018,"pair instability supernovae",3,5
19019,"conclusions regarding",2,5
19020,"statistical weight",2,5
19021,"older continuity",2,5
19022,"pseudo hermitian hamiltonians",3,5
19023,"electromechanical systems",2,5
19024,"meixner pollaczek",2,5
19025,"ettore majorana",2,5
19026,"open unit",2,5
19027,"dissipation rates",2,5
19028,"al iii si iv",4,5
19029,"order ferromagnetically",2,5
19030,"silicon strip",2,5
19031,"eddington factor",2,5
19032,"fisher lecture dimension reduction",4,5
19033,"quark mass ratio",3,5
19034,"super eddington",2,5
19035,"edge channels",2,5
19036,"pg1159 stars",2,5
19037,"indecomposable modules over",3,5
19038,"accreting supermassive",2,5
19039,"point spread function",3,5
19040,"multicanonical monte carlo",3,5
19041,"strength distributions",2,5
19042,"ambient gas",2,5
19043,"finite dimensional hilbert",3,5
19044,"integral cohomology rings",3,5
19045,"kinetic monte carlo simulations",4,5
19046,"bell like",2,5
19047,"systems mems",2,5
19048,"gaas substrate",2,5
19049,"direct view",2,5
19050,"air showers initiated",3,5
19051,"operational calculus",2,5
19052,"functional annotation",2,5
19053,"copper atoms",2,5
19054,"unusually strong",2,5
19055,"compact extra dimensions",3,5
19056,"pointwise estimate",2,5
19057,"maximally twisted",2,5
19058,"big bang nucleosynthesis bbn",4,5
19059,"diffuse interstellar bands dibs",4,5
19060,"severe constraints",2,5
19061,"bepc collider",2,5
19062,"stout link",2,5
19063,"harmonic numbers volume",3,5
19064,"chain growth",2,5
19065,"smart cards",2,5
19066,"comment struggles",2,5
19067,"digital ecosystem",2,5
19068,"transmitted wave packets",3,4
19069,"quasi cyclic",2,4
19070,"anomalous hall",2,4
19071,"contrast imaging technique",3,4
19072,"reed solomon",2,4
19073,"encoding decoding algorithms",3,4
19074,"intercept resend attack",3,4
19075,"geometric phase transitions",3,4
19076,"nitrogen vacancy",2,4
19077,"bohm like",2,4
19078,"violate bell inequality",3,4
19079,"scalable quantum information processing",4,4
19080,"cloning machine",2,4
19081,"baker campbell hausdorff formula",4,4
19082,"two qutrits",2,4
19083,"sudden death",2,4
19084,"quantum hamilton jacobi formalism",4,4
19085,"cramer rao",2,4
19086,"doppler broadened",2,4
19087,"secret keys",2,4
19088,"quantum key point",3,4
19089,"unitary evolution operator",3,4
19090,"uniformly accelerated particles",3,4
19091,"zeno effect",2,4
19092,"directed graph theory",3,4
19093,"natural question raised",3,4
19094,"arbitrary initial configurations",3,4
19095,"oscillations khz",2,4
19096,"geometric phase gate",3,4
19097,"tripartite entanglement witness",3,4
19098,"genuine multipartite quantum",3,4
19099,"model building up",3,4
19100,"differential equations governing",3,4
19101,"dna binding model",3,4
19102,"shut down",2,4
19103,"protein folding pathways",3,4
19104,"rna secondary",2,4
19105,"fluorescence correlation spectroscopy",3,4
19106,"rna secondary structures",3,4
19107,"inner product states",3,4
19108,"fokker plank",2,4
19109,"toeplitz operator",2,4
19110,"first order ode",3,4
19111,"first order pdes",3,4
19112,"self energy landscape",3,4
19113,"viscous fluid mechanics",3,4
19114,"painleve vi",2,4
19115,"random schroedinger operators",3,4
19116,"rapid mixing",2,4
19117,"second virial",2,4
19118,"non crossing number",3,4
19119,"key distribution function",3,4
19120,"thermodynamic limit theorem",3,4
19121,"ad hoc networks",3,4
19122,"plus noise",2,4
19123,"transmit power control",3,4
19124,"cooperative diversity multiplexing tradeoff",4,4
19125,"test suite",2,4
19126,"berry esseen",2,4
19127,"theoretic models",2,4
19128,"pulse shaping",2,4
19129,"curved path",2,4
19130,"feedback control law",3,4
19131,"algorithmic information",2,4
19132,"term trends",2,4
19133,"network coding scheme",3,4
19134,"well ordered set",3,4
19135,"ratio snr",2,4
19136,"gauss markov",2,4
19137,"execution time step",3,4
19138,"de los",2,4
19139,"snr exponent",2,4
19140,"automatic repeat",2,4
19141,"decomposition svd",2,4
19142,"point source destination",3,4
19143,"celestial sphere",2,4
19144,"common wisdom",2,4
19145,"error mse",2,4
19146,"public archive data",3,4
19147,"sparsely populated",2,4
19148,"nonlinear dynamo",2,4
19149,"stellar bar pattern",3,4
19150,"emission line shape",3,4
19151,"infrared excess emission",3,4
19152,"eso 3.6m",2,4
19153,"few million",2,4
19154,"parent galaxy",2,4
19155,"nearby sne",2,4
19156,"nonthermal radio",2,4
19157,"singlet scalar field",3,4
19158,"grand unification scale",3,4
19159,"seyfert galaxy mrk",3,4
19160,"spitzer legacy program",3,4
19161,"optically dark",2,4
19162,"half light curves",3,4
19163,"star cluster centre",3,4
19164,"pulsation period luminosity",3,4
19165,"hi 21cm",2,4
19166,"alpha dla",2,4
19167,"warped disk",2,4
19168,"resonantly excited",2,4
19169,"spatial coincidence",2,4
19170,"optical nir photometry",3,4
19171,"galaxy bcg",2,4
19172,"absorbing column density",3,4
19173,"ultracool dwarf",2,4
19174,"low mass protostars",3,4
19175,"agn activities",2,4
19176,"bolometric flux",2,4
19177,"photometric redshift distributions",3,4
19178,"high velocity gradient",3,4
19179,"multi wavelength bands",3,4
19180,"2.2m telescope",2,4
19181,"around young stellar",3,4
19182,"al astro ph",3,4
19183,"around agb stars",3,4
19184,"intermediate age metallicity",3,4
19185,"higher redshift range",3,4
19186,"gas infall model",3,4
19187,"monte carlo simulations confirm",4,4
19188,"self calibration",2,4
19189,"average fe ii",3,4
19190,"lte analysis",2,4
19191,"error bar",2,4
19192,"effective temperature variations",3,4
19193,"red clump",2,4
19194,"flames survey",2,4
19195,"young massive star forming",4,4
19196,"mm galaxies",2,4
19197,"hubble ultra high",3,4
19198,"logn logs",2,4
19199,"metal abundance determination",3,4
19200,"minimum light curve",3,4
19201,"vlt fors2",2,4
19202,"group catalogue",2,4
19203,"effective potential barrier",3,4
19204,"highly collimated",2,4
19205,"strikingly similar",2,4
19206,"hydrocarbons pahs",2,4
19207,"pah feature",2,4
19208,"around herbig ae",3,4
19209,"velocity surveys",2,4
19210,"emission measures",2,4
19211,"vimos integral field",3,4
19212,"westerbork synthesis radio telescope",4,4
19213,"pulsar psr b1951+32",3,4
19214,"tighter constraints",2,4
19215,"al 2006a",2,4
19216,"experimental observations suggest",3,4
19217,"powerful radio frequency",3,4
19218,"distant galaxies drgs",3,4
19219,"multi wavelength coverage",3,4
19220,"ic sn",2,4
19221,"broad lined",2,4
19222,"around young massive",3,4
19223,"herbig ae star",3,4
19224,"qualitatively new physics",3,4
19225,"primary star formation process",4,4
19226,"lense thirring",2,4
19227,"weakly affected",2,4
19228,"nonlinear dynamo models",3,4
19229,"barred galaxy ngc",3,4
19230,"high magnification",2,4
19231,"lyman alpha emitters",3,4
19232,"aligned rotator",2,4
19233,"many spiral",2,4
19234,"archive data set",3,4
19235,"cosmic reionization epoch",3,4
19236,"circumbinary disk",2,4
19237,"black hole densities",3,4
19238,"kilohertz quasi periodic",3,4
19239,"hydrogen recombination",2,4
19240,"warm dust grains",3,4
19241,"semi simple analytical",3,4
19242,"refractory elements",2,4
19243,"jet formation activity",3,4
19244,"unusually small",2,4
19245,"embedded within kpc",3,4
19246,"mbh mbulge",2,4
19247,"accretion disk galaxies",3,4
19248,"circumstellar envelope around",3,4
19249,"monte carlo radiative transfer code",5,4
19250,"transit ephemeris",2,4
19251,"low density fluctuations",3,4
19252,"dark matter halo mass accretion",5,4
19253,"dm tau",2,4
19254,"greatly enhance",2,4
19255,"3d sph",2,4
19256,"initial mass range",3,4
19257,"luminous red galaxies",3,4
19258,"times10 ergs",2,4
19259,"reflectance spectra",2,4
19260,"extended radio galaxies",3,4
19261,"line seyfert galaxy ngc",4,4
19262,"circularly polarised",2,4
19263,"eso vlt fors1",3,4
19264,"ray flux ratio",3,4
19265,"fuv radiation",2,4
19266,"intermediate mass function",3,4
19267,"target space telescope",3,4
19268,"inner products",2,4
19269,"observing season",2,4
19270,"space agency",2,4
19271,"dm annihilation signal",3,4
19272,"minimal supersymmetric standard",3,4
19273,"bulk lorentz factors",3,4
19274,"hot dust emission",3,4
19275,"source sizes up",3,4
19276,"non detection rate",3,4
19277,"gas throughout",2,4
19278,"cold gas content",3,4
19279,"spitzer irac bands",3,4
19280,"core accretion disk",3,4
19281,"cmb shift",2,4
19282,"arguments supporting",2,4
19283,"local group members",3,4
19284,"hierarchical triple",2,4
19285,"western side",2,4
19286,"early type ii supernovae",4,4
19287,"three dimensional 2d",3,4
19288,"cosmic ray heating",3,4
19289,"latest type ia supernovae",4,4
19290,"cmb photons",2,4
19291,"strongly lensed images",3,4
19292,"chandra deep survey",3,4
19293,"nearly solar",2,4
19294,"galactic disk wind",3,4
19295,"uchii region",2,4
19296,"equatorial stripe",2,4
19297,"survey propagation",2,4
19298,"young stellar masses",3,4
19299,"spun up",2,4
19300,"extra mixing induced",3,4
19301,"positron annihilation signal",3,4
19302,"neutralino dark matter halo",4,4
19303,"coupling mc",2,4
19304,"radio source catalogue",3,4
19305,"halo merger",2,4
19306,"outflow rate",2,4
19307,"ar ca",2,4
19308,"interstellar matter",2,4
19309,"grb host galaxies",3,4
19310,"observational techniques",2,4
19311,"during reionization process",3,4
19312,"neutral hydrogen fraction",3,4
19313,"su uma",2,4
19314,"burst trigger",2,4
19315,"chi squared",2,4
19316,"ray transient",2,4
19317,"hydrodynamics sph simulations",3,4
19318,"black holes imbhs",3,4
19319,"absorbing material",2,4
19320,"baryonic component",2,4
19321,"interstellar scintillation",2,4
19322,"spectro polarimetric observations",3,4
19323,"around herbig",2,4
19324,"crowded fields",2,4
19325,"photometric transit detection",3,4
19326,"release four",2,4
19327,"metal abundance analysis",3,4
19328,"cosmic ray signals",3,4
19329,"si iii",2,4
19330,"binary black hole smbh",4,4
19331,"tev gamma ray sources",4,4
19332,"synthesis radio",2,4
19333,"outer shell structure",3,4
19334,"asymmetric profile",2,4
19335,"considerations suggest",2,4
19336,"spin torques",2,4
19337,"crystalline silicates",2,4
19338,"emission line luminosities",3,4
19339,"ray binary lmxb",3,4
19340,"propto exp",2,4
19341,"stably stratified",2,4
19342,"hydrogen hi content",3,4
19343,"supernova sn rates",3,4
19344,"sdss luminous red galaxies lrgs",5,4
19345,"iron emission lines",3,4
19346,"light ebl",2,4
19347,"burst activity",2,4
19348,"confirmed members",2,4
19349,"exponential disk",2,4
19350,"mag arcsec2",2,4
19351,"sdss luminous",2,4
19352,"distance helioseismology",2,4
19353,"planetary nature",2,4
19354,"maximum brightness variations",3,4
19355,"photo ionisation",2,4
19356,"deep hst imaging",3,4
19357,"wolf rayet stars",3,4
19358,"stellar wind clumping",3,4
19359,"consecutive nights",2,4
19360,"jupiter mass planets",3,4
19361,"artificial neural network ann",4,4
19362,"2d radiative transfer",3,4
19363,"2d radiative",2,4
19364,"differential photometry",2,4
19365,"stellar surface density",3,4
19366,"photoionization code",2,4
19367,"evolutionary history sfh",3,4
19368,"atmospheric cherenkov telescopes",3,4
19369,"stereoscopic system h.e s.s",4,4
19370,"population synthesis calculations",3,4
19371,"deep wide",2,4
19372,"mass accretion disks",3,4
19373,"deep survey covers",3,4
19374,"integrated sachs wolfe effect",4,4
19375,"rapidly oscillating ap stars",4,4
19376,"near infrared array camera",4,4
19377,"distribution function imf",3,4
19378,"phys soc",2,4
19379,"noao deep survey",3,4
19380,"lensed quasars",2,4
19381,"emissivity index",2,4
19382,"pah emission features",3,4
19383,"correlation length scales",3,4
19384,"sersic index",2,4
19385,"radial mixing",2,4
19386,"recombination line",2,4
19387,"ir luminosities",2,4
19388,"velocity dispersion relations",3,4
19389,"diffuse radio galaxies",3,4
19390,"arcsec pc",2,4
19391,"expanding shells",2,4
19392,"central star forming",3,4
19393,"behave similarly",2,4
19394,"2df galaxy clusters",3,4
19395,"imager rhessi",2,4
19396,"weak turbulence driven",3,4
19397,"many months",2,4
19398,"slitless spectroscopy",2,4
19399,"baryonic acoustic oscillations",3,4
19400,"jeans mass",2,4
19401,"sky coverage",2,4
19402,"hst nicmos",2,4
19403,"dark matter halo substructure",4,4
19404,"simple analytic arguments",3,4
19405,"physical explanations",2,4
19406,"cooling flows",2,4
19407,"radio frequency drift",3,4
19408,"properly accounted",2,4
19409,"iron emission",2,4
19410,"galaxy m33",2,4
19411,"bright hii",2,4
19412,"iram plateau de bure",4,4
19413,"nir photometry",2,4
19414,"cosmological hydrodynamical simulations",3,4
19415,"residual gas",2,4
19416,"prompt emission",2,4
19417,"field equations governing",3,4
19418,"mathematical language",2,4
19419,"positive semidefinite",2,4
19420,"holomorphic almost complex",3,4
19421,"interacting brownian particle",3,4
19422,"year old",2,4
19423,"genome wide",2,4
19424,"his life",2,4
19425,"dirichlet boundary value problem",4,4
19426,"sparse random matrix",3,4
19427,"2d electron systems",3,4
19428,"iteration scheme",2,4
19429,"quasi classical trajectories",3,4
19430,"nu alpha beta",3,4
19431,"cuspidal automorphic",2,4
19432,"isometric actions",2,4
19433,"equivariant coherent sheaves",3,4
19434,"mean square error term",4,4
19435,"symmetric monoidal",2,4
19436,"divisor problem",2,4
19437,"first order parameter family",4,4
19438,"false alarm probability",3,4
19439,"fold integrals",2,4
19440,"radial schr odinger",3,4
19441,"integral quantization",2,4
19442,"total multiplicity",2,4
19443,"simply connected reductive",3,4
19444,"wishart matrices",2,4
19445,"hazard rate",2,4
19446,"somewhat surprising",2,4
19447,"elliptic genera",2,4
19448,"lov asz",2,4
19449,"nonparametric estimation procedures",3,4
19450,"theoretic interpretation",2,4
19451,"field fq",2,4
19452,"non negative sectional curvature",4,4
19453,"complex banach spaces",3,4
19454,"symmetric exclusion processes",3,4
19455,"ergodic averages",2,4
19456,"under imperfect",2,4
19457,"finite cw complexes",3,4
19458,"sharp upper",2,4
19459,"wavelet theory",2,4
19460,"order pde",2,4
19461,"per unit cost",3,4
19462,"knot concordance group",3,4
19463,"orthogonal projections",2,4
19464,"microlocal analysis",2,4
19465,"symmetric group acting",3,4
19466,"marginal probability",2,4
19467,"holomorphic vector",2,4
19468,"local cohomology modules",3,4
19469,"discrete valuation rings",3,4
19470,"index theorems",2,4
19471,"extremal graph theory",3,4
19472,"tilting objects",2,4
19473,"lie group actions",3,4
19474,"simple undirected graph",3,4
19475,"cherednik algebra",2,4
19476,"negative feedback loop",3,4
19477,"totally geodesic flow",3,4
19478,"free abelian",2,4
19479,"time interval delta",3,4
19480,"global attractor behavior",3,4
19481,"asymptotic confidence regions",3,4
19482,"asymptotic formulae",2,4
19483,"lens spaces",2,4
19484,"cut points",2,4
19485,"hler manifolds",2,4
19486,"mayer vietoris",2,4
19487,"mixed hodge structures",3,4
19488,"sharpe ratio",2,4
19489,"markov process conditioned",3,4
19490,"symplectic 4-manifold",2,4
19491,"orientable hyperbolic",2,4
19492,"locally uniformly bounded",3,4
19493,"parabolic subalgebras",2,4
19494,"affine weyl algebra",3,4
19495,"non abelian group actions",4,4
19496,"spectral triples",2,4
19497,"simple moufang loops",3,4
19498,"sir epidemic models",3,4
19499,"admissible transformations",2,4
19500,"non equilibrium configurations",3,4
19501,"bernoulli random variables",3,4
19502,"square lattice paths",3,4
19503,"solution blows",2,4
19504,"rogers ramanujan",2,4
19505,"local optimization problem",3,4
19506,"mild regularity",2,4
19507,"step sizes",2,4
19508,"quasi geostrophic equation",3,4
19509,"quantum cohomology ring",3,4
19510,"class vii",2,4
19511,"atiyah singer",2,4
19512,"cubic nonlinear schrodinger equation",4,4
19513,"smooth projective schemes",3,4
19514,"doubly magic",2,4
19515,"semidefinite programming",2,4
19516,"cumulative distribution function",3,4
19517,"dimension reduction procedure",3,4
19518,"wiener processes",2,4
19519,"measure preserving transformations",3,4
19520,"periodic incompressible flows",3,4
19521,"quantized enveloping algebra",3,4
19522,"reproducing kernel hilbert spaces",4,4
19523,"equivariant homotopy theory",3,4
19524,"non local rings",3,4
19525,"homogeneous poisson process",3,4
19526,"first exit time interval",4,4
19527,"proper holomorphic",2,4
19528,"model selection rules",3,4
19529,"trial wave function",3,4
19530,"radial null",2,4
19531,"late time dependent",3,4
19532,"gravitational wave astronomy",3,4
19533,"scientific collaboration network",3,4
19534,"inspiral signals",2,4
19535,"extra solar system",3,4
19536,"minkowski vacuum state",3,4
19537,"angular momentum space time",4,4
19538,"circular orbit around",3,4
19539,"novel aspect",2,4
19540,"accelerated observers",2,4
19541,"strong toroidal",2,4
19542,"quasinormal mode",2,4
19543,"cosmic coincidence",2,4
19544,"quasinormal frequencies",2,4
19545,"quantum grav",2,4
19546,"additive term",2,4
19547,"flat friedmann",2,4
19548,"fringe visibility",2,4
19549,"accelerating universe filled",3,4
19550,"mock lisa data sets",4,4
19551,"net flux",2,4
19552,"angular momentum transport through",4,4
19553,"bcs like",2,4
19554,"vacuum energy gap",3,4
19555,"friction law",2,4
19556,"bohr radius",2,4
19557,"wave community",2,4
19558,"newton view",2,4
19559,"wave vector space time",4,4
19560,"four fold symmetry",3,4
19561,"fractional quantum hall effect fqhe",5,4
19562,"single electron impact",3,4
19563,"free energy distribution",3,4
19564,"magnetic resonance peak",3,4
19565,"tilt angles",2,4
19566,"ii superconductors",2,4
19567,"landau zener problem",3,4
19568,"coherence time evolution",3,4
19569,"current density jc",3,4
19570,"elastic scattering length",3,4
19571,"double quantum gates",3,4
19572,"high energy landscape",3,4
19573,"low temperature profile",3,4
19574,"rashba spin waves",3,4
19575,"strong correlation spectroscopy",3,4
19576,"simple cubic symmetry",3,4
19577,"interparticle interaction",2,4
19578,"quantum nondemolition",2,4
19579,"energy loss spectroscopy",3,4
19580,"e2g mode",2,4
19581,"high temperature anisotropies",3,4
19582,"spin singlet ground state",4,4
19583,"ideal glass transition",3,4
19584,"gaas quantum wells",3,4
19585,"impurity problems",2,4
19586,"hall resistance",2,4
19587,"intrinsic spin orbit coupling",4,4
19588,"europhys lett",2,4
19589,"superfluid density rho",3,4
19590,"two dimensional honeycomb lattice",4,4
19591,"jump diffusion equation",3,4
19592,"fully gapped",2,4
19593,"theoretic description",2,4
19594,"two dimensional 2d electron gas",5,4
19595,"2cu2 cn",2,4
19596,"anomalous transport properties",3,4
19597,"third cumulant",2,4
19598,"nearest neighbor exchange interactions",4,4
19599,"spin textures",2,4
19600,"translationally invariant under",3,4
19601,"polarized currents",2,4
19602,"carbon nanotubes swnts",3,4
19603,"superconducting nanowires",2,4
19604,"surface roughness exponent",3,4
19605,"random boolean networks",3,4
19606,"lead zirconate titanate pzt",4,4
19607,"gas phase diagram",3,4
19608,"dimensionless coupling constant",3,4
19609,"pr ca mno",3,4
19610,"stretching modes",2,4
19611,"yakonov perel",2,4
19612,"histogram monte carlo simulation",4,4
19613,"localization length scale",3,4
19614,"box counting",2,4
19615,"van kampen",2,4
19616,"barab asi",2,4
19617,"peaked spectrum",2,4
19618,"critical exponent alpha",3,4
19619,"nonlinear optical spectroscopy",3,4
19620,"alpha relaxation time",3,4
19621,"ultra sensitive",2,4
19622,"free energy gap",3,4
19623,"anisotropic magnetoresistance",2,4
19624,"medium access",2,4
19625,"rashba spin orbit splitting",4,4
19626,"vertical velocity",2,4
19627,"ladder diagrams",2,4
19628,"task completion",2,4
19629,"1-x sr",2,4
19630,"network analyzer",2,4
19631,"magneto transport measurements",3,4
19632,"many body eigenstates",3,4
19633,"non abelian berry phase",4,4
19634,"optically excited",2,4
19635,"dependent hopping",2,4
19636,"ostwald ripening",2,4
19637,"surrounding nuclear spins",3,4
19638,"micro raman",2,4
19639,"hard sphere packing",3,4
19640,"la pr",2,4
19641,"la 1-x ca",3,4
19642,"spin polarized fermi gases",4,4
19643,"micro raman spectroscopy",3,4
19644,"ensemble average value",3,4
19645,"fe doped",2,4
19646,"doped mgb2",2,4
19647,"twisted boundary",2,4
19648,"bose einstein condensed",3,4
19649,"blue shift",2,4
19650,"almost hermitian",2,4
19651,"purely electronic",2,4
19652,"fermi pockets",2,4
19653,"raman peak",2,4
19654,"wave pairing symmetry",3,4
19655,"next nearest neighbour",3,4
19656,"bond percolation model",3,4
19657,"fold degenerate",2,4
19658,"fulde ferrel",2,4
19659,"component fermi level",3,4
19660,"stretched exponential tail",3,4
19661,"aqueous solutions",2,4
19662,"large scale invariance",3,4
19663,"atom pairs",2,4
19664,"fqh states",2,4
19665,"exchange correlation functions",3,4
19666,"binder cumulant",2,4
19667,"gaas algaas heterostructures",3,4
19668,"rouse dynamics",2,4
19669,"al arxiv cond mat",4,4
19670,"vortex pinning potential",3,4
19671,"core repulsion",2,4
19672,"linear chain length",3,4
19673,"rabi frequencies",2,4
19674,"orbital kondo effect",3,4
19675,"external drive",2,4
19676,"gas drag effect",3,4
19677,"purely electronic properties",3,4
19678,"bardeen cooper pairs",3,4
19679,"spin injection",2,4
19680,"nonlinear fokker",2,4
19681,"chapman kolmogorov",2,4
19682,"cdte quantum wells",3,4
19683,"non monotonous",2,4
19684,"matrix renormalization procedure",3,4
19685,"dimensional ising models",3,4
19686,"pros sb",2,4
19687,"critical current ic",3,4
19688,"lattice relaxation rate t1",4,4
19689,"kosterlitz thouless type",3,4
19690,"pomeranchuk instability",2,4
19691,"specific heat coefficient",3,4
19692,"pressure gradients",2,4
19693,"phase space time reversal",4,4
19694,"metallic alloys",2,4
19695,"slave boson mean field theory",5,4
19696,"dislocation density",2,4
19697,"fulde ferrell larkin ovchinnikov fflo state",6,4
19698,"organic superconductor",2,4
19699,"relaxation time steps",3,4
19700,"quantum zeno",2,4
19701,"point contacts qpcs",3,4
19702,"narrow band gap",3,4
19703,"monotonically decreasing",2,4
19704,"protein folding unfolding",3,4
19705,"harmonic trapping potential",3,4
19706,"resistivity rho omega",3,4
19707,"nanostructured materials",2,4
19708,"loff state",2,4
19709,"la ca",2,4
19710,"epitaxial growth rate",3,4
19711,"exciton polariton",2,4
19712,"weakly interacting bosons",3,4
19713,"electric current density",3,4
19714,"quantizing magnetic field",3,4
19715,"angular dependences",2,4
19716,"mean field theory dmft",4,4
19717,"double peaked around",3,4
19718,"periodic boundary condition",3,4
19719,"diluted magnetic moments",3,4
19720,"charge density waves",3,4
19721,"colored particles",2,4
19722,"pauli exclusion",2,4
19723,"renormalization group nrg",3,4
19724,"rabi splitting",2,4
19725,"transition metal atoms",3,4
19726,"oxidation state",2,4
19727,"charge density matrix",3,4
19728,"nonequilibrium statistical properties",3,4
19729,"absolute branching ratios",3,4
19730,"liquid hydrogen target",3,4
19731,"germanium detector array",3,4
19732,"neutrinoless double beta gamma",4,4
19733,"reactor neutrino",2,4
19734,"recoil momentum",2,4
19735,"clock synchronization",2,4
19736,"negative correlation functions",3,4
19737,"deuteron gold collisions",3,4
19738,"trap mass",2,4
19739,"eccentricity fluctuations",2,4
19740,"hyperon production",2,4
19741,"large hadron spectra",3,4
19742,"barrier fusion",2,4
19743,"elliptic flow v2 values",4,4
19744,"relative azimuthal",2,4
19745,"hartree fock space",3,4
19746,"two body decay",3,4
19747,"tensor force",2,4
19748,"triplet splitting",2,4
19749,"nucleon deep inelastic scattering",4,4
19750,"pion production mechanisms",3,4
19751,"relativistic fermi gas",3,4
19752,"collective coordinate",2,4
19753,"angular momentum dependent",3,4
19754,"isoscalar scalar",2,4
19755,"non mesonic",2,4
19756,"strongly repulsive interactions",3,4
19757,"pion creation",2,4
19758,"proper time evolution",3,4
19759,"oxygen isotopes",2,4
19760,"transfer reactions",2,4
19761,"hadronic rescattering",2,4
19762,"ca ti",2,4
19763,"gogny d1s",2,4
19764,"inelastic scattering amplitudes",3,4
19765,"complementary approaches",2,4
19766,"late thermal",2,4
19767,"tribimaximal neutrino mixing",3,4
19768,"front quark",2,4
19769,"relative angles",2,4
19770,"vector meson masses",3,4
19771,"simultaneous determination",2,4
19772,"finite baryon chemical potential",4,4
19773,"proton scattering dis",3,4
19774,"nucleon deep inelastic",3,4
19775,"cleo iii",2,4
19776,"generation quarks",2,4
19777,"effective mass hierarchy",3,4
19778,"sparticle masses",2,4
19779,"high precision electroweak",3,4
19780,"baryonic chemical potential",3,4
19781,"color flavor nambu jona lasinio model",6,4
19782,"bs kk decays",3,4
19783,"quasiclassical approximation",2,4
19784,"saw tooth",2,4
19785,"magnetic field b0",3,4
19786,"electron positron pair creation",4,4
19787,"excited baryons",2,4
19788,"neutron edm",2,4
19789,"colour glass condensate",3,4
19790,"cp averaged branching ratios",4,4
19791,"collision rates",2,4
19792,"integrated flux",2,4
19793,"vacuum energy transfer",3,4
19794,"custodial symmetry breaking",3,4
19795,"gauge boson mass",3,4
19796,"shock wave propagation",3,4
19797,"decays primarily",2,4
19798,"pion decay constants",3,4
19799,"goldberger treiman relation",3,4
19800,"polarized protons",2,4
19801,"spin polarization buildup",3,4
19802,"rho meson baryon",3,4
19803,"relativistic heavy quark gluon plasma qgp",6,4
19804,"quark condensates",2,4
19805,"pseudoscalar higgs",2,4
19806,"annihilating dark matter",3,4
19807,"minimal supersymmetric particle",3,4
19808,"slepton pair production",3,4
19809,"first order nlo qcd",4,4
19810,"ckm angle alpha",3,4
19811,"antiquark annihilation",2,4
19812,"improved staggered fermions",3,4
19813,"scattering matrix formalism",3,4
19814,"constrained mssm",2,4
19815,"landau pomeranchuk migdal lpm",4,4
19816,"ideal hydrodynamics",2,4
19817,"quark propagators",2,4
19818,"kinetic mixing",2,4
19819,"sakai sugimoto",2,4
19820,"asymmetric nuclear",2,4
19821,"cft duality",2,4
19822,"dirac hamiltonian formalism",3,4
19823,"gregory laflamme",2,4
19824,"duality invariance",2,4
19825,"salpeter equation",2,4
19826,"unique stationary",2,4
19827,"quantum critical currents",3,4
19828,"dual meissner effect",3,4
19829,"coadjoint orbit",2,4
19830,"ordinary yang mills theory",4,4
19831,"open string tachyon condensation",4,4
19832,"dimensional schwarzschild",2,4
19833,"kappa minkowski spacetime",3,4
19834,"3rd order",2,4
19835,"sine gordon type",3,4
19836,"unstable against",2,4
19837,"cubic lattices",2,4
19838,"kramers wannier",2,4
19839,"weyl quantization",2,4
19840,"d5 branes",2,4
19841,"nc gauge theory",3,4
19842,"relativistic quantum hall effect",4,4
19843,"apparent contradiction",2,4
19844,"permutation type",2,4
19845,"calogero sutherland model",3,4
19846,"semilocal strings",2,4
19847,"via ads cft correspondence",4,4
19848,"kappa deformed",2,4
19849,"chiral effective action",3,4
19850,"mini black holes",3,4
19851,"symmetric group flows",3,4
19852,"rg flows",2,4
19853,"topological charge fluctuations",3,4
19854,"brst quantization",2,4
19855,"3-form flux",2,4
19856,"string tachyon potential",3,4
19857,"superconformal algebra",2,4
19858,"supersymmetric quantum corrections",3,4
19859,"residue field theory",3,4
19860,"breaks lorentz symmetry",3,4
19861,"e8 heterotic",2,4
19862,"infeld action",2,4
19863,"klebanov strassler background",3,4
19864,"noncommutativity parameter",2,4
19865,"area preserving",2,4
19866,"holes pbhs",2,4
19867,"type iib orientifold compactifications",4,4
19868,"vortex antivortex pairs",3,4
19869,"charged kaon",2,4
19870,"frascati phi pi",3,4
19871,"low q2 gev2",3,4
19872,"sterile neutrino",2,4
19873,"dark matter wave",3,4
19874,"lhc era",2,4
19875,"neutral current deep inelastic scattering",5,4
19876,"live days",2,4
19877,"standard model sm background",4,4
19878,"to3 pi",2,4
19879,"gluino mass",2,4
19880,"non perturbatively improved wilson fermions",5,4
19881,"first indication",2,4
19882,"experimental test rig",3,4
19883,"rotational speeds",2,4
19884,"wavelet transforms",2,4
19885,"semi automated",2,4
19886,"non relativistic speeds",3,4
19887,"low energy cost",3,4
19888,"space time averaged",3,4
19889,"scattering lengths up",3,4
19890,"per cubic",2,4
19891,"watts strogatz",2,4
19892,"barab asi albert",3,4
19893,"freezing temperature",2,4
19894,"high energy output",3,4
19895,"fortran program",2,4
19896,"parallel mechanisms",2,4
19897,"activity indicators",2,4
19898,"acousto optic",2,4
19899,"technical devices",2,4
19900,"accurate analytical expression",3,4
19901,"variance reduction technique",3,4
19902,"intrinsic variations",2,4
19903,"interacting bose gases",3,4
19904,"self citations",2,4
19905,"five year period",3,4
19906,"feature extraction",2,4
19907,"eddy currents",2,4
19908,"break up observations",3,4
19909,"efficient market",2,4
19910,"csi photocathode",2,4
19911,"force feedback control",3,4
19912,"weakly magnetized plasma",3,4
19913,"physical significance",2,4
19914,"non monotonic behavior",3,4
19915,"multi planet",2,4
19916,"bifurcation diagrams",2,4
19917,"nonstationary processes",2,4
19918,"micron sized dust grains",4,4
19919,"massive vector field theory",4,4
19920,"track length",2,4
19921,"modularity optimization",2,4
19922,"short time intervals",3,4
19923,"non stationary solutions",3,4
19924,"transportation networks",2,4
19925,"cortical networks",2,4
19926,"nonlinear optical fiber",3,4
19927,"traveling wave functions",3,4
19928,"conformal rescaling",2,4
19929,"long time delay",3,4
19930,"spatial clustering properties",3,4
19931,"bright soliton solutions",3,4
19932,"toda chain",2,4
19933,"maxwell bloch equations",3,4
19934,"kolmogorov sinai",2,4
19935,"sixth painleve",2,4
19936,"commuting observables",2,4
19937,"independent confirmation",2,4
19938,"multipartite pure states",3,4
19939,"finesse optical cavity",3,4
19940,"finite size scaling properties",4,4
19941,"dense coding scheme",3,4
19942,"swap gate",2,4
19943,"quantum bit commitment",3,4
19944,"average entanglement entropy",3,4
19945,"delayed choice",2,4
19946,"four wave function",3,4
19947,"monogamy inequality",2,4
19948,"quantum expanders",2,4
19949,"single atom chip",3,4
19950,"two qubit qutrit",3,4
19951,"photon arrival",2,4
19952,"quantum information theoretic approach",4,4
19953,"non maximally entangled state",4,4
19954,"short time goes",3,4
19955,"prisoners dilemma",2,4
19956,"multi partite entanglement",3,4
19957,"logarithmic factors",2,4
19958,"hong ou mandel interference",4,4
19959,"gauge invariant under",3,4
19960,"transported through",2,4
19961,"energy inequalities",2,4
19962,"1-parameter family",2,4
19963,"tunnel coupling",2,4
19964,"problems raised",2,4
19965,"highly non interacting",3,4
19966,"ultra narrow",2,4
19967,"three qubit systems",3,4
19968,"parent population",2,4
19969,"like ql",2,4
19970,"initially infected",2,4
19971,"cell nucleus",2,4
19972,"lipid bilayer",2,4
19973,"dynamical systems biology",3,4
19974,"gene regulatory networks",3,4
19975,"symbolic models",2,4
19976,"object oriented design",3,4
19977,"mean squared error rate",4,4
19978,"network coding technique",3,4
19979,"mathematical expression",2,4
19980,"binary erasure channel",3,4
19981,"wire tap channel",3,4
19982,"leader election",2,4
19983,"ultra wideband",2,4
19984,"robust lower bound",3,4
19985,"somewhat surprising result",3,4
19986,"mutual information theoretic",3,4
19987,"search engines",2,4
19988,"network tomography",2,4
19989,"path routing",2,4
19990,"intermolecular forces",2,4
19991,"rayleigh fading",2,4
19992,"maximal achievable",2,4
19993,"apparent lack",2,4
19994,"regression modeling",2,4
19995,"reasonably accurate",2,4
19996,"difference schemes",2,4
19997,"maximum likelihood ml decoding algorithm",5,4
19998,"human factors",2,4
19999,"code constructions",2,4
20000,"first passage time fpt",4,4
20001,"jump diffusion processes",3,4
20002,"global optimization problem",3,4
20003,"grid graphs",2,4
20004,"king model",2,4
20005,"core radius rc",3,4
20006,"hydrogen burning limit",3,4
20007,"supernova legacy survey snls",4,4
20008,"baryon acoustic oscillation peak",4,4
20009,"large magellanic clouds",3,4
20010,"level populations",2,4
20011,"protoplanetary disk midplane",3,4
20012,"weak lensing signal",3,4
20013,"dark matter halo masses",4,4
20014,"positive ions",2,4
20015,"fitting formulae",2,4
20016,"incompressible fluids",2,4
20017,"ultra luminous",2,4
20018,"accreting white dwarfs",3,4
20019,"ongoing star formation activity",4,4
20020,"unit cost",2,4
20021,"earth radii",2,4
20022,"naked eye",2,4
20023,"hi 21cm line",3,4
20024,"3d radiative",2,4
20025,"higher column densities",3,4
20026,"rapid rotation",2,4
20027,"dynamically hot",2,4
20028,"background anisotropies",2,4
20029,"weak lensing measurements",3,4
20030,"post selected",2,4
20031,"exponential cutoff",2,4
20032,"thermal comptonization model",3,4
20033,"host galaxy clusters",3,4
20034,"maximum rotation",2,4
20035,"baryon number conservation",3,4
20036,"highly turbulent",2,4
20037,"larmor radius",2,4
20038,"delayed detonation",2,4
20039,"local density environments",3,4
20040,"pairing gaps",2,4
20041,"color flavor symmetry breaking",4,4
20042,"helicity conservation",2,4
20043,"multi wavelength range",3,4
20044,"low density rho",3,4
20045,"initial mass ratios",3,4
20046,"recombination processes",2,4
20047,"leiden argentine bonn",3,4
20048,"log normal distribution",3,4
20049,"quasi stellar objects",3,4
20050,"cir x-1",2,4
20051,"magnetohydrodynamic simulations",2,4
20052,"toroidal components",2,4
20053,"angular momentum map",3,4
20054,"particles entering",2,4
20055,"downward revision",2,4
20056,"infrared triplet lines",3,4
20057,"non lte radiative transfer",4,4
20058,"co added",2,4
20059,"ray emission line",3,4
20060,"mhd code",2,4
20061,"fast fourier",2,4
20062,"geometrically thick disks",3,4
20063,"schmidt law",2,4
20064,"magnetic braking",2,4
20065,"spheroidal galaxy clusters",3,4
20066,"turning point",2,4
20067,"axial ratio",2,4
20068,"mass planets around",3,4
20069,"spectroscopic imager rhessi",3,4
20070,"reuven ramaty high energy",4,4
20071,"mass transfer rate",3,4
20072,"hb morphology",2,4
20073,"cerro tololo",2,4
20074,"friedmann robertson walker frw universe",5,4
20075,"extreme horizontal",2,4
20076,"doppler tomography",2,4
20077,"sgr dsph",2,4
20078,"spitzer irs observations",3,4
20079,"galactic foregrounds",2,4
20080,"timelike vector field",3,4
20081,"regge wheeler",2,4
20082,"false alarm",2,4
20083,"maximum likelihood ratio",3,4
20084,"world lines",2,4
20085,"riemann cartan",2,4
20086,"kaluza klein kk",3,4
20087,"rotating frame dragging",3,4
20088,"ir cutoff",2,4
20089,"fourth ligo science runs",4,4
20090,"weyl dirac equation",3,4
20091,"four wave vector",3,4
20092,"post minkowskian",2,4
20093,"torsion balance",2,4
20094,"gold coated",2,4
20095,"static spherically",2,4
20096,"2d coulomb",2,4
20097,"strong gravitational radiation",3,4
20098,"physical reason",2,4
20099,"adm mass",2,4
20100,"nearly circular orbits",3,4
20101,"within minutes",2,4
20102,"four dimensional lorentzian manifold",4,4
20103,"principal series",2,4
20104,"trilinear soft",2,4
20105,"cascade emission",2,4
20106,"baryogenesis via leptogenesis",3,4
20107,"flavor domain wall fermions",4,4
20108,"br tau",2,4
20109,"dijet cross sections",3,4
20110,"parton saturation",2,4
20111,"color dipole picture",3,4
20112,"deeply inelastic collisions",3,4
20113,"non universal features",3,4
20114,"gluon distribution",2,4
20115,"infrared divergent",2,4
20116,"isobar model",2,4
20117,"sometimes referred",2,4
20118,"current deep inelastic",3,4
20119,"non perturbative qcd corrections",4,4
20120,"monte carlo mc",3,4
20121,"heavy flavors",2,4
20122,"br b0",2,4
20123,"spectral density perturbations",3,4
20124,"temperature tf",2,4
20125,"neutrino mass squared",3,4
20126,"nlo qcd factorization",3,4
20127,"soft susy breaking",3,4
20128,"cross section sigma model",4,4
20129,"existing experimental constraints",3,4
20130,"production cross",2,4
20131,"standard model sm fermions",4,4
20132,"lepton flavour symmetry",3,4
20133,"high energy distribution functions",4,4
20134,"dilepton production rate",3,4
20135,"deconfinement phase transitions",3,4
20136,"beta beam",2,4
20137,"thermal relic density",3,4
20138,"explicit cp conserving",3,4
20139,"chi pt",2,4
20140,"exchange reactions",2,4
20141,"moduli space time",3,4
20142,"chi2 analysis",2,4
20143,"obvious differences",2,4
20144,"pivot scale",2,4
20145,"non local hidden variable",4,4
20146,"summation formulae",2,4
20147,"jet cross sections",3,4
20148,"burst grb progenitors",3,4
20149,"computer programs",2,4
20150,"unitarity bounds",2,4
20151,"longitudinally polarized light",3,4
20152,"neutral kaon decays",3,4
20153,"seesaw mechanisms",2,4
20154,"yukawa sector",2,4
20155,"precision observables",2,4
20156,"froissart bound",2,4
20157,"isolated horizon",2,4
20158,"gopakumar vafa invariants",3,4
20159,"free abelian gauge",3,4
20160,"special kahler manifold",3,4
20161,"leading irrelevant",2,4
20162,"black rings",2,4
20163,"spectrum agrees well",3,4
20164,"defect structures",2,4
20165,"higher dimensional 5d",3,4
20166,"conformally related",2,4
20167,"warped flux compactification",3,4
20168,"assisted inflation",2,4
20169,"somewhat surprisingly",2,4
20170,"unitarity cuts",2,4
20171,"spontaneous lorentz violation",3,4
20172,"least four quark",3,4
20173,"semi inclusive dis data",4,4
20174,"pairs recorded",2,4
20175,"hidden charm",2,4
20176,"frascati phi factory",3,4
20177,"tau lepton flavor violating",4,4
20178,"inclusive dis data",3,4
20179,"direct cp violation",3,4
20180,"multi higgs",2,4
20181,"doubly charged lepton",3,4
20182,"transverse momentum pt region",4,4
20183,"exclusive charmless",2,4
20184,"nul decays",2,4
20185,"non diffractive",2,4
20186,"box size scaling",3,4
20187,"quantum monte carlo algorithm",4,4
20188,"spinning string",2,4
20189,"supersymmetric black hole",3,4
20190,"siegel modular forms",3,4
20191,"new ekpyrotic",2,4
20192,"string tachyon condensation",3,4
20193,"anharmonic oscillators",2,4
20194,"modified dispersion",2,4
20195,"bending mode",2,4
20196,"arguments suggest",2,4
20197,"breit wigner functions",3,4
20198,"maximal abelian group",3,4
20199,"de sitter group",3,4
20200,"greisen zatsepin",2,4
20201,"warm inflation",2,4
20202,"velocity field theories",3,4
20203,"non commutative limit",3,4
20204,"gc formation",2,4
20205,"geometrically thick",2,4
20206,"cloud collisions",2,4
20207,"ionization corrections",2,4
20208,"existing data sets",3,4
20209,"ultraviolet uv selected",3,4
20210,"ks xmm newton",3,4
20211,"ab dor",2,4
20212,"apparent speeds",2,4
20213,"acs imaging surveys",3,4
20214,"salpeter initial",2,4
20215,"damped lya",2,4
20216,"survival chances",2,4
20217,"initial mass function imf",4,4
20218,"external shocks",2,4
20219,"sunyaev zel dovich effect",4,4
20220,"exchange currents",2,4
20221,"normal radio frequency",3,4
20222,"mono energetic",2,4
20223,"omegam omega",2,4
20224,"alfv en wave propagation",4,4
20225,"semi direct",2,4
20226,"per formula",2,4
20227,"sunspot penumbrae",2,4
20228,"clearly detect",2,4
20229,"rxte asm",2,4
20230,"lambda micron",2,4
20231,"tw hya",2,4
20232,"alpha emission features",3,4
20233,"tori around",2,4
20234,"highly unlikely",2,4
20235,"source cxou",2,4
20236,"vela jr",2,4
20237,"mode pulsators",2,4
20238,"non thermal component",3,4
20239,"deep field south",3,4
20240,"shocked gas",2,4
20241,"dex lower",2,4
20242,"gas poor",2,4
20243,"scientific return",2,4
20244,"oldest main sequence turnoff",4,4
20245,"loud active galactic nuclei agn",5,4
20246,"blue variables",2,4
20247,"bp star",2,4
20248,"orionis cluster",2,4
20249,"aperture synthesis",2,4
20250,"near infrared interferometry",3,4
20251,"speckle interferometric observations",3,4
20252,"type ic supernova sn",4,4
20253,"rho oph",2,4
20254,"weak gravitational sector",3,4
20255,"brightness temperatures",2,4
20256,"low temperature tk",3,4
20257,"transiting extrasolar giant planet",4,4
20258,"einstein rings",2,4
20259,"scuba half",2,4
20260,"subaru xmm newton deep field",5,4
20261,"co rotating",2,4
20262,"brightest cluster abell",3,4
20263,"planet interactions",2,4
20264,"lyman series",2,4
20265,"innermost region",2,4
20266,"static quark matter",3,4
20267,"finite temperature dependent",3,4
20268,"broad line luminosities",3,4
20269,"core collapse supernova explosions",4,4
20270,"day galaxies",2,4
20271,"infant mortality",2,4
20272,"uv luminosity",2,4
20273,"neutron excess energies",3,4
20274,"emission line seyfert galaxy ngc",5,4
20275,"relative humidity",2,4
20276,"magneto rotational",2,4
20277,"metallicity gradients",2,4
20278,"heats up",2,4
20279,"dense inner",2,4
20280,"adaptive optics ao system",4,4
20281,"broad line profile",3,4
20282,"thermal dust properties",3,4
20283,"circumstellar matter",2,4
20284,"temperature anisotropies",2,4
20285,"redshift distortion",2,4
20286,"swift xrt light curve",4,4
20287,"long slit spectroscopy",3,4
20288,"matter cdm",2,4
20289,"rich material",2,4
20290,"parkes radio telescope",3,4
20291,"radial drift",2,4
20292,"cosmic microwave background radiation cmbr",5,4
20293,"rapid rotators",2,4
20294,"swift xrt light curves",4,4
20295,"cluster virial temperature",3,4
20296,"post common envelope",3,4
20297,"mhd simulation",2,4
20298,"sensitive enough",2,4
20299,"self regulating",2,4
20300,"collisional energy density",3,4
20301,"carbon burning",2,4
20302,"minimum output",2,4
20303,"nearly face",2,4
20304,"rs cvn type",3,4
20305,"linear polarisation",2,4
20306,"accretion disk wind",3,4
20307,"bipolar outflow direction",3,4
20308,"radial shear",2,4
20309,"heat conduction",2,4
20310,"transit timing",2,4
20311,"empirical constraints",2,4
20312,"dark matter subhalos",3,4
20313,"angular velocities",2,4
20314,"hyperbolic 3-space",2,4
20315,"mixed hodge",2,4
20316,"joint distribution function",3,4
20317,"continuous wavelet transform",3,4
20318,"long time asymptotics",3,4
20319,"integral field theories",3,4
20320,"converges uniformly bounded",3,4
20321,"bundle tm",2,4
20322,"isotropic random fields",3,4
20323,"brillouin zone boundary",3,4
20324,"compact semisimple lie group",4,4
20325,"random environments",2,4
20326,"reversal invariance",2,4
20327,"rotation numbers",2,4
20328,"sturm liouville operators",3,4
20329,"weakly mixing",2,4
20330,"positive lyapunov exponents",3,4
20331,"generalized fibonacci sequence",3,4
20332,"total hilbert space",3,4
20333,"indirect information theory",3,4
20334,"nodal set",2,4
20335,"heat capacities",2,4
20336,"nearly complete",2,4
20337,"richardson lucy",2,4
20338,"magnetic field theory dmft",4,4
20339,"fractional charges",2,4
20340,"free energy transfer",3,4
20341,"degenerate ground states",3,4
20342,"edge sharing",2,4
20343,"ba cuo",2,4
20344,"bilayer quantum hall",3,4
20345,"fully ionized plasma",3,4
20346,"vibrational motion",2,4
20347,"remaining modes",2,4
20348,"heisenberg chain",2,4
20349,"copper oxide superconductors",3,4
20350,"electron phonon interactions",3,4
20351,"boolean function",2,4
20352,"two dimensional markovian",3,4
20353,"unperturbed hamiltonian",2,4
20354,"high temperatures below",3,4
20355,"bogoliubov transformation",2,4
20356,"conductivity kappa",2,4
20357,"superalgebra gl",2,4
20358,"nmr line",2,4
20359,"non centrosymmetric superconductor",3,4
20360,"glassy phase",2,4
20361,"solid 4he",2,4
20362,"rouse modes",2,4
20363,"conduction band structure",3,4
20364,"torsional strain",2,4
20365,"antiferromagnetic insulating",2,4
20366,"five fold",2,4
20367,"flux qubit systems",3,4
20368,"paired fermions",2,4
20369,"component fermi gases",3,4
20370,"completely mixed state",3,4
20371,"ray reflectivity",2,4
20372,"emerging flux",2,4
20373,"thermal diffusion coefficient",3,4
20374,"schwinger boson",2,4
20375,"momenta below",2,4
20376,"tensile stress strain",3,4
20377,"fe content",2,4
20378,"voltage biased",2,4
20379,"highly entangled state",3,4
20380,"tracy widom distribution",3,4
20381,"current correlators",2,4
20382,"magnetization plateau",2,4
20383,"clear indications",2,4
20384,"fermi golden rule",3,4
20385,"supercooled liquid",2,4
20386,"multicritical point",2,4
20387,"bose fermi gas",3,4
20388,"partially occupied",2,4
20389,"universal scaling functions",3,4
20390,"doping independent",2,4
20391,"edwards anderson",2,4
20392,"plate like",2,4
20393,"higher landau",2,4
20394,"purely kinetic",2,4
20395,"radially outward",2,4
20396,"fine grained",2,4
20397,"1d bose",2,4
20398,"berry curvature",2,4
20399,"linear resistivity",2,4
20400,"reverse bias",2,4
20401,"3d xy",2,4
20402,"interacting brownian particles",3,4
20403,"aharonov bohm flux tube",4,4
20404,"physical ingredients",2,4
20405,"cluster size distribution",3,4
20406,"electron doped cuprate superconductors",4,4
20407,"microstructural attributes",2,4
20408,"dark conductivity",2,4
20409,"quasi particle excitations",3,4
20410,"ordered phase space",3,4
20411,"scaled down",2,4
20412,"oscillation amplitudes",2,4
20413,"up observations suggest",3,4
20414,"ordered co",2,4
20415,"sequential dynamical",2,4
20416,"excitonic states",2,4
20417,"diblock copolymer",2,4
20418,"hard task",2,4
20419,"shot noise level",3,4
20420,"amorphous solid",2,4
20421,"specific heat capacity",3,4
20422,"non universal scaling behavior",4,4
20423,"modified coulomb",2,4
20424,"hole concentration",2,4
20425,"dilute atomic",2,4
20426,"cept si",2,4
20427,"macroscopic quantum information",3,4
20428,"itinerant charge",2,4
20429,"paramagnetic moments",2,4
20430,"conical intersection",2,4
20431,"quantum monte",2,4
20432,"rb atoms",2,4
20433,"waveguide arrays",2,4
20434,"tunnel diode",2,4
20435,"decay exponentially large",3,4
20436,"triplet pairing",2,4
20437,"ordered phase transitions",3,4
20438,"metallic nanoparticle",2,4
20439,"optimally doped cuprates",3,4
20440,"intrinsic josephson junction",3,4
20441,"debye waller factor",3,4
20442,"ab initio calculations indicate",4,4
20443,"strong violations",2,4
20444,"simple analytic solutions",3,4
20445,"left handed materials",3,4
20446,"diagrammatic technique",2,4
20447,"angle resolved photoemission spectroscopy",4,4
20448,"joint space time",3,4
20449,"cell membrane proteins",3,4
20450,"resistive state",2,4
20451,"linear schr odinger",3,4
20452,"principal mechanism",2,4
20453,"random anisotropy",2,4
20454,"anderson localization length",3,4
20455,"classical nucleation",2,4
20456,"polynomial time interval",3,4
20457,"step replica symmetry breaking",4,4
20458,"step edge",2,4
20459,"single electron diffraction",3,4
20460,"transmission line",2,4
20461,"yield stress",2,4
20462,"wall shear flow",3,4
20463,"force gradient",2,4
20464,"dresselhaus spin orbit",3,4
20465,"delta kicked",2,4
20466,"coordination number density",3,4
20467,"electron doped srtio3",3,4
20468,"indirect exchange interaction",3,4
20469,"celestial mechanics",2,4
20470,"electrical impedance",2,4
20471,"conjugate gradient",2,4
20472,"expander graphs",2,4
20473,"highly charged particles",3,4
20474,"minimax lower bound",3,4
20475,"normal crossing",2,4
20476,"kolmogorov smirnov",2,4
20477,"discrete time scales",3,4
20478,"combinatorial identities related",3,4
20479,"linear recurrence",2,4
20480,"reproducing kernel hilbert space",4,4
20481,"torelli group",2,4
20482,"hamilton jacobi bellman",3,4
20483,"nonlinear klein gordon",3,4
20484,"baum connes assembly map",4,4
20485,"vector bundles over",3,4
20486,"arc transitive graphs",3,4
20487,"semisimple lie",2,4
20488,"genus zero gromov witten invariants",5,4
20489,"des groupes",2,4
20490,"computer simulations confirm",3,4
20491,"c3 z3",2,4
20492,"waiting time dependent",3,4
20493,"robin boundary",2,4
20494,"non orientable",2,4
20495,"special lagrangian submanifolds",3,4
20496,"torsion free abelian group",4,4
20497,"null hypersurfaces",2,4
20498,"stochastic differential equations sdes",4,4
20499,"finsler manifold",2,4
20500,"exhaustive search algorithm",3,4
20501,"stochastic control problem",3,4
20502,"price process",2,4
20503,"real line element",3,4
20504,"phylogenetic tree",2,4
20505,"broad family",2,4
20506,"teichmueller space",2,4
20507,"drinfeld modules",2,4
20508,"locally compact objects",3,4
20509,"baum connes",2,4
20510,"polynomial time steps",3,4
20511,"rare event",2,4
20512,"main theorem says",3,4
20513,"half spaces",2,4
20514,"seifert surface",2,4
20515,"traveling salesman problem",3,4
20516,"semi stable rank",3,4
20517,"joint probability distributions",3,4
20518,"sample covariance",2,4
20519,"fatou set",2,4
20520,"tangent vector fields",3,4
20521,"ann category",2,4
20522,"lagrange finsler",2,4
20523,"vanishing viscosity solution",3,4
20524,"evy noise",2,4
20525,"negative binomial",2,4
20526,"nadaraya watson",2,4
20527,"feedback controlled",2,4
20528,"theoretic characterization",2,4
20529,"subset selection",2,4
20530,"multivariate time",2,4
20531,"laurent series rings",3,4
20532,"conditional expectations",2,4
20533,"fractional factorial designs",3,4
20534,"conditional distribution functions",3,4
20535,"non trivial canonical",3,4
20536,"risk free",2,4
20537,"orbit splitting",2,4
20538,"equally spaced",2,4
20539,"combinatorial optimization problem",3,4
20540,"hecke eigenvalues",2,4
20541,"systematic scan",2,4
20542,"riemannian symmetric",2,4
20543,"cyclic permutation",2,4
20544,"recursive estimation",2,4
20545,"boundary divisor",2,4
20546,"unit volume",2,4
20547,"maximal torus action",3,4
20548,"cosine functions",2,4
20549,"vector space spanned",3,4
20550,"dynamic light",2,4
20551,"harmonic sums",2,4
20552,"finite cw complex",3,4
20553,"euler characteristic zero",3,4
20554,"nahm transform",2,4
20555,"tailed distributions",2,4
20556,"flag manifolds",2,4
20557,"irrational rotation",2,4
20558,"affine lie algebras",3,4
20559,"bv algebra",2,4
20560,"schur weyl",2,4
20561,"whole real line",3,4
20562,"hydrodynamic evolution equations",3,4
20563,"sound velocity",2,4
20564,"angular momentum distribution",3,4
20565,"relativistic mean field rmf",4,4
20566,"bardeen cooper",2,4
20567,"fusion cross section",3,4
20568,"semiclassical treatment",2,4
20569,"pure neutron star",3,4
20570,"effective mass splitting",3,4
20571,"nuclear matrix element",3,4
20572,"pion mass range",3,4
20573,"hot gas phase transition",4,4
20574,"betweenness centrality",2,4
20575,"obliquely incident",2,4
20576,"real social networks",3,4
20577,"dna looping",2,4
20578,"non thermal conductivity",3,4
20579,"fat tailed",2,4
20580,"flat disk",2,4
20581,"power law distributed according",4,4
20582,"comprehensive treatment",2,4
20583,"decision trees",2,4
20584,"oxide nanoparticles",2,4
20585,"transformation media",2,4
20586,"microquasar grs",2,4
20587,"quantum interplays",2,4
20588,"strong gravitational interaction",3,4
20589,"wherever available",2,4
20590,"low radioactivity",2,4
20591,"blue supergiant",2,4
20592,"dry air",2,4
20593,"discrete time intervals",3,4
20594,"strong gravitational interactions",3,4
20595,"charged tracks",2,4
20596,"partially polarized",2,4
20597,"avalanche photodiodes",2,4
20598,"meridional circulation",2,4
20599,"two component fermi gas",4,4
20600,"photonic crystal fibers",3,4
20601,"down converted photons",3,4
20602,"atmospheric mixing",2,4
20603,"weakly correlated",2,4
20604,"non retarded",2,4
20605,"node bifurcation",2,4
20606,"map reveals",2,4
20607,"total energy eigenvalues",3,4
20608,"external electric field theory",4,4
20609,"levi civita",2,4
20610,"complex refractive",2,4
20611,"near infrared regime",3,4
20612,"real analytic techniques",3,4
20613,"spatiotemporal chaos",2,4
20614,"spatial correlation lengths",3,4
20615,"briefly mention",2,4
20616,"phenomena occurring",2,4
20617,"markovian regime",2,4
20618,"geometric quantities",2,4
20619,"multi soliton",2,4
20620,"coulomb barrier fusion reactions",4,4
20621,"particle multiplicity",2,4
20622,"multiple parton",2,4
20623,"heavy ion channels",3,4
20624,"end point source",3,4
20625,"rapidity gap",2,4
20626,"iii lambda",2,4
20627,"equations fail",2,4
20628,"totally asymmetric simple exclusion processes",5,4
20629,"decision process",2,4
20630,"semiclassical description",2,4
20631,"quantum hamilton",2,4
20632,"plus ring shaped potential",4,4
20633,"spin-1 chain length",3,4
20634,"low temperature dependences",3,4
20635,"minimal coupling constant",3,4
20636,"entropic inequalities",2,4
20637,"logarithmic conformal",2,4
20638,"free subspace",2,4
20639,"fundamentally new physics",3,4
20640,"quantum cloning machine",3,4
20641,"weighted sum over",3,4
20642,"continuous variable cv",3,4
20643,"spectral density wave",3,4
20644,"eur phys",2,4
20645,"pulled back",2,4
20646,"non abelian gauge theories",4,4
20647,"thick brane",2,4
20648,"compact extra dimension",3,4
20649,"higher spin dynamics",3,4
20650,"chiral symmetry breaking occurs",4,4
20651,"rigid body systems",3,4
20652,"lin lunin",2,4
20653,"sphaleron processes",2,4
20654,"black holes pbhs",3,4
20655,"stringy description",2,4
20656,"singular point correlation function",4,4
20657,"surprisingly large number",3,4
20658,"generalized kahler geometry",3,4
20659,"brst operator",2,4
20660,"gribov problem",2,4
20661,"four point correlation function",4,4
20662,"nested bethe ansatz equations",4,4
20663,"greatly simplifies",2,4
20664,"exactly matches",2,4
20665,"casimir force acting",3,4
20666,"critical value problems",3,4
20667,"ads black holes",3,4
20668,"ads space time",3,4
20669,"projective superspace",2,4
20670,"holomorphic vector bundle",3,4
20671,"monopole condensate",2,4
20672,"ii string",2,4
20673,"feynman path integrals",3,4
20674,"thin brane",2,4
20675,"quantized hall effect",3,4
20676,"specific heat equation",3,4
20677,"asymptotically flat space",3,4
20678,"holographic duals",2,4
20679,"dvali gabadadze porrati",3,4
20680,"deformed heisenberg algebra",3,4
20681,"spin waves propagate",3,4
20682,"dressing phase",2,4
20683,"hernandez lopez",2,4
20684,"spatial derivatives",2,4
20685,"broken down quark masses",4,4
20686,"fermionic sector",2,4
20687,"positive roots",2,4
20688,"colored graph",2,4
20689,"gaussian broadcast",2,4
20690,"awgn channel",2,4
20691,"tight lower bounds",3,4
20692,"constant sectional",2,4
20693,"axiomatic approach",2,4
20694,"reinforcement learning",2,4
20695,"forward af",2,4
20696,"receive antennas",2,4
20697,"maximum achievable rate",3,4
20698,"shower array",2,4
20699,"belt objects",2,4
20700,"apparent brightness",2,4
20701,"galactic latitudes",2,4
20702,"survey 2dfgrs",2,4
20703,"background subtraction",2,4
20704,"specific star forming",3,4
20705,"compton cooling",2,4
20706,"high resolution hydrodynamical",3,4
20707,"highly inclined",2,4
20708,"rxte pca",2,4
20709,"solid crust",2,4
20710,"lessons learned",2,4
20711,"standard solar",2,4
20712,"nova like",2,4
20713,"bl lacertae objects",3,4
20714,"mcdonald observatory",2,4
20715,"forbidden lines",2,4
20716,"abundance pattern",2,4
20717,"rich gcs",2,4
20718,"host galaxies hosting",3,4
20719,"per unit time",3,4
20720,"ic sn 2006aj",3,4
20721,"nebular emission lines",3,4
20722,"photometric redshift range",3,4
20723,"planetary orbit",2,4
20724,"low mass function imf",4,4
20725,"ray binaries hmxbs",3,4
20726,"numerical integrations",2,4
20727,"myr after",2,4
20728,"vertical distribution function",3,4
20729,"oscillations khz qpos",3,4
20730,"nir imaging",2,4
20731,"disc like",2,4
20732,"active galactic nuclei agns",4,4
20733,"cold gas kinematics",3,4
20734,"mm continuum images",3,4
20735,"smc x-1",2,4
20736,"non linear polarization",3,4
20737,"tangled magnetic field",3,4
20738,"strongly lensed",2,4
20739,"elais n1 n2",3,4
20740,"galactocentric radii",2,4
20741,"uves spectrum",2,4
20742,"hi absorption lines",3,4
20743,"short grbs",2,4
20744,"wave strain",2,4
20745,"alfven waves propagating",3,4
20746,"bar pattern speeds",3,4
20747,"pulsars axps",2,4
20748,"xmm newton deep survey",4,4
20749,"young sigma",2,4
20750,"leaving behind",2,4
20751,"ultraviolet imaging spectrograph",3,4
20752,"central supermassive black hole",4,4
20753,"sax j1808.4-3658",2,4
20754,"lac objects",2,4
20755,"ionizing sources",2,4
20756,"non linear regression models",4,4
20757,"non local universe",3,4
20758,"inherent structures",2,4
20759,"nebula around sn1987a",3,4
20760,"isolated neutron star",3,4
20761,"transmission grating spectrometer",3,4
20762,"rigorous statistical",2,4
20763,"helium enriched",2,4
20764,"nearby isolated neutron stars",4,4
20765,"eddington accretion",2,4
20766,"statistically significant differences",3,4
20767,"existing data suggest",3,4
20768,"active phase transition",3,4
20769,"southern galactic",2,4
20770,"moderate redshift",2,4
20771,"astrophysical scales",2,4
20772,"cluster gc system",3,4
20773,"line emitting",2,4
20774,"high resolution echelle spectrograph",4,4
20775,"ultraviolet uv upturn",3,4
20776,"circumstellar envelope",2,4
20777,"skyrme hartree fock hf",4,4
20778,"dg tau",2,4
20779,"hh objects",2,4
20780,"wmap three",2,4
20781,"qpo frequencies",2,4
20782,"cluster westerlund",2,4
20783,"chandra orion ultradeep project coup",5,4
20784,"single processor",2,4
20785,"matter power spectra",3,4
20786,"atmosphere white dwarfs",3,4
20787,"serendipitous detection",2,4
20788,"reside within",2,4
20789,"halo mass distribution function",4,4
20790,"host galaxy clustering",3,4
20791,"observational noise",2,4
20792,"lx erg cm2",3,4
20793,"type iip",2,4
20794,"numerically integrating",2,4
20795,"lens systems",2,4
20796,"sn ia supernovae",3,4
20797,"fractal dimensions",2,4
20798,"synchrotron origin",2,4
20799,"emission line fluxes",3,4
20800,"w0 w1",2,4
20801,"north south galactic",3,4
20802,"successfully reproduces",2,4
20803,"spitzer wide field",3,4
20804,"maxwellian distribution function",3,4
20805,"population ssp models",3,4
20806,"non adiabatic evolution",3,4
20807,"gas giant molecular clouds",4,4
20808,"phase lag",2,4
20809,"molecular torus",2,4
20810,"proto planetary nebulae",3,4
20811,"jet breaks",2,4
20812,"dla systems dlas",3,4
20813,"density omegam",2,4
20814,"giant molecular clouds gmcs",4,4
20815,"accelerated electrons",2,4
20816,"doppler imaging",2,4
20817,"fine structure factor",3,4
20818,"h2 emission line",3,4
20819,"grain chemistry",2,4
20820,"radiative transfer rates",3,4
20821,"standard fireball",2,4
20822,"dense environments",2,4
20823,"neutral hydrogen column",3,4
20824,"qso absorption lines",3,4
20825,"2-m telescope",2,4
20826,"pre swift",2,4
20827,"zero metallicity",2,4
20828,"heavy element abundances",3,4
20829,"high velocity fields",3,4
20830,"galactic halo mass",3,4
20831,"ms stars",2,4
20832,"bulk lorentz factor",3,4
20833,"extended radio frequency",3,4
20834,"composition gradient",2,4
20835,"hubble ultra deep field hudf",5,4
20836,"entirely within",2,4
20837,"excellent spatial resolution",3,4
20838,"wilkinson microwave anisotropy probe wmap",5,4
20839,"vector bundle over",3,4
20840,"lagrange equation",2,4
20841,"knizhnik zamolodchikov equation",3,4
20842,"arxiv math ph",3,4
20843,"quantum critical exponent",3,4
20844,"conducting fluid",2,4
20845,"marchenko pastur",2,4
20846,"lax representation",2,4
20847,"reversal invariant",2,4
20848,"riemann cartan connection",3,4
20849,"cal pt symmetric hamiltonians",4,4
20850,"massless scalar field equations",4,4
20851,"renormalization constants",2,4
20852,"gravity phenomenology",2,4
20853,"antenna lisa",2,4
20854,"order parameter space time",4,4
20855,"extreme mass ratio inspirals emris",5,4
20856,"laser interferometer space time",4,4
20857,"fourth ligo science run",4,4
20858,"planck length scales",3,4
20859,"quantum optics approximation",3,4
20860,"empty open",2,4
20861,"current age",2,4
20862,"jacobi formalism",2,4
20863,"pointed observations",2,4
20864,"bianchi type ii",3,4
20865,"hot electron transport",3,4
20866,"rubrene single crystal",3,4
20867,"gibbs ensemble",2,4
20868,"hard sphere mixtures",3,4
20869,"ergodicity breaking",2,4
20870,"rich phase space",3,4
20871,"flux quantization",2,4
20872,"gaas quantum dots qds",4,4
20873,"charge redistribution",2,4
20874,"landau zener transition",3,4
20875,"ultrahigh vacuum",2,4
20876,"number density wave",3,4
20877,"incident plane wave",3,4
20878,"quantum key parameters",3,4
20879,"double exchange interactions",3,4
20880,"strongly correlated noise",3,4
20881,"second virial coefficient",3,4
20882,"oxygen octahedra",2,4
20883,"ab initio calculations suggest",4,4
20884,"oh cl",2,4
20885,"decreases toward",2,4
20886,"sc phase",2,4
20887,"alpha beta function",3,4
20888,"lateral dimensions",2,4
20889,"angle resolved photoemission spectra",4,4
20890,"broad band structure",3,4
20891,"two component bose einstein condensates",5,4
20892,"2pi effective action",3,4
20893,"slow relaxation time",3,4
20894,"versus temperature dependence",3,4
20895,"energy density wave function",4,4
20896,"nmr signal",2,4
20897,"long lived charged",3,4
20898,"exclusion process",2,4
20899,"avoided level crossings",3,4
20900,"integer quantum mechanics",3,4
20901,"phase transitions occurring",3,4
20902,"multi layer perceptron",3,4
20903,"cooling sequence",2,4
20904,"social network topology",3,4
20905,"long wavelength approximation",3,4
20906,"numerical procedures",2,4
20907,"gases 2degs",2,4
20908,"thereby suggesting",2,4
20909,"spin polarized current",3,4
20910,"electron transport phenomena",3,4
20911,"polycyclic aromatic hydrocarbons",3,4
20912,"density functional theory tddft",4,4
20913,"odd number density",3,4
20914,"josephson like oscillations",3,4
20915,"ab plane parallel",3,4
20916,"first principles calculations suggest",4,4
20917,"boundary layer thickness",3,4
20918,"hubbard models",2,4
20919,"co adsorption",2,4
20920,"ferroelectric phase transitions",3,4
20921,"conjugation symmetry",2,4
20922,"stationary phase diagram",3,4
20923,"shock induced",2,4
20924,"structural glasses",2,4
20925,"phase transition rates",3,4
20926,"hole masses",2,4
20927,"recursive structure",2,4
20928,"electric field equations",3,4
20929,"eilenberger theory",2,4
20930,"spectroscopic ellipsometry",2,4
20931,"dmrg calculations",2,4
20932,"component perpendicular",2,4
20933,"knudsen number",2,4
20934,"landau devonshire",2,4
20935,"source drain voltage",3,4
20936,"long time delays",3,4
20937,"spinel structure",2,4
20938,"binding energy spectrum",3,4
20939,"classically forbidden",2,4
20940,"chern simon",2,4
20941,"comprehensive numerical",2,4
20942,"membrane bound",2,4
20943,"thin strip",2,4
20944,"non uniform magnetic",3,4
20945,"extrinsic graphene",2,4
20946,"polarized laser fields",3,4
20947,"greatly enhances",2,4
20948,"core shell",2,4
20949,"positron annihilation radiation",3,4
20950,"interchain hopping",2,4
20951,"density functional form",3,4
20952,"ab initio molecular dynamics simulations",5,4
20953,"lamb dicke",2,4
20954,"heat conductivity kappa",3,4
20955,"shell structure formation",3,4
20956,"gradient corrected",2,4
20957,"meissner effect",2,4
20958,"quantum information storage",3,4
20959,"small polaron",2,4
20960,"popov approximation",2,4
20961,"intensity map",2,4
20962,"self assembled inas",3,4
20963,"al phys.rev",2,4
20964,"gor kov",2,4
20965,"varies continuously",2,4
20966,"doped cuprate superconductors",3,4
20967,"approximation lsda",2,4
20968,"pinch off",2,4
20969,"closely matches",2,4
20970,"asymmetric simple exclusion process",4,4
20971,"polariton condensates",2,4
20972,"muffin tin orbital",3,4
20973,"sudden drop",2,4
20974,"decay chains",2,4
20975,"temperature tc superconductors",3,4
20976,"single crack",2,4
20977,"pseudogap phase transition",3,4
20978,"low temperature tm",3,4
20979,"exponential tails",2,4
20980,"photonic band gap",3,4
20981,"open chaotic",2,4
20982,"wigner surmise",2,4
20983,"swendsen wang",2,4
20984,"step like behavior",3,4
20985,"tight binding tb",3,4
20986,"low frequency shift",3,4
20987,"chaotic cavities",2,4
20988,"capillary wave",2,4
20989,"lefschetz fibration",2,4
20990,"reinforced random walk",3,4
20991,"modified kdv equation",3,4
20992,"kohn nirenberg",2,4
20993,"ballistic deposition",2,4
20994,"bid ask",2,4
20995,"stieltjes function",2,4
20996,"xx century",2,4
20997,"picard fuchs",2,4
20998,"independent identically zero",3,4
20999,"intermediate jacobian",2,4
21000,"mixed hodge structure",3,4
21001,"higgs bundles",2,4
21002,"complex reductive",2,4
21003,"supercuspidal representations",2,4
21004,"variational inequality",2,4
21005,"quasiconformal maps",2,4
21006,"boson mass ratio",3,4
21007,"asymptotically almost",2,4
21008,"poisson geometry",2,4
21009,"rigorous proofs",2,4
21010,"pure braid group",3,4
21011,"distance asymptotics",2,4
21012,"smoothly bounded domain",3,4
21013,"log concavity",2,4
21014,"diffeomorphism groups",2,4
21015,"schur class",2,4
21016,"similar markov",2,4
21017,"split ring",2,4
21018,"cf cite",2,4
21019,"selmer group",2,4
21020,"integral homology",2,4
21021,"convex programming",2,4
21022,"feynman kac formula",3,4
21023,"transportation problem",2,4
21024,"separable metric spaces",3,4
21025,"self linking number",3,4
21026,"inverse semigroup",2,4
21027,"stochastic integrals",2,4
21028,"backward stochastic differential equation",4,4
21029,"euler poincar",2,4
21030,"medical imaging",2,4
21031,"tilting object",2,4
21032,"prime divisors",2,4
21033,"analytic varieties",2,4
21034,"isometric embeddings",2,4
21035,"fiber bundle over",3,4
21036,"compact riemannian geometry",3,4
21037,"parabolic geometry",2,4
21038,"fock approximation",2,4
21039,"abel plana",2,4
21040,"iteration procedure",2,4
21041,"elementary abelian group",3,4
21042,"infinite cyclic subgroups",3,4
21043,"fundamental building blocks",3,4
21044,"compact kahler manifold",3,4
21045,"affine weyl groups",3,4
21046,"geometric brownian motion",3,4
21047,"nonlinear parabolic equations",3,4
21048,"scalar conservation laws",3,4
21049,"invariance principle behind",3,4
21050,"least two dimensions",3,4
21051,"local lipschitz",2,4
21052,"volatility clustering",2,4
21053,"price fluctuations",2,4
21054,"velocity vectors",2,4
21055,"generalization error rate",3,4
21056,"latent variable",2,4
21057,"greatly exceeds",2,4
21058,"moser trudinger",2,4
21059,"canonical partition",2,4
21060,"symmetric group actions",3,4
21061,"quantized electromagnetic field theory",4,4
21062,"classical computer simulation",3,4
21063,"metallic wire",2,4
21064,"thermal casimir force",3,4
21065,"storage devices",2,4
21066,"leading term proportional",3,4
21067,"convolutional code",2,4
21068,"necessarily imply",2,4
21069,"quantum teleportation protocol",3,4
21070,"optical parametric down conversion process",5,4
21071,"phase transition qpt",3,4
21072,"su coherent state",3,4
21073,"fock space time",3,4
21074,"borel resummation",2,4
21075,"flavor structures",2,4
21076,"atmospheric mixing patterns",3,4
21077,"international linear polarization",3,4
21078,"first order nnlo qcd corrections",5,4
21079,"cos theta",2,4
21080,"order correction factor",3,4
21081,"shell correction",2,4
21082,"minimal supersymmetric standard model mssm parameter",6,4
21083,"four fermion masses",3,4
21084,"beta beam facility",3,4
21085,"maximal atmospheric mixing",3,4
21086,"atmospheric neutrino interactions",3,4
21087,"right handed majorana neutrino",4,4
21088,"formation prior",2,4
21089,"relativistic heavy quark gluon plasma",5,4
21090,"small q2 gev",3,4
21091,"active sterile neutrino",3,4
21092,"per baryon",2,4
21093,"lepton polarization",2,4
21094,"proton scattering processes",3,4
21095,"normal nuclear matter",3,4
21096,"di lepton",2,4
21097,"neutralino sector",2,4
21098,"soft wall",2,4
21099,"two loop integrals",3,4
21100,"mass matrices",2,4
21101,"leptonic cp",2,4
21102,"pqcd approach",2,4
21103,"squark pair",2,4
21104,"bs mixing parameters",3,4
21105,"color superconducting",2,4
21106,"electroweak symmetry breaking ewsb",4,4
21107,"baryon chemical",2,4
21108,"longer lived",2,4
21109,"false vacuum state",3,4
21110,"time dependent cp odd",4,4
21111,"beam tests",2,4
21112,"bs meson decays",3,4
21113,"infinite tower",2,4
21114,"walking technicolor",2,4
21115,"result opens",2,4
21116,"lepton number conservation",3,4
21117,"gluon condensates",2,4
21118,"chromo magnetic",2,4
21119,"gluonic phase transition",3,4
21120,"deeply inelastic",2,4
21121,"sign dileptons",2,4
21122,"plasma qgp",2,4
21123,"mass matrix elements",3,4
21124,"cosmological observations suggest",3,4
21125,"pi mp",2,4
21126,"leq mev",2,4
21127,"babar collaboration",2,4
21128,"isospin violating",2,4
21129,"omega eta meson decays",4,4
21130,"flux density profile",3,4
21131,"stokes equations",2,4
21132,"convection rolls",2,4
21133,"symmetry breaking occurs",3,4
21134,"passive scalar",2,4
21135,"rayleigh jeans",2,4
21136,"reaction diffusion equation",3,4
21137,"spatially resolving",2,4
21138,"discrete dipole approximation dda",4,4
21139,"arbitrarily shaped",2,4
21140,"weakly collisional",2,4
21141,"law slope",2,4
21142,"human genome",2,4
21143,"bcs hamiltonian",2,4
21144,"neutron rich nucleus",3,4
21145,"highly irregular",2,4
21146,"static quark gluon",3,4
21147,"phenix collaboration",2,4
21148,"group theoretical framework",3,4
21149,"scattering off nuclei",3,4
21150,"pion photoproduction",2,4
21151,"four momentum space time",4,4
21152,"sub saturation",2,4
21153,"confinement deconfinement transition",3,4
21154,"after hadronization",2,4
21155,"external magnetic moment",3,4
21156,"distorted wave born approximation",4,4
21157,"split ring resonators",3,4
21158,"mathematical tools",2,4
21159,"packet forwarding",2,4
21160,"monochromatic wave",2,4
21161,"zonal flow",2,4
21162,"stochastic thermodynamics",2,4
21163,"asset returns",2,4
21164,"conservative force",2,4
21165,"non archimedean",2,4
21166,"lomb scargle",2,4
21167,"discrete time domain",3,4
21168,"false alarm rate",3,4
21169,"light echo",2,4
21170,"eddy simulations",2,4
21171,"pitchfork bifurcation",2,4
21172,"mesoscopic scale",2,4
21173,"surface plasmon polariton",3,4
21174,"transverse magnetic fields",3,4
21175,"yeast saccharomyces cerevisiae",3,4
21176,"cherenkov photons",2,4
21177,"pseudogap phase diagram",3,4
21178,"dielectric constants",2,4
21179,"transverse momenta pt gev",4,4
21180,"non gaussian shape",3,4
21181,"significant correlation function",3,4
21182,"proton radioactivity",2,4
21183,"national accelerator",2,4
21184,"high energy content",3,4
21185,"rp process",2,4
21186,"isospin dependent",2,4
21187,"linearly polarized photons",3,4
21188,"threshold enhancement",2,4
21189,"double sided",2,4
21190,"pseudo spectral function",3,4
21191,"four dimensional supermanifold",3,4
21192,"non abelian gauge symmetry",4,4
21193,"schubert polynomials",2,4
21194,"kobayashi maskawa",2,4
21195,"non negative norm",3,4
21196,"countably generated",2,4
21197,"remain elusive",2,4
21198,"single walled carbon nanotubes swnts",5,4
21199,"cartan matrix",2,4
21200,"lambda phi4 model",3,4
21201,"radial distribution functions",3,4
21202,"critically reviewed",2,4
21203,"single walled carbon nanotubes swcnts",5,4
21204,"electron transistor",2,4
21205,"fusion category",2,4
21206,"centrally condensed",2,4
21207,"principal bundles over",3,4
21208,"geometric complexity",2,4
21209,"ray emission comes",3,4
21210,"structural constants",2,4
21211,"task force",2,4
21212,"puzzling features",2,4
21213,"driven mott insulator transition metal",5,4
21214,"rare decay rate",3,4
21215,"c2d survey",2,4
21216,"barrett crane model",3,4
21217,"infrared safe",2,4
21218,"incidence matrix",2,4
21219,"electroweak phase space",3,4
21220,"normal metal insulator",3,4
21221,"3d incompressible euler equations",4,4
21222,"rheological properties",2,4
21223,"minkowski inequality",2,4
21224,"against gravitational instability",3,4
21225,"hohenberg kohn",2,4
21226,"springer berlin",2,4
21227,"echo decay",2,4
21228,"risk measure",2,4
21229,"red supergiants rsgs",3,4
21230,"entangled photons emitted",3,4
21231,"whispering gallery mode",3,4
21232,"negative kinetic energy",3,4
21233,"collider signature",2,4
21234,"low energy content",3,4
21235,"mechanical resonator",2,4
21236,"james clerk maxwell telescope",4,4
21237,"almost equally",2,4
21238,"until today",2,4
21239,"maximal torus",2,4
21240,"hamilton jacobi formalism",3,4
21241,"planned neutrino",2,4
21242,"theta expanded",2,4
21243,"post common",2,4
21244,"rigorous lower",2,4
21245,"formation efficiencies",2,4
21246,"core collapse sne",3,4
21247,"nucleic acids",2,4
21248,"accurate analytical expressions",3,4
21249,"four quark masses",3,4
21250,"cuprate superconductor",2,4
21251,"art theoretical predictions",3,4
21252,"cauchy integral",2,4
21253,"light quark antiquark",3,4
21254,"nonrelativistic quantum",2,4
21255,"damped lyman alpha dla systems",5,4
21256,"completely mixed",2,4
21257,"short time interval",3,4
21258,"spin polarization observables",3,4
21259,"spin helix",2,4
21260,"bj orner",2,4
21261,"froggatt nielsen",2,4
21262,"eddington accretion rate",3,4
21263,"bias anomaly",2,4
21264,"barrier crossing",2,4
21265,"toroidal field",2,4
21266,"ionisation structure",2,4
21267,"per pixel",2,4
21268,"reconnection rate",2,4
21269,"dip hump",2,4
21270,"experimental sensitivities",2,4
21271,"coding technique",2,4
21272,"hadron collider signatures",3,4
21273,"boson mean field theory",4,4
21274,"prime factor",2,4
21275,"spherical shell model",3,4
21276,"radon measure",2,4
21277,"early type ia supernovae",4,4
21278,"spin chain length",3,4
21279,"ultraviolet explorer fuse",3,4
21280,"burst alert",2,4
21281,"southern extra solar",3,4
21282,"exhaustive search",2,4
21283,"space interferometry mission",3,4
21284,"dama nai",2,4
21285,"conceptual proof",2,4
21286,"polarized proton scattering",3,4
21287,"trapped ion trap",3,4
21288,"autonomous hamiltonian",2,4
21289,"doped srtio3",2,4
21290,"armchair graphene ribbons",3,4
21291,"pauli paramagnetic",2,4
21292,"diquark picture",2,4
21293,"superconducting gap formation",3,4
21294,"absorbed blackbody",2,4
21295,"scintillation light",2,4
21296,"schwarzschild de sitter",3,4
21297,"two loop quantum cosmology",4,4
21298,"optimal doping",2,4
21299,"globally coupled oscillators",3,4
21300,"convectively unstable",2,4
21301,"s1 z2",2,4
21302,"two dimensional ising spin glass",5,4
21303,"wave numbers",2,4
21304,"brouwer degrees",2,4
21305,"arxiv hep lat",3,4
21306,"interchain coupling",2,4
21307,"world trade",2,4
21308,"stokes vector",2,4
21309,"circumbinary disks",2,4
21310,"curie point",2,4
21311,"martensitic phase transition",3,4
21312,"cluster tilting",2,4
21313,"dimensionless spin",2,4
21314,"keplerian orbital",2,4
21315,"high velocity profile",3,4
21316,"parity violating operators",3,4
21317,"wz sge",2,4
21318,"spiral magnets",2,4
21319,"stacking faults",2,4
21320,"interference limited feedback",3,4
21321,"factor binding",2,4
21322,"darboux integrable systems",3,4
21323,"baily borel",2,4
21324,"exoplanet host star",3,4
21325,"static dielectric constant",3,4
21326,"gutzwiller variational",2,4
21327,"actin filaments",2,4
21328,"pour la",2,4
21329,"water cherenkov",2,4
21330,"electrical current voltage",3,4
21331,"trapped bose einstein condensation",4,4
21332,"intrinsic torsion",2,4
21333,"sinh gordon",2,4
21334,"integrated luminosity ratio",3,4
21335,"edge disjoint union",3,4
21336,"ca sc",2,4
21337,"atomically smooth",2,4
21338,"group uq",2,4
21339,"orbital entanglement",2,4
21340,"spiral arms",2,4
21341,"local thermodynamic equilibrium",3,4
21342,"observational capabilities",2,4
21343,"radiative transport",2,4
21344,"universal scaling relations",3,4
21345,"magnetic cataclysmic variables",3,4
21346,"off shell model",3,4
21347,"fluorescence yield",2,4
21348,"clear trend",2,4
21349,"inversion techniques",2,4
21350,"cross kerr nonlinearity",3,4
21351,"mid ir seds",3,4
21352,"kolmogorov sinai entropy",3,4
21353,"correction scheme",2,4
21354,"electric charge density",3,4
21355,"photoionization cross sections",3,4
21356,"old stellar evolution",3,4
21357,"faint blue galaxies",3,4
21358,"konus wind",2,4
21359,"massive protostellar",2,4
21360,"tight binding energy",3,4
21361,"galactic bulge region",3,4
21362,"lattice sizes up",3,4
21363,"ring exchange",2,4
21364,"molecular gas traced",3,4
21365,"rich agb stars",3,4
21366,"mass distribution functions",3,4
21367,"twist corrections",2,4
21368,"quark gluon propagator",3,4
21369,"asymptotically flat space time",4,4
21370,"sinusoidal variation",2,4
21371,"constraint logic",2,4
21372,"opinion formation",2,4
21373,"highly resistive",2,4
21374,"pure rolling",2,4
21375,"cuntz semigroup algebras",3,4
21376,"five dimensional reduction",3,4
21377,"minimal flavour violation",3,4
21378,"momentum cut",2,4
21379,"run away",2,4
21380,"heralded single photons",3,4
21381,"modular vector valued",3,4
21382,"quasi spherical symmetry",3,4
21383,"contact network",2,4
21384,"localized wannier",2,4
21385,"abundance variations",2,4
21386,"strongly irradiated",2,4
21387,"infrared fixed",2,4
21388,"non unitary evolution",3,4
21389,"bar ms scheme",3,4
21390,"linear schr",2,4
21391,"micro cavities",2,4
21392,"coherent population transfer",3,4
21393,"dijet mass",2,4
21394,"particle multiplicities",2,4
21395,"insertion algorithm",2,4
21396,"electronic specific heat coefficient",4,4
21397,"cash flow",2,4
21398,"su singlet ground state",4,4
21399,"clas detector",2,4
21400,"surface density functional",3,4
21401,"volume occupied",2,4
21402,"curvature tensors",2,4
21403,"mathematical details",2,4
21404,"evenly distributed over",3,4
21405,"four dimensional minkowski spacetime",4,4
21406,"kaluza klein reduction",3,4
21407,"quantization schemes",2,4
21408,"residual entanglement",2,4
21409,"inflation occurs",2,4
21410,"steep power law",3,4
21411,"mean value problems",3,4
21412,"sheaf cohomology groups",3,4
21413,"coupled gross pitaevskii",3,4
21414,"generating functional theory",3,4
21415,"ample cone",2,4
21416,"slater determinant",2,4
21417,"accretion disk like",3,4
21418,"water vapor",2,4
21419,"mcmc methods",2,4
21420,"contact homology",2,4
21421,"gaussian noise level",3,4
21422,"critical line separating",3,4
21423,"room temperature tc",3,4
21424,"key assumptions",2,4
21425,"spitzer mips micron flux densities",5,4
21426,"living cell",2,4
21427,"minimal walking",2,4
21428,"bo otes",2,4
21429,"hall resistivity",2,4
21430,"long time intervals",3,4
21431,"iib string compactifications",3,4
21432,"distillable entanglement measures",3,4
21433,"light quark propagator",3,4
21434,"second harmonic generation shg",4,4
21435,"multiple equilibria",2,4
21436,"alpha fe ratios",3,4
21437,"contour length",2,4
21438,"binomial distribution",2,4
21439,"antifield formalism",2,4
21440,"parameter alpha stable",3,4
21441,"duration gamma ray bursts",4,4
21442,"weak gravitational field theory",4,4
21443,"3x3 matrices",2,4
21444,"few nanometers",2,4
21445,"mellin barnes representations",3,4
21446,"deconfined phase transitions",3,4
21447,"m1 m2 msun",3,4
21448,"matter multiplets",2,4
21449,"mott insulator mi",3,4
21450,"group decodable",2,4
21451,"semiclassical approximations",2,4
21452,"tilde chi01",2,4
21453,"boost factors",2,4
21454,"dark matter antimatter",3,4
21455,"independent determinations",2,4
21456,"recurrent nova",2,4
21457,"kinetic temperatures",2,4
21458,"zero locus",2,4
21459,"non trivial infrared fixed point",5,4
21460,"wmap data set",3,4
21461,"parameter space antenna lisa",4,4
21462,"tadpole improved",2,4
21463,"vibrationally excited",2,4
21464,"local lorentz invariant under",4,4
21465,"multi particle hamiltonians",3,4
21466,"hopf bifurcation occurs",3,4
21467,"low metallicity environments",3,4
21468,"near infrared spectrograph",3,4
21469,"hydrogen abundance",2,4
21470,"dust ring",2,4
21471,"higher pressures",2,4
21472,"maximally symmetric spacetimes",3,4
21473,"perturbative qcd factorization properties",4,4
21474,"lie group acting",3,4
21475,"flavor symmetries",2,4
21476,"neutral gauge symmetry",3,4
21477,"discrete fourier",2,4
21478,"loop correlators",2,4
21479,"coercive field",2,4
21480,"fossil record",2,4
21481,"chiral multiplet",2,4
21482,"rapidity region",2,4
21483,"interference fringe visibility",3,4
21484,"magneto rotational instability mri",4,4
21485,"log normal form",3,4
21486,"having access",2,4
21487,"unitary ensemble",2,4
21488,"reduced absorption",2,4
21489,"singular isothermal",2,4
21490,"snow line",2,4
21491,"low mach number",3,4
21492,"host galaxy 3c",3,4
21493,"cooperative diversity order",3,4
21494,"gene products",2,4
21495,"helix coil",2,4
21496,"mjy beam",2,4
21497,"alpha element abundance",3,4
21498,"reissner nordstr om black hole",5,4
21499,"compressible euler",2,4
21500,"gentle introduction",2,4
21501,"dirichlet distribution",2,4
21502,"conductance peak structure",3,4
21503,"epidemic models",2,4
21504,"prime ell",2,4
21505,"gaussian orthogonal polynomials",3,4
21506,"primary cosmic ray",3,4
21507,"single star forming",3,4
21508,"zero bias voltage",3,4
21509,"millimeter continuum",2,4
21510,"type ii seesaw models",4,4
21511,"non commutative rings",3,4
21512,"rapidly converging",2,4
21513,"classically chaotic",2,4
21514,"south east",2,4
21515,"ricci curvature tensor",3,4
21516,"local realistic values",3,4
21517,"orientation reversing",2,4
21518,"canonical monte carlo technique",4,4
21519,"dark matter halos around",4,4
21520,"thermal reservoir",2,4
21521,"mutual information criterion",3,4
21522,"keep track",2,4
21523,"random vector fields",3,4
21524,"sensor networks",2,4
21525,"ferromagnetic bose",2,4
21526,"spin-1 ising model",3,4
21527,"mirage mediation",2,4
21528,"gw sources",2,4
21529,"false vacuum bubbles",3,4
21530,"maximum likelihood ml",3,4
21531,"attosecond pulses",2,4
21532,"quark chemical",2,4
21533,"simple analytical predictions",3,4
21534,"cross product",2,4
21535,"beta decay constants",3,4
21536,"similarity search",2,4
21537,"fundamental group actions",3,4
21538,"first order nlo",3,4
21539,"coalescing binary black hole",4,4
21540,"variable selection",2,4
21541,"green schwarz mechanism",3,4
21542,"multiple scattering amplitudes",3,4
21543,"d0 d0bar",2,4
21544,"experimental upper bound",3,4
21545,"minus infinity",2,4
21546,"wyner ziv",2,4
21547,"beijing electron positron collider",4,4
21548,"internal friction",2,4
21549,"non unitary operators",3,4
21550,"gaussian basis sets",3,4
21551,"second knee",2,4
21552,"advanced numerical",2,4
21553,"randall sundrum braneworld models",4,4
21554,"ternary trees",2,4
21555,"cosmic microwave background cmb dipole",5,4
21556,"diffuse radio",2,4
21557,"conditional probability distributions",3,4
21558,"hochschild cohomology modules",3,4
21559,"localization delocalization transition",3,4
21560,"hard exclusive processes",3,4
21561,"single photon number",3,4
21562,"wave paired",2,4
21563,"wreath products",2,4
21564,"holstein polaron",2,4
21565,"slater type orbitals",3,4
21566,"current density vanishes",3,4
21567,"degree distribution functions",3,4
21568,"pour les",2,4
21569,"eor eme de",3,4
21570,"k0s pi pi0",3,4
21571,"primordial magnetic fields",3,4
21572,"technicolor theory",2,4
21573,"chow motives",2,4
21574,"mass concentrations",2,4
21575,"transiting exoplanet",2,4
21576,"quiescent black hole",3,4
21577,"parity violating interactions",3,4
21578,"event horizons",2,4
21579,"information paradox",2,4
21580,"strong cp problem",3,4
21581,"outermost layers",2,4
21582,"cluster counts",2,4
21583,"polarization entangled state",3,4
21584,"definite integrals",2,4
21585,"rkky interaction",2,4
21586,"multi layer perceptrons",3,4
21587,"type gaas quantum wells",4,4
21588,"penalized least squares",3,4
21589,"asymptotically free boundary",3,4
21590,"doublet triplet splitting",3,4
21591,"gate arrays",2,4
21592,"high q2 gev",3,4
21593,"vertical transport",2,4
21594,"turbulence driven turbulent",3,4
21595,"terrestrial planet formation",3,4
21596,"zeeman sublevels",2,4
21597,"dual giant",2,4
21598,"dirac delta function",3,4
21599,"closed orientable surface",3,4
21600,"rashba spin orbit interactions",4,4
21601,"diagonal components",2,4
21602,"functions belonging",2,4
21603,"oscillatory modes",2,4
21604,"extragalactic jets",2,4
21605,"non zero temperature dependence",4,4
21606,"halo nucleus",2,4
21607,"transverse magnetic field strength",4,4
21608,"two body forces",3,4
21609,"gilbert equation",2,4
21610,"sunyaev zeldovich",2,4
21611,"non lte model",3,4
21612,"negatively curved space",3,4
21613,"multiple relay",2,4
21614,"discrete laplace",2,4
21615,"free streaming length",3,4
21616,"mark function",2,4
21617,"trichotomy theorem",2,4
21618,"single particle species",3,4
21619,"directed acyclic graphs",3,4
21620,"bolometer array",2,4
21621,"dense molecular cloud",3,4
21622,"tunnel magnetoresistance",2,4
21623,"broadened landau levels",3,4
21624,"separable hilbert spaces",3,4
21625,"observatories origins",2,4
21626,"non adiabatic oscillation",3,4
21627,"toda hierarchy",2,4
21628,"btz black hole entropy",4,4
21629,"friction force transmitted",3,4
21630,"lightest higgs sector",3,4
21631,"clear signals",2,4
21632,"constitutive law",2,4
21633,"stellar wind velocities",3,4
21634,"cooperative game",2,4
21635,"perfectly reflecting",2,4
21636,"sub leading order",3,4
21637,"neutrino mass function",3,4
21638,"arpes measurements",2,4
21639,"tri bimaximal neutrino mixing",4,4
21640,"brst symmetry",2,4
21641,"lunar surface",2,4
21642,"ghz continuum images",3,4
21643,"beam splitting",2,4
21644,"strongly correlated electron",3,4
21645,"abelian nature",2,4
21646,"assembly mode",2,4
21647,"trans neptunian objects tnos",4,4
21648,"interacting holographic",2,4
21649,"neutrino factory",2,4
21650,"area preserving diffeomorphisms",3,4
21651,"near optimal solutions",3,4
21652,"cell adhesion",2,4
21653,"shih model",2,4
21654,"nice property",2,4
21655,"tau approx",2,4
21656,"complex monge amp ere",4,4
21657,"weil petersson metric",3,4
21658,"wind bubble",2,4
21659,"external magnetic field configurations",4,4
21660,"highest rhic",2,4
21661,"completely mixed states",3,4
21662,"des solutions",2,4
21663,"fabry perot cavity mode",4,4
21664,"landau level ll",3,4
21665,"capacitive coupling",2,4
21666,"angular momentum vectors",3,4
21667,"field theoretic description",3,4
21668,"hybrid monte carlo",3,4
21669,"fu orionis",2,4
21670,"afm order",2,4
21671,"rock salt",2,4
21672,"workspace shape",2,4
21673,"site percolation model",3,4
21674,"affine schubert",2,4
21675,"bound entangled state",3,4
21676,"permanent electric",2,4
21677,"screening cloud",2,4
21678,"outer automorphism",2,4
21679,"multiplier ideals",2,4
21680,"stochastic differential",2,4
21681,"self assembled quantum dot",4,4
21682,"wilson polynomials",2,4
21683,"chromium atoms",2,4
21684,"compact bodies",2,4
21685,"million objects",2,4
21686,"periodic variation",2,4
21687,"cuspidal automorphic representation",3,4
21688,"bar nu tau",3,4
21689,"gluon shadowing",2,4
21690,"glauber gribov",2,4
21691,"ibis isgri",2,4
21692,"heated gas",2,4
21693,"pulsar psr j0737-3039a",3,4
21694,"thereby avoiding",2,4
21695,"black hole smbh",3,4
21696,"affine grassmannian",2,4
21697,"zariski closure",2,4
21698,"charge density wave function",4,4
21699,"four momentum conservation",3,4
21700,"da phi ne",3,4
21701,"generic initial conditions",3,4
21702,"longitudinal expansion",2,4
21703,"higher education",2,4
21704,"schr odinger functional theory",4,4
21705,"radial velocity curves",3,4
21706,"nonlinear optical lattices",3,4
21707,"product branching fraction",3,4
21708,"distributive lattices",2,4
21709,"surveyor fis",2,4
21710,"infinite randomness",2,4
21711,"perturbative qcd pqcd",3,4
21712,"rashba spin splitting",3,4
21713,"generalized bell inequality",3,4
21714,"scattering dis",2,4
21715,"dimensional conductors",2,4
21716,"kinematical invariants",2,4
21717,"ten dimensional reduction",3,4
21718,"open quantum dot",3,4
21719,"diluted magnetic",2,4
21720,"core helium burning",3,4
21721,"jet opening",2,4
21722,"wheeler de witt",3,4
21723,"convex body",2,4
21724,"polarized neutron",2,4
21725,"holes mbhs",2,4
21726,"too restrictive",2,4
21727,"constant lambda cdm model",4,4
21728,"radial velocity distribution",3,4
21729,"data intensive applications",3,4
21730,"via ads space",3,4
21731,"cluster sizes",2,4
21732,"alg ebre",2,4
21733,"cyclic cohomology",2,4
21734,"bloch vector",2,4
21735,"many particle production",3,4
21736,"single crystal growth",3,4
21737,"stripe phases",2,4
21738,"early epochs",2,4
21739,"active galactic nuclei agn population",5,4
21740,"systematic trend",2,4
21741,"fermilab tevatron ppbar collisions",4,4
21742,"asymptotically tight",2,4
21743,"he shell flash",3,4
21744,"hebbian learning rules",3,4
21745,"instanton calculus",2,4
21746,"kaehler moduli",2,4
21747,"nearby seyfert",2,4
21748,"nonlinear optical devices",3,4
21749,"special astrophysical",2,4
21750,"ruderman kittel kasuya yosida",4,4
21751,"galaxy m87",2,4
21752,"grb ejecta",2,4
21753,"ray emission lasting",3,4
21754,"mach numbers",2,4
21755,"dp branes",2,4
21756,"phase lock",2,4
21757,"kaluza klein black hole",4,4
21758,"leaky integrate",2,4
21759,"higgsless model",2,4
21760,"quantitative assessment",2,4
21761,"configuration mixing",2,4
21762,"ultracold atoms loaded",3,4
21763,"riemannian spacetime",2,4
21764,"high frequency omega",3,4
21765,"non abelian varieties",3,4
21766,"hi maps",2,4
21767,"nth order",2,4
21768,"almost perpendicular",2,4
21769,"non negative curvature",3,4
21770,"si ca ti",3,4
21771,"detailed numerical scheme",3,4
21772,"smooth fano varieties",3,4
21773,"old stellar populations",3,4
21774,"static quark antiquark",3,4
21775,"kev band image",3,4
21776,"elais n1",2,4
21777,"theoretical findings",2,4
21778,"charge accumulation",2,4
21779,"density matrix renormalization group dmrg calculations",6,4
21780,"paramagnetic metal",2,4
21781,"de haas van alphen effect",5,4
21782,"flavor oscillations",2,4
21783,"pulse width",2,4
21784,"second order quasilinear",3,4
21785,"navarro frenk white",3,4
21786,"super massive black hole",4,4
21787,"almost circular",2,4
21788,"experimental data seem",3,4
21789,"locally symmetric spaces",3,4
21790,"standard young",2,4
21791,"nucleon deep",2,4
21792,"simple analytical calculations",3,4
21793,"eclipsing binary systems",3,4
21794,"stereoscopic system h.e s.s observations",5,4
21795,"spacelike interval",2,4
21796,"rising potential",2,4
21797,"line profile fitting",3,4
21798,"high frequency shifts",3,4
21799,"remaining sources",2,4
21800,"gain profile",2,4
21801,"smoothed particle hydrodynamics",3,4
21802,"ballistic normal",2,4
21803,"equatorial ring",2,4
21804,"quantum capacitance",2,4
21805,"interaction fsi",2,4
21806,"guiding principle",2,4
21807,"flat nor",2,4
21808,"lying excitations",2,4
21809,"standard candle",2,4
21810,"compactified extra dimension",3,4
21811,"planetesimal accretion disk",3,4
21812,"shear transformation zones",3,4
21813,"selection procedures",2,4
21814,"ray pulses",2,4
21815,"galaxy clusters tend",3,4
21816,"spherical symmetry breaking",3,4
21817,"big crunch",2,4
21818,"casimir type",2,4
21819,"orbit equivalence relation",3,4
21820,"molecule junctions",2,4
21821,"low density functional",3,4
21822,"systematically lower",2,4
21823,"polarization variability",2,4
21824,"low luminosity function",3,4
21825,"orbital ordered",2,4
21826,"bao measurements",2,4
21827,"pressureless matter",2,4
21828,"edwards wilkinson",2,4
21829,"young stellar objects ysos",4,4
21830,"rf spectroscopy",2,4
21831,"down quark mass",3,4
21832,"error correction delta",3,4
21833,"fermi energy density functional theory",5,4
21834,"phi pi pi0",3,4
21835,"thickness dependent",2,4
21836,"high temperature profile",3,4
21837,"shock breakout",2,4
21838,"first months",2,4
21839,"electromotive force",2,4
21840,"debye huckel",2,4
21841,"orthogonal arrays",2,4
21842,"least two populations",3,4
21843,"parity transformation",2,4
21844,"magnetic flux threading",3,4
21845,"compact riemann",2,4
21846,"bjorken scaling",2,4
21847,"functions lfs",2,4
21848,"gravitational chern simons",3,4
21849,"terminal wealth",2,4
21850,"string junctions",2,4
21851,"constituent quark confinement",3,4
21852,"sobolev constant",2,4
21853,"residue fields",2,4
21854,"metallic phase diagram",3,4
21855,"probability density wave functions",4,4
21856,"lorentz covariant formulation",3,4
21857,"point like behavior",3,4
21858,"superconducting condensates",2,4
21859,"ahler structures",2,4
21860,"kinetic luminosity",2,4
21861,"sectional curvatures",2,4
21862,"division multiplexing",2,4
21863,"background subtracted",2,4
21864,"nuclear spin echo",3,4
21865,"background cmb maps",3,4
21866,"international linear collider lhc",4,4
21867,"toda equation",2,4
21868,"fluctuation exchange",2,4
21869,"stock markets",2,4
21870,"three flavor oscillations",3,4
21871,"old globular",2,4
21872,"flat rotation curves",3,4
21873,"muon spin relaxation",3,4
21874,"magnetic flux noise",3,4
21875,"dephasing rate",2,4
21876,"fully ionized gas",3,4
21877,"error correction scheme",3,4
21878,"formal power",2,4
21879,"outer rings",2,4
21880,"three sphere s3",3,4
21881,"cm2 vs",2,4
21882,"de lucia",2,4
21883,"single neuron",2,4
21884,"few body systems",3,4
21885,"trapping horizon",2,4
21886,"planets embedded",2,4
21887,"luminosity functions lfs",3,4
21888,"lyman alpha emitting galaxies",4,4
21889,"perturbative fragmentation",2,4
21890,"noble gases",2,4
21891,"expected utility maximization",3,4
21892,"nir spectra",2,4
21893,"ising ferromagnet",2,4
21894,"fermi surface layers",3,4
21895,"newtonian dynamics simulations",3,4
21896,"boyer lindquist",2,4
21897,"bloch electrons",2,4
21898,"star formation sf",3,4
21899,"accretion history",2,4
21900,"impulsive phase",2,4
21901,"radio lobe",2,4
21902,"radial schr odinger equation",4,4
21903,"hydrodynamic expansion rate",3,4
21904,"whittaker functions",2,4
21905,"structural fluctuations",2,4
21906,"non commutative ring",3,4
21907,"earlier analytical",2,4
21908,"unresolved point sources",3,4
21909,"rational cherednik",2,4
21910,"camera irc",2,4
21911,"replica symmetry",2,4
21912,"noether charge",2,4
21913,"nearest neighbor interaction strength",4,4
21914,"immediate applications",2,4
21915,"2d euler equations",3,4
21916,"maximization em",2,4
21917,"diffuse gamma ray",3,4
21918,"coma berenices",2,4
21919,"smoothing estimates",2,4
21920,"delta scuti star hd",4,4
21921,"dimensional hubbard",2,4
21922,"hawking page",2,4
21923,"observables ewpo",2,4
21924,"left hand",2,4
21925,"time dependent dielectric",3,4
21926,"brane world sheet",3,4
21927,"calcium triplet",2,4
21928,"observing run",2,4
21929,"math ph",2,4
21930,"dim isolated neutron stars",4,4
21931,"atomic vapor cell",3,4
21932,"tidal debris",2,4
21933,"film samples",2,4
21934,"zipf law",2,4
21935,"perturbation series expansion",3,4
21936,"baryon acoustic oscillation parameters",4,4
21937,"evolution equations governing",3,4
21938,"accreting white dwarf",3,4
21939,"rotational splitting",2,4
21940,"gravitationally coupled",2,4
21941,"bit strings",2,4
21942,"critical end",2,4
21943,"ii supernovae sne",3,4
21944,"active galactic bulge",3,4
21945,"kerr nonlinearity",2,4
21946,"simply connected domains",3,4
21947,"multi hop wireless networks",4,4
21948,"perturbative expansions",2,4
21949,"polar decomposition",2,4
21950,"disk galaxies abridged",3,4
21951,"elliptical galaxy mergers",3,4
21952,"dc magnetization measurements",3,4
21953,"moore read pfaffian state",4,4
21954,"domain wall dw",3,4
21955,"supersymmetric lattice formulation",3,4
21956,"cmb shift parameter",3,4
21957,"reeb vector fields",3,4
21958,"astrophysical environments",2,4
21959,"incompressible navier stokes",3,4
21960,"pulsar kicks",2,4
21961,"supersolid phases",2,4
21962,"power counting scheme",3,4
21963,"kibble zurek",2,4
21964,"charged black hole entropy",4,4
21965,"incident proton collisions",3,4
21966,"renormalization group theoretical",3,4
21967,"clear differences",2,4
21968,"weinberg sum rules",3,4
21969,"stacking fault",2,4
21970,"iib supergravity theories",3,4
21971,"centrally symmetric convex",3,4
21972,"oxygen rich nuclei",3,4
21973,"near infrared nir imaging",4,4
21974,"careful consideration",2,4
21975,"percolation type",2,4
21976,"light majorana",2,4
21977,"adiabatic invariants",2,4
21978,"guiding center",2,4
21979,"penning trap",2,4
21980,"einstein born infeld",3,4
21981,"nearly homogeneous",2,4
21982,"relativistically broadened",2,4
21983,"carrier mediated",2,4
21984,"rotational braking",2,4
21985,"southern african large",3,4
21986,"multi mirror",2,4
21987,"pion mass distribution",3,4
21988,"sr mno",2,4
21989,"iteration step",2,4
21990,"cross linking",2,4
21991,"transverse momentum fraction",3,4
21992,"gierer meinhardt",2,4
21993,"bit interleaved coded modulation bicm",5,4
21994,"non trivial lower bounds",4,4
21995,"mass loss mechanism",3,4
21996,"charge carrier mobility",3,4
21997,"parity violating processes",3,4
21998,"many body simulations",3,4
21999,"gravitational recoil",2,4
22000,"line separating",2,4
22001,"fluctuation amplitude",2,4
22002,"vector meson electroproduction",3,4
22003,"violating interaction",2,4
22004,"intergalactic magnetic fields",3,4
22005,"kaluza klein monopole",3,4
22006,"lbg population",2,4
22007,"ion irradiation",2,4
22008,"kahler einstein",2,4
22009,"unparticle operators",2,4
22010,"neutron skin thickness",3,4
22011,"affine kac moody",3,4
22012,"spectral energy distribution function",4,4
22013,"fermi gas phase transition",4,4
22014,"accreting compact objects",3,4
22015,"alpha fe ii",3,4
22016,"strong coupling constant alphas mz",5,4
22017,"euclidean ball",2,4
22018,"super heavy",2,4
22019,"macroscopic quantum wells",3,4
22020,"roughly half",2,4
22021,"galactic microquasar",2,4
22022,"unparticle stuff",2,4
22023,"partial pressure",2,4
22024,"minimal norm",2,4
22025,"against collapse",2,4
22026,"steep rise",2,4
22027,"noncrossing rna structures",3,4
22028,"cone distribution",2,4
22029,"flux vacua",2,4
22030,"clusters spanning",2,4
22031,"band structure formation",3,4
22032,"replica trick",2,4
22033,"fourth generation",2,4
22034,"burst alert telescope",3,4
22035,"per unit mass distribution",4,4
22036,"archimedean local",2,4
22037,"yang mills thermodynamics",3,4
22038,"staggered quarks",2,4
22039,"pairing amplitude",2,4
22040,"adsorption sites",2,4
22041,"first betti",2,4
22042,"parent cloud",2,4
22043,"two noncommuting",2,4
22044,"upsilon resonances",2,4
22045,"space distortions",2,4
22046,"non linear ordinary differential equation",5,4
22047,"wilkinson microwave anisotropy probe wmap data",6,4
22048,"molecular bose einstein",3,4
22049,"lindblad resonance",2,4
22050,"dark matter cdm",3,4
22051,"linear regression problems",3,4
22052,"lower luminosities",2,4
22053,"physical content",2,4
22054,"charged fermion",2,4
22055,"quaternion algebras",2,4
22056,"edge coloring",2,4
22057,"multi lepton",2,4
22058,"coulomb excitation energies",3,4
22059,"merger rates",2,4
22060,"simple cubic lattice",3,4
22061,"ergodic markov process",3,4
22062,"strongly correlated metals",3,4
22063,"jet launching",2,4
22064,"fermi surface pockets",3,4
22065,"compactification scale",2,4
22066,"wave propagation direction",3,4
22067,"transition amplitudes tda",3,4
22068,"gravitational clustering",2,4
22069,"retrieval ir",2,4
22070,"ray absorption edge",3,4
22071,"lattice boltzmann distribution",3,4
22072,"light quark gluon plasma",4,4
22073,"continuous star formation",3,4
22074,"reduced density matrices",3,4
22075,"phase transition probability distribution",4,4
22076,"light higgses",2,4
22077,"energy gaps",2,4
22078,"tail extending",2,4
22079,"edge deletion",2,4
22080,"fermi level ef",3,4
22081,"gerstenhaber algebra",2,4
22082,"source catalogues",2,4
22083,"low temperature t0",3,4
22084,"density rho omega",3,4
22085,"stellar mass ratio",3,4
22086,"colour magnitude diagrams cmds",4,4
22087,"nonnegative integer",2,4
22088,"correlation length xi",3,4
22089,"self organized critical",3,4
22090,"cigar shaped bose einstein condensates",5,4
22091,"multiplicative constant",2,4
22092,"correction factors",2,4
22093,"infalling envelope",2,4
22094,"galilei group",2,4
22095,"weakly interacting massive",3,4
22096,"low frequency dependence",3,4
22097,"markovian approximation",2,4
22098,"large eddy simulations",3,4
22099,"local search algorithm",3,4
22100,"asymptotic confidence",2,4
22101,"dissociation cross section",3,4
22102,"large scale structure lss",4,4
22103,"iii mn",2,4
22104,"electromagnetic environment",2,4
22105,"tadpole cancellation conditions",3,4
22106,"intensive applications",2,4
22107,"quark gluon plasma qgp",4,4
22108,"surrounding interstellar medium",3,4
22109,"bubble like",2,4
22110,"somewhat stronger",2,4
22111,"radiative torques",2,4
22112,"linear optical spectra",3,4
22113,"proof assistant",2,4
22114,"tilting modules",2,4
22115,"microscopy stm images",3,4
22116,"fixed point symmetries",3,4
22117,"low density waves",3,4
22118,"optimal transport properties",3,4
22119,"psi phi pi",3,4
22120,"million psi 2s events",4,4
22121,"direct summands",2,4
22122,"access memory",2,4
22123,"upsilon 4s bbbar",3,4
22124,"dimensional xy",2,4
22125,"frenkel exciton states",3,4
22126,"pi nu tau",3,4
22127,"smoothly bounded domains",3,4
22128,"supervised classification",2,4
22129,"singular point like",3,4
22130,"shimura curves",2,4
22131,"gromov witten potential",3,4
22132,"ks mag",2,4
22133,"glueball masses",2,4
22134,"vortex rings",2,4
22135,"grover search",2,4
22136,"partial branching",2,4
22137,"secrecy capacity region",3,4
22138,"third year wmap",3,4
22139,"quasiparticle scattering rate",3,4
22140,"transformations relating",2,4
22141,"organic light",2,4
22142,"zeeman split",2,4
22143,"stat syst x10",3,4
22144,"lieb liniger",2,4
22145,"gate voltages",2,4
22146,"commuting killing",2,4
22147,"planetary atmospheres",2,4
22148,"bipolar planetary nebula",3,4
22149,"rotational motions",2,4
22150,"psi 2s events",3,4
22151,"bijective proof",2,4
22152,"uniform boundedness",2,4
22153,"imaginary chemical potentials",3,4
22154,"relaxor ferroelectric",2,4
22155,"pulsating white dwarfs",3,4
22156,"glassy materials",2,4
22157,"explicit evaluation",2,4
22158,"coherent pion",2,4
22159,"quantitative explanation",2,4
22160,"xmm lss survey",3,4
22161,"delay induced",2,4
22162,"mixed valent",2,4
22163,"virtual humans",2,4
22164,"dust scattering",2,4
22165,"heuristic argument",2,4
22166,"exceptional divisor",2,4
22167,"pseudo gap",2,4
22168,"force acts",2,4
22169,"ultrarelativistic nuclear",2,4
22170,"lightest supersymmetric standard model",4,4
22171,"evershed flow",2,4
22172,"pore size",2,4
22173,"heterogeneous sample",2,4
22174,"d5 branes wrapped",3,4
22175,"mechanical loss",2,4
22176,"killing horizon",2,4
22177,"fully distributed",2,4
22178,"gauge mediated supersymmetry",3,4
22179,"orbital eccentricities",2,4
22180,"constrained minimal supersymmetric standard model cmssm",6,4
22181,"fluorescence spectra",2,4
22182,"mobile ad hoc",3,4
22183,"connected reductive",2,4
22184,"decaying dark",2,4
22185,"cosmologically significant",2,4
22186,"forces exerted",2,4
22187,"unparticle effect",2,4
22188,"replica exchange",2,4
22189,"long time interval",3,4
22190,"deleterious mutations",2,4
22191,"ingaas gaas",2,4
22192,"co homology",2,4
22193,"celestial equator",2,4
22194,"non linear optics",3,4
22195,"linearized perturbation",2,4
22196,"density ns",2,4
22197,"greatest common divisor",3,4
22198,"renormalization group rg approach",4,4
22199,"physical processes responsible",3,4
22200,"higher order nlo",3,4
22201,"spectral sequence stars",3,4
22202,"ky fan",2,4
22203,"variational formulation",2,4
22204,"automated classification",2,4
22205,"spin boson mass",3,4
22206,"double neutron stars",3,4
22207,"multiple scattering matrix",3,4
22208,"mechanisms behind",2,4
22209,"inversion asymmetry",2,4
22210,"throughput scaling",2,4
22211,"type gaas quantum",3,4
22212,"open ended",2,4
22213,"dimensional electron gas",3,4
22214,"158a gev",2,4
22215,"complex valued potential",3,4
22216,"after ischemia",2,4
22217,"conductivity tensor",2,4
22218,"time averages",2,4
22219,"iia orientifolds",2,4
22220,"existing data set",3,4
22221,"symmetric monoidal categories",3,4
22222,"intermediate mass estimates",3,4
22223,"blonder tinkham klapwijk",3,4
22224,"x2-y2 symmetry",2,4
22225,"starburst region",2,4
22226,"flux emergence",2,4
22227,"deviation principles",2,4
22228,"abelian gauge symmetry",3,4
22229,"min cut",2,4
22230,"light emitting region",3,4
22231,"neutrino mass matrix elements",4,4
22232,"nanoelectronic devices",2,4
22233,"ahler ricci",2,4
22234,"fri frii",2,4
22235,"orientifold planes",2,4
22236,"inactive galaxies",2,4
22237,"sub linearly",2,4
22238,"merger trees",2,4
22239,"collision rate coefficient",3,4
22240,"galactic rotation curve",3,4
22241,"meson production cross sections",4,4
22242,"unique ground states",3,4
22243,"equivariant homotopy groups",3,4
22244,"hall systems",2,4
22245,"ly alpha forest",3,4
22246,"arithmetic hyperbolic reflection groups",4,4
22247,"fiber bundles over",3,4
22248,"pion pair",2,4
22249,"kullback leibler divergence",3,4
22250,"down sizing",2,4
22251,"universal gaugino masses",3,4
22252,"galactic globular cluster",3,4
22253,"insulator crossover",2,4
22254,"performance verification",2,4
22255,"minimum cost homomorphism",3,4
22256,"luminous blue compact",3,4
22257,"order parameter omega",3,4
22258,"multi band imaging",3,4
22259,"principle mpp",2,4
22260,"accretion ejection",2,4
22261,"nucleus scattering off",3,4
22262,"dna sequencing",2,4
22263,"light quark sector",3,4
22264,"primary particle physics",3,4
22265,"critical current voltage",3,4
22266,"inner crust",2,4
22267,"initial positions",2,4
22268,"nambu goldstone",2,4
22269,"holomorphic mapping",2,4
22270,"mub per unit",3,4
22271,"fully covariant formulation",3,4
22272,"cool white dwarfs",3,4
22273,"vector unparticle physics",3,4
22274,"jc values",2,4
22275,"leptonic sector",2,4
22276,"underlying asset price",3,4
22277,"constitutive laws",2,4
22278,"non relativistic heavy quarks",4,4
22279,"highly enriched",2,4
22280,"pairing instability",2,4
22281,"nuclear network",2,4
22282,"triangle inequality",2,4
22283,"pierre auger collaboration",3,4
22284,"time domain fdtd",3,4
22285,"hyperbolic 3-manifold",2,4
22286,"hmf model",2,4
22287,"international space",2,4
22288,"rr lyr",2,4
22289,"electromagnetic waves propagate",3,4
22290,"electro thermal",2,4
22291,"tunable parameter",2,4
22292,"flip chip",2,4
22293,"renyi random",2,4
22294,"inter alia",2,4
22295,"pauli operators",2,4
22296,"power saving",2,4
22297,"resonance line width",3,4
22298,"bunch davies",2,4
22299,"black strings",2,4
22300,"bes ii detector",3,4
22301,"synthetic spectrum",2,4
22302,"group running",2,4
22303,"integration step",2,4
22304,"iterative schemes",2,4
22305,"ambient vibration",2,4
22306,"sub riemannian metric",3,4
22307,"three flavor symmetry breaking",4,4
22308,"relative entropy me",3,4
22309,"positional accuracy",2,4
22310,"maximally localized wannier",3,4
22311,"large heliocentric",2,4
22312,"topos theory",2,4
22313,"neutral pion mass",3,4
22314,"wall valence",2,4
22315,"became available",2,4
22316,"experimental facilities",2,4
22317,"lens space surgeries",3,4
22318,"third author",2,4
22319,"bond lengths",2,4
22320,"private key",2,4
22321,"valley splitting",2,4
22322,"fulde ferrell larkin ovchinnikov fflo phase",6,4
22323,"obliquely incident plane",3,4
22324,"ap bp",2,4
22325,"strong lensing surveys",3,4
22326,"hydrogen content",2,4
22327,"strongly pseudoconvex",2,4
22328,"feedback control problem",3,4
22329,"differential characters",2,4
22330,"microscopic electrostatic",2,4
22331,"gauge symmetry groups",3,4
22332,"normalized ricci flow",3,4
22333,"egret excess",2,4
22334,"hot post agb stars",4,4
22335,"coronae borealis stars",3,4
22336,"radiatively induced",2,4
22337,"northern galactic plane",3,4
22338,"finite difference schemes",3,4
22339,"nanowire arrays",2,4
22340,"word error",2,4
22341,"micro electro mechanical systems mems devices",6,4
22342,"dark energy task force",4,4
22343,"roap star",2,4
22344,"violate bell type",3,3
22345,"effective mass ratios",3,3
22346,"highly non negligible",3,3
22347,"photon added",2,3
22348,"spontaneously emitted",2,3
22349,"level crossing points",3,3
22350,"quantum secret sharing",3,3
22351,"greenberger horne zeilinger ghz",4,3
22352,"normalized graph",2,3
22353,"space time span",3,3
22354,"average entanglement measure",3,3
22355,"atom optics",2,3
22356,"two qubit rotations",3,3
22357,"macroscopic quantum mechanics qm",4,3
22358,"second quantization procedure",3,3
22359,"optimal cloning machine",3,3
22360,"plasmon polariton",2,3
22361,"carrier envelope",2,3
22362,"continuous variable entanglement measure",4,3
22363,"broadband spectral properties",3,3
22364,"non commutative associative",3,3
22365,"fluorescence light propagation",3,3
22366,"quantum computer science",3,3
22367,"lorentz forces",2,3
22368,"bit commitment",2,3
22369,"oblivious transfer",2,3
22370,"output ports",2,3
22371,"quantum hamilton jacobi",3,3
22372,"escape probability",2,3
22373,"exchange interaction strength",3,3
22374,"ultra high resolution spectroscopy",4,3
22375,"qutrit states",2,3
22376,"dependent transmission through",3,3
22377,"clear physical parameters",3,3
22378,"clauser horne",2,3
22379,"many body radiation",3,3
22380,"squashed entanglement measure",3,3
22381,"exponentially large class",3,3
22382,"mode squeezed states",3,3
22383,"markovian decoherence",2,3
22384,"teleported state",2,3
22385,"interacting brownian dynamics",3,3
22386,"coupled cavities under",3,3
22387,"chemical reaction diffusion",3,3
22388,"spatio temporal fluctuations",3,3
22389,"reaction diffusion processes",3,3
22390,"dimensional reduction theorem",3,3
22391,"existing theoretical framework",3,3
22392,"intimately linked",2,3
22393,"genetic regulatory networks",3,3
22394,"comprising two level",3,3
22395,"markov chain length",3,3
22396,"per million particles",3,3
22397,"self adjoint representation",3,3
22398,"lie superalgebra gl",3,3
22399,"ising like",2,3
22400,"almost complete set",3,3
22401,"wave vector fields",3,3
22402,"gradient projection",2,3
22403,"self energy balance",3,3
22404,"lie derivative",2,3
22405,"space time evolution operator",4,3
22406,"higher rank tensors",3,3
22407,"linear programming lp",3,3
22408,"quadratic polynomial time",3,3
22409,"power allocations",2,3
22410,"large sample covariance matrices",4,3
22411,"self energy loss",3,3
22412,"coding theorem",2,3
22413,"minimum mean square error mmse",5,3
22414,"input multiple access",3,3
22415,"multi antenna",2,3
22416,"conjugate gradient projection",3,3
22417,"gaussian broadcast channel",3,3
22418,"additive white",2,3
22419,"bit error rates",3,3
22420,"efficient decoding",2,3
22421,"precise asymptotic formula",3,3
22422,"np hard decision",3,3
22423,"throughput scaling laws",3,3
22424,"entropy me",2,3
22425,"sequential decision",2,3
22426,"classical computer science",3,3
22427,"journal impact factors",3,3
22428,"snr regimes",2,3
22429,"time varying channels",3,3
22430,"scientific computing",2,3
22431,"relational database management",3,3
22432,"linear precoding",2,3
22433,"static analyzer",2,3
22434,"point source code",3,3
22435,"safety critical",2,3
22436,"spatio temporal distribution",3,3
22437,"turbulence driven outflows",3,3
22438,"self energy injection",3,3
22439,"over damped lyman alpha",4,3
22440,"low temperature te",3,3
22441,"gaseous discs",2,3
22442,"ray binary systems",3,3
22443,"ultra short period",3,3
22444,"ionisation equilibrium",2,3
22445,"host halos hosting",3,3
22446,"considerably lower energies",3,3
22447,"gas giant planet formation",4,3
22448,"strong toroidal magnetic fields",4,3
22449,"structure formation activity",3,3
22450,"ill conditioned",2,3
22451,"point source hess sources",4,3
22452,"baryon acoustic oscillations bao measurements",5,3
22453,"sample path length",3,3
22454,"millisecond pulsars msps",3,3
22455,"high frequency qpos",3,3
22456,"time dependent variations",3,3
22457,"non relativistic jets",3,3
22458,"coronal magnetic field lines",4,3
22459,"pulsar surveys",2,3
22460,"radio astronomy",2,3
22461,"rxte satellite",2,3
22462,"ray flux densities",3,3
22463,"radiation pressure equilibrium",3,3
22464,"mass inflow",2,3
22465,"active galactic nucleus agn",4,3
22466,"nearby spiral galaxy ngc",4,3
22467,"narrow band image",3,3
22468,"gamma ray pulsars",3,3
22469,"concordance lambda cdm model",4,3
22470,"cdm cosmology",2,3
22471,"gas stream",2,3
22472,"dense core radius",3,3
22473,"outer solar corona",3,3
22474,"ambient magnetic field strength",4,3
22475,"hydrodynamical simulations indicate",3,3
22476,"second dredge up",3,3
22477,"local group dwarf galaxy leo",5,3
22478,"mass accretion episodes",3,3
22479,"survey snls",2,3
22480,"type ia supernova legacy",4,3
22481,"globular cluster omega cen",4,3
22482,"polarization transfer code",3,3
22483,"active galactic center",3,3
22484,"iron line shape",3,3
22485,"monte carlo radiative",3,3
22486,"few tev gamma ray emission",5,3
22487,"radio telescope interferometer",3,3
22488,"dex lower metallicity",3,3
22489,"long exposure",2,3
22490,"array ska",2,3
22491,"binary pulsar surveys",3,3
22492,"kurucz model",2,3
22493,"metal rich clusters",3,3
22494,"accreting compact",2,3
22495,"ultra compact objects",3,3
22496,"high redshift distributions",3,3
22497,"ic supernovae",2,3
22498,"early type ib",3,3
22499,"earliest phases",2,3
22500,"low metallicity determinations",3,3
22501,"magnetic activity cycles",3,3
22502,"power dissipation during",3,3
22503,"minkowski vacuum energy",3,3
22504,"energy density functional form",4,3
22505,"mcp stars",2,3
22506,"linear polarization position angle",4,3
22507,"high energy released",3,3
22508,"scalar tensor modes",3,3
22509,"steep power spectrum",3,3
22510,"sdss dr2",2,3
22511,"habitable zone",2,3
22512,"confidence level cl",3,3
22513,"hi 21cm emission",3,3
22514,"null energy spectrum",3,3
22515,"differentially rotating neutron stars",4,3
22516,"gamma ray emission lasting",4,3
22517,"sfr density",2,3
22518,"observational data seem",3,3
22519,"angular momentum transfer torque",4,3
22520,"largely unaffected",2,3
22521,"hi emission feature",3,3
22522,"realistic mock galaxy clusters",4,3
22523,"proto planetary systems",3,3
22524,"intermediate redshift range",3,3
22525,"absorption line shape",3,3
22526,"non equilibrium lte radiative",4,3
22527,"second planet formation",3,3
22528,"matter cdm model",3,3
22529,"kinetic energy transfer",3,3
22530,"magnetic flux density",3,3
22531,"deep hst acs observations",4,3
22532,"innermost stable circular orbit",4,3
22533,"gps radio sources",3,3
22534,"gigahertz peaked spectrum",3,3
22535,"fairly constant",2,3
22536,"primordial magnetic field",3,3
22537,"sterile neutrino mass",3,3
22538,"nearly circular",2,3
22539,"self accelerating universe",3,3
22540,"non rotating disks",3,3
22541,"faint blue",2,3
22542,"sub arcsecond resolution",3,3
22543,"central protostar",2,3
22544,"primordial power",2,3
22545,"non thermal conduction",3,3
22546,"semi analytical treatment",3,3
22547,"onto dust grains",3,3
22548,"gravitational fragmentation",2,3
22549,"non existent",2,3
22550,"fe iii stars",3,3
22551,"metal abundance trends",3,3
22552,"wavelength ranges",2,3
22553,"sized dust grains",3,3
22554,"lynden bell",2,3
22555,"quasi periodic variability",3,3
22556,"xmm newton epic pn",4,3
22557,"cosmic microwave background cmb maps",5,3
22558,"available observational constraints",3,3
22559,"water maser emission",3,3
22560,"irregular galaxy ngc",3,3
22561,"low mass ejection",3,3
22562,"neutral gas inflow",3,3
22563,"mira variable",2,3
22564,"supernovae snia",2,3
22565,"ray binary black holes",4,3
22566,"first sight toward",3,3
22567,"micron pah",2,3
22568,"hubble ultra deep field",4,3
22569,"star forming activity",3,3
22570,"dwarf galaxies lie",3,3
22571,"star mwc",2,3
22572,"stellar mass loss",3,3
22573,"surrounding interstellar medium ism",4,3
22574,"neutral hydrogen like",3,3
22575,"radio frequency domain",3,3
22576,"sources lie within",3,3
22577,"cold neutron stars",3,3
22578,"braking index",2,3
22579,"interstellar turbulence",2,3
22580,"hardness ratios",2,3
22581,"iso sws",2,3
22582,"elliptical galaxy interactions",3,3
22583,"differential rotation period",3,3
22584,"electric current flows",3,3
22585,"simple analytic expression",3,3
22586,"non null point",3,3
22587,"direct imaging technique",3,3
22588,"merger rate",2,3
22589,"optically thin accretion disc",4,3
22590,"primordial gravitational radiation",3,3
22591,"radio emission lines",3,3
22592,"optically thick disks",3,3
22593,"passive evolution",2,3
22594,"source subtracted",2,3
22595,"gravitational lens system",3,3
22596,"21cm absorption",2,3
22597,"baryon acoustic",2,3
22598,"collimation corrected",2,3
22599,"positive feedback control",3,3
22600,"many particle hydrodynamics sph simulations",5,3
22601,"loss rate dot",3,3
22602,"hi 21-cm emission line",4,3
22603,"continuous star",2,3
22604,"high velocity decreases",3,3
22605,"physical parameters defining",3,3
22606,"supermassive black hole mergers",4,3
22607,"end slope alpha",3,3
22608,"experimental observations indicate",3,3
22609,"glast mission",2,3
22610,"pair plasma instabilities",3,3
22611,"innermost stable circular",3,3
22612,"seyfert nuclei",2,3
22613,"formation activity indicators",3,3
22614,"reflection nebulae",2,3
22615,"coronal magnetic field theory",4,3
22616,"three dimensional magnetohydrodynamic simulations",4,3
22617,"av mag",2,3
22618,"broad band imaging",3,3
22619,"radio emissions",2,3
22620,"imaging surveys acs observations",4,3
22621,"individual hii",2,3
22622,"auger observatory",2,3
22623,"imaging spectrograph stis observations",4,3
22624,"order lo",2,3
22625,"strong lensing analysis",3,3
22626,"halo mass distribution",3,3
22627,"redshift distribution sed",3,3
22628,"broken power law slope",4,3
22629,"mysterious dark matter",3,3
22630,"log sfr",2,3
22631,"structure formation rate",3,3
22632,"local interstellar medium ism",4,3
22633,"thomson scattering",2,3
22634,"binary black",2,3
22635,"large scale outflows",3,3
22636,"distant radio source",3,3
22637,"hickson compact",2,3
22638,"linear polarization transfer",3,3
22639,"atmospheric neutrino telescope",3,3
22640,"hst stis observations",3,3
22641,"nearby elliptical galaxy",3,3
22642,"aboard integral spi",3,3
22643,"iron emission line",3,3
22644,"external pressure perturbations",3,3
22645,"isaac newton observations",3,3
22646,"arrival time delay",3,3
22647,"cosmological constant h0",3,3
22648,"qpo frequency range",3,3
22649,"brand new",2,3
22650,"steeper slope alpha",3,3
22651,"mass deposition",2,3
22652,"dm halos",2,3
22653,"metal free energy",3,3
22654,"low altitude",2,3
22655,"xmm newton epic",3,3
22656,"low mass accretion disc",4,3
22657,"cosmological reionization",2,3
22658,"galaxy formation histories",3,3
22659,"chemodynamical simulations",2,3
22660,"perseus molecular cloud",3,3
22661,"high spatial clustering",3,3
22662,"heavily obscured agn",3,3
22663,"soft gamma repeaters",3,3
22664,"red giant component",3,3
22665,"half light ratio",3,3
22666,"ray burst oscillations",3,3
22667,"star cluster membership",3,3
22668,"actively star forming",3,3
22669,"two thirds",2,3
22670,"sub stellar objects",3,3
22671,"millennium galaxy discs",3,3
22672,"group dwarf galaxies",3,3
22673,"highly correlated variability",3,3
22674,"lower redshift range",3,3
22675,"star forming galaxies lirgs",4,3
22676,"stellar mass estimation",3,3
22677,"dovich effect",2,3
22678,"cosmic ray luminosity",3,3
22679,"series photometry",2,3
22680,"spectro photometric data",3,3
22681,"barred spiral galaxy",3,3
22682,"grb hosts",2,3
22683,"host galaxy formation rate",4,3
22684,"star count",2,3
22685,"donor stars",2,3
22686,"powerful radio sources",3,3
22687,"field south west",3,3
22688,"spectral index alpha emission",4,3
22689,"lensing signals",2,3
22690,"primary cosmic microwave anisotropy",4,3
22691,"spitzer space telescope compact",4,3
22692,"supersonic turbulence",2,3
22693,"turbulent fragmentation",2,3
22694,"near infrared mir",3,3
22695,"ray binary system size",4,3
22696,"four point sources",3,3
22697,"depletion layer",2,3
22698,"effective mass estimates",3,3
22699,"inter arm",2,3
22700,"non lte radiative",3,3
22701,"iram 30-m",2,3
22702,"bubble lb",2,3
22703,"nuclei agn jets",3,3
22704,"quasar host galaxies",3,3
22705,"atacama large",2,3
22706,"velocity gradient approximation",3,3
22707,"radiation zones",2,3
22708,"radial velocity fields",3,3
22709,"detailed analysis pca",3,3
22710,"relativistic mhd",2,3
22711,"newtonian fluids",2,3
22712,"swift observations suggest",3,3
22713,"hot intergalactic",2,3
22714,"radiatively efficient",2,3
22715,"spectroscopic data suggest",3,3
22716,"mean age metallicity",3,3
22717,"hydrodynamics sph",2,3
22718,"circular motions",2,3
22719,"dm halo mass distribution",4,3
22720,"quantum fluctuations grow",3,3
22721,"wave born",2,3
22722,"millennium run simulation",3,3
22723,"thermal dust continuum",3,3
22724,"co rotational lines",3,3
22725,"vertical transport phenomena",3,3
22726,"rotational instability",2,3
22727,"ssp models",2,3
22728,"william herschel",2,3
22729,"planetary mass ratios",3,3
22730,"meridional flows",2,3
22731,"uv optical afterglow",3,3
22732,"power series representations",3,3
22733,"3d mhd equations",3,3
22734,"littlewood paley decomposition",3,3
22735,"compressible euler equations",3,3
22736,"ordinary differential forms",3,3
22737,"contact metric",2,3
22738,"double affine hecke algebra",4,3
22739,"complete elliptic integrals",3,3
22740,"model selection techniques",3,3
22741,"type ii1 factor",3,3
22742,"ideas behind",2,3
22743,"self organizing map",3,3
22744,"log concave density",3,3
22745,"braided monoidal categories",3,3
22746,"non empty interior",3,3
22747,"total internal structure",3,3
22748,"phase portraits",2,3
22749,"spatially periodic solutions",3,3
22750,"complete elliptic functions",3,3
22751,"basic hypergeometric functions",3,3
22752,"non homologous",2,3
22753,"integral cohomology ring",3,3
22754,"arithmetic geometric mean",3,3
22755,"sub riemannian manifold",3,3
22756,"rational homology spheres",3,3
22757,"monoidal model category",3,3
22758,"complete riemannian metric",3,3
22759,"semifinite spectral",2,3
22760,"confidence bands",2,3
22761,"branching random graph",3,3
22762,"rational homotopy",2,3
22763,"connected sum over",3,3
22764,"non uniform convergence",3,3
22765,"compact orientable hyperbolic 3-manifolds",4,3
22766,"striking resemblance",2,3
22767,"left right invariant under",4,3
22768,"discrete time asymptotics",3,3
22769,"almost complete graph",3,3
22770,"exponential decay exponentially",3,3
22771,"vector valued",2,3
22772,"synthetic data set",3,3
22773,"completely positive answer",3,3
22774,"explicit expression relating",3,3
22775,"residually finite",2,3
22776,"kodaira spencer",2,3
22777,"locally compact hausdorff space",4,3
22778,"motivic zeta function",3,3
22779,"basic hypergeometric",2,3
22780,"highest weight lambda",3,3
22781,"roch theorem",2,3
22782,"hyperk ahler",2,3
22783,"higgs bundles over",3,3
22784,"solid torus",2,3
22785,"non local cohomology",3,3
22786,"orthogonal group actions",3,3
22787,"finite size scaling behaviour",4,3
22788,"convex domain",2,3
22789,"holomorphic map phi",3,3
22790,"cohomology theories",2,3
22791,"continuous time asymptotics",3,3
22792,"irreducible symplectic structure",3,3
22793,"locally compact riemannian manifold",4,3
22794,"straight line segment",3,3
22795,"smooth projective spaces",3,3
22796,"symmetric monoidal category",3,3
22797,"large scale invariant measure",4,3
22798,"subharmonic functions",2,3
22799,"holomorphic almost periodic",3,3
22800,"leonhard euler",2,3
22801,"integral weight function",3,3
22802,"total mass estimates",3,3
22803,"multivariate polynomial",2,3
22804,"cyclic modules over",3,3
22805,"non singular values",3,3
22806,"quillen model category",3,3
22807,"jump size distribution",3,3
22808,"kernel hilbert space",3,3
22809,"spectral weights",2,3
22810,"gravitational radiation era",3,3
22811,"self energy functionals",3,3
22812,"evolving dark energy density",4,3
22813,"extreme mass ratio inspirals",4,3
22814,"thermal fluctuation induced",3,3
22815,"timelike curves",2,3
22816,"surrounding vacuum energy",3,3
22817,"static perfect",2,3
22818,"quantum cosmology correspondence",3,3
22819,"gravitational wave propagation",3,3
22820,"longitudinal acoustic modes",3,3
22821,"stationary axially symmetric",3,3
22822,"spinning particles",2,3
22823,"gauge invariant mass",3,3
22824,"momentum imparted",2,3
22825,"cylindrical gravitational waves",3,3
22826,"linear superposition principle",3,3
22827,"spacetime foam",2,3
22828,"cylindrical gravitational",2,3
22829,"angular momentum imparted",3,3
22830,"schwarzschild spacetime outside",3,3
22831,"scalar field lines",3,3
22832,"rigorous formulation",2,3
22833,"interferometric gravitational field",3,3
22834,"evaporating black hole evaporation",4,3
22835,"negative kinetic theory",3,3
22836,"thin shell type",3,3
22837,"accreting supermassive black hole",4,3
22838,"spin flips",2,3
22839,"inspiral merger remnant",3,3
22840,"mock lisa",2,3
22841,"particle antiparticle pairs",3,3
22842,"integer quantum gravity",3,3
22843,"charging energy spectrum",3,3
22844,"multi terminal",2,3
22845,"cigar shaped bose einstein condensate bec",6,3
22846,"inas gaas quantum dots qds",5,3
22847,"highly inhomogeneous",2,3
22848,"anomalous magnetic ordering",3,3
22849,"least action principle",3,3
22850,"transverse acoustic",2,3
22851,"experimental test particle",3,3
22852,"vertical transport properties",3,3
22853,"wigner crystals",2,3
22854,"weakly interacting bose gases",4,3
22855,"dirac quasiparticles",2,3
22856,"orbit mediated",2,3
22857,"strong correlation length",3,3
22858,"repulsive coulomb potential",3,3
22859,"jamming transitions",2,3
22860,"emph ab initio calculations",4,3
22861,"dimensional xy model",3,3
22862,"spin-1 ising spin",3,3
22863,"energetically favored",2,3
22864,"continuous time t1",3,3
22865,"inas inp",2,3
22866,"single electron phonon scattering",4,3
22867,"resonant tunneling spectroscopy",3,3
22868,"moriya dm",2,3
22869,"superexchange interaction",2,3
22870,"magnetic flux enhancement",3,3
22871,"channel kondo problem",3,3
22872,"acoustic peak position",3,3
22873,"rigorous lower bound",3,3
22874,"local thermodynamic limit",3,3
22875,"interchain coupling strength",3,3
22876,"riemann liouville type",3,3
22877,"kappa bedt ttf",3,3
22878,"second sound",2,3
22879,"resolved photo",2,3
22880,"tank circuit",2,3
22881,"vortex pinning force",3,3
22882,"uniform magnetic field configurations",4,3
22883,"kardar parisi zhang equation",4,3
22884,"theoretical analysis predicts",3,3
22885,"random access memory devices",4,3
22886,"simple analytic treatment",3,3
22887,"antiferromagnetic domain formation",3,3
22888,"low energy barriers",3,3
22889,"grand canonical form",3,3
22890,"resolved kerr rotation",3,3
22891,"ii superconductor",2,3
22892,"infinitesimally thin",2,3
22893,"alkaline earth ions",3,3
22894,"particle green functions",3,3
22895,"stretched exponential relaxation",3,3
22896,"phase transition metal insulator mi",5,3
22897,"albert network",2,3
22898,"peak structure functions",3,3
22899,"la 1-x",2,3
22900,"electric current flow",3,3
22901,"dilute bose einstein condensates",4,3
22902,"red side",2,3
22903,"force spectroscopy",2,3
22904,"spin polarization operator",3,3
22905,"retarded green",2,3
22906,"kinetic energy deposition",3,3
22907,"granular systems",2,3
22908,"anderson model independent",3,3
22909,"magneto electric fields",3,3
22910,"giant planets around",3,3
22911,"atomic gas phase transition",4,3
22912,"dense molecular dynamics simulations",4,3
22913,"phonon couplings",2,3
22914,"single molecule magnet",3,3
22915,"relaxation time resolved",3,3
22916,"weakly interacting via",3,3
22917,"reaction pathways",2,3
22918,"driving force free",3,3
22919,"glass like behavior",3,3
22920,"diagonal long",2,3
22921,"gibbs thomson",2,3
22922,"duty cycles",2,3
22923,"spin nematic",2,3
22924,"slow relaxation process",3,3
22925,"extended kondo effect",3,3
22926,"hmf model predicts",3,3
22927,"barchan dune",2,3
22928,"spacing distribution function",3,3
22929,"stranded dna",2,3
22930,"barchan dune size",3,3
22931,"layer graphene sheets",3,3
22932,"effect ahe",2,3
22933,"bulk gaas alas",3,3
22934,"dissipation theorem",2,3
22935,"ising spin flip",3,3
22936,"significant depletion",2,3
22937,"electron phonon interaction strength",4,3
22938,"optical cavity detuning",3,3
22939,"minority spin",2,3
22940,"geometric frustration",2,3
22941,"relaxation time scale",3,3
22942,"1d bose einstein condensates",4,3
22943,"particle moving inside",3,3
22944,"vortex antivortex",2,3
22945,"interatomic interaction strength",3,3
22946,"mid infrared reflectivity",3,3
22947,"time dependent schrodinger equation",4,3
22948,"structural anomalies",2,3
22949,"spin orbit coupled",3,3
22950,"magnetic penetration depth lambda",4,3
22951,"electron doped pr",3,3
22952,"chain compound",2,3
22953,"pre processing",2,3
22954,"cauchy integral formula",3,3
22955,"xxx heisenberg xxz spin chain",5,3
22956,"superconducting state preparation",3,3
22957,"incommensurate charge ordering",3,3
22958,"doped pr",2,3
22959,"epitaxial strain induced",3,3
22960,"semiconductor quantum memory",3,3
22961,"larkin ovchinnikov fflo",3,3
22962,"plane resistivity measurements",3,3
22963,"single atom molecule",3,3
22964,"spin glass like behavior",4,3
22965,"energy minima",2,3
22966,"decoherence rates",2,3
22967,"orbit interaction strength",3,3
22968,"ballistic transport properties",3,3
22969,"broken translational symmetry",3,3
22970,"quadrupole resonance nmr",3,3
22971,"multiple scattering lengths",3,3
22972,"statistical mechanical description",3,3
22973,"random resistor",2,3
22974,"ising spin chains",3,3
22975,"aharonov casher effect",3,3
22976,"canonical ensembles",2,3
22977,"mechanical response function",3,3
22978,"optical superlattices",2,3
22979,"resonantly coupled",2,3
22980,"random phase shift",3,3
22981,"dynamical triangulations",2,3
22982,"leg ladders",2,3
22983,"cp averaged",2,3
22984,"time scale invariant under",4,3
22985,"optimal control parameter",3,3
22986,"single particle moving",3,3
22987,"augmented plane",2,3
22988,"field theoretic approach",3,3
22989,"acoustic emission line",3,3
22990,"organic conductor",2,3
22991,"structural relaxation processes",3,3
22992,"md simulations indicate",3,3
22993,"spin singlet ground states",4,3
22994,"quantum hall conductance",3,3
22995,"semiconducting single walled carbon nanotubes",5,3
22996,"triplet pairing correlations",3,3
22997,"high velocity distribution function",4,3
22998,"berezinskii kosterlitz thouless transition",4,3
22999,"indirect exchange",2,3
23000,"magnetic resonance nmr spectra",4,3
23001,"time t1",2,3
23002,"causal dynamical systems",3,3
23003,"parent compound",2,3
23004,"random matrix formalism",3,3
23005,"molecular dynamics simulations indicate",4,3
23006,"transition metal superconductor",3,3
23007,"curie temperature dependence",3,3
23008,"insulating phase transition",3,3
23009,"quantum annealing",2,3
23010,"van hove filling",3,3
23011,"anisotropic xy model",3,3
23012,"mutual friction",2,3
23013,"potential linearized augmented plane",4,3
23014,"bath temperatures",2,3
23015,"electrical bias",2,3
23016,"spatially heterogeneous",2,3
23017,"rich phase transition",3,3
23018,"iron oxide nanoparticles",3,3
23019,"reaction diffusion process",3,3
23020,"surface acoustic waves",3,3
23021,"superconductor kappa",2,3
23022,"temperature t0",2,3
23023,"specific heat bath",3,3
23024,"non relativistic quantum mechanical",4,3
23025,"transfer matrix formalism",3,3
23026,"3d xy model",3,3
23027,"shubnikov de haas",3,3
23028,"parameter alpha ge",3,3
23029,"ga mn concentrations",3,3
23030,"angle resolved photoemission data",4,3
23031,"sandpile models",2,3
23032,"spin ladder approximation",3,3
23033,"band insulator transition metal",4,3
23034,"non local density matrix",4,3
23035,"nodal quasiparticle",2,3
23036,"ambient pressure induced",3,3
23037,"ultra cold atomic",3,3
23038,"werner state",2,3
23039,"anisotropic heisenberg",2,3
23040,"strain amplitude",2,3
23041,"tight binding energies",3,3
23042,"interatomic interaction",2,3
23043,"coexistence line",2,3
23044,"orbit coupling strength",3,3
23045,"charged impurity concentration",3,3
23046,"kibble zurek mechanism",3,3
23047,"ising spin dynamics",3,3
23048,"bond breaking",2,3
23049,"linear muffin tin orbital",4,3
23050,"polyatomic molecules",2,3
23051,"nonzero temperature tc",3,3
23052,"orbit coupled",2,3
23053,"cold atomic cloud",3,3
23054,"carbon nanotubes swcnts",3,3
23055,"radiative pion",2,3
23056,"ion storage ring",3,3
23057,"proton beam energies",3,3
23058,"inverse slope parameters",3,3
23059,"substantial modifications",2,3
23060,"electric dipole m1",3,3
23061,"mass spectrometry",2,3
23062,"flow v2",2,3
23063,"intermediate pt gev",3,3
23064,"meson baryon number",3,3
23065,"participant eccentricity",2,3
23066,"monte carlo event fluctuations",4,3
23067,"inclusive charged particles",3,3
23068,"trigger particle azimuthal correlations",4,3
23069,"exponent eta",2,3
23070,"heavy baryon resonances",3,3
23071,"high angular distributions",3,3
23072,"narrow peak structure",3,3
23073,"v2 pt",2,3
23074,"multi particle ratios",3,3
23075,"neutral pion production",3,3
23076,"deuteron gold",2,3
23077,"baryonic resonances",2,3
23078,"skyrme interaction",2,3
23079,"gamow teller effect",3,3
23080,"pt distribution",2,3
23081,"meson cloud",2,3
23082,"isoscalar scalar meson",3,3
23083,"cylindrical coordinates",2,3
23084,"strongly modify",2,3
23085,"gogny interaction",2,3
23086,"quarkonium wave function",3,3
23087,"dipole resonances",2,3
23088,"interaction strength distributions",3,3
23089,"mid rapidity distribution",3,3
23090,"beta decay mode",3,3
23091,"electromagnetically induced",2,3
23092,"existing theoretical calculations",3,3
23093,"distorted wave function",3,3
23094,"neutron star cluster",3,3
23095,"equal mass distribution",3,3
23096,"ideal glass",2,3
23097,"hydrodynamic description",2,3
23098,"elliptic flow coefficient v2",4,3
23099,"meson self energy",3,3
23100,"scattering sidis",2,3
23101,"isospin quantum numbers",3,3
23102,"non linear collider lhc",4,3
23103,"pi nu ell bar",4,3
23104,"littlest higgs lh",3,3
23105,"lepton flavor violating processes",4,3
23106,"su singlet scalars",3,3
23107,"isgur wise",2,3
23108,"baryon chemical potentials",3,3
23109,"abelian group theoretic",3,3
23110,"single particle production",3,3
23111,"agree within errors",3,3
23112,"super inflation",2,3
23113,"proton electric",2,3
23114,"strange quarks",2,3
23115,"minimal supersymmetric standard model independent",5,3
23116,"wimp mass distribution",3,3
23117,"phenomenological studies",2,3
23118,"photons propagating through",3,3
23119,"few tev scale",3,3
23120,"direct cp violating",3,3
23121,"alpha stable distributions",3,3
23122,"heavy quark gluon fusion",4,3
23123,"purely leptonic decay",3,3
23124,"neutrinoless double",2,3
23125,"naively expected",2,3
23126,"high angular correlations",3,3
23127,"atmospheric neutrinos",2,3
23128,"shallow bound",2,3
23129,"left right handed neutrinos",4,3
23130,"vector boson production",3,3
23131,"qcd sum rule",3,3
23132,"strange quark antiquark",3,3
23133,"minimal supersymmetric grand unification",4,3
23134,"gluon distribution function",3,3
23135,"large tan beta decays",4,3
23136,"magnetic poles",2,3
23137,"whole parameter",2,3
23138,"baryon number susceptibility",3,3
23139,"higgs unification scale",3,3
23140,"pseudo scalar field",3,3
23141,"multiple scatterings",2,3
23142,"parton cascade",2,3
23143,"small scale structure functions",4,3
23144,"differential cross correlations",3,3
23145,"nucleon form factor",3,3
23146,"flavor singlet scalar field",4,3
23147,"favoured over",2,3
23148,"sm background",2,3
23149,"radiative decay constants",3,3
23150,"firm conclusions",2,3
23151,"transversely polarized light",3,3
23152,"electroweak phase",2,3
23153,"long baseline neutrino oscillation",4,3
23154,"singlet scalars",2,3
23155,"kaluza klein kk states",4,3
23156,"temporal extent nt",3,3
23157,"gluonic phase",2,3
23158,"landau gauge symmetries",3,3
23159,"doubly heavy quark",3,3
23160,"shallow bound states",3,3
23161,"geometric scaling limit",3,3
23162,"elastic scattering matrix elements",4,3
23163,"qcd sum over",3,3
23164,"strange quark antiquark pairs",4,3
23165,"compton scattering processes",3,3
23166,"lightest cp",2,3
23167,"gluon fusion processes",3,3
23168,"g2 structure",2,3
23169,"positive helicity amplitudes",3,3
23170,"heavy quark mass distributions",4,3
23171,"double peak structure",3,3
23172,"q2 dependence",2,3
23173,"seesaw model independent",3,3
23174,"lightest neutralino dark matter candidate",5,3
23175,"conformal field equations",3,3
23176,"non supersymmetric extensions",3,3
23177,"boson mass function",3,3
23178,"rotating black hole entropy",4,3
23179,"ads xs",2,3
23180,"non local monodromy",3,3
23181,"non local calabi yau threefolds",5,3
23182,"breaking occurs",2,3
23183,"free path integrals",3,3
23184,"rotating black rings",3,3
23185,"low energy minima",3,3
23186,"complex scalar qed",3,3
23187,"angular correlation functions",3,3
23188,"energy task",2,3
23189,"cpt invariance",2,3
23190,"moyal star",2,3
23191,"twisted poincare symmetry",3,3
23192,"low energy conserving",3,3
23193,"preserving completely",2,3
23194,"lorentz boost",2,3
23195,"pure yang mills theory",4,3
23196,"homological mirror",2,3
23197,"type iib supergravity description",4,3
23198,"event horizon area",3,3
23199,"elementary fermions",2,3
23200,"maurer cartan equation",3,3
23201,"landau gauge invariant",3,3
23202,"weak coupling constants",3,3
23203,"maximally supersymmetric particle",3,3
23204,"non extremal limit",3,3
23205,"gauge hierarchy problem",3,3
23206,"higher spin hs",3,3
23207,"invariant norms",2,3
23208,"2d dilaton",2,3
23209,"horizon area law",3,3
23210,"mssm parameter",2,3
23211,"quasi periodic boundary conditions",4,3
23212,"ten dimensions",2,3
23213,"graceful exit",2,3
23214,"commuting variables",2,3
23215,"brst charge",2,3
23216,"hopping parameter kappa",3,3
23217,"dirac born approximation",3,3
23218,"seiberg witten potential",3,3
23219,"non linear confinement",3,3
23220,"symplectic diffeomorphisms",2,3
23221,"primordial non vanishing",3,3
23222,"fibered calabi yau manifold",4,3
23223,"sequence fitting",2,3
23224,"cpt symmetry",2,3
23225,"fk fpi",2,3
23226,"fermi national",2,3
23227,"neutrino oscillation search",3,3
23228,"compact muon solenoid",3,3
23229,"ep collisions",2,3
23230,"semileptonic decay channels",3,3
23231,"projection chamber tpc",3,3
23232,"exclusive charmless hadronic",3,3
23233,"beta decay b0",3,3
23234,"inclusive jet production cross section",5,3
23235,"super massive particles",3,3
23236,"systematic error rate",3,3
23237,"mirror fermions",2,3
23238,"exact chiral symmetry breaking",4,3
23239,"excess entropy",2,3
23240,"higher multipoles",2,3
23241,"non stationarity",2,3
23242,"fully polarized electrons",3,3
23243,"mesoscopic lattice boltzmann lb",4,3
23244,"weighted network topology",3,3
23245,"gross domestic product",3,3
23246,"computational load",2,3
23247,"space time ago",3,3
23248,"gross domestic",2,3
23249,"gaussian noise induced",3,3
23250,"robertson walker frw metric",4,3
23251,"giant planet hosting",3,3
23252,"spatial prisoner",2,3
23253,"critical exponent beta",3,3
23254,"diffusion monte carlo simulations",4,3
23255,"space weather",2,3
23256,"environmental stresses",2,3
23257,"self sustaining",2,3
23258,"simple analytical approaches",3,3
23259,"al pnas",2,3
23260,"laser pulse shaping",3,3
23261,"scale invariance principle",3,3
23262,"polarized laser beam",3,3
23263,"inertless mass",2,3
23264,"radial intensity",2,3
23265,"magnitude higher spin",3,3
23266,"number conservation laws",3,3
23267,"long baseline neutrino interactions",4,3
23268,"impact variable",2,3
23269,"log periodic oscillations",3,3
23270,"focal length",2,3
23271,"single electron beam",3,3
23272,"non relativistic electrons",3,3
23273,"resonance imaging mri",3,3
23274,"nuclear spin polarized",3,3
23275,"atom interferometers",2,3
23276,"optical waveguide",2,3
23277,"dipole moment edm",3,3
23278,"electrostatic force",2,3
23279,"1d optical",2,3
23280,"electromagnetic fine",2,3
23281,"constant lambda qcd",3,3
23282,"magnetic field spectrometer",3,3
23283,"opto electronic",2,3
23284,"statistical mechanical systems",3,3
23285,"penning traps",2,3
23286,"dirac hartree fock",3,3
23287,"nonlocal nonlinear media",3,3
23288,"cherenkov detector",2,3
23289,"wall shear flows",3,3
23290,"low mass planets orbiting",4,3
23291,"chaotic oscillations",2,3
23292,"draw conclusions regarding",3,3
23293,"four body problem",3,3
23294,"intense laser fields",3,3
23295,"second neighbor",2,3
23296,"dusty plasma",2,3
23297,"turbulence driven turbulent flow",4,3
23298,"ultra relativistic electrons",3,3
23299,"adiabatic oscillation frequencies",3,3
23300,"continuous time delay",3,3
23301,"rg analysis",2,3
23302,"self energy conservation",3,3
23303,"linearized perturbation theory",3,3
23304,"mathematical model independent",3,3
23305,"contraction rate",2,3
23306,"inverse scattering transform",3,3
23307,"many body problems",3,3
23308,"single mode frequencies",3,3
23309,"two dimensional photonic lattices",4,3
23310,"inverse participation ratio",3,3
23311,"single qubit rotation",3,3
23312,"multipartite entanglement generation",3,3
23313,"ideal bose",2,3
23314,"off resonant raman",3,3
23315,"relative entropy production",3,3
23316,"zeilinger states",2,3
23317,"classical communication complexity",3,3
23318,"effective potential barriers",3,3
23319,"field cooled",2,3
23320,"free emission features",3,3
23321,"real scalar field theories",4,3
23322,"non thermal casimir force",4,3
23323,"urn model",2,3
23324,"unconditionally secure",2,3
23325,"particle irreducible representations",3,3
23326,"surface density matrix",3,3
23327,"non demolition",2,3
23328,"partite entanglement",2,3
23329,"maximally entangled photons",3,3
23330,"encoding decoding scheme",3,3
23331,"energy distribution functions",3,3
23332,"transmission line resonator",3,3
23333,"radial schr",2,3
23334,"optical pumping through",3,3
23335,"squeezed vacuum state",3,3
23336,"genuine multipartite",2,3
23337,"residual entanglement measure",3,3
23338,"axion solar",2,3
23339,"schr odinger cat",3,3
23340,"cavity decay",2,3
23341,"analytically solvable",2,3
23342,"qkd protocol",2,3
23343,"ion trap loading",3,3
23344,"quantum query",2,3
23345,"structure functions belonging",3,3
23346,"double slit interference",3,3
23347,"quantum communication complexity",3,3
23348,"local hidden variable theories",4,3
23349,"dicke states",2,3
23350,"ordered sets",2,3
23351,"longitudinal acoustic",2,3
23352,"timing jitter",2,3
23353,"electrically charged particle",3,3
23354,"quartic anharmonic oscillator",3,3
23355,"passage stirap",2,3
23356,"absorption fine",2,3
23357,"gravitational wave interferometry",3,3
23358,"number density perturbations",3,3
23359,"homogeneous population size",3,3
23360,"synchronization phenomena",2,3
23361,"living organisms",2,3
23362,"translocation dynamics",2,3
23363,"plane parallel plate",3,3
23364,"error rate fdr",3,3
23365,"heart rate",2,3
23366,"signaling pathways",2,3
23367,"neural activity patterns",3,3
23368,"structured population size",3,3
23369,"exact enumeration algorithm",3,3
23370,"fading broadcast channels",3,3
23371,"real time scale",3,3
23372,"bit flipping",2,3
23373,"periodically distributed over",3,3
23374,"additive white gaussian noise awgn channel",6,3
23375,"similar markov chains",3,3
23376,"sub optimal solutions",3,3
23377,"rewriting rules",2,3
23378,"directed acyclic",2,3
23379,"minimum spanning tree",3,3
23380,"second order ode",3,3
23381,"sensor nodes",2,3
23382,"output entropy",2,3
23383,"source coding scheme",3,3
23384,"normal radio",2,3
23385,"iterative decoding algorithm",3,3
23386,"list decoding algorithm",3,3
23387,"phase space spanned",3,3
23388,"coding dpc",2,3
23389,"post newtonian dynamics",3,3
23390,"interacting galaxy clusters",3,3
23391,"sloan digital",2,3
23392,"stellar population ssp",3,3
23393,"visible light curves",3,3
23394,"ultraviolet uv radiation",3,3
23395,"matter halo mass ratios",4,3
23396,"instability threshold value",3,3
23397,"magnetically supercritical",2,3
23398,"pure helium layer",3,3
23399,"existing radio",2,3
23400,"later epochs",2,3
23401,"array camera irac",3,3
23402,"infrared luminosity functions",3,3
23403,"mixed polarity",2,3
23404,"electron positron source",3,3
23405,"cosmological observations indicate",3,3
23406,"spacetime foam model",3,3
23407,"direct observational constraints",3,3
23408,"li abundance",2,3
23409,"extragalactic hii regions",3,3
23410,"mechanisms leading order",3,3
23411,"soft gamma ray sources",4,3
23412,"acoustic wave propagation",3,3
23413,"weak gravitational lensing surveys",4,3
23414,"two dozen",2,3
23415,"intrinsic absorption lines",3,3
23416,"magnetized neutron star",3,3
23417,"short hard grbs",3,3
23418,"almost unchanged",2,3
23419,"metal poor blue galaxies",4,3
23420,"spectral synthesis models",3,3
23421,"quasar host",2,3
23422,"disk winds",2,3
23423,"electric charge neutrality",3,3
23424,"charged particles move",3,3
23425,"decline phase",2,3
23426,"charged particle tracking",3,3
23427,"high temperature t0",3,3
23428,"low metallicity distribution",3,3
23429,"non maxwellian",2,3
23430,"bhb stars",2,3
23431,"molecular abundances",2,3
23432,"stellar mass accretion",3,3
23433,"cosmic microwave background radiation era",5,3
23434,"alfven speed",2,3
23435,"poloidal magnetic field strength",4,3
23436,"coronal structures",2,3
23437,"twisted flux rope",3,3
23438,"arecibo legacy",2,3
23439,"blind hi",2,3
23440,"active galactic centre",3,3
23441,"grb host galaxy",3,3
23442,"coherent timing",2,3
23443,"ray emission peaks",3,3
23444,"planet scattering",2,3
23445,"stellar encounters",2,3
23446,"specific sfr",2,3
23447,"mass range le",3,3
23448,"fifth data release",3,3
23449,"luminous red giant",3,3
23450,"deep hst acs",3,3
23451,"metal poor blue compact",4,3
23452,"spectral energy tail",3,3
23453,"ns mergers",2,3
23454,"regions pdrs",2,3
23455,"rg equation",2,3
23456,"going star",2,3
23457,"clump mass distribution",3,3
23458,"non singular isothermal sphere",4,3
23459,"free emission comes",3,3
23460,"supermassive black hole binaries",4,3
23461,"deep field north ecliptic pole",5,3
23462,"non radial pulsations",3,3
23463,"actively star",2,3
23464,"enclosed mass",2,3
23465,"absorption line strength",3,3
23466,"interplanetary space",2,3
23467,"emission line intensities",3,3
23468,"orbital periods longer",3,3
23469,"like event horizon",3,3
23470,"luminous red sequence",3,3
23471,"einstein hilbert lagrangian",3,3
23472,"broad line seyfert",3,3
23473,"tower telescope",2,3
23474,"loop quantum cosmology lqc",4,3
23475,"charged massive scalar",3,3
23476,"laser interferometric gravitational waves",4,3
23477,"first chern simons theory",4,3
23478,"periodic gravitational wave",3,3
23479,"kerr black",2,3
23480,"globally hyperbolic geometry",3,3
23481,"strong gravitational collapse",3,3
23482,"pseudo newtonian formalism",3,3
23483,"gravitational waves gws",3,3
23484,"quantum key feature",3,3
23485,"robertson walker spacetime",3,3
23486,"current observational cosmology",3,3
23487,"helium like",2,3
23488,"linearly polarized gowdy",3,3
23489,"canonical quantization procedure",3,3
23490,"frw spacetimes",2,3
23491,"relativistic hydrodynamics code",3,3
23492,"dust shells",2,3
23493,"infinitesimally thin shell",3,3
23494,"energy density rho omega",4,3
23495,"orthonormal frame",2,3
23496,"mini black hole",3,3
23497,"hawking page phase transition",4,3
23498,"weak gravitational field equations",4,3
23499,"matter wave propagation",3,3
23500,"dilepton invariant mass",3,3
23501,"bs bar k0",3,3
23502,"bs bar lambda",3,3
23503,"stringent upper limits",3,3
23504,"crystalline color flavor",3,3
23505,"ir emission lines",3,3
23506,"neutrino magnetic",2,3
23507,"fourth generation rate",3,3
23508,"neutrino mass eigenstates",3,3
23509,"linearly polarized laser beam",4,3
23510,"hard diffractive processes",3,3
23511,"br tau lepton",3,3
23512,"level cl",2,3
23513,"orbifold compactification radius",3,3
23514,"clear physical processes",3,3
23515,"tau lepton universality",3,3
23516,"neutral higgs doublet",3,3
23517,"relativistic jet production",3,3
23518,"first excited hadrons",3,3
23519,"experimental upper limits",3,3
23520,"linearly polarized light propagation",4,3
23521,"higgs boson mass ratio",4,3
23522,"pion mass difference",3,3
23523,"slow roll parameter",3,3
23524,"pion gas",2,3
23525,"three flavour violation lfv",4,3
23526,"extended nambu",2,3
23527,"littlest higgs boson",3,3
23528,"striking difference",2,3
23529,"small angle theta13",3,3
23530,"higgs bosons decaying",3,3
23531,"semi inclusive deeply",3,3
23532,"muon charge asymmetry",3,3
23533,"lightest neutral",2,3
23534,"fermion pair production",3,3
23535,"glass condensate",2,3
23536,"finite temperature dependences",3,3
23537,"pi nu tau leptons",4,3
23538,"s1 z2 orbifold fixed points",5,3
23539,"breaking vacua",2,3
23540,"lightest superparticle",2,3
23541,"nuclear spin asymmetries",3,3
23542,"electrically charged black hole",4,3
23543,"neutrino mixing pattern",3,3
23544,"spin-0 particles",2,3
23545,"two photon splitting",3,3
23546,"parton showers",2,3
23547,"randall sundrum ii",3,3
23548,"law decay rate",3,3
23549,"cp violating interactions",3,3
23550,"quark mass mt",3,3
23551,"landau gauge symmetry",3,3
23552,"chiral effective temperature",3,3
23553,"polarization vectors",2,3
23554,"fermi dirac statistics",3,3
23555,"lattice data suggest",3,3
23556,"pseudoscalar meson baryon",3,3
23557,"spatial string tension",3,3
23558,"catalyzed big bang",3,3
23559,"higher order correction",3,3
23560,"electron proton scattering",3,3
23561,"explicit cp odd",3,3
23562,"second generation quarks",3,3
23563,"wave vector meson",3,3
23564,"diffractive dis",2,3
23565,"heavy quark gluon plasma qgp",5,3
23566,"higher codimension two dimensional",4,3
23567,"analysis confirms earlier",3,3
23568,"near horizon area",3,3
23569,"ricci curvature perturbation",3,3
23570,"becchi rouet stora tyutin",4,3
23571,"noncommutative gauge theories",3,3
23572,"minimal supersymmetric extensions",3,3
23573,"rotating black",2,3
23574,"born infeld action",3,3
23575,"deformed euclidean space",3,3
23576,"simple phenomenological consequences",3,3
23577,"2t physics",2,3
23578,"gauged supergravity compactified",3,3
23579,"basic constituents",2,3
23580,"via ads cft duality",4,3
23581,"holomorphic anomaly equations",3,3
23582,"thermal equilibrium configurations",3,3
23583,"power counting arguments",3,3
23584,"dual superconductivity",2,3
23585,"event horizon size",3,3
23586,"maxwell chern simons term",4,3
23587,"telescope cast",2,3
23588,"experimental upper limit",3,3
23589,"mixing induced cp violation",4,3
23590,"charmonium like",2,3
23591,"chi c2",2,3
23592,"two photon regeneration",3,3
23593,"fermilab tevatron ppbar",3,3
23594,"event selection criteria",3,3
23595,"pi nu rho omega eta",5,3
23596,"4s bbbar",2,3
23597,"baryon spectroscopy",2,3
23598,"decay width difference delta phi",5,3
23599,"overlap dirac",2,3
23600,"heavy quark pairs",3,3
23601,"standard wilson quarks",3,3
23602,"improved orbital",2,3
23603,"scalar meson nonet",3,3
23604,"via ads cft",3,3
23605,"cft conjecture",2,3
23606,"supersymmetric black holes",3,3
23607,"curvature perturbation theory",3,3
23608,"vacuum expectation value vev",4,3
23609,"casimir operator",2,3
23610,"cosmic string junctions",3,3
23611,"dirac born infeld",3,3
23612,"lorentz symmetry breaking",3,3
23613,"two dimensional lorentzian",3,3
23614,"near horizon geometries",3,3
23615,"sheet conformal field theory",4,3
23616,"drag force exerted",3,3
23617,"four dimensional 5d",3,3
23618,"single brane inflation",3,3
23619,"spectral indices",2,3
23620,"surface brightness temperatures",3,3
23621,"stellar mass distributions",3,3
23622,"radiatively inefficient accretion flow",4,3
23623,"dla systems",2,3
23624,"zn ii",2,3
23625,"serious challenge",2,3
23626,"high precision spectroscopy",3,3
23627,"proto stellar cores",3,3
23628,"ray pulsar psr",3,3
23629,"calar alto",2,3
23630,"planck scale structure",3,3
23631,"radial velocity rv",3,3
23632,"circumstellar medium csm",3,3
23633,"extragalactic background radiation",3,3
23634,"narrow line width",3,3
23635,"initial mass accretion",3,3
23636,"liner like",2,3
23637,"dusty starburst",2,3
23638,"system h.e s.s",3,3
23639,"starburst episodes",2,3
23640,"proto stellar evolution",3,3
23641,"intense star cluster",3,3
23642,"higher concentrations",2,3
23643,"planetary orbit around",3,3
23644,"dark matter power constraint",4,3
23645,"recycled pulsars",2,3
23646,"blue bump",2,3
23647,"jodrell bank",2,3
23648,"striking similarities",2,3
23649,"fe xxvi",2,3
23650,"transmission grating",2,3
23651,"dust shell model",3,3
23652,"double lined spectroscopic binary system",5,3
23653,"iram 30-m telescope",3,3
23654,"quiescent phase",2,3
23655,"submillimeter wavelengths",2,3
23656,"spectroscopic data reduction",3,3
23657,"stellar evolution explorer",3,3
23658,"non equilibrium lte",3,3
23659,"compute synthetic spectra",3,3
23660,"equal mass ratio",3,3
23661,"luminous blue variable",3,3
23662,"old globular clusters",3,3
23663,"beta cephei stars",3,3
23664,"chemical compositions",2,3
23665,"accretion process",2,3
23666,"mysterious dark energy",3,3
23667,"white dwarf nova",3,3
23668,"feii lines",2,3
23669,"cr mn",2,3
23670,"surface brightness fluctuations",3,3
23671,"constant lambda cdm",3,3
23672,"colliding wind binaries",3,3
23673,"dust content",2,3
23674,"rich nucleus",2,3
23675,"highly disturbed",2,3
23676,"relativistically beamed",2,3
23677,"doppler boosting",2,3
23678,"lyman alpha emitters laes",4,3
23679,"low mass planets around",4,3
23680,"elliptical galaxy clusters gcs",4,3
23681,"hubble space telescope hst wfpc2",5,3
23682,"progenitor star forming",3,3
23683,"nuclear magnetic fields",3,3
23684,"abnormally large",2,3
23685,"long time baseline",3,3
23686,"hi disks",2,3
23687,"truncation radius",2,3
23688,"uniformly rotating",2,3
23689,"scale outflows",2,3
23690,"against gravitational",2,3
23691,"extragalactic survey shades",3,3
23692,"magellanic bridge",2,3
23693,"mid infrared colours",3,3
23694,"field imager",2,3
23695,"ghz continuum emission lines",4,3
23696,"hybrid stars",2,3
23697,"phase transition mit",3,3
23698,"collimated jets",2,3
23699,"own solar",2,3
23700,"dark matter substructure",3,3
23701,"archival hst images",3,3
23702,"central supermassive black hole smbh",5,3
23703,"ionisation parameter",2,3
23704,"low density nh cm",4,3
23705,"halo mass function",3,3
23706,"comoving number density",3,3
23707,"hi content",2,3
23708,"highest spatial resolution",3,3
23709,"long period change",3,3
23710,"sub wavelength region",3,3
23711,"ia supernova sn",3,3
23712,"alpha line strength",3,3
23713,"orbit around hd",3,3
23714,"observatoire de haute provence",4,3
23715,"low mass squared",3,3
23716,"discrete absorption lines",3,3
23717,"luminous supernova sn",3,3
23718,"within arcsec pc",3,3
23719,"oscillations qpos",2,3
23720,"prompt emission line",3,3
23721,"weak gravitational lensing signal",4,3
23722,"compton ic",2,3
23723,"protoplanetary disk instabilities",3,3
23724,"rs cvn stars",3,3
23725,"too faint",2,3
23726,"ionization cone",2,3
23727,"active galactic plane",3,3
23728,"recoil velocities",2,3
23729,"irregular galaxies",2,3
23730,"metal poor dwarfs",3,3
23731,"solar masses below",3,3
23732,"two weeks",2,3
23733,"corona australis",2,3
23734,"giant molecular cloud",3,3
23735,"galaxy m82",2,3
23736,"galaxies smgs",2,3
23737,"single star formation rate",4,3
23738,"hydrodynamic simulations suggest",3,3
23739,"radiative cooling rate",3,3
23740,"broadband spectral energy distribution",4,3
23741,"solar circle",2,3
23742,"embedded within pc",3,3
23743,"intermediate mass range",3,3
23744,"ghz h2o masers",3,3
23745,"chromospheric heating",2,3
23746,"time lags",2,3
23747,"molecular opacities",2,3
23748,"cold dust emission",3,3
23749,"chemical enrichment history",3,3
23750,"star cluster size",3,3
23751,"stars themselves",2,3
23752,"doppler velocities",2,3
23753,"hst imaging polarimetry",3,3
23754,"low luminosity functions",3,3
23755,"unique ground",2,3
23756,"sunyaev zeldovich sz effect",4,3
23757,"primary star hd reveals",4,3
23758,"quasar activity",2,3
23759,"surface brightness temperature profiles",4,3
23760,"roap star hd",3,3
23761,"collective motions",2,3
23762,"su uma type",3,3
23763,"group spiral galaxies",3,3
23764,"gas giant molecular clouds gmcs",5,3
23765,"outer disk center",3,3
23766,"exterior differential equations",3,3
23767,"integrable systems possessing",3,3
23768,"nonlocal nonlinear partial differential equation",5,3
23769,"three dimensional minkowski",3,3
23770,"geometric considerations",2,3
23771,"dinger operators",2,3
23772,"higher order multipoles",3,3
23773,"dimensional regularisation",2,3
23774,"generalized fibonacci numbers",3,3
23775,"orthogonal projection onto",3,3
23776,"non stationary states",3,3
23777,"non linear schr odinger equation",5,3
23778,"2n dimensional reduction",3,3
23779,"maslov index",2,3
23780,"fermion superconductor",2,3
23781,"current density waves",3,3
23782,"3c sic substrates",3,3
23783,"zero bias anomaly",3,3
23784,"spin polarization switching",3,3
23785,"ray scattering rixs",3,3
23786,"momentum broadening",2,3
23787,"energies below mev",3,3
23788,"band structure factor",3,3
23789,"gas reservoir",2,3
23790,"deposition pld",2,3
23791,"mn concentrations",2,3
23792,"pseudogap phase transitions",3,3
23793,"sr mn",2,3
23794,"ultrafast optical spectroscopy",3,3
23795,"filled skutterudites",2,3
23796,"la sr ba",3,3
23797,"alkaline earth atoms",3,3
23798,"swept up",2,3
23799,"ultracold fermions",2,3
23800,"density wave sdw",3,3
23801,"liquid gas phase",3,3
23802,"optical superlattice",2,3
23803,"liquid hydrogen",2,3
23804,"current density ns",3,3
23805,"radiation pressure induced",3,3
23806,"shastry sutherland lattice",3,3
23807,"lightly doped cuprates",3,3
23808,"quenched disorder induced",3,3
23809,"dilute bose einstein condensate",4,3
23810,"molecular bose einstein condensates",4,3
23811,"decreasing temperature tc",3,3
23812,"dc voltage biased",3,3
23813,"puts forward",2,3
23814,"independent identically distributed i.i",4,3
23815,"half maximum fwhm",3,3
23816,"dynamic heterogeneities",2,3
23817,"oriented percolation model",3,3
23818,"length scale structure",3,3
23819,"critical nucleus",2,3
23820,"pyrochlore antiferromagnet",2,3
23821,"colloidal systems",2,3
23822,"al nature london",3,3
23823,"linear optical response",3,3
23824,"exact exchange correlation xc",4,3
23825,"em ab initio calculations",4,3
23826,"pairing correlation",2,3
23827,"gapped spin chains",3,3
23828,"martensitic transition",2,3
23829,"shallow bound state",3,3
23830,"diffusion constants",2,3
23831,"dirac points",2,3
23832,"tunnel junction conditions",3,3
23833,"crystalline electric",2,3
23834,"spin stiffness",2,3
23835,"supersolid phase transitions",3,3
23836,"fractional quantum hall regime",4,3
23837,"bistable behavior",2,3
23838,"line defects",2,3
23839,"thermodynamic limit cycle",3,3
23840,"current density functional",3,3
23841,"highly nonlinear schroedinger",3,3
23842,"quantum depolarizing",2,3
23843,"misfit strain",2,3
23844,"angle resolved photoelectron",3,3
23845,"quasiparticle excitation spectra",3,3
23846,"twofold first order",3,3
23847,"principally polarized",2,3
23848,"nonequilibrium green function negf",4,3
23849,"point correlation coefficient",3,3
23850,"piezoelectric response",2,3
23851,"composite material parameters",3,3
23852,"coherence lengths",2,3
23853,"4h sic substrate",3,3
23854,"radiative transport properties",3,3
23855,"orbital hubbard models",3,3
23856,"lying modes",2,3
23857,"ferrite disk",2,3
23858,"hohenberg kohn sham",3,3
23859,"single particle displacements",3,3
23860,"intrinsic spin down",3,3
23861,"benzene molecule",2,3
23862,"polarized neutron reflectometry",3,3
23863,"homogeneous nucleation theory",3,3
23864,"inas quantum dots",3,3
23865,"transmission electron microscopy tem",4,3
23866,"ray fluxes",2,3
23867,"control parameter space",3,3
23868,"density wave superconductor",3,3
23869,"coercive fields",2,3
23870,"tunneling magnetoresistance tmr",3,3
23871,"silicon films having",3,3
23872,"bond mean field theory",4,3
23873,"loading conditions",2,3
23874,"tl ba cuo delta",4,3
23875,"debye waller",2,3
23876,"dimensional ising model",3,3
23877,"macroscopic quantum hall effect",4,3
23878,"harmonic trap mass",3,3
23879,"liquid crystalline phases",3,3
23880,"charge ordered phases",3,3
23881,"colossal magnetoresistance cmr",3,3
23882,"floquet theory",2,3
23883,"spinless electrons",2,3
23884,"semiconductor microcavity",2,3
23885,"theory mct",2,3
23886,"full heusler alloys",3,3
23887,"quantized electromagnetic",2,3
23888,"fermi liquid metal superconductor",4,3
23889,"atom dimer",2,3
23890,"non local thermodynamic",3,3
23891,"non centrosymmetric",2,3
23892,"line nodes",2,3
23893,"sic substrates",2,3
23894,"spectroscopy arpes",2,3
23895,"small angle resolved photoemission",4,3
23896,"transition metal ions",3,3
23897,"dimensional lorentzian",2,3
23898,"neutrality point",2,3
23899,"ray signals",2,3
23900,"molecular oxygen molecules",3,3
23901,"lying excited states",3,3
23902,"positive magnetoresistance",2,3
23903,"many body perturbation",3,3
23904,"nano scale structure",3,3
23905,"hall coefficient",2,3
23906,"biased random walks",3,3
23907,"two dimensional electron phonon",4,3
23908,"pauli limiting",2,3
23909,"vortex core switching",3,3
23910,"double wells",2,3
23911,"transfer matrix element",3,3
23912,"strongly correlated disorder",3,3
23913,"conductivity sigma model",3,3
23914,"square error rate",3,3
23915,"non equilibrium green functions",4,3
23916,"asymmetric energy density",3,3
23917,"distribution function pdf",3,3
23918,"ray tail",2,3
23919,"ideal bose einstein",3,3
23920,"core bosons",2,3
23921,"nodal direction",2,3
23922,"photon numbers",2,3
23923,"scalable quantum computing",3,3
23924,"hard wall boundary",3,3
23925,"damping parameter alpha",3,3
23926,"interfacial tension",2,3
23927,"organic semiconductors",2,3
23928,"golden ratio",2,3
23929,"thermo mechanical",2,3
23930,"multi walled carbon nanotubes",4,3
23931,"system size scaling functions",4,3
23932,"unit filling",2,3
23933,"low density parity check",4,3
23934,"julia sets",2,3
23935,"rational conformal",2,3
23936,"fast fourier transforms",3,3
23937,"limit theorem clt",3,3
23938,"ricci curvature vanishes",3,3
23939,"almost complex projective space",4,3
23940,"algorithm runs over",3,3
23941,"half plane curves",3,3
23942,"homotopy equivalences",2,3
23943,"unitary operator acting",3,3
23944,"complex banach algebras",3,3
23945,"dynamic programming principle",3,3
23946,"second order cumulant",3,3
23947,"riemannian manifold endowed",3,3
23948,"strongly pseudoconvex domains",3,3
23949,"least two possibilities",3,3
23950,"arbitrarily high energy",3,3
23951,"theoretic complete",2,3
23952,"gopakumar vafa conjecture",3,3
23953,"reproducing kernels",2,3
23954,"positive semidefinite matrices",3,3
23955,"fully nonlinear elliptic equations",4,3
23956,"crepant resolution",2,3
23957,"convex optimization problem",3,3
23958,"semilinear elliptic",2,3
23959,"non linear odes",3,3
23960,"piecewise polynomial",2,3
23961,"weight modules over",3,3
23962,"monge ampere equations",3,3
23963,"force free boundary",3,3
23964,"too few",2,3
23965,"nonparametric regression function",3,3
23966,"asymptotic confidence bands",3,3
23967,"yetter drinfeld modules",3,3
23968,"dedekind zeta functions",3,3
23969,"complete bipartite graphs",3,3
23970,"unlike standard model",3,3
23971,"highly connected subgraphs",3,3
23972,"constant sectional curvature",3,3
23973,"multiple valued",2,3
23974,"hodge theoretic",2,3
23975,"riemann hurwitz formula",3,3
23976,"homogeneous poisson structure",3,3
23977,"exponential utility",2,3
23978,"cubic surfaces",2,3
23979,"multiplier hopf algebra",3,3
23980,"compact riemann roch",3,3
23981,"arbitrary genus zero",3,3
23982,"decays exponentially large",3,3
23983,"poisson cohomology",2,3
23984,"semilinear parabolic equations",3,3
23985,"rational blow up",3,3
23986,"unbounded operators affiliated",3,3
23987,"maximal parabolic subgroup",3,3
23988,"pointed hopf algebra",3,3
23989,"non intersecting lattice paths",4,3
23990,"orientation preserving homeomorphisms",3,3
23991,"open book",2,3
23992,"space h2",2,3
23993,"noetherian local group",3,3
23994,"diffusion equation ut",3,3
23995,"rank distance",2,3
23996,"positive integer sequences",3,3
23997,"projective planes",2,3
23998,"enumeration techniques",2,3
23999,"three dimensional navier stokes equations",5,3
24000,"empirical risk minimization",3,3
24001,"recurrence time series",3,3
24002,"contraction semigroups",2,3
24003,"quantile estimation",2,3
24004,"noise level sets",3,3
24005,"prime characteristic zero",3,3
24006,"chevalley group actions",3,3
24007,"order autoregressive model",3,3
24008,"branched cover",2,3
24009,"super critical point",3,3
24010,"strictly convex domain",3,3
24011,"real time varying",3,3
24012,"death processes",2,3
24013,"weighted lp spaces",3,3
24014,"non orientable surface",3,3
24015,"intermediate step like",3,3
24016,"longer term",2,3
24017,"bernoulli percolation",2,3
24018,"quasi transitive graphs",3,3
24019,"moufang loop",2,3
24020,"clusters spanning tree",3,3
24021,"local density functionals",3,3
24022,"markov semigroup",2,3
24023,"gromov hausdorff space",3,3
24024,"parity doublet",2,3
24025,"triaxial rotor model",3,3
24026,"meson production cross section",4,3
24027,"relativistic heavy ion",3,3
24028,"su nc expansion",3,3
24029,"latest experimental studies",3,3
24030,"nuclear stopping",2,3
24031,"positive definiteness",2,3
24032,"two flavor nambu jona lasinio model",6,3
24033,"pp eta reaction",3,3
24034,"logarithmic derivatives",2,3
24035,"schrieffer bcs",2,3
24036,"coulomb potential barrier",3,3
24037,"psi suppression factor",3,3
24038,"quasi particle hole",3,3
24039,"fully microscopic description",3,3
24040,"non relativistic hydrodynamics",3,3
24041,"self energy density wave",4,3
24042,"helium nanodroplets",2,3
24043,"np hard task",3,3
24044,"linear stability criterion",3,3
24045,"cooled ions",2,3
24046,"trap loading",2,3
24047,"two dimensional electron doped",4,3
24048,"mathematically rigorous analysis",3,3
24049,"complex plane wave functions",4,3
24050,"circular shape anisotropy",3,3
24051,"rigorous theoretical analysis",3,3
24052,"maxwell equations governing",3,3
24053,"driven turbulent flow",3,3
24054,"supernova remnant snr 1987a",4,3
24055,"incompressible magnetohydrodynamic mhd code",4,3
24056,"strongly overlapping",2,3
24057,"sivashinsky equation",2,3
24058,"becomes optically",2,3
24059,"ac electric field",3,3
24060,"robust feature",2,3
24061,"resonance fluorescence light",3,3
24062,"causal inference",2,3
24063,"axial vector fields",3,3
24064,"room temperature variations",3,3
24065,"field spectrometer",2,3
24066,"purely leptonic",2,3
24067,"dynamical evolution equations",3,3
24068,"traffic congestion control",3,3
24069,"physics courses",2,3
24070,"heavy right",2,3
24071,"hydrogen bonded",2,3
24072,"principal quantum numbers",3,3
24073,"low pt gev",3,3
24074,"kohn sham equations",3,3
24075,"stock price",2,3
24076,"turbulent velocity fluctuations",3,3
24077,"multipole expansion around",3,3
24078,"triple gem",2,3
24079,"ultrashort intense laser",3,3
24080,"unit cell size",3,3
24081,"kicked rotor",2,3
24082,"brownian motors",2,3
24083,"smoluchowski equation",2,3
24084,"statistical indicators",2,3
24085,"brownian particle moving",3,3
24086,"auto correlation",2,3
24087,"white noise induced",3,3
24088,"partial differential equations possess",4,3
24089,"finite dimensional cellular automaton",4,3
24090,"production cross section sigma",4,3
24091,"leptonic decay channels",3,3
24092,"radioactive beams",2,3
24093,"single ion channels",3,3
24094,"pattern formation rate",3,3
24095,"energy landscapes",2,3
24096,"dynamically evolving",2,3
24097,"spatial organization",2,3
24098,"linear fashion",2,3
24099,"waiting time evolution",3,3
24100,"renyi entropy",2,3
24101,"orthogonal basis sets",3,3
24102,"semi infinite dimensional",3,3
24103,"cold polar molecules",3,3
24104,"two complementary approaches",3,3
24105,"joint measurement outcomes",3,3
24106,"deformed euclidean spaces",3,3
24107,"lippmann schwinger",2,3
24108,"femtosecond laser pulse duration",4,3
24109,"leading order lo",3,3
24110,"covariant cloning",2,3
24111,"induced transparency",2,3
24112,"positive definite metric",3,3
24113,"two components e.g",3,3
24114,"classical communications",2,3
24115,"non crossing approximation",3,3
24116,"twisted poincare",2,3
24117,"theoretical expectation",2,3
24118,"su wzw models",3,3
24119,"perturbative superpotential couplings",3,3
24120,"majorana fermion masses",3,3
24121,"magnetic flux compactifications",3,3
24122,"iib superstring",2,3
24123,"quantum gravity plus",3,3
24124,"supersymmetric black hole solutions",4,3
24125,"supersymmetric black hole entropy",4,3
24126,"non hermitian hamiltonians",3,3
24127,"dynamical susy breaking",3,3
24128,"light cone gauge symmetry",4,3
24129,"vacuum energy landscape",3,3
24130,"super bubble",2,3
24131,"variable zeta",2,3
24132,"pure yang mills",3,3
24133,"noncommutative gauge invariant",3,3
24134,"xx model independent",3,3
24135,"ordinary yang mills",3,3
24136,"kahler moduli spaces",3,3
24137,"massive quark gluon",3,3
24138,"supersymmetric completion",2,3
24139,"bps bound states",3,3
24140,"flavor blind",2,3
24141,"density exceeds",2,3
24142,"universe expands",2,3
24143,"hermitian hamiltonians",2,3
24144,"integral homology classes",3,3
24145,"free subspaces",2,3
24146,"bps configurations",2,3
24147,"completely destroyed",2,3
24148,"seiberg duality",2,3
24149,"free energy eigenvalues",3,3
24150,"dark energy content",3,3
24151,"configuration space time dependent",4,3
24152,"simons theory",2,3
24153,"simple analytic formula",3,3
24154,"asymptotically ads cft correspondence",4,3
24155,"iia string theory",3,3
24156,"strings propagating",2,3
24157,"string tachyon free",3,3
24158,"term stability analysis",3,3
24159,"mediated susy breaking",3,3
24160,"linear dilaton gravity",3,3
24161,"stress tensor theories",3,3
24162,"black hole pair",3,3
24163,"generic initial condition",3,3
24164,"maximal supergravity theories",3,3
24165,"ppn parameters",2,3
24166,"chern simons modified gravity",4,3
24167,"nested bethe ansatz",3,3
24168,"scalar tensor perturbations around",4,3
24169,"axion dilaton gravity",3,3
24170,"csw rules",2,3
24171,"locally convex hypersurfaces",3,3
24172,"joint source code",3,3
24173,"ray trajectories",2,3
24174,"radio waves",2,3
24175,"mobile ad hoc network",4,3
24176,"matrix valued functions",3,3
24177,"thue morse sequence",3,3
24178,"web sites",2,3
24179,"time division multiplexing",3,3
24180,"existing theoretical analysis",3,3
24181,"discrete time varying",3,3
24182,"computationally cheap",2,3
24183,"duplex relay",2,3
24184,"star formation proceeds",3,3
24185,"mhd shock",2,3
24186,"magnetic reynolds number",3,3
24187,"galaxies lirgs",2,3
24188,"optical dipole approximation",3,3
24189,"asteroid belt",2,3
24190,"vertical velocity dispersion",3,3
24191,"constraining power spectrum",3,3
24192,"adaptive optics ao assisted",4,3
24193,"long time scale structure",4,3
24194,"mass ejections cmes",3,3
24195,"highly eccentric",2,3
24196,"bruzual charlot",2,3
24197,"cold hi",2,3
24198,"performance verification phase",3,3
24199,"keplerian accretion disk",3,3
24200,"formation occurred",2,3
24201,"low eccentricity",2,3
24202,"isochrone fitting",2,3
24203,"hot intergalactic medium igm",4,3
24204,"hot bottom burning",3,3
24205,"viable candidate",2,3
24206,"hot white dwarf",3,3
24207,"magic collaboration",2,3
24208,"low frequency peaked",3,3
24209,"level ll",2,3
24210,"synthesis calculations",2,3
24211,"bolometric corrections",2,3
24212,"too small variations",3,3
24213,"slow growth rate",3,3
24214,"graphics processing unit",3,3
24215,"extended radio emission",3,3
24216,"tightly constrain",2,3
24217,"virial equilibrium",2,3
24218,"mhd shock waves",3,3
24219,"stellar interiors",2,3
24220,"log parabolic",2,3
24221,"macho project",2,3
24222,"companion galaxy",2,3
24223,"metal content",2,3
24224,"linear optical depth",3,3
24225,"atomic parity",2,3
24226,"planetary migration rate",3,3
24227,"slope beta",2,3
24228,"centroid shift",2,3
24229,"dn de",2,3
24230,"single star forming regions",4,3
24231,"break radius",2,3
24232,"non relativistic winds",3,3
24233,"pulsar wind termination shock",4,3
24234,"field programmable gate array fpga",5,3
24235,"helium layer",2,3
24236,"helium abundance variations",3,3
24237,"radio source catalogues",3,3
24238,"isothermal sphere",2,3
24239,"uv optical counterparts",3,3
24240,"vlt giraffe",2,3
24241,"local interstellar dust grains",4,3
24242,"projected rotational lines",3,3
24243,"star formation history sfh",4,3
24244,"massive stars having",3,3
24245,"final configuration interaction",3,3
24246,"pulsed radio source",3,3
24247,"wide field lines",3,3
24248,"silicate grains under",3,3
24249,"common user bolometer",3,3
24250,"highest spatial",2,3
24251,"spitzer wide area",3,3
24252,"polar caps",2,3
24253,"cosmic microwave background cmb quadrupole",5,3
24254,"index gamma ray sources",4,3
24255,"board swift observations",3,3
24256,"burst alert telescope bat",4,3
24257,"viscosity coefficient",2,3
24258,"rv measurements",2,3
24259,"merging events",2,3
24260,"mean metallicity",2,3
24261,"thermal instability mri",3,3
24262,"epsilon eri",2,3
24263,"bondi accretion flow",3,3
24264,"viscosity parameter alpha",3,3
24265,"half light radii",3,3
24266,"two dimensional hydrodynamical simulations",4,3
24267,"peak luminosity function",3,3
24268,"sdss data indicate",3,3
24269,"corotation radius",2,3
24270,"pg1159 star",2,3
24271,"luminous red galaxies lrgs",4,3
24272,"bullet cluster abell",3,3
24273,"isolated neutron",2,3
24274,"soft gamma ray repeaters",4,3
24275,"antares neutrino interactions",3,3
24276,"disk midplane",2,3
24277,"kinetic energy distribution function",4,3
24278,"halo occupation",2,3
24279,"absorption lines originate",3,3
24280,"inner slope",2,3
24281,"type ia supernova explosion",4,3
24282,"kuiper belt asteroids",3,3
24283,"local group velocity dispersion",4,3
24284,"star irc",2,3
24285,"strongly clustered",2,3
24286,"redshift range correlations",3,3
24287,"total mass distributions",3,3
24288,"chemically peculiar properties",3,3
24289,"green bank telescope gbt",4,3
24290,"star cluster counts",3,3
24291,"small scale outflows",3,3
24292,"total angular resolution",3,3
24293,"type ia progenitors",3,3
24294,"existing upper limits",3,3
24295,"uhe neutrino astronomy",3,3
24296,"scaled solar",2,3
24297,"oxygen white dwarfs",3,3
24298,"orbital angular momenta",3,3
24299,"yr consistent",2,3
24300,"age spread",2,3
24301,"long slit spectroscopic observations",4,3
24302,"point source hess",3,3
24303,"survey goods fields",3,3
24304,"iron abundance measurements",3,3
24305,"antares neutrino telescopes",3,3
24306,"mid ir excesses",3,3
24307,"qso absorption",2,3
24308,"agn population synthesis models",4,3
24309,"aided detection",2,3
24310,"accretion flows around",3,3
24311,"counter rotating disk",3,3
24312,"pan starrs",2,3
24313,"2nd order",2,3
24314,"tidal tail",2,3
24315,"least squares fitting",3,3
24316,"semi detached eclipsing binaries",4,3
24317,"statistically homogeneous sample",3,3
24318,"distributed computing environments",3,3
24319,"massively parallel computers",3,3
24320,"outer radii",2,3
24321,"young stellar evolution",3,3
24322,"statistically significant population",3,3
24323,"progenitor star formation",3,3
24324,"fornax dwarf galaxy",3,3
24325,"spectro polarimetric",2,3
24326,"neutral iron",2,3
24327,"observational selection",2,3
24328,"optical colours",2,3
24329,"host star forming",3,3
24330,"ratio inspirals",2,3
24331,"strong gravitational wave",3,3
24332,"star cluster abell",3,3
24333,"ultraviolet uv flux",3,3
24334,"lyman limit",2,3
24335,"mass budget",2,3
24336,"balmer emission lines",3,3
24337,"activity cycles",2,3
24338,"medium resolution echelle spectra",4,3
24339,"limiting magnitudes",2,3
24340,"up observations indicate",3,3
24341,"magneto acoustic",2,3
24342,"fluctuation magnitudes",2,3
24343,"holes imbhs",2,3
24344,"merger history",2,3
24345,"spectral distortion",2,3
24346,"low temperature anisotropies",3,3
24347,"corotation resonance",2,3
24348,"turbulent regime",2,3
24349,"reynolds stress",2,3
24350,"cluster catalogs",2,3
24351,"highly structured",2,3
24352,"lower atmosphere models",3,3
24353,"msol yr",2,3
24354,"colour excess",2,3
24355,"young stars belonging",3,3
24356,"statistical analysis pca",3,3
24357,"slow roll approximation",3,3
24358,"colour maps",2,3
24359,"geometrically thick agn",3,3
24360,"bh binaries",2,3
24361,"smoothed particle hole",3,3
24362,"neutron star ns mergers",4,3
24363,"expansion velocity field",3,3
24364,"narrow band photometry",3,3
24365,"balmer emission",2,3
24366,"going star formation",3,3
24367,"absolute calibration technique",3,3
24368,"baryon density perturbations",3,3
24369,"interplanetary magnetic field",3,3
24370,"spectral type ia supernovae",4,3
24371,"dynamical mean motion",3,3
24372,"hertzsprung russell",2,3
24373,"observatories origins deep survey goods",5,3
24374,"caii triplet",2,3
24375,"circumstellar dust emission",3,3
24376,"grb host star forming",4,3
24377,"least partly",2,3
24378,"mira variable stars",3,3
24379,"warm hot intergalactic medium whim",5,3
24380,"photospheric magnetic field lines",4,3
24381,"particle production mechanisms",3,3
24382,"beta leq",2,3
24383,"burst grb host",3,3
24384,"optical spectra cover",3,3
24385,"hot electrons",2,3
24386,"cosmic microwave background cmb photons",5,3
24387,"emission line profile",3,3
24388,"non zero age",3,3
24389,"galaxies hosting",2,3
24390,"central star hd",3,3
24391,"magnetically driven outflow",3,3
24392,"giant metrewave radio frequency",4,3
24393,"radial velocity field",3,3
24394,"spectrally dispersed",2,3
24395,"vlti midi instrument",3,3
24396,"weak lensing effect",3,3
24397,"extrasolar planets orbiting",3,3
24398,"generic prediction",2,3
24399,"andromeda galaxy formation",3,3
24400,"canonical value",2,3
24401,"dirac born infeld action",4,3
24402,"bolometric light curves",3,3
24403,"helium content",2,3
24404,"twisted flux",2,3
24405,"deep sub micron",3,3
24406,"total energy loss",3,3
24407,"passage time scales",3,3
24408,"gyr old stellar populations",4,3
24409,"exoplanet host",2,3
24410,"binary systems containing",3,3
24411,"within kpc scales",3,3
24412,"lambdacdm universe",2,3
24413,"highly elongated",2,3
24414,"strong gravitational lensing events",4,3
24415,"frequency omega0",2,3
24416,"significant amounts",2,3
24417,"strongly enhanced relative",3,3
24418,"feynman kac",2,3
24419,"local lorentz",2,3
24420,"intersection graph theory",3,3
24421,"sine gordon models",3,3
24422,"valued measures",2,3
24423,"translation invariant measures",3,3
24424,"galilei group velocity",3,3
24425,"second harmonic functions",3,3
24426,"pt symmetry",2,3
24427,"charged particle moving",3,3
24428,"background radiation era",3,3
24429,"quantum cosmology lqc",3,3
24430,"perihelion precessions",2,3
24431,"press schechter",2,3
24432,"kaluza klein black holes",4,3
24433,"real scalar fields",3,3
24434,"isentropic compressible euler equations",4,3
24435,"late time asymptotics",3,3
24436,"killing vector fields",3,3
24437,"bekenstein hawking radiation",3,3
24438,"curved backgrounds",2,3
24439,"non spinning black hole",4,3
24440,"space time scale structure",4,3
24441,"null coordinates",2,3
24442,"quantum key question",3,3
24443,"cosmological setting",2,3
24444,"ads black hole solutions",4,3
24445,"periodic gravitational radiation",3,3
24446,"reasonably large number",3,3
24447,"non linear program",3,3
24448,"near horizon radius",3,3
24449,"pulsar glitches",2,3
24450,"electronic components",2,3
24451,"bloch redfield",2,3
24452,"fermi energy gap",3,3
24453,"strip like",2,3
24454,"disorder averaged",2,3
24455,"isotropic nematic order",3,3
24456,"polymer networks",2,3
24457,"jump diffusion constant",3,3
24458,"semiconductor ga mn",3,3
24459,"coherent transport properties",3,3
24460,"microscopic mechanism responsible",3,3
24461,"laser irradiation induced",3,3
24462,"few hours after",3,3
24463,"bond angles",2,3
24464,"reduced density matrix renormalization group",5,3
24465,"ac stark",2,3
24466,"optical dipole moments",3,3
24467,"binding energy barrier",3,3
24468,"thorough theoretical analysis",3,3
24469,"non abelian chern simons",4,3
24470,"existing proposals",2,3
24471,"abrikosov vortex",2,3
24472,"inhomogeneous fulde ferrell larkin ovchinnikov",5,3
24473,"landau quantization",2,3
24474,"occupation number density",3,3
24475,"spin flop",2,3
24476,"rate t1",2,3
24477,"single electron phonon",3,3
24478,"inner shell",2,3
24479,"taylor instability",2,3
24480,"environmentally induced decoherence",3,3
24481,"contacts qpcs",2,3
24482,"bulk gaas algaas",3,3
24483,"charge density wave cdw state",5,3
24484,"density wave cdw",3,3
24485,"conduction bands",2,3
24486,"time step like behavior",4,3
24487,"tight binding hamiltonian formalism",4,3
24488,"half filled band",3,3
24489,"precessing domain",2,3
24490,"simple geometrical interpretation",3,3
24491,"interacting bose einstein condensation bec",5,3
24492,"homogeneous population imbalance",3,3
24493,"localization corrections",2,3
24494,"fully microscopic mechanisms",3,3
24495,"liquid crystal growth",3,3
24496,"gaseous environment",2,3
24497,"dependent hartree",2,3
24498,"electron reservoirs",2,3
24499,"dense granular material",3,3
24500,"quantum critical temperature",3,3
24501,"paired superfluid phases",3,3
24502,"optical conductivity sigma",3,3
24503,"mermin wagner theorem",3,3
24504,"cpu time",2,3
24505,"free energy distributions",3,3
24506,"neutron powder",2,3
24507,"mott insulating phases",3,3
24508,"path integral quantization",3,3
24509,"fowler nordheim",2,3
24510,"tunneling magnetoresistance mr",3,3
24511,"inelastic scattering rate",3,3
24512,"thermal noise induced",3,3
24513,"fokker planck mass",3,3
24514,"scale free parameters",3,3
24515,"matrix element specific",3,3
24516,"hopping rates",2,3
24517,"kondo resonances",2,3
24518,"order parameter alpha beta",4,3
24519,"nearest neighbor coulomb interactions",4,3
24520,"macroscopic quantum dots",3,3
24521,"ion implantation",2,3
24522,"local density functional theory dft calculations",6,3
24523,"bose glass transition",3,3
24524,"gate voltage characteristic",3,3
24525,"lo phonon coupling",3,3
24526,"spin ladders",2,3
24527,"order parameter regimes",3,3
24528,"highly non equilibrium",3,3
24529,"conducting channels",2,3
24530,"maximally localized wannier functions",4,3
24531,"ray photoemission",2,3
24532,"tightly bound",2,3
24533,"occupied molecular orbitals",3,3
24534,"structural information theory",3,3
24535,"self linking",2,3
24536,"quantized hall conductance",3,3
24537,"trapped fermi",2,3
24538,"external magnetic flux",3,3
24539,"neuronal networks",2,3
24540,"theoretical foundation",2,3
24541,"spin network topology",3,3
24542,"effective mass distributions",3,3
24543,"nematic liquid crystal",3,3
24544,"physical processes governing",3,3
24545,"pinning centers",2,3
24546,"quantum critical end point",4,3
24547,"mathematical structure functions",3,3
24548,"spin polarized current voltage",4,3
24549,"alpha helix",2,3
24550,"doping concentrations",2,3
24551,"raman scattering processes",3,3
24552,"double perovskite structure",3,3
24553,"non linear optical elements",4,3
24554,"embedded cluster states",3,3
24555,"asymmetric exclusion",2,3
24556,"electronic transport measurements",3,3
24557,"spin baths",2,3
24558,"spinor bose gas",3,3
24559,"rhombohedral phase transitions",3,3
24560,"transverse direction perpendicular",3,3
24561,"critical temperature dependent",3,3
24562,"thin film samples",3,3
24563,"perpendicular magnetic fields",3,3
24564,"zero temperature superconductors",3,3
24565,"two photon assisted",3,3
24566,"stimulated raman scattering",3,3
24567,"la 2-x ce",3,3
24568,"negative magnetoresistance mr",3,3
24569,"strongly reduces",2,3
24570,"ge substrates",2,3
24571,"ballistic behavior",2,3
24572,"gaas quantum hall effect",4,3
24573,"self assembled inas gaas quantum dots",6,3
24574,"length scale free",3,3
24575,"lennard jones liquid",3,3
24576,"pseudo spin dynamics",3,3
24577,"exponential relaxation time",3,3
24578,"heavy fermion superconductor cecoin5",4,3
24579,"homogeneous cooling",2,3
24580,"nematic liquid",2,3
24581,"structural instability",2,3
24582,"non local causality",3,3
24583,"intrinsic spin rotation",3,3
24584,"gapless phase space",3,3
24585,"repulsive coulomb",2,3
24586,"filled band hubbard model",4,3
24587,"exclusion statistics",2,3
24588,"optical lattice gases",3,3
24589,"polarized scanning tunneling spectroscopy",4,3
24590,"spin phonon induced",3,3
24591,"scattering processes dominate",3,3
24592,"renormalization group theoretical analysis",4,3
24593,"dephasing time resolved",3,3
24594,"single particle green function",4,3
24595,"external magnetic field strength",4,3
24596,"abrikosov vortex lattice",3,3
24597,"weakly interacting electrons",3,3
24598,"sc phase transition",3,3
24599,"approximate analytical solution",3,3
24600,"remanent magnetization",2,3
24601,"osmotic pressure",2,3
24602,"acoustic phonon",2,3
24603,"harris criterion",2,3
24604,"characteristic polynomial ring",3,3
24605,"relative merits",2,3
24606,"positive sectional",2,3
24607,"self similar markov",3,3
24608,"ample line bundles",3,3
24609,"knot concordance",2,3
24610,"hankel matrices",2,3
24611,"minimal surfaces immersed",3,3
24612,"complex reflection group",3,3
24613,"topological conjugacy",2,3
24614,"prime factorization",2,3
24615,"min sum over",3,3
24616,"dinger operator",2,3
24617,"skew symmetric spaces",3,3
24618,"proper holomorphic mappings",3,3
24619,"base locus",2,3
24620,"almost complex cobordism",3,3
24621,"special fiber",2,3
24622,"sharp lower bounds",3,3
24623,"false discovery rate",3,3
24624,"cw complex",2,3
24625,"grothendieck riemann roch",3,3
24626,"scattering transform",2,3
24627,"binary quadratic forms",3,3
24628,"pseudo holomorphic",2,3
24629,"topological classification theorem",3,3
24630,"affine hecke",2,3
24631,"factorial designs",2,3
24632,"block toeplitz matrix",3,3
24633,"rational blow down",3,3
24634,"combinatorial interpretations",2,3
24635,"non universal cover",3,3
24636,"residual entropy",2,3
24637,"delay differential",2,3
24638,"intersection graph",2,3
24639,"lefschetz property",2,3
24640,"lose energy",2,3
24641,"non unitary groups",3,3
24642,"complex projective plane",3,3
24643,"bayesian nonparametric",2,3
24644,"weighted projective spaces",3,3
24645,"inverse power series",3,3
24646,"combinatorial optimization problems",3,3
24647,"noncommutative tori",2,3
24648,"nonvanishing value",2,3
24649,"non archimedean fields",3,3
24650,"symmetrizable kac moody",3,3
24651,"l2 omega",2,3
24652,"stochastic pdes",2,3
24653,"hard decision problems",3,3
24654,"finite index alpha",3,3
24655,"block copolymers",2,3
24656,"adic modular",2,3
24657,"weighted sobolev spaces",3,3
24658,"invariant bilinear form",3,3
24659,"approaches zero divisors",3,3
24660,"first order autoregressive model",4,3
24661,"complex monge ampere equations",4,3
24662,"modular vector",2,3
24663,"two level densities",3,3
24664,"complex cobordism",2,3
24665,"free boundary value problem",4,3
24666,"drift vector fields",3,3
24667,"hahn polynomials",2,3
24668,"risk aversion",2,3
24669,"geometric mean square",3,3
24670,"cell containing",2,3
24671,"brauer manin obstruction",3,3
24672,"locally compact riemannian metric",4,3
24673,"uniform continuity",2,3
24674,"finite size distribution function",4,3
24675,"hyperplane section",2,3
24676,"leading logarithmic singularities",3,3
24677,"weighted sobolev inequalities",3,3
24678,"double quantum groups",3,3
24679,"isotropically distributed",2,3
24680,"local minimum distance",3,3
24681,"optical trap loading",3,3
24682,"four wave propagation",3,3
24683,"casimir entropy",2,3
24684,"kochen specker",2,3
24685,"imperfect channel",2,3
24686,"explicit formula describing",3,3
24687,"photonic crystal nanocavity",3,3
24688,"ingaas gaas quantum",3,3
24689,"massive particles moving",3,3
24690,"single particle creation",3,3
24691,"phase gate tunable",3,3
24692,"integer quantum groups",3,3
24693,"markovian master equation",3,3
24694,"pair correlation coefficients",3,3
24695,"metallic plates",2,3
24696,"two dimensional ising chain",4,3
24697,"polarization entangled",2,3
24698,"quantum brachistochrone problem",3,3
24699,"semidefinite program",2,3
24700,"logarithmic divergences",2,3
24701,"vector boson mass",3,3
24702,"cold dark matter cdm model",5,3
24703,"numi beam line",3,3
24704,"perturbative qcd factorization",3,3
24705,"heavy flavour physics",3,3
24706,"large tan beta gamma",4,3
24707,"kl pi pi0 nu nubar",5,3
24708,"phase matching condition",3,3
24709,"long baseline neutrino mass hierarchy",5,3
24710,"scattering off shell",3,3
24711,"c.m energy",2,3
24712,"first kk modes",3,3
24713,"flavour production cross section",4,3
24714,"gluon resummation",2,3
24715,"strongly constrains",2,3
24716,"kaon semileptonic decay",3,3
24717,"kl3 decays",2,3
24718,"vacuum energy loss",3,3
24719,"binding model independent",3,3
24720,"pseudo newtonian",2,3
24721,"neutrino sector",2,3
24722,"color dipole formalism",3,3
24723,"lepton flavour",2,3
24724,"catalyzed big bang nucleosynthesis",4,3
24725,"semi inclusive charged",3,3
24726,"charmed meson",2,3
24727,"littlest higgs mechanism",3,3
24728,"non strange quark matter",4,3
24729,"non thermal leptogenesis",3,3
24730,"angular distribution amplitudes",3,3
24731,"boson mean",2,3
24732,"non negative pressure",3,3
24733,"neutrino mixing matrix elements",4,3
24734,"minimal subtraction scheme",3,3
24735,"light cone qcd",3,3
24736,"electroweak chiral lagrangian",3,3
24737,"perturbative qcd factorization formalism",4,3
24738,"squark mixing",2,3
24739,"quark gluon plasmas",3,3
24740,"rh neutrinos",2,3
24741,"supersymmetric particle physics",3,3
24742,"surface tension coefficient",3,3
24743,"million bbbar events",3,3
24744,"cabibbo kobayashi maskawa ckm",4,3
24745,"heavy ion collision rate",4,3
24746,"tri bimaximal mixing matrix",4,3
24747,"axial symmetry restoration",3,3
24748,"cabibbo kobayashi maskawa matrix element",5,3
24749,"single electron proton scattering",4,3
24750,"quasi elastic scattering",3,3
24751,"meson mixing parameters",3,3
24752,"coherence time dependent",3,3
24753,"heavy majorana neutrinos",3,3
24754,"kaluza klein kk excitations",4,3
24755,"partial branching fraction",3,3
24756,"pion decay channels",3,3
24757,"le gev",2,3
24758,"deeply virtual",2,3
24759,"sivers function",2,3
24760,"mixing phenomena",2,3
24761,"multipole decomposition",2,3
24762,"time dependent cp violation",4,3
24763,"color suppressed",2,3
24764,"d0 bar b0",3,3
24765,"ideas concerning",2,3
24766,"static quark confinement",3,3
24767,"gtrsim gev",2,3
24768,"non linear combinations",3,3
24769,"axial charge",2,3
24770,"ginsparg wilson quarks",3,3
24771,"component bose einstein condensates",4,3
24772,"lorenz model",2,3
24773,"evans function",2,3
24774,"complete integrability conditions",3,3
24775,"clustering amplitude",2,3
24776,"elementary cellular automaton",3,3
24777,"injection mechanism",2,3
24778,"positive lyapunov exponent",3,3
24779,"smooth transition rates",3,3
24780,"degenerate elliptic equations",3,3
24781,"langlands correspondence",2,3
24782,"half integral weight",3,3
24783,"electron positron collider",3,3
24784,"hopf bifurcations",2,3
24785,"electron phonon frequency",3,3
24786,"liquid crystal structures",3,3
24787,"relativistic heavy ion reactions",4,3
24788,"quantum mechanical treatment",3,3
24789,"high q2 gev2",3,3
24790,"fusion cross sections",3,3
24791,"incoming wave functions",3,3
24792,"nucleon numbers",2,3
24793,"new generation rate",3,3
24794,"distorted wave impulse",3,3
24795,"giant dipole resonances",3,3
24796,"two photon plus",3,3
24797,"heavier nuclei",2,3
24798,"isovector pairing correlations",3,3
24799,"momentum distributions gpds",3,3
24800,"four quark sector",3,3
24801,"chemical equilibration",2,3
24802,"pure coulomb",2,3
24803,"nucleon forces",2,3
24804,"realistic estimation",2,3
24805,"low energy loss",3,3
24806,"electric current technology",3,3
24807,"ricci curvature singularities",3,3
24808,"continuous time varying",3,3
24809,"stagnation point",2,3
24810,"electron hole pair",3,3
24811,"sparsely connected",2,3
24812,"multivariate regression",2,3
24813,"long time evolution equations",4,3
24814,"radiative decay channels",3,3
24815,"pixel sensors",2,3
24816,"airy function",2,3
24817,"well collimated",2,3
24818,"resistor network",2,3
24819,"enhanced transmission through subwavelength",4,3
24820,"record high temperature",3,3
24821,"test particle identification",3,3
24822,"technological networks",2,3
24823,"intrinsic spin relaxation",3,3
24824,"electric dipole moments",3,3
24825,"electron proton antiproton",3,3
24826,"vibrationally excited states",3,3
24827,"alkaline earth",2,3
24828,"satellite missions",2,3
24829,"polymer concentration",2,3
24830,"coarse grained description",3,3
24831,"geometric optics approximation",3,3
24832,"intense laser pulses",3,3
24833,"time delay line",3,3
24834,"high frequency domain",3,3
24835,"lowest energy density",3,3
24836,"temperatures below mev",3,3
24837,"layer perceptron",2,3
24838,"joint probability density",3,3
24839,"time scale factor",3,3
24840,"apparent failure",2,3
24841,"liquid hydrogen like",3,3
24842,"surface density waves",3,3
24843,"pi pulse",2,3
24844,"delayed emission",2,3
24845,"transfer squared",2,3
24846,"heavy ion beam",3,3
24847,"empirical scaling",2,3
24848,"gamma ray signals",3,3
24849,"strange quark pairs",3,3
24850,"heavy quark matter",3,3
24851,"prompt phase space",3,3
24852,"objects yso",2,3
24853,"semi linear functionals",3,3
24854,"self assembled quantum fluctuations",4,3
24855,"too big",2,3
24856,"first order pde",3,3
24857,"inflationary phase space",3,3
24858,"freely cooling",2,3
24859,"liquid nitrogen",2,3
24860,"conditional probability density",3,3
24861,"deeply inelastic processes",3,3
24862,"fermi level atom",3,3
24863,"geodesic deviation",2,3
24864,"bes iii",2,3
24865,"d0-d0bar mixing parameters",3,3
24866,"point source drain",3,3
24867,"intense star forming",3,3
24868,"transverse momentum conservation",3,3
24869,"experimental test functions",3,3
24870,"geometric phase shift",3,3
24871,"electron phonon induced",3,3
24872,"low density wave",3,3
24873,"isgur wise function",3,3
24874,"spin peierls",2,3
24875,"unidentified egret data",3,3
24876,"shastry sutherland",2,3
24877,"mode locking",2,3
24878,"genetic algorithm ga",3,3
24879,"tensile strength",2,3
24880,"sic substrate",2,3
24881,"output mimo system",3,3
24882,"heavily absorbed power law",4,3
24883,"glast era",2,3
24884,"primary particle production",3,3
24885,"calar alto observatory",3,3
24886,"migdal eliashberg theory",3,3
24887,"infinite dimensional electron",3,3
24888,"spin orbit splittings",3,3
24889,"like killing spinors",3,3
24890,"type iin",2,3
24891,"control logic",2,3
24892,"isolated spiral arms",3,3
24893,"phase coherence lengths",3,3
24894,"trapping potentials",2,3
24895,"phase rigidity",2,3
24896,"host galaxy catalogue",3,3
24897,"complete riemannian metric spaces",4,3
24898,"rashba spin orbit coupling strength",5,3
24899,"microwave cavity qed",3,3
24900,"fluctuation dissipation relation",3,3
24901,"insulating phase transition metal insulator",5,3
24902,"processes governing",2,3
24903,"parallax measurements",2,3
24904,"band gap opens",3,3
24905,"topcolor assisted",2,3
24906,"spintronics devices",2,3
24907,"spherical polar",2,3
24908,"toeplitz matrices",2,3
24909,"surface melting temperature",3,3
24910,"perturbative qcd pqcd predictions",4,3
24911,"insulating phase transitions",3,3
24912,"non linear dilaton",3,3
24913,"complex reflection coefficient",3,3
24914,"galactic pne",2,3
24915,"random phase transition probability",4,3
24916,"driven mott transition",3,3
24917,"2-x ce",2,3
24918,"extrasolar planet formation",3,3
24919,"open problem asks",3,3
24920,"complex projective line",3,3
24921,"saturation scale structure",3,3
24922,"cosmological hydrodynamic",2,3
24923,"pop iii stars",3,3
24924,"young stellar mass function",4,3
24925,"loop quantum computation",3,3
24926,"wave vector potentials",3,3
24927,"vortex pinning centers",3,3
24928,"giant dipole",2,3
24929,"network coding strategies",3,3
24930,"heuristic algorithm runs",3,3
24931,"non cooperative transmission",3,3
24932,"informationally complete",2,3
24933,"tomonaga luttinger liquids",3,3
24934,"hydrogen molecule",2,3
24935,"supergiant fast",2,3
24936,"particle production cross sections",4,3
24937,"non interacting via",3,3
24938,"point qcp",2,3
24939,"hydrostatic pressure dependence",3,3
24940,"positively charged exciton",3,3
24941,"weak mixing induced",3,3
24942,"cabibbo kobayashi maskawa matrix",4,3
24943,"back scattering amplitude",3,3
24944,"light element abundance",3,3
24945,"coronal explorer trace",3,3
24946,"single photon loss",3,3
24947,"linear optical lattices",3,3
24948,"ly alpha emission line",4,3
24949,"ultra high degree",3,3
24950,"narrow band filters",3,3
24951,"sloan digital sky survey covers",5,3
24952,"renormalization factors",2,3
24953,"filled landau levels",3,3
24954,"joint probability distribution function",4,3
24955,"echelle spectrographs",2,3
24956,"post agb star",3,3
24957,"sixth painleve vi",3,3
24958,"spatially periodic modulation",3,3
24959,"sio maser",2,3
24960,"under pressure anisotropy",3,3
24961,"atoll sources",2,3
24962,"multi quark masses",3,3
24963,"near infrared camera irc",4,3
24964,"gromov hyperbolic",2,3
24965,"three dimensional hubbard model",4,3
24966,"eddington ratios",2,3
24967,"intrinsic dispersion",2,3
24968,"metallic phase coherence",3,3
24969,"quantum electrodynamic",2,3
24970,"photon arrival time",3,3
24971,"reduced density matrix elements",4,3
24972,"gravitational instability threshold",3,3
24973,"exchange coupling constant",3,3
24974,"confining phase transition",3,3
24975,"earth sized",2,3
24976,"star formation theories",3,3
24977,"rapid deceleration",2,3
24978,"itinerant electron transport",3,3
24979,"bulk viscosity solution",3,3
24980,"complex monge amp ere equations",5,3
24981,"formation rates sfr",3,3
24982,"energy density omegam",3,3
24983,"1d ising",2,3
24984,"radio emission line",3,3
24985,"pattern formation process",3,3
24986,"carrying orbital angular momentum",4,3
24987,"protected qubits",2,3
24988,"fractional brownian",2,3
24989,"gravitational instabilities",2,3
24990,"distant supernovae",2,3
24991,"large nc gauge theory",4,3
24992,"body perturbation theory",3,3
24993,"gould belt",2,3
24994,"xxz spin chains",3,3
24995,"ir fixed",2,3
24996,"interacting brownian motions",3,3
24997,"pentaquark state",2,3
24998,"direct sum rule",3,3
24999,"magnetic cataclysmic",2,3
25000,"spin hs",2,3
25001,"lensed quasar",2,3
25002,"inas gaas quantum dots",4,3
25003,"semiconductor technology",2,3
25004,"sub lattice",2,3
25005,"two dimensional conductor",3,3
25006,"chemical gradients",2,3
25007,"br bs",2,3
25008,"equivariant homotopy type",3,3
25009,"adjoint operators",2,3
25010,"embedded planet",2,3
25011,"arithmetic geometric properties",3,3
25012,"orbital angular",2,3
25013,"inter band structure",3,3
25014,"h2o maser lines",3,3
25015,"rho meson masses",3,3
25016,"massive black hole masses",4,3
25017,"bose condensed",2,3
25018,"plateau de",2,3
25019,"loop correction term",3,3
25020,"gravitational settling",2,3
25021,"integer lattice paths",3,3
25022,"dyonic black hole",3,3
25023,"broken power",2,3
25024,"north ecliptic pole",3,3
25025,"chern simons theory",3,3
25026,"magnetically ordered phases",3,3
25027,"interstellar bands",2,3
25028,"westerbork synthesis radio frequency",4,3
25029,"main reaction",2,3
25030,"coalescence rates",2,3
25031,"carrier envelope phase",3,3
25032,"two dimensional reduction technique",4,3
25033,"plasmon decay",2,3
25034,"backward stochastic differential",3,3
25035,"finite dimensional hilbert spaces",4,3
25036,"repr esentations",2,3
25037,"sign matrices",2,3
25038,"spin dependent hopping",3,3
25039,"fractional brownian motions",3,3
25040,"million bbbar pairs recorded",4,3
25041,"relativistic heavy ion collider rhic",5,3
25042,"qma complete",2,3
25043,"hydrogen balmer",2,3
25044,"star hd 209458b",3,3
25045,"peak flux variations",3,3
25046,"weakly interacting galaxy",3,3
25047,"circuit board",2,3
25048,"standard model sm prediction",4,3
25049,"external magnetic field theories",4,3
25050,"shear viscosity parameter",3,3
25051,"induced cp violating",3,3
25052,"standard model sm like",4,3
25053,"trellis coded",2,3
25054,"chargino neutralino production cross section",5,3
25055,"characteristic zero temperature",3,3
25056,"net magnetic",2,3
25057,"dephasing rate dot",3,3
25058,"stellar surface photometry",3,3
25059,"globular cluster center",3,3
25060,"totally real space",3,3
25061,"lateral diffusion",2,3
25062,"high resolution echelle",3,3
25063,"clear sign",2,3
25064,"self energy gaps",3,3
25065,"alpha line profiles",3,3
25066,"crystalline silicate",2,3
25067,"radiative cooling flow",3,3
25068,"expanding fireball model",3,3
25069,"twisted conjugacy",2,3
25070,"non degenerated",2,3
25071,"finite temperatures below",3,3
25072,"absolute galois extension",3,3
25073,"semi analytical predictions",3,3
25074,"photo emission",2,3
25075,"brown dwarf candidate members",4,3
25076,"galaxy assembly history",3,3
25077,"international ultraviolet explorer",3,3
25078,"two dimensional ising spin glasses",5,3
25079,"photon fluxes",2,3
25080,"universal extra dimensions",3,3
25081,"faint end up",3,3
25082,"cell signaling pathways",3,3
25083,"3.6m telescope",2,3
25084,"web pages",2,3
25085,"emitting diode",2,3
25086,"non accreting",2,3
25087,"disordered metals",2,3
25088,"intuitionistic logic",2,3
25089,"nous montrons",2,3
25090,"loff phase",2,3
25091,"information storage capacity",3,3
25092,"band colours",2,3
25093,"ultra compact dwarf galaxies",4,3
25094,"strong pah",2,3
25095,"long tailed distributions",3,3
25096,"dark matter halo bias",4,3
25097,"open quantum monte carlo calculations",5,3
25098,"cataclysmic variable cv",3,3
25099,"particles moving frame",3,3
25100,"sdss main sequence",3,3
25101,"de sitter black hole entropy",5,3
25102,"qualitatively explains",2,3
25103,"highest redshifts",2,3
25104,"qso absorption line",3,3
25105,"cold dark matter substructure",4,3
25106,"symmetry breaking ewsb",3,3
25107,"stochastic heat equation",3,3
25108,"high energy resolutions",3,3
25109,"contention window",2,3
25110,"non intersecting d6-branes",3,3
25111,"number density matrices",3,3
25112,"abel plana formula",3,3
25113,"narrow window",2,3
25114,"suppressed tree level",3,3
25115,"decreasing temperature dependence",3,3
25116,"small perturbations around",3,3
25117,"strange quark gluon",3,3
25118,"two noncommuting observables",3,3
25119,"neutrino magnetic field",3,3
25120,"nuclei agns",2,3
25121,"density matrix ensembles",3,3
25122,"dynamical semigroup",2,3
25123,"ii1 factor",2,3
25124,"triangular lattice geometries",3,3
25125,"hexagonal lattice sites",3,3
25126,"genus zero gromov witten theory",5,3
25127,"pseudo nambu goldstone bosons",4,3
25128,"chapman enskog expansion",3,3
25129,"co molecules adsorbed",3,3
25130,"heat conducting",2,3
25131,"perfect crystal structure",3,3
25132,"representation theoretic approach",3,3
25133,"fraction bf",2,3
25134,"stellar surface brightness distributions",4,3
25135,"silicate absorption lines",3,3
25136,"charged lepton pairs",3,3
25137,"absolute branching fraction",3,3
25138,"baryonic components",2,3
25139,"nonlinear elliptic functions",3,3
25140,"borel subgroups",2,3
25141,"light scattering length",3,3
25142,"ovi absorption line",3,3
25143,"oscillation frequency dependence",3,3
25144,"cp odd observables",3,3
25145,"vector manifestation",2,3
25146,"peaked around",2,3
25147,"powered pulsars",2,3
25148,"absolute calibration factor",3,3
25149,"data reduction pipeline",3,3
25150,"goldberger wise",2,3
25151,"incomplete information criterion",3,3
25152,"universal deformation quantization",3,3
25153,"isotropic nematic phases",3,3
25154,"sagittarius dwarf galaxies",3,3
25155,"kahler geometries",2,3
25156,"entanglement production",2,3
25157,"ib supernova sn",3,3
25158,"error floor",2,3
25159,"perfect secrecy capacity",3,3
25160,"armchair graphene",2,3
25161,"chaotic advection",2,3
25162,"solar surface convection zone",4,3
25163,"phase gate array",3,3
25164,"dust opacity",2,3
25165,"dirac oscillator",2,3
25166,"reverse bias voltage",3,3
25167,"strong covalent bonding",3,3
25168,"sub exponential decay",3,3
25169,"diffusive superconductor sns junctions",4,3
25170,"de la pr",3,3
25171,"type ii vi",3,3
25172,"flux threading",2,3
25173,"master integrals",2,3
25174,"sdb stars",2,3
25175,"solar flare occurred",3,3
25176,"near infrared laser guide star",5,3
25177,"semi analytic methods",3,3
25178,"infalling gas",2,3
25179,"weak lensing surveys like",4,3
25180,"multi loop integrals",3,3
25181,"overdoped region",2,3
25182,"compact calabi yau threefolds",4,3
25183,"ultra thin films",3,3
25184,"cosmic microwave background cmb polarization",5,3
25185,"fraction expansion",2,3
25186,"wind termination shock",3,3
25187,"maxwell chern simons theory",4,3
25188,"folding pathways",2,3
25189,"electron doped graphene",3,3
25190,"eccentric orbit around",3,3
25191,"stellar mass ejection",3,3
25192,"second harmonic analysis",3,3
25193,"low energy density functional theory",5,3
25194,"simplicial categories",2,3
25195,"extended clifford algebras",3,3
25196,"abelian group theoretical",3,3
25197,"matrix product expansion",3,3
25198,"landau pole",2,3
25199,"equivariant cohomology classes",3,3
25200,"verification phase",2,3
25201,"mock catalogs",2,3
25202,"standard solar neutrinos",3,3
25203,"decoherence free electron",3,3
25204,"young massive star cluster ngc",5,3
25205,"pumped charge pumping through",4,3
25206,"probability distribution amplitudes",3,3
25207,"halo mass distributions",3,3
25208,"posterior probability",2,3
25209,"non linearities",2,3
25210,"bead spring model",3,3
25211,"ballistic transport measurements",3,3
25212,"static quark",2,3
25213,"rotational symmetry breaking",3,3
25214,"self compton",2,3
25215,"naked singularity formation",3,3
25216,"interval edge coloring",3,3
25217,"half duplex relay channel",4,3
25218,"supergiant phase",2,3
25219,"magnetic induction",2,3
25220,"fading channel realization",3,3
25221,"mass segregation",2,3
25222,"dynamical mean field theories",4,3
25223,"violation lfv processes",3,3
25224,"highly collimated jets",3,3
25225,"blue compact dwarfs",3,3
25226,"nordic optical spectra",3,3
25227,"multi epoch vlbi observations",4,3
25228,"dependent dielectric",2,3
25229,"phonon mediated",2,3
25230,"trapped bose einstein condensate bec",5,3
25231,"minimum light curves",3,3
25232,"upsilon 1s 2s",3,3
25233,"inclusive electron storage ring",4,3
25234,"la ca mno",3,3
25235,"expansion velocities below",3,3
25236,"source coding techniques",3,3
25237,"wave vector field",3,3
25238,"impedance boundary condition",3,3
25239,"piezoelectric response function",3,3
25240,"primordial power spectra",3,3
25241,"binding hamiltonian",2,3
25242,"ample line bundles over",4,3
25243,"group velocity field",3,3
25244,"transiting exoplanets",2,3
25245,"intrinsic spin polarization",3,3
25246,"high velocity anisotropy",3,3
25247,"planar semiconductor quantum",3,3
25248,"vafa invariants",2,3
25249,"alg ebrique",2,3
25250,"small scale free path length",5,3
25251,"driven mott insulator",3,3
25252,"tauri star forming regions",4,3
25253,"homogeneous boltzmann equation",3,3
25254,"local unitary transformation",3,3
25255,"energy density functional theory dft calculations",6,3
25256,"robertson walker spacetimes",3,3
25257,"astrodynamical space missions",3,3
25258,"gauge variant",2,3
25259,"cs atoms confined",3,3
25260,"cluster omega",2,3
25261,"intergalactic space",2,3
25262,"next nearest",2,3
25263,"interlayer coupling",2,3
25264,"camera irac",2,3
25265,"lss data",2,3
25266,"microwave anisotropy probe",3,3
25267,"stellar mass splitting",3,3
25268,"dark matter halo shape",4,3
25269,"brane configuration space",3,3
25270,"poor halo",2,3
25271,"direct cp",2,3
25272,"rho0 mesons",2,3
25273,"two dimensional electron hole",4,3
25274,"rational homology 3-spheres",3,3
25275,"hipparcos parallax",2,3
25276,"non thermal instability",3,3
25277,"contact binary",2,3
25278,"cat state",2,3
25279,"absorption nh cm",3,3
25280,"pair production mechanisms",3,3
25281,"kondo regime",2,3
25282,"coulomb explosion",2,3
25283,"sterile neutrino oscillations",3,3
25284,"success probability distribution",3,3
25285,"dimensionless coupling constants",3,3
25286,"link layer",2,3
25287,"intriguing feature",2,3
25288,"graph theoretical models",3,3
25289,"manifestly lorentz invariant",3,3
25290,"spin bloch",2,3
25291,"spinal cord",2,3
25292,"self enrichment",2,3
25293,"cosmic vision",2,3
25294,"third generation quarks",3,3
25295,"main sequence fitting",3,3
25296,"annihilation cross section",3,3
25297,"sdss luminous red galaxies",4,3
25298,"kaehler einstein",2,3
25299,"hyperplane arrangement",2,3
25300,"bar lambda cal",3,3
25301,"twisted conjugacy classes",3,3
25302,"dispersion laws",2,3
25303,"universal gaugino",2,3
25304,"trilinear soft supersymmetry breaking",4,3
25305,"vector meson mixing",3,3
25306,"momentum pt gev",3,3
25307,"parton distribution function",3,3
25308,"back gate",2,3
25309,"quasi isometries",2,3
25310,"bernstein type inequalities",3,3
25311,"cooled atoms",2,3
25312,"ray sources brighter",3,3
25313,"domain wall cosmology correspondence",4,3
25314,"full kinematic range",3,3
25315,"achievable region",2,3
25316,"pnjl model",2,3
25317,"hot gas giant",3,3
25318,"singly charged",2,3
25319,"tunneling currents",2,3
25320,"polarized muon",2,3
25321,"accelerated expansion rate",3,3
25322,"low energy density functional",4,3
25323,"massive ellipticals",2,3
25324,"strong disorder strength",3,3
25325,"broad absorption spectroscopy",3,3
25326,"dunn solar system",3,3
25327,"exact analytic continuation",3,3
25328,"self similar conclusion",3,3
25329,"pseudo goldstone boson",3,3
25330,"delta rho omega",3,3
25331,"evolving dark energy",3,3
25332,"polarization buildup",2,3
25333,"complete riemannian",2,3
25334,"energy density gradients",3,3
25335,"block copolymer melts",3,3
25336,"wilsonian renormalization group rg",4,3
25337,"pump beam splitter",3,3
25338,"small percentage",2,3
25339,"evolving dark matter",3,3
25340,"si iv doublet",3,3
25341,"hypernuclear production",2,3
25342,"global optima",2,3
25343,"massless scalar tensor",3,3
25344,"causal structure resembles",3,3
25345,"incompressible fluid motions",3,3
25346,"self trapping potential",3,3
25347,"single molecule fluorescence microscopy",4,3
25348,"rigid band",2,3
25349,"non adiabatic limit",3,3
25350,"transmit power constraint",3,3
25351,"non cooperative game theoretic approach",5,3
25352,"relaxation time scales",3,3
25353,"transferred momenta",2,3
25354,"exponent alpha particles",3,3
25355,"k0s pi",2,3
25356,"million psi",2,3
25357,"cool dense",2,3
25358,"electromechanical coupling",2,3
25359,"monotonic behaviour",2,3
25360,"piecewise continuous variable",3,3
25361,"diffusive superconductor ferromagnet",3,3
25362,"planar semiconductor",2,3
25363,"non unitary limit",3,3
25364,"open circuit",2,3
25365,"orbifold fixed point",3,3
25366,"seed black hole",3,3
25367,"ep collider lhc",3,3
25368,"weak disorder induced",3,3
25369,"magnitude below mk",3,3
25370,"anderson insulator transition metal",4,3
25371,"minimum mean value",3,3
25372,"multiple antennas",2,3
25373,"mid infrared interferometry",3,3
25374,"ray pulsars",2,3
25375,"oblivious transfer protocol",3,3
25376,"fourier mukai",2,3
25377,"3d gross pitaevskii",3,3
25378,"rotating bose einstein condensates",4,3
25379,"interference device squid",3,3
25380,"time scale free",3,3
25381,"machines svms",2,3
25382,"mean free energies",3,3
25383,"trivial topology",2,3
25384,"pion exchange interactions",3,3
25385,"constant sectional curvatures",3,3
25386,"dbi inflation",2,3
25387,"silicon dioxide",2,3
25388,"desorption rate",2,3
25389,"charge pumping",2,3
25390,"hole doping dependence",3,3
25391,"dense molecular cloud core",4,3
25392,"local cohomology groups",3,3
25393,"conductivity shc",2,3
25394,"hanle effect",2,3
25395,"homogeneous electric charge",3,3
25396,"graph theoretic characterization",3,3
25397,"outerplanar graphs",2,3
25398,"photospheric absorption spectroscopy",3,3
25399,"variable cosmological observations",3,3
25400,"neutrinoless double exchange",3,3
25401,"magneto optical kerr effect",4,3
25402,"perturbative series expansions",3,3
25403,"well constrained minimal supersymmetric",4,3
25404,"cluster gc",2,3
25405,"electric charge transport",3,3
25406,"negatively charged particle",3,3
25407,"surface detector response",3,3
25408,"diagonal correlations",2,3
25409,"spin lifetimes",2,3
25410,"1-x mn",2,3
25411,"order p6",2,3
25412,"big bear solar observatory",4,3
25413,"magnetic flux ratio",3,3
25414,"regular lattice qcd",3,3
25415,"structural distortions",2,3
25416,"direct numerical simulations dns",4,3
25417,"molecular cloud core",3,3
25418,"leptonic mixing",2,3
25419,"two dimensional schwarzschild",3,3
25420,"field redefinition",2,3
25421,"sliding motion thereby",3,3
25422,"accretion disc like",3,3
25423,"asymptotic equivalence relation",3,3
25424,"scalar nonet",2,3
25425,"andreev reflection symmetry",3,3
25426,"forward scattering angles",3,3
25427,"vector unparticle couplings",3,3
25428,"face centered cubic",3,3
25429,"integrated intensities",2,3
25430,"tunnelling spectroscopy",2,3
25431,"schelling model",2,3
25432,"topological soliton solutions",3,3
25433,"density rhoc",2,3
25434,"channel realization",2,3
25435,"deuterium burning limit",3,3
25436,"meson self",2,3
25437,"archival vla observations",3,3
25438,"moderately high resolution",3,3
25439,"strichartz estimates",2,3
25440,"ultracold atoms confined",3,3
25441,"near uv bright",3,3
25442,"contraction semigroups generated",3,3
25443,"planar parallel kinematic solutions",4,3
25444,"3-rpr planar parallel kinematic solutions",5,3
25445,"planar parallel manipulator",3,3
25446,"monge amp",2,3
25447,"gapped spin liquid",3,3
25448,"tidally locked",2,3
25449,"multiple pomeron exchange",3,3
25450,"ia supernovae sne",3,3
25451,"dim isolated neutron star",4,3
25452,"nodal curves",2,3
25453,"sfermion masses",2,3
25454,"hausdorff distance",2,3
25455,"central singularity",2,3
25456,"affine toda field theories",4,3
25457,"network lifetime",2,3
25458,"non adiabatic approximation",3,3
25459,"ca sr ba",3,3
25460,"spin blockade regime",3,3
25461,"pi mp decays",3,3
25462,"penrose inequality",2,3
25463,"counting arguments",2,3
25464,"scanning tunnelling spectroscopy",3,3
25465,"existing upper limit",3,3
25466,"symbol error rate",3,3
25467,"lasinio njl model",3,3
25468,"vertically stacked",2,3
25469,"highly nonlinear optical",3,3
25470,"orbital frequencies",2,3
25471,"cancellation conditions",2,3
25472,"shorter wavelength",2,3
25473,"helium burning regime",3,3
25474,"la pr ca mno",4,3
25475,"bbbar events",2,3
25476,"doubly connected",2,3
25477,"real analytic formulae",3,3
25478,"mean square displacement msd",4,3
25479,"prescribed kinetostatic",2,3
25480,"young healthy adults",3,3
25481,"grid cells",2,3
25482,"continuous time step",3,3
25483,"fairly large scale",3,3
25484,"gauss hypergeometric functions",3,3
25485,"radiatively induced chern simons like",5,3
25486,"eddington rate",2,3
25487,"stellar population synthesis models",4,3
25488,"parabolic subgroup",2,3
25489,"parallel kinematic solutions",3,3
25490,"randall sundrum braneworld",3,3
25491,"concentric shells",2,3
25492,"short time varying",3,3
25493,"landau damping parameter",3,3
25494,"magnetic charges",2,3
25495,"torus knots",2,3
25496,"proto planetary",2,3
25497,"existing upper bounds",3,3
25498,"high spatial dimensions",3,3
25499,"right handed majorana",3,3
25500,"flavour production",2,3
25501,"rotation induces",2,3
25502,"sle kappa",2,3
25503,"observatory ligo",2,3
25504,"prime importance",2,3
25505,"quasar environments",2,3
25506,"non thermal emission",3,3
25507,"ray counterpart",2,3
25508,"parameter space exploration",3,3
25509,"non rotating neutron stars",4,3
25510,"anomaly free energy",3,3
25511,"soft collinear effective mass",4,3
25512,"sharp threshold region",3,3
25513,"nonlinear optical kerr nonlinearity",4,3
25514,"joint decoding",2,3
25515,"damped ly",2,3
25516,"teichm uller space",3,3
25517,"nucleus scattering angles",3,3
25518,"deformed euclidean",2,3
25519,"face centered",2,3
25520,"absorption cross sections",3,3
25521,"overwhelming majority",2,3
25522,"baryon asymmetry parameter",3,3
25523,"slightly lower bound",3,3
25524,"dimensional mhd",2,3
25525,"eur phys rev",3,3
25526,"finite bias voltage",3,3
25527,"pi pi0 nu tau",4,3
25528,"scale qs",2,3
25529,"infrared surveyor fis",3,3
25530,"excess emission lines",3,3
25531,"dipole interaction strength",3,3
25532,"interpolating field",2,3
25533,"optical parametric amplification",3,3
25534,"local realistic case",3,3
25535,"path integral field theory",4,3
25536,"fermi energy levels",3,3
25537,"ordered phase separated",3,3
25538,"linear polarization signals",3,3
25539,"timing explorer rxte data",4,3
25540,"formula unit ball",3,3
25541,"broad band colours",3,3
25542,"complete riemannian manifolds",3,3
25543,"line bisector",2,3
25544,"transiting hot jupiter",3,3
25545,"flip transitions",2,3
25546,"interstellar medium icm",3,3
25547,"quantum interference patterns",3,3
25548,"inflationary epoch",2,3
25549,"inner disk corona",3,3
25550,"brownian motor",2,3
25551,"convex cone",2,3
25552,"ejections cmes",2,3
25553,"interacting binaries",2,3
25554,"puiseux series",2,3
25555,"rough paths",2,3
25556,"hypergraph regularity lemma",3,3
25557,"fermi dirac point",3,3
25558,"non abelian statistics",3,3
25559,"orthogonal projection",2,3
25560,"anisotropic cosmological perturbations",3,3
25561,"background cxb",2,3
25562,"preserving homeomorphisms",2,3
25563,"white hole",2,3
25564,"thin shell model",3,3
25565,"low redshift range",3,3
25566,"pseudo newtonian potential",3,3
25567,"lambda tev scale",3,3
25568,"cabibbo favored",2,3
25569,"semiconducting single electron",3,3
25570,"input multiple access channel",4,3
25571,"asymptotically euclidean space",3,3
25572,"complete graph theory",3,3
25573,"exclusive process pp",3,3
25574,"becomes highly",2,3
25575,"consistent born approximation",3,3
25576,"flavor domain wall",3,3
25577,"nonequilibrium physics",2,3
25578,"onsager machlup",2,3
25579,"oscillatory integrals",2,3
25580,"topological charge distribution",3,3
25581,"negligible fraction",2,3
25582,"vacuum energy density rho",4,3
25583,"twisted alexander",2,3
25584,"hall fluid",2,3
25585,"photon index gamma ray emission",5,3
25586,"minor merger",2,3
25587,"spectroscopic observations indicate",3,3
25588,"parabolic geometries",2,3
25589,"solvable lie algebras",3,3
25590,"color flavor locked quark",4,3
25591,"non zero drift",3,3
25592,"einstein gauss",2,3
25593,"parsec scales",2,3
25594,"long time step",3,3
25595,"secure communications",2,3
25596,"hawking page phase space",4,3
25597,"white gaussian noise intensity",4,3
25598,"affine kac moody algebras",4,3
25599,"ligand binding",2,3
25600,"michelson doppler imager",3,3
25601,"solar observatory soho mdi",4,3
25602,"spin echo",2,3
25603,"multi strange",2,3
25604,"simple genetic algorithm",3,3
25605,"redshift distribution function",3,3
25606,"mixed phase transitions",3,3
25607,"textit ab initio calculations",4,3
25608,"market participants",2,3
25609,"coherent control problem",3,3
25610,"first chern character",3,3
25611,"preliminary numerical simulations",3,3
25612,"doubly magic nuclei",3,3
25613,"space telescope glast large area",5,3
25614,"bethe salpeter equations",3,3
25615,"spin foam models",3,3
25616,"magnetic flux tube",3,3
25617,"complex refractive index",3,3
25618,"exponent phi",2,3
25619,"peak elements",2,3
25620,"multi layer",2,3
25621,"discrete fourier transforms",3,3
25622,"transcendental functions",2,3
25623,"south west direction",3,3
25624,"monotonic behavior",2,3
25625,"spin projection onto",3,3
25626,"axial symmetry axis",3,3
25627,"eme de la",3,3
25628,"left behind",2,3
25629,"qualitative arguments",2,3
25630,"arcminute resolution",2,3
25631,"compact hii regions",3,3
25632,"pseudo scalar tensor",3,3
25633,"length scale invariance",3,3
25634,"discrete laplace transform",3,3
25635,"slater determinants",2,3
25636,"observatories origins deep survey",4,3
25637,"higher dimensional hilbert space",4,3
25638,"strong gravitational potential",3,3
25639,"heavy quark gluon propagator",4,3
25640,"sequential decision making",3,3
25641,"crystallite size",2,3
25642,"effective temperature ranges",3,3
25643,"non relativistic corrections",3,3
25644,"inviscid fluid",2,3
25645,"superconducting loops",2,3
25646,"tau lepton flavor violating processes",5,3
25647,"overlap dirac fermions",3,3
25648,"hybrid monte carlo algorithm",4,3
25649,"ray eclipse",2,3
25650,"orbital cycles",2,3
25651,"effective hamiltonian constraint",3,3
25652,"non redundant",2,3
25653,"chirally invariant",2,3
25654,"pseudo differential geometry",3,3
25655,"schwinger keldysh",2,3
25656,"screw dislocation",2,3
25657,"digital sky",2,3
25658,"loss history",2,3
25659,"gravitational anomalies",2,3
25660,"single layer thickness",3,3
25661,"group velocities",2,3
25662,"abundance profiles",2,3
25663,"unitarized chiral",2,3
25664,"body centered",2,3
25665,"escape speed",2,3
25666,"total energy budget",3,3
25667,"partonic matter",2,3
25668,"ring like event",3,3
25669,"statistically isotropic",2,3
25670,"boson mass range",3,3
25671,"massive scalar field theory",4,3
25672,"power law decay rate",4,3
25673,"kinematical distributions",2,3
25674,"kl pi nu",3,3
25675,"few kpc",2,3
25676,"order nnlo",2,3
25677,"rational conformal field theories",4,3
25678,"strongly modulated",2,3
25679,"non abelian higgs",3,3
25680,"orbital angular momentum space",4,3
25681,"quantum anharmonic",2,3
25682,"repulsive interaction strength",3,3
25683,"power law index alpha",4,3
25684,"total number conservation",3,3
25685,"extra coordinate",2,3
25686,"non equilibrium points",3,3
25687,"psi production cross section",4,3
25688,"magneto optical trap",3,3
25689,"bose fermi mixtures",3,3
25690,"keplerian accretion disc",3,3
25691,"scalar meson production",3,3
25692,"consistent born",2,3
25693,"massive black holes",3,3
25694,"dust layer",2,3
25695,"axial vector potential",3,3
25696,"atomic hydrogen like",3,3
25697,"london penetration depth lambda",4,3
25698,"linearly polarized laser pulses",4,3
25699,"narrow band hubbard model",4,3
25700,"supersymmetry breaking pattern",3,3
25701,"rho spectral function",3,3
25702,"low frequency bands",3,3
25703,"star forming region centered",4,3
25704,"sub shot noise",3,3
25705,"strongly interacting electrons",3,3
25706,"charged black hole thermodynamics",4,3
25707,"point contact interaction",3,3
25708,"cyclic modules",2,3
25709,"flux conservation laws",3,3
25710,"ordered trees",2,3
25711,"wave propagation speed",3,3
25712,"angular power law",3,3
25713,"einstein maxwell dilaton",3,3
25714,"phase boundary conditions",3,3
25715,"bright hii regions",3,3
25716,"continuum extrapolation",2,3
25717,"chow rings",2,3
25718,"kdv hierarchy",2,3
25719,"deformed special case",3,3
25720,"coded modulation schemes",3,3
25721,"cumulative distribution functions",3,3
25722,"eigenvalue counting",2,3
25723,"rotational velocity dispersion",3,3
25724,"coherent population trapping",3,3
25725,"non demolition measurement",3,3
25726,"stronger magnetic",2,3
25727,"self similar markov process",4,3
25728,"black hole pairs",3,3
25729,"lowest weight representations",3,3
25730,"low reynolds",2,3
25731,"surface pockets",2,3
25732,"reasonable conditions",2,3
25733,"down conversion efficiency",3,3
25734,"slow relaxation processes",3,3
25735,"short exposures",2,3
25736,"alkali halide",2,3
25737,"angle resolved photoemission spectroscopy arpes measurements",6,3
25738,"pulsar axp",2,3
25739,"meson spectroscopy",2,3
25740,"long time convolutionless",3,3
25741,"hera ii",2,3
25742,"blow ups",2,3
25743,"planar graph drawing",3,3
25744,"spin waves propagating",3,3
25745,"peaked bl lac",3,3
25746,"thermal conductivities",2,3
25747,"delta gammas",2,3
25748,"random access",2,3
25749,"convex hypersurfaces",2,3
25750,"extremal black",2,3
25751,"light emitting diode",3,3
25752,"minimal supersymmetric standard model sm",5,3
25753,"times10 erg",2,3
25754,"atiyah singer index",3,3
25755,"atomic gas phase",3,3
25756,"su nc limit",3,3
25757,"electric current voltage",3,3
25758,"resonance peak dip",3,3
25759,"expansion coefficient beta",3,3
25760,"late type ia supernova",4,3
25761,"baumslag solitar groups",3,3
25762,"weyl dirac",2,3
25763,"skew symmetric torsion",3,3
25764,"orbit closures",2,3
25765,"plane couette flow",3,3
25766,"non negative eigenvalues",3,3
25767,"caltech submillimeter observatory",3,3
25768,"periodic box ball",3,3
25769,"neutralino annihilation cross section",4,3
25770,"qualitatively reproduced",2,3
25771,"number conserving",2,3
25772,"domain wall fermion",3,3
25773,"archival hst wfpc2",3,3
25774,"short duration gamma ray emission",5,3
25775,"zeeman energy density",3,3
25776,"random vector potential",3,3
25777,"phase resolved photoemission",3,3
25778,"galaxies lie",2,3
25779,"coleman de luccia",3,3
25780,"low density wave function",4,3
25781,"ionised gas kinematics",3,3
25782,"rotation measures",2,3
25783,"perseus arm",2,3
25784,"positively curved",2,3
25785,"flag curvature",2,3
25786,"spontaneous breakdown",2,3
25787,"parabolic potential applications",3,3
25788,"dans le",2,3
25789,"perseus cluster",2,3
25790,"tidal friction",2,3
25791,"planets around young stars",4,3
25792,"annihilation products",2,3
25793,"cdw state",2,3
25794,"day orbit",2,3
25795,"sufficient conditions ensuring",3,3
25796,"linking numbers",2,3
25797,"lya emitters laes",3,3
25798,"cmv matrices",2,3
25799,"cone distribution amplitudes",3,3
25800,"polytropic index",2,3
25801,"keller segel model",3,3
25802,"hopping amplitudes",2,3
25803,"eg electrons",2,3
25804,"gravitational field lines",3,3
25805,"first chern simons term",4,3
25806,"vector meson baryon",3,3
25807,"periodic potential barrier",3,3
25808,"hi absorption against",3,3
25809,"protons accelerated particles",3,3
25810,"hot gas flows",3,3
25811,"radiative correction",2,3
25812,"hubble constant h0",3,3
25813,"third order correction",3,3
25814,"star rx j1856.5-3754",3,3
25815,"smooth enough",2,3
25816,"cabibbo angle",2,3
25817,"principal quantum mechanics",3,3
25818,"violent relaxation",2,3
25819,"high velocity fluctuations",3,3
25820,"fundamental mode frequencies",3,3
25821,"yang baxter equations",3,3
25822,"tilted magnetic fields",3,3
25823,"integer programming",2,3
25824,"transverse momentum distribution functions",4,3
25825,"parameter alpha particles",3,3
25826,"non thermal relic",3,3
25827,"space time intervals",3,3
25828,"first hochschild cohomology ring",4,3
25829,"cavity assisted",2,3
25830,"down converted",2,3
25831,"lie superalgebras",2,3
25832,"nonlinear optical lattice",3,3
25833,"average kinetic energy density",4,3
25834,"heavy baryon asymmetry",3,3
25835,"coefficient beta function",3,3
25836,"hard scattering amplitudes",3,3
25837,"galaxy clusters spanning",3,3
25838,"orientifold plane",2,3
25839,"handed majorana",2,3
25840,"cuspidal representations",2,3
25841,"functional modules over",3,3
25842,"avoiding walk",2,3
25843,"warm dust component",3,3
25844,"discrete nonlinear schr odinger equation",5,3
25845,"inclusive electron proton",3,3
25846,"nucleus scattering processes",3,3
25847,"floer homology class",3,3
25848,"substellar companions",2,3
25849,"counting mode",2,3
25850,"zeeman splittings",2,3
25851,"magnetic tunnel",2,3
25852,"almost hermitian manifolds",3,3
25853,"non linear schr odinger",4,3
25854,"first exit",2,3
25855,"complete riemannian geometry",3,3
25856,"flavor nambu jona lasinio",4,3
25857,"extended press schechter",3,3
25858,"comoving mpc",2,3
25859,"diffuse gamma ray emission",4,3
25860,"significant gain",2,3
25861,"low q2 gev",3,3
25862,"linear filters",2,3
25863,"order ode",2,3
25864,"local density wave superconductor",4,3
25865,"late time scales",3,3
25866,"boson production rate",3,3
25867,"wave observatories",2,3
25868,"scalar curvature perturbation",3,3
25869,"two loop spaces",3,3
25870,"sized grains",2,3
25871,"decay exponentially small",3,3
25872,"tri bimaximal neutrino mixing angles",5,3
25873,"hopf bifurcation points",3,3
25874,"energy stereoscopic",2,3
25875,"supersymmetric yang mills plasma",4,3
25876,"effect iqhe",2,3
25877,"semiconductor quantum dot qd",4,3
25878,"half flat space",3,3
25879,"fitness landscapes",2,3
25880,"boltzmann gibbs",2,3
25881,"alphas mz2",2,3
25882,"two terminal wealth",3,3
25883,"heavy quark gluon distributions",4,3
25884,"hierarchical galaxy clusters",3,3
25885,"enumerative combinatorics",2,3
25886,"tev gamma ray spectrum",4,3
25887,"ultraviolet background",2,3
25888,"sparse random variables",3,3
25889,"extinction maps",2,3
25890,"asymptotically free energy",3,3
25891,"energy portion",2,3
25892,"plane wave propagation",3,3
25893,"ga 1-x mn",3,3
25894,"hard core repulsion",3,3
25895,"clouds mcs",2,3
25896,"trace preserving",2,3
25897,"black hole production cross section",5,3
25898,"nonlinear stage",2,3
25899,"xxx heisenberg algebra",3,3
25900,"similarity search algorithm",3,3
25901,"late thermal pulse",3,3
25902,"molecular hydrogen molecule",3,3
25903,"inflationary phase transition",3,3
25904,"dry mergers",2,3
25905,"nanotube quantum",2,3
25906,"spectroscopic observations suggest",3,3
25907,"time dependent gross pitaevskii equation",5,3
25908,"term recursion relations",3,3
25909,"enhanced raman",2,3
25910,"few tenths",2,3
25911,"susy qcd corrections",3,3
25912,"vhe gamma ray flux",4,3
25913,"high frequency peaked bl lac object",6,3
25914,"accretion induced",2,3
25915,"bose einstein condensate bec limit",5,3
25916,"spontaneous polarization entanglement generation",4,3
25917,"baryon chemical potential",3,3
25918,"imaginary time evolution",3,3
25919,"ergs cm2",2,3
25920,"metallicity distribution function",3,3
25921,"starburst galaxy m82",3,3
25922,"thue morse",2,3
25923,"runge lenz vector",3,3
25924,"numerical codes",2,3
25925,"funnel region",2,3
25926,"entangled state discrimination",3,3
25927,"dense molecular cloud cores",4,3
25928,"frobenius manifolds",2,3
25929,"cold dark matter power spectrum",5,3
25930,"visible sector",2,3
25931,"go back",2,3
25932,"upsilon 4s bbbar events",4,3
25933,"feynman diagram",2,3
25934,"ad hoc network topology",4,3
25935,"larkin ovchinnikov",2,3
25936,"directed percolation universality class",4,3
25937,"local rigidity result",3,3
25938,"four wave mixing induced",4,3
25939,"spin dependent parton",3,3
25940,"string dualities",2,3
25941,"bcs bec side",3,3
25942,"topological string topology",3,3
25943,"ray emitting regions",3,3
25944,"anisotropic exchange interactions",3,3
25945,"velocity clouds",2,3
25946,"similar markov chain",3,3
25947,"binary ls",2,3
25948,"high energy tail",3,3
25949,"glass forming liquids",3,3
25950,"bes ii",2,3
25951,"rigid band structure",3,3
25952,"whole real space",3,3
25953,"xy wave functions",3,3
25954,"effective hamiltonian formulation",3,3
25955,"proton rich",2,3
25956,"log returns",2,3
25957,"quantum groupoids",2,3
25958,"ehrenfest time",2,3
25959,"molecular cloud complex",3,3
25960,"rho meson dominance",3,3
25961,"resonance line profiles",3,3
25962,"holes smbhs",2,3
25963,"correlation functionals",2,3
25964,"group finder",2,3
25965,"raman adiabatic",2,3
25966,"lynden bell states",3,3
25967,"stars having",2,3
25968,"pairing correlation functions",3,3
25969,"rich agb",2,3
25970,"orbifold fixed",2,3
25971,"four point correlation functions",4,3
25972,"large binocular telescope",3,3
25973,"massive black",2,3
25974,"graph theoretic framework",3,3
25975,"explicit formula expressing",3,3
25976,"edge coloring problem",3,3
25977,"negative differential equation",3,3
25978,"compatibility conditions",2,3
25979,"stripe order parameter",3,3
25980,"two dimensional hilbert schmidt",4,3
25981,"ray flux ratios",3,3
25982,"integrated luminosity function",3,3
25983,"limiting distribution function",3,3
25984,"electric dipole matrix elements",4,3
25985,"short time domain",3,3
25986,"proto globular",2,3
25987,"photon virtuality q2 gev2",4,3
25988,"resolved kerr",2,3
25989,"wiedemann franz law",3,3
25990,"complex valued function",3,3
25991,"ultra cold atoms confined",4,3
25992,"dominant mode frequencies",3,3
25993,"isaac newton telescope",3,3
25994,"geometrically thin accretion disk",4,3
25995,"correct asymptotic behavior",3,3
25996,"twin prime number",3,3
25997,"holomorphic poisson structure",3,3
25998,"highly polarized radiation",3,3
25999,"attosecond pulse",2,3
26000,"strict upper",2,3
26001,"non linear drives",3,3
26002,"retinoblastoma protein rb",3,3
26003,"red giant elliptical galaxies",4,3
26004,"holographic noise",2,3
26005,"near uv continuum",3,3
26006,"red blood",2,3
26007,"coronal explorer",2,3
26008,"gluon amplitude",2,3
26009,"planck mass hierarchy problem",4,3
26010,"trigger system size",3,3
26011,"radiative decay rate",3,3
26012,"fractional diffusion monte carlo",4,3
26013,"induced decoherence rate",3,3
26014,"division rings",2,3
26015,"locally uniformly continuous",3,3
26016,"thermalization time evolution",3,3
26017,"stable circular",2,3
26018,"defect modes",2,3
26019,"affine toric surfaces",3,3
26020,"ion collider",2,3
26021,"magnetized plasmas",2,3
26022,"low energy deposition",3,3
26023,"chaotic attractor",2,3
26024,"massless dirac operator",3,3
26025,"numerical calculations suggest",3,3
26026,"interacting binary",2,3
26027,"james webb",2,3
26028,"axisymmetric mhd simulations",3,3
26029,"young massive star cluster",4,3
26030,"ligand binding model",3,3
26031,"cameron martin",2,3
26032,"virtuality q2 gev",3,3
26033,"diffractive deep inelastic scattering",4,3
26034,"charge exchange interactions",3,3
26035,"bose einstein radius",3,3
26036,"depth lambda",2,3
26037,"slepton mass function",3,3
26038,"underground muon",2,3
26039,"near uv optical",3,3
26040,"fallback disk",2,3
26041,"sparse networks",2,3
26042,"iwahori hecke algebras",3,3
26043,"direct sum rules",3,3
26044,"dipole picture",2,3
26045,"vortex line defects",3,3
26046,"pygmy dipole",2,3
26047,"countably infinite number",3,3
26048,"magnitude mv mag",3,3
26049,"free falling",2,3
26050,"string tachyons",2,3
26051,"over bbb",2,3
26052,"quenching parameter",2,3
26053,"single electron doped",3,3
26054,"quasi geostrophic",2,3
26055,"elementary particles moving",3,3
26056,"non thermal bremsstrahlung",3,3
26057,"light shining through",3,3
26058,"lowest landau levels",3,3
26059,"coulomb blockade peaks",3,3
26060,"metal poor halo",3,3
26061,"walker spacetimes",2,3
26062,"unbound states",2,3
26063,"gas inflows",2,3
26064,"charm sector",2,3
26065,"magnetically active regions",3,3
26066,"walled carbon atoms",3,3
26067,"compact hausdorff spaces",3,3
26068,"resonant tunneling rate",3,3
26069,"hydrogen balmer lines",3,3
26070,"extreme mass distribution",3,3
26071,"pyrolytic graphite",2,3
26072,"drug delivery",2,3
26073,"computational power series",3,3
26074,"massive vector bosons",3,3
26075,"strong gravitational lens",3,3
26076,"domain wall propagation",3,3
26077,"gas inflow",2,3
26078,"gamma convergence rate",3,3
26079,"perturbatively improved",2,3
26080,"disordered initial",2,3
26081,"fermions mediated",2,3
26082,"dynamical supersymmetry breaking vacua",4,3
26083,"active nucleus agn",3,3
26084,"non equilibrium thermodynamics",3,3
26085,"uhe cosmic rays uhecr",4,3
26086,"star formation timescales",3,3
26087,"nernst effect",2,3
26088,"schubert classes",2,3
26089,"high temperature expansions",3,3
26090,"chiral constituent",2,3
26091,"type ia supernova sn ejecta",5,3
26092,"tomography ct images",3,3
26093,"non relativistic mean field",4,3
26094,"dwarf spheroidal",2,3
26095,"bss population",2,3
26096,"non thermal pressure",3,3
26097,"around young stellar winds",4,3
26098,"elliptic flow v2 pt",4,3
26099,"moderately high temperature",3,3
26100,"type ib supernova sn",4,3
26101,"radial velocity curve",3,3
26102,"gyr old stellar",3,3
26103,"lightest higgs boson mass",4,3
26104,"single file",2,3
26105,"minimal flavour violation mfv",4,3
26106,"averaged star",2,3
26107,"quasisymmetric functions",2,3
26108,"random phase transition occurs",4,3
26109,"eighth order",2,3
26110,"relativistic hartree fock",3,3
26111,"triggering mechanism",2,3
26112,"non equilibrium situations",3,3
26113,"compact oriented riemannian manifold",4,3
26114,"diffuse interstellar bands",3,3
26115,"neutral current deep",3,3
26116,"large q2 gev2",3,3
26117,"two classes modulo",3,3
26118,"two loop quantum numbers",4,3
26119,"rotating neutron star formation",4,3
26120,"well ordered state",3,3
26121,"geomagnetic field",2,3
26122,"superfluid density wave",3,3
26123,"least two photon",3,3
26124,"left right invariant",3,3
26125,"boson production cross sections",4,3
26126,"fir luminosity ratio",3,3
26127,"low eddington",2,3
26128,"large tan",2,3
26129,"quasiparticle peak",2,3
26130,"stanford linear accelerator center",4,3
26131,"optically thin disk",3,3
26132,"dwell time delay",3,3
26133,"fano resonance",2,3
26134,"three year wilkinson microwave anisotropy probe",6,3
26135,"processes dominate",2,3
26136,"shower monte carlo programs",4,3
26137,"leptonic decay rate",3,3
26138,"opening new physics",3,3
26139,"protostellar discs",2,3
26140,"color flavor locked",3,3
26141,"micro raman scattering",3,3
26142,"qcd factorization properties",3,3
26143,"nuclear spin orbit interaction",4,3
26144,"quark matter wave",3,3
26145,"single particle duality",3,3
26146,"optical monitor",2,3
26147,"underdoped cuprate",2,3
26148,"short ranged interactions",3,3
26149,"cloud cover",2,3
26150,"lightest kk",2,3
26151,"real singlet scalar field",4,3
26152,"four quark pairs",3,3
26153,"cram er",2,3
26154,"daughter nuclei",2,3
26155,"selection biases",2,3
26156,"suppression pattern",2,3
26157,"poland scheraga",2,3
26158,"stranded dna denaturation",3,3
26159,"quantum brownian",2,3
26160,"template bank",2,3
26161,"binary black holes",3,3
26162,"active galactic nuclei agn jets",5,3
26163,"vector magnetograms",2,3
26164,"energy vhe",2,3
26165,"cuprate la 2-x sr",4,3
26166,"exclusive semileptonic decays",3,3
26167,"almost twice",2,3
26168,"rotating black hole spacetimes",4,3
26169,"spherical shell structure",3,3
26170,"momentum maps",2,3
26171,"sixteen supercharges",2,3
26172,"ising spin network",3,3
26173,"extended clifford group",3,3
26174,"preserving diffeomorphisms",2,3
26175,"charged rotating black hole spacetimes",5,3
26176,"loosely speaking",2,3
26177,"energy loss mechanisms",3,3
26178,"linear optical devices",3,3
26179,"number density matrix renormalization group",5,3
26180,"telescope jcmt",2,3
26181,"colloidal glass",2,3
26182,"midi instrument",2,3
26183,"phase matched",2,3
26184,"old open cluster",3,3
26185,"zener tunneling",2,3
26186,"film microstructure",2,3
26187,"asymptotic expansion coefficient",3,3
26188,"gravitationally lensed quasar",3,3
26189,"stereographic projection",2,3
26190,"second half integer",3,3
26191,"binary system size",3,3
26192,"transit light curves",3,3
26193,"semiclassical calculations",2,3
26194,"large number density fluctuations",4,3
26195,"molecules per",2,3
26196,"drop off",2,3
26197,"micron flux density",3,3
26198,"incoming wave",2,3
26199,"gravitational lensing events",3,3
26200,"non linear precoding",3,3
26201,"interferometric gravitational wave",3,3
26202,"free electron microscopy",3,3
26203,"particle lsp",2,3
26204,"extinction map",2,3
26205,"super massive star",3,3
26206,"concave density",2,3
26207,"hartree fock bogoliubov hfb",4,3
26208,"low mass accretion disks",4,3
26209,"resource management systems",3,3
26210,"protein synthesis",2,3
26211,"detailed numerical investigation",3,3
26212,"spherical harmonic analysis",3,3
26213,"ordinary differential operators",3,3
26214,"spin-1 xxz model",3,3
26215,"stationary phase transitions",3,3
26216,"mott insulating behavior",3,3
26217,"cosmic string network",3,3
26218,"conceptually new physics",3,3
26219,"heavily obscured",2,3
26220,"southern african",2,3
26221,"full heusler",2,3
26222,"short wavelength limit",3,3
26223,"dilute atomic gas",3,3
26224,"crystal structure factor",3,3
26225,"noisy feedback",2,3
26226,"fermilab tevatron collider lhc",4,3
26227,"blood cells",2,3
26228,"massless minimally coupled",3,3
26229,"circumburst medium cbm",3,3
26230,"neutrino mixing parameters",3,3
26231,"interferometric data",2,3
26232,"acyclic cluster algebras",3,3
26233,"triggered star formation process",4,3
26234,"3-rpr planar parallel kinematic",4,3
26235,"thin disk like",3,3
26236,"probability density profile",3,3
26237,"regge behavior",2,3
26238,"isi channels",2,3
26239,"linear boltzmann equation",3,3
26240,"curvature tensor vanishes",3,3
26241,"differential graded lie algebra",4,3
26242,"angular sizes",2,3
26243,"dimensional 1d hubbard model",4,3
26244,"fluorescence detection rate",3,3
26245,"planetary camera irac",3,3
26246,"almost complete intersection",3,3
26247,"composition operator",2,3
26248,"coordinate rings",2,3
26249,"maser line",2,3
26250,"gaugino mass",2,3
26251,"web site",2,3
26252,"flavour singlet",2,3
26253,"entanglement cost",2,3
26254,"confidential information",2,3
26255,"gaussian broadcast channels",3,3
26256,"quantum hall conductivity",3,3
26257,"dwarf irregular",2,3
26258,"finite volume modulus",3,3
26259,"inclusive charged hadrons",3,3
26260,"matter waves propagating through",4,3
26261,"dilute bose gas",3,3
26262,"fokker planck scale",3,3
26263,"hermitian random matrices",3,3
26264,"projective schemes",2,3
26265,"multi blob",2,3
26266,"lattice qcd sum rules",4,3
26267,"physical reasons",2,3
26268,"non commuting observables",3,3
26269,"upper critical line",3,3
26270,"mixed hodge conjecture",3,3
26271,"percolation phenomena",2,3
26272,"protons accelerated electrons",3,3
26273,"weak maass",2,3
26274,"analytical criterion",2,3
26275,"singular value decomposition svd",4,3
26276,"particle hole masses",3,3
26277,"protostellar objects ysos",3,3
26278,"narrow iron",2,3
26279,"single electron transistors",3,3
26280,"law inflation",2,3
26281,"velocity distribution function",3,3
26282,"parametric downconversion",2,3
26283,"inverted neutrino interactions",3,3
26284,"surface density rho",3,3
26285,"coupling constant lambda qcd",4,3
26286,"simplified description",2,3
26287,"non stationary axisymmetric",3,3
26288,"magellan clay",2,3
26289,"messenger sector",2,3
26290,"faint end slope alpha",4,3
26291,"oxygen vacancy",2,3
26292,"circular velocities",2,3
26293,"high snr regime",3,3
26294,"feedback control theory",3,3
26295,"photon propagator",2,3
26296,"dust emission line",3,3
26297,"co rotational transitions",3,3
26298,"left handed material",3,3
26299,"active medium icm",3,3
26300,"first principles calculations indicate",4,3
26301,"community detection",2,3
26302,"genus two components",3,3
26303,"quantum critical behaviour",3,3
26304,"series expansion coefficient",3,3
26305,"velocity shifts",2,3
26306,"under pressure equilibrium",3,3
26307,"gauge mediated",2,3
26308,"ultra cold dark matter",4,3
26309,"yba2cu3o delta",2,3
26310,"static dielectric function",3,3
26311,"energy density functionals",3,3
26312,"ghost propagator",2,3
26313,"landau gauge fixing",3,3
26314,"entanglement sudden death esd",4,3
26315,"hard spectator",2,3
26316,"front wavefunctions",2,3
26317,"al arxiv physics",3,3
26318,"dark matter power spectra",4,3
26319,"ion cyclotron frequency range",4,3
26320,"dense gas kinematics",3,3
26321,"underdoped la 2-x",3,3
26322,"field strength distributions",3,3
26323,"prescribed kinetostatic performances",3,3
26324,"mesoscopic superconducting state",3,3
26325,"numerical calculations indicate",3,3
26326,"bright enough",2,3
26327,"scale invariance violation",3,3
26328,"monte carlo simulations indicate",4,3
26329,"cygni profiles",2,3
26330,"archival spitzer irac",3,3
26331,"quenched disorder averaged",3,3
26332,"lorentz covariance",2,3
26333,"monge amp ere equation",4,3
26334,"singly charged particles",3,3
26335,"thin wall",2,3
26336,"tev band",2,3
26337,"excess emission line",3,3
26338,"kaehler geometry",2,3
26339,"resummed cross section",3,3
26340,"heat transport through",3,3
26341,"xmm newton deep field",4,3
26342,"running coupling regime",3,3
26343,"circle actions",2,3
26344,"fermionic atoms confined",3,3
26345,"interfacial energy",2,3
26346,"optically selected samples",3,3
26347,"printed circuit board",3,3
26348,"big bang nucleosynthesis calculations",4,3
26349,"ads black hole thermodynamics",4,3
26350,"unification scale structure",3,3
26351,"geometrically frustrated magnets",3,3
26352,"schwarzschild black hole solutions",4,3
26353,"standard big bang nucleosynthesis",4,3
26354,"coxeter system",2,3
26355,"turbulent eddies",2,3
26356,"generalized pauli principle",3,3
26357,"first few orders",3,3
26358,"connes conjecture",2,3
26359,"gauge boson mass difference",4,3
26360,"database management",2,3
26361,"lte radiative transfer code",4,3
26362,"two dimensional magnetohydrodynamic simulations",4,3
26363,"high velocity dependent",3,3
26364,"interlayer coupling strength",3,3
26365,"spontaneous symmetry breaking vacua",4,3
26366,"blackbody emission",2,3
26367,"dimensional conductor",2,3
26368,"continuous time averaged",3,3
26369,"detector hxd",2,3
26370,"large polaron formation",3,3
26371,"aharonov bohm flux",3,3
26372,"equivariant homotopy",2,3
26373,"witt equation",2,3
26374,"diffuse emission lines",3,3
26375,"non interacting agents",3,3
26376,"moderate temperatures",2,3
26377,"magnitudes brighter",2,3
26378,"infrared fir",2,3
26379,"sigma model independent",3,3
26380,"streaming motions",2,3
26381,"right handed quarks",3,3
26382,"large extra dimension",3,3
26383,"imbalanced fermi",2,3
26384,"sagittarius dwarf galaxy",3,3
26385,"partially resolved",2,3
26386,"scalar unparticle",2,3
26387,"sea water",2,3
26388,"high temperature varies",3,3
26389,"whole real",2,3
26390,"partite entanglement measure",3,3
26391,"endohedral atoms",2,3
26392,"enclosed mass distribution",3,3
26393,"basic ingredient",2,3
26394,"semi leptonic decays",3,3
26395,"non commuting variables",3,3
26396,"2d euler",2,3
26397,"atomic layers",2,3
26398,"spin rotation periods",3,3
26399,"ray diffraction xrd",3,3
26400,"polynomial time dependent",3,3
26401,"normal ordered",2,3
26402,"kaon pairs",2,3
26403,"real scalar field equations",4,3
26404,"gapless phase transitions",3,3
26405,"chandrasekhar limit",2,3
26406,"queue length",2,3
26407,"swimming velocity",2,3
26408,"outer envelope",2,3
26409,"zariski open subset",3,3
26410,"supernova remnant snr rx",4,3
26411,"itinerant electron systems",3,3
26412,"total energy minimizing",3,3
26413,"dwarf spheroidal galaxy clusters",4,3
26414,"orbital cycle",2,3
26415,"defect concentration",2,3
26416,"gaas quantum wells qws",4,3
26417,"incompressible euler equations",3,3
26418,"evolutionary calculations",2,3
26419,"clumpy structure",2,3
26420,"flat bands",2,3
26421,"passage time evolution",3,3
26422,"angle averaged",2,3
26423,"minimum spanning",2,3
26424,"mild hypotheses",2,3
26425,"off diagonal components",3,3
26426,"impedance boundary conditions",3,3
26427,"chemical reaction networks",3,3
26428,"spectropolarimetric measurements",2,3
26429,"radiated away",2,3
26430,"alkali metal atoms",3,3
26431,"evaporating black holes",3,3
26432,"bond mean",2,3
26433,"goldstone modes",2,3
26434,"galactic nuclei agn",3,3
26435,"open xxz spin chain",4,3
26436,"protein folding kinetics",3,3
26437,"proto neutron stars",3,3
26438,"strongly constrained",2,3
26439,"mean field configurations",3,3
26440,"incident light scattering",3,3
26441,"potts models",2,3
26442,"causal dynamical",2,3
26443,"optical parametric downconversion",3,3
26444,"structural complexity",2,3
26445,"cusp anomalous dimensions",3,3
26446,"weight function interpolants",3,3
26447,"unification schemes",2,3
26448,"light scattering amplitudes",3,3
26449,"charged scalars",2,3
26450,"photon assisted",2,3
26451,"densely sampled",2,3
26452,"5-m telescope",2,3
26453,"sdss ugriz photometry",3,3
26454,"logarithmic sobolev inequalities",3,3
26455,"abelian berry",2,3
26456,"down quark matter",3,3
26457,"leading order nnlo",3,3
26458,"group velocity dispersions",3,3
26459,"implied volatility",2,3
26460,"3-dof translational parallel kinematic",4,3
26461,"dense molecular dynamics md simulations",5,3
26462,"nearby seyfert galaxy ngc",4,3
26463,"diagram cmd",2,3
26464,"single star clusters",3,3
26465,"pseudo riemannian manifold",3,3
26466,"number density wave function",4,3
26467,"time elapsed",2,3
26468,"modified bessel function",3,3
26469,"deeply virtual compton scattering dvcs",5,3
26470,"loud quasar",2,3
26471,"kagome antiferromagnet",2,3
26472,"fermion masses below",3,3
26473,"nano electromechanical systems",3,3
26474,"transmission through subwavelength holes",4,3
26475,"weak agn",2,3
26476,"hopf bifurcation point",3,3
26477,"ppbar collider",2,3
26478,"left right chiral",3,3
26479,"lemaitre tolman bondi",3,3
26480,"massive enough",2,3
26481,"classical mismatched",2,3
26482,"schwinger mechanism",2,3
26483,"kappa deformed free",3,3
26484,"cvn stars",2,3
26485,"quark matter fields",3,3
26486,"multi parameter family",3,3
26487,"temperature te",2,3
26488,"empirical calibrations",2,3
26489,"auroral lines",2,3
26490,"renormalisation group theoretical",3,3
26491,"riemann liouville fractional derivative",4,3
26492,"free energy conservation",3,3
26493,"virtual photon pairs",3,3
26494,"slightly extended version",3,3
26495,"rapid expansion",2,3
26496,"gaussian unitary matrices",3,3
26497,"higher spin down",3,3
26498,"metric perturbation theory",3,3
26499,"focal plane instruments",3,3
26500,"stellar surface layers",3,3
26501,"dimensional photonic crystals",3,3
26502,"vortex pairs",2,3
26503,"parameter theta functions",3,3
26504,"two dimensionless ratio",3,3
26505,"underlying asset",2,3
26506,"type ia supernovae snia",4,3
26507,"random telegraph noise",3,3
26508,"quantized enveloping",2,3
26509,"rouse model",2,3
26510,"ice sheet",2,3
26511,"fibonacci sequence",2,3
26512,"semisimple lie algebra",3,3
26513,"non perturbatively improved",3,3
26514,"casimir force microscopy",3,3
26515,"easily verifiable",2,3
26516,"closed timelike",2,3
26517,"uv optical depth",3,3
26518,"commuting killing vectors",3,3
26519,"frequency domain walls",3,3
26520,"planck scale invariance",3,3
26521,"doublet bands",2,3
26522,"system h.e s.s observations",4,3
26523,"diffraction studies",2,3
26524,"sutherland type",2,3
26525,"scalar curvature singularities",3,3
26526,"moore read pfaffian",3,3
26527,"bs mixing matrix",3,3
26528,"exact exchange interaction",3,3
26529,"residually finite index",3,3
26530,"isw effect",2,3
26531,"radial null geodesics",3,3
26532,"handed quarks",2,3
26533,"semi algebraic geometry",3,3
26534,"dependent hartree fock approximation",4,3
26535,"board swift",2,3
26536,"positron source",2,3
26537,"electron proton fraction",3,3
26538,"charged black hole solutions",4,3
26539,"photo absorption",2,3
26540,"plancherel theorem",2,3
26541,"uv optical nir",3,3
26542,"galactic plane instruments",3,3
26543,"total cross section sigma model",5,3
26544,"two dimensional photonic crystals",4,3
26545,"alpha emitters",2,3
26546,"inelastic cotunneling",2,3
26547,"function binomial",2,3
26548,"texture zeros",2,3
26549,"super hubble",2,3
26550,"graded betti",2,3
26551,"single symbol ml decodable distributed",5,3
26552,"epsilon dimensions",2,3
26553,"three dimensional hydrodynamical simulations",4,3
26554,"rotating black hole thermodynamics",4,3
26555,"su yang",2,3
26556,"magnetoresistive manganites",2,3
26557,"spin pumping",2,3
26558,"hamiltonian constraint algebra",3,3
26559,"exit time",2,3
26560,"charged black",2,3
26561,"type ia supernova sn 2006x",5,3
26562,"parent body systems",3,3
26563,"hole pair",2,3
26564,"stationary axially symmetric spacetimes",4,3
26565,"process pp collisions",3,3
26566,"single photon counting",3,3
26567,"epidemic threshold",2,3
26568,"neighboring quantum",2,3
26569,"randomness fixed",2,3
26570,"spin polaron",2,3
26571,"many body systems containing",4,3
26572,"metrewave radio frequency",3,3
26573,"core collapse supernova explosion mechanism",5,3
26574,"generalized fibonacci",2,3
26575,"kahler potentials",2,3
26576,"secondary particles emitted",3,3
26577,"jordan brans dicke theory",4,3
26578,"phonon scattering processes",3,3
26579,"rotationally invariant under",3,3
26580,"quasi stationary state",3,3
26581,"oscillator chains",2,3
26582,"mode squeezed light",3,3
26583,"lid driven",2,3
26584,"vortex free energy",3,3
26585,"reflecting boundary conditions",3,3
26586,"conformally covariant",2,3
26587,"fast rotator",2,3
26588,"leading logarithmic dependence",3,3
26589,"two dimensional minkowski vacuum",4,3
26590,"oxygen rich ejecta",3,3
26591,"rapidly spinning",2,3
26592,"oxygen rich material",3,3
26593,"spin relaxation processes",3,3
26594,"ultrarelativistic heavy quarks",3,3
26595,"instruments like",2,3
26596,"wind nebula pn",3,3
26597,"under pressure dependence",3,3
26598,"jet driving",2,3
26599,"vacuum gap",2,3
26600,"transitional disks",2,3
26601,"optimal control strategies",3,3
26602,"non uniformity",2,3
26603,"positioning system",2,3
26604,"induced fission fragments",3,3
26605,"exceptionally high",2,3
26606,"quantum wells qws",3,3
26607,"cole hopf",2,3
26608,"highly obscured agn",3,3
26609,"magnetospheric accretion flows",3,3
26610,"rv variations",2,3
26611,"phase shift parameter",3,3
26612,"violating phase",2,3
26613,"unimodal maps",2,3
26614,"epitaxial graphene layers",3,3
26615,"automorphism group actions",3,3
26616,"charged pion condensation",3,3
26617,"dislocation lines",2,3
26618,"telescope sot",2,3
26619,"driving sources",2,3
26620,"extended hubbard models",3,3
26621,"triple quantum",2,3
26622,"horizontal magnetic",2,3
26623,"micro scale structure",3,3
26624,"hcn hnc",2,3
26625,"nuclear quadrupole moment",3,3
26626,"collective behaviour",2,3
26627,"discrete wavelet transform",3,3
26628,"bloch siegert shift",3,3
26629,"cyclic quotient singularities",3,3
26630,"space syntax",2,3
26631,"broad range correlations",3,3
26632,"bottom quark masses",3,3
26633,"dielectric susceptibility",2,3
26634,"relic gravitational waves",3,3
26635,"e8 heterotic string tachyon condensation",5,3
26636,"cross correlation length",3,3
26637,"free parameters involved",3,3
26638,"individual stocks traded",3,3
26639,"gauged linear sigma models",4,3
26640,"unconventional pairing interaction",3,3
26641,"record high energy",3,3
26642,"birth death process",3,3
26643,"birkhoff witt",2,3
26644,"adic valuation",2,3
26645,"witten invariant",2,3
26646,"fractal sets",2,3
26647,"hom lie algebra",3,3
26648,"free fall within",3,3
26649,"angle averaged spectrum",3,3
26650,"2df galaxy",2,3
26651,"spectro polarimeter",2,3
26652,"h.e s.s telescope",3,3
26653,"interacting galaxy interactions",3,3
26654,"terrestrial planet finder",3,3
26655,"soft gamma ray bursts grbs",5,3
26656,"forbidden emission line",3,3
26657,"term variability",2,3
26658,"thin film thickness",3,3
26659,"lepton flavour violation",3,3
26660,"lensing cross",2,3
26661,"kuramoto sivashinsky",2,3
26662,"first order autoregressive",3,3
26663,"net baryon",2,3
26664,"component dirac",2,3
26665,"virial mass distribution",3,3
26666,"ray emission line width",4,3
26667,"magnetic resonance imaging",3,3
26668,"his phd thesis",3,3
26669,"gene expression profiles",3,3
26670,"exponential decay constant",3,3
26671,"bethe roots",2,3
26672,"left invariant under",3,3
26673,"ferroelectric phase space",3,3
26674,"complex projective line bundle",4,3
26675,"dimensional electron hole",3,3
26676,"ongoing star formation",3,3
26677,"ghz h2o maser emission",4,3
26678,"existing radio frequency range",4,3
26679,"high quality photometry",3,3
26680,"wavelet sets",2,3
26681,"site percolation threshold",3,3
26682,"probable value",2,3
26683,"ray sources lie within",4,3
26684,"southern arizona",2,3
26685,"imaging air cherenkov telescopes",4,3
26686,"milne eddington",2,3
26687,"quantum anharmonic oscillator",3,3
26688,"over spec",2,3
26689,"finite coxeter group",3,3
26690,"halo mass range",3,3
26691,"generalized unitarity",2,3
26692,"gaussian noise ratio snr",4,3
26693,"numerical integration measure",3,3
26694,"telescope xrt",2,3
26695,"schroedinger functional",2,3
26696,"dzyaloshinskii moriya dm",3,3
26697,"confidence interval",2,3
26698,"ordered set partitions",3,3
26699,"strange duality",2,3
26700,"dynamical overlap dirac fermions",4,3
26701,"femtosecond laser pulses",3,3
26702,"direct detection rates",3,3
26703,"riemann roch theorem",3,3
26704,"ion traps",2,3
26705,"super critical current",3,3
26706,"wave feshbach resonances",3,3
26707,"kappa minkowski spacetime symmetries",4,3
26708,"supernova remnant rx",3,3
26709,"qcd factorization approach",3,3
26710,"kinematic regime",2,3
26711,"square displacement",2,3
26712,"net magnetic field",3,3
26713,"quasi circular orbits",3,3
26714,"three dimensional 1d",3,3
26715,"gamma ray observatories",3,3
26716,"ricci solitons",2,3
26717,"compact hausdorff dimension",3,3
26718,"independent identically distributed over",4,3
26719,"dimensional hydrodynamical model",3,3
26720,"strange quark chemical potential",4,3
26721,"deconfining phase transition region",4,3
26722,"exponential profile",2,3
26723,"electrically neutral",2,3
26724,"code cmfgen",2,3
26725,"web interface",2,3
26726,"ri mom",2,3
26727,"entire cluster",2,3
26728,"parity doublet model",3,3
26729,"few tev energies",3,3
26730,"simultaneously active region",3,3
26731,"optical lattice vibrations",3,3
26732,"resonance radius",2,3
26733,"sn rates",2,3
26734,"multifractal scaling properties",3,3
26735,"high energies below",3,3
26736,"laser pulse sequence",3,3
26737,"bound entangled states",3,3
26738,"hard exclusive reactions",3,3
26739,"set theoretic approach",3,3
26740,"gini coefficient",2,3
26741,"hausdorff dimensions",2,3
26742,"quark gluon fusion",3,3
26743,"weak gravitational collapse",3,3
26744,"light gravitino dark matter",4,3
26745,"su grand unification scale",4,3
26746,"yang mills higgs field theory",5,3
26747,"low density environments",3,3
26748,"penalized maximum likelihood estimator",4,3
26749,"magnetized vacuum",2,3
26750,"synchrotron peak flux",3,3
26751,"low temperature gradient",3,3
26752,"preprojective algebra",2,3
26753,"paramagnetic metal insulator",3,3
26754,"domain specific heat",3,3
26755,"photonic crystal fiber",3,3
26756,"pseudoscalar meson spectrum",3,3
26757,"total energy transfer",3,3
26758,"nls equation",2,3
26759,"non lte model atmosphere",4,3
26760,"rigid bodies",2,3
26761,"weyl dirac version",3,3
26762,"force experienced",2,3
26763,"hot bubbles",2,3
26764,"stopping time series",3,3
26765,"multi dimensional markovian",3,3
26766,"symmetric convex domain",3,3
26767,"robin boundary conditions",3,3
26768,"field programmable",2,3
26769,"conformal killing",2,3
26770,"polymer chain growth",3,3
26771,"viable alternative",2,3
26772,"di pion",2,3
26773,"ad hoc assumptions",3,3
26774,"end point like",3,3
26775,"cyclic quotient",2,3
26776,"supersymmetric standard model mssm",4,3
26777,"packet transmission through",3,3
26778,"gunn peterson",2,3
26779,"charged higgs doublet model",4,3
26780,"optical modules",2,3
26781,"gaas alas quantum wells",4,3
26782,"electric field gradients",3,3
26783,"proto neutron",2,3
26784,"free path integral field",4,3
26785,"nonlinear partial differential operators",4,3
26786,"unbiased estimators",2,3
26787,"li yau",2,3
26788,"scalar product expansion",3,3
26789,"cubically semi",2,3
26790,"tight binding model independent",4,3
26791,"short baseline neutrino oscillations",4,3
26792,"water cherenkov detector",3,3
26793,"polarized gowdy",2,3
26794,"length r0",2,3
26795,"third body systems",3,3
26796,"he shell",2,3
26797,"non ergodic theory",3,3
26798,"period spacing",2,3
26799,"kinetic energy content",3,3
26800,"epitaxial graphene",2,3
26801,"reductive lie algebra",3,3
26802,"timelike vector field theory",4,3
26803,"dimensional photonic",2,3
26804,"lang conjecture",2,3
26805,"dzyaloshinskii moriya interaction",3,3
26806,"intrinsic dispersion relation",3,3
26807,"peak positions",2,3
26808,"pinning potential",2,3
26809,"multicanonical simulations indicate",3,3
26810,"alternating current voltage",3,3
26811,"polarization anisotropies",2,3
26812,"graded lie group",3,3
26813,"time reversal invariance",3,3
26814,"delta correlated electrons",3,3
26815,"lightest supersymmetric particle lsp",4,3
26816,"plausible gravitational radiation",3,3
26817,"atom thick",2,2
26818,"two photon number resolving",4,2
26819,"indefinite metric",2,2
26820,"mode squeezed vacuum state",4,2
26821,"gene duplication",2,2
26822,"wigner transformation",2,2
26823,"three dimensional navier stokes",4,2
26824,"hilbert space time dependent",4,2
26825,"type e6",2,2
26826,"diversity multiplexing",2,2
26827,"minimum achievable",2,2
26828,"ml decodable distributed",3,2
26829,"relay node",2,2
26830,"fading channel gains",3,2
26831,"his co",2,2
26832,"riemannian metric spaces",3,2
26833,"multiplexing tradeoff",2,2
26834,"division multiple",2,2
26835,"balmer jump",2,2
26836,"bands dibs",2,2
26837,"low latitudes",2,2
26838,"over damped lyman",3,2
26839,"pulsed radio",2,2
26840,"weakly ionized",2,2
26841,"astronomical projects",2,2
26842,"binary millisecond",2,2
26843,"alfa survey",2,2
26844,"telescope wsrt",2,2
26845,"cluster onc",2,2
26846,"collimated outflow",2,2
26847,"sdss data sets",3,2
26848,"enrichment history",2,2
26849,"stationary axially",2,2
26850,"magnetohydrodynamic mhd simulation",3,2
26851,"pre shock",2,2
26852,"qpo frequency",2,2
26853,"line indices",2,2
26854,"spectral resolutions",2,2
26855,"valued potential",2,2
26856,"mass ejections",2,2
26857,"virial temperature",2,2
26858,"square kilometre",2,2
26859,"poor emp",2,2
26860,"fractal aggregates",2,2
26861,"galactic fountain",2,2
26862,"nuclei agn activity",3,2
26863,"dust extinction av",3,2
26864,"3d hydrodynamical",2,2
26865,"galaxies implying",2,2
26866,"gas giant elliptical",3,2
26867,"gaussian beams",2,2
26868,"binary 4u",2,2
26869,"baryonic matter halo",3,2
26870,"near infrared excesses",3,2
26871,"medium wim",2,2
26872,"dispersion measures",2,2
26873,"differential cross",2,2
26874,"telescope lsst",2,2
26875,"large synoptic",2,2
26876,"low metallicity estimates",3,2
26877,"mysterious dark",2,2
26878,"tp agb",2,2
26879,"mock observations",2,2
26880,"ionizing source",2,2
26881,"metal rich white dwarfs",4,2
26882,"progenitor galaxies",2,2
26883,"emission line seyfert galaxy",4,2
26884,"damped lyman alpha",3,2
26885,"weak gravitational lens",3,2
26886,"gravitational lensing measurements",3,2
26887,"dense gas giant",3,2
26888,"doppler velocimetry",2,2
26889,"khz qpos",2,2
26890,"hobby eberly",2,2
26891,"statistically steady",2,2
26892,"brightness fluctuation",2,2
26893,"integrated colors",2,2
26894,"anglo australian",2,2
26895,"sub stellar mass",3,2
26896,"irs spectroscopy",2,2
26897,"upper scorpius",2,2
26898,"gamma ray binaries",3,2
26899,"core collapse supernova ejecta",4,2
26900,"cerenkov telescopes",2,2
26901,"index gamma rays",3,2
26902,"gamma ray scattering",3,2
26903,"cumulative mass",2,2
26904,"morphological classifications",2,2
26905,"ultra high accuracy",3,2
26906,"kinetic sunyaev",2,2
26907,"subsolar metallicity",2,2
26908,"burning limit",2,2
26909,"helical magnetic flux",3,2
26910,"surface brightness lsb galaxies",4,2
26911,"nearby seyfert galaxy",3,2
26912,"cool cores",2,2
26913,"flare duration",2,2
26914,"disk blackbody",2,2
26915,"population ssp",2,2
26916,"atacama submillimeter",2,2
26917,"trans neptunian objects",3,2
26918,"hydrogen column",2,2
26919,"uv optical wavelengths",3,2
26920,"ramaty high",2,2
26921,"resolving power",2,2
26922,"ao assisted",2,2
26923,"young massive star",3,2
26924,"interstellar reddening",2,2
26925,"caustic crossing",2,2
26926,"groth strip",2,2
26927,"star cluster mergers",3,2
26928,"arbitrary initial value problem",4,2
26929,"magneto hydrodynamics",2,2
26930,"isaac newton",2,2
26931,"periodic incompressible fluid",3,2
26932,"hole solutions",2,2
26933,"dynamics md",2,2
26934,"lie bialgebra",2,2
26935,"brownian excursion",2,2
26936,"modules over spec",3,2
26937,"heegaard genus",2,2
26938,"negative sectional",2,2
26939,"pressure gradient",2,2
26940,"pointed curves",2,2
26941,"structure resembles",2,2
26942,"reeb vector",2,2
26943,"large collecting",2,2
26944,"power series rings",3,2
26945,"geostrophic equation",2,2
26946,"turbulent boundary",2,2
26947,"verma modules over",3,2
26948,"simple moufang loop",3,2
26949,"first chern number",3,2
26950,"arc transitive",2,2
26951,"yamabe operator",2,2
26952,"root mean",2,2
26953,"functional central",2,2
26954,"assembly map",2,2
26955,"ill posedness",2,2
26956,"equation partialt",2,2
26957,"occupation probability distribution",3,2
26958,"likelihood estimators",2,2
26959,"holomorphic almost",2,2
26960,"irreducible symplectic",2,2
26961,"weyl group actions",3,2
26962,"measure preserving maps",3,2
26963,"bisectional curvature",2,2
26964,"differential operator valued",3,2
26965,"twisted poisson",2,2
26966,"point source term",3,2
26967,"adiabatic index",2,2
26968,"noncommutative spacetimes",2,2
26969,"general relativistic magnetohydrodynamics",3,2
26970,"mass accretion process",3,2
26971,"gravitational repulsion",2,2
26972,"stellar mass ratio inspirals",4,2
26973,"density matrix product states",4,2
26974,"scale free electrons",3,2
26975,"quantum information criterion",3,2
26976,"handed materials",2,2
26977,"rf squid",2,2
26978,"low temperature tc cuprates",4,2
26979,"band gap formation",3,2
26980,"2d coulomb interaction",3,2
26981,"plasmon resonance",2,2
26982,"spin susceptibilities",2,2
26983,"spin valves",2,2
26984,"exchange biased",2,2
26985,"migdal eliashberg",2,2
26986,"pr ca",2,2
26987,"hall bar",2,2
26988,"continuous time scales",3,2
26989,"spectral energy density wave",4,2
26990,"atomic force microscope",3,2
26991,"bose einstein condensed gases",4,2
26992,"histogram monte carlo",3,2
26993,"bcs crossover",2,2
26994,"hubbard chain",2,2
26995,"opto mechanical",2,2
26996,"nearest neighbor exchange coupling",4,2
26997,"granular matter",2,2
26998,"homogeneous electric field",3,2
26999,"high mobility 2d",3,2
27000,"nd 2-x",2,2
27001,"symmetry alone",2,2
27002,"neel ordered",2,2
27003,"ca cu",2,2
27004,"dynamical mean field equations",4,2
27005,"singlet ground",2,2
27006,"spot size",2,2
27007,"slave boson mean",3,2
27008,"quasiclassical green function",3,2
27009,"spin-1 xxz",2,2
27010,"multiple access cdma systems",4,2
27011,"particle hole doped",3,2
27012,"unconventional pairing",2,2
27013,"surface acoustic wave",3,2
27014,"type gaas algaas",3,2
27015,"dzyaloshinsky moriya",2,2
27016,"doped zno",2,2
27017,"fixed point correlation",3,2
27018,"incident proton",2,2
27019,"becomes feasible",2,2
27020,"gamma ray background radiation",4,2
27021,"photon virtuality",2,2
27022,"magic numbers",2,2
27023,"angular momentum transfers",3,2
27024,"conical emission",2,2
27025,"ultra peripheral",2,2
27026,"similarity renormalization group",3,2
27027,"section ratios",2,2
27028,"neutrino reactions",2,2
27029,"bogoliubov hfb",2,2
27030,"antikaon nuclear",2,2
27031,"hartree fock bogoliubov equations",4,2
27032,"su 2n",2,2
27033,"relativistic mean free",3,2
27034,"condensate cgc",2,2
27035,"nuclear spin orbit",3,2
27036,"uv completion",2,2
27037,"mit bag",2,2
27038,"right twin",2,2
27039,"fermion antifermion",2,2
27040,"quadratic dispersion relation",3,2
27041,"high energy transfer",3,2
27042,"lightest right handed",3,2
27043,"atmospheric neutrino mass",3,2
27044,"radiative return",2,2
27045,"light cone qcd corrections",4,2
27046,"kaluza klein kk decays",4,2
27047,"hadron collider ilc",3,2
27048,"b0s bar",2,2
27049,"lightest neutralino dark matter",4,2
27050,"handed neutrino",2,2
27051,"momentum pt spectra",3,2
27052,"break supersymmetry breaking",3,2
27053,"model cmssm",2,2
27054,"light stop",2,2
27055,"effective mass squared",3,2
27056,"relativistic heavy ion collider",4,2
27057,"tc2 model",2,2
27058,"mass splittings",2,2
27059,"bnl relativistic",2,2
27060,"baseline length",2,2
27061,"ads schwarzschild black hole",4,2
27062,"holomorphic anomaly",2,2
27063,"neveu model",2,2
27064,"braided tensor product",3,2
27065,"xxx heisenberg",2,2
27066,"dimensionless coupling",2,2
27067,"asymptotically ads cft",3,2
27068,"yang mills plasma",3,2
27069,"low mass shifts",3,2
27070,"varying electric",2,2
27071,"rotating kaluza klein",3,2
27072,"d7 branes",2,2
27073,"dimensional schwarzschild black hole",4,2
27074,"imaginary time dependent",3,2
27075,"minimal subtraction",2,2
27076,"false vacuum",2,2
27077,"horizon geometries",2,2
27078,"blow down",2,2
27079,"vector field theories",3,2
27080,"dilatonic black hole",3,2
27081,"strassler background",2,2
27082,"low mass matrices",3,2
27083,"dependent cp",2,2
27084,"pep ii asymmetric energy",4,2
27085,"mass ordering",2,2
27086,"time interval exchange",3,2
27087,"spectral softening",2,2
27088,"force transmitted",2,2
27089,"highest quality factor",3,2
27090,"cost effective mass",3,2
27091,"short time windows",3,2
27092,"inverse square root",3,2
27093,"geometric optics",2,2
27094,"drift velocity gradient",3,2
27095,"probability distribution function binomial",4,2
27096,"resonance line profile",3,2
27097,"rydberg state",2,2
27098,"plane couette",2,2
27099,"cyclotron line",2,2
27100,"dependent drift",2,2
27101,"transverse velocity gradient",3,2
27102,"wave guide",2,2
27103,"dc current density",3,2
27104,"game theoretical",2,2
27105,"small scale free networks",4,2
27106,"astrophysical phenomena",2,2
27107,"anyon gas",2,2
27108,"laurent expansion",2,2
27109,"delay differential equations",3,2
27110,"polariton modes",2,2
27111,"phase space interferometry",3,2
27112,"greenberger horne",2,2
27113,"nonlinear optical cavity",3,2
27114,"cold atomic gases",3,2
27115,"echo techniques",2,2
27116,"scalable quantum information",3,2
27117,"fluorescence detector",2,2
27118,"macroscopic quantum optics",3,2
27119,"cross kerr",2,2
27120,"fourier spectrum",2,2
27121,"quantum key assumptions",3,2
27122,"ising spin bath",3,2
27123,"dark energy levels",3,2
27124,"quasi periodic orbits",3,2
27125,"excellent spatial",2,2
27126,"quantum information paradox",3,2
27127,"golden rule",2,2
27128,"transition qpt",2,2
27129,"mutation rates",2,2
27130,"gene regulatory elements",3,2
27131,"sir epidemic",2,2
27132,"penna ageing",2,2
27133,"magnetic pole",2,2
27134,"feedback loop",2,2
27135,"schrodinger picture",2,2
27136,"impulse radio",2,2
27137,"speedup over",2,2
27138,"evenly distributed",2,2
27139,"secrecy rate",2,2
27140,"chernoff bound",2,2
27141,"salesman problem tsp",3,2
27142,"spatial multiplexing",2,2
27143,"jump diffusion equations",3,2
27144,"observational campaign",2,2
27145,"evolving dark",2,2
27146,"parent star formation",3,2
27147,"atmospheric layers",2,2
27148,"pic simulations",2,2
27149,"emission traces",2,2
27150,"dark matter annihilation radiation",4,2
27151,"hei line",2,2
27152,"power law distributed over",4,2
27153,"lower metallicity estimates",3,2
27154,"extragalactic hii",2,2
27155,"dsph galaxy",2,2
27156,"age metallicity distribution function",4,2
27157,"bure interferometer",2,2
27158,"empirical calibration",2,2
27159,"acoustic oscillation",2,2
27160,"infrared interferometry",2,2
27161,"cosmic ray astronomy",3,2
27162,"weighted spherical",2,2
27163,"nh3 emission lines",3,2
27164,"photo ionized",2,2
27165,"extended press",2,2
27166,"schechter formalism",2,2
27167,"stellar mass segregation",3,2
27168,"spitzer legacy",2,2
27169,"rx j1856.5-3754",2,2
27170,"cold neutron star",3,2
27171,"radiation cmbr",2,2
27172,"magnetoacoustic waves",2,2
27173,"spectral hardness",2,2
27174,"sliding window",2,2
27175,"amanda ii",2,2
27176,"hst acs wfc",3,2
27177,"maxwell dilaton",2,2
27178,"massless dirac spinors",3,2
27179,"exterior differential equation",3,2
27180,"operator ordering",2,2
27181,"double pulsar",2,2
27182,"cosmological constant cc",3,2
27183,"barbero immirzi",2,2
27184,"systematic error estimates",3,2
27185,"violating phases",2,2
27186,"high energy distribution function",4,2
27187,"light cone distribution functions",4,2
27188,"pbpb collisions",2,2
27189,"quark gluon emission",3,2
27190,"lht model",2,2
27191,"colliding nuclei",2,2
27192,"running coupling constants",3,2
27193,"baryon octet",2,2
27194,"bk equation",2,2
27195,"inclusive deeply",2,2
27196,"diffractive deep",2,2
27197,"virtual compton scattering processes",4,2
27198,"balitsky kovchegov",2,2
27199,"atmospheric neutrino oscillation parameters",4,2
27200,"standard friedmann",2,2
27201,"non leptonic decays",3,2
27202,"heavy quark antiquark pair",4,2
27203,"bb bar",2,2
27204,"pseudoscalar meson masses",3,2
27205,"unequal mass",2,2
27206,"ks pi0",2,2
27207,"monte carlo radiative corrections",4,2
27208,"virtuality q2",2,2
27209,"modular invariance",2,2
27210,"calabi yau spaces",3,2
27211,"gravitational force free",3,2
27212,"dependent gross",2,2
27213,"bps black hole solutions",4,2
27214,"local thermodynamic properties",3,2
27215,"thermal equilibrium points",3,2
27216,"secondary electron",2,2
27217,"absolute branching",2,2
27218,"angle phi2",2,2
27219,"lepton flavors",2,2
27220,"pi pi0 nu",3,2
27221,"eas array",2,2
27222,"schroedinger functional theory",3,2
27223,"casimir scaling",2,2
27224,"two body simulation",3,2
27225,"string theory lift",3,2
27226,"half cross",2,2
27227,"om black hole",3,2
27228,"integral field strength",3,2
27229,"auxiliary field equations",3,2
27230,"discrete torsion",2,2
27231,"thermal expansion rate",3,2
27232,"abelian gauge fixing",3,2
27233,"circumstellar disk inclination",3,2
27234,"poor dwarfs",2,2
27235,"background cmb polarization",3,2
27236,"ic supernova",2,2
27237,"lenticular galaxy",2,2
27238,"ultra high temperature",3,2
27239,"hires spectra",2,2
27240,"annihilating dark",2,2
27241,"cosmic ray background radiation",4,2
27242,"host halo",2,2
27243,"inner boundary conditions",3,2
27244,"self annihilation signal",3,2
27245,"line blanketed",2,2
27246,"hot white dwarfs",3,2
27247,"absorption line profile",3,2
27248,"exposure time evolution",3,2
27249,"star cluster merger",3,2
27250,"ion species",2,2
27251,"dm candidate",2,2
27252,"submillimeter galaxies",2,2
27253,"dust emissivity",2,2
27254,"dm halo mass",3,2
27255,"galaxies belonging",2,2
27256,"nuclear starbursts",2,2
27257,"convective zone",2,2
27258,"outer solar masses",3,2
27259,"magnetic stresses",2,2
27260,"peculiar motions",2,2
27261,"growth rate onto",3,2
27262,"contact term",2,2
27263,"cosmic ray background cxb",4,2
27264,"column density environments",3,2
27265,"rs cvn",2,2
27266,"caii triplet lines",3,2
27267,"wind nebulae",2,2
27268,"considerable scatter",2,2
27269,"dust sublimation",2,2
27270,"unresolved stellar mass",3,2
27271,"few months",2,2
27272,"period comets",2,2
27273,"radius rc",2,2
27274,"star cluster westerlund",3,2
27275,"electromagnetic cascades",2,2
27276,"mutually non linear",3,2
27277,"phi ne",2,2
27278,"body eob",2,2
27279,"strong starburst",2,2
27280,"radio interferometers",2,2
27281,"sne ib",2,2
27282,"roughly perpendicular",2,2
27283,"water maser emission line",4,2
27284,"mb mag",2,2
27285,"star cluster sizes",3,2
27286,"hot bottom",2,2
27287,"ionized gas giant",3,2
27288,"lenticular galaxy clusters",3,2
27289,"abundance anomalies",2,2
27290,"sky automated",2,2
27291,"matter searches",2,2
27292,"cluster medium resolution",3,2
27293,"hydrogen hi cm",3,2
27294,"microlensing event",2,2
27295,"blue shifted",2,2
27296,"nebular emission line",3,2
27297,"hermitian random matrix",3,2
27298,"wave guides",2,2
27299,"feedback control problems",3,2
27300,"preferred orientation",2,2
27301,"temperature expansions",2,2
27302,"momentum conserving",2,2
27303,"integral monte carlo",3,2
27304,"gaas quantum gates",3,2
27305,"co oo",2,2
27306,"electron doped cuprate superconductor",4,2
27307,"double quantum dot molecule",4,2
27308,"ordering pattern",2,2
27309,"stokes alpha",2,2
27310,"bipartite lattices",2,2
27311,"density wave superconductors",3,2
27312,"verwey transition",2,2
27313,"dimensional granular",2,2
27314,"hubbard stratonovich",2,2
27315,"infrared catastrophe",2,2
27316,"polarized fermi gases",3,2
27317,"kondo peak",2,2
27318,"pairing mechanism",2,2
27319,"supersolid state",2,2
27320,"red detuned",2,2
27321,"ansatz technique",2,2
27322,"electro optical",2,2
27323,"electron doped mott insulator",4,2
27324,"falicov kimball",2,2
27325,"mott insulator crossover",3,2
27326,"division multiple access",3,2
27327,"bond centered",2,2
27328,"insulating phase diagram",3,2
27329,"frustrated ising model",3,2
27330,"two component perpendicular",3,2
27331,"highly crystallized undoped microcrystalline",4,2
27332,"local density matrix",3,2
27333,"dynamical mean square",3,2
27334,"dispersion force",2,2
27335,"exponentially decreasing",2,2
27336,"low energy barrier",3,2
27337,"stretching mode",2,2
27338,"intra layer",2,2
27339,"participation ratio",2,2
27340,"three body recombination rate",4,2
27341,"2d coulomb interactions",3,2
27342,"computationally demanding",2,2
27343,"single walled metallic",3,2
27344,"nonlinear optical spectra",3,2
27345,"hole growth",2,2
27346,"optimum doping",2,2
27347,"cellular dynamical mean",3,2
27348,"dilute bose einstein",3,2
27349,"overlap distribution function",3,2
27350,"biaxial nematic phase",3,2
27351,"deep field theory",3,2
27352,"quantum critical line",3,2
27353,"ultracold bosonic",2,2
27354,"highly non uniform",3,2
27355,"exchange maps",2,2
27356,"word hyperbolic groups",3,2
27357,"hurwitz formula",2,2
27358,"limited feedback control",3,2
27359,"kawasaki dynamics",2,2
27360,"kadison singer",2,2
27361,"local complementation",2,2
27362,"nested bethe",2,2
27363,"conceptually new",2,2
27364,"convex hulls",2,2
27365,"bootstrap percolation",2,2
27366,"hochschild cohomology ring",3,2
27367,"orbifold cohomology ring",3,2
27368,"singular value problem",3,2
27369,"data set partitions",3,2
27370,"boolean algebras",2,2
27371,"braided monoidal",2,2
27372,"valued stochastic",2,2
27373,"conditional growth",2,2
27374,"dimensional cellular",2,2
27375,"absolute galois",2,2
27376,"homology theories",2,2
27377,"poincare invariance",2,2
27378,"lie super",2,2
27379,"two armed",2,2
27380,"decision makers",2,2
27381,"complete census",2,2
27382,"non linear schr",3,2
27383,"wave speeds",2,2
27384,"triaxial rotor",2,2
27385,"many particle hole",3,2
27386,"neutron drip",2,2
27387,"magnetic helicity",2,2
27388,"ultra high temperatures",3,2
27389,"nucleon interaction strength",3,2
27390,"walecka model",2,2
27391,"curved manifolds",2,2
27392,"modularity optimization problem",3,2
27393,"dc electric",2,2
27394,"atmospheric circulation",2,2
27395,"dependent schrodinger equation",3,2
27396,"discrete absorption",2,2
27397,"oscillation probability distribution",3,2
27398,"host matrix",2,2
27399,"atomic clock",2,2
27400,"variational cluster",2,2
27401,"solar axions",2,2
27402,"wavelength approximation",2,2
27403,"navier stokes profiles",3,2
27404,"type orbitals",2,2
27405,"marginal stability analysis",3,2
27406,"grain size distribution",3,2
27407,"quantum brownian particle",3,2
27408,"charm production cross section",4,2
27409,"superheavy elements",2,2
27410,"multiplicity correlations",2,2
27411,"translocation process",2,2
27412,"proc natl",2,2
27413,"quantum key generation",3,2
27414,"multipartite quantum information",3,2
27415,"quantum brachistochrone",2,2
27416,"vacuum rabi",2,2
27417,"short time evolution equations",4,2
27418,"logical qubits encoded",3,2
27419,"free path integral",3,2
27420,"parametric down converted",3,2
27421,"orthogonally polarized",2,2
27422,"s3 symmetry breaking",3,2
27423,"special kahler",2,2
27424,"mills theory",2,2
27425,"witten potential",2,2
27426,"deformed conifold",2,2
27427,"quark moving",2,2
27428,"open xxz",2,2
27429,"black hole backgrounds",3,2
27430,"functional integral formalism",3,2
27431,"hair theorem",2,2
27432,"neutrino backgrounds",2,2
27433,"merging black hole",3,2
27434,"pure spinors",2,2
27435,"chiral primary",2,2
27436,"vacuum bubbles",2,2
27437,"vacuum selection",2,2
27438,"elliptically fibered",2,2
27439,"walker universe",2,2
27440,"law behaviors",2,2
27441,"ads schwarzschild",2,2
27442,"nonlocal gauge theory",3,2
27443,"frame bundle",2,2
27444,"kk states",2,2
27445,"gap engineering",2,2
27446,"diversity gain",2,2
27447,"solar units",2,2
27448,"frequency division",2,2
27449,"router model",2,2
27450,"national center",2,2
27451,"multi antenna broadcast channel",4,2
27452,"memory management",2,2
27453,"breast cancer",2,2
27454,"stellar flares",2,2
27455,"tev j2032+4130",2,2
27456,"molecular gas rich",3,2
27457,"non detection threshold",3,2
27458,"low energy release",3,2
27459,"ionized medium",2,2
27460,"hi 21cm absorption line",4,2
27461,"pulsar sax",2,2
27462,"bayes factor",2,2
27463,"telescope hst imaging",3,2
27464,"strehl ratio",2,2
27465,"photon index gamma",3,2
27466,"nova ss",2,2
27467,"ionization stages",2,2
27468,"center gc",2,2
27469,"he content",2,2
27470,"legacy program",2,2
27471,"supercritical accretion disk",3,2
27472,"rossby wave",2,2
27473,"sdss lrg",2,2
27474,"velocity diagram",2,2
27475,"cluster virial masses",3,2
27476,"coalescing black hole",3,2
27477,"blue variable",2,2
27478,"almost periodicity",2,2
27479,"alfv enic",2,2
27480,"inverse slope",2,2
27481,"ray flux limited sample",4,2
27482,"seeing limited",2,2
27483,"giant planet scattering",3,2
27484,"orbital period planets",3,2
27485,"unequal mass ratios",3,2
27486,"tidal dissipation",2,2
27487,"binary lmxb",2,2
27488,"hubble space time",3,2
27489,"wolf rayet star cluster",4,2
27490,"sph code",2,2
27491,"black hole seeds",3,2
27492,"halo shape",2,2
27493,"alfven wave",2,2
27494,"dark matter waves",3,2
27495,"line blanketing",2,2
27496,"belt asteroids",2,2
27497,"power law slope beta",4,2
27498,"giant planet formation process",4,2
27499,"extreme kerr",2,2
27500,"iron kalpha",2,2
27501,"mass losing",2,2
27502,"sub keplerian",2,2
27503,"mm continuum emission line",4,2
27504,"interstellar medium resolution",3,2
27505,"temperature kt",2,2
27506,"star crusts",2,2
27507,"seyfert 1s",2,2
27508,"poor blue",2,2
27509,"mid ir emission lines",4,2
27510,"thermohaline mixing",2,2
27511,"parameter estimation techniques",3,2
27512,"blue compact object",3,2
27513,"thermal pulse",2,2
27514,"precision astrometric",2,2
27515,"substantial amounts",2,2
27516,"ir wavelengths",2,2
27517,"diffuse ionized",2,2
27518,"intracluster light",2,2
27519,"subhalo mass function",3,2
27520,"dark matter halo merger trees",5,2
27521,"mgii absorption",2,2
27522,"telescope hst acs",3,2
27523,"ultra high energy density",4,2
27524,"type ia rate",3,2
27525,"galaxy formation activity",3,2
27526,"spectral energy stereoscopic",3,2
27527,"supernova legacy",2,2
27528,"nebula cluster",2,2
27529,"black hole bh binaries",4,2
27530,"antares neutrino",2,2
27531,"ultra high energy uhe",4,2
27532,"gas rich mergers",3,2
27533,"high resolution hydrodynamical simulations",4,2
27534,"radiation hydrodynamical",2,2
27535,"nearly solar system",3,2
27536,"fermi gas phase transitions",4,2
27537,"vertical cavity",2,2
27538,"radio source hess",3,2
27539,"observational limits",2,2
27540,"around sn1987a",2,2
27541,"lyman continuum",2,2
27542,"intrinsic angular",2,2
27543,"low energy density wave",4,2
27544,"cold fronts",2,2
27545,"maxwell stresses",2,2
27546,"telescope compact objects",3,2
27547,"entropy floor",2,2
27548,"relic gravitational",2,2
27549,"dust emission lines",3,2
27550,"statefinder diagnostic",2,2
27551,"star scatter",2,2
27552,"ib supernova progenitors",3,2
27553,"blue compact dwarf galaxy",4,2
27554,"wimp annihilation signal",3,2
27555,"white dwarf cooling",3,2
27556,"stellar wind material",3,2
27557,"thin shell structure",3,2
27558,"primary cmb",2,2
27559,"fast roll inflation",3,2
27560,"coma cluster ngc",3,2
27561,"popiii stars",2,2
27562,"dust extinction law",3,2
27563,"crab flux",2,2
27564,"maximum fwhm",2,2
27565,"weak gravitational interaction",3,2
27566,"formation rate ssfr",3,2
27567,"arches cluster",2,2
27568,"accretion rate onto",3,2
27569,"non interacting massive particles",4,2
27570,"surrounding vacuum",2,2
27571,"physically realistic",2,2
27572,"wise function",2,2
27573,"bps black holes",3,2
27574,"coleman de",2,2
27575,"gordon model",2,2
27576,"helicity flip",2,2
27577,"interferometric data set",3,2
27578,"scalar field configurations",3,2
27579,"open quantum gravity",3,2
27580,"molecule magnets",2,2
27581,"pfaffian state",2,2
27582,"boltzmann distribution function",3,2
27583,"mean free carriers",3,2
27584,"spin singlets",2,2
27585,"strongly correlated metal insulator",4,2
27586,"decay rate dot",3,2
27587,"time windows",2,2
27588,"field acquires",2,2
27589,"nanotube quantum dot",3,2
27590,"tan2 theta",2,2
27591,"phonon bath",2,2
27592,"probability density rho",3,2
27593,"self assemble",2,2
27594,"external electric current",3,2
27595,"keldysh green",2,2
27596,"landau zener transitions",3,2
27597,"magnetic penetration",2,2
27598,"self organized critical exponents",4,2
27599,"diagonalization technique",2,2
27600,"non cohesive",2,2
27601,"level atom pairs",3,2
27602,"eigenvalue distribution functions",3,2
27603,"kondo peaks",2,2
27604,"exchange integral",2,2
27605,"self energy density matrix",4,2
27606,"shock compressed",2,2
27607,"quasi stationary phase",3,2
27608,"la 2-x",2,2
27609,"nb doped",2,2
27610,"effective temperature superconductors",3,2
27611,"angle neutron",2,2
27612,"chemical reaction rates",3,2
27613,"spin blockade",2,2
27614,"neural network topology",3,2
27615,"wiedemann franz",2,2
27616,"grand canonical monte carlo",4,2
27617,"generalized langevin",2,2
27618,"silicate absorption",2,2
27619,"insulator mi",2,2
27620,"stm images",2,2
27621,"polymer melts",2,2
27622,"quantum hall plateaus",3,2
27623,"deposition rate",2,2
27624,"spatial wilson",2,2
27625,"semi dilute",2,2
27626,"primordial black",2,2
27627,"rashba spin orbit couplings",4,2
27628,"harmonically trapped bose einstein condensate",5,2
27629,"magnetization plateau phase diagram",4,2
27630,"drastic reduction",2,2
27631,"nanocircuit elements",2,2
27632,"phase transition metal atoms",4,2
27633,"direction perpendicular magnetic field",4,2
27634,"extended kondo",2,2
27635,"ac stark shifts",3,2
27636,"hall resistivity measurements",3,2
27637,"gaas al",2,2
27638,"doping levels",2,2
27639,"low multipole",2,2
27640,"dynamics dpd",2,2
27641,"charged colloidal",2,2
27642,"quantum hall plateau",3,2
27643,"two dimensional electron hopping",4,2
27644,"weakly interacting bose einstein condensate",5,2
27645,"room temperature interval",3,2
27646,"muon content",2,2
27647,"phase transition metals",3,2
27648,"evaporation rate",2,2
27649,"diffusive superconductor",2,2
27650,"history dependent",2,2
27651,"component fermi gas",3,2
27652,"transmission through subwavelength",3,2
27653,"thomas fermi energy density",4,2
27654,"micro electro mechanical",3,2
27655,"nearest neighbor hopping integrals",4,2
27656,"ferromagnetic bose einstein",3,2
27657,"colloidal dispersions",2,2
27658,"lower tc",2,2
27659,"square root lattice",3,2
27660,"seven dimensional",2,2
27661,"etale fundamental",2,2
27662,"connected semisimple",2,2
27663,"automata ca",2,2
27664,"simple exclusion process",3,2
27665,"khovanov rozansky",2,2
27666,"round spheres",2,2
27667,"quillen model",2,2
27668,"backward stochastic",2,2
27669,"monoidal structure",2,2
27670,"holomorphic poisson",2,2
27671,"borel probability distributions",3,2
27672,"chern characters",2,2
27673,"grassmann algebra",2,2
27674,"non abelian groups",3,2
27675,"weyl groups",2,2
27676,"his phd",2,2
27677,"quasi hopf algebras",3,2
27678,"calabi yau hypersurfaces",3,2
27679,"ordinal alpha",2,2
27680,"yetter drinfeld",2,2
27681,"set forth",2,2
27682,"regularity lemma",2,2
27683,"brownian motion fbm",3,2
27684,"fractional powers",2,2
27685,"separately holomorphic",2,2
27686,"inflection points",2,2
27687,"stopping problems",2,2
27688,"group gradings",2,2
27689,"dimensional navier stokes",3,2
27690,"partial covering",2,2
27691,"chevalley group",2,2
27692,"posedness result",2,2
27693,"hyperspherical adiabatic",2,2
27694,"polarization entangled states",3,2
27695,"qubit rotations",2,2
27696,"many body relaxation time",4,2
27697,"upper end",2,2
27698,"non local hidden",3,2
27699,"jarlskog invariant",2,2
27700,"angle theta13",2,2
27701,"exchange integrals",2,2
27702,"radiative neutrino",2,2
27703,"temperature td",2,2
27704,"leptonic cp violating",3,2
27705,"auxiliary field theory",3,2
27706,"pseudoscalar higgs sector",3,2
27707,"strong suppression pattern",3,2
27708,"cp conservation",2,2
27709,"inter quark",2,2
27710,"deeply bound state",3,2
27711,"nuclear parton distribution functions",4,2
27712,"scalar meson decays",3,2
27713,"violating lfv",2,2
27714,"meson nonet",2,2
27715,"lepton plus",2,2
27716,"order nlo",2,2
27717,"heavy quark condensates",3,2
27718,"low mass matrix elements",4,2
27719,"confirm earlier result",3,2
27720,"two flavor symmetries",3,2
27721,"tau lepton flavor symmetry",4,2
27722,"fcnc processes",2,2
27723,"muon pair",2,2
27724,"charge conservation",2,2
27725,"averaged branching",2,2
27726,"chi c1 c2",3,2
27727,"exclusive semileptonic",2,2
27728,"lepton plus jets",3,2
27729,"large q2 gev",3,2
27730,"incoming beam",2,2
27731,"staggered sea",2,2
27732,"equation gpe",2,2
27733,"klein modes",2,2
27734,"order parameter theta",3,2
27735,"jacobi elliptic",2,2
27736,"run time step",3,2
27737,"doublet triplet",2,2
27738,"darboux integrable",2,2
27739,"light scattering amplitude",3,2
27740,"mock lisa data",3,2
27741,"lined eclipsing",2,2
27742,"matrix renormalization group flow",4,2
27743,"relativistic jet fragmentation",3,2
27744,"lorentz integral",2,2
27745,"quasi elastic scattering off",4,2
27746,"green kubo",2,2
27747,"statistical hadronization",2,2
27748,"intermediate coupling strength",3,2
27749,"higher lying",2,2
27750,"heat transport properties",3,2
27751,"meson spectral",2,2
27752,"isobaric analog",2,2
27753,"massive quark pairs",3,2
27754,"limiting factors",2,2
27755,"spectral shapes",2,2
27756,"paramagnetic resonance",2,2
27757,"cloud chamber",2,2
27758,"positively charged particles",3,2
27759,"cartan equation",2,2
27760,"dirac statistics",2,2
27761,"pipe flow",2,2
27762,"gev2 c2",2,2
27763,"rapidity distribution function",3,2
27764,"predictive accuracy",2,2
27765,"phonon frequencies",2,2
27766,"lorentz spaces",2,2
27767,"small scale lengths",3,2
27768,"pp wave functions",3,2
27769,"nonparametric regression modeling",3,2
27770,"dark matter cdm model",4,2
27771,"de sitter spacetime dimensions",4,2
27772,"dirac hamiltonian constraint",3,2
27773,"dresselhaus spin orbit interaction",4,2
27774,"normally distributed over",3,2
27775,"luminous supernova explosion",3,2
27776,"v2 pt gev",3,2
27777,"bose hubbard model independent",4,2
27778,"ghirlanda relation",2,2
27779,"array vlba",2,2
27780,"southern extra",2,2
27781,"chern simons gravity",3,2
27782,"nonparametric regression model",3,2
27783,"attenuation length",2,2
27784,"spectrum gps",2,2
27785,"non selfadjoint",2,2
27786,"carina nebula",2,2
27787,"giant hii regions",3,2
27788,"eso ntt",2,2
27789,"loud agns",2,2
27790,"wide field strength",3,2
27791,"electron phonon mediated",3,2
27792,"interacting massive neutrinos",3,2
27793,"dynamics mond",2,2
27794,"size scaling relation",3,2
27795,"specific star cluster",3,2
27796,"skin thickness",2,2
27797,"relativistic quantum electrodynamics qed",4,2
27798,"ell nu tau",3,2
27799,"jordan wigner",2,2
27800,"wave vector field equations",4,2
27801,"giant planet interactions",3,2
27802,"super solar masses",3,2
27803,"key cryptosystem",2,2
27804,"dust continuum emission lines",4,2
27805,"million psi 2s",3,2
27806,"sub populations",2,2
27807,"fourier laplace",2,2
27808,"pure appl",2,2
27809,"scientific collaboration",2,2
27810,"nn potentials",2,2
27811,"cumulant generating",2,2
27812,"dependent cp violation",3,2
27813,"epitaxial thin",2,2
27814,"profile shapes",2,2
27815,"meson pair",2,2
27816,"psi phi pi pi0",4,2
27817,"low redshift distribution",3,2
27818,"type gaas",2,2
27819,"unnatural parity",2,2
27820,"jet cross",2,2
27821,"spectral slope",2,2
27822,"circuit qed",2,2
27823,"exactly cancel",2,2
27824,"effective majorana",2,2
27825,"magnetic flux quantization",3,2
27826,"poloidal magnetic flux",3,2
27827,"amorphous silicate feature",3,2
27828,"turnoff stars",2,2
27829,"integer fillings",2,2
27830,"3d gross",2,2
27831,"abelian gauge transformation",3,2
27832,"rotating bose",2,2
27833,"superconducting circuits",2,2
27834,"emission originating",2,2
27835,"electron storage",2,2
27836,"integrated sachs",2,2
27837,"spin orbit determination",3,2
27838,"fe iii",2,2
27839,"spin-1 bose einstein condensate",4,2
27840,"non extremal black hole solutions",5,2
27841,"drift vector",2,2
27842,"telescope bat",2,2
27843,"swift xrt observation",3,2
27844,"clump giants",2,2
27845,"microwave background radiation",3,2
27846,"spin orbit mediated",3,2
27847,"dual frequency",2,2
27848,"weighted projective",2,2
27849,"cyclic cosmology",2,2
27850,"quarter bps",2,2
27851,"weaker magnetic",2,2
27852,"processing unit",2,2
27853,"1h nmr spectra",3,2
27854,"ray flux coming",3,2
27855,"momentum balance",2,2
27856,"gamma ray pulsar",3,2
27857,"uma type",2,2
27858,"reaction diffusion coefficient",3,2
27859,"di jet production",3,2
27860,"simple exclusion processes",3,2
27861,"quantum cloning",2,2
27862,"multipartite entanglement measures",3,2
27863,"mag arcsec",2,2
27864,"network coding gain",3,2
27865,"line wings",2,2
27866,"luminous qsos",2,2
27867,"dust driven",2,2
27868,"triton binding",2,2
27869,"vari et",2,2
27870,"spectroscopic binary",2,2
27871,"coulomb drag",2,2
27872,"outflow rates",2,2
27873,"time reversed",2,2
27874,"ke4 decays",2,2
27875,"motion resonances",2,2
27876,"positron pairs",2,2
27877,"kac formula",2,2
27878,"standard big",2,2
27879,"sudden singularity",2,2
27880,"hyperbolic knots",2,2
27881,"superexchange interactions",2,2
27882,"penrose formalism",2,2
27883,"phase transition occurs via",4,2
27884,"cellular dynamical mean field theory",5,2
27885,"armed spiral",2,2
27886,"relativistic faddeev",2,2
27887,"atmosphere codes",2,2
27888,"cluster virial radii",3,2
27889,"real social network",3,2
27890,"exact exchange correlation",3,2
27891,"thermally emitting",2,2
27892,"xmm newton telescope",3,2
27893,"high velocity curve",3,2
27894,"supersolid phase",2,2
27895,"spontaneous cp violating",3,2
27896,"cross matching",2,2
27897,"first brillouin",2,2
27898,"cyclic subgroup problem",3,2
27899,"multi quark mass",3,2
27900,"multi peaked",2,2
27901,"forward backward angles",3,2
27902,"partial flag",2,2
27903,"semileptonic decay constants",3,2
27904,"reflection amplitudes",2,2
27905,"simulations dns",2,2
27906,"erdos renyi random graph",4,2
27907,"hi column density",3,2
27908,"lossy coding",2,2
27909,"minimum output entropy",3,2
27910,"dependent ginzburg landau",3,2
27911,"moderate reynolds",2,2
27912,"sample size distribution function",4,2
27913,"inversion symmetry breaking",3,2
27914,"mass quadrupole",2,2
27915,"reflexive banach",2,2
27916,"right invariant under",3,2
27917,"molecular conductors",2,2
27918,"array fpga",2,2
27919,"cylindrical shell",2,2
27920,"non local cohomology modules",4,2
27921,"unitary irreducible",2,2
27922,"intermediate mass ratios",3,2
27923,"serious difficulties",2,2
27924,"trapped bose einstein",3,2
27925,"differential imaging technique",3,2
27926,"component fermi",2,2
27927,"velocity gradient flow",3,2
27928,"unscreened coulomb interactions",3,2
27929,"accurate enough",2,2
27930,"momentum tensor force",3,2
27931,"symmetric torsion",2,2
27932,"large eddy",2,2
27933,"largest eigenvalue distribution",3,2
27934,"specific heat transport properties",4,2
27935,"fermi velocity dispersion",3,2
27936,"hopf indices",2,2
27937,"magnetized vacuum energy",3,2
27938,"oh maser emission",3,2
27939,"boolean network",2,2
27940,"probability density functional",3,2
27941,"low energy functionals",3,2
27942,"twistor string theory",3,2
27943,"emitters laes",2,2
27944,"external electromagnetic waves",3,2
27945,"heisenberg xxz spin chain",4,2
27946,"period derivative",2,2
27947,"color gradient",2,2
27948,"nonlinear schroedinger equation",3,2
27949,"mid infrared radiation",3,2
27950,"free emission lines",3,2
27951,"single hop",2,2
27952,"code division multiple access",4,2
27953,"young stellar mass",3,2
27954,"gamma ray binary system",4,2
27955,"solar metallicity distribution",3,2
27956,"tw hydrae",2,2
27957,"photoelectron spectroscopy arpes",3,2
27958,"metal poor gcs",3,2
27959,"superfield formulation",2,2
27960,"broadcast nature",2,2
27961,"spatially homogeneous cosmologies",3,2
27962,"non analyticity",2,2
27963,"pseudoknot structures",2,2
27964,"momentum transfer squared",3,2
27965,"energy density wave vector",4,2
27966,"mechanical analogue",2,2
27967,"h2 conversion",2,2
27968,"momentum pt distribution",3,2
27969,"semi quantitatively",2,2
27970,"interferometry vlbi",2,2
27971,"compact kahler",2,2
27972,"index gamma ray flux",4,2
27973,"metallicity estimates",2,2
27974,"long baseline array vlba",4,2
27975,"gamma ray flare",3,2
27976,"long time averaged",3,2
27977,"proto stellar mass",3,2
27978,"long lived charged particle",4,2
27979,"higher column",2,2
27980,"proper actions",2,2
27981,"potential barrier fusion reactions",4,2
27982,"higher derivative expansion",3,2
27983,"scale invariant masses",3,2
27984,"hamiltonians containing",2,2
27985,"lying excited",2,2
27986,"coarse moduli",2,2
27987,"intrinsic absorption line",3,2
27988,"toroidal magnetic flux",3,2
27989,"decoy state",2,2
27990,"strongly modifies",2,2
27991,"accreting compact stars",3,2
27992,"year wilkinson",2,2
27993,"soft excess emission lines",4,2
27994,"neutral hydrogen hi emission",4,2
27995,"halo mass ejection cme",4,2
27996,"generalized bell",2,2
27997,"back reacted",2,2
27998,"central division",2,2
27999,"combinatorial optimization",2,2
28000,"positron beam",2,2
28001,"continuous wavelet analysis",3,2
28002,"pacs numbers",2,2
28003,"slope alpha emission",3,2
28004,"eso vlt telescopes",3,2
28005,"relativistic magnetohydrodynamics",2,2
28006,"least two loop",3,2
28007,"circular velocity fields",3,2
28008,"abelian chern simons",3,2
28009,"hd reveals",2,2
28010,"multiuser detection",2,2
28011,"deep water waves",3,2
28012,"dust emitting",2,2
28013,"qualitative discussion",2,2
28014,"maxwell chern simons",3,2
28015,"genetic regulatory",2,2
28016,"electron positron beam",3,2
28017,"discrete nonlinear schr",3,2
28018,"energy domination",2,2
28019,"contained introduction",2,2
28020,"differential conductivity",2,2
28021,"black hole attractors",3,2
28022,"twisted affine lie algebras",4,2
28023,"domain wall fermion masses",4,2
28024,"inspiral phase",2,2
28025,"unbiased estimate",2,2
28026,"strongly nonlinear optical",3,2
28027,"galaxy clusters containing",3,2
28028,"theoretical interpretations",2,2
28029,"too short",2,2
28030,"astrodynamical space",2,2
28031,"cluster size scaling relations",4,2
28032,"secondary vertex",2,2
28033,"tunnel barriers",2,2
28034,"star cluster omega cen",4,2
28035,"calabi yau metrics",3,2
28036,"robust lower",2,2
28037,"interferometer pdbi",2,2
28038,"partial wave vector",3,2
28039,"gluon polarization",2,2
28040,"pulse train",2,2
28041,"dilute magnetic field theory",4,2
28042,"somewhat higher",2,2
28043,"big bounce",2,2
28044,"cuprate materials",2,2
28045,"spectral type iii",3,2
28046,"integer quantum information",3,2
28047,"two qubit qutrit states",4,2
28048,"fluorescent emission line",3,2
28049,"granular packing",2,2
28050,"desired level",2,2
28051,"dense neutrino",2,2
28052,"semiconductor quantum wires",3,2
28053,"polarization configurations",2,2
28054,"twisted affine weyl",3,2
28055,"radial extent",2,2
28056,"own utility",2,2
28057,"transverse momentum pt distribution",4,2
28058,"antiquark pair production",3,2
28059,"photons propagating",2,2
28060,"polar axis",2,2
28061,"bragg grating",2,2
28062,"four wave functions",3,2
28063,"gluon plasmas",2,2
28064,"momenta pt",2,2
28065,"holographic renormalization",2,2
28066,"pumped charge",2,2
28067,"faint unresolved",2,2
28068,"globular clusters tuc",3,2
28069,"bi polar",2,2
28070,"square error mmse",3,2
28071,"massive star hd",3,2
28072,"stable subordinator",2,2
28073,"theoretical treatments",2,2
28074,"non linear regression",3,2
28075,"degenerate ground",2,2
28076,"non extremal black hole",4,2
28077,"favorable conditions",2,2
28078,"australian telescope",2,2
28079,"fractional electric charge",3,2
28080,"relativistic fermi",2,2
28081,"long lived charged particles",4,2
28082,"narrow band structure",3,2
28083,"moduli stacks",2,2
28084,"magnetoelastic coupling",2,2
28085,"c.l upper",2,2
28086,"transfer torques",2,2
28087,"intrinsic spin orbit",3,2
28088,"conducting walls",2,2
28089,"radiative decay width",3,2
28090,"polarized light propagation",3,2
28091,"observational data suggest",3,2
28092,"line intensities",2,2
28093,"sea quark masses",3,2
28094,"transfer modelling",2,2
28095,"cross correlation functions",3,2
28096,"dynamical casimir force",3,2
28097,"weinberg salam",2,2
28098,"spectroscopy arpes spectra",3,2
28099,"surface plasmon modes",3,2
28100,"scalar electrodynamics",2,2
28101,"bond solid",2,2
28102,"length scale structure factor",4,2
28103,"relativistic impulse approximation",3,2
28104,"graded lie",2,2
28105,"sio masers",2,2
28106,"infrared mir",2,2
28107,"duration gamma ray",3,2
28108,"underlying stellar",2,2
28109,"sub mev",2,2
28110,"potential barrier fusion",3,2
28111,"star cluster gc formation",4,2
28112,"global conformal field theory",4,2
28113,"multipartite pure",2,2
28114,"underdoped region",2,2
28115,"local minimum number",3,2
28116,"zygmund operators",2,2
28117,"pure rolling motion thereby",4,2
28118,"interpolating fields",2,2
28119,"cone distribution functions",3,2
28120,"stellar associations",2,2
28121,"polar direction",2,2
28122,"ray flux density",3,2
28123,"lambda cdm model independent",4,2
28124,"outer edges",2,2
28125,"quantum metrology",2,2
28126,"abundance trends",2,2
28127,"em chandra",2,2
28128,"kinetostatic performances",2,2
28129,"damping channel",2,2
28130,"fermi gas phase",3,2
28131,"ginzburg landau gauge",3,2
28132,"like event horizons",3,2
28133,"rest frame uv continuum",4,2
28134,"high finesse optical",3,2
28135,"iterative decoding complexity",3,2
28136,"extended nambu jona",3,2
28137,"newton observations",2,2
28138,"generalized pauli group",3,2
28139,"general relativistic hydrodynamics",3,2
28140,"3d navier stokes",3,2
28141,"time step size",3,2
28142,"tauri star forming",3,2
28143,"massive white dwarfs",3,2
28144,"hst stis",2,2
28145,"alpha absorbers",2,2
28146,"spacelike infinity",2,2
28147,"many body decays",3,2
28148,"josephson junction conditions",3,2
28149,"four dimensional superconformal",3,2
28150,"star ns",2,2
28151,"riemannian metric graphs",3,2
28152,"doped cuprate",2,2
28153,"ultra high pressure",3,2
28154,"sphere packings",2,2
28155,"finite baryon density",3,2
28156,"emitting diodes",2,2
28157,"quark orbital",2,2
28158,"strong gravitational field theory",4,2
28159,"lmc cepheid",2,2
28160,"solar metallicity relation",3,2
28161,"seiberg witten invariants",3,2
28162,"emission comes",2,2
28163,"dispersion sigma",2,2
28164,"check ldpc",2,2
28165,"cygnus x-3",2,2
28166,"parameters teff",2,2
28167,"highly magnified",2,2
28168,"mode frequencies omega",3,2
28169,"existing upper",2,2
28170,"self energy distribution function",4,2
28171,"spectrometer xis",2,2
28172,"rich white",2,2
28173,"projective space time",3,2
28174,"acoustic phonon coupling",3,2
28175,"azimuthal magnetic",2,2
28176,"configuration interaction strength",3,2
28177,"ion etching",2,2
28178,"relativistic heavy baryons",3,2
28179,"kl3 form factors",3,2
28180,"dipole oscillation",2,2
28181,"uhe cosmic",2,2
28182,"persistent emission",2,2
28183,"noetherian local",2,2
28184,"deuteron scattering off",3,2
28185,"dewitt equation",2,2
28186,"sampled optical",2,2
28187,"maximal supergravities",2,2
28188,"tachyon vacuum",2,2
28189,"biased against",2,2
28190,"approximating sequence",2,2
28191,"light majorana neutrinos",3,2
28192,"high energy stored",3,2
28193,"frequency dependences",2,2
28194,"brane thickness",2,2
28195,"kahler geometry",2,2
28196,"nano electromechanical",2,2
28197,"quantum error rates",3,2
28198,"markovian decoherence rate",3,2
28199,"nonequilibrium steady states",3,2
28200,"wetting layer",2,2
28201,"single electron positron annihilation",4,2
28202,"gluon fusion process",3,2
28203,"induced fission",2,2
28204,"spin polarized muon beam",4,2
28205,"israel junction",2,2
28206,"number density rho",3,2
28207,"ads black hole",3,2
28208,"quantum hall effect fqhe",4,2
28209,"quasiclassical green",2,2
28210,"heavy atoms",2,2
28211,"abelian monopoles",2,2
28212,"differential renormalization",2,2
28213,"optically thin dust emission",4,2
28214,"scattered wave packets",3,2
28215,"quark gluon distribution functions",4,2
28216,"singular knots",2,2
28217,"proto cluster",2,2
28218,"three flavor violation",3,2
28219,"correlated noise intensity",3,2
28220,"strong cp violating",3,2
28221,"einstein statistics",2,2
28222,"spin networks",2,2
28223,"confluent hypergeometric",2,2
28224,"parton shower monte carlo",4,2
28225,"natl acad",2,2
28226,"surface brightness temperature",3,2
28227,"exterior differential",2,2
28228,"uq hat",2,2
28229,"temporal extent",2,2
28230,"deep field north",3,2
28231,"violate bell states",3,2
28232,"cell death",2,2
28233,"chromo electric",2,2
28234,"synoptic survey",2,2
28235,"primarily responsible",2,2
28236,"transverse momentum distribution function",4,2
28237,"electric charge transport properties",4,2
28238,"extremal reissner nordstr",3,2
28239,"quantum mechanical resonator",3,2
28240,"quantum key distribution qkd protocols",5,2
28241,"ir emission line",3,2
28242,"first order nnlo",3,2
28243,"molecular clouds gmcs",3,2
28244,"absorption against",2,2
28245,"multiple scattering amplitude",3,2
28246,"proton scattering amplitudes",3,2
28247,"impurity atom",2,2
28248,"scale invariant mass",3,2
28249,"yr mpc",2,2
28250,"iin supernova sn",3,2
28251,"accretion disk surrounding gas",4,2
28252,"echelle spectroscopy",2,2
28253,"emission line shapes",3,2
28254,"non relativistic heavy",3,2
28255,"dots embedded within",3,2
28256,"charged rotating black hole",4,2
28257,"open orbit",2,2
28258,"amorphous silicate",2,2
28259,"doped manganite",2,2
28260,"snia data",2,2
28261,"step replica",2,2
28262,"free energy theorems",3,2
28263,"self energy scales",3,2
28264,"lowest metallicity",2,2
28265,"minimum mass planets",3,2
28266,"kinetic sunyaev zel",3,2
28267,"factor binding model",3,2
28268,"rates inferred",2,2
28269,"af order",2,2
28270,"non linear regression model",4,2
28271,"sub millimetre",2,2
28272,"redshift ranges",2,2
28273,"infrared luminosity ratio",3,2
28274,"ionizing photons",2,2
28275,"type iia orientifolds",3,2
28276,"companion star forming",3,2
28277,"mellin space time",3,2
28278,"ricci scalar field theory",4,2
28279,"qubit gates",2,2
28280,"eddy simulation",2,2
28281,"host bulge",2,2
28282,"black hole asymmetry",3,2
28283,"ore extension",2,2
28284,"semiconductor quantum hall effect",4,2
28285,"de rham cohomology groups",4,2
28286,"distributions gpds",2,2
28287,"shower monte carlo",3,2
28288,"minimal supersymmetric version",3,2
28289,"bogoliubov coefficients",2,2
28290,"short time averaged",3,2
28291,"type iib orientifold",3,2
28292,"lenticular galaxies",2,2
28293,"galaxy messier",2,2
28294,"quasi periodic potentials",3,2
28295,"ell bar lambda",3,2
28296,"infinite multiplicity",2,2
28297,"factorization algorithms",2,2
28298,"cusp anomalous",2,2
28299,"lambda qcd sum rules",4,2
28300,"correctly predicts",2,2
28301,"weak mixing angle theta",4,2
28302,"distillable entanglement",2,2
28303,"central star product",3,2
28304,"terminal condition",2,2
28305,"nearby spiral",2,2
28306,"agb star formation",3,2
28307,"highly non negative",3,2
28308,"enard convection",2,2
28309,"few nucleon interaction",3,2
28310,"robust enough",2,2
28311,"statistical precision measurements",3,2
28312,"water content",2,2
28313,"spatial coordinate",2,2
28314,"writing down",2,2
28315,"kk gravitons",2,2
28316,"tadpole cancellation",2,2
28317,"rapidly moving",2,2
28318,"linear odes",2,2
28319,"monte carlo qmc",3,2
28320,"fractional quantum hall fqh states",5,2
28321,"pure braid",2,2
28322,"geometric langlands",2,2
28323,"non selfadjoint operators",3,2
28324,"non universal gaugino masses",4,2
28325,"spectral energy eigenvalues",3,2
28326,"colossal magnetoresistive",2,2
28327,"single crystal silicon",3,2
28328,"many particle content",3,2
28329,"luminous supernova",2,2
28330,"function interpolants",2,2
28331,"suppress star formation",3,2
28332,"double white dwarfs",3,2
28333,"completely polarized",2,2
28334,"shock tube",2,2
28335,"general relativistic quantum mechanics",4,2
28336,"particle physics program",3,2
28337,"alternating current density",3,2
28338,"inverted neutrino",2,2
28339,"inflationary observables",2,2
28340,"ising universality",2,2
28341,"neutron scattering lengths",3,2
28342,"energy ef",2,2
28343,"maximum likelihood function",3,2
28344,"skew symmetric group",3,2
28345,"continuous wavelet",2,2
28346,"heavy baryon number",3,2
28347,"uniformly hyperbolic",2,2
28348,"order quasilinear",2,2
28349,"too low mass",3,2
28350,"molecular gas reservoir",3,2
28351,"galois covering",2,2
28352,"social network topologies",3,2
28353,"doped gaas algaas",3,2
28354,"density wave vector",3,2
28355,"equatorial wind",2,2
28356,"spin diffusion",2,2
28357,"lie within kpc",3,2
28358,"sonic point",2,2
28359,"conjugate symmetric group",3,2
28360,"dense shell",2,2
28361,"time dependent gross pitaevskii",4,2
28362,"individual stocks",2,2
28363,"walker metrics",2,2
28364,"orbital decay",2,2
28365,"encoding decoding algorithm",3,2
28366,"momentum transport properties",3,2
28367,"utility functions",2,2
28368,"aharonov bohm flux phi",4,2
28369,"folding unfolding",2,2
28370,"linear optical lattice",3,2
28371,"mean free parameters",3,2
28372,"de haas",2,2
28373,"first order parameter space",4,2
28374,"nonlinear regression",2,2
28375,"unitary evolution equations",3,2
28376,"assembly histories",2,2
28377,"hadronic matrix",2,2
28378,"lh model",2,2
28379,"spontaneous lorentz",2,2
28380,"scalar unparticle physics",3,2
28381,"coherence length scale",3,2
28382,"convergent series expansion",3,2
28383,"debris discs",2,2
28384,"von neumann map",3,2
28385,"superstring field theories",3,2
28386,"positive tension",2,2
28387,"wall shear",2,2
28388,"strain tensor",2,2
28389,"ordinary yang mills theories",4,2
28390,"shear rates",2,2
28391,"archival hubble space",3,2
28392,"telescope glast",2,2
28393,"line luminosities",2,2
28394,"nuclei agn feedback",3,2
28395,"manin obstruction",2,2
28396,"extrinsic curvature",2,2
28397,"simple analytic methods",3,2
28398,"wireless sensor",2,2
28399,"yang mills higgs",3,2
28400,"large magellanic",2,2
28401,"ray powder",2,2
28402,"ultrarelativistic heavy",2,2
28403,"single burst grb",3,2
28404,"mass weighted",2,2
28405,"compact extra",2,2
28406,"ion research",2,2
28407,"abelian gauge groups",3,2
28408,"weighted velocity",2,2
28409,"delay line",2,2
28410,"dimensional electron transport",3,2
28411,"uv continuum emission line",4,2
28412,"squares estimators",2,2
28413,"reduced absorption spectroscopy",3,2
28414,"verifiable conditions",2,2
28415,"synthetic photometry",2,2
28416,"wide collection",2,2
28417,"invariant mass ratio",3,2
28418,"single photons emitted",3,2
28419,"strong mgii",2,2
28420,"keller segel",2,2
28421,"self assembled inas gaas",4,2
28422,"isospin symmetric",2,2
28423,"en wave",2,2
28424,"fock hf",2,2
28425,"purely geometric phase",3,2
28426,"bound imposed",2,2
28427,"primordial curvature perturbations",3,2
28428,"first kk graviton",3,2
28429,"transit light",2,2
28430,"wolf rayet star formation",4,2
28431,"seebeck coefficient",2,2
28432,"quasiparticle random",2,2
28433,"residual interaction strength",3,2
28434,"multiplier ideal",2,2
28435,"rho meson production",3,2
28436,"gross pitaevskii equations",3,2
28437,"carbon isotopic",2,2
28438,"simple analytical approximations",3,2
28439,"exponential growth rates",3,2
28440,"evolution sle",2,2
28441,"elliptically polarized laser",3,2
28442,"achromatic breaks",2,2
28443,"field north",2,2
28444,"fixed base ring",3,2
28445,"non gaussianities",2,2
28446,"halo mass estimates",3,2
28447,"mechanical feedback",2,2
28448,"dependent hartree fock",3,2
28449,"ranged interactions",2,2
28450,"non interacting bosons",3,2
28451,"set theoretic description",3,2
28452,"semi simple lie algebra",4,2
28453,"baker campbell",2,2
28454,"fading broadcast",2,2
28455,"wimp nucleus",2,2
28456,"constrained minimal supersymmetric standard model",5,2
28457,"transversity distribution function",3,2
28458,"positive cosmological observations",3,2
28459,"electron transport coefficients",3,2
28460,"elongation rate",2,2
28461,"high energy vhe gamma",4,2
28462,"neutrino sphere",2,2
28463,"canonical partition function",3,2
28464,"merger tree",2,2
28465,"extra galactic disk",3,2
28466,"massless scalar qed",3,2
28467,"sun like oscillations",3,2
28468,"superconformal field",2,2
28469,"satisfaction problems",2,2
28470,"concentration inequalities",2,2
28471,"sub ohmic",2,2
28472,"schechter functions",2,2
28473,"range attractions",2,2
28474,"1d bose gases",3,2
28475,"dust lane",2,2
28476,"barabasi albert",2,2
28477,"paraelectric phase",2,2
28478,"degenerate orbitals",2,2
28479,"liquid metal insulator",3,2
28480,"radio recombination",2,2
28481,"electroweak phase transition",3,2
28482,"spectrograph stis",2,2
28483,"blue cloud",2,2
28484,"quintessence like",2,2
28485,"air shower simulations",3,2
28486,"binding site",2,2
28487,"water maser spots",3,2
28488,"real biological",2,2
28489,"her stars",2,2
28490,"phi pi nu tau",4,2
28491,"lambdacdm cosmology",2,2
28492,"gromov hausdorff",2,2
28493,"aromatic hydrocarbon",2,2
28494,"delocalized phase transitions",3,2
28495,"eddy current",2,2
28496,"fermi mixtures",2,2
28497,"bh binary black hole",4,2
28498,"type ii asymmetric",3,2
28499,"deconfining phase transition",3,2
28500,"meson dominance",2,2
28501,"fully relativistic quantum",3,2
28502,"inner bound",2,2
28503,"energy resolutions",2,2
28504,"superconducting correlations",2,2
28505,"negative refraction coefficient",3,2
28506,"fri radio galaxies",3,2
28507,"atmospheric mixing angle theta",4,2
28508,"heavy quark mass loss",4,2
28509,"wiener chaos",2,2
28510,"single crystal containing",3,2
28511,"hcn emission line",3,2
28512,"high energy transfer matrix",4,2
28513,"dm density matrix",3,2
28514,"feedback control over",3,2
28515,"restframe uv",2,2
28516,"sigma xy",2,2
28517,"hidden conformal",2,2
28518,"h2o lines",2,2
28519,"magnetic tension",2,2
28520,"sub exponential",2,2
28521,"flip scattering",2,2
28522,"porrati dgp",2,2
28523,"dvali gabadadze",2,2
28524,"cosmic string tension",3,2
28525,"nuclear starburst activity",3,2
28526,"skyrme interactions",2,2
28527,"group velocity dispersion relation",4,2
28528,"accreted onto",2,2
28529,"coded modulation",2,2
28530,"stringent upper limit",3,2
28531,"quantum information processor",3,2
28532,"valley polarization",2,2
28533,"solar limb",2,2
28534,"distance regular graphs",3,2
28535,"navarro frenk",2,2
28536,"low mass concentrations",3,2
28537,"exchange correlation functionals",3,2
28538,"old metal rich",3,2
28539,"channel estimation errors",3,2
28540,"maxwell bloch",2,2
28541,"two photon added",3,2
28542,"high temperature tn",3,2
28543,"spectroscopic explorer",2,2
28544,"quark gluon resummation",3,2
28545,"transient absorption spectroscopy",3,2
28546,"dilute solutions",2,2
28547,"mesh size",2,2
28548,"perseus molecular",2,2
28549,"photonic lattices",2,2
28550,"einstein cartan",2,2
28551,"liouville fractional",2,2
28552,"relic gravitational radiation",3,2
28553,"contact area",2,2
28554,"young neutron star",3,2
28555,"long tailed",2,2
28556,"actively accreting",2,2
28557,"reheating after",2,2
28558,"dyonic black holes",3,2
28559,"planck units",2,2
28560,"spin polarization efficiency",3,2
28561,"polycyclic aromatic hydrocarbon pah",4,2
28562,"lifshitz formula",2,2
28563,"pion mass function",3,2
28564,"multivariate normal distribution function",4,2
28565,"weak gravitational interactions",3,2
28566,"low temperature ranges",3,2
28567,"non linear superposition principle",4,2
28568,"spin orbit coupling regime",4,2
28569,"polarized abelian",2,2
28570,"blue supergiants",2,2
28571,"four momentum distributions",3,2
28572,"finsler space",2,2
28573,"order multipoles",2,2
28574,"iia string",2,2
28575,"recursive green function",3,2
28576,"coulomb distortion",2,2
28577,"wave observatory",2,2
28578,"lookback time",2,2
28579,"cold atoms confined",3,2
28580,"converges almost",2,2
28581,"breaks lorentz",2,2
28582,"conformally compact riemannian manifold",4,2
28583,"mode squeezed vacuum",3,2
28584,"corresponding achievable",2,2
28585,"neutrino spin",2,2
28586,"superfluid fraction",2,2
28587,"near infrared nir images",4,2
28588,"algol type",2,2
28589,"surface plasmon polaritons",3,2
28590,"charged particles emitted",3,2
28591,"like outburst",2,2
28592,"stringent upper bounds",3,2
28593,"gas phase diagrams",3,2
28594,"two flavor conversion",3,2
28595,"tritium beta decay",3,2
28596,"globular cluster size",3,2
28597,"sachs wolfe",2,2
28598,"narrow line seyfert galaxy",4,2
28599,"ha emission",2,2
28600,"dc transport",2,2
28601,"non metricity",2,2
28602,"crystalline materials",2,2
28603,"gamma ray emission line",4,2
28604,"computationally intensive",2,2
28605,"alpha neq",2,2
28606,"dynamics simulations indicate",3,2
28607,"tight binding site",3,2
28608,"triplet excitations",2,2
28609,"differential conductance oscillations",3,2
28610,"planetary mass distribution",3,2
28611,"ligo science",2,2
28612,"few myr",2,2
28613,"effective mass matrices",3,2
28614,"insulating ground states",3,2
28615,"direct urca",2,2
28616,"xmm newton deep",3,2
28617,"collapsing core collapse",3,2
28618,"repulsive hubbard",2,2
28619,"valued processes",2,2
28620,"high frequency peaked",3,2
28621,"ising spin susceptibility",3,2
28622,"body decays",2,2
28623,"local hidden variable",3,2
28624,"killing yano",2,2
28625,"flop transition",2,2
28626,"hler manifold",2,2
28627,"computing environments",2,2
28628,"ionization history",2,2
28629,"two flavor violation",3,2
28630,"symmetric convex sets",3,2
28631,"squared q2 gev",3,2
28632,"hard scattering off",3,2
28633,"scalar tensor power law",4,2
28634,"physical interpretations",2,2
28635,"upper triangular",2,2
28636,"ground state potts model",4,2
28637,"candidate young stars",3,2
28638,"fractional magnetization",2,2
28639,"hst ghrs",2,2
28640,"modes qnms",2,2
28641,"spectrograph irs",2,2
28642,"orthogonal frequency",2,2
28643,"relativistic heavy quark matter",4,2
28644,"joule heating",2,2
28645,"fractional integrals",2,2
28646,"regulatory elements",2,2
28647,"killing tensors",2,2
28648,"odd prime numbers",3,2
28649,"activation energy barrier",3,2
28650,"atmospheric neutrino telescopes",3,2
28651,"charged rotating black hole solutions",5,2
28652,"semileptonic decay rate",3,2
28653,"riccati equation",2,2
28654,"formation proceeds",2,2
28655,"fluorescence detection",2,2
28656,"occupation distribution function",3,2
28657,"magnetic field acquires",3,2
28658,"alpha forest",2,2
28659,"two component bose einstein",4,2
28660,"haute provence",2,2
28661,"anisotropic stress energy",3,2
28662,"ratio inspirals emris",3,2
28663,"intragroup medium",2,2
28664,"non negative cosmological constant",4,2
28665,"mobile computing devices",3,2
28666,"sharp transition metal",3,2
28667,"non newtonian",2,2
28668,"scalable quantum",2,2
28669,"post inflationary",2,2
28670,"averaged star formation",3,2
28671,"supernova sn 1993j",3,2
28672,"four momentum space",3,2
28673,"dimensional superconformal",2,2
28674,"pimsner algebras",2,2
28675,"asymptotically ads spacetime",3,2
28676,"quasi periodic modulation",3,2
28677,"3sigma upper limit",3,2
28678,"scanning tunnelling microscopy stm",4,2
28679,"muon solenoid",2,2
28680,"gauss bonnet coupling",3,2
28681,"smooth cubic surfaces",3,2
28682,"tidal heating",2,2
28683,"gamma ray flares",3,2
28684,"non orientable surfaces",3,2
28685,"2d ising",2,2
28686,"radiatively driven",2,2
28687,"heat pump",2,2
28688,"death process",2,2
28689,"atmospheric neutrino fluxes",3,2
28690,"phylogenetic networks",2,2
28691,"reflection symmetry breaking",3,2
28692,"partial restoration",2,2
28693,"critical sobolev",2,2
28694,"amp ere equation",3,2
28695,"plasmon mode",2,2
28696,"electron phonon coupling constant",4,2
28697,"vanishing net",2,2
28698,"local optimization",2,2
28699,"cmb quadrupole",2,2
28700,"non detection limits",3,2
28701,"central exclusive",2,2
28702,"density jc",2,2
28703,"moderate redshifts",2,2
28704,"decision processes",2,2
28705,"data warehouses",2,2
28706,"neutron star rx",3,2
28707,"existing experimental studies",3,2
28708,"tight upper",2,2
28709,"free electron transport",3,2
28710,"shear transformation",2,2
28711,"vanishing radial",2,2
28712,"mgii absorbers",2,2
28713,"quaternionic kahler",2,2
28714,"hadron collider rhic",3,2
28715,"low luminosity ratio",3,2
28716,"planet finder",2,2
28717,"transmission electron hole",3,2
28718,"poloidal magnetic",2,2
28719,"fermi arc",2,2
28720,"trade network",2,2
28721,"neumann entropy",2,2
28722,"wn stars",2,2
28723,"ray emission occurs",3,2
28724,"hadron collider signature",3,2
28725,"variability pattern",2,2
28726,"quantum interference pattern",3,2
28727,"parallel manipulator",2,2
28728,"differential games",2,2
28729,"surrounding interstellar",2,2
28730,"hidden variable range",3,2
28731,"sin phi",2,2
28732,"weiss oscillations",2,2
28733,"monolayer graphene sheet",3,2
28734,"ray flux enhancement",3,2
28735,"stochastic integral representation",3,2
28736,"decimation algorithm",2,2
28737,"function imf",2,2
28738,"spin filtering",2,2
28739,"non hermitian structures",3,2
28740,"sn 2006aj",2,2
28741,"black hole bh mass",4,2
28742,"propelled particles",2,2
28743,"sdss data set",3,2
28744,"observational data indicate",3,2
28745,"heegaard splitting",2,2
28746,"functional theory tddft",3,2
28747,"bondi mass",2,2
28748,"neutral graphene sheet",3,2
28749,"near uv optical spectra",4,2
28750,"eddington accretion disk",3,2
28751,"archival hubble",2,2
28752,"leptonic mixing matrix",3,2
28753,"lie groupoids",2,2
28754,"helium flash",2,2
28755,"dimensional hydrodynamical",2,2
28756,"non universal covering",3,2
28757,"semiconductor quantum wire",3,2
28758,"borel probability",2,2
28759,"concordance lcdm",2,2
28760,"water dimer",2,2
28761,"thermal sunyaev",2,2
28762,"ghz continuum emission line",4,2
28763,"qcd vacuum state",3,2
28764,"outer penumbra",2,2
28765,"a1 pi pi0",3,2
28766,"electron gas 2deg",3,2
28767,"seyfert nuclei agn",3,2
28768,"absolutely continuous time",3,2
28769,"mg core",2,2
28770,"electro mechanical systems",3,2
28771,"cal pt symmetric",3,2
28772,"single stranded",2,2
28773,"pattern avoiding",2,2
28774,"broadband spectral analysis",3,2
28775,"running coupling unification scale",4,2
28776,"tower atmospheric",2,2
28777,"effective mass matrix renormalization",4,2
28778,"3-dof translational",2,2
28779,"three dof parallel kinematic",4,2
28780,"sub shell",2,2
28781,"uniform electric",2,2
28782,"evolutionary histories",2,2
28783,"nearly flat",2,2
28784,"submm continuum",2,2
28785,"fermi liquids",2,2
28786,"harmonic trap center",3,2
28787,"quantum critical point qcp",4,2
28788,"unparticle operator",2,2
28789,"host galaxy formation rates",4,2
28790,"deconfined quantum critical",3,2
28791,"completely absent",2,2
28792,"magnus expansion",2,2
28793,"charged impurity scattering",3,2
28794,"heavy right handed",3,2
28795,"neel temperature",2,2
28796,"tribimaximal mixing",2,2
28797,"refraction coefficient",2,2
28798,"functional renormalization",2,2
28799,"two component fermi",3,2
28800,"bimodal distribution function",3,2
28801,"gyr old metal poor",4,2
28802,"lmc distance",2,2
28803,"angular momentum distribution functions",4,2
28804,"einstein born",2,2
28805,"origins deep",2,2
28806,"log sobolev inequalities",3,2
28807,"two photon index gamma",4,2
28808,"alfalfa survey",2,2
28809,"streaming length",2,2
28810,"ongoing star cluster",3,2
28811,"geometric entanglement",2,2
28812,"mid ir colors",3,2
28813,"axial vector field theory",4,2
28814,"graph drawing",2,2
28815,"quiescent galaxies",2,2
28816,"galactic disk winds",3,2
28817,"young stellar mass distribution",4,2
28818,"warm dust emission",3,2
28819,"crystal structure formation",3,2
28820,"column density nh",3,2
28821,"orientational order parameter",3,2
28822,"temperature varies",2,2
28823,"synthesis code",2,2
28824,"coupling soc",2,2
28825,"kiloparsec scale",2,2
28826,"tight constraint",2,2
28827,"zener problem",2,2
28828,"stellar mass accretion disks",4,2
28829,"valence quark masses",3,2
28830,"orbit around young brown",4,2
28831,"density stratification",2,2
28832,"maximally superintegrable",2,2
28833,"affine toda",2,2
28834,"finite dimensional electron",3,2
28835,"group velocity fields",3,2
28836,"21cm emission",2,2
28837,"cuts off",2,2
28838,"medium igm",2,2
28839,"two dimensional 2d coulomb",4,2
28840,"event generation",2,2
28841,"self consistent gw",3,2
28842,"thermal comptonization",2,2
28843,"high velocity distributions",3,2
28844,"decoding scheme",2,2
28845,"chargino neutralino production",3,2
28846,"monge ampere equation",3,2
28847,"hypernova explosion",2,2
28848,"factorization formalism",2,2
28849,"atomic gas phase diagram",4,2
28850,"galactic ridge",2,2
28851,"total number densities",3,2
28852,"path integral monte carlo",4,2
28853,"explorer trace",2,2
28854,"pencil beam",2,2
28855,"vector machine learning",3,2
28856,"frascati phi",2,2
28857,"commutative noetherian",2,2
28858,"totally asymmetric simple",3,2
28859,"emitting electrons",2,2
28860,"template matching",2,2
28861,"tendency toward",2,2
28862,"lorentz invariant mass",3,2
28863,"andreev bound",2,2
28864,"shubnikov de",2,2
28865,"haas sdh",2,2
28866,"transition metal insulator transitions",4,2
28867,"runge lenz",2,2
28868,"information theoretic models",3,2
28869,"resonant inelastic collisions",3,2
28870,"spin accumulation",2,2
28871,"brain injury",2,2
28872,"frenkel excitons",2,2
28873,"valence bond solid vbs",4,2
28874,"incompressible euler",2,2
28875,"multi anode",2,2
28876,"mid infrared camera",3,2
28877,"ml decoding",2,2
28878,"gas giant hii",3,2
28879,"star cluster onc",3,2
28880,"near infrared extragalactic sources",4,2
28881,"ray absorption fine structure",4,2
28882,"color glass",2,2
28883,"iron abundance patterns",3,2
28884,"variable cv",2,2
28885,"solvable lie groups",3,2
28886,"neutrino mixing angle theta",4,2
28887,"mg kg",2,2
28888,"ion storage",2,2
28889,"effective mass transfer",3,2
28890,"thermally assisted",2,2
28891,"lowest energy barrier",3,2
28892,"highly non vanishing",3,2
28893,"spin down quarks",3,2
28894,"partially filled landau level",4,2
28895,"emitting agn",2,2
28896,"low mass inflow",3,2
28897,"h2o maser sources",3,2
28898,"optical parametric down conversion",4,2
28899,"pairing correlation function",3,2
28900,"accreting millisecond pulsar",3,2
28901,"solar observatory soho",3,2
28902,"cerebral ischemia",2,2
28903,"supernova explosion mechanism",3,2
28904,"paul trap",2,2
28905,"hard exclusive electroproduction",3,2
28906,"fibre bundle",2,2
28907,"dust reddening",2,2
28908,"printed circuit",2,2
28909,"atomic recoil",2,2
28910,"navier stokes parameters",3,2
28911,"nature london",2,2
28912,"genus zero gromov witten",4,2
28913,"survey shades",2,2
28914,"high degree extragalactic sources",4,2
28915,"absorption line profiles",3,2
28916,"inside carbon",2,2
28917,"rotating neutron",2,2
28918,"fairly large number",3,2
28919,"photon counts",2,2
28920,"electrically conducting",2,2
28921,"photon exchange",2,2
28922,"non rotating black hole",4,2
28923,"metrewave radio telescope",3,2
28924,"double quantum key",3,2
28925,"whole sky",2,2
28926,"expander codes",2,2
28927,"laplacian matrix",2,2
28928,"quark mass matrix element",4,2
28929,"collinear factorization approach",3,2
28930,"accreting black holes",3,2
28931,"compact steep",2,2
28932,"gap soliton",2,2
28933,"schwarzschild black hole thermodynamics",4,2
28934,"neighbor interactions",2,2
28935,"non thermal emission lines",4,2
28936,"coronal loops",2,2
28937,"line shifts",2,2
28938,"diffusion tensor",2,2
28939,"anomaly mediated",2,2
28940,"homotopy colimits",2,2
28941,"cosmic ray surveys",3,2
28942,"qubit rotation",2,2
28943,"aperture photometry",2,2
28944,"electrochemical potential",2,2
28945,"ultra high quality",3,2
28946,"nuclear medium modifications",3,2
28947,"slow light scattering",3,2
28948,"compact dwarfs",2,2
28949,"molecular hydrogen atoms",3,2
28950,"giant metrewave radio telescope",4,2
28951,"two dimensional organic conductor",4,2
28952,"laser ablation",2,2
28953,"graphene nanoribbons gnrs",3,2
28954,"astronomical satellite",2,2
28955,"supersolid phase diagram",3,2
28956,"cube root",2,2
28957,"residual resistivity measurements",3,2
28958,"laser irradiation",2,2
28959,"wimp nucleon",2,2
28960,"expansion rates",2,2
28961,"rich mergers",2,2
28962,"average kinetic",2,2
28963,"klebanov tseytlin",2,2
28964,"test particle physics",3,2
28965,"violate bell",2,2
28966,"maxwell boltzmann distribution functions",4,2
28967,"thereby leading",2,2
28968,"2d ising spin",3,2
28969,"spectroscopy xps",2,2
28970,"cdte quantum",2,2
28971,"entire sample",2,2
28972,"cubic quintic",2,2
28973,"dipolar bose einstein condensates",4,2
28974,"scuti star",2,2
28975,"oriented programming",2,2
28976,"spectral index alpha",3,2
28977,"rna pseudoknot",2,2
28978,"non extremal black holes",4,2
28979,"binocular telescope",2,2
28980,"strong covalent",2,2
28981,"knockout reactions",2,2
28982,"wire tap",2,2
28983,"dipolar gases",2,2
28984,"dis off",2,2
28985,"stm tip",2,2
28986,"supergiants rsgs",2,2
28987,"oriented percolation",2,2
28988,"hi surveys",2,2
28989,"magellanic cloud smc",3,2
28990,"exit time evolution",3,2
28991,"gravity side",2,2
28992,"around kev band",3,2
28993,"low mach",2,2
28994,"minimum mass ratio",3,2
28995,"aboard integral",2,2
28996,"lrg sample",2,2
28997,"source 1rxs",2,2
28998,"periodogram analysis",2,2
28999,"convergence tests",2,2
29000,"scalar unparticle couplings",3,2
29001,"mean free energy spectrum",4,2
29002,"stability analysis predicts",3,2
29003,"theoretical calculations suggest",3,2
29004,"singular point source",3,2
29005,"neutron electric charge",3,2
29006,"polarized neutron scattering",3,2
29007,"connected domains",2,2
29008,"hxd pin",2,2
29009,"heavy quark confinement",3,2
29010,"21-cm line",2,2
29011,"local supercluster",2,2
29012,"photonic electron",2,2
29013,"hop wireless",2,2
29014,"field gf",2,2
29015,"partonic cross section",3,2
29016,"main belt",2,2
29017,"physico chemical",2,2
29018,"manifestly lorentz",2,2
29019,"tau lepton flavor",3,2
29020,"spectrum agrees",2,2
29021,"current deep inelastic scattering",4,2
29022,"seismic waves",2,2
29023,"slepton mass",2,2
29024,"primordial non local",3,2
29025,"stringy instantons",2,2
29026,"surface gravities",2,2
29027,"weighted averages",2,2
29028,"highest redshift range",3,2
29029,"dynamically relaxed galaxy clusters",4,2
29030,"precision astrometry",2,2
29031,"complex banach algebra",3,2
29032,"early type ia supernova",4,2
29033,"full qcd corrections",3,2
29034,"ionization front",2,2
29035,"space time goes",3,2
29036,"clebsch gordan",2,2
29037,"discrete time scale",3,2
29038,"interferometer space",2,2
29039,"landau zener transition probability",4,2
29040,"periodic gravitational",2,2
29041,"spin boson production",3,2
29042,"large extra dimensional",3,2
29043,"angular momentum fraction",3,2
29044,"multipartite entangled states",3,2
29045,"onto dust",2,2
29046,"neutrino mass distribution function",4,2
29047,"v2 values",2,2
29048,"compact groupoids",2,2
29049,"phase locked quark matter",4,2
29050,"dynamo threshold",2,2
29051,"longest path",2,2
29052,"ray timing",2,2
29053,"absorption line broadening",3,2
29054,"stringent requirements",2,2
29055,"formula connecting",2,2
29056,"2d photonic",2,2
29057,"multiple scattering processes",3,2
29058,"spectrometer eis",2,2
29059,"incompressible magnetohydrodynamic",2,2
29060,"lorentz boosts",2,2
29061,"cloud lmc",2,2
29062,"hydrogen envelope",2,2
29063,"dark cloud cores",3,2
29064,"2d electron doped",3,2
29065,"final configuration",2,2
29066,"deuterium burning",2,2
29067,"microscopy stm studies",3,2
29068,"optics approximation",2,2
29069,"parallel programming",2,2
29070,"posterior probability density",3,2
29071,"non abelian berry",3,2
29072,"dust extinction curves",3,2
29073,"fully automated",2,2
29074,"imaging surveys covering",3,2
29075,"rest frame ultraviolet uv",4,2
29076,"spiral galaxy formation rate",4,2
29077,"agb phase",2,2
29078,"floer cohomology",2,2
29079,"shaped bose einstein condensates",4,2
29080,"wrapping around",2,2
29081,"multi hop",2,2
29082,"bondi ltb",2,2
29083,"4th order parameter",3,2
29084,"wind binaries",2,2
29085,"molecular gas content",3,2
29086,"lepton flavour production",3,2
29087,"giant graviton",2,2
29088,"deser misner",2,2
29089,"swift uvot",2,2
29090,"count rates",2,2
29091,"flux quanta",2,2
29092,"stock exchange",2,2
29093,"stabilizer states",2,2
29094,"doubly special",2,2
29095,"empirical bayes",2,2
29096,"blue tilt",2,2
29097,"irreducible plane curves",3,2
29098,"interference fringe",2,2
29099,"pixel size",2,2
29100,"temperature interval",2,2
29101,"electron storage ring",3,2
29102,"mass planets embedded",3,2
29103,"non linear resistivity",3,2
29104,"3c sic",2,2
29105,"variable cosmological constant lambda",4,2
29106,"high spatial scales",3,2
29107,"operator theoretic",2,2
29108,"large number counts",3,2
29109,"non local calabi yau",4,2
29110,"gaseous halos",2,2
29111,"selection cuts",2,2
29112,"charged higgs doublet",3,2
29113,"positive magnetoresistance mr",3,2
29114,"doppler factors",2,2
29115,"covalent bonding",2,2
29116,"event shapes",2,2
29117,"hot gas giant planet",4,2
29118,"eliashberg theory",2,2
29119,"positively charged particle",3,2
29120,"occupied molecular",2,2
29121,"lya emitting",2,2
29122,"ray emission originating",3,2
29123,"electronic circuits",2,2
29124,"multi particle identification",3,2
29125,"current ic",2,2
29126,"thermal management",2,2
29127,"archival vla",2,2
29128,"frii radio source",3,2
29129,"through subwavelength",2,2
29130,"uchii regions",2,2
29131,"semi riemannian",2,2
29132,"etale cohomology",2,2
29133,"international space station",3,2
29134,"evanescent waves",2,2
29135,"hi 21-cm",2,2
29136,"transition probability distributions",3,2
29137,"relativistic impulse",2,2
29138,"ray polarimeter",2,2
29139,"flux decreased",2,2
29140,"sparse representations",2,2
29141,"reflection coefficient",2,2
29142,"absolute magnitude mv",3,2
29143,"lorentzian signature",2,2
29144,"interstellar ices",2,2
29145,"service oriented",2,2
29146,"confluent heun",2,2
29147,"intra cluster",2,2
29148,"photometric selection",2,2
29149,"relaxed galaxy",2,2
29150,"dynamic nuclear",2,2
29151,"intra cavity",2,2
29152,"helium shell",2,2
29153,"donaldson thomas",2,2
29154,"patient specific",2,2
29155,"condensed phase transition",3,2
29156,"long distance scales",3,2
29157,"sources lie",2,2
29158,"low mass accretion rate",4,2
29159,"diffuse interstellar dust emission",4,2
29160,"hall conductance",2,2
29161,"null energy density",3,2
29162,"hydrogen storage",2,2
29163,"perfect secrecy",2,2
29164,"star cluster center",3,2
29165,"smooth hybrid",2,2
29166,"heisenberg weyl algebra",3,2
29167,"lte model atmospheres",3,2
29168,"obscured agn hosts",3,2
29169,"full sky survey",3,2
29170,"short timescale",2,2
29171,"short circuit",2,2
29172,"ell adic",2,2
29173,"chordal sle",2,2
29174,"size scaling relations",3,2
29175,"staggered flux",2,2
29176,"non compact calabi yau",4,2
29177,"ray absorption lines",3,2
29178,"non stationary state",3,2
29179,"absolute branching fractions",3,2
29180,"two photon statistics",3,2
29181,"element abundance measurements",3,2
29182,"early type barred",3,2
29183,"magnetic field cef",3,2
29184,"broad categories",2,2
29185,"flavour violating",2,2
29186,"gravitino dark",2,2
29187,"interacting brownian",2,2
29188,"two opposing",2,2
29189,"atmospheric cherenkov",2,2
29190,"exponent governing",2,2
29191,"random phase separated",3,2
29192,"modified newtonian",2,2
29193,"system size distribution function",4,2
29194,"ambient vibrations",2,2
29195,"exactly solvable model predicts",4,2
29196,"lithium abundance",2,2
29197,"hopping integral",2,2
29198,"modal parameters",2,2
29199,"pt region",2,2
29200,"young open",2,2
29201,"approx kpc",2,2
29202,"non local density wave",4,2
29203,"transport capacity",2,2
29204,"te power spectra",3,2
29205,"progenitor star cluster",3,2
29206,"generalized chaplygin",2,2
29207,"central singularity formation",3,2
29208,"pulsar xte",2,2
29209,"cluster virial radius",3,2
29210,"emp stars",2,2
29211,"peaked profile",2,2
29212,"taste symmetry breaking",3,2
29213,"infinite series representations",3,2
29214,"w3 oh",2,2
29215,"light quark propagators",3,2
29216,"nanomechanical resonators",2,2
29217,"markup language",2,2
29218,"discrete fourier spectrum",3,2
29219,"minimum achievable rate",3,2
29220,"light quark mass gap",4,2
29221,"free paths",2,2
29222,"supplementary information",2,2
29223,"two photon exchange interaction",4,2
29224,"near infrared behaviour",3,2
29225,"modified bessel",2,2
29226,"traveling salesman",2,2
29227,"spin foam",2,2
29228,"iwasawa algebra",2,2
29229,"quantum game",2,2
29230,"quantum critical point correlation",4,2
29231,"dimensional organic",2,2
29232,"linear collider lhc",3,2
29233,"fractionally charged",2,2
29234,"nambu goldstone mode",3,2
29235,"correlated metals",2,2
29236,"serious errors",2,2
29237,"quark gluon vertex",3,2
29238,"antimatter asymmetry",2,2
29239,"casimir operators",2,2
29240,"radiative neutrino mass",3,2
29241,"emission line emitting galaxies",4,2
29242,"two qutrit",2,2
29243,"standard model bsm",3,2
29244,"wheeler de",2,2
29245,"scaling transformations",2,2
29246,"abundance discrepancy",2,2
29247,"earth orientation",2,2
29248,"wind blown",2,2
29249,"quasilinear elliptic equations",3,2
29250,"brownian bridge",2,2
29251,"chromomagnetic field",2,2
29252,"surface density fluctuations",3,2
29253,"square rms",2,2
29254,"subsequent star",2,2
29255,"exit time step",3,2
29256,"overlap distribution functions",3,2
29257,"multi dimensional reduction technique",4,2
29258,"archival hst imaging",3,2
29259,"kk particle",2,2
29260,"hot dust grains",3,2
29261,"telescope compact object",3,2
29262,"cold neutrons",2,2
29263,"andreev reflections",2,2
29264,"outer scale",2,2
29265,"moderately bright",2,2
29266,"transit duration",2,2
29267,"pseudoconvex domain",2,2
29268,"spontaneous cp",2,2
29269,"multipartite entangled",2,2
29270,"dimensional minkowski space time",4,2
29271,"rays crs",2,2
29272,"entire disk",2,2
29273,"social networking",2,2
29274,"event multiplicity",2,2
29275,"density matrix renormalization",3,2
29276,"parameter fnl",2,2
29277,"higgs boson fusion",3,2
29278,"dimensional photonic crystal",3,2
29279,"energy harvesting",2,2
29280,"chern simons modified",3,2
29281,"klein gordon models",3,2
29282,"modified kdv",2,2
29283,"strong cp violation",3,2
29284,"tetrahedral group",2,2
29285,"existing theoretical estimates",3,2
29286,"few tev gamma rays",4,2
29287,"charge disproportionation",2,2
29288,"neutral gas kinematics",3,2
29289,"equivariant cohomology groups",3,2
29290,"cellular dynamical systems",3,2
29291,"protostellar object",2,2
29292,"super diffusive",2,2
29293,"spatially modulated",2,2
29294,"stellar collisions",2,2
29295,"abelian group fn",3,2
29296,"functional programming",2,2
29297,"self interacting brownian",3,2
29298,"sample covariance matrices",3,2
29299,"star cluster approximation",3,2
29300,"surface fs",2,2
29301,"meson exchanges",2,2
29302,"falling onto",2,2
29303,"chromospheric activity",2,2
29304,"bv operator",2,2
29305,"light quark mass range",4,2
29306,"composite higgs",2,2
29307,"pulsed laser deposition pld",4,2
29308,"flavor domain",2,2
29309,"non linear electrodynamics",3,2
29310,"kaonic hydrogen",2,2
29311,"polycyclic groups",2,2
29312,"polarised emission",2,2
29313,"mid ir luminosities",3,2
29314,"spectral ranges",2,2
29315,"ultraviolet uv optical spectroscopy",4,2
29316,"schwarzschild metric tensor",3,2
29317,"nonlinear dynamo action",3,2
29318,"coherent pion production",3,2
29319,"proto stellar",2,2
29320,"temperature tn",2,2
29321,"mimo system",2,2
29322,"kilometer scale",2,2
29323,"solar tower atmospheric",3,2
29324,"kerr black holes",3,2
29325,"minor axes",2,2
29326,"telescopes like",2,2
29327,"experimental data base",3,2
29328,"scalar curvature perturbations",3,2
29329,"minor mergers",2,2
29330,"fault coverage",2,2
29331,"low temperature variations",3,2
29332,"radiative penguin",2,2
29333,"nonlinear optical parametric oscillator",4,2
29334,"photonic band",2,2
29335,"fisher matrix formalism",3,2
29336,"chandra observations suggest",3,2
29337,"intergalactic magnetic field",3,2
29338,"dephasing time dependent",3,2
29339,"generalized parton densities",3,2
29340,"maximum likelihood estimation procedure",4,2
29341,"centrally symmetric",2,2
29342,"first order odes",3,2
29343,"clustering signal",2,2
29344,"perturbative qcd sum rules",4,2
29345,"viscous stress strain",3,2
29346,"locally compact subsets",3,2
29347,"witten term",2,2
29348,"reynolds stresses",2,2
29349,"open cluster membership",3,2
29350,"bounded cohomology",2,2
29351,"rattling motion",2,2
29352,"linear polarization configurations",3,2
29353,"cuntz semigroup",2,2
29354,"fourth order parameter",3,2
29355,"odd prime power",3,2
29356,"merger histories",2,2
29357,"linear optical elements",3,2
29358,"complex projective schemes",3,2
29359,"missions like",2,2
29360,"upsilon 5s",2,2
29361,"period ratios",2,2
29362,"bonnet brane",2,2
29363,"phase space time scale",4,2
29364,"alert telescope",2,2
29365,"quasi hermitian hamiltonians",3,2
29366,"thermal emission lines",3,2
29367,"effective mass splittings",3,2
29368,"jeans equation",2,2
29369,"surface density wave vector",4,2
29370,"slepton masses",2,2
29371,"linear regression model selection",4,2
29372,"hauser feshbach",2,2
29373,"peaked bl lacertae",3,2
29374,"plausible gravitational",2,2
29375,"emergent phenomenon",2,2
29376,"low energy transfers",3,2
29377,"chemical bonds",2,2
29378,"he like behavior",3,2
29379,"neutral kaons",2,2
29380,"reuven ramaty",2,2
29381,"granular fluids",2,2
29382,"near infrared luminosity function",4,2
29383,"cosmological constant throughout",3,2
29384,"non linear independence",3,2
29385,"boltzmann weights",2,2
29386,"lax operator",2,2
29387,"trial wave",2,2
29388,"fully nonlinear partial",3,2
29389,"strange quark recombination",3,2
29390,"invisibility cloaks",2,2
29391,"massive companion",2,2
29392,"locally compact lie group",4,2
29393,"functional integral formulation",3,2
29394,"simple analytical arguments",3,2
29395,"loud active",2,2
29396,"ising spin down",3,2
29397,"macroscopic superpositions",2,2
29398,"ray missions",2,2
29399,"large number generator",3,2
29400,"baryonic chemical potentials",3,2
29401,"error exponents",2,2
29402,"complete cancellation",2,2
29403,"detailed numerical solution",3,2
29404,"telescope hst acs images",4,2
29405,"linear accelerator",2,2
29406,"scale free path",3,2
29407,"structure factor nu",3,2
29408,"upcoming neutrino interactions",3,2
29409,"self regulated",2,2
29410,"medical image",2,2
29411,"robinson tensor",2,2
29412,"double pomeron",2,2
29413,"ii peg",2,2
29414,"bipartite bell inequality",3,2
29415,"quark gluon fusion processes",4,2
29416,"positron collider",2,2
29417,"cosmic ray emission line",4,2
29418,"isovector part",2,2
29419,"parallel transport through",3,2
29420,"mie scattering",2,2
29421,"radiation domination",2,2
29422,"isospin quantum",2,2
29423,"kondo physics",2,2
29424,"direct cp averaged",3,2
29425,"effective mass matrix elements",4,2
29426,"energy transfer matrix",3,2
29427,"low density wave vector",4,2
29428,"shining through",2,2
29429,"type spirals",2,2
29430,"locally compact hausdorff",3,2
29431,"thermal noise ratio",3,2
29432,"low mass splitting",3,2
29433,"total mass planets",3,2
29434,"radio halo",2,2
29435,"integral cohomology groups",3,2
29436,"su wzw",2,2
29437,"eso vlt uves",3,2
29438,"xrt observation",2,2
29439,"abelian strings",2,2
29440,"nanoelectromechanical systems",2,2
29441,"quasi transitive",2,2
29442,"interpolating field theory",3,2
29443,"conformal mappings",2,2
29444,"non equilibrium ionization",3,2
29445,"unification scheme",2,2
29446,"congestion control",2,2
29447,"three nucleon force",3,2
29448,"elliptical galaxy formation",3,2
29449,"high velocity distribution",3,2
29450,"higher dimensional 5d einstein",4,2
29451,"radio flares",2,2
29452,"non monotonic function",3,2
29453,"pp waves",2,2
29454,"distribution qkd",2,1
29455,"rosen epr",2,1
29456,"open quantum monte carlo",4,1
29457,"slow fading",2,1
29458,"metric codes",2,1
29459,"constrained optimization",2,1
29460,"order autoregressive",2,1
29461,"ml decoding complexity",3,1
29462,"chandra orion ultradeep project",4,1
29463,"central black",2,1
29464,"gamma ray pulsar wind",4,1
29465,"cluster outskirts",2,1
29466,"accretion discs",2,1
29467,"continuous time scale",3,1
29468,"array lofar",2,1
29469,"optical richness",2,1
29470,"function lf",2,1
29471,"frequency surveys",2,1
29472,"warm inflationary",2,1
29473,"nuclei abridged",2,1
29474,"dsph galaxies",2,1
29475,"epoch vlbi",2,1
29476,"hot gaseous",2,1
29477,"latest type ia",3,1
29478,"abundance stratification",2,1
29479,"supergiant stars",2,1
29480,"circumnuclear star",2,1
29481,"ray emissivity",2,1
29482,"matter halo mass distribution",4,1
29483,"accretion events",2,1
29484,"baryonic chemical",2,1
29485,"warm dark matter halo",4,1
29486,"radio pulsations",2,1
29487,"instability sasi",2,1
29488,"lya emitters",2,1
29489,"psr b1951+32",2,1
29490,"folding time",2,1
29491,"sloan lens",2,1
29492,"spitzer c2d",2,1
29493,"uv selected samples",3,1
29494,"thermal sunyaev zel",3,1
29495,"star formation efficiencies",3,1
29496,"body hydrodynamic",2,1
29497,"protoneutron star",2,1
29498,"thick agn",2,1
29499,"fornax dwarf",2,1
29500,"magnetohydrodynamical mhd",2,1
29501,"point cep",2,1
29502,"lens sample",2,1
29503,"bondi accretion",2,1
29504,"nonlinear partial wave",3,1
29505,"nonparametric maximum",2,1
29506,"group membership",2,1
29507,"optimal controls",2,1
29508,"locally conformally",2,1
29509,"local rademacher complexities",3,1
29510,"eme de",2,1
29511,"gopakumar vafa",2,1
29512,"jordan curves",2,1
29513,"helmholtz instability",2,1
29514,"3d euler",2,1
29515,"unruh radiation",2,1
29516,"black hole surrounded",3,1
29517,"spontaneous parametric",2,1
29518,"markovian character",2,1
29519,"xy wave",2,1
29520,"quasi periodicity",2,1
29521,"la pr ca",3,1
29522,"electron hole asymmetry",3,1
29523,"spectral energy redistribution",3,1
29524,"optically visible",2,1
29525,"spin valve",2,1
29526,"size scaling rules",3,1
29527,"trapped bose",2,1
29528,"rotating bose einstein",3,1
29529,"centrosymmetric superconductor",2,1
29530,"spectroscopy sts",2,1
29531,"mott insulator transitions",3,1
29532,"fractional exclusion",2,1
29533,"spectral energy gaps",3,1
29534,"neighbor exchange",2,1
29535,"thomas fermi gases",3,1
29536,"superconductor sns",2,1
29537,"flow v2 values",3,1
29538,"quark coalescence",2,1
29539,"reasonable fits",2,1
29540,"symmetric supernova",2,1
29541,"skyrme hartree",2,1
29542,"forbidden emission",2,1
29543,"jona lasinio",2,1
29544,"two flavor nambu",3,1
29545,"quintessential inflation",2,1
29546,"su singlet scalar field",4,1
29547,"puts strong",2,1
29548,"decay width difference",3,1
29549,"abelian plasma",2,1
29550,"multi higgs boson",3,1
29551,"collective neutrino",2,1
29552,"kk excitations",2,1
29553,"modular tensor",2,1
29554,"langlands program",2,1
29555,"hep lat",2,1
29556,"interplanetary space time",3,1
29557,"empirical likelihood",2,1
29558,"lung ct scans",3,1
29559,"warm molecular dynamics simulations",4,1
29560,"electron positron pairs",3,1
29561,"maxwellian distribution",2,1
29562,"passage time fpt",3,1
29563,"double white",2,1
29564,"criticality soc",2,1
29565,"quasi hopf",2,1
29566,"off diagonal elements",3,1
29567,"krawtchouk polynomials",2,1
29568,"spin polarized light",3,1
29569,"intercombination line",2,1
29570,"junction array",2,1
29571,"energy expenditure",2,1
29572,"absolute frequency",2,1
29573,"lp decoding",2,1
29574,"mimo broadcast",2,1
29575,"block fading",2,1
29576,"balance control",2,1
29577,"cdma networks",2,1
29578,"identically distributed",2,1
29579,"noao deep",2,1
29580,"spatial heterogeneity",2,1
29581,"synchrotron emitting",2,1
29582,"alfa alfalfa",2,1
29583,"neutrino luminosity",2,1
29584,"secular perturbations",2,1
29585,"star counts",2,1
29586,"roap stars",2,1
29587,"density nh",2,1
29588,"moon system",2,1
29589,"viscous stress",2,1
29590,"klein gordon type",3,1
29591,"noise budget",2,1
29592,"marginally trapped",2,1
29593,"bps black",2,1
29594,"tribimaximal mixing matrix",3,1
29595,"light cone distribution amplitudes",4,1
29596,"pi0 nu",2,1
29597,"handed sneutrino",2,1
29598,"handed neutrinos",2,1
29599,"long baseline neutrino mass",4,1
29600,"landau pomeranchuk",2,1
29601,"non supersymmetric yang mills",4,1
29602,"twistor space time",3,1
29603,"dual matters",2,1
29604,"circular wilson",2,1
29605,"purely geometric phase space",4,1
29606,"local calabi",2,1
29607,"de witt",2,1
29608,"cern axion",2,1
29609,"semi relativistic",2,1
29610,"conformal weights",2,1
29611,"ads5 black hole",3,1
29612,"vacuum bubble",2,1
29613,"inflaton field theories",3,1
29614,"non supersymmetric black hole",4,1
29615,"resistive mhd",2,1
29616,"telescope lat",2,1
29617,"matter halo substructure",3,1
29618,"magnetic diffusivity",2,1
29619,"clay telescope",2,1
29620,"positron pair production",3,1
29621,"snr rx",2,1
29622,"structure lss",2,1
29623,"radio pulses",2,1
29624,"high temperature td",3,1
29625,"main sequence pms",3,1
29626,"turbulent diffusivity",2,1
29627,"australia telescope",2,1
29628,"observational evidences",2,1
29629,"snls data",2,1
29630,"sub eddington",2,1
29631,"millennium run",2,1
29632,"short duration gamma",3,1
29633,"star cluster medium icm",4,1
29634,"acs hrc",2,1
29635,"infrared astronomy",2,1
29636,"heisenberg algebras",2,1
29637,"displacement msd",2,1
29638,"magnetic multilayers",2,1
29639,"cuprate la",2,1
29640,"coupled gross",2,1
29641,"gapless phase transition",3,1
29642,"ray emissions",2,1
29643,"massless dirac point",3,1
29644,"spin polarized current density",4,1
29645,"magnetic chemically",2,1
29646,"frustrated ising",2,1
29647,"emph ab initio",3,1
29648,"superconducting gaps",2,1
29649,"spin orbit couplings",3,1
29650,"broken inversion",2,1
29651,"charging energy density",3,1
29652,"harmonically trapped fermi gas",4,1
29653,"spin populations",2,1
29654,"undoped microcrystalline",2,1
29655,"microcrystalline silicon",2,1
29656,"crystallized undoped",2,1
29657,"spin split",2,1
29658,"third harmonic",2,1
29659,"filled landau",2,1
29660,"common divisor",2,1
29661,"rashba spin orbit coupled",4,1
29662,"flory exponent",2,1
29663,"diffraction xrd",2,1
29664,"electric charge fluctuations",3,1
29665,"viscous damping",2,1
29666,"saw mechanism",2,1
29667,"quantities involved",2,1
29668,"level ef",2,1
29669,"skutterudite compound",2,1
29670,"young tableau",2,1
29671,"stacked triangular",2,1
29672,"scaling forms",2,1
29673,"single electron gas phase",4,1
29674,"generalized kahler",2,1
29675,"yau manifold",2,1
29676,"free sheaves",2,1
29677,"initial ideals",2,1
29678,"discretized coupled",2,1
29679,"mumford regularity",2,1
29680,"doubly stochastic",2,1
29681,"riemannian geometries",2,1
29682,"compact calabi",2,1
29683,"yau metrics",2,1
29684,"valuation ring",2,1
29685,"nonsingular projective",2,1
29686,"nonlinear klein",2,1
29687,"pi nu rho omega",4,1
29688,"hidden markov",2,1
29689,"tidal stream",2,1
29690,"functions pdf",2,1
29691,"crystal orientation",2,1
29692,"momentum pt distribution function",4,1
29693,"marked differences",2,1
29694,"space time steps",3,1
29695,"cummings model",2,1
29696,"dicke limit",2,1
29697,"bipartite bell type",3,1
29698,"first order parameter theta",4,1
29699,"high velocity diagram",3,1
29700,"time scale invariant",3,1
29701,"velocity gauge",2,1
29702,"odd observables",2,1
29703,"classical computer program",3,1
29704,"iib orientifold",2,1
29705,"minimal supersymmetric black hole",4,1
29706,"non supersymmetric extension",3,1
29707,"relativistic quantum monte carlo",4,1
29708,"field redefinitions",2,1
29709,"einstein condensates",2,1
29710,"angular momentum cut",3,1
29711,"supersymmetric quantum critical",3,1
29712,"super yang",2,1
29713,"graphics processing",2,1
29714,"data warehouse",2,1
29715,"phylogenetic invariants",2,1
29716,"p2p networks",2,1
29717,"de finetti",2,1
29718,"agn outburst",2,1
29719,"protoplanetary nebula",2,1
29720,"kinematically cold",2,1
29721,"telescope gbt",2,1
29722,"sound wave",2,1
29723,"reflection nebula",2,1
29724,"ao system",2,1
29725,"nordic optical",2,1
29726,"apsidal motion",2,1
29727,"high eccentricities",2,1
29728,"roque de",2,1
29729,"uhe cosmic rays",3,1
29730,"third dredge",2,1
29731,"dark matter halo concentration",4,1
29732,"planet forming",2,1
29733,"giant hii",2,1
29734,"psr j0737-3039a",2,1
29735,"near infrared array vla",4,1
29736,"spectrograph sinfoni",2,1
29737,"hi column",2,1
29738,"oldest main sequence",3,1
29739,"array vlba observations",3,1
29740,"wavelength shifts",2,1
29741,"classical novae",2,1
29742,"high priority",2,1
29743,"turbulence driven turbulent cascade",4,1
29744,"poor giants",2,1
29745,"star rx",2,1
29746,"antenna broadcast",2,1
29747,"cold polar",2,1
29748,"gamma ray lightcurves",3,1
29749,"cosmic ray burst",3,1
29750,"explorer galex",2,1
29751,"iron peak",2,1
29752,"h2o masers",2,1
29753,"three dimensional magnetohydrodynamic mhd",4,1
29754,"hundred million",2,1
29755,"kev band structure",3,1
29756,"inner halo",2,1
29757,"too distant",2,1
29758,"rates mdot",2,1
29759,"line cooling",2,1
29760,"enrichment histories",2,1
29761,"nonthermal emission",2,1
29762,"oscillation bao",2,1
29763,"micron silicate",2,1
29764,"herschel telescope",2,1
29765,"wind collision",2,1
29766,"damped lya systems dlas",4,1
29767,"triaxial dark matter",3,1
29768,"planet population",2,1
29769,"slowly decreasing",2,1
29770,"thermal casimir",2,1
29771,"dark energy distribution",3,1
29772,"high reynolds",2,1
29773,"ultra cool",2,1
29774,"dimensional electron transport properties",4,1
29775,"rg improved",2,1
29776,"aether theory",2,1
29777,"mini black",2,1
29778,"tunneling microscope",2,1
29779,"odinger equation",2,1
29780,"dangling bond",2,1
29781,"cdw phase transition",3,1
29782,"size scaling arguments",3,1
29783,"quantum paraelectric",2,1
29784,"zener transition",2,1
29785,"electron hole doping dependence",4,1
29786,"larkin ovchinnikov state",3,1
29787,"carlo vmc",2,1
29788,"organic superconductors",2,1
29789,"fully compatible",2,1
29790,"particle azimuthal angle",3,1
29791,"plasmon polariton spp",3,1
29792,"fractional fokker",2,1
29793,"wave born approximation",3,1
29794,"ray domain",2,1
29795,"thermal rectification",2,1
29796,"spin polarizations",2,1
29797,"finesse optical",2,1
29798,"multi walled",2,1
29799,"shaped bose",2,1
29800,"adhesion energy",2,1
29801,"dilute magnetic",2,1
29802,"spin dependent hartree fock",4,1
29803,"standard brownian",2,1
29804,"self energy distributions",3,1
29805,"anisotropic harmonic",2,1
29806,"projected entangled",2,1
29807,"large number density matrix",4,1
29808,"motivic zeta",2,1
29809,"affine kac",2,1
29810,"toric calabi",2,1
29811,"type ii1",2,1
29812,"complex ginzburg",2,1
29813,"hopf algebroids",2,1
29814,"division algebras",2,1
29815,"3d incompressible fluid mechanics",4,1
29816,"hat mathfrak",2,1
29817,"yau categories",2,1
29818,"term recursion",2,1
29819,"ruled surface",2,1
29820,"graph invariants",2,1
29821,"avalanche size distribution",3,1
29822,"symmetric monoidal model categories",4,1
29823,"atoms loaded",2,1
29824,"higgs strahlung",2,1
29825,"positron pair production mechanism",4,1
29826,"annihilation line",2,1
29827,"kaon condensate",2,1
29828,"ultra low energy",3,1
29829,"custodial symmetry",2,1
29830,"mass hierarchies",2,1
29831,"momentum fractions",2,1
29832,"two flavour symmetry breaking",4,1
29833,"relativistically invariant",2,1
29834,"charm spectroscopy",2,1
29835,"backward rapidity",2,1
29836,"tau lepton flavour violation",4,1
29837,"tevatron ppbar",2,1
29838,"asymmetric energy spectrum",3,1
29839,"charged dust",2,1
29840,"level spacing distribution",3,1
29841,"chromospheric emission",2,1
29842,"driven mott",2,1
29843,"discrete dipole approximation",3,1
29844,"approximation dda",2,1
29845,"antisymmetrized molecular dynamics",3,1
29846,"cfl phase",2,1
29847,"isovector pairing",2,1
29848,"angle neutron scattering",3,1
29849,"fermi momenta",2,1
29850,"stokes parameter",2,1
29851,"field programmable gate array",4,1
29852,"near infrared laser pulse",4,1
29853,"quasi elastic neutron scattering",4,1
29854,"backward angles",2,1
29855,"section sigma model",3,1
29856,"zariski open",2,1
29857,"low energy density matrix",4,1
29858,"single domain wall",3,1
29859,"representation theoretic",2,1
29860,"near infrared nir spectra",4,1
29861,"sph simulation",2,1
29862,"blazar sequence",2,1
29863,"young stellar winds",3,1
29864,"density enhancements",2,1
29865,"malmquist bias",2,1
29866,"30-m telescope",2,1
29867,"silicate emission",2,1
29868,"lifshitz equation",2,1
29869,"hole doped gaas algaas",4,1
29870,"large millimeter",2,1
29871,"peaked bl",2,1
29872,"nonlinear optical response function",4,1
29873,"blue side",2,1
29874,"cabibbo kobayashi",2,1
29875,"spectral hardening",2,1
29876,"fibered calabi",2,1
29877,"telescope glast lat",3,1
29878,"drain voltage",2,1
29879,"rho spectral",2,1
29880,"continuum percolation",2,1
29881,"neutralino annihilation signal",3,1
29882,"de bure interferometer",3,1
29883,"monte carlo mcmc methods",4,1
29884,"quantum critical current voltage",4,1
29885,"line identifications",2,1
29886,"antiproton collisions",2,1
29887,"shell closure",2,1
29888,"hydrodynamical code",2,1
29889,"principle gup",2,1
29890,"satisfaction problem",2,1
29891,"noncentrosymmetric superconductor",2,1
29892,"hartree fock plus",3,1
29893,"theory eft",2,1
29894,"valence bond mean",3,1
29895,"linear regge",2,1
29896,"chamber tpc",2,1
29897,"rotational broadening",2,1
29898,"particle hole doping",3,1
29899,"flavor nambu",2,1
29900,"accelerating electric",2,1
29901,"irreducible plane",2,1
29902,"cooled accretion disk",3,1
29903,"total hilbert",2,1
29904,"soft core collapse",3,1
29905,"ising spin transfer",3,1
29906,"coalescing binary black holes",4,1
29907,"hermitian random",2,1
29908,"painleve equation",2,1
29909,"probability density matrix",3,1
29910,"ray flashes",2,1
29911,"radio source counts",3,1
29912,"harmonic trapping",2,1
29913,"emission line strength",3,1
29914,"heat coefficient gamma",3,1
29915,"component bose einstein",3,1
29916,"mass protostar",2,1
29917,"calcium triplet lines",3,1
29918,"three fold degenerate",3,1
29919,"flat fading",2,1
29920,"charged excitons",2,1
29921,"positive lyapunov",2,1
29922,"thermal sunyaev zel dovich sz",5,1
29923,"disk atmosphere",2,1
29924,"typed lambda",2,1
29925,"likelihood decoding",2,1
29926,"dipole matrix",2,1
29927,"generation shg",2,1
29928,"ml decodable",2,1
29929,"codes stbcs",2,1
29930,"deconfining phase",2,1
29931,"imaging photometer",2,1
29932,"pre big",2,1
29933,"cloud smc",2,1
29934,"wave bursts",2,1
29935,"red shifts",2,1
29936,"angular momentum distribution function",4,1
29937,"walker spacetime",2,1
29938,"theoretical frameworks",2,1
29939,"young stellar objects yso",4,1
29940,"low mass distribution functions",4,1
29941,"optical bistability",2,1
29942,"turnover time",2,1
29943,"magnetic flux emergence",3,1
29944,"magellanic stream",2,1
29945,"giant magnons",2,1
29946,"rate sfr",2,1
29947,"heavy majorana",2,1
29948,"graphene films",2,1
29949,"accuracy epsilon",2,1
29950,"transfer matrix renormalization",3,1
29951,"ob supergiants",2,1
29952,"qkd system",2,1
29953,"bec side",2,1
29954,"cooperative diversity gain",3,1
29955,"spontaneous chiral",2,1
29956,"radio halos",2,1
29957,"wilsonian renormalization",2,1
29958,"deep inelastic scattering events",4,1
29959,"background cmb quadrupole",3,1
29960,"nc gauge",2,1
29961,"thin dust",2,1
29962,"constant alphas",2,1
29963,"doped mott",2,1
29964,"growth charts",2,1
29965,"optically thick accretion disk",4,1
29966,"modeling arxiv",2,1
29967,"tri bimaximal neutrino mass",4,1
29968,"resolved photoemission spectra",3,1
29969,"subwavelength hole",2,1
29970,"elementary abelian",2,1
29971,"ring resonators",2,1
29972,"quantum key step",3,1
29973,"baseline neutrino mass",3,1
29974,"underdoped la",2,1
29975,"ehrenfest time dependent",3,1
29976,"active phase space",3,1
29977,"induced chern",2,1
29978,"kernel hilbert",2,1
29979,"fermi golden",2,1
29980,"deconfining transition",2,1
29981,"magnetically doped",2,1
29982,"disk instabilities",2,1
29983,"slip boundary",2,1
29984,"nonextensive statistical",2,1
29985,"le cas",2,1
29986,"theory dmft",2,1
29987,"compact muon",2,1
29988,"widefield array",2,1
29989,"deep survey goods",3,1
29990,"charmless semileptonic",2,1
29991,"molecular oxygen",2,1
29992,"low mass accretion flow",4,1
29993,"region noaa",2,1
29994,"spin echoes",2,1
29995,"lower hubbard",2,1
29996,"quark orbital angular momentum",4,1
29997,"pre lie",2,1
29998,"lepton flavor violating",3,1
29999,"collapse supernovae",2,1
30000,"primordial binary",2,1
30001,"heisenberg ladder",2,1
30002,"ion reactions",2,1
30003,"cam mechanism",2,1
30004,"dipolar interaction strength",3,1
30005,"21cm line",2,1
30006,"non abelian plasma",3,1
30007,"diffractive parton",2,1
30008,"rational blow",2,1
30009,"dof parallel",2,1
30010,"hausdorff convergence",2,1
30011,"planar parallel kinematic",3,1
30012,"hole pockets",2,1
30013,"lsb galaxy",2,1
30014,"minimal supersymmetric partners",3,1
30015,"gamma ray selected",3,1
30016,"three dimensional ising",3,1
30017,"afterglow emission",2,1
30018,"murphy elements",2,1
30019,"inspiralling compact",2,1
30020,"average grain",2,1
30021,"neutron star rx j1856.5-3754",4,1
30022,"alpha dla systems dlas",4,1
30023,"twin prime",2,1
30024,"companion star cluster",3,1
30025,"biaxial nematic",2,1
30026,"stellar mass planets",3,1
30027,"randall sundrum braneworld cosmology",4,1
30028,"salpeter formalism",2,1
30029,"light icl",2,1
30030,"dune size",2,1
30031,"tev pev",2,1
30032,"cosmic ray selected",3,1
30033,"contact binary system",3,1
30034,"unparticle coupling",2,1
30035,"frii radio",2,1
30036,"bit interleaved",2,1
30037,"triaxial dark",2,1
30038,"doubly periodic",2,1
30039,"ising spin relaxation time",4,1
30040,"pa collisions",2,1
30041,"argon tpc",2,1
30042,"neptune mass",2,1
30043,"oscillating electric",2,1
30044,"host spheroids",2,1
30045,"triple gauge boson",3,1
30046,"solid vbs",2,1
30047,"environmentally induced",2,1
30048,"spiral disks",2,1
30049,"parametric down",2,1
30050,"extremal reissner",2,1
30051,"string theory compactified",3,1
30052,"cyclotron waves",2,1
30053,"body relaxation",2,1
30054,"marginal deformation",2,1
30055,"adjoint operator algebras",3,1
30056,"connes assembly",2,1
30057,"absorption cross",2,1
30058,"stanford linear",2,1
30059,"low mass reconstruction",3,1
30060,"de lie algebra",3,1
30061,"complex banach",2,1
30062,"magnitude mv",2,1
30063,"quark mass function",3,1
30064,"bose hubbard models",3,1
30065,"tomography ct",2,1
30066,"laguerre polynomials",2,1
30067,"equatorial regions",2,1
30068,"state potts models",3,1
30069,"double quantum hall",3,1
30070,"oxygen white",2,1
30071,"cuntz pimsner",2,1
30072,"broadband spectral energy",3,1
30073,"irs spectrum",2,1
30074,"clear correlation function",3,1
30075,"bcs side",2,1
30076,"shock propagates",2,1
30077,"absorption line bal quasar",4,1
30078,"schwarz mechanism",2,1
30079,"bogoliubov de",2,1
30080,"extended clifford",2,1
30081,"dispersion profile",2,1
30082,"baxter equations",2,1
30083,"quasi periodic variation",3,1
30084,"closed string tachyon",3,1
30085,"neutron star formation rate",4,1
30086,"value vev",2,1
30087,"control law",2,1
30088,"fulde ferrell larkin",3,1
30089,"alpha luminosities",2,1
30090,"pioneer spacecraft",2,1
30091,"neutralino production",2,1
30092,"degenerate elliptic",2,1
30093,"wave impulse approximation",3,1
30094,"electroweak scale invariant",3,1
30095,"squares fitting",2,1
30096,"1d bose gas",3,1
30097,"impact ionization",2,1
30098,"trivial infrared",2,1
30099,"star cluster outskirts",3,1
30100,"quasilinear elliptic",2,1
30101,"rydberg gas",2,1
30102,"cosmic microwave background cmb polarization anisotropies",6,1
30103,"density psd",2,1
30104,"radio source population",3,1
30105,"transmission electron transport",3,1
30106,"ask spread",2,1
30107,"benard convection",2,1
30108,"gravitomagnetic field",2,1
30109,"axp 4u",2,1
30110,"modeling comment",2,1
30111,"orthogonal group velocity",3,1
30112,"sitter space",2,1
30113,"propagation direction perpendicular",3,1
30114,"paraelectric phase transition",3,1
30115,"collective charge density wave",4,1
30116,"semi detached",2,1
30117,"dynkin diagrams",2,1
30118,"cesium atoms",2,1
30119,"quantum gravity side",3,1
30120,"wall shear rate",3,1
30121,"well ordered phase transitions",4,1
30122,"dissipate energy",2,1
30123,"hidden subgroup",2,1
30124,"goto action",2,1
30125,"spin phonon coupling",3,1
30126,"ionizing photon",2,1
30127,"tidal dwarf galaxy",3,1
30128,"deep sea",2,1
30129,"redshift space time",3,1
30130,"asymptotic giant pulses",3,1
30131,"single cell biology",3,1
30132,"massive bhs",2,1
30133,"relaxation time delayed",3,1
30134,"bose einstein condensed atoms",4,1
30135,"loewner evolution",2,1
30136,"radio signals",2,1
30137,"dynamically relaxed",2,1
30138,"canonical monte carlo",3,1
30139,"degree extragalactic",2,1
30140,"ks xmm",2,1
30141,"ionized iron",2,1
30142,"high mach",2,1
30143,"molecular dynamics amd",3,1
30144,"van alphen",2,1
30145,"nf nc yang mills",4,1
30146,"nonlinear optical switching",3,1
30147,"network coding protocol",3,1
30148,"space telescope glast",3,1
30149,"asymptotically tight upper",3,1
30150,"emission line diagnostics",3,1
30151,"quantum doubles",2,1
30152,"pulsing asymptotic",2,1
30153,"ray path",2,1
30154,"non relativistic shocks",3,1
30155,"odd integer quantum hall",4,1
30156,"physically reasonable",2,1
30157,"wilkinson microwave",2,1
30158,"tate cohomology",2,1
30159,"boson hubbard model",3,1
30160,"artificial neural",2,1
30161,"nematic phase transition",3,1
30162,"public archive",2,1
30163,"heralded single",2,1
30164,"low energy distribution functions",4,1
30165,"momentum resolved",2,1
30166,"younger stars",2,1
30167,"ir excesses",2,1
30168,"charged rotating black holes",4,1
30169,"sm fields",2,1
30170,"uniformly elliptic",2,1
30171,"arbitrary number density matrix",4,1
30172,"trap mot",2,1
30173,"magnetic prandtl",2,1
30174,"circularly polarized laser",3,1
30175,"dust scattered",2,1
30176,"violation mfv",2,1
30177,"nobeyama millimeter",2,1
30178,"mean field rmf",3,1
30179,"density wave paw",3,1
30180,"korringa kohn",2,1
30181,"dense circumstellar",2,1
30182,"centered near infrared",3,1
30183,"ii migration",2,1
30184,"bloch siegert",2,1
30185,"energy coverage",2,1
30186,"rs oph",2,1
30187,"planetesimal disk",2,1
30188,"ion acoustic",2,1
30189,"dust inside",2,1
30190,"radiation transport properties",3,1
30191,"gaas quantum hall",3,1
30192,"homotopy theoretic",2,1
30193,"progenitor star formation rate",4,1
30194,"photon indices",2,1
30195,"riemannian foliation",2,1
30196,"poisson nijenhuis",2,1
30197,"spontaneous cp violation",3,1
30198,"stratification analysis",2,1
30199,"nanoribbons gnrs",2,1
30200,"quantum hall probe",3,1
30201,"neutrino beams",2,1
30202,"isentropic compressible navier stokes",4,1
30203,"dish observations",2,1
30204,"3-year data",2,1
30205,"wall dw",2,1
30206,"enough temperatures",2,1
30207,"galaxies lying",2,1
30208,"ao systems",2,1
30209,"mueller navelet",2,1
30210,"body sph",2,1
30211,"delocalized phase",2,1
30212,"anomalously low",2,1
30213,"ising spin glass models",4,1
30214,"chameleon field",2,1
30215,"charged excitations",2,1
30216,"thermally pulsing",2,1
30217,"ads spaces",2,1
30218,"end electronics",2,1
30219,"carrying orbital",2,1
30220,"1d optical lattices",3,1
30221,"alpha emitting",2,1
30222,"microscopy afm",2,1
30223,"lowest unoccupied",2,1
30224,"quantum repeaters",2,1
30225,"telegraph noise",2,1
30226,"strange attractors",2,1
30227,"gaas alas",2,1
30228,"iii detector",2,1
30229,"homology 3-spheres",2,1
30230,"abelian gauge invariant",3,1
30231,"entanglement entropies",2,1
30232,"ou mandel",2,1
30233,"laser pulse shape",3,1
30234,"logarithmic nll",2,1
30235,"broad band gap",3,1
30236,"differential imaging atmospheric",3,1
30237,"symmetry breakings",2,1
30238,"monte carlo event generators",4,1
30239,"low emittance",2,1
30240,"almost contact",2,1
30241,"recombination rates",2,1
30242,"multi phonon",2,1
30243,"morse sequence",2,1
30244,"dependent ginzburg",2,1
30245,"east side",2,1
30246,"massive white",2,1
30247,"neutrino observatory",2,1
30248,"goldberger treiman",2,1
30249,"fermi wavelength",2,1
30250,"oiii luminosity",2,1
30251,"sterile species",2,1
30252,"solar cycles",2,1
30253,"fluorescence detector array",3,1
30254,"newman penrose",2,1
30255,"lie bialgebras",2,1
30256,"hard diffraction",2,1
30257,"ghz methanol",2,1
30258,"transformation zones",2,1
30259,"deep enough",2,1
30260,"thermal expansion coefficient",3,1
30261,"thouless type",2,1
30262,"second dredge",2,1
30263,"multi block codes",3,1
30264,"two flavor structures",3,1
30265,"moriya interaction",2,1
30266,"cloud core collapse",3,1
30267,"cone sum rules",3,1
30268,"superstring field",2,1
30269,"21st century",2,1
30270,"hall plateau",2,1
30271,"ultraviolet uv excess",3,1
30272,"post asymptotic",2,1
30273,"dust heated",2,1
30274,"brachistochrone problem",2,1
30275,"flavor locked",2,1
30276,"radio loudness",2,1
30277,"locally lipschitz",2,1
30278,"broad line widths",3,1
30279,"three body decay modes",4,1
30280,"loses energy",2,1
30281,"fluorescent emission",2,1
30282,"upsilon 3s",2,1
30283,"cs atoms",2,1
30284,"abundance corrections",2,1
30285,"asteroseismological mass",2,1
30286,"spectrometer spi",2,1
30287,"hot core collapse",3,1
30288,"dependent schrodinger",2,1
30289,"campbell hausdorff",2,1
30290,"north ecliptic",2,1
30291,"lower significance",2,1
30292,"carlo qmc",2,1
30293,"oxide superconductors",2,1
30294,"lightest right",2,1
30295,"quark recombination",2,1
30296,"filamentation instability",2,1
30297,"meson pair production",3,1
30298,"friedman robertson",2,1
30299,"flux concentrations",2,1
30300,"well constrained mssm",3,1
30301,"optically thin accretion disks",4,1
30302,"composite stellar",2,1
30303,"hagedorn phase transition",3,1
30304,"hubble space telescope hst imaging",5,1
30305,"frequency combs",2,1
30306,"galaxy harassment",2,1
30307,"turbulent viscosity",2,1
30308,"connected reductive groups",3,1
30309,"lindblad equation",2,1
30310,"highly crystallized",2,1
30311,"gorenstein ring",2,1
30312,"kittel kasuya",2,1
30313,"deconfined quantum",2,1
30314,"risk neutral",2,1
30315,"beam facilities",2,1
30316,"coronal temperature",2,1
30317,"kaon semileptonic",2,1
30318,"mid infrared excess emission",4,1
30319,"quantum hall conductance plateau",4,1
30320,"axp xte",2,1
30321,"lsb galaxies",2,1
30322,"alternating current",2,1
30323,"compton reflection",2,1
30324,"modules over bbb",3,1
30325,"age gradients",2,1
30326,"h2 emission",2,1
30327,"masses mbh",2,1
30328,"orion nebula around young",4,1
30329,"sequential adsorption",2,1
30330,"monge ampere",2,1
30331,"ovi absorption",2,1
30332,"ultra high efficiency",3,1
30333,"formula unit",2,1
30334,"lensing convergence",2,1
30335,"trapped bose hubbard",3,1
30336,"relaxation rate t1",3,1
30337,"sn 1998bw",2,1
30338,"braided monoidal category",3,1
30339,"schnirelmann category",2,1
30340,"quantum bit flipping",3,1
30341,"ultraviolet explorer",2,1
30342,"spin orbit interaction strength",4,1
30343,"electron positron collider lhc",4,1
30344,"hypergraph regularity",2,1
30345,"electronic mach zehnder",3,1
30346,"hour period",2,1
30347,"gauss bonnet brane world",4,1
30348,"quantum hall effect iqhe",4,1
30349,"gluon exchange interaction",3,1
30350,"thouless transition",2,1
30351,"sin beta",2,1
30352,"measure theoretic",2,1
30353,"positive characteristic polynomial ring",4,1
30354,"entanglement monotone",2,1
30355,"low energy gaps",3,1
30356,"data releases",2,1
30357,"parabolic trap",2,1
30358,"coding gain",2,1
30359,"primordial curvature",2,1
30360,"almost kahler",2,1
30361,"pressure pc",2,1
30362,"clustering coefficients",2,1
30363,"magnetic field spectrograph",3,1
30364,"continuous opinion",2,1
30365,"speckle interferometric",2,1
30366,"alphen effect",2,1
30367,"lambda cdm halos",3,1
30368,"spectral distortions",2,1
30369,"chromospheric evaporation",2,1
30370,"burning shell",2,1
30371,"parallel manipulators",2,1
30372,"mixing induced cp asymmetry",4,1
30373,"magnetic null",2,1
30374,"m1 msun",2,1
30375,"group velocity measurements",3,1
30376,"normal metal abundance",3,1
30377,"organized criticality",2,1
30378,"wilkinson microwave background",3,1
30379,"double walled",2,1
30380,"planar parallel manipulators",3,1
30381,"interstellar polarization",2,1
30382,"nascent neutron",2,1
30383,"canonical thresholds",2,1
30384,"two photon numbers",3,1
30385,"ultracold fermi",2,1
30386,"elementary cellular",2,1
30387,"cold bosonic",2,1
30388,"virtual compton scattering amplitude",4,1
30389,"superconductor sns junctions",3,1
30390,"light gravitino",2,1
30391,"21-cm signal",2,1
30392,"conduction band insulator",3,1
30393,"lemaitre tolman",2,1
30394,"flat fading channels",3,1
30395,"magnetoelectric me",2,1
30396,"ghost free",2,1
30397,"crystal nanocavity",2,1
30398,"mass mt",2,1
30399,"essentially unchanged",2,1
30400,"dwarf elliptical",2,1
30401,"supersymmetric wilson",2,1
30402,"beltrami operator",2,1
30403,"non normalizable",2,1
30404,"significance levels",2,1
30405,"sampling formula",2,1
30406,"intermediate mass ratio",3,1
30407,"time fpt",2,1
30408,"supernova feedback",2,1
30409,"three dimensional xy",3,1
30410,"mass companions",2,1
30411,"boltzmann distribution functions",3,1
30412,"aromatic features",2,1
30413,"polarization position angles",3,1
30414,"oii line",2,1
30415,"chiral luttinger",2,1
30416,"leptonic mixing matrix elements",4,1
30417,"helium rich",2,1
30418,"vapor pressure",2,1
30419,"extreme uv",2,1
30420,"oxygen isotope",2,1
30421,"positively curved manifolds",3,1
30422,"trigger particle azimuthal",3,1
30423,"chain lengths",2,1
30424,"post starburst",2,1
30425,"spatial correlation functions",3,1
30426,"strange metal",2,1
30427,"nuclei agn population",3,1
30428,"stable nonsupersymmetric",2,1
30429,"nordstr om",2,1
30430,"bilayer quantum",2,1
30431,"galaxy leo",2,1
30432,"homogeneous boltzmann",2,1
30433,"collisional rates",2,1
30434,"nanotubes cnts",2,1
30435,"expression profiles",2,1
30436,"instability mri",2,1
30437,"pah features",2,1
30438,"surface brightness distributions",3,1
30439,"remain essentially",2,1
30440,"dh parameters",2,1
30441,"ac electric",2,1
30442,"cosmic ray observatory",3,1
30443,"driven bubble",2,1
30444,"discrete dipole",2,1
30445,"inertial waves",2,1
30446,"fast rotators",2,1
30447,"string networks",2,1
30448,"quantum hall fqh states",4,1
30449,"walk ctrw",2,1
30450,"medium whim",2,1
30451,"magnetically charged black hole",4,1
30452,"lie bracket",2,1
30453,"gauge hierarchy",2,1
30454,"superconducting transition metal",3,1
30455,"deep field lines",3,1
30456,"fuchsian groups",2,1
30457,"neon abundance",2,1
30458,"external gravitational",2,1
30459,"walled carbon",2,1
30460,"empirical bond",2,1
30461,"halo bias",2,1
30462,"convex cones",2,1
30463,"group nrg",2,1
30464,"difference delta phi",3,1
30465,"air fluorescence",2,1
30466,"infrared triplet",2,1
30467,"lorentz invariant lagrangians",3,1
30468,"definite metric",2,1
30469,"light quark coalescence",3,1
30470,"bilayer systems",2,1
30471,"lte radiative",2,1
30472,"telescope hst imaging surveys",4,1
30473,"ugriz photometry",2,1
30474,"tev gamma ray cr",4,1
30475,"sn 2006x",2,1
30476,"alpha emission line width",4,1
30477,"lepton pair",2,1
30478,"day orbit around",3,1
30479,"sns junctions",2,1
30480,"extra planar",2,1
30481,"drell yan lepton nucleon",4,1
30482,"dimensional markovian",2,1
30483,"polar coronal",2,1
30484,"single molecule fluorescence correlation",4,1
30485,"synaptic noise",2,1
30486,"hall bars",2,1
30487,"time convolutionless",2,1
30488,"bh binary mergers",3,1
30489,"cad system",2,1
30490,"accreting black",2,1
30491,"energy supplied",2,1
30492,"ischemic brain",2,1
30493,"blonder tinkham",2,1
30494,"old metal",2,1
30495,"extragalactic magnetic",2,1
30496,"big bear",2,1
30497,"bipartite bell",2,1
30498,"model selection procedures",3,1
30499,"two dimensional magnetohydrodynamic mhd",4,1
30500,"variational monte",2,1
30501,"su coherent",2,1
30502,"quasar catalog",2,1
30503,"non local lorentz invariant",4,1
30504,"qkd protocols",2,1
30505,"ic sn 1998bw",3,1
30506,"2pi effective",2,1
30507,"hole entropy",2,1
30508,"inas quantum",2,1
30509,"lower luminosity function",3,1
30510,"iwahori hecke",2,1
30511,"bar pattern speed",3,1
30512,"breather solutions",2,1
30513,"equivariant spectral",2,1
30514,"doubly cabibbo",2,1
30515,"flavour symmetry breaking",3,1
30516,"theory tddft",2,1
30517,"anomalous hall effect ahe",4,1
30518,"polymer translocation",2,1
30519,"discrete nonlinear optical",3,1
30520,"anisotropic cosmological constant",3,1
30521,"existing radio frequency",3,1
30522,"quantum hall coefficient",3,1
30523,"diffuse radio source",3,1
30524,"rna structures",2,1
30525,"tri bimaximal mixing parameters",4,1
30526,"quantum secret",2,1
30527,"lightest cp violation",3,1
30528,"emission line seyfert",3,1
30529,"quark mass matrix",3,1
30530,"hole surrounded",2,1
30531,"molecular zone",2,1
30532,"double stranded",2,1
30533,"laser deposition technique",3,1
30534,"tight binding energy spectrum",4,1
30535,"regular bipartite",2,1
30536,"highly polarized light",3,1
30537,"time dependent dalitz plot",4,1
30538,"yang baxter operators",3,1
30539,"crystal silicon",2,1
30540,"dedekind zeta",2,1
30541,"backward asymmetries",2,1
30542,"three flavor domain wall",4,1
30543,"width ew",2,1
30544,"effect qhe",2,1
30545,"maximal parabolic",2,1
30546,"warm hot intergalactic medium",4,1
30547,"higher dimensional minkowski",3,1
30548,"magnetic schr",2,1
30549,"accretion column",2,1
30550,"global surveyor",2,1
30551,"optimal synthesis",2,1
30552,"prior information criterion",3,1
30553,"sparse random graph",3,1
30554,"smoothly bounded",2,1
30555,"percolation universality",2,1
30556,"sn 2006gy",2,1
30557,"hall probe",2,1
30558,"coded modulation bicm",3,1
30559,"gravitational binding",2,1
30560,"protein coding",2,1
30561,"continuum emission features",3,1
30562,"cherenkov technique",2,1
30563,"relativistic beaming",2,1
30564,"gap survival",2,1
30565,"gravitational lensing signals",3,1
30566,"laser pulse period",3,1
30567,"semantic information",2,1
30568,"single valued",2,1
30569,"kauffman networks",2,1
30570,"electron hole doped",3,1
30571,"mid ir spectroscopy",3,1
30572,"chandra orion",2,1
30573,"magnetic strings",2,1
30574,"population imbalanced fermi gas",4,1
30575,"social media",2,1
30576,"highly non gaussianity",3,1
30577,"lower khz",2,1
30578,"gravitational wave functions",3,1
30579,"surrounding nuclear",2,1
30580,"singular oscillator",2,1
30581,"right handed neutrino",3,1
30582,"cosmic ray luminosities",3,1
30583,"luminous blue galaxies",3,1
30584,"spectral classification",2,1
30585,"strange quark mass distributions",4,1
30586,"laser interferometric",2,1
30587,"metallic phase space",3,1
30588,"unusually low",2,1
30589,"ii methanol masers",3,1
30590,"adjoint extension",2,1
30591,"arithmetic coding",2,1
30592,"agegraphic dark",2,1
30593,"science runs",2,1
30594,"superconducting quark",2,1
30595,"dilemma pd",2,1
30596,"plane instruments",2,1
30597,"decodable distributed",2,1
30598,"gamma ray absorption",3,1
30599,"penalized maximum",2,1
30600,"size scaling law",3,1
30601,"nanotube transistors",2,1
30602,"subaru suprime",2,1
30603,"number density functionals",3,1
30604,"nambu jona",2,1
30605,"light quark confinement",3,1
30606,"network ann",2,1
30607,"tight binding energy density",4,1
30608,"xmm lss",2,1
30609,"extinction curves",2,1
30610,"gamma ray lightcurve",3,1
30611,"photon virtualities",2,1
30612,"gamma ray emissions",3,1
30613,"halos hosting",2,1
30614,"intra dot",2,1
30615,"bubble size",2,1
30616,"dwell time",2,1
30617,"obscured star",2,1
30618,"non trivial infrared",3,1
30619,"upper khz",2,1
30620,"xte j1739-285",2,1
30621,"low energy vhe gamma",4,1
30622,"ray astronomy",2,1
30623,"ii superstrings",2,1
30624,"nh3 emission line",3,1
30625,"attraction strength",2,1
30626,"mid ir color",3,1
30627,"functional theory dft calculation",4,1
30628,"xu ell",2,1
30629,"zener transitions",2,1
30630,"magneto optical dipole",3,1
30631,"walker frw",2,1
30632,"nuclei agn hosts",3,1
30633,"global vlbi",2,1
30634,"isentropic compressible",2,1
30635,"fisher information theoretic",3,1
30636,"mub per",2,1
30637,"law indices",2,1
30638,"inspirals emris",2,1
30639,"differential galois",2,1
30640,"lefschetz number",2,1
30641,"quantum hall bars",3,1
30642,"open cluster size",3,1
30643,"ttbar production",2,1
30644,"kk decays",2,1
30645,"memory alloy",2,1
30646,"fading mimo",2,1
30647,"hilbert lagrangian",2,1
30648,"stable circular velocity",3,1
30649,"planck mass ratio",3,1
30650,"discriminant analysis",2,1
30651,"soc jpn",2,1
30652,"translation surfaces",2,1
30653,"hubble space telescope hst acs images",6,1
30654,"accretion episodes",2,1
30655,"rapidity distribution functions",3,1
30656,"numerical simulations dns",3,1
30657,"circum nuclear",2,1
30658,"feii emission",2,1
30659,"inner lindblad",2,1
30660,"triggered star forming",3,1
30661,"telescope hst imaging spectrograph",4,1
30662,"total column",2,1
30663,"deuteron scattering processes",3,1
30664,"seed black holes",3,1
30665,"rotating black hole solutions",4,1
30666,"electric charge distribution functions",4,1
30667,"neutral hydrogen hi",3,1
30668,"cluster ic",2,1
30669,"bp stars",2,1
30670,"realistic mock",2,1
30671,"highest energy spectrum",3,1
30672,"physical meanings",2,1
30673,"hydrostatic pressures",2,1
30674,"double diffractive",2,1
30675,"third year",2,1
30676,"gamma ray surveys",3,1
30677,"high velocity rv",3,1
30678,"higher redshift space time",4,1
30679,"visual binary",2,1
30680,"broadly consistent",2,1
30681,"semidefinite matrices",2,1
30682,"mid infrared regime",3,1
30683,"semi simple lie group",4,1
30684,"space time domain wall",4,1
30685,"density wave vectors",3,1
30686,"la 2-x ba cuo",4,1
30687,"cosmic superstrings",2,1
30688,"brauer manin",2,1
30689,"cosmic ray burst grb",4,1
30690,"biological social",2,1
30691,"protoplanetary discs",2,1
30692,"dimensional honeycomb",2,1
30693,"surface density wave function",4,1
30694,"multilayer graphene",2,1
30695,"neutrino factories",2,1
30696,"hole carriers",2,1
30697,"jacobi fields",2,1
30698,"schechter function",2,1
30699,"navier stokes vector",3,1
30700,"extent nt",2,1
30701,"sne ib supernova sn",4,1
30702,"irrelevant operators",2,1
30703,"reduced density wave",3,1
30704,"warped disc",2,1
30705,"semi definite",2,1
30706,"maximum likelihood decoding algorithm",4,1
30707,"gamma ray transient",3,1
30708,"stellar spin",2,1
30709,"vortex ring",2,1
30710,"phase slips",2,1
30711,"assembled quantum",2,1
30712,"films having",2,1
30713,"minimal supersymmetric standard model cmssm",5,1
30714,"solar energetic",2,1
30715,"maximal atmospheric",2,1
30716,"algorithm ga",2,1
30717,"abstract abridged",2,1
30718,"spherically symmetric supernova",3,1
30719,"level lll",2,1
30720,"turbulent plasma",2,1
30721,"old cosmological",2,1
30722,"color flavor nambu jona",4,1
30723,"lac object",2,1
30724,"vhe gamma",2,1
30725,"ibis data",2,1
30726,"linearized augmented",2,1
30727,"magnetic flux concentrations",3,1
30728,"negative refractive",2,1
30729,"interferometer space time",3,1
30730,"tunneling spectroscopy sts",3,1
30731,"accretion disk wind material",4,1
30732,"thermonuclear runaway",2,1
30733,"field theory scet",3,1
30734,"tolerant quantum",2,1
30735,"telescope het",2,1
30736,"slowly rotating black hole",4,1
30737,"weinberg potential",2,1
30738,"high energy gaps",3,1
30739,"index gamma approx",3,1
30740,"stars belonging",2,1
30741,"computational burden",2,1
30742,"time bin",2,1
30743,"after reionization epoch",3,1
30744,"distant red",2,1
30745,"funnel flows",2,1
30746,"bootes field",2,1
30747,"function whilst",2,1
30748,"spectral steepening",2,1
30749,"string junction",2,1
30750,"size scaling dimension",3,1
30751,"classical cepheid",2,1
30752,"small magellanic clouds",3,1
30753,"cluster m67",2,1
30754,"collisionless shocks",2,1
30755,"bose gas phase transition",4,1
30756,"carlo simulations",2,1
30757,"limited sample size distribution",4,1
30758,"rham complex",2,1
30759,"large sample path",3,1
30760,"nebulae pwne",2,1
30761,"gravitational torques",2,1
30762,"fall back",2,1
30763,"fisher lecture",2,1
30764,"intergalactic medium whim",3,1
30765,"connected reductive lie algebra",4,1
30766,"ising spin relaxation",3,1
30767,"driven turbulent",2,1
30768,"dimensional schwarzschild de sitter",4,1
30769,"shear thinning",2,1
30770,"penalized likelihood",2,1
30771,"likelihood ml",2,1
30772,"minimax lower",2,1
30773,"circumnuclear starburst",2,1
30774,"distant radio",2,1
30775,"metal abundance patterns",3,1
30776,"phase transition metal oxides",4,1
30777,"field theory dmft",3,1
30778,"upcoming neutrino",2,1
30779,"photoelectric absorption",2,1
30780,"supersymmetric grand unification",3,1
30781,"matter wave vector",3,1
30782,"horizons mission",2,1
30783,"euler poisson",2,1
30784,"nu tau lepton",3,1
30785,"porrati dgp model",3,1
30786,"gamma ray flash",3,1
30787,"resonating valence",2,1
30788,"central bh",2,1
30789,"neighbor spacing",2,1
30790,"cone gauge theory",3,1
30791,"lines originate",2,1
30792,"gravity lqg",2,1
30793,"ion program",2,1
30794,"heegaard floer",2,1
30795,"extended affine kac moody",4,1
30796,"symanzik improved wilson fermions",4,1
30797,"red gcs",2,1
30798,"diquark channel",2,1
30799,"internal reflection",2,1
30800,"hyperbolic conservation",2,1
30801,"accreting white",2,1
30802,"crystalline color",2,1
30803,"vector meson spectral function",4,1
30804,"astrometric calibration",2,1
30805,"bergman kernel",2,1
30806,"galaxy assembly",2,1
30807,"absorbing column",2,1
30808,"spiral shocks",2,1
30809,"urca process",2,1
30810,"initial mass distribution function",4,1
30811,"brst cohomology",2,1
30812,"young healthy",2,1
30813,"electromagnetic form expressions",3,1
30814,"atmospheric mixing matrix",3,1
30815,"super solar",2,1
30816,"jucys murphy",2,1
30817,"background egrb",2,1
30818,"geometric langlands program",3,1
30819,"laser guide star",3,1
30820,"super hubble space",3,1
30821,"bare quark chemical potential",4,1
30822,"wave cdw",2,1
30823,"metric tensor modes",3,1
30824,"question mark",2,1
30825,"charged massive particles",3,1
30826,"cyclotron maser",2,1
30827,"scattering dvcs",2,1
30828,"fractional fokker planck",3,1
30829,"reflected backward stochastic differential",4,1
30830,"rindler space",2,1
30831,"double stranded dna",3,1
30832,"central parsecs",2,1
30833,"scaling rules",2,1
30834,"casimir free",2,1
30835,"phase space telescope hst",4,1
30836,"rossiter mclaughlin",2,1
30837,"non local minimum",3,1
30838,"pseudo scalar meson masses",4,1
30839,"telescope compact array atca",4,1
30840,"string channel",2,1
30841,"block lengths",2,1
30842,"markov decision",2,1
30843,"london penetration",2,1
30844,"isotope shifts",2,1
30845,"equivariant coherent",2,1
30846,"amplitudes tda",2,1
30847,"minimum mean square",3,1
30848,"hinode satellite",2,1
30849,"uv excess",2,1
30850,"nuclear spin liquid",3,1
30851,"cp violations",2,1
30852,"intra cluster ngc",3,1
30853,"single destination",2,1
30854,"new vhe gamma ray",4,1
30855,"single shot",2,1
30856,"quantum hall fluid",3,1
30857,"symmetric group flow",3,1
30858,"gamma ray bursts sgrbs",4,1
30859,"walker metric",2,1
30860,"modified chaplygin",2,1
30861,"main sequence pms stars",4,1
30862,"large binocular",2,1
30863,"westerbork synthesis",2,1
30864,"free electron gas",3,1
30865,"modular symbols",2,1
30866,"hcn emission lines",3,1
30867,"mass estimators",2,1
30868,"al si ca",3,1
30869,"current voltage biased",3,1
30870,"portfolio optimization",2,1
30871,"east west direction",3,1
30872,"fully paired",2,1
30873,"strange quark gluon plasma",4,1
30874,"pair box",2,1
30875,"total flux densities",3,1
30876,"lived staus",2,1
30877,"la sr mn",3,1
30878,"relativistic quantum electrodynamic",3,1
30879,"gravitational lens systems",3,1
30880,"strong repulsive interaction",3,1
30881,"group dmrg",2,1
30882,"pseudorapidity distributions",2,1
30883,"wess zumino witten type",4,1
30884,"co annihilation",2,1
30885,"short time delayed",3,1
30886,"maximal abelian gauge",3,1
30887,"source hess sources",3,1
30888,"charge distribution functions",3,1
30889,"electric charge distribution function",4,1
30890,"star interiors",2,1
30891,"nordstrom solution",2,1
30892,"insulator transitions",2,1
30893,"charmed baryon",2,1
30894,"mars global",2,1
30895,"candidate young stellar",3,1
30896,"punctured riemann",2,1
30897,"viscous drag",2,1
30898,"meson baryon density wave",4,1
30899,"transiting hot",2,1
30900,"convective flows",2,1
30901,"collecting area",2,1
30902,"first hochschild",2,1
30903,"quantum critical discussion",3,1
30904,"path length scales",3,1
30905,"bank telescope",2,1
30906,"fixing condition",2,1
30907,"topological soliton",2,1
30908,"ampere equations",2,1
30909,"fflo phase",2,1
30910,"hole production",2,1
30911,"cell pic",2,1
30912,"effective mass distribution",3,1
30913,"adiabatic oscillation",2,1
30914,"rooted staggered",2,1
30915,"sub riemannian",2,1
30916,"observational bounds",2,1
30917,"parameter space telescope",3,1
30918,"multipartite entangled state",3,1
30919,"soft glassy",2,1
30920,"collapsed phase",2,1
30921,"barnes integrals",2,1
30922,"detached eclipsing",2,1
30923,"supernova sn 2006gy",3,1
30924,"lbv like",2,1
30925,"wall fermion",2,1
30926,"variational cluster states",3,1
30927,"stis observations",2,1
30928,"low extinction",2,1
30929,"solar tower",2,1
30930,"warm molecular dynamics",3,1
30931,"sub damped",2,1
30932,"black hole entropy production",4,1
30933,"isolated spiral",2,1
30934,"inhomogeneous fulde ferrell",3,1
30935,"molecular gas phase transitions",4,1
30936,"logarithmic singularity",2,1
30937,"constant cc",2,1
30938,"quasi isometry",2,1
30939,"rate asymmetries",2,1
30940,"cell fate",2,1
30941,"loop quantum critical",3,1
30942,"fast rotating bose einstein",4,1
30943,"theory chpt",2,1
30944,"near infrared spectrograph sinfoni",4,1
30945,"interleaved coded",2,1
30946,"agn unification",2,1
30947,"casimir force free energy",4,1
30948,"peaked bl lac object",4,1
30949,"energy deposit",2,1
30950,"lower column",2,1
30951,"interferometry mission",2,1
30952,"gauged supergravity background",3,1
30953,"ionization cooling",2,1
30954,"elliptically polarized",2,1
30955,"matter halo masses",3,1
30956,"hooft coupling regime",3,1
30957,"unidentified tev",2,1
30958,"bec crossover",2,1
30959,"noble gas",2,1
30960,"halo cmes",2,1
30961,"nucleosynthesis bbn",2,1
30962,"host halo mass",3,1
30963,"kagome antiferromagnets",2,1
30964,"negative tension",2,1
30965,"divide line",2,1
30966,"recombination era",2,1
30967,"voltage drop",2,1
30968,"gate array fpga",3,1
30969,"doubly heavy",2,1
30970,"spin filters",2,1
30971,"antares detector array",3,1
30972,"continuous time domain",3,1
30973,"programmable gate",2,1
30974,"fir emission",2,1
30975,"binaries hmxbs",2,1
30976,"tritium beta",2,1
30977,"super massive black holes",4,1
30978,"solvable potentials",2,1
30979,"doppler cooling",2,1
30980,"ere equations",2,1
30981,"unparticle interactions",2,1
30982,"lived charged",2,1
30983,"uniform sobolev",2,1
30984,"interacting bose einstein",3,1
30985,"ir interferometry",2,1
30986,"supersymmetric black",2,1
30987,"ionization cross",2,1
30988,"photoemission intensity",2,1
30989,"polarized scanning",2,1
30990,"primordial curvature perturbation",3,1
30991,"inas gaas quantum",3,1
30992,"spin orbit coupling strength",4,1
30993,"ordinary yang",2,1
30994,"isotropic nematic phase transition",4,1
30995,"cp violation lfv",3,1
30996,"mock data",2,1
30997,"distant supernovae sne",3,1
30998,"spitzer space observatory",3,1
30999,"emission lines originate",3,1
31000,"dwarf starburst",2,1
31001,"trivial cycles",2,1
31002,"strange quark flavors",3,1
31003,"gordon type",2,1
31004,"ray binary fraction",3,1
31005,"two loop quantum computing",4,1
31006,"damping term",2,1
31007,"charge pumping through",3,1
31008,"rs ophiuchi",2,1
31009,"galaxy sized",2,1
31010,"toda field",2,1
31011,"peak dip",2,1
31012,"stellar objects ysos",3,1
31013,"handed neutrino mass",3,1
31014,"bead spring",2,1
31015,"definite matrices",2,1
31016,"lattice ol",2,1
31017,"ultra relativistic heavy",3,1
31018,"type ii string tachyon",4,1
31019,"check matrices",2,1
31020,"condensed gases",2,1
31021,"sf rate",2,1
31022,"single mode squeezed",3,1
31023,"five dimensional minkowski",3,1
31024,"explorer fuse",2,1
31025,"semiconductor quantum defect",3,1
31026,"deep inelastic scattering off",4,1
31027,"semiconductor ga",2,1
31028,"micron pah emission lines",4,1
31029,"separable hilbert",2,1
31030,"entanglement sudden",2,1
31031,"body currents",2,1
31032,"hi sources",2,1
31033,"arecibo legacy fast alfa",4,1
31034,"low mass losing",3,1
31035,"marginal probability density",3,1
31036,"gravitational lensing signal",3,1
31037,"doped graphene layers",3,1
31038,"zero lag",2,1
31039,"complex projective surface",3,1
31040,"inclination angles",2,1
31041,"shimony holt",2,1
31042,"becchi rouet",2,1
31043,"le groupe",2,1
31044,"cosmic rays crs",3,1
31045,"age metallicity distributions",3,1
31046,"near infra",2,1
31047,"fifth data",2,1
31048,"arithmetic hyperbolic",2,1
31049,"compact dwarf galaxy clusters",4,1
31050,"fe xxv",2,1
31051,"inverse kinematic",2,1
31052,"qos requirements",2,1
31053,"hilbert modular group",3,1
31054,"cell proliferation",2,1
31055,"multiple andreev",2,1
31056,"body systems containing",3,1
31057,"obscured active",2,1
31058,"spectroscopic imager",2,1
31059,"accretion disk wind speed",4,1
31060,"rate drops",2,1
31061,"titanate pzt",2,1
31062,"schiff moment",2,1
31063,"negative cosmological constant lambda",4,1
31064,"shilov boundary",2,1
31065,"solar neutrino mass",3,1
31066,"explorer rxte",2,1
31067,"dimensional 5d",2,1
31068,"scattering matrix representing",3,1
31069,"compressible mhd",2,1
31070,"briefly reviewing",2,1
31071,"anomalous hall systems",3,1
31072,"strongly correlated electron transport",4,1
31073,"dark matter cdm cosmology",4,1
31074,"theoretical grounds",2,1
31075,"gas giant metrewave",3,1
31076,"radio telescope gmrt",3,1
31077,"profile fitting",2,1
31078,"pseudoscalar higgs boson production",4,1
31079,"gravitational chern",2,1
31080,"burst grb ejecta",3,1
31081,"transit searches",2,1
31082,"tidal circularization",2,1
31083,"archival chandra",2,1
31084,"keldysh green function",3,1
31085,"planetary embryos",2,1
31086,"fully polarized fermi gas",4,1
31087,"baum connes assembly",3,1
31088,"spectral energy ef",3,1
31089,"sk model",2,1
31090,"cone sum",2,1
31091,"spin polarized fermi",3,1
31092,"energy conservation laws",3,1
31093,"crossing numbers",2,1
31094,"powered millisecond",2,1
31095,"shell flash",2,1
31096,"monte carlo generators",3,1
31097,"gabadadze porrati",2,1
31098,"fermi gas phase space",4,1
31099,"orbital kondo",2,1
31100,"zero eccentricity",2,1
31101,"ray pulsations",2,1
31102,"finite size distribution functions",4,1
31103,"folding kinetics",2,1
31104,"lepton number conserving",3,1
31105,"atmospheric cerenkov",2,1
31106,"effective mass distribution function",4,1
31107,"laplace beltrami",2,1
31108,"artin group",2,1
31109,"relativistic blast",2,1
31110,"ultraviolet imaging spectrometer eis",4,1
31111,"weighted sobolev type",3,1
31112,"viterbi algorithm",2,1
31113,"hot halo",2,1
31114,"matter halo mass range",4,1
31115,"ray colours",2,1
31116,"monte carlo dmc",3,1
31117,"innermost stable",2,1
31118,"radio telescope wsrt",3,1
31119,"evolutionary events",2,1
31120,"engine activity",2,1
31121,"braided hopf",2,1
31122,"market hypothesis",2,1
31123,"symbol ml",2,1
31124,"dynamical casimir",2,1
31125,"absorption corrected",2,1
31126,"recursive green",2,1
31127,"sample size scaling",3,1
31128,"kalpha line",2,1
31129,"systems mems devices",3,1
31130,"hydrocarbon pah",2,1
31131,"polycyclic aromatic features",3,1
31132,"gc systems",2,1
31133,"effective mass hierarchies",3,1
31134,"lusztig polynomials",2,1
31135,"primary cosmic microwave",3,1
31136,"large magellanic stream",3,1
31137,"intrinsic josephson",2,1
31138,"pasta ulam",2,1
31139,"van alphen effect",3,1
31140,"local density wave function",4,1
31141,"dicke like",2,1
31142,"correlation xc",2,1
31143,"nilpotent lie",2,1
31144,"dynamo process",2,1
31145,"diluted ising spin",3,1
31146,"spin orbit splitting",3,1
31147,"matter halo profile",3,1
31148,"efimov states",2,1
31149,"renyi graphs",2,1
31150,"dislocation densities",2,1
31151,"transitions occurring",2,1
31152,"significant departures",2,1
31153,"finite morley",2,1
31154,"clouds gmcs",2,1
31155,"standard young stellar",3,1
31156,"energy transferred",2,1
31157,"microwave cavity modes",3,1
31158,"noncommutative gauge symmetry",3,1
31159,"spin orbit isco",3,1
31160,"tensor perturbations around",3,1
31161,"band absolute",2,1
31162,"dirichlet eigenvalue",2,1
31163,"hei lines",2,1
31164,"minkowski functional",2,1
31165,"complex scalar field theories",4,1
31166,"interaction ci",2,1
31167,"photodissociation regions",2,1
31168,"automorphic representation",2,1
31169,"brightness lsb",2,1
31170,"pure helium",2,1
31171,"ap star hd",3,1
31172,"rho omega phi pi",4,1
31173,"magnetocaloric properties",2,1
31174,"raw data set",3,1
31175,"tribimaximal neutrino",2,1
31176,"coherence peaks",2,1
31177,"ahler einstein",2,1
31178,"cluster centric",2,1
31179,"quantum hall resistance",3,1
31180,"reiten quiver",2,1
31181,"askey wilson",2,1
31182,"tongue placed",2,1
31183,"uv fluxes",2,1
31184,"einstein condensed",2,1
31185,"metal abundance distribution",3,1
31186,"problem tsp",2,1
31187,"abundance gradients",2,1
31188,"full duplex",2,1
31189,"mesh refinement",2,1
31190,"partial sky",2,1
31191,"keplerian accretion",2,1
31192,"concordance lambda",2,1
31193,"light shining",2,1
31194,"iram plateau",2,1
31195,"graviton exchange",2,1
31196,"outflow axis",2,1
31197,"luminous infrared luminosity",3,1
31198,"pure neutron",2,1
31199,"moyal product",2,1
31200,"schwarzschild de",2,1
31201,"domain fdtd",2,1
31202,"lambda cold",2,1
31203,"galaxies nuga",2,1
31204,"quiet isolated",2,1
31205,"neutron stars inss",3,1
31206,"emission line seyfert galaxies",4,1
31207,"newtonian approximations",2,1
31208,"rindler space time",3,1
31209,"md simulation",2,1
31210,"dense molecular dynamics",3,1
31211,"evolving block",2,1
31212,"dresselhaus spin polarization",3,1
31213,"super giant",2,1
31214,"physics np",2,1
31215,"field theory dft",3,1
31216,"meson electroproduction",2,1
31217,"magnetic cp",2,1
31218,"semisimple hopf algebras",3,1
31219,"broadband dielectric",2,1
31220,"quantitative comparisons",2,1
31221,"virial temperatures",2,1
31222,"azimuthal correlation",2,1
31223,"modified gravities",2,1
31224,"iv doublet",2,1
31225,"incompressible navier",2,1
31226,"ray flare",2,1
31227,"rotation speeds",2,1
31228,"model selection rule",3,1
31229,"landau gauge symmetry breaking",4,1
31230,"false vacuum energy",3,1
31231,"principal value problem",3,1
31232,"beijing electron positron",3,1
31233,"neutrino mass distribution",3,1
31234,"twin higgs",2,1
31235,"first order quasilinear",3,1
31236,"neutrino disappearance",2,1
31237,"integrated sachs wolfe isw",4,1
31238,"background cmb temperature",3,1
31239,"bonnet gravity",2,1
31240,"assisted tunneling through",3,1
31241,"total cross matching",3,1
31242,"fock bogoliubov",2,1
31243,"observational errors",2,1
31244,"geometric albedo",2,1
31245,"non supersymmetric black holes",4,1
31246,"magnetohydrodynamical mhd simulations",3,1
31247,"tachyon free",2,1
31248,"relativistic quantum cosmology",3,1
31249,"bolometric correction",2,1
31250,"nonlocal gauge",2,1
31251,"radius rh",2,1
31252,"differential equations satisfied",3,1
31253,"bu tau",2,1
31254,"opening angles",2,1
31255,"diffusion approximations",2,1
31256,"squared q2",2,1
31257,"shock revival",2,1
31258,"stellar mass determinations",3,1
31259,"halo coronal",2,1
31260,"hypergeometric differential",2,1
31261,"microturbulent velocity",2,1
31262,"bal quasars",2,1
31263,"incompressible magnetohydrodynamic mhd",3,1
31264,"neutron stars having",3,1
31265,"asymptotically ads black hole",4,1
31266,"hot intracluster",2,1
31267,"short time scale free",4,1
31268,"legacy fast",2,1
31269,"magnetoresistance amr",2,1
31270,"arxiv cond",2,1
31271,"bottom burning",2,1
31272,"function psf",2,1
31273,"equivariant differential",2,1
31274,"cone gauge",2,1
31275,"supernova sn ia supernovae",4,1
31276,"ads5 black",2,1
31277,"single ion traps",3,1
31278,"approx circ",2,1
31279,"lensing events",2,1
31280,"beijing electron",2,1
31281,"kilometre array",2,1
31282,"necklace model",2,1
31283,"dephasing time evolution",3,1
31284,"rhombohedral phase",2,1
31285,"code cloudy",2,1
31286,"barrier heights",2,1
31287,"cluster tilted",2,1
31288,"rho meson spectrum",3,1
31289,"zirconate titanate",2,1
31290,"resonant photoemission",2,1
31291,"tl ba",2,1
31292,"connected riemannian manifold",3,1
31293,"gamma ray fluxes",3,1
31294,"extreme adaptive",2,1
31295,"habitable zones",2,1
31296,"grb 060607a",2,1
31297,"fractional diffusion processes",3,1
31298,"merging black holes",3,1
31299,"photon regeneration",2,1
31300,"cr spectrum",2,1
31301,"volterra integral",2,1
31302,"normal metal poor",3,1
31303,"cluster virial mass distribution",4,1
31304,"gravitational lenses",2,1
31305,"wc stars",2,1
31306,"statistical physics program",3,1
31307,"magnetic ap",2,1
31308,"sm fermions",2,1
31309,"constrained minimal supersymmetric",3,1
31310,"physical sciences",2,1
31311,"cohesive energy",2,1
31312,"submm galaxies",2,1
31313,"magic nuclei",2,1
31314,"siegel modular",2,1
31315,"electronic specific heat capacity",4,1
31316,"nanotube quantum dots",3,1
31317,"finite cw",2,1
31318,"logarithmic scaling",2,1
31319,"product branching",2,1
31320,"relic radiation",2,1
31321,"interacting holographic dark",3,1
31322,"insulating ground",2,1
31323,"post asymptotic giant",3,1
31324,"conformal thin",2,1
31325,"rayleigh taylor",2,1
31326,"ray observatories",2,1
31327,"vacuum energy distribution",3,1
31328,"tension coefficient",2,1
31329,"poloidal field",2,1
31330,"generation radio",2,1
31331,"variational integrators",2,1
31332,"baseline neutrino",2,1
31333,"coding protocol",2,1
31334,"thermodynamic bethe",2,1
31335,"posteriori probability",2,1
31336,"observatoire de",2,1
31337,"quantum key generation rate",4,1
31338,"spinor bose einstein condensate",4,1
31339,"stellar surface densities",3,1
31340,"magnitude mb",2,1
31341,"young neutron",2,1
31342,"collins functions",2,1
31343,"multifractal scaling",2,1
31344,"slater type",2,1
31345,"resolved photoemission spectroscopy arpes",4,1
31346,"nonlinear dynamo model",3,1
31347,"riemann liouville",2,1
31348,"spectroscopy arpes measurements",3,1
31349,"primordial density perturbations",3,1
31350,"pseudo spin orbit",3,1
31351,"remarkably accurate",2,1
31352,"dimensional minkowski spacetime",3,1
31353,"semiconductor quantum interference",3,1
31354,"nonlinear optical waveguide arrays",4,1
31355,"late type ib",3,1
31356,"dephasing noise induced",3,1
