rank,term,n_tokens,freq
1,"two dimensional",2,797
2,"magnetic field",2,757
3,"standard model",2,634
4,"field theory",2,616
5,"high energy",2,562
6,"ground state",2,530
7,"first order",2,504
8,"low energy",2,501
9,"experimental data",2,493
10,"phase transition",2,482
11,"cross section",2,371
12,"ray emission",2,361
13,"large scale",2,360
14,"second order",2,354
15,"power law",2,340
16,"new physics",2,338
17,"numerical simulations",2,335
18,"new approach",2,333
19,"non linear",2,322
20,"space time",2,310
21,"time dependent",2,284
22,"large number",2,281
23,"quantum mechanics",2,280
24,"perturbation theory",2,274
25,"phase space",2,271
26,"high temperature",2,268
27,"three dimensional",2,267
28,"high resolution",2,265
29,"phys rev",2,260
30,"two dimensions",2,260
31,"new class",2,251
32,"model independent",2,251
33,"effective potential",2,250
34,"low density",2,249
35,"leading order",2,248
36,"self consistent",2,242
37,"boundary conditions",2,237
38,"mean field",2,234
39,"wave function",2,233
40,"dynamical systems",2,232
41,"non zero",2,232
42,"general relativity",2,232
43,"time evolution",2,228
44,"order parameter",2,226
45,"black hole",2,222
46,"correlation functions",2,217
47,"initial state",2,214
48,"non trivial",2,214
49,"single particle",2,208
50,"zero temperature",2,207
51,"exact solution",2,206
52,"structure functions",2,205
53,"mass function",2,205
54,"cross sections",2,205
55,"effective action",2,203
56,"string theory",2,201
57,"two types",2,200
58,"distribution function",2,198
59,"parameter space",2,197
60,"dark matter",2,197
61,"lattice qcd",2,197
62,"spectral analysis",2,196
63,"cosmological models",2,196
64,"two component",2,193
65,"field theories",2,193
66,"star formation",2,193
67,"special case",2,191
68,"finite dimensional",2,189
69,"matrix elements",2,187
70,"quantum gravity",2,185
71,"energy range",2,182
72,"low temperature",2,182
73,"high frequency",2,181
74,"power spectrum",2,181
75,"higher order",2,179
76,"early universe",2,177
77,"energy spectrum",2,175
78,"non equilibrium",2,174
79,"gauge field",2,171
80,"angular momentum",2,170
81,"two photon",2,170
82,"radio galaxies",2,170
83,"optical spectra",2,169
84,"theoretical predictions",2,168
85,"energy density",2,168
86,"data set",2,167
87,"massive stars",2,166
88,"temperature dependence",2,166
89,"symmetry breaking",2,166
90,"renormalization group",2,165
91,"ray sources",2,163
92,"infinite dimensional",2,162
93,"long time",2,161
94,"finite temperature",2,161
95,"galaxy clusters",2,161
96,"monte carlo simulations",3,159
97,"classical limit",2,159
98,"final state",2,159
99,"available data",2,158
100,"quantum mechanical",2,157
101,"exact solutions",2,157
102,"gauge theories",2,157
103,"initial conditions",2,155
104,"fixed point",2,155
105,"statistical properties",2,155
106,"low temperatures",2,153
107,"short range",2,152
108,"bound state",2,151
109,"long range",2,151
110,"critical point",2,151
111,"cp violation",2,151
112,"form factor",2,150
113,"einstein equations",2,148
114,"four dimensions",2,147
115,"cosmological parameters",2,147
116,"mass spectrum",2,147
117,"spectral properties",2,146
118,"quantum information",2,145
119,"phase transitions",2,145
120,"higher dimensional",2,144
121,"free energy",2,144
122,"cosmological constant",2,139
123,"energy distribution",2,138
124,"sigma model",2,137
125,"vacuum energy",2,135
126,"scalar fields",2,135
127,"emission lines",2,135
128,"theoretical models",2,135
129,"monte carlo",2,135
130,"coupling constant",2,133
131,"electronic states",2,133
132,"structure function",2,133
133,"strong coupling",2,133
134,"bound states",2,131
135,"gauge group",2,131
136,"point like",2,130
137,"dynamics simulations",2,129
138,"physical properties",2,129
139,"probability distribution",2,127
140,"lower bound",2,127
141,"two body",2,127
142,"scaling behavior",2,127
143,"type ii",2,126
144,"self similar",2,125
145,"quantum fluctuations",2,125
146,"neutron stars",2,125
147,"low mass",2,125
148,"gauge theory",2,125
149,"hilbert space",2,124
150,"electronic structure",2,124
151,"dynamical properties",2,123
152,"transition temperature",2,123
153,"critical temperature",2,123
154,"scalar field",2,123
155,"invariant under",2,123
156,"phase diagram",2,121
157,"transport properties",2,121
158,"hamiltonian systems",2,121
159,"double well",2,120
160,"weak coupling",2,120
161,"finite size",2,120
162,"square lattice",2,119
163,"chiral symmetry",2,119
164,"system size",2,119
165,"nuclear matter",2,119
166,"large class",2,118
167,"arbitrary number",2,118
168,"specific heat",2,117
169,"coherent state",2,117
170,"magnetic field theory",3,116
171,"small values",2,116
172,"critical behavior",2,115
173,"detailed analysis",2,115
174,"closed form",2,114
175,"real space",2,114
176,"non local",2,114
177,"evolution equation",2,113
178,"differential equations",2,113
179,"light curves",2,112
180,"three dimensions",2,111
181,"wave functions",2,111
182,"black holes",2,111
183,"stellar mass",2,111
184,"solar masses",2,110
185,"magnetic fields",2,110
186,"correlation function",2,110
187,"tree level",2,110
188,"chandra observations",2,110
189,"meson decays",2,110
190,"muon anomalous magnetic moment",4,110
191,"effective hamiltonian",2,109
192,"first principles",2,108
193,"entangled states",2,107
194,"numerical solutions",2,106
195,"normal state",2,106
196,"deep inelastic scattering",3,106
197,"spin dependent",2,105
198,"radio source",2,105
199,"total mass",2,105
200,"least two",2,105
201,"energy levels",2,104
202,"single crystals",2,104
203,"low frequency",2,104
204,"spherically symmetric",2,104
205,"dynamical evolution",2,103
206,"high velocity",2,103
207,"necessary conditions",2,102
208,"decay rate",2,102
209,"lie algebra",2,102
210,"extra dimensions",2,102
211,"surface density",2,101
212,"many body",2,101
213,"non relativistic",2,101
214,"binary systems",2,101
215,"chemical potential",2,100
216,"time scales",2,100
217,"two loop",2,100
218,"superconducting state",2,99
219,"steady state",2,99
220,"wave equation",2,99
221,"coherent states",2,98
222,"mean field theory",3,98
223,"near infrared",2,98
224,"upper limit",2,98
225,"vector fields",2,98
226,"non perturbative",2,98
227,"pure states",2,97
228,"spectral density",2,97
229,"continuum limit",2,97
230,"form factors",2,97
231,"spectroscopic observations",2,97
232,"perturbative qcd",2,97
233,"transverse momentum",2,96
234,"non abelian",2,96
235,"critical value",2,96
236,"early type",2,96
237,"charged particle",2,95
238,"density fluctuations",2,95
239,"real time",2,95
240,"heavy quark",2,95
241,"fermi surface",2,94
242,"moduli space",2,94
243,"redshift survey",2,94
244,"nearby galaxies",2,94
245,"control system",2,94
246,"three body",2,93
247,"localized states",2,93
248,"structure formation",2,93
249,"single mode",2,92
250,"general relativistic",2,92
251,"statistical analysis",2,92
252,"band structure",2,91
253,"central regions",2,91
254,"coulomb interaction",2,91
255,"matter fields",2,91
256,"gravitational radiation",2,90
257,"complete set",2,90
258,"exchange interactions",2,90
259,"scaling properties",2,90
260,"number density",2,90
261,"explicit form",2,89
262,"quasi two",2,89
263,"partition function",2,89
264,"spin polarized",2,88
265,"electromagnetic field",2,88
266,"configuration space",2,88
267,"accretion disk",2,88
268,"strongly coupled",2,88
269,"quantum dots",2,87
270,"value problem",2,87
271,"bose einstein condensate",3,86
272,"de sitter",2,86
273,"brane world",2,86
274,"self dual",2,86
275,"physical processes",2,85
276,"particle physics",2,85
277,"quark masses",2,85
278,"quantum computer",2,84
279,"ground states",2,84
280,"single electron",2,84
281,"four dimensional",2,84
282,"observations suggest",2,84
283,"binary system",2,84
284,"neutrino oscillations",2,84
285,"elastic scattering",2,84
286,"quantum numbers",2,83
287,"density matrix",2,83
288,"current voltage",2,83
289,"thermodynamic properties",2,83
290,"free parameter",2,83
291,"molecular dynamics simulations",3,83
292,"green function",2,83
293,"supersymmetry breaking",2,83
294,"random matrix",2,82
295,"self energy",2,82
296,"einstein gravity",2,82
297,"upper limits",2,82
298,"large scale structure",3,82
299,"effective temperature",2,81
300,"inelastic scattering",2,81
301,"local density",2,81
302,"wide field",2,81
303,"pair production",2,81
304,"confidence level",2,81
305,"quark gluon",2,81
306,"heavy ion collisions",3,81
307,"spin chain",2,80
308,"experimental studies",2,80
309,"quantum computing",2,80
310,"large area",2,80
311,"dirac equation",2,80
312,"observational data",2,80
313,"central region",2,80
314,"non thermal",2,80
315,"final states",2,80
316,"general features",2,79
317,"interaction strength",2,79
318,"spin density",2,79
319,"two classes",2,79
320,"neutron star",2,79
321,"invariant mass",2,79
322,"harmonic oscillator",2,78
323,"velocity field",2,78
324,"global properties",2,78
325,"neutron scattering",2,78
326,"external magnetic field",3,78
327,"statistical mechanics",2,78
328,"second part",2,78
329,"evolution equations",2,78
330,"small scale",2,78
331,"exchange interaction",2,77
332,"numerical simulation",2,77
333,"data sets",2,77
334,"integral equation",2,77
335,"charged particles",2,77
336,"dust emission",2,77
337,"nuclear collisions",2,77
338,"non gaussian",2,76
339,"phase shift",2,76
340,"fundamental group",2,76
341,"ginzburg landau",2,76
342,"fermi liquid",2,76
343,"molecular dynamics",2,76
344,"molecular gas",2,76
345,"irreducible representations",2,76
346,"quantum groups",2,76
347,"light ratio",2,76
348,"shell model",2,76
349,"effective lagrangian",2,76
350,"mode coupling",2,75
351,"strongly correlated",2,75
352,"gravitational field",2,75
353,"quark mass",2,75
354,"initial data",2,74
355,"orbital period",2,74
356,"galaxy formation",2,74
357,"numerical methods",2,73
358,"left right",2,73
359,"non commutative",2,73
360,"radio sources",2,73
361,"light curve",2,73
362,"total energy",2,73
363,"length scale",2,72
364,"disordered systems",2,72
365,"complex plane",2,72
366,"high pressure",2,72
367,"model predicts",2,72
368,"light cone",2,72
369,"non vanishing",2,72
370,"external fields",2,72
371,"ray spectra",2,72
372,"elliptical galaxies",2,72
373,"galactic disk",2,72
374,"optical spectroscopy",2,72
375,"surface brightness",2,72
376,"physical conditions",2,72
377,"disk galaxies",2,72
378,"two approaches",2,72
379,"extra dimension",2,72
380,"open string",2,72
381,"gauge coupling",2,72
382,"two qubits",2,71
383,"electric field",2,71
384,"momentum tensor",2,71
385,"time series",2,71
386,"magnetic moment",2,71
387,"ising model",2,71
388,"strong correlation",2,71
389,"electric fields",2,71
390,"spectral type",2,71
391,"high redshift",2,71
392,"hot gas",2,71
393,"light quarks",2,71
394,"branching ratio",2,71
395,"numerical calculations",2,71
396,"classical mechanics",2,71
397,"decay amplitudes",2,70
398,"gauge field theories",3,70
399,"temperature dependent",2,70
400,"low lying",2,70
401,"special relativity",2,70
402,"solar system",2,70
403,"gauge symmetry",2,70
404,"decay modes",2,70
405,"mixed states",2,69
406,"long term",2,69
407,"superconducting gap",2,69
408,"relativistic quantum",2,69
409,"region around",2,69
410,"ray spectrum",2,69
411,"stellar evolution",2,69
412,"globular clusters",2,69
413,"rest frame",2,69
414,"loop corrections",2,69
415,"central collisions",2,69
416,"fine structure",2,68
417,"thin films",2,68
418,"upper bound",2,68
419,"broad range",2,68
420,"gravitational potential",2,68
421,"branching ratios",2,68
422,"zero modes",2,68
423,"stat syst",2,68
424,"quantum interference",2,67
425,"formation process",2,67
426,"lie group",2,67
427,"path integral",2,67
428,"theoretical calculations",2,67
429,"quantum corrections",2,67
430,"physical parameters",2,67
431,"high energies",2,67
432,"model prediction",2,67
433,"cosmic rays",2,67
434,"existing data",2,67
435,"heavy ion",2,67
436,"precision measurements",2,67
437,"gauge field theory",3,67
438,"non universal",2,66
439,"two dimensional 2d",3,66
440,"point correlation",2,66
441,"special attention",2,66
442,"theoretical analysis",2,66
443,"large amplitude",2,66
444,"evolutionary models",2,66
445,"luminosity evolution",2,66
446,"compact objects",2,66
447,"monte carlo simulation",3,66
448,"thin film",2,65
449,"mean value",2,65
450,"time dependence",2,65
451,"probability density",2,65
452,"sum rule",2,65
453,"electric charge",2,65
454,"total number",2,65
455,"functional theory",2,65
456,"infinite number",2,65
457,"galaxy ngc",2,65
458,"particle production",2,65
459,"mass energies",2,65
460,"higgs boson",2,65
461,"integrated luminosity",2,65
462,"quantum computation",2,64
463,"tight binding",2,64
464,"zero point",2,64
465,"universality class",2,64
466,"thermal equilibrium",2,64
467,"finite volume",2,64
468,"radiation field",2,64
469,"alpha beta",2,64
470,"semi classical",2,64
471,"euclidean space",2,64
472,"photometric data",2,64
473,"low energies",2,64
474,"tev scale",2,64
475,"spontaneously broken",2,64
476,"high precision",2,64
477,"sufficient condition",2,64
478,"total spin",2,63
479,"high efficiency",2,63
480,"solid state",2,63
481,"hubbard model",2,63
482,"two dimensional electron",3,63
483,"special emphasis",2,63
484,"structure factor",2,63
485,"kaluza klein",2,63
486,"gravitational collapse",2,63
487,"moduli spaces",2,63
488,"algebraic structure",2,63
489,"inner disk",2,63
490,"yang mills",2,63
491,"sky survey",2,63
492,"galactic halo",2,63
493,"feynman diagrams",2,62
494,"integrable models",2,62
495,"main features",2,62
496,"free parameters",2,62
497,"five dimensional",2,62
498,"gravitational wave",2,62
499,"matrix element",2,62
500,"sum rules",2,62
501,"fixed points",2,62
502,"excitation spectrum",2,61
503,"magnetization measurements",2,61
504,"briefly reviewed",2,61
505,"spatial distribution",2,61
506,"fourier transform",2,61
507,"systematic errors",2,61
508,"local group",2,61
509,"explicit expressions",2,60
510,"multiple scattering",2,60
511,"lattice gas",2,60
512,"current density",2,60
513,"lower bounds",2,60
514,"magnetic field strength",3,60
515,"flat universe",2,60
516,"gamma ray emission",3,60
517,"off shell",2,60
518,"domain walls",2,60
519,"velocity distribution",2,59
520,"mass fraction",2,59
521,"stochastic process",2,59
522,"spin polarization",2,59
523,"relaxation time",2,59
524,"distribution functions",2,59
525,"chemical evolution",2,59
526,"complete sample",2,59
527,"low redshift",2,59
528,"quark matter",2,59
529,"short distance",2,59
530,"test particles",2,58
531,"point correlation functions",3,58
532,"scattering length",2,58
533,"density wave",2,58
534,"spin down",2,58
535,"dispersion relation",2,58
536,"control systems",2,58
537,"theoretical description",2,58
538,"conformal field theory",3,58
539,"symmetric spaces",2,58
540,"hubble space telescope",3,58
541,"mass ratio",2,58
542,"low luminosity",2,58
543,"high sensitivity",2,58
544,"red giant",2,58
545,"loop order",2,58
546,"vector mesons",2,58
547,"stability analysis",2,58
548,"boundary condition",2,58
549,"analytical solution",2,57
550,"chern simons theory",3,57
551,"quasi particle",2,57
552,"near ir",2,57
553,"thermodynamic limit",2,57
554,"bethe ansatz",2,57
555,"heisenberg model",2,57
556,"high accuracy",2,57
557,"integrable systems",2,57
558,"off diagonal",2,57
559,"two regimes",2,57
560,"kev band",2,57
561,"neutral current",2,57
562,"momentum space",2,57
563,"master equation",2,56
564,"unified theory",2,56
565,"range interactions",2,56
566,"mixed state",2,56
567,"inverse problem",2,56
568,"cluster systems",2,56
569,"fermi level",2,56
570,"asymptotic behavior",2,56
571,"numerical solution",2,56
572,"models predict",2,56
573,"radiative corrections",2,56
574,"higher dimensions",2,56
575,"input output",2,56
576,"asymptotic analysis",2,55
577,"proper time",2,55
578,"pure state",2,55
579,"two qubit",2,55
580,"algebraic approach",2,55
581,"transport through",2,55
582,"self gravitating",2,55
583,"weakly coupled",2,55
584,"tensor product",2,55
585,"gravitational waves",2,55
586,"event horizon",2,55
587,"maxwell equations",2,55
588,"hopf algebra",2,55
589,"non compact",2,55
590,"lowest order",2,55
591,"realistic models",2,55
592,"qcd calculations",2,55
593,"ads cft correspondence",3,55
594,"expectation value",2,54
595,"transfer matrix",2,54
596,"magnetic flux",2,54
597,"critical points",2,54
598,"new generation",2,54
599,"local universe",2,54
600,"cold dark matter",3,54
601,"simple analytic",2,54
602,"cold gas",2,54
603,"scattering amplitude",2,54
604,"standard model sm",3,54
605,"quantum chaos",2,54
606,"superconductor mgb2",2,54
607,"canonical quantization",2,53
608,"phase transition temperature",3,53
609,"limiting case",2,53
610,"non degenerate",2,53
611,"random walks",2,53
612,"discrete symmetry",2,53
613,"charge fluctuations",2,53
614,"particle hole",2,53
615,"kinetic theory",2,53
616,"structure constant",2,53
617,"explicit construction",2,53
618,"obtain information",2,53
619,"central source",2,53
620,"absorption line",2,53
621,"emission line",2,53
622,"observations indicate",2,53
623,"yukawa couplings",2,53
624,"parton distributions",2,53
625,"bar nu",2,53
626,"randall sundrum",2,53
627,"qcd corrections",2,53
628,"two flavor",2,53
629,"phase shifts",2,52
630,"upper bounds",2,52
631,"asymptotic form",2,52
632,"normal metal",2,52
633,"omega pi",2,52
634,"collective modes",2,52
635,"dimensional electron",2,52
636,"computer simulations",2,52
637,"hard state",2,52
638,"phase approximation",2,52
639,"critical phenomena",2,52
640,"experimental test",2,52
641,"scalar field theory",3,52
642,"host galaxy",2,52
643,"four fermion",2,52
644,"size distribution",2,52
645,"arbitrary dimension",2,52
646,"beta function",2,52
647,"pb collisions",2,52
648,"momentum transfer",2,51
649,"mathematical model",2,51
650,"pairing interaction",2,51
651,"small angle",2,51
652,"periodic boundary conditions",3,51
653,"average number",2,51
654,"high tc",2,51
655,"integral equations",2,51
656,"flux density",2,51
657,"superconducting properties",2,51
658,"conformal symmetry",2,51
659,"modules over",2,51
660,"big bang",2,51
661,"interstellar medium",2,51
662,"supernova remnant",2,51
663,"tan beta",2,51
664,"near threshold",2,51
665,"constant curvature",2,51
666,"critical exponents",2,51
667,"quasi classical",2,50
668,"second law",2,50
669,"non detection",2,50
670,"large enough",2,50
671,"thermal fluctuations",2,50
672,"perfect fluid",2,50
673,"below tc",2,50
674,"symplectic structure",2,50
675,"first generation",2,50
676,"scale dependence",2,50
677,"power spectra",2,50
678,"gamma rays",2,50
679,"high redshifts",2,50
680,"differential cross sections",3,50
681,"parity violation",2,50
682,"solar neutrinos",2,50
683,"two loops",2,50
684,"lower energies",2,50
685,"wave superconductors",2,50
686,"randall sundrum model",3,50
687,"efficient algorithm",2,49
688,"vacuum fluctuations",2,49
689,"initial value",2,49
690,"multi wavelength",2,49
691,"internal energy",2,49
692,"interacting electrons",2,49
693,"two step",2,49
694,"density profiles",2,49
695,"hamiltonian formalism",2,49
696,"narrow line",2,49
697,"flux ratio",2,49
698,"fine tuning",2,49
699,"physical interpretation",2,49
700,"simple proof",2,49
701,"projective space",2,49
702,"galaxy groups",2,49
703,"nuclear structure",2,49
704,"domain wall",2,49
705,"gauge transformations",2,48
706,"dirac operators",2,48
707,"periodic orbits",2,48
708,"real part",2,48
709,"simplified model",2,48
710,"excitation spectra",2,48
711,"exponential decay",2,48
712,"time scale",2,48
713,"simply connected",2,48
714,"ising models",2,48
715,"hierarchy problem",2,48
716,"low energy spectrum",3,48
717,"minimally coupled",2,48
718,"like objects",2,48
719,"particle moving",2,48
720,"type stars",2,48
721,"rxte observations",2,48
722,"power corrections",2,48
723,"during inflation",2,48
724,"semileptonic decays",2,48
725,"cern sps",2,48
726,"energy distributions",2,48
727,"hadron colliders",2,48
728,"excited states",2,48
729,"babar detector",2,48
730,"high energy range",3,47
731,"electron beam",2,47
732,"energy gap",2,47
733,"kondo effect",2,47
734,"generated via",2,47
735,"transmission through",2,47
736,"finite temperatures",2,47
737,"variational approach",2,47
738,"simple analytical",2,47
739,"dirac operator",2,47
740,"cmb data",2,47
741,"asca data",2,47
742,"strong constraints",2,47
743,"meson production",2,47
744,"decay channels",2,46
745,"quant ph",2,46
746,"relaxation rate",2,46
747,"quantum channel",2,46
748,"length scales",2,46
749,"strong anisotropy",2,46
750,"slow dynamics",2,46
751,"exact diagonalization",2,46
752,"electron hole",2,46
753,"theoretical framework",2,46
754,"parameter lambda",2,46
755,"main theorem",2,46
756,"green functions",2,46
757,"band imaging",2,46
758,"low resolution",2,46
759,"global analysis",2,46
760,"main sequence",2,46
761,"chiral perturbation theory",3,46
762,"coupling constants",2,46
763,"fermion mass",2,46
764,"perturbative expansion",2,46
765,"single crystal",2,46
766,"charge distribution",2,45
767,"correlation length",2,45
768,"binding energies",2,45
769,"nearest neighbor",2,45
770,"current understanding",2,45
771,"response function",2,45
772,"well suited",2,45
773,"data points",2,45
774,"spectral function",2,45
775,"random potential",2,45
776,"long wavelength",2,45
777,"giving rise",2,45
778,"small amplitude",2,45
779,"xmm newton",2,45
780,"spectral index",2,45
781,"stellar population",2,45
782,"point sources",2,45
783,"ii regions",2,45
784,"precise measurement",2,45
785,"light propagation",2,45
786,"optically thin",2,45
787,"two pion",2,45
788,"total cross section",3,45
789,"neutrino mass",2,45
790,"psi production",2,45
791,"radiative decays",2,45
792,"scattering amplitudes",2,45
793,"direct measurement",2,45
794,"maximum entropy",2,45
795,"global symmetries",2,44
796,"continuous variable",2,44
797,"photon number",2,44
798,"linear response",2,44
799,"analytical expression",2,44
800,"turbulent flow",2,44
801,"first order parameter",3,44
802,"large array",2,44
803,"hamiltonian formulation",2,44
804,"mixing parameter",2,44
805,"relativistic electrons",2,44
806,"plane wave",2,44
807,"broad band",2,44
808,"standard model independent",3,44
809,"spiral galaxies",2,44
810,"next generation",2,44
811,"star forming",2,44
812,"ccd photometry",2,44
813,"dark matter halos",3,44
814,"decay constant",2,44
815,"quenched approximation",2,44
816,"vacuum state",2,44
817,"chiral limit",2,44
818,"linear colliders",2,44
819,"large mixing",2,44
820,"upsilon 4s resonance",3,44
821,"spin fluctuations",2,44
822,"differential operators",2,44
823,"probability measure",2,43
824,"non uniform",2,43
825,"upper critical",2,43
826,"vortex line",2,43
827,"half filling",2,43
828,"short time",2,43
829,"critical exponent",2,43
830,"long distance",2,43
831,"parameter family",2,43
832,"ordered state",2,43
833,"wide class",2,43
834,"topological defects",2,43
835,"column densities",2,43
836,"stress energy",2,43
837,"toy model",2,43
838,"direct detection",2,43
839,"differential equation",2,43
840,"noncommutative geometry",2,43
841,"gamma ray bursts",3,43
842,"star clusters",2,43
843,"planck scale",2,43
844,"full set",2,43
845,"sigma models",2,43
846,"spatial resolution",2,43
847,"rhic energies",2,43
848,"differential cross section",3,43
849,"linear collider",2,43
850,"fock space",2,43
851,"casimir energy",2,43
852,"brane cosmology",2,43
853,"growth rate",2,43
854,"maximum likelihood",2,42
855,"high speed",2,42
856,"chaotic motion",2,42
857,"single photon",2,42
858,"temperatures below",2,42
859,"spin gap",2,42
860,"perpendicular magnetic field",3,42
861,"cond mat",2,42
862,"ab initio",2,42
863,"analytical expressions",2,42
864,"resonance region",2,42
865,"equal mass",2,42
866,"cosmic ray",2,42
867,"young stars",2,42
868,"active galaxies",2,42
869,"high intensity",2,42
870,"companion star",2,42
871,"cosmic microwave background anisotropy",4,42
872,"hadronic interactions",2,42
873,"gamma collisions",2,42
874,"proton decay",2,42
875,"seiberg witten",2,42
876,"tachyon condensation",2,42
877,"physical mechanism",2,41
878,"solutions describing",2,41
879,"dynamic range",2,41
880,"weyl group",2,41
881,"entangled state",2,41
882,"wave vector",2,41
883,"surface tension",2,41
884,"electron correlations",2,41
885,"characteristic features",2,41
886,"phase transition occurs",3,41
887,"optical conductivity",2,41
888,"boundary states",2,41
889,"vortex state",2,41
890,"partition functions",2,41
891,"angular distribution",2,41
892,"bepposax observations",2,41
893,"radial velocities",2,41
894,"velocity measurements",2,41
895,"dwarf galaxy",2,41
896,"spiral galaxy",2,41
897,"quark gluon plasma",3,41
898,"third order",2,41
899,"spin degrees",2,41
900,"strongly interacting",2,41
901,"quantum information processing",3,40
902,"general discussion",2,40
903,"zero frequency",2,40
904,"laser beam",2,40
905,"quasi two dimensional",3,40
906,"power law distributions",3,40
907,"minimum number",2,40
908,"basic parameters",2,40
909,"perturbative calculation",2,40
910,"experimental observations",2,40
911,"star formation history",3,40
912,"galactic bulge",2,40
913,"accurate measurements",2,40
914,"molecular clouds",2,40
915,"initial mass",2,40
916,"type ia supernovae",3,40
917,"spectral resolution",2,40
918,"charged current",2,40
919,"decay rates",2,40
920,"mass ratios",2,40
921,"tau lepton",2,40
922,"rho meson",2,40
923,"scattering processes",2,40
924,"heavy nuclei",2,40
925,"dispersion relations",2,40
926,"cosmic microwave background",3,40
927,"curved space",2,39
928,"bell inequalities",2,39
929,"level atoms",2,39
930,"pattern formation",2,39
931,"production rate",2,39
932,"linear size",2,39
933,"quantum hall effect",3,39
934,"long range interactions",3,39
935,"threshold value",2,39
936,"stationary states",2,39
937,"confining potential",2,39
938,"ray diffraction",2,39
939,"arbitrary values",2,39
940,"electronic properties",2,39
941,"potential barrier",2,39
942,"absorption systems",2,39
943,"crystal structure",2,39
944,"plane parallel",2,39
945,"massive particles",2,39
946,"frequency range",2,39
947,"scalar curvature",2,39
948,"sum over",2,39
949,"vector potential",2,39
950,"dual description",2,39
951,"generating functions",2,39
952,"ray bursts",2,39
953,"deep field",2,39
954,"significant population",2,39
955,"hst wfpc2",2,39
956,"interstellar gas",2,39
957,"absorption lines",2,39
958,"stellar objects",2,39
959,"galactic center",2,39
960,"noise ratio",2,39
961,"spectral features",2,39
962,"inverse scattering",2,39
963,"brown dwarfs",2,39
964,"high energy spectrum",3,39
965,"lower limit",2,39
966,"delta m2",2,39
967,"spontaneous symmetry breaking",3,39
968,"chiral symmetry breaking",3,39
969,"q2 gev2",2,39
970,"experimental observation",2,39
971,"hilbert spaces",2,38
972,"non adiabatic",2,38
973,"conformally invariant",2,38
974,"time delay",2,38
975,"fractal dimension",2,38
976,"strong enough",2,38
977,"momentum dependent",2,38
978,"phase coherence",2,38
979,"strong disorder",2,38
980,"diffusion coefficient",2,38
981,"charge transfer",2,38
982,"open problems",2,38
983,"metal insulator",2,38
984,"fermi energy",2,38
985,"random walk",2,38
986,"electron phonon",2,38
987,"rotation axis",2,38
988,"physical picture",2,38
989,"direct determination",2,38
990,"operator algebras",2,38
991,"spectroscopic survey",2,38
992,"variable stars",2,38
993,"relativistic particles",2,38
994,"self consistently",2,38
995,"structural properties",2,38
996,"neutrino masses",2,38
997,"decay width",2,38
998,"gluon plasma",2,38
999,"coordinate system",2,38
1000,"g2 holonomy",2,38
1001,"flat spectrum",2,38
1002,"expectation values",2,38
1003,"pi pi0",2,38
1004,"unitary transformation",2,37
1005,"wigner function",2,37
1006,"negative values",2,37
1007,"two species",2,37
1008,"tc superconductors",2,37
1009,"stationary state",2,37
1010,"metal insulator transition",3,37
1011,"relative motion",2,37
1012,"critical behaviour",2,37
1013,"effective radius",2,37
1014,"quantum dot",2,37
1015,"imaginary part",2,37
1016,"mesoscopic systems",2,37
1017,"numerical estimates",2,37
1018,"coupling strength",2,37
1019,"ferromagnetic phase",2,37
1020,"physical quantities",2,37
1021,"supersymmetric standard model",3,37
1022,"central limit",2,37
1023,"gamma ray bursts grbs",4,37
1024,"near horizon",2,37
1025,"explicit formula",2,37
1026,"short period",2,37
1027,"dwarf galaxies",2,37
1028,"self interacting",2,37
1029,"synchrotron radiation",2,37
1030,"ray luminosity",2,37
1031,"gauge invariance",2,37
1032,"open strings",2,37
1033,"mixing matrix",2,37
1034,"schr odinger",2,37
1035,"interacting via",2,37
1036,"stochastic processes",2,37
1037,"masses below",2,37
1038,"gauge invariant",2,37
1039,"phase difference",2,37
1040,"cross correlation",2,37
1041,"time interval",2,36
1042,"non stationary",2,36
1043,"gross pitaevskii",2,36
1044,"first principles calculations",3,36
1045,"proximity effect",2,36
1046,"transport measurements",2,36
1047,"josephson junction",2,36
1048,"strong enhancement",2,36
1049,"random graphs",2,36
1050,"energies below",2,36
1051,"structure constants",2,36
1052,"internal structure",2,36
1053,"non interacting",2,36
1054,"su yang mills",3,36
1055,"bundles over",2,36
1056,"central charge",2,36
1057,"conformal field theories",3,36
1058,"rich cluster",2,36
1059,"ray binary",2,36
1060,"body simulations",2,36
1061,"central star",2,36
1062,"globular cluster",2,36
1063,"optical depth",2,36
1064,"starburst galaxies",2,36
1065,"point source",2,36
1066,"combined effect",2,36
1067,"pair potential",2,36
1068,"constant lambda",2,36
1069,"analytical calculations",2,36
1070,"baryon number",2,36
1071,"thermal conductivity",2,36
1072,"topological charge",2,36
1073,"systematic error",2,36
1074,"complete classification",2,36
1075,"dispersion spectra",2,36
1076,"sufficient conditions",2,35
1077,"multi particle",2,35
1078,"bcs model",2,35
1079,"scaling relation",2,35
1080,"exactly solvable",2,35
1081,"raman scattering",2,35
1082,"entropy production",2,35
1083,"finite size scaling",3,35
1084,"charge density",2,35
1085,"spin glass",2,35
1086,"coupling regime",2,35
1087,"high temperatures",2,35
1088,"under pressure",2,35
1089,"mass differences",2,35
1090,"extended objects",2,35
1091,"riemannian geometry",2,35
1092,"complex numbers",2,35
1093,"high degree",2,35
1094,"deep surveys",2,35
1095,"active galactic nuclei",3,35
1096,"spherical symmetry",2,35
1097,"formation rates",2,35
1098,"cluster core",2,35
1099,"deformation parameter",2,35
1100,"electron gas",2,35
1101,"accelerating universe",2,35
1102,"higher energies",2,35
1103,"axial vector",2,35
1104,"impact parameter",2,35
1105,"conduction electron",2,35
1106,"high temperature dependence",3,35
1107,"jet production",2,35
1108,"white dwarfs",2,35
1109,"high quality",2,35
1110,"finitely generated",2,35
1111,"dimensional reduction",2,35
1112,"physical observables",2,34
1113,"ideal gas",2,34
1114,"beta functions",2,34
1115,"finite width",2,34
1116,"well constrained",2,34
1117,"multi dimensional",2,34
1118,"magnetic field lines",3,34
1119,"magnitude limit",2,34
1120,"asymptotic limit",2,34
1121,"average value",2,34
1122,"nuclear spin",2,34
1123,"critical current",2,34
1124,"magnetic moments",2,34
1125,"well correlated",2,34
1126,"integral over",2,34
1127,"characteristic zero",2,34
1128,"commutative case",2,34
1129,"microscopic description",2,34
1130,"power series",2,34
1131,"event rates",2,34
1132,"mass accretion",2,34
1133,"co emission",2,34
1134,"radiative transfer",2,34
1135,"gamma ray",2,34
1136,"small perturbations",2,34
1137,"supernova explosion",2,34
1138,"total flux",2,34
1139,"ionized gas",2,34
1140,"broad line",2,34
1141,"linear stability",2,34
1142,"gravitational instability",2,34
1143,"nuclear physics",2,34
1144,"vacuum energy density",3,34
1145,"kinetic energy",2,34
1146,"nu tau",2,34
1147,"minimum mass",2,34
1148,"minimal supersymmetric standard model",4,34
1149,"qcd sum rules",3,34
1150,"anomalous dimension",2,34
1151,"electromagnetic fields",2,34
1152,"second generation",2,34
1153,"open string theory",3,34
1154,"conservation laws",2,34
1155,"computer simulation",2,34
1156,"single channel",2,34
1157,"cooper pairs",2,34
1158,"intermediate mass",2,34
1159,"information processing",2,34
1160,"classical communication",2,33
1161,"langevin equation",2,33
1162,"covariant under",2,33
1163,"schroedinger equation",2,33
1164,"hard sphere",2,33
1165,"heavy fermion",2,33
1166,"spin glasses",2,33
1167,"spin singlet",2,33
1168,"perturbation expansion",2,33
1169,"new definition",2,33
1170,"axially symmetric",2,33
1171,"liquid behavior",2,33
1172,"quenched disorder",2,33
1173,"energy scales",2,33
1174,"bose gas",2,33
1175,"ray scattering",2,33
1176,"well separated",2,33
1177,"flux variations",2,33
1178,"curved spacetime",2,33
1179,"scale factor",2,33
1180,"cosmic string",2,33
1181,"analytic solution",2,33
1182,"continuous spectrum",2,33
1183,"conformal invariance",2,33
1184,"integration over",2,33
1185,"variational principle",2,33
1186,"target space",2,33
1187,"large scale structures",3,33
1188,"main source",2,33
1189,"inflationary models",2,33
1190,"supernova remnants",2,33
1191,"oscillation parameters",2,33
1192,"accretion rate",2,33
1193,"soft gamma",2,33
1194,"scale free",2,33
1195,"band photometry",2,33
1196,"kinetic equation",2,33
1197,"bar b0",2,33
1198,"chiral condensate",2,33
1199,"chiral lagrangian",2,33
1200,"boltzmann equation",2,33
1201,"dirac fermions",2,33
1202,"mirror symmetry",2,33
1203,"group actions",2,33
1204,"spatial dimensions",2,33
1205,"collective excitation",2,32
1206,"radiation pressure",2,32
1207,"explicit expression",2,32
1208,"fermion systems",2,32
1209,"repulsive interaction",2,32
1210,"bose einstein condensates",3,32
1211,"response functions",2,32
1212,"yba cu",2,32
1213,"quantitative analysis",2,32
1214,"equation describing",2,32
1215,"theoretical prediction",2,32
1216,"gaussian random",2,32
1217,"cuprate superconductors",2,32
1218,"tunneling through",2,32
1219,"agrees well",2,32
1220,"hall effect",2,32
1221,"charge transport",2,32
1222,"lowest energy",2,32
1223,"brownian motion",2,32
1224,"lorentz invariant",2,32
1225,"non singular",2,32
1226,"cosmological term",2,32
1227,"positive definite",2,32
1228,"rapidly rotating",2,32
1229,"independent variables",2,32
1230,"background radiation",2,32
1231,"zero mode",2,32
1232,"riemannian manifolds",2,32
1233,"semi simple",2,32
1234,"three loop",2,32
1235,"spatially resolved",2,32
1236,"edge states",2,32
1237,"experimental constraints",2,32
1238,"burst grb",2,32
1239,"halo stars",2,32
1240,"compact object",2,32
1241,"stellar populations",2,32
1242,"quasar spectra",2,32
1243,"stellar systems",2,32
1244,"gravitational lensing",2,32
1245,"host galaxies",2,32
1246,"optical wavelengths",2,32
1247,"luminosity function",2,32
1248,"grand unification",2,32
1249,"dense matter",2,32
1250,"intermediate energies",2,32
1251,"rare decays",2,32
1252,"ward identities",2,32
1253,"non perturbative qcd",3,32
1254,"operator product",2,32
1255,"wilson loop",2,32
1256,"production rates",2,32
1257,"belle detector",2,32
1258,"carbon nanotubes",2,32
1259,"higher spin",2,32
1260,"preliminary analysis",2,32
1261,"thermodynamic equilibrium",2,31
1262,"geometric interpretation",2,31
1263,"single qubit",2,31
1264,"equivalence principle",2,31
1265,"gravity waves",2,31
1266,"internal symmetry",2,31
1267,"optically thick",2,31
1268,"angle theta",2,31
1269,"type ii superconductors",3,31
1270,"functional form",2,31
1271,"gap equation",2,31
1272,"van der waals",3,31
1273,"exchange coupling",2,31
1274,"cooper pair",2,31
1275,"weak coupling regime",3,31
1276,"transformation properties",2,31
1277,"transition temperature dependence",3,31
1278,"phenomenological approach",2,31
1279,"many body systems",3,31
1280,"consistent picture",2,31
1281,"minimal coupling",2,31
1282,"massless scalar field",3,31
1283,"ricci flat",2,31
1284,"class constraints",2,31
1285,"yang mills theory",3,31
1286,"automorphism group",2,31
1287,"second class",2,31
1288,"homotopy theory",2,31
1289,"finite difference",2,31
1290,"statistically significant",2,31
1291,"simple derivation",2,31
1292,"back reaction",2,31
1293,"spectral energy",2,31
1294,"luminosity agn",2,31
1295,"main sequence stars",3,31
1296,"maximum value",2,31
1297,"electron proton",2,31
1298,"proper motion",2,31
1299,"formation rate",2,31
1300,"mass gap",2,31
1301,"probability distributions",2,31
1302,"loop level",2,31
1303,"below mev",2,31
1304,"scalar meson",2,31
1305,"physics program",2,31
1306,"polarization properties",2,31
1307,"algebraic geometry",2,31
1308,"stationary solution",2,31
1309,"zeta function",2,31
1310,"break up",2,31
1311,"al nature",2,31
1312,"simplest case",2,31
1313,"intergalactic medium",2,31
1314,"non locality",2,30
1315,"physical mechanisms",2,30
1316,"physical consequences",2,30
1317,"quantum communication",2,30
1318,"von neumann",2,30
1319,"underdoped cuprates",2,30
1320,"coulomb corrections",2,30
1321,"spin chains",2,30
1322,"short range interactions",3,30
1323,"square root",2,30
1324,"energy loss",2,30
1325,"power law behavior",3,30
1326,"behaviour near",2,30
1327,"monte carlo algorithm",3,30
1328,"standard picture",2,30
1329,"nearest neighbour",2,30
1330,"average distance",2,30
1331,"two dimensional ising model",4,30
1332,"nonequilibrium dynamics",2,30
1333,"interacting fermions",2,30
1334,"intermediate values",2,30
1335,"born approximation",2,30
1336,"saddle point",2,30
1337,"too small",2,30
1338,"vector bosons",2,30
1339,"chern simons",2,30
1340,"unified framework",2,30
1341,"inflationary cosmology",2,30
1342,"strong coupling regime",3,30
1343,"small world",2,30
1344,"dimensional spacetime",2,30
1345,"condensed matter",2,30
1346,"ordinary matter",2,30
1347,"symplectic manifolds",2,30
1348,"unitary representations",2,30
1349,"higher dimension",2,30
1350,"sloan digital sky survey",4,30
1351,"nuclear activity",2,30
1352,"vlbi observations",2,30
1353,"late type",2,30
1354,"mass loss",2,30
1355,"hubble constant",2,30
1356,"neutral gas",2,30
1357,"wavelength range",2,30
1358,"optical counterpart",2,30
1359,"velocity dispersion",2,30
1360,"white dwarf",2,30
1361,"expanding universe",2,30
1362,"molecular hydrogen",2,30
1363,"impact parameters",2,30
1364,"sight lines",2,30
1365,"metal abundance",2,30
1366,"short term",2,30
1367,"mean free path",3,30
1368,"electroweak theory",2,30
1369,"renormalization scheme",2,30
1370,"electroweak interactions",2,30
1371,"electron positron",2,30
1372,"pp collisions",2,30
1373,"minkowski space",2,30
1374,"su yang mills theory",4,30
1375,"novel technique",2,30
1376,"standard model mssm",3,30
1377,"massive neutrinos",2,30
1378,"hamilton jacobi",2,30
1379,"wave packet",2,30
1380,"mid rapidity",2,30
1381,"bell inequality",2,30
1382,"pair breaking",2,30
1383,"diffusion processes",2,30
1384,"gauge fields",2,30
1385,"end point",2,30
1386,"geometric phase",2,29
1387,"spin flip",2,29
1388,"dirichlet boundary conditions",3,29
1389,"casimir force",2,29
1390,"schwinger model",2,29
1391,"regular lattice",2,29
1392,"pairing correlations",2,29
1393,"elementary excitations",2,29
1394,"lower temperatures",2,29
1395,"magnetic field strengths",3,29
1396,"energy eigenvalues",2,29
1397,"hard core",2,29
1398,"spectral weight",2,29
1399,"line widths",2,29
1400,"inelastic collisions",2,29
1401,"pair annihilation",2,29
1402,"mapping onto",2,29
1403,"scaling behaviour",2,29
1404,"bulk samples",2,29
1405,"delta rho",2,29
1406,"weak localization",2,29
1407,"solvable model",2,29
1408,"phase space time",3,29
1409,"harmonic potential",2,29
1410,"hartree fock",2,29
1411,"strongly enhanced",2,29
1412,"finite element",2,29
1413,"landau level",2,29
1414,"relativistic corrections",2,29
1415,"statistical physics",2,29
1416,"periodic potential",2,29
1417,"exponential potential",2,29
1418,"vertex operators",2,29
1419,"stress tensor",2,29
1420,"symmetry axis",2,29
1421,"string theories",2,29
1422,"abelian higgs",2,29
1423,"finitely many",2,29
1424,"rho omega",2,29
1425,"elliptic curves",2,29
1426,"line profiles",2,29
1427,"low ionization",2,29
1428,"planetary nebulae",2,29
1429,"lepton asymmetry",2,29
1430,"proper motions",2,29
1431,"peak flux",2,29
1432,"cooling rate",2,29
1433,"radio emission",2,29
1434,"metal poor",2,29
1435,"cdm model",2,29
1436,"semi analytic",2,29
1437,"cascade model",2,29
1438,"neutrino flux",2,29
1439,"massive star",2,29
1440,"sigma level",2,29
1441,"final result",2,29
1442,"high energy cosmic rays",4,29
1443,"column density",2,29
1444,"density profile",2,29
1445,"few gev",2,29
1446,"lepton flavor",2,29
1447,"constraints imposed",2,29
1448,"qcd factorization",2,29
1449,"color superconductivity",2,29
1450,"linear sigma model",3,29
1451,"supergravity solution",2,29
1452,"type iib",2,29
1453,"field configurations",2,29
1454,"lattice spacing",2,29
1455,"ab initio calculations",3,29
1456,"fixed target",2,29
1457,"velocity fields",2,29
1458,"band gap",2,29
1459,"significant differences",2,29
1460,"half line",2,29
1461,"lorentz invariance",2,29
1462,"around gev",2,29
1463,"parameter alpha",2,29
1464,"stable against",2,29
1465,"heat bath",2,28
1466,"particles moving",2,28
1467,"inverse problems",2,28
1468,"treated within",2,28
1469,"experimental realization",2,28
1470,"level atom",2,28
1471,"physical problems",2,28
1472,"renormalization group flow",3,28
1473,"magnitude relation",2,28
1474,"time reversal",2,28
1475,"narrow band",2,28
1476,"glassy dynamics",2,28
1477,"spatial variations",2,28
1478,"bose einstein condensation",3,28
1479,"exactly solvable model",3,28
1480,"xy model",2,28
1481,"logarithmic corrections",2,28
1482,"weakly interacting",2,28
1483,"exact expressions",2,28
1484,"non hermitian",2,28
1485,"fifth dimension",2,28
1486,"long lived",2,28
1487,"chaotic behavior",2,28
1488,"after inflation",2,28
1489,"riemann surface",2,28
1490,"full description",2,28
1491,"locally compact",2,28
1492,"partial differential equations",3,28
1493,"differential geometry",2,28
1494,"galactic plane",2,28
1495,"molecular cloud",2,28
1496,"radial distance",2,28
1497,"low metallicity",2,28
1498,"young clusters",2,28
1499,"dynamical mean",2,28
1500,"spectral variability",2,28
1501,"thermal plasma",2,28
1502,"long baseline",2,28
1503,"two micron",2,28
1504,"linear regime",2,28
1505,"position angle",2,28
1506,"rotation curves",2,28
1507,"solar metallicity",2,28
1508,"forming regions",2,28
1509,"quintessence models",2,28
1510,"chandra acis",2,28
1511,"angular distributions",2,28
1512,"nucleus collisions",2,28
1513,"supersymmetric quantum mechanics",3,28
1514,"light front",2,28
1515,"meson masses",2,28
1516,"cpt violation",2,28
1517,"solar neutrino oscillations",3,28
1518,"event generator",2,28
1519,"operator product expansion",3,28
1520,"standard model prediction",3,28
1521,"three flavor",2,28
1522,"extended version",2,28
1523,"bosonic string theory",3,28
1524,"spin orbit",2,28
1525,"brane world volume",3,28
1526,"string tension",2,28
1527,"dp branes",2,28
1528,"time varying",2,28
1529,"algebraic curve",2,28
1530,"strange quark",2,28
1531,"liouville equation",2,28
1532,"three nucleon",2,28
1533,"minimal surfaces",2,28
1534,"neutralino mass",2,28
1535,"elementary particles",2,28
1536,"transition occurs",2,28
1537,"correction term",2,27
1538,"spin statistics",2,27
1539,"search algorithm",2,27
1540,"collective motion",2,27
1541,"trapped bose einstein condensate",4,27
1542,"random phase approximation",3,27
1543,"spatial scales",2,27
1544,"experimental techniques",2,27
1545,"absolute value",2,27
1546,"quantum mechanical systems",3,27
1547,"first excited",2,27
1548,"probability distribution function",3,27
1549,"time evolution equations",3,27
1550,"coulomb blockade",2,27
1551,"non ideal",2,27
1552,"phase boundary",2,27
1553,"magnetic ordering",2,27
1554,"anderson model",2,27
1555,"quantum monte carlo",3,27
1556,"per particle",2,27
1557,"neural network",2,27
1558,"random phase",2,27
1559,"stochastic background",2,27
1560,"normal modes",2,27
1561,"klein gordon",2,27
1562,"astrophysical sources",2,27
1563,"flat spacetime",2,27
1564,"soliton solutions",2,27
1565,"scale invariant",2,27
1566,"electromagnetic field theory",3,27
1567,"detection limit",2,27
1568,"algebra cal",2,27
1569,"stability condition",2,27
1570,"finite rank",2,27
1571,"virasoro algebra",2,27
1572,"noncommutative spaces",2,27
1573,"analytic solutions",2,27
1574,"cohomology groups",2,27
1575,"seyfert galaxies",2,27
1576,"cataclysmic variables",2,27
1577,"synchrotron emission",2,27
1578,"scale structure",2,27
1579,"density perturbations",2,27
1580,"red objects",2,27
1581,"group velocity",2,27
1582,"redshift range",2,27
1583,"storage ring",2,27
1584,"nucleus scattering",2,27
1585,"lattice qcd calculations",3,27
1586,"high temperature tc",3,27
1587,"direct product",2,27
1588,"qcd vacuum",2,27
1589,"minimal supersymmetric extension",3,27
1590,"extended emission",2,27
1591,"transverse momenta",2,27
1592,"relativistic heavy ion collisions",4,27
1593,"fermilab tevatron collider",3,27
1594,"large tan beta",3,27
1595,"fermilab tevatron",2,27
1596,"parity violating",2,27
1597,"baryon density",2,27
1598,"long period",2,27
1599,"branching fractions",2,27
1600,"preliminary result",2,27
1601,"harmonic oscillators",2,27
1602,"excitation energies",2,27
1603,"direct observation",2,27
1604,"thomas fermi",2,27
1605,"series expansions",2,27
1606,"superconducting transition",2,27
1607,"characteristic time",2,27
1608,"riemann surfaces",2,27
1609,"sine gordon model",3,27
1610,"semi inclusive",2,27
1611,"smooth projective",2,27
1612,"computational complexity",2,26
1613,"like sign",2,26
1614,"tunneling spectra",2,26
1615,"sensitivity limits",2,26
1616,"general arguments",2,26
1617,"fundamental mode",2,26
1618,"chemical potentials",2,26
1619,"glass models",2,26
1620,"bulk superconductivity",2,26
1621,"doping dependence",2,26
1622,"heat capacity",2,26
1623,"luttinger liquid",2,26
1624,"width delta",2,26
1625,"ferromagnetic layers",2,26
1626,"metastable states",2,26
1627,"binary mixture",2,26
1628,"liquid crystal",2,26
1629,"universal scaling",2,26
1630,"stock market",2,26
1631,"shot noise",2,26
1632,"fluctuation spectrum",2,26
1633,"magnetic resonance",2,26
1634,"higher temperatures",2,26
1635,"model category",2,26
1636,"poisson structure",2,26
1637,"lower dimensional",2,26
1638,"significant change",2,26
1639,"band hubbard model",3,26
1640,"leading order parameter",3,26
1641,"normal form",2,26
1642,"coarse grained",2,26
1643,"continuum flux",2,26
1644,"triangular lattice",2,26
1645,"short range correlations",3,26
1646,"peak position",2,26
1647,"metric fluctuations",2,26
1648,"compact binaries",2,26
1649,"per unit",2,26
1650,"gr qc",2,26
1651,"born infeld",2,26
1652,"negative pressure",2,26
1653,"ultra relativistic",2,26
1654,"asymptotically flat",2,26
1655,"de sitter space",3,26
1656,"inner regions",2,26
1657,"number counts",2,26
1658,"carbon stars",2,26
1659,"solar like",2,26
1660,"optically selected",2,26
1661,"space telescope",2,26
1662,"high energy distribution",3,26
1663,"alpha line",2,26
1664,"dust extinction",2,26
1665,"input parameters",2,26
1666,"angular resolution",2,26
1667,"secondary star",2,26
1668,"discovery potential",2,26
1669,"stellar surface",2,26
1670,"fully consistent",2,26
1671,"imaging survey",2,26
1672,"nuclear reaction",2,26
1673,"decay widths",2,26
1674,"collective excitations",2,26
1675,"charged lepton",2,26
1676,"elliptic flow",2,26
1677,"hadron spectra",2,26
1678,"boson production",2,26
1679,"boson mass",2,26
1680,"heavy quark mass",3,26
1681,"narrow range",2,26
1682,"off lattice",2,26
1683,"star product",2,26
1684,"negative cosmological constant",3,26
1685,"seiberg witten map",3,26
1686,"gev c2",2,26
1687,"meson system",2,26
1688,"finite nuclei",2,26
1689,"momentum distributions",2,26
1690,"light nuclei",2,26
1691,"lennard jones",2,26
1692,"extract information",2,26
1693,"dinger equation",2,26
1694,"tunneling current",2,26
1695,"magnetic susceptibility",2,26
1696,"control parameters",2,26
1697,"canonical ensemble",2,26
1698,"approximate solution",2,26
1699,"total charge",2,26
1700,"semiclassical approximation",2,26
1701,"nucleon resonances",2,26
1702,"soft breaking",2,26
1703,"cohomology class",2,26
1704,"schr odinger equation",3,25
1705,"trace formula",2,25
1706,"decoherence time",2,25
1707,"photon pairs",2,25
1708,"trapping potential",2,25
1709,"inertial mass",2,25
1710,"spontaneous emission",2,25
1711,"systems containing",2,25
1712,"operators acting",2,25
1713,"local environment",2,25
1714,"mean free",2,25
1715,"ordered phases",2,25
1716,"point contact",2,25
1717,"charge asymmetry",2,25
1718,"percolation clusters",2,25
1719,"free energies",2,25
1720,"unusual properties",2,25
1721,"duality transformation",2,25
1722,"dilute gas",2,25
1723,"la 2-x sr",3,25
1724,"disorder induced",2,25
1725,"quantum hall",2,25
1726,"gate voltage",2,25
1727,"structural parameters",2,25
1728,"scattering rate",2,25
1729,"hysteresis loops",2,25
1730,"anomalous magnetic field",3,25
1731,"self gravity",2,25
1732,"quantum monte carlo simulations",4,25
1733,"wave pairing",2,25
1734,"spin susceptibility",2,25
1735,"random matrices",2,25
1736,"thermal noise",2,25
1737,"two dimensional hubbard model",4,25
1738,"static spherically symmetric",3,25
1739,"lorentz transformations",2,25
1740,"de sitter spacetime",3,25
1741,"nonlinear sigma model",3,25
1742,"zero curvature",2,25
1743,"oscillation amplitude",2,25
1744,"explicit formulae",2,25
1745,"white noise",2,25
1746,"conformally flat",2,25
1747,"optical identification",2,25
1748,"homogeneous sample",2,25
1749,"dark matter haloes",3,25
1750,"scattered light",2,25
1751,"hard thermal",2,25
1752,"lowest mass",2,25
1753,"range correlations",2,25
1754,"clustering properties",2,25
1755,"time resolved",2,25
1756,"metal rich",2,25
1757,"young stellar",2,25
1758,"galaxy clustering",2,25
1759,"radial velocity",2,25
1760,"kinematic region",2,25
1761,"core radius",2,25
1762,"whole range",2,25
1763,"atmospheric parameters",2,25
1764,"simulated data",2,25
1765,"non linear regime",3,25
1766,"non resonant",2,25
1767,"mass generation",2,25
1768,"scale invariance",2,25
1769,"unitarity triangle",2,25
1770,"total cross sections",3,25
1771,"axial current",2,25
1772,"gauge symmetry breaking",3,25
1773,"doublet model",2,25
1774,"pt gev",2,25
1775,"pseudoscalar mesons",2,25
1776,"deformation quantization",2,25
1777,"excited state",2,25
1778,"noncommutative solitons",2,25
1779,"fuzzy sphere",2,25
1780,"supersymmetric extension",2,25
1781,"massless scalar",2,25
1782,"supersymmetric quantum",2,25
1783,"dynamic properties",2,25
1784,"branching fraction",2,25
1785,"pep ii asymmetric",3,25
1786,"theoretical developments",2,25
1787,"linear polarization",2,25
1788,"pion production",2,25
1789,"rare decay",2,25
1790,"vortex lattice",2,25
1791,"charge ordering",2,25
1792,"dominates over",2,25
1793,"locally finite",2,25
1794,"electromagnetic form factors",3,25
1795,"coupled channel",2,25
1796,"algebraic structures",2,25
1797,"q2 gev",2,25
1798,"quantum bits",2,24
1799,"information transmission",2,24
1800,"master equations",2,24
1801,"current technology",2,24
1802,"topological excitations",2,24
1803,"antiferromagnetic ordering",2,24
1804,"quantum optics",2,24
1805,"quantum key",2,24
1806,"basis sets",2,24
1807,"time domain",2,24
1808,"transfer rate",2,24
1809,"polymer chains",2,24
1810,"spatially extended",2,24
1811,"qualitatively similar",2,24
1812,"composite fermions",2,24
1813,"reaction diffusion",2,24
1814,"high tc superconductors",3,24
1815,"extending over",2,24
1816,"fokker planck equation",3,24
1817,"double exchange",2,24
1818,"dirac particles",2,24
1819,"low temperature dependence",3,24
1820,"delta resonance",2,24
1821,"small grains",2,24
1822,"body problem",2,24
1823,"convergence properties",2,24
1824,"cubic lattice",2,24
1825,"trapped atomic",2,24
1826,"bulk motion",2,24
1827,"superconductor insulator",2,24
1828,"non linear sigma model",4,24
1829,"during growth",2,24
1830,"highly anisotropic",2,24
1831,"aharonov bohm",2,24
1832,"core level",2,24
1833,"limit theorem",2,24
1834,"bianchi type",2,24
1835,"elementary particle",2,24
1836,"supernova explosions",2,24
1837,"holomorphic functions",2,24
1838,"algebraically closed",2,24
1839,"three sets",2,24
1840,"periodic oscillations",2,24
1841,"energy cosmic",2,24
1842,"highest energies",2,24
1843,"abundance ratios",2,24
1844,"progenitor star",2,24
1845,"radial profiles",2,24
1846,"thermal instability",2,24
1847,"cosmic microwave background cmb",4,24
1848,"self absorption",2,24
1849,"key distribution",2,24
1850,"continuum source",2,24
1851,"unstable modes",2,24
1852,"sensitive probe",2,24
1853,"cluster center",2,24
1854,"too large",2,24
1855,"br gamma",2,24
1856,"power laws",2,24
1857,"theoretical estimates",2,24
1858,"peculiar velocities",2,24
1859,"large deviations",2,24
1860,"radio telescope",2,24
1861,"data reduction",2,24
1862,"neutrino nucleon",2,24
1863,"light ratios",2,24
1864,"gravitational interaction",2,24
1865,"write down",2,24
1866,"survival probability",2,24
1867,"distribution amplitudes",2,24
1868,"large extra dimensions",3,24
1869,"experimental status",2,24
1870,"decay constants",2,24
1871,"phenomenological analysis",2,24
1872,"scalar field theories",3,24
1873,"constituent quark",2,24
1874,"large hadron",2,24
1875,"vector boson",2,24
1876,"charge carriers",2,24
1877,"transition amplitudes",2,24
1878,"quantum electrodynamics",2,24
1879,"sharp peak",2,24
1880,"explicit calculation",2,24
1881,"size scaling",2,24
1882,"cyclic group",2,24
1883,"distributed over",2,24
1884,"collision dynamics",2,24
1885,"glass transition",2,24
1886,"large extra",2,24
1887,"information content",2,24
1888,"josephson junctions",2,24
1889,"phonon interaction",2,24
1890,"muon g-2",2,24
1891,"atmospheric neutrino oscillations",3,24
1892,"beta decay",2,24
1893,"building blocks",2,24
1894,"uniform distribution",2,24
1895,"hydrodynamic simulations",2,24
1896,"nn gev",2,24
1897,"real numbers",2,23
1898,"nonlinear optics",2,23
1899,"error rate",2,23
1900,"universal amplitude",2,23
1901,"realistic description",2,23
1902,"continuous variables",2,23
1903,"mathematical structure",2,23
1904,"double layer",2,23
1905,"coulomb repulsion",2,23
1906,"coarse graining",2,23
1907,"mapped onto",2,23
1908,"hard spheres",2,23
1909,"coulomb gas",2,23
1910,"liquid helium",2,23
1911,"theoretic approach",2,23
1912,"infra red",2,23
1913,"dissipative systems",2,23
1914,"optimally doped",2,23
1915,"rotational motion",2,23
1916,"half filled",2,23
1917,"microscopic calculation",2,23
1918,"shear flow",2,23
1919,"ferromagnetic phase diagram",3,23
1920,"mott insulator",2,23
1921,"layer thickness",2,23
1922,"random phase transition",3,23
1923,"spherical shape",2,23
1924,"vortex dynamics",2,23
1925,"brillouin zone",2,23
1926,"high energy scales",3,23
1927,"potts model",2,23
1928,"harmonic analysis",2,23
1929,"dynamical degrees",2,23
1930,"realistic values",2,23
1931,"purely classical",2,23
1932,"band structures",2,23
1933,"direct numerical simulations",3,23
1934,"scaling law",2,23
1935,"geometrical properties",2,23
1936,"dilaton gravity",2,23
1937,"black hole entropy",3,23
1938,"weyl tensor",2,23
1939,"order parameter space",3,23
1940,"star mergers",2,23
1941,"remarkable properties",2,23
1942,"spatially homogeneous",2,23
1943,"fourth order",2,23
1944,"eigenvalue problem",2,23
1945,"omega lambda",2,23
1946,"tensor products",2,23
1947,"galois group",2,23
1948,"equivalence theorem",2,23
1949,"symplectic manifold",2,23
1950,"classification scheme",2,23
1951,"differential forms",2,23
1952,"infrared spectroscopy",2,23
1953,"cluster cores",2,23
1954,"bepposax observation",2,23
1955,"diffusion process",2,23
1956,"uv spectra",2,23
1957,"infrared photometry",2,23
1958,"optical uv",2,23
1959,"data acquisition",2,23
1960,"near infrared spectroscopy",3,23
1961,"low energy density",3,23
1962,"region surrounding",2,23
1963,"radiative cooling",2,23
1964,"analytical predictions",2,23
1965,"continuum emission",2,23
1966,"cluster medium",2,23
1967,"soft photons",2,23
1968,"loud quasars",2,23
1969,"redshift surveys",2,23
1970,"chemical composition",2,23
1971,"hst wfpc2 images",3,23
1972,"pre main sequence",3,23
1973,"msun yr",2,23
1974,"cluster ngc",2,23
1975,"strong lensing",2,23
1976,"pulsar psr",2,23
1977,"circumstellar disks",2,23
1978,"lambda phi",2,23
1979,"chandra observation",2,23
1980,"planck mass",2,23
1981,"planetary nebulae pne",3,23
1982,"frequency dependent",2,23
1983,"late time",2,23
1984,"analytic expressions",2,23
1985,"hadron collider",2,23
1986,"hard scattering",2,23
1987,"wilson lines",2,23
1988,"q2 dependence",2,23
1989,"wilson coefficients",2,23
1990,"number conservation",2,23
1991,"baryon asymmetry",2,23
1992,"virtual photon",2,23
1993,"experimental tests",2,23
1994,"gaussian approximation",2,23
1995,"reaction rate",2,23
1996,"higgs boson production",3,23
1997,"supersymmetric particles",2,23
1998,"infrared divergences",2,23
1999,"beam energy",2,23
2000,"ads cft",2,23
2001,"bosonic string",2,23
2002,"cleo detector",2,23
2003,"thermal radiation",2,23
2004,"navier stokes equations",3,23
2005,"decreasing function",2,23
2006,"heat equation",2,23
2007,"calculations indicate",2,23
2008,"particle trajectories",2,23
2009,"cross over",2,23
2010,"high temperature superconductors",3,23
2011,"selection criteria",2,23
2012,"end up",2,23
2013,"abundance measurements",2,23
2014,"pair creation",2,23
2015,"age metallicity",2,23
2016,"now being",2,23
2017,"hierarchical models",2,23
2018,"fourier analysis",2,23
2019,"natural numbers",2,23
2020,"asymptotic behaviour",2,23
2021,"analytic expression",2,23
2022,"binding energy",2,23
2023,"small enough",2,23
2024,"nonlinear regime",2,23
2025,"two parties",2,22
2026,"forward backward",2,22
2027,"2d electron",2,22
2028,"error correction",2,22
2029,"magnetic field configurations",3,22
2030,"hydrogen atom",2,22
2031,"pauli principle",2,22
2032,"conduction electrons",2,22
2033,"exponent nu",2,22
2034,"tsallis entropy",2,22
2035,"gas confined",2,22
2036,"raman spectra",2,22
2037,"main feature",2,22
2038,"velocity vector",2,22
2039,"real parts",2,22
2040,"alpha elements",2,22
2041,"novel mechanism",2,22
2042,"exactly solvable models",3,22
2043,"optical response",2,22
2044,"lyapunov exponents",2,22
2045,"convergence rate",2,22
2046,"schrodinger equation",2,22
2047,"slow roll inflation",3,22
2048,"gravitational field theory",3,22
2049,"causal structure",2,22
2050,"external force",2,22
2051,"delta epsilon",2,22
2052,"higher degree",2,22
2053,"vector spaces",2,22
2054,"banach spaces",2,22
2055,"orthogonal polynomials",2,22
2056,"torsion free",2,22
2057,"poisson bracket",2,22
2058,"vector bundles",2,22
2059,"de la",2,22
2060,"special values",2,22
2061,"self adjoint",2,22
2062,"kdv equations",2,22
2063,"convex set",2,22
2064,"star forming regions",3,22
2065,"gravitational force",2,22
2066,"resonance line",2,22
2067,"time averaged",2,22
2068,"intrinsic absorption",2,22
2069,"period luminosity",2,22
2070,"late type stars",3,22
2071,"obtain precise",2,22
2072,"cluster members",2,22
2073,"orbital motion",2,22
2074,"detection limits",2,22
2075,"radio wavelengths",2,22
2076,"inversely proportional",2,22
2077,"systematic uncertainty",2,22
2078,"galactic nuclei",2,22
2079,"central engine",2,22
2080,"inner region",2,22
2081,"lorentz factor",2,22
2082,"detection threshold",2,22
2083,"photometric redshifts",2,22
2084,"test particle",2,22
2085,"electroweak baryogenesis",2,22
2086,"asymptotic giant",2,22
2087,"stellar component",2,22
2088,"ly alpha",2,22
2089,"total angular",2,22
2090,"compton scattering",2,22
2091,"inverse compton",2,22
2092,"erg cm",2,22
2093,"two possibilities",2,22
2094,"polarized light",2,22
2095,"satellite galaxies",2,22
2096,"tev gamma",2,22
2097,"mh gev",2,22
2098,"isospin violation",2,22
2099,"violating interactions",2,22
2100,"oscillation modes",2,22
2101,"strangeness production",2,22
2102,"unified description",2,22
2103,"generalized parton distributions",3,22
2104,"violating processes",2,22
2105,"schwinger dyson equations",3,22
2106,"leading order nlo",3,22
2107,"heavy quarks",2,22
2108,"unitary limit",2,22
2109,"under control",2,22
2110,"integrated over",2,22
2111,"higgs boson mass",3,22
2112,"fermionic fields",2,22
2113,"decoupling limit",2,22
2114,"super yang mills theory",4,22
2115,"theta functions",2,22
2116,"mass matrix",2,22
2117,"heterotic string theory",3,22
2118,"deconfinement phase transition",3,22
2119,"ads spacetime",2,22
2120,"lagrangian approach",2,22
2121,"world sheet",2,22
2122,"d0 pi",2,22
2123,"large numbers",2,22
2124,"non perturbatively",2,22
2125,"anisotropic lattices",2,22
2126,"astronomical observations",2,22
2127,"system undergoes",2,22
2128,"hydrodynamic equations",2,22
2129,"liquid gas",2,22
2130,"bethe salpeter",2,22
2131,"density operator",2,22
2132,"superconducting gap delta",3,22
2133,"singlet ground state",3,22
2134,"extended hubbard model",3,22
2135,"ray flux",2,22
2136,"balloon borne",2,22
2137,"scale structures",2,22
2138,"bursts grbs",2,22
2139,"manifests itself",2,22
2140,"chandra deep",2,22
2141,"absolute magnitudes",2,22
2142,"archival data",2,22
2143,"accurate determination",2,22
2144,"modern physics",2,22
2145,"einstein metrics",2,22
2146,"gromov witten invariants",3,22
2147,"electrical resistivity",2,22
2148,"slowly varying",2,22
2149,"fundamental strings",2,22
2150,"two loop level",3,22
2151,"consistent treatment",2,22
2152,"simple phenomenological",2,22
2153,"commutation relations",2,22
2154,"lowest landau level",3,22
2155,"thermal emission",2,22
2156,"quantum coherence",2,22
2157,"level spacing",2,22
2158,"rational points",2,22
2159,"quenched qcd",2,22
2160,"extreme case",2,21
2161,"euler number",2,21
2162,"unknown quantum",2,21
2163,"self consistency",2,21
2164,"recoil electron",2,21
2165,"gaussian statistics",2,21
2166,"unitary transformations",2,21
2167,"kinematic range",2,21
2168,"classical analog",2,21
2169,"bose einstein",2,21
2170,"selection rules",2,21
2171,"interference pattern",2,21
2172,"tunneling spectroscopy",2,21
2173,"hole densities",2,21
2174,"wave superconductor",2,21
2175,"fe ratio",2,21
2176,"result indicates",2,21
2177,"semi infinite",2,21
2178,"dynamical mean field theory",4,21
2179,"supercooled liquids",2,21
2180,"metallic regime",2,21
2181,"landau equations",2,21
2182,"ratio eta",2,21
2183,"hydrodynamic regime",2,21
2184,"connecting two",2,21
2185,"phi4 theory",2,21
2186,"gross pitaevskii equation",3,21
2187,"adiabatic limit",2,21
2188,"source counts",2,21
2189,"semiconductor quantum",2,21
2190,"andreev reflection",2,21
2191,"relaxation processes",2,21
2192,"dynamical instability",2,21
2193,"parameters e.g",2,21
2194,"colloidal particles",2,21
2195,"natural explanation",2,21
2196,"minimum size",2,21
2197,"critical temperature dependence",3,21
2198,"hole doping",2,21
2199,"quadratic form",2,21
2200,"friedmann robertson walker",3,21
2201,"massive scalar field",3,21
2202,"brane charges",2,21
2203,"naked singularity",2,21
2204,"schwarzschild metric",2,21
2205,"weak lensing",2,21
2206,"heat kernel",2,21
2207,"riemannian metric",2,21
2208,"riemannian manifold",2,21
2209,"hopf algebras",2,21
2210,"abelian varieties",2,21
2211,"lie groups",2,21
2212,"complex projective",2,21
2213,"projection onto",2,21
2214,"topological invariants",2,21
2215,"theory compactified",2,21
2216,"singular point",2,21
2217,"bundle over",2,21
2218,"gravitational lenses",2,21
2219,"galactic halo stars",3,21
2220,"population iii",2,21
2221,"microlensing events",2,21
2222,"adaptive optics",2,21
2223,"phase resolved",2,21
2224,"large magellanic cloud lmc",4,21
2225,"hi mass",2,21
2226,"cm pc",2,21
2227,"significant variability",2,21
2228,"solar type",2,21
2229,"isolated neutron stars",3,21
2230,"uv ir",2,21
2231,"pulse profile",2,21
2232,"second peak",2,21
2233,"improved measurement",2,21
2234,"accelerated particles",2,21
2235,"active galactic nuclei agn",4,21
2236,"differential rotation",2,21
2237,"detection efficiency",2,21
2238,"black hole candidate",3,21
2239,"wind models",2,21
2240,"qualitatively new",2,21
2241,"astro ph",2,21
2242,"ray observatory",2,21
2243,"elastic collisions",2,21
2244,"oscillation frequency",2,21
2245,"distance modulus",2,21
2246,"hydrodynamical simulations",2,21
2247,"light neutrinos",2,21
2248,"exclusive processes",2,21
2249,"high energy density",3,21
2250,"formulated within",2,21
2251,"resonance peak",2,21
2252,"fine structure constant",3,21
2253,"vector meson",2,21
2254,"threshold region",2,21
2255,"hep ph",2,21
2256,"landau levels",2,21
2257,"minimal supersymmetric standard model mssm",5,21
2258,"uniform magnetic field",3,21
2259,"electromagnetic form",2,21
2260,"fractional branes",2,21
2261,"closed loop",2,21
2262,"type iia",2,21
2263,"decay products",2,21
2264,"black body",2,21
2265,"jet events",2,21
2266,"strongly dependent",2,21
2267,"action principle",2,21
2268,"neutron diffraction",2,21
2269,"psi suppression",2,21
2270,"transition temperature tc",3,21
2271,"simple explanation",2,21
2272,"arbitrary shape",2,21
2273,"electrical transport",2,21
2274,"ray binaries",2,21
2275,"first error",2,21
2276,"accretion discs",2,21
2277,"central object",2,21
2278,"optical afterglow",2,21
2279,"non negligible",2,21
2280,"evolution operator",2,21
2281,"fundamental groups",2,21
2282,"line bundle",2,21
2283,"near tc",2,21
2284,"layered superconductors",2,21
2285,"surface gravity",2,21
2286,"open question",2,21
2287,"interpreted within",2,21
2288,"driving force",2,21
2289,"multi band",2,21
2290,"absorption features",2,21
2291,"large scale structure formation",4,21
2292,"two photon pairs",3,20
2293,"quantum gates",2,20
2294,"narrow fe",2,20
2295,"two dimensional spacetime",3,20
2296,"waves propagating",2,20
2297,"exact sequence",2,20
2298,"dirac observables",2,20
2299,"condensate bec",2,20
2300,"magnetization reversal",2,20
2301,"susceptibility chi",2,20
2302,"electron densities",2,20
2303,"velocity difference",2,20
2304,"universality classes",2,20
2305,"ca cu",2,20
2306,"highly excited",2,20
2307,"classical trajectories",2,20
2308,"normal mode",2,20
2309,"single domain",2,20
2310,"sr cacu",2,20
2311,"quasi periodic",2,20
2312,"dynamical mean field",3,20
2313,"particle creation",2,20
2314,"strongly anisotropic",2,20
2315,"frequency shifts",2,20
2316,"ferromagnetic phase transition temperature",4,20
2317,"electromagnetic waves",2,20
2318,"field phi",2,20
2319,"cellular automaton",2,20
2320,"regularization procedure",2,20
2321,"experimental findings",2,20
2322,"force acting",2,20
2323,"numerical renormalization group",3,20
2324,"dynamic scaling",2,20
2325,"chaotic behaviour",2,20
2326,"effective temperatures",2,20
2327,"order unity",2,20
2328,"wess zumino model",3,20
2329,"system possesses",2,20
2330,"massive fermions",2,20
2331,"covariant formulation",2,20
2332,"analytical solutions",2,20
2333,"result agrees",2,20
2334,"slowly rotating",2,20
2335,"almost complex",2,20
2336,"compact lie group",3,20
2337,"strongly nonlinear",2,20
2338,"main ideas",2,20
2339,"m1 m2",2,20
2340,"simple lie algebra",3,20
2341,"direct proof",2,20
2342,"derived category",2,20
2343,"non parametric",2,20
2344,"unique up",2,20
2345,"geometric approach",2,20
2346,"linearly independent",2,20
2347,"lens models",2,20
2348,"thermal component",2,20
2349,"radial distribution",2,20
2350,"extragalactic background",2,20
2351,"mixing angles",2,20
2352,"infrared wavelengths",2,20
2353,"energy bands",2,20
2354,"source term",2,20
2355,"spectral feature",2,20
2356,"common features",2,20
2357,"magellanic clouds",2,20
2358,"period distribution",2,20
2359,"cosmic shear",2,20
2360,"extrasolar planet",2,20
2361,"cosmic microwave background radiation",4,20
2362,"inner core",2,20
2363,"keck ii",2,20
2364,"free fermion",2,20
2365,"gravitationally lensed",2,20
2366,"model atmospheres",2,20
2367,"radio jets",2,20
2368,"keck spectroscopy",2,20
2369,"hii regions",2,20
2370,"stars having",2,20
2371,"supernova remnant snr",3,20
2372,"rosat pspc",2,20
2373,"soft excess",2,20
2374,"accretion flow",2,20
2375,"lower resolution",2,20
2376,"sub mm",2,20
2377,"fe ii",2,20
2378,"free electron",2,20
2379,"apparent magnitude",2,20
2380,"observational constraints",2,20
2381,"almost completely",2,20
2382,"basic question",2,20
2383,"effective area",2,20
2384,"sterile neutrinos",2,20
2385,"higgs bosons",2,20
2386,"electromagnetic form factor",3,20
2387,"spin polarized proton",3,20
2388,"large nc",2,20
2389,"perturbative qcd calculations",3,20
2390,"cp violating",2,20
2391,"approx gev",2,20
2392,"coherent potential",2,20
2393,"pi0 gamma",2,20
2394,"practical use",2,20
2395,"pions kaons",2,20
2396,"neutrino oscillation",2,20
2397,"mechanism responsible",2,20
2398,"heavy quark masses",3,20
2399,"parton distribution",2,20
2400,"pair correlation",2,20
2401,"calabi yau",2,20
2402,"two dimensional reduction",3,20
2403,"lie algebras",2,20
2404,"yang mills theories",3,20
2405,"nearly constant",2,20
2406,"induced metric",2,20
2407,"calabi yau manifold",3,20
2408,"line ratios",2,20
2409,"hadronic interaction",2,20
2410,"lower limits",2,20
2411,"higgs mass",2,20
2412,"bose einstein correlations",3,20
2413,"spin-1 particles",2,20
2414,"photons emitted",2,20
2415,"quantum affine",2,20
2416,"vector bf",2,20
2417,"analytic continuation",2,20
2418,"noise induced",2,20
2419,"lyapunov exponent",2,20
2420,"canonical basis",2,20
2421,"centrality dependence",2,20
2422,"energy barrier",2,20
2423,"composite systems",2,20
2424,"spatial dimension",2,20
2425,"spin fluctuation",2,20
2426,"series expansion",2,20
2427,"penetration depth",2,20
2428,"point contacts",2,20
2429,"long range correlations",3,20
2430,"thermodynamic potential",2,20
2431,"space time evolution",3,20
2432,"jet like",2,20
2433,"detailed description",2,20
2434,"radio pulsars",2,20
2435,"orbital periods",2,20
2436,"temperature independent",2,20
2437,"wolf rayet",2,20
2438,"massive black hole",3,20
2439,"theoretical interpretation",2,20
2440,"compact connected",2,20
2441,"asymptotic expansion",2,20
2442,"positive integer",2,20
2443,"hartree fock calculations",3,20
2444,"difference equations",2,20
2445,"schwarzschild black hole",3,20
2446,"seesaw mechanism",2,20
2447,"third generation",2,20
2448,"super kamiokande data",3,20
2449,"kinetic equations",2,20
2450,"large pt",2,20
2451,"quark gluon jets",3,20
2452,"numu nutau",2,20
2453,"powerful probe",2,20
2454,"fractional quantum hall effect",4,20
2455,"broken down",2,20
2456,"geometric construction",2,20
2457,"accelerated expansion",2,20
2458,"ad hoc",2,20
2459,"bulk scalar",2,20
2460,"cataclysmic variable",2,20
2461,"local realism",2,19
2462,"trapped ions",2,19
2463,"transition frequencies",2,19
2464,"canonical transformation",2,19
2465,"lower frequencies",2,19
2466,"semi stable",2,19
2467,"hidden variables",2,19
2468,"two commuting",2,19
2469,"observable consequences",2,19
2470,"path length",2,19
2471,"ideal fluid",2,19
2472,"calculations yield",2,19
2473,"optical trap",2,19
2474,"protein folding",2,19
2475,"optical cavity",2,19
2476,"josephson coupling",2,19
2477,"fluctuation induced",2,19
2478,"high frequency range",3,19
2479,"quantum wires",2,19
2480,"tunnel junctions",2,19
2481,"diffuse scattering",2,19
2482,"temperature tc",2,19
2483,"simple cubic",2,19
2484,"single site",2,19
2485,"numerical diagonalization",2,19
2486,"ferromagnet superconductor",2,19
2487,"metallic phase",2,19
2488,"ll delta",2,19
2489,"electron doped",2,19
2490,"parity conservation",2,19
2491,"current flow",2,19
2492,"compute exactly",2,19
2493,"visible light",2,19
2494,"quantum fluctuation",2,19
2495,"semiclassical limit",2,19
2496,"persistent current",2,19
2497,"elastic medium",2,19
2498,"superfluid density",2,19
2499,"noise reduction",2,19
2500,"non diagonal",2,19
2501,"coulomb interactions",2,19
2502,"naturally lead",2,19
2503,"after reviewing",2,19
2504,"physical meaning",2,19
2505,"intermediate coupling",2,19
2506,"electron phonon interaction",3,19
2507,"complex scalar",2,19
2508,"vortex states",2,19
2509,"brane world cosmology",3,19
2510,"killing vector",2,19
2511,"post newtonian",2,19
2512,"black hole solutions",3,19
2513,"spherical geometry",2,19
2514,"initial singularity",2,19
2515,"theoretical understanding",2,19
2516,"asymptotic freedom",2,19
2517,"direct sum",2,19
2518,"alternative proof",2,19
2519,"non orthogonal",2,19
2520,"equivalence classes",2,19
2521,"poisson algebras",2,19
2522,"elliptic operators",2,19
2523,"operator valued",2,19
2524,"toric varieties",2,19
2525,"open subset",2,19
2526,"least four",2,19
2527,"plane curves",2,19
2528,"cauchy problem",2,19
2529,"root system",2,19
2530,"codimension two",2,19
2531,"component plasma",2,19
2532,"moderate resolution",2,19
2533,"line profile",2,19
2534,"careful analysis",2,19
2535,"high energy distributions",3,19
2536,"small radii",2,19
2537,"large number density",3,19
2538,"during quiescence",2,19
2539,"optical afterglows",2,19
2540,"field lines",2,19
2541,"sky monitor",2,19
2542,"continuum emission lines",3,19
2543,"multiple components",2,19
2544,"supermassive black holes",3,19
2545,"gas rich",2,19
2546,"theta pi",2,19
2547,"spatio temporal",2,19
2548,"two body simulations",3,19
2549,"eta prime",2,19
2550,"ray surveys",2,19
2551,"spiral galaxy ngc",3,19
2552,"temperature profiles",2,19
2553,"multiple images",2,19
2554,"process nucleosynthesis",2,19
2555,"beam size",2,19
2556,"analytic methods",2,19
2557,"infrared background",2,19
2558,"exotic matter",2,19
2559,"relative abundances",2,19
2560,"cooling flow",2,19
2561,"detection rate",2,19
2562,"running coupling",2,19
2563,"brane embedded",2,19
2564,"contact interactions",2,19
2565,"numerical evaluation",2,19
2566,"like quarks",2,19
2567,"pseudoscalar meson",2,19
2568,"event rate",2,19
2569,"scaling laws",2,19
2570,"heavy quark gluon",3,19
2571,"dynamical variables",2,19
2572,"single brane",2,19
2573,"world volume",2,19
2574,"branes wrapped",2,19
2575,"closed strings",2,19
2576,"sine gordon",2,19
2577,"lattice gauge",2,19
2578,"generic property",2,19
2579,"orbifold compactification",2,19
2580,"logic programs",2,19
2581,"gran sasso",2,19
2582,"conservation law",2,19
2583,"dark energy",2,19
2584,"analysed within",2,19
2585,"accurate calculation",2,19
2586,"physical phenomena",2,19
2587,"three dimensional electron",3,19
2588,"shock waves",2,19
2589,"optical potentials",2,19
2590,"local minimum",2,19
2591,"nuclear forces",2,19
2592,"thermal expansion",2,19
2593,"uncertainty principle",2,19
2594,"beam splitter",2,19
2595,"surface layers",2,19
2596,"positive characteristic",2,19
2597,"fokker planck",2,19
2598,"shell like",2,19
2599,"cuprate superconductor",2,19
2600,"color magnitude diagrams",3,19
2601,"circular orbits",2,19
2602,"orbital angular momentum",3,19
2603,"accretion disc",2,19
2604,"multi component",2,19
2605,"electromagnetic radiation",2,19
2606,"exponentially small",2,19
2607,"zero temperature dependence",3,19
2608,"diffusion equation",2,19
2609,"bulk scalar field",3,19
2610,"quantum cosmology",2,19
2611,"xs gamma",2,19
2612,"muon neutrinos",2,19
2613,"five dimensions",2,19
2614,"theoretical investigation",2,19
2615,"soft modes",2,19
2616,"super kamiokande",2,19
2617,"broken phase",2,19
2618,"muon collider",2,19
2619,"plane waves",2,19
2620,"pure su",2,19
2621,"minkowski space time",3,19
2622,"delphi detector",2,19
2623,"zeus detector",2,19
2624,"superconducting transition temperature",3,19
2625,"scattering lengths",2,19
2626,"globular cluster ngc",3,19
2627,"statistical description",2,19
2628,"lma solution",2,19
2629,"earth matter",2,19
2630,"newtonian gravity",2,19
2631,"lattice gauge theory",3,19
2632,"nearest neighbor interactions",3,18
2633,"eight dimensional",2,18
2634,"pulse propagation",2,18
2635,"bipartite system",2,18
2636,"spin networks",2,18
2637,"opening angle",2,18
2638,"physical reality",2,18
2639,"duality transformations",2,18
2640,"diffusion limited",2,18
2641,"quantum hall systems",3,18
2642,"surprisingly well",2,18
2643,"run time",2,18
2644,"well satisfied",2,18
2645,"excluded volume",2,18
2646,"weakly nonlinear",2,18
2647,"external electromagnetic",2,18
2648,"superconducting condensate",2,18
2649,"theoretical studies",2,18
2650,"data base",2,18
2651,"bcs theory",2,18
2652,"double dot",2,18
2653,"decays exponentially",2,18
2654,"negative specific",2,18
2655,"metallic state",2,18
2656,"field strength",2,18
2657,"granular flow",2,18
2658,"soft mode",2,18
2659,"heisenberg group",2,18
2660,"direction perpendicular",2,18
2661,"generating function",2,18
2662,"metal insulator transition temperature",4,18
2663,"functional calculations",2,18
2664,"existing theoretical",2,18
2665,"flat band",2,18
2666,"axial symmetry",2,18
2667,"perturbative series",2,18
2668,"electronic excitations",2,18
2669,"correction factors",2,18
2670,"winding number",2,18
2671,"second order parameter",3,18
2672,"bias conductance",2,18
2673,"critical dimension",2,18
2674,"density functional",2,18
2675,"xxz model",2,18
2676,"external sources",2,18
2677,"coherence length",2,18
2678,"characteristic length",2,18
2679,"weak gravitational",2,18
2680,"non rotating",2,18
2681,"brane world models",3,18
2682,"discrete symmetries",2,18
2683,"topological features",2,18
2684,"complete graph",2,18
2685,"cosmological perturbations",2,18
2686,"running time",2,18
2687,"monte carlo methods",3,18
2688,"morse theory",2,18
2689,"current research",2,18
2690,"ahler manifolds",2,18
2691,"line bundles",2,18
2692,"general formulae",2,18
2693,"irreducible representation",2,18
2694,"smooth projective space",3,18
2695,"square degree",2,18
2696,"positive integers",2,18
2697,"differential calculus",2,18
2698,"computer algebra",2,18
2699,"quasi free",2,18
2700,"outer edge",2,18
2701,"ray selected",2,18
2702,"accretion onto",2,18
2703,"cold dark matter halos",4,18
2704,"steep spectrum",2,18
2705,"mid infrared",2,18
2706,"press schechter",2,18
2707,"kev mev",2,18
2708,"agb stars",2,18
2709,"multi object",2,18
2710,"high redshift survey",3,18
2711,"dense set",2,18
2712,"ccd images",2,18
2713,"neutral hydrogen",2,18
2714,"age range",2,18
2715,"significant variation",2,18
2716,"ray emission line",3,18
2717,"first detections",2,18
2718,"fundamental plane",2,18
2719,"air showers",2,18
2720,"high performance",2,18
2721,"models containing",2,18
2722,"solar neutrino",2,18
2723,"burst sources",2,18
2724,"long time scales",3,18
2725,"rich clusters",2,18
2726,"cluster selection",2,18
2727,"accretion disks",2,18
2728,"higher resolution",2,18
2729,"cloud cores",2,18
2730,"hawking temperature",2,18
2731,"chemical abundances",2,18
2732,"dipole moment",2,18
2733,"rho meson decays",3,18
2734,"nue nu tau",3,18
2735,"partial wave",2,18
2736,"chiral symmetry restoration",3,18
2737,"leading twist",2,18
2738,"necessary condition",2,18
2739,"scaling variable",2,18
2740,"well behaved",2,18
2741,"life time",2,18
2742,"quantum chromodynamics",2,18
2743,"parity conserving",2,18
2744,"electric dipole moment",3,18
2745,"supersymmetric extensions",2,18
2746,"semiclassical approach",2,18
2747,"two higgs boson",3,18
2748,"local minima",2,18
2749,"sound velocity",2,18
2750,"frw universe",2,18
2751,"cp asymmetry",2,18
2752,"electroweak scale",2,18
2753,"non abelian gauge theories",4,18
2754,"standard model expectations",3,18
2755,"weak mixing",2,18
2756,"violating couplings",2,18
2757,"three brane",2,18
2758,"antisymmetric tensor",2,18
2759,"ward identity",2,18
2760,"briefly comment",2,18
2761,"second quantization",2,18
2762,"superstring theory",2,18
2763,"pep ii",2,18
2764,"leq gev",2,18
2765,"existing experimental data",3,18
2766,"direct numerical",2,18
2767,"eigenvalue spectrum",2,18
2768,"toda lattice",2,18
2769,"nn interaction",2,18
2770,"two loop order",3,18
2771,"nuclear medium",2,18
2772,"state preparation",2,18
2773,"highly efficient",2,18
2774,"inner product",2,18
2775,"trapped ion",2,18
2776,"leading term",2,18
2777,"optical elements",2,18
2778,"composite system",2,18
2779,"axis oriented",2,18
2780,"slave boson",2,18
2781,"law behavior",2,18
2782,"strongly suppressed",2,18
2783,"states dos",2,18
2784,"bulk sample",2,18
2785,"rational curves",2,18
2786,"diffusion constant",2,18
2787,"momentum distribution",2,18
2788,"broad absorption line",3,18
2789,"band images",2,18
2790,"power law slope",3,18
2791,"three kinds",2,18
2792,"detailed investigation",2,18
2793,"large radii",2,18
2794,"hi cm",2,18
2795,"xmm newton observations",3,18
2796,"hot plasma",2,18
2797,"operating system",2,18
2798,"surprising result",2,18
2799,"polarized emission",2,18
2800,"dark energy density",3,18
2801,"star formation rate",3,18
2802,"volume fraction",2,18
2803,"initial stage",2,18
2804,"core collapse",2,18
2805,"ordinary differential equations",3,18
2806,"simple modification",2,18
2807,"self avoiding",2,18
2808,"neural networks",2,18
2809,"polycrystalline samples",2,18
2810,"bethe salpeter equation",3,18
2811,"original formulation",2,18
2812,"mass hierarchy",2,18
2813,"neutral currents",2,18
2814,"omega phi",2,18
2815,"beam polarization",2,18
2816,"underlying physics",2,18
2817,"bar k0",2,18
2818,"reynolds number",2,18
2819,"room temperature",2,18
2820,"statistical errors",2,18
2821,"field theoretic",2,18
2822,"completely integrable",2,18
2823,"adjoint representation",2,18
2824,"higher derivative",2,18
2825,"remarkably well",2,18
2826,"annihilation operators",2,18
2827,"critical current density",3,18
2828,"thin film thickness",3,18
2829,"equilibrium configurations",2,18
2830,"ab plane",2,18
2831,"quantum hall states",3,18
2832,"state potts model",3,18
2833,"filling factor",2,18
2834,"ultraviolet spectroscopic observations",3,18
2835,"spectral sequence",2,18
2836,"charged leptons",2,18
2837,"conformal field",2,18
2838,"five operators",2,17
2839,"optical nonlinearity",2,17
2840,"reflection coefficients",2,17
2841,"thermal environment",2,17
2842,"long time evolution",3,17
2843,"high pt",2,17
2844,"photon absorption",2,17
2845,"local hidden",2,17
2846,"independent variable",2,17
2847,"data compression",2,17
2848,"electron nucleus",2,17
2849,"pt symmetric",2,17
2850,"rotational invariance",2,17
2851,"statistical ensembles",2,17
2852,"almost equal",2,17
2853,"fundamental property",2,17
2854,"strange particles",2,17
2855,"grain size",2,17
2856,"self organized criticality",3,17
2857,"dielectric constant",2,17
2858,"topics covered",2,17
2859,"soliton like",2,17
2860,"quantum wells",2,17
2861,"valence band",2,17
2862,"two dimensional 2d electron",4,17
2863,"ginzburg landau equations",3,17
2864,"spectral densities",2,17
2865,"nu ev",2,17
2866,"local realistic",2,17
2867,"probability distribution functions",3,17
2868,"gap delta",2,17
2869,"current densities",2,17
2870,"under development",2,17
2871,"density functional theory",3,17
2872,"radial oscillations",2,17
2873,"nematic isotropic",2,17
2874,"josephson junction arrays",3,17
2875,"phonon modes",2,17
2876,"rare earth",2,17
2877,"second derivative",2,17
2878,"autocorrelation function",2,17
2879,"minority game",2,17
2880,"magneto optical",2,17
2881,"impurity scattering",2,17
2882,"infrared fir",2,17
2883,"alpha approx",2,17
2884,"weak coupling constant",3,17
2885,"fermi liquid behavior",3,17
2886,"epitaxial growth",2,17
2887,"brownian particle",2,17
2888,"three body systems",3,17
2889,"ordered phase transition",3,17
2890,"angular velocity",2,17
2891,"wind velocity",2,17
2892,"internal degrees",2,17
2893,"double slit",2,17
2894,"magnetic impurity",2,17
2895,"small world networks",3,17
2896,"second harmonic",2,17
2897,"initial configuration",2,17
2898,"central extension",2,17
2899,"strong coupling constant",3,17
2900,"quasiparticle spectrum",2,17
2901,"superconductor mgb",2,17
2902,"asymptotically exact",2,17
2903,"dipole interactions",2,17
2904,"conserved quantities",2,17
2905,"current carrying",2,17
2906,"open source",2,17
2907,"gut scale",2,17
2908,"vacuum polarization",2,17
2909,"rotating black hole",3,17
2910,"binary nature",2,17
2911,"horizon geometry",2,17
2912,"spin manifolds",2,17
2913,"explicit computation",2,17
2914,"irreducible components",2,17
2915,"locally symmetric",2,17
2916,"isomorphism classes",2,17
2917,"hyperelliptic curve",2,17
2918,"constraint surface",2,17
2919,"two topics",2,17
2920,"special lagrangian",2,17
2921,"coherent sheaves",2,17
2922,"carry over",2,17
2923,"hamiltonian reduction",2,17
2924,"ten dimensional",2,17
2925,"neveu schwarz",2,17
2926,"quantum analogue",2,17
2927,"log normal",2,17
2928,"euler equations",2,17
2929,"relative importance",2,17
2930,"radial dependence",2,17
2931,"shock wave",2,17
2932,"observational tests",2,17
2933,"long wavelengths",2,17
2934,"primordial nucleosynthesis",2,17
2935,"young stellar population",3,17
2936,"mhd turbulence",2,17
2937,"hipparcos data",2,17
2938,"south pole",2,17
2939,"significant correlation",2,17
2940,"mean square",2,17
2941,"large scale factor",3,17
2942,"peak luminosity",2,17
2943,"universal value",2,17
2944,"near earth",2,17
2945,"physical origin",2,17
2946,"well outside",2,17
2947,"occurs through",2,17
2948,"anisotropy parameter",2,17
2949,"optical counterparts",2,17
2950,"hst imaging",2,17
2951,"temporal evolution",2,17
2952,"fragmentation processes",2,17
2953,"metal poor stars",3,17
2954,"gro j1655-40",2,17
2955,"convection zone",2,17
2956,"dominant component",2,17
2957,"extending up",2,17
2958,"eso vlt",2,17
2959,"supermassive black hole",3,17
2960,"lie within",2,17
2961,"thin disk",2,17
2962,"unstable mode",2,17
2963,"2df galaxy",2,17
2964,"young pulsars",2,17
2965,"process elements",2,17
2966,"state eos",2,17
2967,"synthetic spectra",2,17
2968,"large scale invariant",3,17
2969,"reproduced within",2,17
2970,"oxygen abundance",2,17
2971,"generated during",2,17
2972,"point correlation function",3,17
2973,"gas onto",2,17
2974,"main object",2,17
2975,"double peak",2,17
2976,"two higgs",2,17
2977,"proton antiproton",2,17
2978,"sterile neutrino oscillations",3,17
2979,"experimental bounds",2,17
2980,"tev range",2,17
2981,"growth rates",2,17
2982,"supernova neutrinos",2,17
2983,"mssm parameter space",3,17
2984,"correlated electron",2,17
2985,"neutrino antineutrino",2,17
2986,"massless quarks",2,17
2987,"lambda polarization",2,17
2988,"arbitrarily large",2,17
2989,"fragmentation functions",2,17
2990,"relic density",2,17
2991,"area law",2,17
2992,"magnetic monopoles",2,17
2993,"isospin symmetry",2,17
2994,"simeq gev",2,17
2995,"subsequent decay",2,17
2996,"deep inelastic",2,17
2997,"heterotic string",2,17
2998,"general feature",2,17
2999,"four momentum",2,17
3000,"otimes su",2,17
3001,"constrained systems",2,17
3002,"fermion masses",2,17
3003,"hidden sector",2,17
3004,"sign problem",2,17
3005,"manifestly covariant",2,17
3006,"infrared space",2,17
3007,"half integer",2,17
3008,"projection operators",2,17
3009,"analytical formula",2,17
3010,"pi nu",2,17
3011,"opal detector",2,17
3012,"direct searches",2,17
3013,"lorentz symmetry",2,17
3014,"normal forms",2,17
3015,"exponent alpha",2,17
3016,"atomic nuclei",2,17
3017,"discrete series",2,17
3018,"traffic flow",2,17
3019,"few nucleon",2,17
3020,"polynomial time",2,17
3021,"ray absorption",2,17
3022,"tunneling conductance",2,17
3023,"too high",2,17
3024,"inverse square",2,17
3025,"superconducting mgb",2,17
3026,"infrared singularities",2,17
3027,"polycrystalline mgb2",2,17
3028,"exchange processes",2,17
3029,"massless scalar fields",3,17
3030,"emitting region",2,17
3031,"planetary systems",2,17
3032,"orbital parameters",2,17
3033,"noise level",2,17
3034,"symmetry groups",2,17
3035,"index theorem",2,17
3036,"observable properties",2,17
3037,"ac susceptibility measurements",3,17
3038,"quantization procedure",2,17
3039,"reissner nordstrom",2,17
3040,"right handed",2,17
3041,"parametric resonance",2,17
3042,"baryon chiral",2,17
3043,"spectral functions",2,17
3044,"inclusive dis",2,17
3045,"experimental data set",3,17
3046,"singular potentials",2,17
3047,"second moments",2,17
3048,"systematic studies",2,17
3049,"perturbative regime",2,17
3050,"line strength",2,17
3051,"orbit interaction",2,17
3052,"cardy verlinde",2,17
3053,"self contained",2,17
3054,"financial market",2,17
3055,"hierarchical structure",2,17
3056,"coupled channels",2,17
3057,"steady states",2,17
3058,"critical temperature tc",3,17
3059,"star hd",2,17
3060,"direct consequence",2,17
3061,"closed string theory",3,17
3062,"softly broken",2,17
3063,"action describing",2,17
3064,"fourier series",2,17
3065,"laser cooled",2,16
3066,"einstein podolsky rosen",3,16
3067,"entire system",2,16
3068,"entanglement generation",2,16
3069,"correct treatment",2,16
3070,"mathematical framework",2,16
3071,"arbitrary choice",2,16
3072,"friction force",2,16
3073,"non zero temperature",3,16
3074,"critical test",2,16
3075,"three qubit",2,16
3076,"non crossing",2,16
3077,"unitary operator",2,16
3078,"de broglie",2,16
3079,"radiation generated",2,16
3080,"hartree fock approximation",3,16
3081,"uniaxial anisotropy",2,16
3082,"aspect ratio",2,16
3083,"laser beams",2,16
3084,"superconducting correlations",2,16
3085,"behaves like",2,16
3086,"model fails",2,16
3087,"magnetization curves",2,16
3088,"type inequalities",2,16
3089,"fermi velocity",2,16
3090,"patterns corresponding",2,16
3091,"holstein model",2,16
3092,"em et",2,16
3093,"interaction plays",2,16
3094,"phase separated",2,16
3095,"instability threshold",2,16
3096,"a1 a2",2,16
3097,"qualitatively consistent",2,16
3098,"interacting bosons",2,16
3099,"pairing symmetry",2,16
3100,"bilayer systems",2,16
3101,"single molecule",2,16
3102,"diffusive regime",2,16
3103,"occurs via",2,16
3104,"two body problem",3,16
3105,"spatial variation",2,16
3106,"adiabatic approximation",2,16
3107,"problem posed",2,16
3108,"computational effort",2,16
3109,"angle alpha",2,16
3110,"doped manganites",2,16
3111,"monte carlo technique",3,16
3112,"la ca mno",3,16
3113,"two dimensional electron gas",4,16
3114,"quantum antiferromagnets",2,16
3115,"mg al",2,16
3116,"incompressible fluid",2,16
3117,"quarter filled",2,16
3118,"quasiparticle excitations",2,16
3119,"standard deviation",2,16
3120,"josephson effect",2,16
3121,"model incorporating",2,16
3122,"derivative corrections",2,16
3123,"curvature tensor",2,16
3124,"schwarzschild spacetime",2,16
3125,"sound waves",2,16
3126,"spatially flat",2,16
3127,"propagation speed",2,16
3128,"conjugacy classes",2,16
3129,"real line",2,16
3130,"np hard",2,16
3131,"invariant measures",2,16
3132,"basic principle",2,16
3133,"linear sigma",2,16
3134,"bounded domains",2,16
3135,"cohomology ring",2,16
3136,"contact structure",2,16
3137,"standard map",2,16
3138,"closed 3-manifolds",2,16
3139,"completely positive maps",3,16
3140,"homogeneous spaces",2,16
3141,"integral representation",2,16
3142,"braid group",2,16
3143,"conformal transformation",2,16
3144,"rational surfaces",2,16
3145,"modular forms",2,16
3146,"projected radius",2,16
3147,"dust continuum",2,16
3148,"representative sample",2,16
3149,"egret sources",2,16
3150,"expansion velocity",2,16
3151,"mag arcsec",2,16
3152,"ray bursts grbs",3,16
3153,"anomalous diffusion",2,16
3154,"micron images",2,16
3155,"relaxation rates",2,16
3156,"long slit",2,16
3157,"tunnel junction",2,16
3158,"rest mass",2,16
3159,"astronomical data",2,16
3160,"ambient medium",2,16
3161,"burst grb afterglows",3,16
3162,"crossing time",2,16
3163,"color distributions",2,16
3164,"type ii supernovae",3,16
3165,"cosmic structures",2,16
3166,"nambu jona lasinio model",4,16
3167,"within arcsec",2,16
3168,"alpha emission",2,16
3169,"uniformly distributed",2,16
3170,"interstellar medium ism",3,16
3171,"microwave background",2,16
3172,"continuous spectra",2,16
3173,"rare processes",2,16
3174,"temporal variability",2,16
3175,"individual stars",2,16
3176,"band edge",2,16
3177,"photometric properties",2,16
3178,"high signal",2,16
3179,"near half",2,16
3180,"crab pulsar",2,16
3181,"statistical significance",2,16
3182,"core collapse supernovae",3,16
3183,"tensor perturbations",2,16
3184,"central kpc",2,16
3185,"alpha particles",2,16
3186,"coefficient gamma",2,16
3187,"interstellar absorption",2,16
3188,"kaluza klein modes",3,16
3189,"photon colliders",2,16
3190,"electroweak symmetry breaking",3,16
3191,"lep ii",2,16
3192,"detailed discussion",2,16
3193,"initial condition",2,16
3194,"measurement errors",2,16
3195,"quark antiquark",2,16
3196,"ladder approximation",2,16
3197,"charged particle multiplicity",3,16
3198,"three jet",2,16
3199,"selection effect",2,16
3200,"precision electroweak measurements",3,16
3201,"light front dynamics",3,16
3202,"kosterlitz thouless",2,16
3203,"pion decay",2,16
3204,"infinite volume",2,16
3205,"small angular",2,16
3206,"drell yan",2,16
3207,"deep inelastic scattering dis",4,16
3208,"axial vector mesons",3,16
3209,"two loop approximation",3,16
3210,"topological charges",2,16
3211,"scalar mesons",2,16
3212,"gluon propagator",2,16
3213,"brane tension",2,16
3214,"massless graviton",2,16
3215,"kaluza klein theories",3,16
3216,"non bps",2,16
3217,"aharonov bohm effect",3,16
3218,"lorentz violating",2,16
3219,"ads cft duality",3,16
3220,"fundamental representation",2,16
3221,"bps states",2,16
3222,"eleven dimensions",2,16
3223,"conserved charges",2,16
3224,"harmonic oscillator potential",3,16
3225,"model building",2,16
3226,"neutrino mixing",2,16
3227,"charm mesons",2,16
3228,"partial waves",2,16
3229,"bilinear operators",2,16
3230,"quark actions",2,16
3231,"point correlators",2,16
3232,"two epochs",2,16
3233,"total intensity",2,16
3234,"stochastic resonance",2,16
3235,"relativistic quantum mechanics",3,16
3236,"time step",2,16
3237,"classical counterpart",2,16
3238,"reproduce many",2,16
3239,"new developments",2,16
3240,"nambu jona lasinio",3,16
3241,"projection operator",2,16
3242,"three peaks",2,16
3243,"many situations",2,16
3244,"oscillation solutions",2,16
3245,"significant part",2,16
3246,"pseudo spin",2,16
3247,"stress strain",2,16
3248,"high energy gap",3,16
3249,"energy range interactions",3,16
3250,"occurs near",2,16
3251,"dynamic critical",2,16
3252,"luttinger liquids",2,16
3253,"spontaneous breakdown",2,16
3254,"magnetic field theories",3,16
3255,"accretion flows",2,16
3256,"black hole bh",3,16
3257,"full width",2,16
3258,"joint analysis",2,16
3259,"fireball model",2,16
3260,"color magnitude",2,16
3261,"stars hd",2,16
3262,"active nucleus",2,16
3263,"sequence stars",2,16
3264,"long grbs",2,16
3265,"symmetric products",2,16
3266,"poincare group",2,16
3267,"associative algebras",2,16
3268,"decomposition theorem",2,16
3269,"quantum channels",2,16
3270,"coupling constant lambda",3,16
3271,"high temperature tc superconductors",4,16
3272,"vacuum einstein equations",3,16
3273,"schwarzschild solution",2,16
3274,"path integral formalism",3,16
3275,"parameter theta",2,16
3276,"lightest supersymmetric",2,16
3277,"upsilon 4s",2,16
3278,"gravitational interactions",2,16
3279,"quark confinement",2,16
3280,"linear combinations",2,16
3281,"spatial distributions",2,16
3282,"incident energies",2,16
3283,"reasonable values",2,16
3284,"gauged supergravity",2,16
3285,"loop approximation",2,16
3286,"particle duality",2,16
3287,"bottom up",2,16
3288,"l3 detector",2,16
3289,"parameter estimation",2,16
3290,"boundary value",2,16
3291,"superconductivity occurs",2,16
3292,"phase transition temperature dependence",4,16
3293,"filling factor nu",3,16
3294,"dimensional 2d",2,16
3295,"inhomogeneous magnetic field",3,16
3296,"linear chain",2,16
3297,"parallel transport",2,16
3298,"ultrathin films",2,16
3299,"omega cen",2,16
3300,"kinematic properties",2,16
3301,"model atmosphere",2,16
3302,"robertson walker",2,16
3303,"tevatron collider",2,16
3304,"tevatron run ii",3,16
3305,"individual components",2,16
3306,"skyrme model",2,16
3307,"brane configurations",2,16
3308,"wilson fermions",2,16
3309,"front end",2,16
3310,"local supersymmetry",2,16
3311,"qcd sum rule",3,16
3312,"ds cft correspondence",3,16
3313,"ferromagnetic phase transition",3,15
3314,"von neumann entropy",3,15
3315,"spontaneous parametric down conversion",4,15
3316,"two observers",2,15
3317,"physical realization",2,15
3318,"measurement apparatus",2,15
3319,"spontaneous decay",2,15
3320,"spin orientation",2,15
3321,"unknown parameters",2,15
3322,"normal ordering",2,15
3323,"quantum mechanically",2,15
3324,"angular correlations",2,15
3325,"squeezed states",2,15
3326,"interferometric gravitational wave",3,15
3327,"gate operation",2,15
3328,"well adapted",2,15
3329,"thermodynamical properties",2,15
3330,"experimentally accessible",2,15
3331,"grand canonical",2,15
3332,"charge ordered",2,15
3333,"quasi particles",2,15
3334,"easy axis",2,15
3335,"vibrational modes",2,15
3336,"tunneling rate",2,15
3337,"meissner effect",2,15
3338,"magnetization curve",2,15
3339,"inter band",2,15
3340,"quantized vortex",2,15
3341,"nuclear magnetic",2,15
3342,"singular behavior",2,15
3343,"soliton dynamics",2,15
3344,"fluctuation dissipation theorem",3,15
3345,"peaks corresponding",2,15
3346,"plane wave function",3,15
3347,"self consistent treatment",3,15
3348,"grain boundary",2,15
3349,"finite thickness",2,15
3350,"experimental investigation",2,15
3351,"collective behavior",2,15
3352,"ab initio calculation",3,15
3353,"negative magnetoresistance",2,15
3354,"related materials",2,15
3355,"short ranged",2,15
3356,"approximation lda",2,15
3357,"energy density functional theory",4,15
3358,"random bond",2,15
3359,"biological systems",2,15
3360,"wigner crystal",2,15
3361,"mesoscopic superconducting",2,15
3362,"simply related",2,15
3363,"systems exhibiting",2,15
3364,"finite temperature dependence",3,15
3365,"semiconductor quantum dots",3,15
3366,"spin waves",2,15
3367,"mesoscopic fluctuations",2,15
3368,"qualitative description",2,15
3369,"vertex corrections",2,15
3370,"pair correlation functions",3,15
3371,"nonlinear oscillator",2,15
3372,"periodic modulation",2,15
3373,"site coulomb",2,15
3374,"spin orbit interaction",3,15
3375,"unitary matrices",2,15
3376,"singular part",2,15
3377,"warped geometry",2,15
3378,"localized gravity",2,15
3379,"negative cosmological",2,15
3380,"coordinate transformations",2,15
3381,"non perturbative calculation",3,15
3382,"rotation periods",2,15
3383,"spectral representation",2,15
3384,"optimization problems",2,15
3385,"approximate methods",2,15
3386,"euler characteristic",2,15
3387,"de rham",2,15
3388,"orbifold singularities",2,15
3389,"linear programming",2,15
3390,"easily derived",2,15
3391,"hyperbolic systems",2,15
3392,"hyperbolic metric",2,15
3393,"geometric structures",2,15
3394,"significant reduction",2,15
3395,"navier stokes",2,15
3396,"geometrical structure",2,15
3397,"following property",2,15
3398,"nilpotent groups",2,15
3399,"compact riemann surface",3,15
3400,"absorption profile",2,15
3401,"co emission lines",3,15
3402,"seyfert galaxy",2,15
3403,"wide angle",2,15
3404,"relativistic jet",2,15
3405,"dynamically generated",2,15
3406,"air shower",2,15
3407,"numerical computations",2,15
3408,"relative strength",2,15
3409,"astrophysical objects",2,15
3410,"tidal disruption",2,15
3411,"rapidly rotating neutron stars",4,15
3412,"rapid variability",2,15
3413,"faraday rotation",2,15
3414,"confined within",2,15
3415,"cosmic microwave background anisotropies",4,15
3416,"simultaneous measurements",2,15
3417,"disc around",2,15
3418,"omegam omegalambda",2,15
3419,"hi cloud",2,15
3420,"imaging spectrograph",2,15
3421,"circumstellar medium",2,15
3422,"random medium",2,15
3423,"strange quark matter",3,15
3424,"around kev",2,15
3425,"many ways",2,15
3426,"current observational",2,15
3427,"universal behavior",2,15
3428,"intracluster gas",2,15
3429,"alpha emission lines",3,15
3430,"events per",2,15
3431,"doppler effect",2,15
3432,"likelihood analysis",2,15
3433,"gzk cutoff",2,15
3434,"gas inside",2,15
3435,"redshift survey 2dfgrs",3,15
3436,"mid ir",2,15
3437,"software architecture",2,15
3438,"near uv",2,15
3439,"luminous infrared",2,15
3440,"high enough",2,15
3441,"cosmological constant lambda",3,15
3442,"goes through",2,15
3443,"gamma approx",2,15
3444,"metal abundances",2,15
3445,"population synthesis",2,15
3446,"index alpha",2,15
3447,"annihilation radiation",2,15
3448,"ultraviolet radiation",2,15
3449,"detector response",2,15
3450,"supernova sn",2,15
3451,"matter waves",2,15
3452,"hadronic observables",2,15
3453,"non singlet",2,15
3454,"crystal structures",2,15
3455,"four fermi",2,15
3456,"ds pi",2,15
3457,"laboratory measurements",2,15
3458,"parton model",2,15
3459,"phase diagrams",2,15
3460,"perturbative renormalization",2,15
3461,"two gluons",2,15
3462,"renormalization procedure",2,15
3463,"strong cp problem",3,15
3464,"pion exchange",2,15
3465,"gauge bosons",2,15
3466,"anomalous dimensions",2,15
3467,"systematic search",2,15
3468,"multiplicity distributions",2,15
3469,"large deviation",2,15
3470,"non zero point",3,15
3471,"approximate solutions",2,15
3472,"linearly polarized",2,15
3473,"d0 bar",2,15
3474,"mixing angle",2,15
3475,"epsilon expansion",2,15
3476,"ii vi",2,15
3477,"part iii",2,15
3478,"dimensionally reduced",2,15
3479,"su yang mills theories",4,15
3480,"friedmann equation",2,15
3481,"pure gravity",2,15
3482,"novel features",2,15
3483,"level truncation",2,15
3484,"induced representations",2,15
3485,"integrable boundary",2,15
3486,"star products",2,15
3487,"fermion action",2,15
3488,"higher orders",2,15
3489,"supersymmetric yang mills",3,15
3490,"quantization condition",2,15
3491,"los alamos",2,15
3492,"worst case",2,15
3493,"aleph delphi l3",3,15
3494,"number count",2,15
3495,"central part",2,15
3496,"coupled oscillators",2,15
3497,"matching conditions",2,15
3498,"spatially separated",2,15
3499,"ensemble average",2,15
3500,"maximally entangled",2,15
3501,"atom cavity",2,15
3502,"two ends",2,15
3503,"local unitary",2,15
3504,"beam splitters",2,15
3505,"system sizes",2,15
3506,"ultra low",2,15
3507,"stripe phase",2,15
3508,"inclination angle",2,15
3509,"surface barrier",2,15
3510,"elastic modulus",2,15
3511,"metallic phase transition",3,15
3512,"transport coefficients",2,15
3513,"low lying excitations",3,15
3514,"resistivity rho",2,15
3515,"tunneling current voltage",3,15
3516,"millisecond pulsars",2,15
3517,"lecture notes",2,15
3518,"asca observation",2,15
3519,"optical nir",2,15
3520,"laser interferometer",2,15
3521,"singular points",2,15
3522,"hierarchical clustering",2,15
3523,"symmetry breaking parameters",3,15
3524,"msun pc",2,15
3525,"fermi gas",2,15
3526,"limited sample",2,15
3527,"stis observations",2,15
3528,"near infrared photometry",3,15
3529,"hii region",2,15
3530,"non commutative geometry",3,15
3531,"skew symmetric",2,15
3532,"lattice gauge group",3,15
3533,"harmonic trap",2,15
3534,"band mixing",2,15
3535,"dna sequences",2,15
3536,"screened coulomb",2,15
3537,"broken up",2,15
3538,"powder samples",2,15
3539,"elastic neutron",2,15
3540,"unit cell",2,15
3541,"looks like",2,15
3542,"vacuum einstein",2,15
3543,"boundary layer",2,15
3544,"charged black hole",3,15
3545,"experimental limits",2,15
3546,"transverse momentum spectra",3,15
3547,"heavy ion collision",3,15
3548,"observational cosmology",2,15
3549,"cp odd",2,15
3550,"supersymmetric particle",2,15
3551,"lorentz group",2,15
3552,"matter sector",2,15
3553,"kp hierarchy",2,15
3554,"proton beam",2,15
3555,"brane configuration",2,15
3556,"positive cosmological constant",3,15
3557,"separability criterion",2,15
3558,"multi frequency",2,15
3559,"antiferromagnetic heisenberg",2,15
3560,"valence bond",2,15
3561,"loop induced",2,15
3562,"sloan digital sky",3,15
3563,"comptonization model",2,15
3564,"explorer fuse",2,15
3565,"scaling relations",2,15
3566,"k3 surface",2,15
3567,"induced reactions",2,15
3568,"lepton sector",2,15
3569,"neutrino data",2,15
3570,"quark flavors",2,15
3571,"matter content",2,15
3572,"three separate",2,15
3573,"holographic principle",2,15
3574,"jaynes cummings model",3,15
3575,"control over",2,15
3576,"recorded during",2,15
3577,"model expectations",2,15
3578,"stellar winds",2,15
3579,"intermediate redshift",2,15
3580,"direct cp violation",3,15
3581,"full qcd",2,15
3582,"epics software",2,15
3583,"shape invariant",2,14
3584,"quantum logic",2,14
3585,"bell type",2,14
3586,"simultaneous measurement",2,14
3587,"signal processing",2,14
3588,"predictions concerning",2,14
3589,"maximally entangled states",3,14
3590,"non relativistic quantum mechanics",4,14
3591,"problems encountered",2,14
3592,"independent proof",2,14
3593,"uniformly accelerated",2,14
3594,"spatial patterns",2,14
3595,"exponent tau",2,14
3596,"langevin equations",2,14
3597,"thermally activated",2,14
3598,"surface defects",2,14
3599,"configurational entropy",2,14
3600,"conventional superconductors",2,14
3601,"self assembled",2,14
3602,"strong sensitivity",2,14
3603,"elastic neutron scattering",3,14
3604,"condensed gas",2,14
3605,"learning algorithm",2,14
3606,"principal components",2,14
3607,"total angular momentum",3,14
3608,"late stage",2,14
3609,"financial data",2,14
3610,"wave packets",2,14
3611,"behave like",2,14
3612,"microscopic mechanism",2,14
3613,"clean limit",2,14
3614,"nonzero temperature",2,14
3615,"renormalisation group",2,14
3616,"ga mn",2,14
3617,"damping rate",2,14
3618,"hydrodynamic calculations",2,14
3619,"heat current",2,14
3620,"spin triplet",2,14
3621,"heisenberg models",2,14
3622,"transverse velocity",2,14
3623,"slow light",2,14
3624,"limit cycle",2,14
3625,"mass concentration",2,14
3626,"geometric methods",2,14
3627,"scattering mechanisms",2,14
3628,"parameters characterizing",2,14
3629,"saturation scale",2,14
3630,"theoretic methods",2,14
3631,"mean field theories",3,14
3632,"resonance condition",2,14
3633,"al cond mat",3,14
3634,"next nearest neighbor",3,14
3635,"quadratic dependence",2,14
3636,"parameters involved",2,14
3637,"pseudogap behavior",2,14
3638,"mesoscopic ring",2,14
3639,"structural transitions",2,14
3640,"atomic orbitals",2,14
3641,"laser driven",2,14
3642,"secondary structure",2,14
3643,"null infinity",2,14
3644,"static electric",2,14
3645,"pair potentials",2,14
3646,"near horizon geometry",3,14
3647,"perturbations around",2,14
3648,"briefly summarize",2,14
3649,"cylindrically symmetric",2,14
3650,"consistency conditions",2,14
3651,"cosmic strings",2,14
3652,"slow rotation",2,14
3653,"brans dicke",2,14
3654,"sharp estimates",2,14
3655,"correspondence principle",2,14
3656,"natural definition",2,14
3657,"euclidean spaces",2,14
3658,"odd degree",2,14
3659,"almost independent",2,14
3660,"vertex operator",2,14
3661,"cohen macaulay",2,14
3662,"differential graded",2,14
3663,"tensor category",2,14
3664,"seiberg witten invariants",3,14
3665,"vector bundle",2,14
3666,"end points",2,14
3667,"recurrence relation",2,14
3668,"lax pairs",2,14
3669,"complex projective space",3,14
3670,"temperature gradient",2,14
3671,"chandra hetg",2,14
3672,"accretion rates",2,14
3673,"source code",2,14
3674,"fabry perot",2,14
3675,"related topics",2,14
3676,"equilibrium configuration",2,14
3677,"iso data",2,14
3678,"gamma ray sources",3,14
3679,"pointed observations",2,14
3680,"star formation rates",3,14
3681,"jet formation",2,14
3682,"uv continuum",2,14
3683,"nearby clusters",2,14
3684,"velocity profile",2,14
3685,"surface brightness profile",3,14
3686,"magnetically driven",2,14
3687,"left handed",2,14
3688,"beta equilibrium",2,14
3689,"photoionization models",2,14
3690,"serious problems",2,14
3691,"outer parts",2,14
3692,"faint magnitudes",2,14
3693,"ionizing photons",2,14
3694,"broad absorption",2,14
3695,"low redshift survey",3,14
3696,"radial distributions",2,14
3697,"becomes strongly",2,14
3698,"active star",2,14
3699,"nearby spiral galaxies",3,14
3700,"dwarf nova",2,14
3701,"hours after",2,14
3702,"single layer",2,14
3703,"thermal pressure",2,14
3704,"metallicity relation",2,14
3705,"big bang nucleosynthesis",3,14
3706,"ks exposure",2,14
3707,"similar accuracy",2,14
3708,"region containing",2,14
3709,"compact extra",2,14
3710,"grb afterglows",2,14
3711,"main observational",2,14
3712,"basic ideas",2,14
3713,"lsnd data",2,14
3714,"soft pion",2,14
3715,"semi inclusive dis",3,14
3716,"quark gluon propagator",3,14
3717,"elastic scattering amplitude",3,14
3718,"model mssm",2,14
3719,"ckm matrix",2,14
3720,"monte carlo generator",3,14
3721,"leading logarithmic corrections",3,14
3722,"strong coupling constant alphas",4,14
3723,"slow decay",2,14
3724,"color octet",2,14
3725,"decay mode",2,14
3726,"quark condensate",2,14
3727,"brst invariant",2,14
3728,"diffractive dissociation",2,14
3729,"day night",2,14
3730,"charge radius",2,14
3731,"direct connection",2,14
3732,"quark action",2,14
3733,"loop diagrams",2,14
3734,"production mechanisms",2,14
3735,"higgs mechanism",2,14
3736,"instanton induced",2,14
3737,"dimensional supergravity",2,14
3738,"duality relations",2,14
3739,"instanton solutions",2,14
3740,"de sitter background",3,14
3741,"non zero modes",3,14
3742,"massive scalar",2,14
3743,"conformal anomaly",2,14
3744,"dimensional lattices",2,14
3745,"generating functional",2,14
3746,"black hole thermodynamics",3,14
3747,"discrete torsion",2,14
3748,"imaginary parts",2,14
3749,"odd dimensions",2,14
3750,"first sight",2,14
3751,"wess zumino term",3,14
3752,"cubic string",2,14
3753,"kinetic term",2,14
3754,"entropy formula",2,14
3755,"rr fields",2,14
3756,"p1 p2",2,14
3757,"gauge field configurations",3,14
3758,"wilson line",2,14
3759,"wall solutions",2,14
3760,"value problems",2,14
3761,"four lep",2,14
3762,"jefferson lab",2,14
3763,"atmospheric muon",2,14
3764,"markov chain",2,14
3765,"goldstone boson",2,14
3766,"magnetized plasma",2,14
3767,"canonical transformations",2,14
3768,"constitutive equations",2,14
3769,"electric dipole",2,14
3770,"observable universe",2,14
3771,"euclidean space time",3,14
3772,"ionization structure",2,14
3773,"bounded linear",2,14
3774,"zeeman effect",2,14
3775,"weyl algebra",2,14
3776,"general covariance",2,14
3777,"spectral statistics",2,14
3778,"negative parity",2,14
3779,"completely positive",2,14
3780,"de broglie bohm",3,14
3781,"induced collapse",2,14
3782,"classical deterministic",2,14
3783,"traced back",2,14
3784,"approx mev",2,14
3785,"strongly correlated electron",3,14
3786,"susceptibility measurements",2,14
3787,"inter particle",2,14
3788,"anomalously large",2,14
3789,"porous media",2,14
3790,"highly sensitive",2,14
3791,"baryon fraction",2,14
3792,"wide field planetary camera",4,14
3793,"lifetime difference",2,14
3794,"temperature maps",2,14
3795,"three generations",2,14
3796,"subsequent evolution",2,14
3797,"day after",2,14
3798,"metal free",2,14
3799,"off center",2,14
3800,"energetic particles",2,14
3801,"timing explorer",2,14
3802,"inflaton potential",2,14
3803,"inner kpc",2,14
3804,"xmm newton observation",3,14
3805,"distant cluster",2,14
3806,"cyg x-1",2,14
3807,"transition rates",2,14
3808,"accreting neutron stars",3,14
3809,"ultra high energy",3,14
3810,"absolute magnitude",2,14
3811,"real axis",2,14
3812,"uniqueness theorem",2,14
3813,"van der",2,14
3814,"type ii string theory",4,14
3815,"mapping class",2,14
3816,"elementary proof",2,14
3817,"four manifolds",2,14
3818,"central limit theorem",3,14
3819,"metal surfaces",2,14
3820,"exponent gamma",2,14
3821,"local moments",2,14
3822,"temperature dependences",2,14
3823,"correlated disorder",2,14
3824,"joint probability",2,14
3825,"monte carlo calculations",3,14
3826,"jahn teller",2,14
3827,"pressures up",2,14
3828,"pulsed laser deposition",3,14
3829,"pressure induced",2,14
3830,"circular orbit",2,14
3831,"geodesic equations",2,14
3832,"spin rotation",2,14
3833,"unified theories",2,14
3834,"fall off",2,14
3835,"generic features",2,14
3836,"quark pair",2,14
3837,"theoretical expectations",2,14
3838,"sensitive probes",2,14
3839,"connected components",2,14
3840,"linear relationship",2,14
3841,"cern large hadron collider",4,14
3842,"asymmetric nuclear matter",3,14
3843,"uv ir mixing",3,14
3844,"minimal supersymmetric",2,14
3845,"ultra violet",2,14
3846,"brane worlds",2,14
3847,"dual pairs",2,14
3848,"higher rank",2,14
3849,"noncommutative supersymmetric",2,14
3850,"path integral representation",3,14
3851,"theoretical treatment",2,14
3852,"stable fixed",2,14
3853,"bekenstein hawking entropy",3,14
3854,"calabi yau compactifications",3,14
3855,"lattice gauge theories",3,14
3856,"instanton liquid",2,14
3857,"center vortices",2,14
3858,"hidden variable",2,14
3859,"black box",2,14
3860,"self organized",2,14
3861,"decreasing temperature",2,14
3862,"small scale structure",3,14
3863,"weak disorder",2,14
3864,"differential decay",2,14
3865,"mgb2 films",2,14
3866,"flux ratios",2,14
3867,"external medium",2,14
3868,"tauri star",2,14
3869,"s0 galaxies",2,14
3870,"hypergeometric functions",2,14
3871,"quantum cohomology",2,14
3872,"naked singularities",2,14
3873,"schwarzschild background",2,14
3874,"isotope effect",2,14
3875,"chemical equilibrium",2,14
3876,"contact process",2,14
3877,"correlated noise",2,14
3878,"bar ms scheme",3,14
3879,"see saw mechanism",3,14
3880,"bnl rhic",2,14
3881,"left right symmetric",3,14
3882,"light higgs boson",3,14
3883,"supersymmetric yang mills theory",4,14
3884,"bona fide",2,14
3885,"yang baxter equation",3,14
3886,"integrated light",2,14
3887,"hilbert problem",2,14
3888,"strongly reduced",2,14
3889,"industrial control system",3,14
3890,"rotational velocity",2,14
3891,"scale free networks",3,14
3892,"local moment",2,14
3893,"quadratic term",2,14
3894,"hydrogen rich",2,14
3895,"virial mass",2,14
3896,"hubble parameter",2,14
3897,"many worlds",2,13
3898,"polar angle",2,13
3899,"quantum zeno effect",3,13
3900,"liquid crystalline",2,13
3901,"complete characterization",2,13
3902,"easy plane",2,13
3903,"cold atom",2,13
3904,"conditional measurements",2,13
3905,"klein gordon equations",3,13
3906,"anharmonic oscillator",2,13
3907,"optical parametric",2,13
3908,"induced decoherence",2,13
3909,"small separations",2,13
3910,"rb atoms",2,13
3911,"primary operators",2,13
3912,"macroscopic objects",2,13
3913,"directed graph",2,13
3914,"off resonant",2,13
3915,"chain molecules",2,13
3916,"penetration depth lambda",3,13
3917,"time evolution equation",3,13
3918,"dense granular",2,13
3919,"significant deviation",2,13
3920,"system size distribution",3,13
3921,"pseudogap regime",2,13
3922,"underdoped regime",2,13
3923,"acoustic phonon",2,13
3924,"weak link",2,13
3925,"rotating frame",2,13
3926,"temporal fluctuations",2,13
3927,"statistical measures",2,13
3928,"j2 j1",2,13
3929,"well aligned",2,13
3930,"turbulent convection",2,13
3931,"tunnel coupled",2,13
3932,"sr ruo",2,13
3933,"anderson impurity",2,13
3934,"clear difference",2,13
3935,"independent estimates",2,13
3936,"jahn teller effect",3,13
3937,"multiplicative process",2,13
3938,"finite doping",2,13
3939,"charge density wave",3,13
3940,"antiferromagnetic heisenberg model",3,13
3941,"non linear response",3,13
3942,"strong connection",2,13
3943,"closed shell",2,13
3944,"quasiclassical theory",2,13
3945,"quantitative predictions",2,13
3946,"angle resolved photoemission data",4,13
3947,"ladder systems",2,13
3948,"induced ferromagnetism",2,13
3949,"high mobility",2,13
3950,"kohn sham",2,13
3951,"zone boundary",2,13
3952,"electronic structure function",3,13
3953,"strongly disordered",2,13
3954,"spontaneous magnetization",2,13
3955,"mn fe",2,13
3956,"phonon interactions",2,13
3957,"boltzmann statistics",2,13
3958,"fermionic excitations",2,13
3959,"gradient approximation",2,13
3960,"negative specific heat",3,13
3961,"currents generated",2,13
3962,"polymer solutions",2,13
3963,"anomalous magnetic",2,13
3964,"critical concentration",2,13
3965,"berry phase",2,13
3966,"rational coefficients",2,13
3967,"unusual features",2,13
3968,"logarithmic dependence",2,13
3969,"density matrix renormalization group dmrg",5,13
3970,"hydrostatic equilibrium",2,13
3971,"markov chains",2,13
3972,"result differs",2,13
3973,"wavelength limit",2,13
3974,"followed up",2,13
3975,"density matrices",2,13
3976,"well posedness",2,13
3977,"stationary spacetimes",2,13
3978,"kerr metric",2,13
3979,"topology change",2,13
3980,"spatial infinity",2,13
3981,"flat extra",2,13
3982,"qualitative analysis",2,13
3983,"matter candidate",2,13
3984,"dynamical instabilities",2,13
3985,"curved space time",3,13
3986,"infinite family",2,13
3987,"momentum distribution function",3,13
3988,"ordinary differential",2,13
3989,"quantum algorithms",2,13
3990,"holomorphic maps",2,13
3991,"rational map",2,13
3992,"basic mechanism",2,13
3993,"automorphism groups",2,13
3994,"polynomials over",2,13
3995,"loop groups",2,13
3996,"closed orbits",2,13
3997,"simplicial complex",2,13
3998,"isolated singularities",2,13
3999,"kaehler manifold",2,13
4000,"zeta functions",2,13
4001,"cyclic homology",2,13
4002,"covariant derivatives",2,13
4003,"unsolved problems",2,13
4004,"path integral equation",3,13
4005,"darboux transformations",2,13
4006,"somewhat similar",2,13
4007,"galaxy pairs",2,13
4008,"kinematic regions",2,13
4009,"active galactic nucleus",3,13
4010,"kt kev",2,13
4011,"shear flows",2,13
4012,"entire sample",2,13
4013,"warm hot",2,13
4014,"merger remnants",2,13
4015,"star forming galaxies",3,13
4016,"theoretical formulation",2,13
4017,"timing explorer rxte observations",4,13
4018,"bl lacs",2,13
4019,"color magnitude relation",3,13
4020,"strongly influenced",2,13
4021,"primordial fluctuations",2,13
4022,"sky maps",2,13
4023,"newtonian approximation",2,13
4024,"greatly enhanced",2,13
4025,"heating processes",2,13
4026,"forming galaxies",2,13
4027,"cluster environment",2,13
4028,"star crust",2,13
4029,"cmb anisotropies",2,13
4030,"lyman limit",2,13
4031,"inhomogeneous universe",2,13
4032,"rotation measure",2,13
4033,"run ii",2,13
4034,"solar neighbourhood",2,13
4035,"line intensity",2,13
4036,"two photon number",3,13
4037,"toroidal magnetic field",3,13
4038,"planets orbiting",2,13
4039,"gamma ray burst grb",4,13
4040,"spectral flow",2,13
4041,"intermediate age",2,13
4042,"interstellar dust",2,13
4043,"spectral types",2,13
4044,"proceeds via",2,13
4045,"massive black holes",3,13
4046,"particle identification",2,13
4047,"tidal dwarf",2,13
4048,"reduction procedure",2,13
4049,"short time scales",3,13
4050,"hst stis",2,13
4051,"light radii",2,13
4052,"galactic halos",2,13
4053,"half light",2,13
4054,"hydrogen atoms",2,13
4055,"angular scales",2,13
4056,"orbit around",2,13
4057,"high energy cosmic",3,13
4058,"black hole binaries",3,13
4059,"low mass spectrum",3,13
4060,"data acquired",2,13
4061,"image reveals",2,13
4062,"vertical structure",2,13
4063,"accurate measurement",2,13
4064,"short duration",2,13
4065,"range covered",2,13
4066,"open cluster",2,13
4067,"fully relativistic",2,13
4068,"dominant sources",2,13
4069,"dense hadronic",2,13
4070,"sub galactic",2,13
4071,"galactic latitude",2,13
4072,"evolved through",2,13
4073,"individual galaxies",2,13
4074,"hydrogen like",2,13
4075,"large amounts",2,13
4076,"vlt uves",2,13
4077,"galaxies brighter",2,13
4078,"data imply",2,13
4079,"sizes up",2,13
4080,"f0 a0",2,13
4081,"pi pi0 gamma",3,13
4082,"quadrupole deformation",2,13
4083,"breaking parameters",2,13
4084,"pion electroproduction",2,13
4085,"schwinger dyson",2,13
4086,"time derivative",2,13
4087,"inclusive jet production",3,13
4088,"extracting information",2,13
4089,"percolation transition",2,13
4090,"electric dipole moments",3,13
4091,"many astrophysical",2,13
4092,"new variant",2,13
4093,"theoretical approaches",2,13
4094,"small angular momentum",3,13
4095,"selected topics",2,13
4096,"cp asymmetries",2,13
4097,"infrared cutoff",2,13
4098,"nucleon systems",2,13
4099,"cp conserving",2,13
4100,"chiral symmetries",2,13
4101,"higgs sector",2,13
4102,"multiplicity fluctuations",2,13
4103,"theoretical uncertainty",2,13
4104,"su grand unified theory",4,13
4105,"psi ks",2,13
4106,"large nc expansion",3,13
4107,"second class constraints",3,13
4108,"second quantized",2,13
4109,"compact lie",2,13
4110,"domain wall solutions",3,13
4111,"z2 symmetry",2,13
4112,"bar ms",2,13
4113,"partial differential",2,13
4114,"new class constraints",3,13
4115,"term proportional",2,13
4116,"coadjoint orbits",2,13
4117,"wess zumino witten",3,13
4118,"nambu goldstone",2,13
4119,"algebraic framework",2,13
4120,"alternative mechanism",2,13
4121,"dirac type",2,13
4122,"optimal strategies",2,13
4123,"rooted trees",2,13
4124,"magnitude higher order",3,13
4125,"trilinear couplings",2,13
4126,"wimp dark matter",3,13
4127,"underlying assumptions",2,13
4128,"d0 detector",2,13
4129,"fermionic sector",2,13
4130,"cubic anisotropy",2,13
4131,"direct reaction",2,13
4132,"surface roughness",2,13
4133,"rare events",2,13
4134,"quadrupole moment",2,13
4135,"anomalous magnetic moment",3,13
4136,"difference being",2,13
4137,"two body systems",3,13
4138,"real emission",2,13
4139,"driving frequency",2,13
4140,"torsion tensor",2,13
4141,"kolmogorov complexity",2,13
4142,"shannon entropy",2,13
4143,"analytical arguments",2,13
4144,"random variables",2,13
4145,"self affine",2,13
4146,"curve fitting",2,13
4147,"root systems",2,13
4148,"halo nuclei",2,13
4149,"vertex function",2,13
4150,"atomic gases",2,13
4151,"quantum teleportation",2,13
4152,"correctly reproduce",2,13
4153,"quantum search algorithm",3,13
4154,"liouville theory",2,13
4155,"intimately related",2,13
4156,"measuring device",2,13
4157,"upper bound state",3,13
4158,"synthesis model",2,13
4159,"supercooled liquid",2,13
4160,"glass phase transition",3,13
4161,"slightly modified",2,13
4162,"cellular automaton model",3,13
4163,"nonlinear response",2,13
4164,"supernova remnants snrs",3,13
4165,"solution represents",2,13
4166,"semi amplitude",2,13
4167,"short lived",2,13
4168,"redshift quasars",2,13
4169,"intergalactic medium igm",3,13
4170,"hierarchical merging",2,13
4171,"orion nebula",2,13
4172,"phase locked",2,13
4173,"open clusters",2,13
4174,"consistent truncation",2,13
4175,"velocity distributions",2,13
4176,"positive cosmological",2,13
4177,"algebraic varieties",2,13
4178,"detection algorithm",2,13
4179,"hausdorff dimension",2,13
4180,"kappa symmetry",2,13
4181,"topological solitons",2,13
4182,"asymptotic regime",2,13
4183,"high tc cuprates",3,13
4184,"dynamical exponent",2,13
4185,"contact interaction",2,13
4186,"einstein correlations",2,13
4187,"analytical treatment",2,13
4188,"wave superconductivity",2,13
4189,"tc cuprates",2,13
4190,"doped holes",2,13
4191,"highly non",2,13
4192,"hopping parameters",2,13
4193,"remarkably simple",2,13
4194,"hamiltonian constraint",2,13
4195,"algebraic topology",2,13
4196,"susy breaking",2,13
4197,"diquark model",2,13
4198,"gravitational forces",2,13
4199,"two flavors",2,13
4200,"structure function f2",3,13
4201,"propagating through",2,13
4202,"two flavour",2,13
4203,"neutrinoless double beta decay",4,13
4204,"eta photoproduction",2,13
4205,"leptonic decay",2,13
4206,"experimental signatures",2,13
4207,"su grand unification",3,13
4208,"leptonic decays",2,13
4209,"initial value problem",3,13
4210,"hadron masses",2,13
4211,"universe concept",2,13
4212,"selection problem",2,13
4213,"localization length",2,13
4214,"neutron rich",2,13
4215,"per nucleon",2,13
4216,"nucleon system",2,13
4217,"ginsparg wilson relation",3,13
4218,"noncommutative chern simons theory",4,13
4219,"calabi yau threefold",3,13
4220,"randall sundrum rs model",4,13
4221,"long time series",3,13
4222,"information technology",2,13
4223,"mass splitting",2,13
4224,"virtual photons",2,13
4225,"electroweak measurements",2,13
4226,"missing energy",2,13
4227,"acoustic waves",2,13
4228,"solid angle",2,13
4229,"refractive index",2,13
4230,"charge transport properties",3,13
4231,"time reversal symmetry",3,13
4232,"optical lattice",2,13
4233,"antiferromagnetic spin-1",2,13
4234,"single vortex",2,13
4235,"transverse motion",2,13
4236,"reduced density matrix",3,13
4237,"analytic formula",2,13
4238,"infinite range",2,13
4239,"zeeman splitting",2,13
4240,"nonextensive statistics",2,13
4241,"high q2",2,13
4242,"uv background",2,13
4243,"rotation curve",2,13
4244,"double peaked",2,13
4245,"wide web",2,13
4246,"iron line",2,13
4247,"inflationary phase",2,13
4248,"cosmic microwave",2,13
4249,"scalar qed",2,13
4250,"modulational instability",2,13
4251,"longitudinal polarization",2,13
4252,"dynamical quarks",2,13
4253,"schr odinger operators",3,13
4254,"longitudinally polarized",2,13
4255,"jet quenching",2,13
4256,"hamiltonian describing",2,13
4257,"closed string",2,13
4258,"compact abelian",2,13
4259,"unitary evolution",2,13
4260,"short introduction",2,13
4261,"source sns",2,13
4262,"singularity formation",2,13
4263,"off axis",2,13
4264,"low energy range",3,13
4265,"perturbative expansions",2,13
4266,"hst nicmos",2,13
4267,"uv radiation",2,13
4268,"interacting galaxies",2,13
4269,"gauge field strength",3,13
4270,"large scale dependence",3,13
4271,"color distribution",2,13
4272,"nue nu",2,13
4273,"lepton number",2,13
4274,"staggered fermions",2,13
4275,"scherk schwarz",2,13
4276,"s1 z2 orbifold",3,13
4277,"geometric phases",2,12
4278,"cesium atoms",2,12
4279,"biological evolution",2,12
4280,"hall systems",2,12
4281,"optically excited",2,12
4282,"system undergoing",2,12
4283,"quantum key distribution",3,12
4284,"vibrational motion",2,12
4285,"salient features",2,12
4286,"mechanical systems",2,12
4287,"mutual interaction",2,12
4288,"radiation damping",2,12
4289,"microwave frequencies",2,12
4290,"consistency condition",2,12
4291,"quantum game",2,12
4292,"arguments against",2,12
4293,"real time evolution",3,12
4294,"quantitative understanding",2,12
4295,"well know",2,12
4296,"central extensions",2,12
4297,"single electron transistor",3,12
4298,"copper oxygen",2,12
4299,"isotropic heisenberg model",3,12
4300,"self organization",2,12
4301,"vortex nucleation",2,12
4302,"spatially periodic",2,12
4303,"linear stability analysis",3,12
4304,"closely follows",2,12
4305,"near half filling",3,12
4306,"dissipation rate",2,12
4307,"correlation lengths",2,12
4308,"wigner distribution",2,12
4309,"impurity concentration",2,12
4310,"ratio varies",2,12
4311,"sharp peaks",2,12
4312,"bi layer",2,12
4313,"total mass function",3,12
4314,"variational wave function",3,12
4315,"fluid mixtures",2,12
4316,"nu propto",2,12
4317,"topological soliton",2,12
4318,"aharonov bohm ring",3,12
4319,"mutual information",2,12
4320,"well approximated",2,12
4321,"valence electrons",2,12
4322,"numerical tests",2,12
4323,"cross correlations",2,12
4324,"superfluid phases",2,12
4325,"illustrated through",2,12
4326,"hole excitations",2,12
4327,"dilute limit",2,12
4328,"electronic transport",2,12
4329,"pseudo gap",2,12
4330,"scanning tunneling spectra",3,12
4331,"electrical current",2,12
4332,"strong arguments",2,12
4333,"rich material",2,12
4334,"linear conductance",2,12
4335,"andreev bound states",3,12
4336,"thermodynamic equilibrium thermodynamics",3,12
4337,"copper oxide",2,12
4338,"rotating bose einstein condensate",4,12
4339,"mixed phase",2,12
4340,"normal fluid",2,12
4341,"antiferromagnetic correlations",2,12
4342,"molecular species",2,12
4343,"reduced density",2,12
4344,"parameter regimes",2,12
4345,"fast growth",2,12
4346,"bulk viscosity",2,12
4347,"second layer",2,12
4348,"clearly resolved",2,12
4349,"weak pinning",2,12
4350,"sandpile model",2,12
4351,"detailed picture",2,12
4352,"spin density fluctuations",3,12
4353,"forces acting",2,12
4354,"semiclassical quantization",2,12
4355,"chaotic maps",2,12
4356,"insulating state",2,12
4357,"direction orthogonal",2,12
4358,"doping level",2,12
4359,"next nearest neighbor interactions",4,12
4360,"smooth transition",2,12
4361,"embedded atom",2,12
4362,"site energies",2,12
4363,"algebraic bethe ansatz",3,12
4364,"decreases exponentially",2,12
4365,"characteristic polynomial",2,12
4366,"z2 symmetric",2,12
4367,"vortex core",2,12
4368,"de sitter space time",4,12
4369,"commutative version",2,12
4370,"derivative expansion",2,12
4371,"dirichlet boundary",2,12
4372,"asymptotic expansions",2,12
4373,"rapidly oscillating",2,12
4374,"continuous map",2,12
4375,"braid groups",2,12
4376,"chern classes",2,12
4377,"many respects",2,12
4378,"bessel functions",2,12
4379,"relations hold",2,12
4380,"revised version",2,12
4381,"state vectors",2,12
4382,"atomic layers",2,12
4383,"combinatorial problems",2,12
4384,"infinity algebras",2,12
4385,"fiber bundle",2,12
4386,"earlier estimates",2,12
4387,"diffeomorphism invariant",2,12
4388,"regular orbits",2,12
4389,"leq delta",2,12
4390,"hamiltonian flows",2,12
4391,"closed oriented",2,12
4392,"abelian surface",2,12
4393,"harmonic maps",2,12
4394,"algebra uq",2,12
4395,"crossed products",2,12
4396,"formula relating",2,12
4397,"module structure",2,12
4398,"complete intersection",2,12
4399,"moment map",2,12
4400,"circle action",2,12
4401,"mg ii",2,12
4402,"luminosity agns",2,12
4403,"accreting black hole",3,12
4404,"index gamma",2,12
4405,"result confirms",2,12
4406,"uv light",2,12
4407,"distance scales",2,12
4408,"radio pulses",2,12
4409,"discrete sources",2,12
4410,"steep power law",3,12
4411,"reasonable description",2,12
4412,"emitting gas",2,12
4413,"balance equations",2,12
4414,"ray burst",2,12
4415,"equatorial plane",2,12
4416,"around young",2,12
4417,"luminosity functions",2,12
4418,"vela pulsar",2,12
4419,"weak gravitational lensing",3,12
4420,"infrared luminosity",2,12
4421,"ultraluminous infrared",2,12
4422,"higher luminosities",2,12
4423,"dissipative fluid",2,12
4424,"ob stars",2,12
4425,"magnetohydrodynamic mhd turbulence",3,12
4426,"break galaxies",2,12
4427,"like morphology",2,12
4428,"alternative explanation",2,12
4429,"infrared excess",2,12
4430,"lithium abundance",2,12
4431,"near infrared colors",3,12
4432,"composite models",2,12
4433,"hubble space time",3,12
4434,"power law tails",3,12
4435,"driven winds",2,12
4436,"primordial abundances",2,12
4437,"wavelength dependence",2,12
4438,"bright quasar",2,12
4439,"radio continuum",2,12
4440,"southern hemisphere",2,12
4441,"two planets",2,12
4442,"observational signatures",2,12
4443,"gauge boson",2,12
4444,"las campanas redshift survey",4,12
4445,"lyman alpha forest",3,12
4446,"star counts",2,12
4447,"energy dissipation",2,12
4448,"baryon densities",2,12
4449,"quiescent state",2,12
4450,"sub sample",2,12
4451,"position angles",2,12
4452,"stellar mass ratio",3,12
4453,"coma cluster",2,12
4454,"substantially improved",2,12
4455,"warm dust",2,12
4456,"erg cm2",2,12
4457,"photometric redshift",2,12
4458,"conversion factor",2,12
4459,"few thousand",2,12
4460,"gravitational lens",2,12
4461,"wide field cameras",3,12
4462,"cataclysmic variables cvs",3,12
4463,"error circle",2,12
4464,"medium ism",2,12
4465,"infall model",2,12
4466,"pi ell",2,12
4467,"cloud complex",2,12
4468,"gravitational clustering",2,12
4469,"relativistic mean field",3,12
4470,"lens system",2,12
4471,"massive star formation",3,12
4472,"absorbing state",2,12
4473,"bar xi",2,12
4474,"sterile neutrino",2,12
4475,"existing theories",2,12
4476,"hadronic matter",2,12
4477,"mass shifts",2,12
4478,"parton distribution functions",3,12
4479,"clear signature",2,12
4480,"numerical integration",2,12
4481,"quantum chromodynamics qcd",3,12
4482,"composite operator",2,12
4483,"tev region",2,12
4484,"charmed mesons",2,12
4485,"large mixing angles",3,12
4486,"abelian gauge",2,12
4487,"partial widths",2,12
4488,"neutrino fluxes",2,12
4489,"moderate values",2,12
4490,"see saw",2,12
4491,"quantum search",2,12
4492,"kaon decays",2,12
4493,"non factorizable",2,12
4494,"chiral perturbation",2,12
4495,"njl model",2,12
4496,"strong indication",2,12
4497,"large hadron collider",3,12
4498,"quark gluon plasma qgp",4,12
4499,"after considering",2,12
4500,"pion photoproduction",2,12
4501,"experimental errors",2,12
4502,"conformal transformations",2,12
4503,"gluon condensate",2,12
4504,"around mev",2,12
4505,"higgs production",2,12
4506,"main differences",2,12
4507,"lepton pair",2,12
4508,"slightly below",2,12
4509,"ckm matrix elements",3,12
4510,"intermediate scale",2,12
4511,"lightest supersymmetric standard model",4,12
4512,"holographic dual",2,12
4513,"coordinate free",2,12
4514,"s1 z2",2,12
4515,"massive modes",2,12
4516,"twisted sectors",2,12
4517,"compact extra dimension",3,12
4518,"quantum electrodynamics qed",3,12
4519,"compute analytically",2,12
4520,"final part",2,12
4521,"auxiliary fields",2,12
4522,"brane probe",2,12
4523,"manifest themselves",2,12
4524,"density matrix elements",3,12
4525,"spherical shell",2,12
4526,"hidden symmetries",2,12
4527,"kahler manifolds",2,12
4528,"differential operator",2,12
4529,"wzw model",2,12
4530,"space time dependence",3,12
4531,"noncommutative momentum",2,12
4532,"language modeling",2,12
4533,"constraint programming",2,12
4534,"programming language",2,12
4535,"time steps",2,12
4536,"lep2 data",2,12
4537,"non abelian gauge group",4,12
4538,"conserved currents",2,12
4539,"coupled cluster",2,12
4540,"detailed numerical simulations",3,12
4541,"color flavor",2,12
4542,"novel concept",2,12
4543,"integrability conditions",2,12
4544,"fractal properties",2,12
4545,"spinning particles",2,12
4546,"expansion rate",2,12
4547,"roughly speaking",2,12
4548,"solar wind",2,12
4549,"local search",2,12
4550,"charged particle production",3,12
4551,"lab mev",2,12
4552,"precise calculation",2,12
4553,"exact treatment",2,12
4554,"relativistic heavy ion",3,12
4555,"rotational bands",2,12
4556,"positive partial",2,12
4557,"transverse polarization",2,12
4558,"bound entanglement",2,12
4559,"laser pulse",2,12
4560,"laser pulses",2,12
4561,"unstable against",2,12
4562,"general relativistic quantum",3,12
4563,"pressure dependence",2,12
4564,"coherence properties",2,12
4565,"frequencies below",2,12
4566,"lattice vibrations",2,12
4567,"microscopic level",2,12
4568,"reduced below",2,12
4569,"dipole moments",2,12
4570,"self energies",2,12
4571,"sound speed",2,12
4572,"cluster sizes",2,12
4573,"decreases linearly",2,12
4574,"crossover region",2,12
4575,"kondo lattice",2,12
4576,"entire range",2,12
4577,"many authors",2,12
4578,"optical phonons",2,12
4579,"slow relaxation",2,12
4580,"integrable boundary conditions",3,12
4581,"basic features",2,12
4582,"circular polarization",2,12
4583,"periodic potentials",2,12
4584,"thermal bath",2,12
4585,"replica approach",2,12
4586,"parallel algorithms",2,12
4587,"monitoring program",2,12
4588,"galaxy sgr",2,12
4589,"tully fisher",2,12
4590,"pulse shape",2,12
4591,"ultra luminous",2,12
4592,"tidal radius",2,12
4593,"relative velocities",2,12
4594,"nh cm",2,12
4595,"pulsars axps",2,12
4596,"tidal interaction",2,12
4597,"hi clouds",2,12
4598,"extragalactic objects",2,12
4599,"deep fields",2,12
4600,"velocity gradient",2,12
4601,"oxygen rich",2,12
4602,"non trivial topology",3,12
4603,"gamma ray observatory",3,12
4604,"space observatory",2,12
4605,"fuse observations",2,12
4606,"agb star",2,12
4607,"soft blackbody",2,12
4608,"size distributions",2,12
4609,"reasonable assumptions",2,12
4610,"weak lensing signal",3,12
4611,"concentration parameter",2,12
4612,"result supports",2,12
4613,"asca observations",2,12
4614,"dynamic structure",2,12
4615,"lensed images",2,12
4616,"recursion relations",2,12
4617,"manifold endowed",2,12
4618,"second half",2,12
4619,"statistical accuracy",2,12
4620,"hecke algebra",2,12
4621,"jacobi identity",2,12
4622,"homology groups",2,12
4623,"yang baxter",2,12
4624,"range log",2,12
4625,"collective mode",2,12
4626,"hole doped",2,12
4627,"semiclassical description",2,12
4628,"parameter kappa",2,12
4629,"nuclear spins",2,12
4630,"degenerate ground state",3,12
4631,"pole approximation",2,12
4632,"spatially inhomogeneous",2,12
4633,"free networks",2,12
4634,"single impurity",2,12
4635,"particle species",2,12
4636,"mathematical formulation",2,12
4637,"bounded geometry",2,12
4638,"occurs naturally",2,12
4639,"time evolution operator",3,12
4640,"kerr newman",2,12
4641,"second rank",2,12
4642,"pre big bang",3,12
4643,"contents introduction",2,12
4644,"anomaly cancellation",2,12
4645,"minimal supergravity",2,12
4646,"hadronic matrix elements",3,12
4647,"violating asymmetries",2,12
4648,"forward backward asymmetry",3,12
4649,"momentum transfers",2,12
4650,"azimuthal asymmetries",2,12
4651,"brookhaven national",2,12
4652,"mass matrices",2,12
4653,"left right handed",3,12
4654,"shell around",2,12
4655,"inverse power law",3,12
4656,"potential wells",2,12
4657,"soliton solution",2,12
4658,"dependent variables",2,12
4659,"decreases rapidly",2,12
4660,"spinodal decomposition",2,12
4661,"domain size",2,12
4662,"massless particles",2,12
4663,"sym theory",2,12
4664,"physical relevance",2,12
4665,"vacuum expectation value",3,12
4666,"static universe",2,12
4667,"database access",2,12
4668,"wrong sign",2,12
4669,"near kev",2,12
4670,"asymptotically free",2,12
4671,"parametric down conversion",3,12
4672,"long time dependent",3,12
4673,"explicit predictions",2,12
4674,"cold atoms",2,12
4675,"centered around",2,12
4676,"magnesium diboride",2,12
4677,"hopping parameter",2,12
4678,"confirmed numerically",2,12
4679,"strong suppression",2,12
4680,"superconducting sc",2,12
4681,"nearest neighbors",2,12
4682,"mean squared",2,12
4683,"resonant absorption",2,12
4684,"zig zag",2,12
4685,"effect transistor",2,12
4686,"doped samples",2,12
4687,"microscopic derivation",2,12
4688,"metallic behavior",2,12
4689,"gaas algaas",2,12
4690,"galaxy counts",2,12
4691,"atmosphere models",2,12
4692,"emitted during",2,12
4693,"power law component",3,12
4694,"significant deviations",2,12
4695,"radiative recombination",2,12
4696,"evolutionary tracks",2,12
4697,"now available",2,12
4698,"infrared colors",2,12
4699,"common origin",2,12
4700,"numerical investigation",2,12
4701,"soft gamma ray emission",4,12
4702,"dynamical friction",2,12
4703,"keck hires",2,12
4704,"world models",2,12
4705,"active regions",2,12
4706,"intermediate polar",2,12
4707,"electron population",2,12
4708,"tangent space",2,12
4709,"symplectic form",2,12
4710,"hawking evaporation",2,12
4711,"5d gravity",2,12
4712,"deformed nuclei",2,12
4713,"integrable hierarchies",2,12
4714,"geodesic motion",2,12
4715,"product expansion",2,12
4716,"standard deviations",2,12
4717,"electroweak data",2,12
4718,"ep collider",2,12
4719,"valence quark",2,12
4720,"zee model",2,12
4721,"differential distributions",2,12
4722,"renormalized perturbation theory",3,12
4723,"goldstone bosons",2,12
4724,"real photons",2,12
4725,"k1 k2",2,12
4726,"nlo qcd",2,12
4727,"metric ansatz",2,12
4728,"maximal abelian",2,12
4729,"geometric quantization",2,12
4730,"ideas proposed",2,12
4731,"unpolarized case",2,12
4732,"accelerator facility",2,12
4733,"schur functions",2,12
4734,"kondo regime",2,12
4735,"exponential growth",2,12
4736,"ion beam",2,12
4737,"hochschild cohomology",2,12
4738,"rr lyrae variables",3,12
4739,"sigma omega",2,12
4740,"cmb anisotropy",2,12
4741,"damped lyman alpha dla",4,12
4742,"melvin background",2,12
4743,"einstein radius",2,12
4744,"anholonomic frames",2,12
4745,"hi data",2,12
4746,"early sdss",2,12
4747,"standard solar",2,12
4748,"time dependent cp violation",4,12
4749,"heavy ion reactions",3,12
4750,"topological susceptibility",2,12
4751,"hot qcd",2,12
4752,"accelerator control system",3,12
4753,"entanglement concentration",2,11
4754,"position operator",2,11
4755,"entangled photons",2,11
4756,"semiconductor structures",2,11
4757,"nmr quantum computer",3,11
4758,"local operation",2,11
4759,"state reconstruction",2,11
4760,"continued fractions",2,11
4761,"dissipation relation",2,11
4762,"squeezed state",2,11
4763,"decoherence time evolution",3,11
4764,"dielectric media",2,11
4765,"quantum mechanical description",3,11
4766,"two body forces",3,11
4767,"symmetric potentials",2,11
4768,"controlled via",2,11
4769,"atom laser",2,11
4770,"absorption cross section",3,11
4771,"dielectric permittivity",2,11
4772,"short overview",2,11
4773,"covering square",2,11
4774,"law distributions",2,11
4775,"sympathetic cooling",2,11
4776,"exclusion statistics",2,11
4777,"local lorentz",2,11
4778,"radiation reaction",2,11
4779,"metallic grains",2,11
4780,"orbit scattering",2,11
4781,"boltzmann kinetic equation",3,11
4782,"finite size scaling behavior",4,11
4783,"unusually large",2,11
4784,"orbital degrees",2,11
4785,"stimulated emission",2,11
4786,"dna denaturation",2,11
4787,"driven vortex",2,11
4788,"saturation magnetization",2,11
4789,"non fermi",2,11
4790,"glass forming",2,11
4791,"local thermodynamic",2,11
4792,"crosses over",2,11
4793,"extreme value",2,11
4794,"glassy behaviour",2,11
4795,"electrical transport properties",3,11
4796,"quasi two dimensional electron",4,11
4797,"transition metals",2,11
4798,"well accounted",2,11
4799,"two branches",2,11
4800,"too strong",2,11
4801,"fairly simple",2,11
4802,"collective phenomena",2,11
4803,"classically stable",2,11
4804,"scaling regimes",2,11
4805,"novel feature",2,11
4806,"landau lifshitz",2,11
4807,"physical explanation",2,11
4808,"velocity fluctuations",2,11
4809,"condensate fraction",2,11
4810,"phonon frequency",2,11
4811,"electrons confined",2,11
4812,"dynamically induced",2,11
4813,"self similarity",2,11
4814,"surprisingly large",2,11
4815,"disorder driven",2,11
4816,"experimental signature",2,11
4817,"angle resolved photoemission",3,11
4818,"al prl",2,11
4819,"amino acid",2,11
4820,"probability densities",2,11
4821,"inversion formula",2,11
4822,"random media",2,11
4823,"site coulomb interaction",3,11
4824,"anderson transition",2,11
4825,"momentum resolved",2,11
4826,"core sizes",2,11
4827,"induced structural",2,11
4828,"occupation number",2,11
4829,"trapped atomic gases",3,11
4830,"long ranged",2,11
4831,"poisson statistics",2,11
4832,"analytical approximations",2,11
4833,"ultra high",2,11
4834,"proper description",2,11
4835,"level crossing",2,11
4836,"crystal surfaces",2,11
4837,"globally well",2,11
4838,"completely independent",2,11
4839,"water molecules",2,11
4840,"orbital degeneracy",2,11
4841,"dynamical response",2,11
4842,"translational invariance",2,11
4843,"electrostatic interactions",2,11
4844,"bogoliubov theory",2,11
4845,"phonon coupling",2,11
4846,"fluctuation analysis",2,11
4847,"bosonic part",2,11
4848,"finite extent",2,11
4849,"spacetime singularities",2,11
4850,"impose constraints",2,11
4851,"carries over",2,11
4852,"alpha phi",2,11
4853,"fundamental difference",2,11
4854,"closed geodesics",2,11
4855,"wkb approximation",2,11
4856,"fundamental planck",2,11
4857,"lebesgue measure",2,11
4858,"twisted affine",2,11
4859,"highest weight",2,11
4860,"integer values",2,11
4861,"polynomial ring",2,11
4862,"higher genus",2,11
4863,"vector bundles over",3,11
4864,"base points",2,11
4865,"formal group",2,11
4866,"equivalence relation",2,11
4867,"riemann hilbert",2,11
4868,"first chern",2,11
4869,"factorization approximation",2,11
4870,"semidirect product",2,11
4871,"fibre bundle",2,11
4872,"least squares",2,11
4873,"orthogonal basis",2,11
4874,"exp pi",2,11
4875,"computational power",2,11
4876,"kdv equation",2,11
4877,"adiabatic perturbations",2,11
4878,"keplerian disk",2,11
4879,"selected qsos",2,11
4880,"lower redshifts",2,11
4881,"point spread",2,11
4882,"radioactive nuclei",2,11
4883,"turbulent transport",2,11
4884,"carbon nitrogen",2,11
4885,"limiting magnitude",2,11
4886,"active sterile neutrino oscillations",4,11
4887,"spectroscopic redshifts",2,11
4888,"starburst galaxy",2,11
4889,"near infrared camera",3,11
4890,"per event",2,11
4891,"type agn",2,11
4892,"transient xte",2,11
4893,"outer layers",2,11
4894,"four orders",2,11
4895,"low mass function",3,11
4896,"few days",2,11
4897,"formation history",2,11
4898,"isothermal gas",2,11
4899,"cluster core radius",3,11
4900,"bright quasars",2,11
4901,"software package",2,11
4902,"cool component",2,11
4903,"south west",2,11
4904,"central cusp",2,11
4905,"fixed direction",2,11
4906,"space mission",2,11
4907,"magnitudes brighter",2,11
4908,"spectral energy range",3,11
4909,"correlated electrons",2,11
4910,"main scientific",2,11
4911,"earth like",2,11
4912,"centrally concentrated",2,11
4913,"infrared space observatory iso",4,11
4914,"moderately high",2,11
4915,"small amounts",2,11
4916,"mixed phase transition",3,11
4917,"calar alto",2,11
4918,"two successive",2,11
4919,"spatial pattern",2,11
4920,"scuba sources",2,11
4921,"next few",2,11
4922,"compton wavelength",2,11
4923,"complex morphology",2,11
4924,"complete understanding",2,11
4925,"spectroscopic studies",2,11
4926,"dark cloud",2,11
4927,"test beam",2,11
4928,"co emission line",3,11
4929,"brown dwarf",2,11
4930,"galactic chemical evolution",3,11
4931,"curve shape",2,11
4932,"barred galaxies",2,11
4933,"inversion symmetry",2,11
4934,"halpha observations",2,11
4935,"relative amplitude",2,11
4936,"diffraction limited",2,11
4937,"central value",2,11
4938,"remarkably similar",2,11
4939,"sdss imaging",2,11
4940,"age estimates",2,11
4941,"element abundances",2,11
4942,"stellar wind",2,11
4943,"low enough",2,11
4944,"tauri stars",2,11
4945,"now available data",3,11
4946,"blue horizontal",2,11
4947,"neutral atoms",2,11
4948,"starburst region",2,11
4949,"dense clouds",2,11
4950,"white dwarf wd",3,11
4951,"months after",2,11
4952,"accelerated electrons",2,11
4953,"friedmann robertson walker universe",4,11
4954,"canada france hawaii telescope",4,11
4955,"galactic supernova",2,11
4956,"spiral structure",2,11
4957,"pressure equilibrium",2,11
4958,"c.l upper limit",3,11
4959,"stellar mass loss",3,11
4960,"galaxy formation epoch",3,11
4961,"earth orbit",2,11
4962,"mass accretion disk",3,11
4963,"oxygen abundances",2,11
4964,"new findings",2,11
4965,"seyfert galaxy ngc",3,11
4966,"pbar collisions",2,11
4967,"form factors nu",3,11
4968,"drell yan process",3,11
4969,"flavour physics",2,11
4970,"prompt photon",2,11
4971,"weak annihilation",2,11
4972,"vacuum stability",2,11
4973,"multi color",2,11
4974,"constituent quarks",2,11
4975,"solution generating",2,11
4976,"dynamical wilson",2,11
4977,"strong cp violation",3,11
4978,"gluon distribution",2,11
4979,"mixing matrix elements",3,11
4980,"annihilation products",2,11
4981,"unitarity constraints",2,11
4982,"phi4 model",2,11
4983,"multi colour",2,11
4984,"gluon exchange",2,11
4985,"rule calculation",2,11
4986,"parton shower",2,11
4987,"parton level",2,11
4988,"bubble wall",2,11
4989,"qualitative features",2,11
4990,"boson masses",2,11
4991,"generalized factorization",2,11
4992,"infrared renormalon",2,11
4993,"msbar scheme",2,11
4994,"transverse dimension",2,11
4995,"uncertainty relations",2,11
4996,"stat sys",2,11
4997,"impulse approximation",2,11
4998,"charge quantization",2,11
4999,"anomaly free",2,11
5000,"light cone wave function",4,11
5001,"fractional supersymmetry",2,11
5002,"matching condition",2,11
5003,"natural extensions",2,11
5004,"pairing mechanism",2,11
5005,"d3 brane",2,11
5006,"singularity problem",2,11
5007,"composite operators",2,11
5008,"extrinsic curvature",2,11
5009,"geometric phase space",3,11
5010,"central charges",2,11
5011,"first quantized",2,11
5012,"feynman diagram",2,11
5013,"chern simons term",3,11
5014,"regularization scheme",2,11
5015,"heat kernel coefficients",3,11
5016,"real space time",3,11
5017,"non perturbative expansion",3,11
5018,"anomalous scaling",2,11
5019,"maximally symmetric",2,11
5020,"gauss bonnet",2,11
5021,"chirally symmetric",2,11
5022,"flux tubes",2,11
5023,"helicity states",2,11
5024,"born infeld action",3,11
5025,"time ago",2,11
5026,"discrete version",2,11
5027,"super yang mills",3,11
5028,"theta term",2,11
5029,"collider tesla",2,11
5030,"fragmentation process",2,11
5031,"charged higgs boson",3,11
5032,"sin phi",2,11
5033,"two body charmless",3,11
5034,"parameter epsilon",2,11
5035,"deep inelastic scattering processes",4,11
5036,"lambda hyperons",2,11
5037,"fully reconstructed",2,11
5038,"gross neveu model",3,11
5039,"renormalization constants",2,11
5040,"overlap dirac operator",3,11
5041,"special choice",2,11
5042,"laplace transform",2,11
5043,"propagate through",2,11
5044,"light pulses",2,11
5045,"real world",2,11
5046,"neutral atomic",2,11
5047,"key feature",2,11
5048,"coordinate representation",2,11
5049,"homogeneous medium",2,11
5050,"measurable quantities",2,11
5051,"turbulent flows",2,11
5052,"defining relations",2,11
5053,"briefly mentioned",2,11
5054,"neutral kaon",2,11
5055,"fusion reactions",2,11
5056,"two body currents",3,11
5057,"peripheral collisions",2,11
5058,"neutrino spectra",2,11
5059,"unified approach",2,11
5060,"quantum memory",2,11
5061,"optical coherence",2,11
5062,"continuous variable teleportation",3,11
5063,"hilbert space time",3,11
5064,"two leg",2,11
5065,"trapped bose einstein condensates",4,11
5066,"superfluid helium",2,11
5067,"single crystalline",2,11
5068,"polycrystalline sample",2,11
5069,"fractional quantum hall",3,11
5070,"localized spins",2,11
5071,"oxygen atoms",2,11
5072,"doped cuprates",2,11
5073,"nature bf",2,11
5074,"unconventional superconductivity",2,11
5075,"ginzburg landau equation",3,11
5076,"magnetic field hc2",3,11
5077,"geometrical interpretation",2,11
5078,"magnetic impurities",2,11
5079,"functional relation",2,11
5080,"virial theorem",2,11
5081,"two dimensional lattices",3,11
5082,"control parameter",2,11
5083,"magnitude higher orders",3,11
5084,"flux quanta",2,11
5085,"bogoliubov de gennes equations",4,11
5086,"radial profile",2,11
5087,"period change",2,11
5088,"minimum value",2,11
5089,"well modelled",2,11
5090,"brightest sources",2,11
5091,"xte j1550-564",2,11
5092,"highly ionized",2,11
5093,"molecular hydrogen h2",3,11
5094,"infinite sequence",2,11
5095,"systems dlas",2,11
5096,"interacting massive",2,11
5097,"making predictions",2,11
5098,"multi tev",2,11
5099,"observable quantities",2,11
5100,"pulse duration",2,11
5101,"instability occurs",2,11
5102,"initial mass function",3,11
5103,"giant planets",2,11
5104,"draw conclusions",2,11
5105,"wz sge",2,11
5106,"lyman alpha",2,11
5107,"put constraints",2,11
5108,"angular power spectrum",3,11
5109,"red object",2,11
5110,"black hole masses",3,11
5111,"event horizons",2,11
5112,"doppler shift",2,11
5113,"relic neutrinos",2,11
5114,"mechanism producing",2,11
5115,"sunyaev zel dovich sz effect",5,11
5116,"algebraic curves",2,11
5117,"holomorphic map",2,11
5118,"two conjectures",2,11
5119,"batalin vilkovisky",2,11
5120,"ads space",2,11
5121,"de rham complex",3,11
5122,"hermitian matrices",2,11
5123,"schubert varieties",2,11
5124,"electron phonon coupling",3,11
5125,"surface density functional theory",4,11
5126,"density wave superconductor",3,11
5127,"lattice distortion",2,11
5128,"directed percolation",2,11
5129,"si quantum",2,11
5130,"ac susceptibility",2,11
5131,"equations governing",2,11
5132,"glassy state",2,11
5133,"brans dicke theory",3,11
5134,"exactly equal",2,11
5135,"black hole spacetimes",3,11
5136,"remain finite",2,11
5137,"curvature singularities",2,11
5138,"mathematical models",2,11
5139,"bottom quarks",2,11
5140,"pay special attention",3,11
5141,"higgs potential",2,11
5142,"quark stars",2,11
5143,"exclusive reactions",2,11
5144,"nonperturbative effect",2,11
5145,"scale jets",2,11
5146,"precision electroweak",2,11
5147,"factorization approach",2,11
5148,"diffractive dis",2,11
5149,"electroweak corrections",2,11
5150,"experimental accuracy",2,11
5151,"inclusive semileptonic decays",3,11
5152,"heavy leptons",2,11
5153,"tensor powers",2,11
5154,"phi4 field theory",3,11
5155,"diffraction data",2,11
5156,"inflaton field",2,11
5157,"active neutrinos",2,11
5158,"unification scale",2,11
5159,"electro weak",2,11
5160,"charm production",2,11
5161,"mass reconstruction",2,11
5162,"distributed according",2,11
5163,"nonlinear schr",2,11
5164,"fully nonlinear",2,11
5165,"neutral pions",2,11
5166,"vacuum expectation values",3,11
5167,"mass squared",2,11
5168,"brst operator",2,11
5169,"brane actions",2,11
5170,"functional integral",2,11
5171,"noncommutative gauge theories",3,11
5172,"trivial topology",2,11
5173,"wdvv equations",2,11
5174,"spallation neutron",2,11
5175,"spinor representation",2,11
5176,"dynamical wilson fermions",3,11
5177,"low lying eigenmodes",3,11
5178,"entanglement measures",2,11
5179,"electric field theory",3,11
5180,"logic gate",2,11
5181,"numerical investigations",2,11
5182,"fourier transformation",2,11
5183,"falicov kimball model",3,11
5184,"spin density wave",3,11
5185,"whole set",2,11
5186,"device applications",2,11
5187,"al science",2,11
5188,"cuo2 planes",2,11
5189,"simple analytical expression",3,11
5190,"power law continuum",3,11
5191,"dc resistivity",2,11
5192,"zero bias",2,11
5193,"effective temperature dependence",3,11
5194,"itinerant electron",2,11
5195,"coherent oscillations",2,11
5196,"tc decreases",2,11
5197,"hyperfine states",2,11
5198,"boltzmann gibbs",2,11
5199,"arbitrary degree",2,11
5200,"cosmic microwave background cmb data",5,11
5201,"intergalactic gas",2,11
5202,"systematic variation",2,11
5203,"elliptical galaxy",2,11
5204,"timing properties",2,11
5205,"turbulent motions",2,11
5206,"sky survey 2mass",3,11
5207,"abundance ratio",2,11
5208,"year after",2,11
5209,"hydrodynamic models",2,11
5210,"relative strengths",2,11
5211,"remnant snr",2,11
5212,"azimuthal angle",2,11
5213,"quiver varieties",2,11
5214,"gradient flow",2,11
5215,"double ring",2,11
5216,"glauber dynamics",2,11
5217,"infinite series",2,11
5218,"cantor set",2,11
5219,"error estimates",2,11
5220,"electric charges",2,11
5221,"precision tests",2,11
5222,"blow up",2,11
5223,"lambda hypernuclei",2,11
5224,"body forces",2,11
5225,"coset space",2,11
5226,"mean transverse",2,11
5227,"gaugino masses",2,11
5228,"higgs doublets",2,11
5229,"kaluza klein states",3,11
5230,"qcd factorization approach",3,11
5231,"trace anomaly",2,11
5232,"triplet higgs",2,11
5233,"sin beta",2,11
5234,"hard diffraction",2,11
5235,"current correlators",2,11
5236,"giant gravitons",2,11
5237,"bs mesons",2,11
5238,"two dimensional regularization",3,11
5239,"complete determination",2,11
5240,"bb84 protocol",2,11
5241,"approximation schemes",2,11
5242,"near optimal",2,11
5243,"perron frobenius",2,11
5244,"finite conductivity",2,11
5245,"natural language",2,11
5246,"event sample",2,11
5247,"pedagogical introduction",2,11
5248,"invariant polynomials",2,11
5249,"doping induced",2,11
5250,"bias voltage",2,11
5251,"system size scaling behavior",4,11
5252,"translationally invariant",2,11
5253,"low energy gap",3,11
5254,"gapless excitations",2,11
5255,"front dynamics",2,11
5256,"itself through",2,11
5257,"asymptotic formula",2,11
5258,"high energy distribution function",4,11
5259,"standard candles",2,11
5260,"rotating disk",2,11
5261,"angular power",2,11
5262,"hadron spectrum",2,11
5263,"galaxy types",2,11
5264,"spatial correlation",2,11
5265,"spacetimes admit",2,11
5266,"overlap fermions",2,11
5267,"enhancon mechanism",2,11
5268,"cold dark matter cdm",4,11
5269,"diffuse ionized",2,11
5270,"longer periods",2,11
5271,"proton induced",2,11
5272,"dalitz plot",2,11
5273,"ultraviolet divergences",2,11
5274,"supergravity multiplet",2,11
5275,"holographic duality",2,11
5276,"apparent contradiction",2,10
5277,"expectation value problem",3,10
5278,"simplified version",2,10
5279,"forbidden transitions",2,10
5280,"whole complex",2,10
5281,"resolving power",2,10
5282,"conversion efficiency",2,10
5283,"light intensities",2,10
5284,"intuitive approach",2,10
5285,"schroedinger operators",2,10
5286,"mechanical instability",2,10
5287,"vanishing vacuum",2,10
5288,"viscosity coefficient",2,10
5289,"static electric fields",3,10
5290,"cost function",2,10
5291,"optical cavities",2,10
5292,"time dependent part",3,10
5293,"pixel size",2,10
5294,"trade off",2,10
5295,"superposition principle",2,10
5296,"nontrivial dynamics",2,10
5297,"multiply connected",2,10
5298,"assisted tunneling",2,10
5299,"interlayer coupling",2,10
5300,"drag effect",2,10
5301,"bak sneppen model",3,10
5302,"double barrier",2,10
5303,"gaas algaas heterostructure",3,10
5304,"coupling strengths",2,10
5305,"excitonic states",2,10
5306,"length xi",2,10
5307,"nuclear magnetic resonance nmr",4,10
5308,"strain induced",2,10
5309,"hysteresis loop",2,10
5310,"total derivative",2,10
5311,"nearly isotropic",2,10
5312,"partially filled",2,10
5313,"external environment",2,10
5314,"stochastic volatility",2,10
5315,"scales linearly",2,10
5316,"mass ranges",2,10
5317,"film thickness",2,10
5318,"next linear",2,10
5319,"peierls instability",2,10
5320,"internal modes",2,10
5321,"edge excitations",2,10
5322,"unified picture",2,10
5323,"frequency domain",2,10
5324,"exponents nu",2,10
5325,"usual perturbative",2,10
5326,"glass transition temperature",3,10
5327,"planar interface",2,10
5328,"macroscopic quantities",2,10
5329,"approximation rpa",2,10
5330,"price fluctuations",2,10
5331,"plasma frequency",2,10
5332,"optical dipole",2,10
5333,"residual interaction",2,10
5334,"stripe formation",2,10
5335,"colossal magnetoresistive",2,10
5336,"disordered media",2,10
5337,"pairwise interaction",2,10
5338,"photoemission spectroscopy",2,10
5339,"high temperature expansions",3,10
5340,"lattice relaxation",2,10
5341,"pseudo random",2,10
5342,"basal plane",2,10
5343,"coexisting phases",2,10
5344,"glass phase",2,10
5345,"force extension",2,10
5346,"nonextensive statistical mechanics",3,10
5347,"solid solution",2,10
5348,"phenomenological applications",2,10
5349,"stochastic nature",2,10
5350,"twisted boundary conditions",3,10
5351,"quantitative information",2,10
5352,"soliton configurations",2,10
5353,"superfluid 3he",2,10
5354,"dipolar interactions",2,10
5355,"free energy range",3,10
5356,"triangular lattices",2,10
5357,"dilute bose einstein condensate",4,10
5358,"periodically driven",2,10
5359,"extinction values",2,10
5360,"characteristic length scale",3,10
5361,"interacting bose",2,10
5362,"aharonov bohm oscillations",3,10
5363,"space time dependent",3,10
5364,"lattice distortions",2,10
5365,"zero resistance",2,10
5366,"semi quantitative",2,10
5367,"lattice boltzmann",2,10
5368,"wess zumino",2,10
5369,"low lying excited states",4,10
5370,"relative ages",2,10
5371,"transformation law",2,10
5372,"horizon radius",2,10
5373,"einstein frame",2,10
5374,"expansive nondecelerative universe",3,10
5375,"binary black hole",3,10
5376,"topologically trivial",2,10
5377,"fine tuned",2,10
5378,"curvature perturbation",2,10
5379,"binary inspiral",2,10
5380,"dominant mode",2,10
5381,"highly relativistic",2,10
5382,"regularity conditions",2,10
5383,"remarkable property",2,10
5384,"gravitational field theories",3,10
5385,"dirac delta",2,10
5386,"driving forces",2,10
5387,"open sets",2,10
5388,"homotopy invariant",2,10
5389,"faithful representation",2,10
5390,"intersection cohomology",2,10
5391,"rational maps",2,10
5392,"precise formulation",2,10
5393,"cuntz algebra",2,10
5394,"homological algebra",2,10
5395,"mckay correspondence",2,10
5396,"topological complexity",2,10
5397,"highly connected",2,10
5398,"intersection numbers",2,10
5399,"cotangent bundle",2,10
5400,"triangular matrices",2,10
5401,"unit disk",2,10
5402,"fusion rules",2,10
5403,"polynomial approximation",2,10
5404,"vanishing theorem",2,10
5405,"principal series",2,10
5406,"globally coupled",2,10
5407,"orthonormal basis",2,10
5408,"reductive group",2,10
5409,"variational problems",2,10
5410,"non extremal",2,10
5411,"merger rate",2,10
5412,"expanding shells",2,10
5413,"bipolar outflows",2,10
5414,"entropic index",2,10
5415,"background qso",2,10
5416,"high velocity measurements",3,10
5417,"narrow line seyfert galaxies",4,10
5418,"few seconds",2,10
5419,"near infrared wavelengths",3,10
5420,"galactic chemical",2,10
5421,"orbits around",2,10
5422,"background anisotropy",2,10
5423,"cmb temperature",2,10
5424,"active galactic nuclei agns",4,10
5425,"loss rates",2,10
5426,"faint blue",2,10
5427,"near infrared background",3,10
5428,"optimal solution",2,10
5429,"heating source",2,10
5430,"flat connection",2,10
5431,"hydrodynamics code",2,10
5432,"weakly interacting massive particles",4,10
5433,"luminosity lx erg",3,10
5434,"perturbations generated",2,10
5435,"metallicity gradient",2,10
5436,"cygnus x-1",2,10
5437,"short wavelength",2,10
5438,"2df qso",2,10
5439,"luminous quasars",2,10
5440,"full sky",2,10
5441,"cosmological reionization",2,10
5442,"active galactic",2,10
5443,"nebula surrounding",2,10
5444,"mg fe",2,10
5445,"curvature perturbations",2,10
5446,"correlation coefficient",2,10
5447,"millisecond pulsar psr",3,10
5448,"gamma ray spectrum",3,10
5449,"magnetic field amplification",3,10
5450,"synchrotron photons",2,10
5451,"straightforward extension",2,10
5452,"double degenerate",2,10
5453,"primary particles",2,10
5454,"magnetic dipole",2,10
5455,"wide ranges",2,10
5456,"bright knots",2,10
5457,"unique probe",2,10
5458,"pre main sequence stars",4,10
5459,"total integrated",2,10
5460,"sub gap",2,10
5461,"intensity variations",2,10
5462,"starburst galaxy ngc",3,10
5463,"confidence limits",2,10
5464,"null result",2,10
5465,"high energy cosmic ray",4,10
5466,"classical novae",2,10
5467,"galactic scales",2,10
5468,"like ions",2,10
5469,"arrival direction",2,10
5470,"hubble constant h0",3,10
5471,"source populations",2,10
5472,"extra solar planets",3,10
5473,"evolutionary status",2,10
5474,"extragalactic radio source",3,10
5475,"cluster surveys",2,10
5476,"main conclusions",2,10
5477,"adaptive optics ao",3,10
5478,"distant clusters",2,10
5479,"post shock",2,10
5480,"mass determinations",2,10
5481,"horizon problem",2,10
5482,"millimeter array",2,10
5483,"progenitor models",2,10
5484,"early type stars",3,10
5485,"cold dense",2,10
5486,"strong winds",2,10
5487,"wind nebula",2,10
5488,"crab nebula",2,10
5489,"imaging atmospheric cherenkov telescopes",4,10
5490,"spectral fits",2,10
5491,"mean metallicity",2,10
5492,"helium abundance",2,10
5493,"lepton numbers",2,10
5494,"empirical relation",2,10
5495,"rgb stars",2,10
5496,"particle accelerator",2,10
5497,"primary cosmic rays",3,10
5498,"distance moduli",2,10
5499,"large magellanic clouds",3,10
5500,"galaxy mergers",2,10
5501,"reasons why",2,10
5502,"multi jet",2,10
5503,"solar planets",2,10
5504,"fractal structure",2,10
5505,"detailed investigations",2,10
5506,"common user",2,10
5507,"star formation activity",3,10
5508,"helium core",2,10
5509,"temperature kt kev",3,10
5510,"extended envelope",2,10
5511,"gut models",2,10
5512,"rapidity gaps",2,10
5513,"kaon physics",2,10
5514,"constrained minimal",2,10
5515,"straight line",2,10
5516,"hard exclusive",2,10
5517,"factorization theorem",2,10
5518,"gluon density",2,10
5519,"rg equations",2,10
5520,"sigma meson",2,10
5521,"cms detector",2,10
5522,"gauge coupling constant",3,10
5523,"electron positron annihilation",3,10
5524,"strongly modified",2,10
5525,"regge trajectories",2,10
5526,"color glass condensate",3,10
5527,"physics responsible",2,10
5528,"relativistic heavy quark",3,10
5529,"two loop integrals",3,10
5530,"almost degenerate",2,10
5531,"atmospheric neutrino mixing",3,10
5532,"gell mann",2,10
5533,"baryonic matter",2,10
5534,"lepton flavor violation",3,10
5535,"kinematical region",2,10
5536,"susy gut models",3,10
5537,"nonlinear sigma",2,10
5538,"soft gluon",2,10
5539,"fundamental issue",2,10
5540,"strong candidate",2,10
5541,"selection rule",2,10
5542,"phenomenological approaches",2,10
5543,"massless fermions",2,10
5544,"generalized gradient approximation",3,10
5545,"entropy ratio",2,10
5546,"parameter space time",3,10
5547,"planck equation",2,10
5548,"zero angular momentum",3,10
5549,"electroweak radiative",2,10
5550,"elementary introduction",2,10
5551,"helicity amplitudes",2,10
5552,"relative positions",2,10
5553,"penguin operators",2,10
5554,"fraction expansion",2,10
5555,"inverse powers",2,10
5556,"complete measurement",2,10
5557,"abelian projection",2,10
5558,"astrophysical applications",2,10
5559,"resolved photon",2,10
5560,"new parametrization",2,10
5561,"maximal mixing",2,10
5562,"next linear colliders",3,10
5563,"quadratic approximation",2,10
5564,"space filling",2,10
5565,"warp factor",2,10
5566,"longitudinal part",2,10
5567,"bilinear form",2,10
5568,"effective actions",2,10
5569,"five dimensional spacetime",3,10
5570,"light cone quantization",3,10
5571,"stringent bounds",2,10
5572,"confining strings",2,10
5573,"projective spaces",2,10
5574,"intersecting branes",2,10
5575,"flag manifold",2,10
5576,"particle irreducible",2,10
5577,"intermediate resolution",2,10
5578,"deficit angle",2,10
5579,"non commutative case",3,10
5580,"surface stress",2,10
5581,"spacetime dimensions",2,10
5582,"taub nut",2,10
5583,"cft correspondence",2,10
5584,"end distance",2,10
5585,"lattice discretization",2,10
5586,"yang mills equations",3,10
5587,"mass deformed",2,10
5588,"lattice gauge field",3,10
5589,"nontrivial topology",2,10
5590,"su wzw model",3,10
5591,"wilson loops",2,10
5592,"object oriented",2,10
5593,"protein structures",2,10
5594,"evolutionary history",2,10
5595,"maximum degree",2,10
5596,"planar graphs",2,10
5597,"information concerning",2,10
5598,"polarization asymmetries",2,10
5599,"pi0 eta",2,10
5600,"pixel detector",2,10
5601,"vertex detector",2,10
5602,"electron positron collider",3,10
5603,"hadronic final states",3,10
5604,"million hadronic",2,10
5605,"domain wall fermion",3,10
5606,"dependent part",2,10
5607,"organic molecules",2,10
5608,"cavity mode",2,10
5609,"limit cycles",2,10
5610,"chemical reactions",2,10
5611,"structural studies",2,10
5612,"continuous wave",2,10
5613,"harmonic generation",2,10
5614,"indefinite metric",2,10
5615,"hopf bifurcation",2,10
5616,"basis vectors",2,10
5617,"monodromy matrix",2,10
5618,"decoherence rate",2,10
5619,"toda chain",2,10
5620,"korteweg de vries",3,10
5621,"underlying manifold",2,10
5622,"largest lyapunov exponent",3,10
5623,"topological entropy",2,10
5624,"difference operators",2,10
5625,"directed flow",2,10
5626,"beam energies",2,10
5627,"large acceptance",2,10
5628,"spherical nuclei",2,10
5629,"proton deuteron",2,10
5630,"strange particle",2,10
5631,"yield information",2,10
5632,"dense nuclear matter",3,10
5633,"baryon chiral perturbation theory",4,10
5634,"polarization observables",2,10
5635,"excellent description",2,10
5636,"fermionic atoms",2,10
5637,"relativistic mean field theory",4,10
5638,"off shell model",3,10
5639,"iii lambda",2,10
5640,"bayesian inference",2,10
5641,"quantum computers",2,10
5642,"parametric oscillator",2,10
5643,"physics literature",2,10
5644,"long time ago",3,10
5645,"lorentz covariance",2,10
5646,"relative orientation",2,10
5647,"below tc superconductors",3,10
5648,"non additive",2,10
5649,"superconductor junctions",2,10
5650,"ex situ",2,10
5651,"photonic crystals",2,10
5652,"coulomb blockade regime",3,10
5653,"saddle points",2,10
5654,"thermodynamic relations",2,10
5655,"weakly disordered",2,10
5656,"lorentz force",2,10
5657,"intrinsic angular momentum",3,10
5658,"quantum wire",2,10
5659,"dilute bose gas",3,10
5660,"whole sample",2,10
5661,"1-x sr",2,10
5662,"information theoretic",2,10
5663,"energy distribution function",3,10
5664,"turning points",2,10
5665,"magnetotransport measurements",2,10
5666,"circuit model",2,10
5667,"step like",2,10
5668,"heat conduction",2,10
5669,"straight lines",2,10
5670,"level repulsion",2,10
5671,"scanning tunneling spectroscopy",3,10
5672,"classical limit hbar",3,10
5673,"arpes data",2,10
5674,"peculiar feature",2,10
5675,"dimensional electron gas",3,10
5676,"photographic plates",2,10
5677,"dense stellar",2,10
5678,"galactic globular clusters",3,10
5679,"data processing",2,10
5680,"telescope vlt",2,10
5681,"cluster environments",2,10
5682,"water vapor",2,10
5683,"hole pair",2,10
5684,"initial densities",2,10
5685,"clusters embedded",2,10
5686,"size distribution function",3,10
5687,"high velocity clouds",3,10
5688,"galactic extinction",2,10
5689,"momentum conservation",2,10
5690,"outer region",2,10
5691,"detached eclipsing binaries",3,10
5692,"strongly constrained",2,10
5693,"non axisymmetric",2,10
5694,"single dish",2,10
5695,"isolated neutron star",3,10
5696,"mass accretion rate",3,10
5697,"lambda cdm model",3,10
5698,"bipolar outflow",2,10
5699,"morphological features",2,10
5700,"substantially higher",2,10
5701,"hz qpo",2,10
5702,"surface brightness profiles",3,10
5703,"complex networks",2,10
5704,"hubble space telescope hst",4,10
5705,"polarimetric observations",2,10
5706,"myr old",2,10
5707,"hardness ratios",2,10
5708,"now under",2,10
5709,"thermally unstable",2,10
5710,"ir imaging",2,10
5711,"diffuse gamma ray emission",4,10
5712,"helium burning",2,10
5713,"gyration radius",2,10
5714,"heavy flavor",2,10
5715,"acoustic oscillations",2,10
5716,"composite spectrum",2,10
5717,"uniform density",2,10
5718,"carbon oxygen",2,10
5719,"iron abundance",2,10
5720,"primordial gas",2,10
5721,"characteristic classes",2,10
5722,"natural choice",2,10
5723,"negative curvature",2,10
5724,"knot invariants",2,10
5725,"exponential convergence",2,10
5726,"algebraic sets",2,10
5727,"coupled map",2,10
5728,"poisson structures",2,10
5729,"updated version",2,10
5730,"homogeneous magnetic field",3,10
5731,"essentially independent",2,10
5732,"parameter ranges",2,10
5733,"ferromagnetic semiconductor",2,10
5734,"generalized gradient",2,10
5735,"processes involved",2,10
5736,"under control system",3,10
5737,"first passage",2,10
5738,"mgb2 wires",2,10
5739,"tetragonal symmetry",2,10
5740,"striking result",2,10
5741,"universal scaling behavior",3,10
5742,"upper critical temperature dependence",4,10
5743,"bayesian approach",2,10
5744,"conformal factor",2,10
5745,"euler lagrange",2,10
5746,"kerr black hole",3,10
5747,"observer independent",2,10
5748,"type quarks",2,10
5749,"feynman integrals",2,10
5750,"momentum spectra",2,10
5751,"parton densities",2,10
5752,"heavy quarkonium",2,10
5753,"effective lagrangian approach",3,10
5754,"neutrino mixing angles",3,10
5755,"monte carlo program",3,10
5756,"sigma confidence level",3,10
5757,"scaling violations",2,10
5758,"bnl measurement",2,10
5759,"mixing angle theta",3,10
5760,"vector dominance",2,10
5761,"sparticle masses",2,10
5762,"flavor symmetry",2,10
5763,"minkowski vacuum",2,10
5764,"lattice qcd vacuum",3,10
5765,"ckm phase",2,10
5766,"chiral extrapolation",2,10
5767,"compactification radius",2,10
5768,"landau equation",2,10
5769,"ghost propagators",2,10
5770,"field strengths",2,10
5771,"experimentally observable",2,10
5772,"hard wall",2,10
5773,"inertial range",2,10
5774,"kink antikink",2,10
5775,"large extent",2,10
5776,"repulsive force",2,10
5777,"stringent constraints",2,10
5778,"dyson equation",2,10
5779,"bianchi identities",2,10
5780,"topologically massive",2,10
5781,"renormalization theorem",2,10
5782,"lattice regularization",2,10
5783,"spontaneous symmetry",2,10
5784,"elliptic genus",2,10
5785,"type iib supergravity",3,10
5786,"metric affine",2,10
5787,"scaling limits",2,10
5788,"knizhnik zamolodchikov",2,10
5789,"type iib supergravity solution",4,10
5790,"configuration space time",3,10
5791,"wznw model",2,10
5792,"low energy scales",3,10
5793,"external momenta",2,10
5794,"flavour singlet",2,10
5795,"quark propagator",2,10
5796,"local hidden variables",3,10
5797,"amino acids",2,10
5798,"interacting spins",2,10
5799,"total variation",2,10
5800,"suitably chosen",2,10
5801,"longitudinal structure",2,10
5802,"fermi surfaces",2,10
5803,"exchange correlation",2,10
5804,"classical trajectory",2,10
5805,"low mobility",2,10
5806,"two dimensional xy model",4,10
5807,"electrostatic interaction",2,10
5808,"modulation doped",2,10
5809,"three dimensional ising model",4,10
5810,"thermoelectric power",2,10
5811,"boson peak",2,10
5812,"2d ising model",3,10
5813,"average position",2,10
5814,"nearly linear",2,10
5815,"point defects",2,10
5816,"superconducting transition temperature tc",4,10
5817,"low energy distribution",3,10
5818,"type antiferromagnetic",2,10
5819,"theory fails",2,10
5820,"fully self consistent",3,10
5821,"detailed numerical",2,10
5822,"sin pi",2,10
5823,"zone center",2,10
5824,"brownian dynamics",2,10
5825,"empirical values",2,10
5826,"spin polarized transport",3,10
5827,"pauli blocking",2,10
5828,"star forming region",3,10
5829,"narrow line seyfert galaxy",4,10
5830,"dwarf irregular",2,10
5831,"optical fibers",2,10
5832,"interferometric observations",2,10
5833,"metallicity distribution",2,10
5834,"new detections",2,10
5835,"dwarf companion",2,10
5836,"ly alpha forest",3,10
5837,"dust grains",2,10
5838,"two sides",2,10
5839,"proportional counter array",3,10
5840,"heavy element",2,10
5841,"hydrodynamic simulation",2,10
5842,"kac moody algebra",3,10
5843,"simple lie group",3,10
5844,"symmetric polynomials",2,10
5845,"complex valued",2,10
5846,"spherical harmonics",2,10
5847,"group sn",2,10
5848,"physical situations",2,10
5849,"test body",2,10
5850,"hyperon nucleon",2,10
5851,"four nucleon",2,10
5852,"medium modification",2,10
5853,"multi layer",2,10
5854,"parabolic equations",2,10
5855,"nonlinear schroedinger equation",3,10
5856,"ill posed",2,10
5857,"stable fixed point",3,10
5858,"majorana neutrinos",2,10
5859,"existing experimental",2,10
5860,"quark fragmentation",2,10
5861,"exponential factor",2,10
5862,"minimum bias",2,10
5863,"spontaneously broken global",3,10
5864,"sheds light",2,10
5865,"information loss",2,10
5866,"poincare invariance",2,10
5867,"refraction index",2,10
5868,"gribov copies",2,10
5869,"sufficient criterion",2,10
5870,"grows exponentially",2,10
5871,"computational resources",2,10
5872,"fundamental laws",2,10
5873,"three active",2,10
5874,"highly degenerate",2,10
5875,"linear subspaces",2,10
5876,"complex projective spaces",3,10
5877,"computational framework",2,10
5878,"clifford algebra",2,10
5879,"two variants",2,10
5880,"resonance force",2,10
5881,"bose einstein condensates confined",4,10
5882,"radial expansion",2,10
5883,"preliminary combined",2,10
5884,"cross product",2,10
5885,"discretization errors",2,10
5886,"calogero moser",2,10
5887,"tau functions",2,10
5888,"presently available",2,10
5889,"weak equivalence",2,10
5890,"density matrix renormalization group",4,10
5891,"correction factor",2,10
5892,"model possesses",2,10
5893,"spin glass transition temperature",4,10
5894,"filling factors nu",3,10
5895,"coulomb drag",2,10
5896,"energy landscape",2,10
5897,"detailed balance",2,10
5898,"ferromagnetic films",2,10
5899,"conductance peaks",2,10
5900,"af algebras",2,10
5901,"monoidal categories",2,10
5902,"trigger system",2,10
5903,"hb morphology",2,10
5904,"hubble diagram",2,10
5905,"outer shell",2,10
5906,"elemental abundances",2,10
5907,"damped lyman",2,10
5908,"low mass fraction",3,10
5909,"quasi periodic oscillations qpos",4,10
5910,"line indices",2,10
5911,"wavelet analysis",2,10
5912,"modern cosmology",2,10
5913,"search techniques",2,10
5914,"ultra high energy cosmic rays",5,10
5915,"strongly constrain",2,10
5916,"spectral energy distribution",3,10
5917,"charged pions",2,10
5918,"long baseline neutrino oscillation",4,10
5919,"hadron duality",2,10
5920,"muon anomalous",2,10
5921,"kt algorithm",2,10
5922,"neutral pion",2,10
5923,"kaon nucleon",2,10
5924,"ginsparg wilson",2,10
5925,"two flavours",2,10
5926,"flavour violating",2,10
5927,"large mixing matrix",3,10
5928,"destructive interference",2,9
5929,"path integration",2,9
5930,"optical pumping",2,9
5931,"nonlocal correlations",2,9
5932,"coupled qubits",2,9
5933,"multipartite quantum",2,9
5934,"trapped ion trap",3,9
5935,"logic gates",2,9
5936,"state tomography",2,9
5937,"transient regime",2,9
5938,"spin squeezing",2,9
5939,"semi classical limit",3,9
5940,"noisy channel",2,9
5941,"physically reasonable",2,9
5942,"lifshitz formula",2,9
5943,"photon counting",2,9
5944,"rotationally invariant",2,9
5945,"mathematical formalism",2,9
5946,"time dilation",2,9
5947,"quantum monte carlo calculations",4,9
5948,"fat tails",2,9
5949,"financial crashes",2,9
5950,"charge fluctuation",2,9
5951,"random phase approximation rpa",4,9
5952,"screened coulomb interaction",3,9
5953,"intense laser",2,9
5954,"external bias",2,9
5955,"magnetic trap",2,9
5956,"dynamically unstable",2,9
5957,"heisenberg antiferromagnet",2,9
5958,"low temperature tc",3,9
5959,"theoretical arguments",2,9
5960,"condensation occurs",2,9
5961,"photoluminescence spectra",2,9
5962,"cyclotron resonance",2,9
5963,"total reflection",2,9
5964,"inherent structure",2,9
5965,"sub critical",2,9
5966,"scanning tunneling microscopy",3,9
5967,"ga 1-x",2,9
5968,"josephson vortices",2,9
5969,"line broadening",2,9
5970,"spin density functional theory",4,9
5971,"density wave superconductivity",3,9
5972,"bulk modulus",2,9
5973,"intuitive picture",2,9
5974,"specific heat capacity",3,9
5975,"whole class",2,9
5976,"mass fragments",2,9
5977,"decision making",2,9
5978,"lateral confinement",2,9
5979,"fisher information",2,9
5980,"simplifying assumptions",2,9
5981,"monte carlo mc",3,9
5982,"renormalization group rg",3,9
5983,"3d ising models",3,9
5984,"stationary regime",2,9
5985,"frustrated magnets",2,9
5986,"near maximal",2,9
5987,"result agrees well",3,9
5988,"jordan wigner",2,9
5989,"nearly independent",2,9
5990,"dephasing time",2,9
5991,"shubnikov de haas oscillations",4,9
5992,"pseudogap phase",2,9
5993,"lattice melting",2,9
5994,"condensed gases",2,9
5995,"non perturbative nature",3,9
5996,"equilibrium thermodynamics",2,9
5997,"uncorrelated noise",2,9
5998,"emerges naturally",2,9
5999,"numerical renormalization",2,9
6000,"multi wall carbon nanotubes",4,9
6001,"1d lattices",2,9
6002,"af order",2,9
6003,"kagome lattice",2,9
6004,"conductance distribution",2,9
6005,"ensemble averaging",2,9
6006,"resonant steps",2,9
6007,"doping concentration",2,9
6008,"site percolation",2,9
6009,"gravitationally bound",2,9
6010,"salt concentration",2,9
6011,"wigner representation",2,9
6012,"scaling arguments",2,9
6013,"rough surfaces",2,9
6014,"event driven",2,9
6015,"orbital magnetism",2,9
6016,"spanning trees",2,9
6017,"calogero model",2,9
6018,"kosterlitz thouless type",3,9
6019,"doubly degenerate",2,9
6020,"transfer calculations",2,9
6021,"site repulsion",2,9
6022,"itinerant electrons",2,9
6023,"rayleigh scattering",2,9
6024,"self assembly",2,9
6025,"external electromagnetic fields",3,9
6026,"percolation theory",2,9
6027,"liquid films",2,9
6028,"half maximum",2,9
6029,"multifractal properties",2,9
6030,"stripe phases",2,9
6031,"colloidal systems",2,9
6032,"external magnetic field theory",4,9
6033,"band splitting",2,9
6034,"average action",2,9
6035,"dimensional hubbard model",3,9
6036,"persistent currents",2,9
6037,"adsorption sites",2,9
6038,"briefly summarized",2,9
6039,"drift velocity",2,9
6040,"de gennes",2,9
6041,"spin orbit coupling",3,9
6042,"particles move",2,9
6043,"inertial frame",2,9
6044,"geometric property",2,9
6045,"rotating black holes",3,9
6046,"internal spaces",2,9
6047,"divergent part",2,9
6048,"nambu goto",2,9
6049,"higher dimensional spacetime",3,9
6050,"spatial coordinate",2,9
6051,"purely gravitational",2,9
6052,"null hypothesis",2,9
6053,"gravitating systems",2,9
6054,"irreducible unitary representations",3,9
6055,"creation process",2,9
6056,"schur algebras",2,9
6057,"quadratic forms",2,9
6058,"universal cover",2,9
6059,"terminal singularities",2,9
6060,"math ann",2,9
6061,"connected planar",2,9
6062,"first eigenvalue",2,9
6063,"fourier transforms",2,9
6064,"soft equation",2,9
6065,"vertex operator algebras",3,9
6066,"homology class",2,9
6067,"free resolutions",2,9
6068,"coordinate ring",2,9
6069,"unified treatment",2,9
6070,"natural assumptions",2,9
6071,"young tableaux",2,9
6072,"conformal blocks",2,9
6073,"stable rank",2,9
6074,"invariant subspaces",2,9
6075,"holomorphic function",2,9
6076,"differential geometric",2,9
6077,"brst cohomology",2,9
6078,"compact subgroup",2,9
6079,"linear realization",2,9
6080,"cup product",2,9
6081,"unit circle",2,9
6082,"liner galaxies",2,9
6083,"short wavelengths",2,9
6084,"transiting planet",2,9
6085,"radio lobe",2,9
6086,"warm absorber",2,9
6087,"map making",2,9
6088,"dust content",2,9
6089,"anglo australian",2,9
6090,"collimated outflow",2,9
6091,"asca gis",2,9
6092,"parent stars",2,9
6093,"local interstellar",2,9
6094,"dust obscured",2,9
6095,"ergs cm",2,9
6096,"high latitude",2,9
6097,"ob associations",2,9
6098,"radio luminosities",2,9
6099,"northern sky survey",3,9
6100,"atomic hydrogen",2,9
6101,"angular momentum distribution",3,9
6102,"cooling time",2,9
6103,"enhanced star",2,9
6104,"sigma error",2,9
6105,"characteristic numbers",2,9
6106,"shock velocities",2,9
6107,"central kiloparsec",2,9
6108,"accreting matter",2,9
6109,"dark energy cosmic",3,9
6110,"galaxy formation rate",3,9
6111,"reduction techniques",2,9
6112,"image processing",2,9
6113,"photon index",2,9
6114,"h2 emission lines",3,9
6115,"radiation transfer",2,9
6116,"merger events",2,9
6117,"area covered",2,9
6118,"flux densities",2,9
6119,"galactocentric distance",2,9
6120,"clusters containing",2,9
6121,"geometrically thin",2,9
6122,"cmb polarization",2,9
6123,"level populations",2,9
6124,"ionization state",2,9
6125,"he like",2,9
6126,"space velocities",2,9
6127,"radial velocity measurements",3,9
6128,"ks band",2,9
6129,"simple shear",2,9
6130,"hubble deep",2,9
6131,"hdf north",2,9
6132,"planck satellite",2,9
6133,"structural features",2,9
6134,"colour magnitude",2,9
6135,"strong reduction",2,9
6136,"baryon number density",3,9
6137,"cherenkov light",2,9
6138,"higher redshifts",2,9
6139,"below kev",2,9
6140,"ray flares",2,9
6141,"navier stokes equation",3,9
6142,"spectroscopic binaries",2,9
6143,"extrasolar planets",2,9
6144,"blue shifted",2,9
6145,"emitting regions",2,9
6146,"lower metallicity",2,9
6147,"within arcmin",2,9
6148,"magnitude difference",2,9
6149,"giant resonances",2,9
6150,"outer planet",2,9
6151,"per baryon",2,9
6152,"singlet higgs",2,9
6153,"red clump",2,9
6154,"reionization epoch",2,9
6155,"per pixel",2,9
6156,"ray binary pulsar",3,9
6157,"timing explorer rxte",3,9
6158,"mirror matter",2,9
6159,"faint object",2,9
6160,"local density fluctuations",3,9
6161,"ly alpha absorbers",3,9
6162,"xte j1118+480",2,9
6163,"orbital elements",2,9
6164,"vs fe",2,9
6165,"hri observations",2,9
6166,"abundance pattern",2,9
6167,"continuous monitoring",2,9
6168,"rxte asm",2,9
6169,"type dwarfs",2,9
6170,"normal galaxies",2,9
6171,"luminosity relations",2,9
6172,"soft gamma ray bursts",4,9
6173,"fast rotating",2,9
6174,"hubble deep field hdf north",5,9
6175,"low mass companions",3,9
6176,"two colliding",2,9
6177,"higher frequencies",2,9
6178,"galaxy pair",2,9
6179,"physical constants",2,9
6180,"degree distributions",2,9
6181,"spectral type stars",3,9
6182,"distant quasars",2,9
6183,"rotating magnetized",2,9
6184,"strongly variable",2,9
6185,"spatially flat universe",3,9
6186,"unexpected result",2,9
6187,"ionized component",2,9
6188,"solar type stars",3,9
6189,"egret observations",2,9
6190,"kpc scale",2,9
6191,"collision induced",2,9
6192,"water ice",2,9
6193,"type ia supernovae sne",4,9
6194,"disk like",2,9
6195,"conference summary",2,9
6196,"continuously varying",2,9
6197,"multiparticle production",2,9
6198,"elementary particle physics",3,9
6199,"arkani hamed",2,9
6200,"phenomenological consequences",2,9
6201,"current conservation",2,9
6202,"drell yan processes",3,9
6203,"nc limit",2,9
6204,"bar nu ell",3,9
6205,"quark pair production",3,9
6206,"self organized criticality soc",4,9
6207,"squark sector",2,9
6208,"preferred over",2,9
6209,"dyson schwinger equation",3,9
6210,"massive kaluza klein",3,9
6211,"ultrarelativistic heavy ion",3,9
6212,"supersymmetric standard",2,9
6213,"glueball mass",2,9
6214,"computational point",2,9
6215,"bethe salpeter approach",3,9
6216,"nielsen olesen",2,9
6217,"qcd fits",2,9
6218,"dilepton events",2,9
6219,"three jet events",3,9
6220,"rho omega pi",3,9
6221,"nonleptonic decays",2,9
6222,"light cone wave functions",4,9
6223,"cumulative distribution",2,9
6224,"ring like",2,9
6225,"impact parameter space",3,9
6226,"next step",2,9
6227,"mhd equations",2,9
6228,"hubble expansion",2,9
6229,"parallel plates",2,9
6230,"broad peak",2,9
6231,"soft supersymmetry",2,9
6232,"scalar condensate",2,9
6233,"relativistic hydrodynamics",2,9
6234,"cern lhc",2,9
6235,"4f gamma",2,9
6236,"off nucleons",2,9
6237,"al cite",2,9
6238,"diquark condensates",2,9
6239,"physical requirements",2,9
6240,"effective hamiltonians",2,9
6241,"radiatively generated",2,9
6242,"al hep",2,9
6243,"green schwarz",2,9
6244,"self adjoint extensions",3,9
6245,"filling fraction",2,9
6246,"noncommutativity parameter",2,9
6247,"self couplings",2,9
6248,"fractional d3-branes",2,9
6249,"superconformal symmetry",2,9
6250,"perpendicular magnetic",2,9
6251,"tensor multiplet",2,9
6252,"interaction vertices",2,9
6253,"rg flows",2,9
6254,"brst symmetries",2,9
6255,"complete list",2,9
6256,"matter multiplets",2,9
6257,"rigorous definition",2,9
6258,"supersymmetric discrete",2,9
6259,"coefficients being",2,9
6260,"string theory compactified",3,9
6261,"four dimensional supergravity",3,9
6262,"relativistic extension",2,9
6263,"classical electrodynamics",2,9
6264,"z2 orbifold",2,9
6265,"massless scalar field theory",4,9
6266,"function diverges",2,9
6267,"hamilton jacobi equation",3,9
6268,"unbroken supersymmetry",2,9
6269,"detailed construction",2,9
6270,"bogomol nyi",2,9
6271,"noncommutative yang mills theory",4,9
6272,"ten dimensions",2,9
6273,"electric flux",2,9
6274,"degenerate vacua",2,9
6275,"direct link",2,9
6276,"super yang mills theories",4,9
6277,"bayesian framework",2,9
6278,"eta invariant",2,9
6279,"bipartite mixed",2,9
6280,"power suppressed",2,9
6281,"semi leptonic",2,9
6282,"liquid scintillator",2,9
6283,"target mass",2,9
6284,"sufficient accuracy",2,9
6285,"pion pole",2,9
6286,"polyakov loop",2,9
6287,"radiatively induced",2,9
6288,"continuum hypothesis",2,9
6289,"non linearity",2,9
6290,"linking number",2,9
6291,"significance level",2,9
6292,"microscopic origin",2,9
6293,"binary sequences",2,9
6294,"curvature radius",2,9
6295,"anomalously small",2,9
6296,"experimental situation",2,9
6297,"theoretical considerations",2,9
6298,"plasma physics",2,9
6299,"riemann zeta",2,9
6300,"integrability condition",2,9
6301,"action angle variables",3,9
6302,"outer radius",2,9
6303,"neutron halo nuclei",3,9
6304,"many body problem",3,9
6305,"peripheral nuclear collisions",3,9
6306,"meson exchange interactions",3,9
6307,"isospin dependence",2,9
6308,"nonrelativistic limit",2,9
6309,"gamma simeq",2,9
6310,"three body forces",3,9
6311,"dipole strength",2,9
6312,"teleportation protocol",2,9
6313,"ground state hyperfine",3,9
6314,"ghz state",2,9
6315,"positive correlation",2,9
6316,"maximal violation",2,9
6317,"statistical tests",2,9
6318,"optical devices",2,9
6319,"boundary value problem",3,9
6320,"resonant tunneling",2,9
6321,"simple mathematical",2,9
6322,"ultra cold",2,9
6323,"highly excited states",3,9
6324,"relative entropy",2,9
6325,"summation over",2,9
6326,"rotational symmetry",2,9
6327,"plastic deformation",2,9
6328,"against thermal",2,9
6329,"la ca",2,9
6330,"thin films deposited",3,9
6331,"slightly negative",2,9
6332,"dielectric response",2,9
6333,"polymer films",2,9
6334,"nonlinear crystal",2,9
6335,"charge degrees",2,9
6336,"tunneling process",2,9
6337,"line nodes",2,9
6338,"ordered phase",2,9
6339,"qualitative behavior",2,9
6340,"static electric field",3,9
6341,"systematically higher",2,9
6342,"dynamic exponent",2,9
6343,"quasi static",2,9
6344,"geometrical parameters",2,9
6345,"bit string",2,9
6346,"strong damping",2,9
6347,"van hove singularity",3,9
6348,"hubbard models",2,9
6349,"bias parameter",2,9
6350,"sp 2n",2,9
6351,"angle resolved photoemission spectroscopy",4,9
6352,"fully frustrated",2,9
6353,"electronic transport properties",3,9
6354,"xxz spin chain",3,9
6355,"semiconductor quantum wells",3,9
6356,"residual interactions",2,9
6357,"pi bands",2,9
6358,"range hopping",2,9
6359,"shift vector",2,9
6360,"electronic states dos",3,9
6361,"soft core",2,9
6362,"microlensing optical",2,9
6363,"splitting coefficients",2,9
6364,"project aimed",2,9
6365,"multi epoch",2,9
6366,"fall within",2,9
6367,"photon imaging",2,9
6368,"eddington luminosity",2,9
6369,"agn activity",2,9
6370,"gamma ray spectra",3,9
6371,"micron flux",2,9
6372,"minimum age",2,9
6373,"hi content",2,9
6374,"selected regions",2,9
6375,"electro magnetic",2,9
6376,"dwarf nova outbursts",3,9
6377,"hubble time",2,9
6378,"archival rosat",2,9
6379,"right ascension",2,9
6380,"relativistic jets",2,9
6381,"ray binary system",3,9
6382,"type ia",2,9
6383,"distance scale",2,9
6384,"nicmos images",2,9
6385,"array vla",2,9
6386,"primary fields",2,9
6387,"fainter galaxies",2,9
6388,"age difference",2,9
6389,"periodic variations",2,9
6390,"spatial distribution function",3,9
6391,"radio source 3eg",3,9
6392,"big bang cosmology",3,9
6393,"sunyaev zel dovich",3,9
6394,"differ substantially",2,9
6395,"dust temperature",2,9
6396,"small magellanic cloud smc",4,9
6397,"stellar mass function",3,9
6398,"hii galaxies",2,9
6399,"al si",2,9
6400,"first overtone",2,9
6401,"ram pressure",2,9
6402,"pointing observations",2,9
6403,"la silla",2,9
6404,"photometric catalogue",2,9
6405,"north east",2,9
6406,"few kpc",2,9
6407,"long time delay",3,9
6408,"faint end",2,9
6409,"continuum images",2,9
6410,"nucleus agn",2,9
6411,"fluid layer",2,9
6412,"sunyaev zel dovich effect",4,9
6413,"sub millimeter",2,9
6414,"super star",2,9
6415,"rs cvn",2,9
6416,"hydrogen burning",2,9
6417,"hot spots",2,9
6418,"selection bias",2,9
6419,"low cost",2,9
6420,"triple system",2,9
6421,"source catalogue",2,9
6422,"ultra high energy cosmic rays uhecr",6,9
6423,"compact connected lie group",4,9
6424,"superconformal algebra",2,9
6425,"totally geodesic",2,9
6426,"square integrable",2,9
6427,"simplicial set",2,9
6428,"combinatorial identities",2,9
6429,"holomorphic curves",2,9
6430,"natural images",2,9
6431,"poisson manifolds",2,9
6432,"sums over",2,9
6433,"weighted sum",2,9
6434,"data collection",2,9
6435,"strongly connected",2,9
6436,"relative cohomology",2,9
6437,"banach space",2,9
6438,"kadomtsev petviashvili",2,9
6439,"exponent theta",2,9
6440,"ice model",2,9
6441,"world networks",2,9
6442,"pinning effect",2,9
6443,"curie temperature",2,9
6444,"elastic constants",2,9
6445,"insulator transition",2,9
6446,"defect formation",2,9
6447,"locally stable",2,9
6448,"dc conductivity",2,9
6449,"self averaging",2,9
6450,"ferromagnetic metallic",2,9
6451,"evolving under",2,9
6452,"heavy fermion superconductor",3,9
6453,"hawking radiation",2,9
6454,"non dissipative",2,9
6455,"symmetry restoration",2,9
6456,"satisfactory description",2,9
6457,"once again",2,9
6458,"fluctuation dissipation relation",3,9
6459,"generalized tortoise coordinate transformation",4,9
6460,"killing vector fields",3,9
6461,"kalb ramond",2,9
6462,"two inequivalent",2,9
6463,"sudakov logarithms",2,9
6464,"delta m2 atm",3,9
6465,"leptonic cp violation",3,9
6466,"twist three",2,9
6467,"lee yang",2,9
6468,"sea level",2,9
6469,"neutrino mass matrix",3,9
6470,"hadronic final",2,9
6471,"collider rhic",2,9
6472,"off nuclei",2,9
6473,"diffractive events",2,9
6474,"rapidity gap",2,9
6475,"long ago",2,9
6476,"lightest neutralinos",2,9
6477,"pseudo scalar",2,9
6478,"red shift",2,9
6479,"neutral higgs boson",3,9
6480,"abelian gauge field",3,9
6481,"anomaly mediated supersymmetry breaking",4,9
6482,"large nc limit",3,9
6483,"wandzura wilczek",2,9
6484,"diffractive structure",2,9
6485,"quark mass matrices",3,9
6486,"naturally suppressed",2,9
6487,"nearly degenerate",2,9
6488,"nc expansion",2,9
6489,"exponent lambda",2,9
6490,"four momentum tensor",3,9
6491,"imaginary time",2,9
6492,"mathematical basis",2,9
6493,"alkali metal",2,9
6494,"transmission coefficients",2,9
6495,"four fold",2,9
6496,"prime knots",2,9
6497,"metropolis algorithm",2,9
6498,"pull back",2,9
6499,"information flow",2,9
6500,"systematic construction",2,9
6501,"steepest descent",2,9
6502,"mami mainz",2,9
6503,"harder spectra",2,9
6504,"coexistence region",2,9
6505,"group flow",2,9
6506,"diffractive processes",2,9
6507,"physical content",2,9
6508,"electron deuteron",2,9
6509,"asymptotic behaviors",2,9
6510,"world line",2,9
6511,"quasi exactly",2,9
6512,"null plane",2,9
6513,"grassmann variables",2,9
6514,"extra spatial",2,9
6515,"momentum space time",3,9
6516,"maximally supersymmetric",2,9
6517,"gauged supergravities",2,9
6518,"vanishing cycles",2,9
6519,"two dimensional supergravity",3,9
6520,"supersymmetric cycles",2,9
6521,"scalar field phi",3,9
6522,"sphere s2",2,9
6523,"underlying gauge",2,9
6524,"point charges",2,9
6525,"user interface",2,9
6526,"cabibbo suppressed",2,9
6527,"dijet production",2,9
6528,"induced events",2,9
6529,"ultraviolet behavior",2,9
6530,"improved clover",2,9
6531,"clock synchronization",2,9
6532,"building block",2,9
6533,"fluorescence light",2,9
6534,"particle numbers",2,9
6535,"metastable state",2,9
6536,"population inversion",2,9
6537,"go theorem",2,9
6538,"experimental situations",2,9
6539,"total energy density",3,9
6540,"shear stress",2,9
6541,"cuo plane",2,9
6542,"type ii superconductor",3,9
6543,"off equilibrium",2,9
6544,"replica symmetry breaking",3,9
6545,"interlayer coherence",2,9
6546,"strongly correlated electrons",3,9
6547,"theory mct",2,9
6548,"low temperatures below",3,9
6549,"doped region",2,9
6550,"spin singlet ground state",4,9
6551,"low frequency range",3,9
6552,"intensity profiles",2,9
6553,"hydrodynamic description",2,9
6554,"composite fermion",2,9
6555,"valence bands",2,9
6556,"magneto resistance",2,9
6557,"auxiliary field",2,9
6558,"lower critical",2,9
6559,"van hove",2,9
6560,"structural glasses",2,9
6561,"two terminal",2,9
6562,"confidence intervals",2,9
6563,"tunneling probability",2,9
6564,"landau zener",2,9
6565,"couette flow",2,9
6566,"size correction",2,9
6567,"matched filter",2,9
6568,"solar cycle",2,9
6569,"magnetic activity",2,9
6570,"tight correlation",2,9
6571,"energetic processes",2,9
6572,"spectroscopically confirmed",2,9
6573,"wavelet transform",2,9
6574,"hydrodynamic fluctuations",2,9
6575,"gyr old",2,9
6576,"black hole production",3,9
6577,"blast wave",2,9
6578,"velocity dispersions",2,9
6579,"he ii",2,9
6580,"radiation era",2,9
6581,"effective radii",2,9
6582,"reflection component",2,9
6583,"reflected spectrum",2,9
6584,"eccentric orbits",2,9
6585,"halpha emission",2,9
6586,"tight constraints",2,9
6587,"empirical value",2,9
6588,"absolute calibration",2,9
6589,"low mass accretion disk",4,9
6590,"m31 globular clusters",3,9
6591,"embedding theorem",2,9
6592,"deformed boson",2,9
6593,"enveloping algebra",2,9
6594,"kac moody algebras",3,9
6595,"computer program",2,9
6596,"del pezzo",2,9
6597,"real analytic",2,9
6598,"partial derivatives",2,9
6599,"purely infinite",2,9
6600,"calabi yau manifolds",3,9
6601,"random variable",2,9
6602,"tolman bondi",2,9
6603,"adm mass",2,9
6604,"rotor model",2,9
6605,"poisson distribution",2,9
6606,"standard model predicts",3,9
6607,"positronium ps",2,9
6608,"highly correlated",2,9
6609,"connes kreimer",2,9
6610,"hyperbolic manifolds",2,9
6611,"kinetic energies",2,9
6612,"charged particle multiplicities",3,9
6613,"glueball states",2,9
6614,"clear signal",2,9
6615,"feynman rules",2,9
6616,"energy release",2,9
6617,"invariant mass function",3,9
6618,"ell bar",2,9
6619,"two loop corrections",3,9
6620,"proton fraction",2,9
6621,"information transfer",2,9
6622,"being proportional",2,9
6623,"baryon resonances",2,9
6624,"power counting",2,9
6625,"vertex functions",2,9
6626,"contact term",2,9
6627,"superstring field theory",3,9
6628,"branes wrapping",2,9
6629,"drinfeld double",2,9
6630,"fayet iliopoulos term",3,9
6631,"non zero mode",3,9
6632,"faddeev popov",2,9
6633,"type iib string theory",4,9
6634,"real scalar",2,9
6635,"internet service",2,9
6636,"static axially symmetric",3,9
6637,"empty space",2,9
6638,"constraint propagation",2,9
6639,"overlap action",2,9
6640,"approaches zero",2,9
6641,"heavy quark action",3,9
6642,"feasible scheme",2,9
6643,"discrete light",2,9
6644,"positive maps",2,9
6645,"nmr measurements",2,9
6646,"complex hyperbolic",2,9
6647,"formal solution",2,9
6648,"passes through",2,9
6649,"dark solitons",2,9
6650,"later type",2,9
6651,"correcting codes",2,9
6652,"centrifugal force",2,9
6653,"generalized coherent states",3,9
6654,"charge distributions",2,9
6655,"off resonance",2,9
6656,"powerful test",2,9
6657,"average profile",2,9
6658,"memory effect",2,9
6659,"internet access",2,9
6660,"cauchy surface",2,9
6661,"dipolar interaction",2,9
6662,"classified according",2,9
6663,"nematic liquid crystal",3,9
6664,"like fermi",2,9
6665,"waiting time",2,9
6666,"bosonization technique",2,9
6667,"evolutionary state",2,9
6668,"fundamental diagram",2,9
6669,"prime ideals",2,9
6670,"astrophysical jets",2,9
6671,"early phases",2,9
6672,"ia supernovae",2,9
6673,"volume limited sample",3,9
6674,"vlt isaac",2,9
6675,"sz effect",2,9
6676,"sn 1987a",2,9
6677,"individual sources",2,9
6678,"chaos synchronization",2,9
6679,"fundamental plane fp",3,9
6680,"chandra observations suggest",3,9
6681,"medium igm",2,9
6682,"principal component",2,9
6683,"anisotropy xi",2,9
6684,"heavy elements",2,9
6685,"exotic nuclei",2,9
6686,"candidate events",2,9
6687,"non perturbative renormalization group",4,9
6688,"breit frame",2,9
6689,"cdf detector",2,9
6690,"lattice gauge field theory",4,9
6691,"diffractive photoproduction",2,9
6692,"charm quark",2,9
6693,"lepton pair production",3,9
6694,"proton nucleus",2,9
6695,"kogut susskind",2,9
6696,"improved wilson",2,9
6697,"strange quark mass",3,9
6698,"improved gauge",2,9
6699,"electromagnetic corrections",2,9
6700,"flat direction",2,9
6701,"gluon fusion",2,9
6702,"partially entangled",2,8
6703,"anisotropic xy model",3,8
6704,"jones polynomial",2,8
6705,"force microscopy",2,8
6706,"decoherence time dependent",3,8
6707,"simple toy model",3,8
6708,"prior entanglement",2,8
6709,"mechanism behind",2,8
6710,"dense coding",2,8
6711,"mach zehnder",2,8
6712,"spin density matrix",3,8
6713,"absorbing material",2,8
6714,"x2 y2",2,8
6715,"fabry perot cavity",3,8
6716,"almost certainly",2,8
6717,"effective hamiltonian formalism",3,8
6718,"fermi dirac",2,8
6719,"decoherence free",2,8
6720,"adjacency matrix",2,8
6721,"dispersive medium",2,8
6722,"ordering pattern",2,8
6723,"inter site",2,8
6724,"elastic moduli",2,8
6725,"two component plasma",3,8
6726,"grand potential",2,8
6727,"non fermi liquid",3,8
6728,"optical lattices",2,8
6729,"free carrier",2,8
6730,"klein bottle",2,8
6731,"spin polarized light",3,8
6732,"antiferromagnetic afm",2,8
6733,"history dependent",2,8
6734,"molecular beam",2,8
6735,"gor kov",2,8
6736,"energy cut",2,8
6737,"burgers turbulence",2,8
6738,"energy density functional",3,8
6739,"coherence length scale",3,8
6740,"magnetization peak",2,8
6741,"cr structures",2,8
6742,"spin diffusion",2,8
6743,"multivalent counterions",2,8
6744,"mean free paths",3,8
6745,"molecular weight",2,8
6746,"vapor phase",2,8
6747,"term induces",2,8
6748,"coulomb blockade peak",3,8
6749,"stretched exponential",2,8
6750,"thermodynamical limit",2,8
6751,"fermi golden rule",3,8
6752,"spatial inhomogeneity",2,8
6753,"zeeman energy",2,8
6754,"triplet splitting",2,8
6755,"bogoliubov de gennes",3,8
6756,"probability measures",2,8
6757,"small polaron",2,8
6758,"dna molecule",2,8
6759,"granular media",2,8
6760,"coherent picture",2,8
6761,"atomic displacement",2,8
6762,"compares well",2,8
6763,"long wavelength limit",3,8
6764,"electron hole pairs",3,8
6765,"near ef",2,8
6766,"liquid drop",2,8
6767,"non instantaneous",2,8
6768,"absorbing states",2,8
6769,"ferromagnetic semiconductors",2,8
6770,"hbar omega",2,8
6771,"perovskite manganite",2,8
6772,"surface acoustic",2,8
6773,"electrons moving",2,8
6774,"native state",2,8
6775,"interface roughness",2,8
6776,"charged excitons",2,8
6777,"electron transistor",2,8
6778,"relaxation time dependent",3,8
6779,"strongly influences",2,8
6780,"impurity potential",2,8
6781,"periodic boundary",2,8
6782,"parabolic potential",2,8
6783,"resonating valence bond rvb",4,8
6784,"quantized vortices",2,8
6785,"colossal magnetoresistance cmr",3,8
6786,"driving parameter",2,8
6787,"roughness exponent",2,8
6788,"intensity ratios",2,8
6789,"diluted magnetic",2,8
6790,"conceptual approach",2,8
6791,"reflection symmetry",2,8
6792,"bi partite",2,8
6793,"core spins",2,8
6794,"per atom",2,8
6795,"3d ising model",3,8
6796,"finite size scaling properties",4,8
6797,"kubo formula",2,8
6798,"shape invariance",2,8
6799,"filling factors",2,8
6800,"relativistically covariant",2,8
6801,"evolutionary calculations",2,8
6802,"topologically stable",2,8
6803,"like fermi surface",3,8
6804,"discrete breathers",2,8
6805,"fermion gas",2,8
6806,"polyelectrolyte chain",2,8
6807,"exact diagonalizations",2,8
6808,"columnar defects",2,8
6809,"flip scattering",2,8
6810,"limiting value",2,8
6811,"berry phases",2,8
6812,"two dimensional arrays",3,8
6813,"component fermi",2,8
6814,"charge density fluctuations",3,8
6815,"heavy fermion systems",3,8
6816,"switching fields",2,8
6817,"massive scalar fields",3,8
6818,"vacuum einstein metrics",3,8
6819,"spinning black hole",3,8
6820,"numerical relativity",2,8
6821,"btz black hole",3,8
6822,"symmetric spacetimes",2,8
6823,"adjoint operators",2,8
6824,"generalized heisenberg model",3,8
6825,"euler class",2,8
6826,"lagrange equations",2,8
6827,"space time scales",3,8
6828,"inflationary stage",2,8
6829,"final merger",2,8
6830,"dynamical localization",2,8
6831,"retarded green function",3,8
6832,"post newtonian approximation",3,8
6833,"weak gravitational field",3,8
6834,"basic requirements",2,8
6835,"barotropic equation",2,8
6836,"curvature invariants",2,8
6837,"trans planckian physics",3,8
6838,"thermally induced",2,8
6839,"polynomial growth",2,8
6840,"singular locus",2,8
6841,"asymptotic series",2,8
6842,"prime power",2,8
6843,"small neighborhood",2,8
6844,"riemann zeta function",3,8
6845,"riemann tensor",2,8
6846,"stone theorem",2,8
6847,"permutation groups",2,8
6848,"gr obner",2,8
6849,"schr odinger operator",3,8
6850,"coulomb gauge",2,8
6851,"equivariant cohomology",2,8
6852,"maximal rank",2,8
6853,"connected sum",2,8
6854,"translation invariant",2,8
6855,"least action",2,8
6856,"grothendieck ring",2,8
6857,"chebyshev polynomials",2,8
6858,"rational numbers",2,8
6859,"einstein manifolds",2,8
6860,"laplace operator",2,8
6861,"dirac structures",2,8
6862,"bianchi identity",2,8
6863,"three fold",2,8
6864,"unit ball",2,8
6865,"dimensional hilbert space",3,8
6866,"hyperbolic 3-manifold",2,8
6867,"hyperbolic plane",2,8
6868,"neutron star ns",3,8
6869,"low mass accretion",3,8
6870,"flux limited sample",3,8
6871,"board bepposax",2,8
6872,"main findings",2,8
6873,"virial radius",2,8
6874,"hot big bang",3,8
6875,"after subtraction",2,8
6876,"damped ly alpha dla",4,8
6877,"time ordered",2,8
6878,"sph simulations",2,8
6879,"angular momentum loss",3,8
6880,"nucleosynthesis calculations",2,8
6881,"field instruments",2,8
6882,"apparent discrepancy",2,8
6883,"unidentified gamma ray",3,8
6884,"cloud core",2,8
6885,"direct observational",2,8
6886,"tev gamma ray emission",4,8
6887,"gamma ray background",3,8
6888,"dm dt",2,8
6889,"apparent luminosity",2,8
6890,"inhomogeneous cosmological",2,8
6891,"scales probed",2,8
6892,"rosat pspc observations",3,8
6893,"landau damping",2,8
6894,"binaries lmxb",2,8
6895,"strongly supports",2,8
6896,"powerful radio galaxies",3,8
6897,"grb rate",2,8
6898,"energy ranges",2,8
6899,"near ir imaging",3,8
6900,"unbiased sample",2,8
6901,"stochastic character",2,8
6902,"particle content",2,8
6903,"easily generalized",2,8
6904,"hydrogen column density",3,8
6905,"relativistic shocks",2,8
6906,"radio maps",2,8
6907,"angular positions",2,8
6908,"locally anisotropic",2,8
6909,"galaxy formation history",3,8
6910,"shock heated",2,8
6911,"hi shells",2,8
6912,"hubble space telescope hst wfpc2 images",6,8
6913,"william herschel telescope",3,8
6914,"radial modes",2,8
6915,"eta carinae",2,8
6916,"after recalling",2,8
6917,"high redshift range",3,8
6918,"sampling technique",2,8
6919,"updated analysis",2,8
6920,"rate dot",2,8
6921,"mhd simulations",2,8
6922,"limited samples",2,8
6923,"minkowski functionals",2,8
6924,"astrophysical plasmas",2,8
6925,"highly relativistic jets",3,8
6926,"neutrino telescopes",2,8
6927,"detailed comparisons",2,8
6928,"inverse cascade",2,8
6929,"kpc scales",2,8
6930,"quiet quasars",2,8
6931,"ca fe",2,8
6932,"stellar mass accretion",3,8
6933,"spatially varying",2,8
6934,"galactic winds",2,8
6935,"few myr",2,8
6936,"king model",2,8
6937,"telescope hst",2,8
6938,"standard big bang",3,8
6939,"binaries lmxbs",2,8
6940,"cluster physics",2,8
6941,"extragalactic jets",2,8
6942,"rotation rate",2,8
6943,"two maxima",2,8
6944,"dark matter fields",3,8
6945,"jupiter mass",2,8
6946,"mass transfer",2,8
6947,"background radiation field",3,8
6948,"physically meaningful",2,8
6949,"magellanic cloud lmc",3,8
6950,"sn ia",2,8
6951,"gas poor",2,8
6952,"rapid rotation",2,8
6953,"proto neutron star",3,8
6954,"time delays",2,8
6955,"adiabatic expansion",2,8
6956,"blue stragglers",2,8
6957,"body simulation",2,8
6958,"slope alpha",2,8
6959,"few hours",2,8
6960,"atmospheric parameters teff",3,8
6961,"forward shock",2,8
6962,"big bang nucleosynthesis bbn",4,8
6963,"rs model",2,8
6964,"sco x-1",2,8
6965,"strange stars",2,8
6966,"large flare",2,8
6967,"high frequency qpos",3,8
6968,"input physics",2,8
6969,"ni zn",2,8
6970,"astronomical community",2,8
6971,"duration grbs",2,8
6972,"spin precession",2,8
6973,"hot component",2,8
6974,"deep rosat",2,8
6975,"star scatter",2,8
6976,"time reversible",2,8
6977,"universe expands",2,8
6978,"non gaussian statistics",3,8
6979,"speckle interferometry",2,8
6980,"cmb maps",2,8
6981,"quantum information theoretic",3,8
6982,"blue colors",2,8
6983,"diffuse emission",2,8
6984,"intracluster medium",2,8
6985,"clear detection",2,8
6986,"central black hole",3,8
6987,"light curve shape",3,8
6988,"optically faint",2,8
6989,"flow rates",2,8
6990,"eternal inflation",2,8
6991,"long term variability",3,8
6992,"virialized halos",2,8
6993,"press schechter formalism",3,8
6994,"binary interactions",2,8
6995,"simple analytical calculations",3,8
6996,"ages derived",2,8
6997,"colour magnitude diagrams",3,8
6998,"variability amplitude",2,8
6999,"cold dark matter cdm model",5,8
7000,"line shapes",2,8
7001,"bl lac",2,8
7002,"solar flares",2,8
7003,"cold dark matter cdm universe",5,8
7004,"comptel observations",2,8
7005,"oscillator strengths",2,8
7006,"higher excitation",2,8
7007,"nuclear starburst",2,8
7008,"circumnuclear regions",2,8
7009,"stellar remnants",2,8
7010,"piecewise linear",2,8
7011,"cfl phase",2,8
7012,"heavy baryon chiral perturbation theory",5,8
7013,"iterative procedure",2,8
7014,"counting rules",2,8
7015,"flavor symmetries",2,8
7016,"reaction mechanisms",2,8
7017,"electron positron linear collider",4,8
7018,"scalar propagator",2,8
7019,"lambda phi4",2,8
7020,"broken phase transition",3,8
7021,"parton distribution function",3,8
7022,"functional forms",2,8
7023,"color confinement",2,8
7024,"color singlet",2,8
7025,"charge radii",2,8
7026,"neutral higgs bosons",3,8
7027,"third family",2,8
7028,"higher twist",2,8
7029,"scale structure functions",3,8
7030,"slope gamma",2,8
7031,"cabibbo kobayashi maskawa",3,8
7032,"highly charged",2,8
7033,"qcd radiation",2,8
7034,"isospin breaking",2,8
7035,"weak isospin",2,8
7036,"dynamical spontaneous symmetry breaking",4,8
7037,"specific choices",2,8
7038,"conceptual problems",2,8
7039,"two higgs doublet",3,8
7040,"event shapes",2,8
7041,"reaction plane",2,8
7042,"compton process",2,8
7043,"annual modulation",2,8
7044,"electron positron pairs",3,8
7045,"radiative correction",2,8
7046,"upsilon 1s",2,8
7047,"practical importance",2,8
7048,"linear collider lc",3,8
7049,"two loop induced",3,8
7050,"gaugino mass",2,8
7051,"large hadron colliders",3,8
7052,"photon propagation",2,8
7053,"forward backward asymmetries",3,8
7054,"branching ratio br gamma",4,8
7055,"high energy tail",3,8
7056,"charged higgs bosons",3,8
7057,"event shape",2,8
7058,"particles having",2,8
7059,"mass eigenstates",2,8
7060,"compton scattering amplitude",3,8
7061,"sm like",2,8
7062,"wilson coefficient",2,8
7063,"evolutionary processes",2,8
7064,"graviton production",2,8
7065,"majorana fermions",2,8
7066,"flavor symmetry breaking",3,8
7067,"strong deviations",2,8
7068,"kaon decay",2,8
7069,"neutral kaons",2,8
7070,"noncommutative yang mills",3,8
7071,"de sitter solution",3,8
7072,"11d supergravity",2,8
7073,"noncommutative scalar field theory",4,8
7074,"chiral superfields",2,8
7075,"open membrane",2,8
7076,"magnetic duality",2,8
7077,"weakly bound",2,8
7078,"vector valued",2,8
7079,"noncommutative tori",2,8
7080,"basic notions",2,8
7081,"witten index",2,8
7082,"m5 branes",2,8
7083,"mediation models",2,8
7084,"extra spatial dimensions",3,8
7085,"bps domain walls",3,8
7086,"exotic states",2,8
7087,"negative norm",2,8
7088,"hypergeometric series",2,8
7089,"pauli villars",2,8
7090,"cohomology classes",2,8
7091,"after making",2,8
7092,"fractional quantum",2,8
7093,"asymptotic stability",2,8
7094,"commutative geometry",2,8
7095,"partially broken",2,8
7096,"loop integrals",2,8
7097,"after discussing",2,8
7098,"linearized einstein gravity",3,8
7099,"moyal star product",3,8
7100,"d0 branes",2,8
7101,"flatness problem",2,8
7102,"randall sundrum rs",3,8
7103,"conical singularity",2,8
7104,"su xsu",2,8
7105,"temporal behavior",2,8
7106,"development environment",2,8
7107,"ideally suited",2,8
7108,"recursive algorithm",2,8
7109,"log canonical",2,8
7110,"sin2 theta",2,8
7111,"bnl e821",2,8
7112,"sin2beta stat syst",3,8
7113,"analysis agrees",2,8
7114,"na50 data",2,8
7115,"four loops",2,8
7116,"magnetic monopole",2,8
7117,"acts like",2,8
7118,"image reconstruction",2,8
7119,"tracking system",2,8
7120,"sapphire substrates",2,8
7121,"multipole expansion",2,8
7122,"stochastic behaviour",2,8
7123,"michelson morley",2,8
7124,"nuclear magnetic field",3,8
7125,"bethe lattice",2,8
7126,"quasi spherical",2,8
7127,"exponentially decaying",2,8
7128,"linear defects",2,8
7129,"chaotic mixing",2,8
7130,"cubic nonlinear",2,8
7131,"hadron multiplicities",2,8
7132,"triplet pairing",2,8
7133,"convergence problems",2,8
7134,"nuclear quadrupole",2,8
7135,"exchange diagrams",2,8
7136,"simple prescription",2,8
7137,"meson photoproduction",2,8
7138,"message passing",2,8
7139,"straightforward generalization",2,8
7140,"cavity qed",2,8
7141,"pole structure",2,8
7142,"number violation",2,8
7143,"basic principles",2,8
7144,"scaled up",2,8
7145,"bennett et",2,8
7146,"al quant ph",3,8
7147,"orientation angle",2,8
7148,"existing theoretical predictions",3,8
7149,"cu 1-x",2,8
7150,"after annealing",2,8
7151,"percolation threshold",2,8
7152,"meta stable",2,8
7153,"microcanonical ensemble",2,8
7154,"angle resolved",2,8
7155,"under shear flow",3,8
7156,"neutron scattering length",3,8
7157,"van der waals forces",4,8
7158,"molecular beam epitaxy",3,8
7159,"multiple image",2,8
7160,"higher harmonics",2,8
7161,"self trapping",2,8
7162,"quench condensed",2,8
7163,"spin liquids",2,8
7164,"slightly lower",2,8
7165,"bose einstein condensate bec",4,8
7166,"lambda simeq",2,8
7167,"bedt ttf",2,8
7168,"conserved quantity",2,8
7169,"magnetoresistance mr",2,8
7170,"non interacting fermions",3,8
7171,"electrostatic potential",2,8
7172,"trial wave function",3,8
7173,"pump probe",2,8
7174,"periodic boundary condition",3,8
7175,"neel order",2,8
7176,"down conversion",2,8
7177,"pyrochlore lattice",2,8
7178,"classical heisenberg model",3,8
7179,"decreasing temperature dependence",3,8
7180,"vortex pinning",2,8
7181,"dielectric function",2,8
7182,"conductivity sigma",2,8
7183,"generalized ensemble",2,8
7184,"plasma resonance",2,8
7185,"disorder parameter",2,8
7186,"van hove singularities",3,8
7187,"time scale factor",3,8
7188,"pulsation models",2,8
7189,"primordial black holes",3,8
7190,"surrounding medium",2,8
7191,"colour magnitude diagram",3,8
7192,"inverse correlation",2,8
7193,"loss rate",2,8
7194,"clear correlation",2,8
7195,"ii asymmetric",2,8
7196,"thermal origin",2,8
7197,"monte carlo code",3,8
7198,"remarkable feature",2,8
7199,"halos around",2,8
7200,"absorbed power law",3,8
7201,"existing bounds",2,8
7202,"spectral indices",2,8
7203,"higher redshift",2,8
7204,"least square",2,8
7205,"australia telescope compact array",4,8
7206,"escape time",2,8
7207,"sigma upper limit",3,8
7208,"term describing",2,8
7209,"low efficiency",2,8
7210,"error threshold",2,8
7211,"binary pulsars",2,8
7212,"main emphasis",2,8
7213,"compact array",2,8
7214,"total energy spectrum",3,8
7215,"relativistic version",2,8
7216,"semi analytical",2,8
7217,"hard photon",2,8
7218,"almost entirely",2,8
7219,"high velocity variations",3,8
7220,"characteristic age",2,8
7221,"accreting neutron star",3,8
7222,"large grains",2,8
7223,"brightest cluster",2,8
7224,"cosmic ray emission",3,8
7225,"air shower array",3,8
7226,"two thirds",2,8
7227,"small scale structures",3,8
7228,"non lte",2,8
7229,"ongoing star formation",3,8
7230,"angular diameter",2,8
7231,"relative uncertainty",2,8
7232,"observational test",2,8
7233,"jet break",2,8
7234,"magnetic cataclysmic variables",3,8
7235,"blue compact",2,8
7236,"bulk velocity",2,8
7237,"luminous blue",2,8
7238,"dense environments",2,8
7239,"kazhdan lusztig",2,8
7240,"exterior algebra",2,8
7241,"alexander polynomial",2,8
7242,"odd numbers",2,8
7243,"positive answer",2,8
7244,"special classes",2,8
7245,"birational geometry",2,8
7246,"almost pure",2,8
7247,"hodge conjecture",2,8
7248,"coxeter groups",2,8
7249,"crystal basis",2,8
7250,"curved spaces",2,8
7251,"ahler manifold",2,8
7252,"combinatorial description",2,8
7253,"cyclic branched coverings",3,8
7254,"invariant sets",2,8
7255,"hyperbolic structure",2,8
7256,"liouville type",2,8
7257,"knot theory",2,8
7258,"computationally efficient",2,8
7259,"von neumann algebras",3,8
7260,"lattice paths",2,8
7261,"orthogonal groups",2,8
7262,"back action",2,8
7263,"negligibly small",2,8
7264,"band gaps",2,8
7265,"dissipative environment",2,8
7266,"mn concentration",2,8
7267,"electronic correlations",2,8
7268,"electron phonon modes",3,8
7269,"period matrix",2,8
7270,"dominant source",2,8
7271,"nmr spectra",2,8
7272,"knight shift",2,8
7273,"renormalization group improved",3,8
7274,"london theory",2,8
7275,"moderately strong",2,8
7276,"tuned superconductor insulator",3,8
7277,"hole concentration",2,8
7278,"bcs like",2,8
7279,"periodic array",2,8
7280,"non uniform magnetic field",4,8
7281,"physical principles",2,8
7282,"stable circular",2,8
7283,"ligo virgo",2,8
7284,"relativistic quantum mechanical",3,8
7285,"physical significance",2,8
7286,"kerr spacetime",2,8
7287,"teleparallel gravity",2,8
7288,"perihelion advance",2,8
7289,"reissner nordstr",2,8
7290,"minimal supersymmetric particle",3,8
7291,"leading log",2,8
7292,"false vacuum",2,8
7293,"affleck dine baryogenesis",3,8
7294,"mediated susy",2,8
7295,"discrete symmetry breaking",3,8
7296,"collider energies",2,8
7297,"hard spectator",2,8
7298,"operators appearing",2,8
7299,"polarized proton",2,8
7300,"fusion cross section",3,8
7301,"maldacena conjecture",2,8
7302,"heavy flavour",2,8
7303,"magnetohydrodynamic turbulence",2,8
7304,"massless neutrinos",2,8
7305,"kinematic variables",2,8
7306,"slepton masses",2,8
7307,"next linear collider",3,8
7308,"large extra dimension",3,8
7309,"thermally excited",2,8
7310,"heavy fermions",2,8
7311,"manifest itself",2,8
7312,"large nf",2,8
7313,"low q2",2,8
7314,"perturbative qcd corrections",3,8
7315,"atomic physics",2,8
7316,"flux tube",2,8
7317,"graduate students",2,8
7318,"leading logarithmic",2,8
7319,"violating phases",2,8
7320,"belle collaborations",2,8
7321,"hot dark matter",3,8
7322,"probability amplitude",2,8
7323,"observatory sno",2,8
7324,"light higgs boson mass",4,8
7325,"mixing matrix element",3,8
7326,"under reasonable",2,8
7327,"globally hyperbolic",2,8
7328,"unified view",2,8
7329,"linear superposition",2,8
7330,"semi empirical",2,8
7331,"equally spaced",2,8
7332,"fluid mechanics",2,8
7333,"potential barriers",2,8
7334,"dispersion coefficient",2,8
7335,"price dynamics",2,8
7336,"relaxation process",2,8
7337,"proton stability",2,8
7338,"pion cloud",2,8
7339,"nuclear multifragmentation",2,8
7340,"phi derivable",2,8
7341,"agree reasonably",2,8
7342,"lattice qcd thermodynamics",3,8
7343,"dense quark matter",3,8
7344,"2s 2p",2,8
7345,"model sm",2,8
7346,"morse potential",2,8
7347,"gepner models",2,8
7348,"faddeev niemi",2,8
7349,"bosonic sector",2,8
7350,"dilatonic brane world",3,8
7351,"de sitter spacetimes",3,8
7352,"spontaneous chiral symmetry breaking",4,8
7353,"treated perturbatively",2,8
7354,"pauli fierz",2,8
7355,"semisimple groups",2,8
7356,"marginal stability",2,8
7357,"vector multiplets",2,8
7358,"iia supergravity",2,8
7359,"natural generalizations",2,8
7360,"iib matrix",2,8
7361,"bps configurations",2,8
7362,"consistency check",2,8
7363,"principal orbits",2,8
7364,"spherically symmetric spacetimes",3,8
7365,"consistent deformations",2,8
7366,"data release",2,8
7367,"elementary methods",2,8
7368,"electromagnetic forces",2,8
7369,"spin asymmetry",2,8
7370,"least two dimensional",3,8
7371,"spatial correlations",2,8
7372,"toy models",2,8
7373,"phys.rev lett",2,8
7374,"classical counterparts",2,8
7375,"infinite dimensional hilbert space",4,8
7376,"invariant mass spectrum",3,8
7377,"original ideas",2,8
7378,"local unitary transformations",3,8
7379,"connected via",2,8
7380,"v1 v2",2,8
7381,"local density functional theory",4,8
7382,"differential conductance",2,8
7383,"oscillator strength",2,8
7384,"exchange couplings",2,8
7385,"vortex matter",2,8
7386,"hybrid monte carlo algorithm",4,8
7387,"disorder averaged",2,8
7388,"narrow peak",2,8
7389,"quasi two dimensional organic",4,8
7390,"energy density matrix",3,8
7391,"number density matrix",3,8
7392,"communication channels",2,8
7393,"non markovian",2,8
7394,"magnetic semiconductor",2,8
7395,"ray diffraction measurements",3,8
7396,"electric currents",2,8
7397,"energy range correlations",3,8
7398,"ray diffraction patterns",3,8
7399,"colossal magnetoresistance",2,8
7400,"strongly singular",2,8
7401,"special care",2,8
7402,"range coulomb",2,8
7403,"self avoiding walk",3,8
7404,"absorption bands",2,8
7405,"system behaves",2,8
7406,"arguments why",2,8
7407,"quality factor",2,8
7408,"quasiparticle weight",2,8
7409,"inter layer",2,8
7410,"absolute values",2,8
7411,"irreversibility field",2,8
7412,"density variations",2,8
7413,"tunnel splitting",2,8
7414,"high energy loss",3,8
7415,"key issue",2,8
7416,"velocity dispersion relation",3,8
7417,"flux limited",2,8
7418,"atom laser beam",3,8
7419,"below tn",2,8
7420,"counting statistics",2,8
7421,"poisson boltzmann",2,8
7422,"narrow band imaging",3,8
7423,"parsec scales",2,8
7424,"early type ii",3,8
7425,"thin shell",2,8
7426,"shock front",2,8
7427,"proton flux",2,8
7428,"source sgr",2,8
7429,"transmitted flux",2,8
7430,"bl lacertae",2,8
7431,"hz sr",2,8
7432,"wide field imager",3,8
7433,"population synthesis models",3,8
7434,"herbig ae",2,8
7435,"planetary nebula",2,8
7436,"cold dark",2,8
7437,"lac objects",2,8
7438,"metal rich globular clusters",4,8
7439,"distance estimates",2,8
7440,"hipparcos astrometric",2,8
7441,"self gravitating systems",3,8
7442,"fe peak",2,8
7443,"ultraviolet cutoff",2,8
7444,"magnetorotational instability",2,8
7445,"sdss data",2,8
7446,"differentially rotating",2,8
7447,"late time evolution",3,8
7448,"galaxy m81",2,8
7449,"duration gamma ray bursts",4,8
7450,"positive cosmological models",3,8
7451,"position velocity",2,8
7452,"mass accretion disks",3,8
7453,"eclipsing binary",2,8
7454,"coalescence model",2,8
7455,"luminosity functions lfs",3,8
7456,"millisecond pulsar sax j1808.4-3658",4,8
7457,"cloud interactions",2,8
7458,"radio halo",2,8
7459,"stellar kinematics",2,8
7460,"near infinity",2,8
7461,"hubble radius",2,8
7462,"colour distribution",2,8
7463,"roughly equal",2,8
7464,"nfw profile",2,8
7465,"emission measure",2,8
7466,"solar neighborhood",2,8
7467,"solar flare",2,8
7468,"metal poor globular clusters",4,8
7469,"rg flow",2,8
7470,"clifford algebras",2,8
7471,"n-1 dimensional",2,8
7472,"fibrations over",2,8
7473,"convex polytope",2,8
7474,"genus zero",2,8
7475,"x1 xn",2,8
7476,"base manifold",2,8
7477,"grothendieck group",2,8
7478,"continuous family",2,8
7479,"k3 surfaces",2,8
7480,"computer science",2,8
7481,"branched coverings",2,8
7482,"growth condition",2,8
7483,"projective line",2,8
7484,"physical degrees",2,8
7485,"einstein maxwell",2,8
7486,"graceful exit",2,8
7487,"phase transition temperature dependent",4,8
7488,"eikonal approximation",2,8
7489,"ultra relativistic heavy ion collisions",5,8
7490,"particle hole excitations",3,8
7491,"emc effect",2,8
7492,"variational calculation",2,8
7493,"circular polarized",2,8
7494,"ion trap",2,8
7495,"perturbation series",2,8
7496,"random forcing",2,8
7497,"lax pair",2,8
7498,"hadronic final state",3,8
7499,"collider signatures",2,8
7500,"qualitatively explains",2,8
7501,"asymptotically de sitter spacetime",4,8
7502,"doublet triplet splitting",3,8
7503,"energy distribution functions",3,8
7504,"right handed neutrinos",3,8
7505,"schrodinger equations",2,8
7506,"kt factorization approach",3,8
7507,"stabilization mechanism",2,8
7508,"atmospheric neutrino",2,8
7509,"unitarity condition",2,8
7510,"bag model",2,8
7511,"noncommutative plane",2,8
7512,"type iia string theory",4,8
7513,"generalized bell",2,8
7514,"constraint algebra",2,8
7515,"path integral formulation",3,8
7516,"spinning particle",2,8
7517,"negative feedback",2,8
7518,"social networks",2,8
7519,"anthropic principle",2,8
7520,"tilde chi",2,8
7521,"multiplicity distribution",2,8
7522,"correlation length xi",3,8
7523,"complete analytical",2,8
7524,"maximal entanglement",2,8
7525,"noise intensity",2,8
7526,"sub poissonian",2,8
7527,"unconditionally secure",2,8
7528,"real eigenvalues",2,8
7529,"unconditional security",2,8
7530,"wave mixing",2,8
7531,"uniform magnetic",2,8
7532,"self adjoint operator",3,8
7533,"anomalous dispersion",2,8
7534,"conditional probability",2,8
7535,"quantitative estimate",2,8
7536,"np complete",2,8
7537,"improved version",2,8
7538,"dressed states",2,8
7539,"theoretic description",2,8
7540,"specific angular momentum",3,8
7541,"somewhat higher",2,8
7542,"angular momenta",2,8
7543,"research program",2,8
7544,"learning algorithms",2,8
7545,"fully connected",2,8
7546,"integration scheme",2,8
7547,"generating small",2,8
7548,"non monotonic",2,8
7549,"curie weiss",2,8
7550,"translation invariance",2,8
7551,"elliptic quantum",2,8
7552,"current algebra",2,8
7553,"time reversal symmetry breaking",4,8
7554,"electrical conductivity",2,8
7555,"site coulomb repulsion",3,8
7556,"2d electron gas",3,8
7557,"nonzero value",2,8
7558,"quantum hall regime",3,8
7559,"thermal diffusion",2,8
7560,"la 1-x",2,8
7561,"thermal conductivity kappa",3,8
7562,"jahn teller distortion",3,8
7563,"single particle hole",3,8
7564,"inclined plane",2,8
7565,"parallel tempering",2,8
7566,"momentum transport",2,8
7567,"scale lengths",2,8
7568,"thermal instabilities",2,8
7569,"transport phenomena",2,8
7570,"simple analytical expressions",3,8
7571,"normal bundle",2,8
7572,"conical singularities",2,8
7573,"fully compatible",2,8
7574,"remain constant",2,8
7575,"virgo cluster",2,8
7576,"oppenheimer et",2,8
7577,"mit bag model",3,8
7578,"incident photon",2,8
7579,"after correction",2,8
7580,"data consist",2,8
7581,"regularization methods",2,8
7582,"hubble space",2,8
7583,"self consistent approximations",3,8
7584,"ksec observation",2,8
7585,"wind driven",2,8
7586,"wfpc2 images",2,8
7587,"poor stars",2,8
7588,"remarkable features",2,8
7589,"disorder strength",2,8
7590,"cuo delta",2,8
7591,"strong correlation functions",3,8
7592,"vortex configurations",2,8
7593,"fairly large",2,8
7594,"nonlinear sigma models",3,8
7595,"main conclusion",2,8
7596,"direct computation",2,8
7597,"substantial part",2,8
7598,"schwarzschild de sitter",3,8
7599,"gravitational wave signals",3,8
7600,"charged higgs",2,8
7601,"electrically charged",2,8
7602,"asymptotically de sitter",3,8
7603,"ekpyrotic universe",2,8
7604,"model atmosphere models",3,8
7605,"detailed modeling",2,8
7606,"elliptical galaxy ngc",3,8
7607,"collapsed objects",2,8
7608,"da white dwarf",3,8
7609,"spectral shape",2,8
7610,"mx gev",2,8
7611,"bar nu tau",3,8
7612,"oh masers",2,8
7613,"supersonic turbulence",2,8
7614,"closely resemble",2,8
7615,"northern hemisphere",2,8
7616,"substantial fraction",2,8
7617,"pulsar wind nebula",3,8
7618,"compton thick",2,8
7619,"outer halo",2,8
7620,"ionizing radiation",2,8
7621,"lcdm cosmology",2,8
7622,"ram pressure stripping",3,8
7623,"photometric variability",2,8
7624,"thermal freeze",2,8
7625,"staggered action",2,8
7626,"collision centrality",2,8
7627,"accelerator complex",2,8
7628,"constrained flows",2,8
7629,"rapidity region",2,8
7630,"color suppressed",2,8
7631,"baryon chemical",2,8
7632,"skyrme type",2,8
7633,"structure function g1",3,8
7634,"witten veneziano",2,8
7635,"dipole cross section",3,8
7636,"interaction kernel",2,8
7637,"drip line",2,8
7638,"susy gut",2,8
7639,"intrinsic charm",2,8
7640,"three active neutrinos",3,8
7641,"periodically bent crystal",3,8
7642,"clear presentation",2,8
7643,"unclear motivation",2,8
7644,"superconformal field theories",3,8
7645,"path integral equations",3,7
7646,"isotropic heisenberg",2,7
7647,"stern gerlach",2,7
7648,"delayed choice",2,7
7649,"interference patterns",2,7
7650,"earlier suggestions",2,7
7651,"bloch equations",2,7
7652,"linearly polarized laser",3,7
7653,"complex conjugate",2,7
7654,"reaction force",2,7
7655,"theoretical foundation",2,7
7656,"histories approach",2,7
7657,"quantum bit commitment",3,7
7658,"kochen specker theorem",3,7
7659,"linearly polarized light",3,7
7660,"squeezed beams",2,7
7661,"bohmian trajectories",2,7
7662,"permutation symmetry",2,7
7663,"initially prepared",2,7
7664,"metal complexes",2,7
7665,"molecular magnet",2,7
7666,"nonequilibrium spin",2,7
7667,"source drain",2,7
7668,"non zero temperature dependence",4,7
7669,"liouville integrable",2,7
7670,"boundary sine gordon model",4,7
7671,"selection mechanism",2,7
7672,"sodium atoms",2,7
7673,"base pair",2,7
7674,"instability threshold value",3,7
7675,"di dv",2,7
7676,"gallavotti cohen",2,7
7677,"superexchange coupling",2,7
7678,"amorphous silicon",2,7
7679,"qualitative change",2,7
7680,"pairing amplitude",2,7
7681,"smooth crossover",2,7
7682,"directed polymer",2,7
7683,"two oppositely",2,7
7684,"hydrogen bonds",2,7
7685,"tracer particles",2,7
7686,"financial markets",2,7
7687,"system size scaling",3,7
7688,"cubic lattices",2,7
7689,"shortest path",2,7
7690,"superconducting transition temperature dependence",4,7
7691,"fractional quantum hall systems",4,7
7692,"chaotic regimes",2,7
7693,"nematic order",2,7
7694,"numerically simulated",2,7
7695,"improved theoretical",2,7
7696,"free boson",2,7
7697,"riemann hilbert problem",3,7
7698,"high energy density wave",4,7
7699,"bogoliubov approximation",2,7
7700,"distributed memory",2,7
7701,"essentially exact",2,7
7702,"spin gap delta",3,7
7703,"high energy release",3,7
7704,"characteristic sizes",2,7
7705,"two dimensional 2d electron gas",5,7
7706,"coulomb barrier",2,7
7707,"dot qd",2,7
7708,"crossing approximation",2,7
7709,"nmr quantum",2,7
7710,"variance sigma2",2,7
7711,"primitive model",2,7
7712,"hartree fock bogoliubov",3,7
7713,"peak intensities",2,7
7714,"treated exactly",2,7
7715,"inelastic neutron",2,7
7716,"mott insulators",2,7
7717,"droplet model",2,7
7718,"weak ferromagnetism",2,7
7719,"evolving networks",2,7
7720,"exact enumeration",2,7
7721,"single exciton",2,7
7722,"homogeneous nucleation",2,7
7723,"half metallic",2,7
7724,"site dilution",2,7
7725,"orbital configuration",2,7
7726,"perturbative nature",2,7
7727,"nash equilibrium",2,7
7728,"vertical direction",2,7
7729,"models fail",2,7
7730,"entirely consistent",2,7
7731,"multi fractal",2,7
7732,"2d electrons",2,7
7733,"specific frequencies",2,7
7734,"direction perpendicular magnetic field",4,7
7735,"integer quantum hall effect",4,7
7736,"mode coupling regime",3,7
7737,"self consistent picture",3,7
7738,"ce cuo",2,7
7739,"degenerate fermi gas",3,7
7740,"boron layers",2,7
7741,"activation energies",2,7
7742,"short timescale",2,7
7743,"intermediate densities",2,7
7744,"triplet excitations",2,7
7745,"superconducting transition temperature dependent",4,7
7746,"ordered ground state",3,7
7747,"remain valid",2,7
7748,"exactly soluble",2,7
7749,"apparent velocity",2,7
7750,"vacuum bubbles",2,7
7751,"arrival time",2,7
7752,"rms amplitude",2,7
7753,"strongly chaotic",2,7
7754,"two definitions",2,7
7755,"spherically reduced",2,7
7756,"isolated horizons",2,7
7757,"half integral",2,7
7758,"wheeler dewitt equation",3,7
7759,"initial data set",3,7
7760,"rotation law",2,7
7761,"gamma ray burst",3,7
7762,"gravitational radiation field theory",4,7
7763,"klein gordon equation",3,7
7764,"rotating neutron stars",3,7
7765,"reissner nordstrom black hole",4,7
7766,"cauchy horizon",2,7
7767,"rho propto",2,7
7768,"unit volume",2,7
7769,"doppler shifted",2,7
7770,"pseudoholomorphic curves",2,7
7771,"unit disc",2,7
7772,"stein manifolds",2,7
7773,"homology sphere",2,7
7774,"non deterministic",2,7
7775,"pade approximant",2,7
7776,"ricci curvature",2,7
7777,"semisimple hopf algebra",3,7
7778,"b1 b2",2,7
7779,"linking numbers",2,7
7780,"non archimedean",2,7
7781,"hypergeometric function",2,7
7782,"maximal ideal",2,7
7783,"simple exclusion process",3,7
7784,"obtain quantitative",2,7
7785,"valued functions",2,7
7786,"exact sequences",2,7
7787,"hodge structure",2,7
7788,"finite coxeter",2,7
7789,"automorphic forms",2,7
7790,"disjoint union",2,7
7791,"blow ups",2,7
7792,"semisimple lie group",3,7
7793,"tangent bundle",2,7
7794,"deligne mumford",2,7
7795,"lagrangian averaged",2,7
7796,"centre manifold",2,7
7797,"bounded error",2,7
7798,"upper half",2,7
7799,"inner crust",2,7
7800,"medium sensitivity",2,7
7801,"mechanisms leading",2,7
7802,"doppler shifts",2,7
7803,"chaotic inflation",2,7
7804,"einstein de",2,7
7805,"solar masses below",3,7
7806,"fields covering",2,7
7807,"oscillating neutrinos",2,7
7808,"free floating planets",3,7
7809,"shock heating",2,7
7810,"smoothed particle hydrodynamics",3,7
7811,"extinction curve",2,7
7812,"fairly small",2,7
7813,"hubble deep field hdf",4,7
7814,"hydrodynamical equations",2,7
7815,"ray transients",2,7
7816,"least partially",2,7
7817,"visual magnitude",2,7
7818,"stellar oscillations",2,7
7819,"kev per",2,7
7820,"wavelength dependent",2,7
7821,"supernovae sne",2,7
7822,"cost effective",2,7
7823,"jet driven",2,7
7824,"oh ir",2,7
7825,"pulsation modes",2,7
7826,"calibrated spectra",2,7
7827,"over timescales",2,7
7828,"magnitude limited",2,7
7829,"cosmic star",2,7
7830,"well matched",2,7
7831,"front end electronics",3,7
7832,"dynamo generated",2,7
7833,"chandra observations indicate",3,7
7834,"hydrogen recombination",2,7
7835,"atacama desert",2,7
7836,"damped ly alpha",3,7
7837,"nuclear starbursts",2,7
7838,"vibrational properties",2,7
7839,"masses per",2,7
7840,"recombination line",2,7
7841,"ray transient",2,7
7842,"forbidden lines",2,7
7843,"many body simulations",3,7
7844,"cdm models",2,7
7845,"induced showers",2,7
7846,"astrometric measurements",2,7
7847,"noise levels",2,7
7848,"count rates",2,7
7849,"high energy ranges",3,7
7850,"damped lyman alpha",3,7
7851,"temperature interval",2,7
7852,"relativistic fireball",2,7
7853,"astrometric data",2,7
7854,"cosmic variance",2,7
7855,"earlier findings",2,7
7856,"2mass data",2,7
7857,"restrict ourselves",2,7
7858,"angular momentum transport",3,7
7859,"microscopic details",2,7
7860,"hydrogen atmosphere",2,7
7861,"length scale structure",3,7
7862,"luminosity classes",2,7
7863,"abundance determination",2,7
7864,"near ir spectroscopy",3,7
7865,"dense molecular gas",3,7
7866,"lockman hole",2,7
7867,"rosat pspc data",3,7
7868,"tidal interactions",2,7
7869,"ray emitting",2,7
7870,"extreme ultraviolet",2,7
7871,"fast fourier transform",3,7
7872,"median redshift survey",3,7
7873,"brightness distributions",2,7
7874,"fornax cluster",2,7
7875,"extreme ultraviolet euv",3,7
7876,"bl lac objects",3,7
7877,"optically selected qsos",3,7
7878,"methanol maser",2,7
7879,"brightness temperature",2,7
7880,"periodic oscillation",2,7
7881,"gamma ray astronomy",3,7
7882,"systematic trend",2,7
7883,"metal poor halo stars",4,7
7884,"seyfert type",2,7
7885,"multi object spectrograph",3,7
7886,"galactic nucleus",2,7
7887,"nuclear astrophysics",2,7
7888,"limb darkening",2,7
7889,"color magnitude diagram",3,7
7890,"telescope compact",2,7
7891,"sub millimetre",2,7
7892,"transient xte j1118+480",3,7
7893,"brightness distribution",2,7
7894,"proto galaxies",2,7
7895,"local group dwarf galaxy",4,7
7896,"superluminal motion",2,7
7897,"cross correlation function",3,7
7898,"hot dust",2,7
7899,"red wing",2,7
7900,"accretion disk wind",3,7
7901,"ionization equilibrium",2,7
7902,"parameters teff",2,7
7903,"rr lyrae",2,7
7904,"mjy level",2,7
7905,"during reheating",2,7
7906,"total mass fraction",3,7
7907,"baryonic dark matter",3,7
7908,"class telescopes",2,7
7909,"period derivative",2,7
7910,"nebula ngc",2,7
7911,"intrinsic property",2,7
7912,"environment induced",2,7
7913,"red shifts",2,7
7914,"myr ago",2,7
7915,"consistent histories",2,7
7916,"optically bright",2,7
7917,"dynamical modeling",2,7
7918,"orbital decay",2,7
7919,"relativistic hydrodynamic",2,7
7920,"bl lac object",3,7
7921,"main sequence turnoff",3,7
7922,"mock catalogs",2,7
7923,"roche lobe",2,7
7924,"cooling processes",2,7
7925,"expansion velocities",2,7
7926,"singular isothermal sphere",3,7
7927,"longer wavelengths",2,7
7928,"mm wave",2,7
7929,"interstellar dust emission",3,7
7930,"three body simulations",3,7
7931,"small angular scales",3,7
7932,"primary cosmic ray",3,7
7933,"dwarf novae",2,7
7934,"improved gauge field",3,7
7935,"asymmetric double well",3,7
7936,"rosat hri",2,7
7937,"gravitationally lensed images",3,7
7938,"width difference",2,7
7939,"caustic crossing",2,7
7940,"spin period",2,7
7941,"ionization states",2,7
7942,"fractal dimensions",2,7
7943,"universal soft breaking",3,7
7944,"matching procedure",2,7
7945,"gauge anomalies",2,7
7946,"new physics program",3,7
7947,"scintillation light",2,7
7948,"kaluza klein kk",3,7
7949,"mediated supersymmetry",2,7
7950,"functions pdfs",2,7
7951,"parton density",2,7
7952,"neutrino properties",2,7
7953,"chern class",2,7
7954,"available data sets",3,7
7955,"ms scheme",2,7
7956,"baryon number violation",3,7
7957,"cp violating phases",3,7
7958,"non gaussian approximation",3,7
7959,"violating operators",2,7
7960,"multi channel",2,7
7961,"qed corrections",2,7
7962,"fundamental planck scale",3,7
7963,"preferred region",2,7
7964,"baryogenesis via",2,7
7965,"non uniformly",2,7
7966,"bjorken limit",2,7
7967,"analytical formulae",2,7
7968,"precise definition",2,7
7969,"experimental upper bound",3,7
7970,"sigma significance",2,7
7971,"specific realization",2,7
7972,"asymptotic estimates",2,7
7973,"mass matrix elements",3,7
7974,"positron proton",2,7
7975,"stop masses",2,7
7976,"gluon jets",2,7
7977,"two higgs boson production",4,7
7978,"spontaneous cp violation",3,7
7979,"electroweak radiative corrections",3,7
7980,"phase coexistence",2,7
7981,"nonrelativistic spin",2,7
7982,"precise predictions",2,7
7983,"stringent test",2,7
7984,"approximation breaks",2,7
7985,"beam asymmetry",2,7
7986,"charge redistribution",2,7
7987,"pade approximants",2,7
7988,"minimal supersymmetric standard model sm",5,7
7989,"charmless hadronic",2,7
7990,"experimental realizations",2,7
7991,"radiative muon",2,7
7992,"dglap evolution equations",3,7
7993,"large mixing angle",3,7
7994,"altarelli parisi",2,7
7995,"charged higgs boson production",4,7
7996,"holographic interpretation",2,7
7997,"gravity duals",2,7
7998,"born infeld theory",3,7
7999,"ultraviolet fixed point",3,7
8000,"single wall",2,7
8001,"chaplygin gas",2,7
8002,"similarity transformation",2,7
8003,"unruh effect",2,7
8004,"uncertainty relation",2,7
8005,"commutation relation",2,7
8006,"moyal deformation",2,7
8007,"unit vector",2,7
8008,"chern character",2,7
8009,"large noncommutativity limit",3,7
8010,"commutative chern simons theory",4,7
8011,"vacuum energy spectrum",3,7
8012,"superconformal algebras",2,7
8013,"singular value",2,7
8014,"euclidean signature",2,7
8015,"superfield formulation",2,7
8016,"harmonic superspace approach",3,7
8017,"quasinormal modes",2,7
8018,"symmetry axes",2,7
8019,"generalized coherent state",3,7
8020,"diagrammatic approach",2,7
8021,"effective lagrangians",2,7
8022,"lends itself",2,7
8023,"highest weight representations",3,7
8024,"non abelian gauge theory",4,7
8025,"killing spinors",2,7
8026,"path integral techniques",3,7
8027,"spectrum displays",2,7
8028,"higgs fields",2,7
8029,"curved backgrounds",2,7
8030,"noncommutative gauge field",3,7
8031,"davey stewartson",2,7
8032,"guaranteed time",2,7
8033,"riemann hypothesis",2,7
8034,"algorithmic information",2,7
8035,"talk reviews",2,7
8036,"atomic parity violation",3,7
8037,"strangeness enhancement",2,7
8038,"atmospheric muon neutrinos",3,7
8039,"cern large",2,7
8040,"four lep collaborations",3,7
8041,"after correcting",2,7
8042,"4s resonance",2,7
8043,"lepton flavor violating",3,7
8044,"leading order nlo qcd",4,7
8045,"phenomenological studies",2,7
8046,"flat rotation",2,7
8047,"ca si",2,7
8048,"optical fiber",2,7
8049,"longitudinal expansion",2,7
8050,"satellite mission",2,7
8051,"relative error",2,7
8052,"20th century",2,7
8053,"neutrino astrophysics",2,7
8054,"divergence free",2,7
8055,"elastic waves",2,7
8056,"autocorrelation functions",2,7
8057,"specific frequency",2,7
8058,"magic number",2,7
8059,"phase locking",2,7
8060,"resonant excitation",2,7
8061,"cat map",2,7
8062,"wavelet transforms",2,7
8063,"reason why",2,7
8064,"pattern selection",2,7
8065,"separated variables",2,7
8066,"deuteron wave function",3,7
8067,"plausible mechanism",2,7
8068,"pure neutron",2,7
8069,"total energy range",3,7
8070,"knockout reactions",2,7
8071,"kinematical conditions",2,7
8072,"constituent quark confinement",3,7
8073,"quark gluon string",3,7
8074,"extreme values",2,7
8075,"parameter sets",2,7
8076,"pattern matching",2,7
8077,"entanglement assisted",2,7
8078,"entanglement swapping",2,7
8079,"wigner functions",2,7
8080,"duffin kemmer",2,7
8081,"photonic crystal",2,7
8082,"quantization rule",2,7
8083,"multiple copies",2,7
8084,"distillable entanglement",2,7
8085,"nonlinear oscillators",2,7
8086,"dark soliton",2,7
8087,"preliminary experimental data",3,7
8088,"generalized coherent",2,7
8089,"two dimensional electron hole",4,7
8090,"velocity curve",2,7
8091,"large scale free networks",4,7
8092,"geometrically frustrated",2,7
8093,"strongly localized",2,7
8094,"bi hamiltonian",2,7
8095,"host medium",2,7
8096,"ashkin teller",2,7
8097,"state potts",2,7
8098,"temperatures below tc",3,7
8099,"symmetry considerations",2,7
8100,"gaas gaalas",2,7
8101,"superconductivity htsc",2,7
8102,"drude weight",2,7
8103,"electrical resistance",2,7
8104,"mg b2",2,7
8105,"screening length",2,7
8106,"classically chaotic",2,7
8107,"frustrated antiferromagnets",2,7
8108,"spin-1 heisenberg model",3,7
8109,"charge ordered state",3,7
8110,"collective behaviour",2,7
8111,"kondo impurities",2,7
8112,"magnetic impurity scattering",3,7
8113,"multi domain",2,7
8114,"fermi surface density",3,7
8115,"semiconductor superlattice",2,7
8116,"structural distortions",2,7
8117,"low density environments",3,7
8118,"colliding particles",2,7
8119,"diblock copolymers",2,7
8120,"residual resistivity",2,7
8121,"vibrational density",2,7
8122,"avoided level crossings",3,7
8123,"superconducting ground state",3,7
8124,"alpha relaxation",2,7
8125,"characteristic time evolution",3,7
8126,"strong tendency",2,7
8127,"highly dense",2,7
8128,"absorption feature",2,7
8129,"appropriately chosen",2,7
8130,"risk management",2,7
8131,"orientational order",2,7
8132,"simple cubic lattice",3,7
8133,"second epoch",2,7
8134,"rarefied gas",2,7
8135,"velocity distribution function",3,7
8136,"galactic latitudes",2,7
8137,"stellar atmosphere",2,7
8138,"dipole radiation",2,7
8139,"main topics",2,7
8140,"su uma",2,7
8141,"outer disk",2,7
8142,"astronomical measurements",2,7
8143,"type ia supernova",3,7
8144,"accreting gas",2,7
8145,"greisen zatsepin kuzmin",3,7
8146,"multi photon",2,7
8147,"magnetar model",2,7
8148,"ultra compact",2,7
8149,"radio source sgr",3,7
8150,"nearby spiral galaxy",3,7
8151,"accepted values",2,7
8152,"assumed distance",2,7
8153,"direct project",2,7
8154,"sub arcsecond",2,7
8155,"eclipsing binaries",2,7
8156,"star formation process",3,7
8157,"dredge up",2,7
8158,"post agb stars",3,7
8159,"common envelope",2,7
8160,"main sequence companion",3,7
8161,"fundamental constants",2,7
8162,"time varying alpha",3,7
8163,"selection function",2,7
8164,"light element",2,7
8165,"da white dwarfs",3,7
8166,"board chandra observations",3,7
8167,"image subtraction",2,7
8168,"density waves",2,7
8169,"high energy cut",3,7
8170,"power law tail",3,7
8171,"finite size distribution",3,7
8172,"count rate",2,7
8173,"globular clusters gcs",3,7
8174,"galaxy formation process",3,7
8175,"gamma ray emission line",4,7
8176,"broken power law",3,7
8177,"cluster expansion",2,7
8178,"naturally explains",2,7
8179,"training data",2,7
8180,"artificial neural network",3,7
8181,"millimeter wavelengths",2,7
8182,"kitt peak",2,7
8183,"hydrogen ionization",2,7
8184,"rotating dust",2,7
8185,"secondary electrons",2,7
8186,"qso host galaxy",3,7
8187,"tidal field",2,7
8188,"photometric calibration",2,7
8189,"physical quantity",2,7
8190,"protoplanetary disks",2,7
8191,"tev blazars",2,7
8192,"radio telescopes",2,7
8193,"produce substantial",2,7
8194,"late stages",2,7
8195,"hi distribution",2,7
8196,"seyfert galaxy mrk",3,7
8197,"old ellipticals",2,7
8198,"brightness profiles",2,7
8199,"pairwise peculiar",2,7
8200,"deep hst wfpc2",3,7
8201,"planck mission",2,7
8202,"formation epoch",2,7
8203,"blue compact dwarf galaxy",4,7
8204,"abundance determinations",2,7
8205,"wide wavelength",2,7
8206,"chandra image",2,7
8207,"logarithmic term",2,7
8208,"absorption cross",2,7
8209,"rotational level",2,7
8210,"tidal tails",2,7
8211,"correlation coefficients",2,7
8212,"circumstellar material",2,7
8213,"type ii supernovae sne",4,7
8214,"ryle telescope",2,7
8215,"si iv",2,7
8216,"metal enrichment",2,7
8217,"poor groups",2,7
8218,"nearly complete sample",3,7
8219,"arcsec kpc",2,7
8220,"large array vla",3,7
8221,"boolean functions",2,7
8222,"discrete versions",2,7
8223,"universal enveloping",2,7
8224,"schubert calculus",2,7
8225,"odd prime",2,7
8226,"drag force",2,7
8227,"hyperelliptic curves",2,7
8228,"projective plane",2,7
8229,"compact hyperbolic",2,7
8230,"two sided",2,7
8231,"contact structures",2,7
8232,"analytic torsion",2,7
8233,"cyclic cohomology",2,7
8234,"light higgs",2,7
8235,"bi hamiltonian systems",3,7
8236,"symmetric powers",2,7
8237,"step size",2,7
8238,"phonon mediated",2,7
8239,"mn ions",2,7
8240,"information capacity",2,7
8241,"multifractal spectrum",2,7
8242,"fractional statistics",2,7
8243,"unique feature",2,7
8244,"decay mode coupling",3,7
8245,"bifurcation diagram",2,7
8246,"al nature bf",3,7
8247,"paramagnetic phase transition",3,7
8248,"bond stretching",2,7
8249,"random perturbations",2,7
8250,"temperature superconductors",2,7
8251,"diffusive motion",2,7
8252,"omega propto",2,7
8253,"flux penetration",2,7
8254,"antiferromagnetic af",2,7
8255,"mott transition",2,7
8256,"states belonging",2,7
8257,"surface reconstruction",2,7
8258,"optimal doping",2,7
8259,"quasiparticle excitation",2,7
8260,"short time evolution",3,7
8261,"magnetic semiconductors",2,7
8262,"unit cell volume",3,7
8263,"object moving",2,7
8264,"viscous dissipation",2,7
8265,"radial coordinate",2,7
8266,"spacetime foam",2,7
8267,"dynamical regimes",2,7
8268,"numerical codes",2,7
8269,"characteristic frequencies",2,7
8270,"fourier modes",2,7
8271,"light front qcd",3,7
8272,"indirect searches",2,7
8273,"diffraction measurements",2,7
8274,"box diagrams",2,7
8275,"three loop integrals",3,7
8276,"violating phase",2,7
8277,"vector currents",2,7
8278,"ep collisions",2,7
8279,"fortran code",2,7
8280,"yukawa coupling",2,7
8281,"single logarithmic",2,7
8282,"large tan beta decay",4,7
8283,"nuclear shadowing",2,7
8284,"tritium beta decay",3,7
8285,"highly non trivial",3,7
8286,"order nlo",2,7
8287,"minimal supersymmetric particles",3,7
8288,"parity violating couplings",3,7
8289,"universal soft",2,7
8290,"supersymmetry breaking parameters",3,7
8291,"final state rescattering",3,7
8292,"global supersymmetry",2,7
8293,"lepton pairs",2,7
8294,"dilepton production",2,7
8295,"flat extra dimension",3,7
8296,"cancellation mechanism",2,7
8297,"antiquark potential",2,7
8298,"many topics",2,7
8299,"flavour violation",2,7
8300,"helicity structure",2,7
8301,"virtual compton scattering",3,7
8302,"cabibbo kobayashi maskawa ckm",4,7
8303,"three body problem",3,7
8304,"li na",2,7
8305,"convective zone",2,7
8306,"relative stability",2,7
8307,"ionization parameters",2,7
8308,"energetic electrons",2,7
8309,"magnetohydrodynamic mhd",2,7
8310,"reaction rates",2,7
8311,"supersymmetric quantum mechanical",3,7
8312,"classically forbidden",2,7
8313,"kdv hierarchy",2,7
8314,"noise strength",2,7
8315,"transmission coefficient",2,7
8316,"particle wavefunctions",2,7
8317,"cpt invariance",2,7
8318,"nuclear structure functions",3,7
8319,"highly deformed",2,7
8320,"forward direction",2,7
8321,"lagrangian density",2,7
8322,"kadanoff baym",2,7
8323,"simeq mev",2,7
8324,"toda type",2,7
8325,"high temperature independent",3,7
8326,"multi instanton",2,7
8327,"kink solution",2,7
8328,"invariant mass energies",3,7
8329,"low energy cut",3,7
8330,"scalar exchange",2,7
8331,"half filled hubbard model",4,7
8332,"ramond background",2,7
8333,"tachyon vacuum state",3,7
8334,"localization corrections",2,7
8335,"bps domain wall solutions",4,7
8336,"horizon area",2,7
8337,"exact solutions describing",3,7
8338,"killing vectors",2,7
8339,"five dimensional supergravity",3,7
8340,"hawking entropy",2,7
8341,"go theorems",2,7
8342,"partially massless",2,7
8343,"diffeomorphism invariance",2,7
8344,"perturbative unitarity",2,7
8345,"physics community",2,7
8346,"brane worldvolume",2,7
8347,"massive thirring",2,7
8348,"web sites",2,7
8349,"randomized algorithm",2,7
8350,"connected component",2,7
8351,"genetic algorithm",2,7
8352,"tracking techniques",2,7
8353,"kekb asymmetric",2,7
8354,"heavy stable",2,7
8355,"hybrid structures",2,7
8356,"quenched domain wall fermions",4,7
8357,"propagates through",2,7
8358,"positive partial transpose",3,7
8359,"two dimensional hilbert space",4,7
8360,"error correcting codes",3,7
8361,"sudden change",2,7
8362,"realistic theories",2,7
8363,"local hidden variable",3,7
8364,"electronic devices",2,7
8365,"high pressure induced",3,7
8366,"game theory",2,7
8367,"quantum information transfer",3,7
8368,"reflection matrices",2,7
8369,"epr correlations",2,7
8370,"information retrieval",2,7
8371,"spherical topology",2,7
8372,"driven diffusive",2,7
8373,"spin ladder",2,7
8374,"dynamically broken",2,7
8375,"flux pinning",2,7
8376,"high pressure synthesis",3,7
8377,"exchange rates",2,7
8378,"bond percolation",2,7
8379,"generically finite",2,7
8380,"scattering rate tau",3,7
8381,"lattice relaxation rate",3,7
8382,"stretched exponential decay",3,7
8383,"conductance peak",2,7
8384,"inas quantum dots",3,7
8385,"quantitative description",2,7
8386,"coefficient functions",2,7
8387,"hopping term",2,7
8388,"dtc dp",2,7
8389,"critical exponent nu",3,7
8390,"insulating side",2,7
8391,"free energy density",3,7
8392,"gel fand",2,7
8393,"magnitude higher",2,7
8394,"dislocation dynamics",2,7
8395,"cayley tree",2,7
8396,"ensemble averaged",2,7
8397,"monte carlo techniques",3,7
8398,"wave front",2,7
8399,"ornstein zernike",2,7
8400,"clean systems",2,7
8401,"few degrees",2,7
8402,"field hc2",2,7
8403,"universal conductance",2,7
8404,"logarithmic slope",2,7
8405,"prime numbers",2,7
8406,"parallel computers",2,7
8407,"clearly indicate",2,7
8408,"largest eigenvalue",2,7
8409,"long time dependence",3,7
8410,"world network",2,7
8411,"striking features",2,7
8412,"spin chain compound",3,7
8413,"critical current densities",3,7
8414,"resistor networks",2,7
8415,"density wave function",3,7
8416,"spectroscopy arpes",2,7
8417,"wrapped around",2,7
8418,"dc squid",2,7
8419,"single electron transistors",3,7
8420,"non equilibrium green function",4,7
8421,"spin configuration",2,7
8422,"tube like",2,7
8423,"polymer systems",2,7
8424,"containing exactly",2,7
8425,"rod like",2,7
8426,"purely bosonic",2,7
8427,"final stage",2,7
8428,"uv absorption",2,7
8429,"multiwavelength observations",2,7
8430,"las campanas",2,7
8431,"lx erg",2,7
8432,"circumstellar disk",2,7
8433,"cepheid distance",2,7
8434,"astrophysical phenomena",2,7
8435,"ultraviolet spectroscopy",2,7
8436,"angular size",2,7
8437,"forming region",2,7
8438,"galaxies ulirgs",2,7
8439,"tully fisher relation",3,7
8440,"schmidt telescope",2,7
8441,"standard inflationary",2,7
8442,"fe cr",2,7
8443,"easily detectable",2,7
8444,"millisecond pulsar",2,7
8445,"closest approach",2,7
8446,"spectral energy distributions",3,7
8447,"catastrophe theory",2,7
8448,"length scale dependence",3,7
8449,"galactic microquasar grs",3,7
8450,"line fluxes",2,7
8451,"ray emission measure",3,7
8452,"tw hydrae",2,7
8453,"new discoveries",2,7
8454,"angular correlation",2,7
8455,"mass outflow",2,7
8456,"absorbing gas",2,7
8457,"relaxed cluster",2,7
8458,"cosmic microwave background cmb anisotropies",5,7
8459,"drastically reduce",2,7
8460,"ccd camera",2,7
8461,"unusually high",2,7
8462,"group environment",2,7
8463,"intermediate class",2,7
8464,"exponential decay rate",3,7
8465,"numerical invariants",2,7
8466,"polynomial maps",2,7
8467,"frobenius theorem",2,7
8468,"affine weyl group",3,7
8469,"spatial clustering",2,7
8470,"chain complexes",2,7
8471,"noncommutative version",2,7
8472,"formal power series",3,7
8473,"symplectic topology",2,7
8474,"homology classes",2,7
8475,"von neumann algebra",3,7
8476,"hilbert schemes",2,7
8477,"laplace type",2,7
8478,"cartan subalgebra",2,7
8479,"odd dimensional",2,7
8480,"friedmann robertson walker frw",4,7
8481,"hartle hawking",2,7
8482,"bogoliubov transformation",2,7
8483,"lorentz contraction",2,7
8484,"fluctuation modes",2,7
8485,"hypernetted chain",2,7
8486,"cdot gev",2,7
8487,"particle ratios",2,7
8488,"faddeev equations",2,7
8489,"hot hadronic",2,7
8490,"drop model",2,7
8491,"event fluctuations",2,7
8492,"helium atom",2,7
8493,"formal expression",2,7
8494,"theta divisor",2,7
8495,"particle multiplicity",2,7
8496,"hermitian hamiltonians",2,7
8497,"lie superalgebra",2,7
8498,"general conclusions",2,7
8499,"geometric realization",2,7
8500,"multi solitons",2,7
8501,"phase matching",2,7
8502,"cubic symmetry",2,7
8503,"rigid body",2,7
8504,"transverse component",2,7
8505,"phenomenon occurring",2,7
8506,"exponential suppression",2,7
8507,"matrix renormalization",2,7
8508,"warped compactifications",2,7
8509,"orbital excitations",2,7
8510,"doubly cabibbo favored",3,7
8511,"bjorken variable",2,7
8512,"factorization scales",2,7
8513,"oscillation probability",2,7
8514,"chi2 analysis",2,7
8515,"pati salam",2,7
8516,"charged pion",2,7
8517,"soft pomeron",2,7
8518,"abelian gauge theories",3,7
8519,"string dualities",2,7
8520,"perturbed conformal",2,7
8521,"iia superstring",2,7
8522,"blown up",2,7
8523,"nonlinear supersymmetry",2,7
8524,"casimir energy density",3,7
8525,"abelian gauge group",3,7
8526,"rr fluxes",2,7
8527,"higher derivative gravity",3,7
8528,"single particle production",3,7
8529,"charge conservation",2,7
8530,"coleman weinberg",2,7
8531,"deceleration parameter",2,7
8532,"fermion mass spectrum",3,7
8533,"poisson brackets",2,7
8534,"machine learning",2,7
8535,"positively charged",2,7
8536,"axiomatic approach",2,7
8537,"asymptotically hyperbolic",2,7
8538,"strongly affects",2,7
8539,"super kamiokande detector",3,7
8540,"gravitino mass",2,7
8541,"zenith angle",2,7
8542,"screening mass",2,7
8543,"lowest lying",2,7
8544,"squeezed light",2,7
8545,"linear optics",2,7
8546,"classical capacity",2,7
8547,"multi party",2,7
8548,"two halves",2,7
8549,"semiclassical analysis",2,7
8550,"electrodynamics qed",2,7
8551,"two dimensional ising",3,7
8552,"transfer operator",2,7
8553,"complete suppression",2,7
8554,"domain growth",2,7
8555,"parity check",2,7
8556,"electron beams",2,7
8557,"external electromagnetic field",3,7
8558,"quantum interference device",3,7
8559,"topological defect",2,7
8560,"diatomic molecules",2,7
8561,"analytic treatment",2,7
8562,"operator acting",2,7
8563,"supersymmetry transformations",2,7
8564,"individual atoms",2,7
8565,"minkowski spacetime",2,7
8566,"polarization asymmetry",2,7
8567,"two concentric",2,7
8568,"forward scattering",2,7
8569,"individual objects",2,7
8570,"per site",2,7
8571,"traveling wave",2,7
8572,"constraint satisfaction",2,7
8573,"historical data",2,7
8574,"relational database",2,7
8575,"genetic information",2,7
8576,"folding process",2,7
8577,"power supplies",2,7
8578,"national ignition facility nif",4,7
8579,"recursion relation",2,7
8580,"body systems",2,7
8581,"poincare algebra",2,7
8582,"curved manifold",2,7
8583,"preserving maps",2,7
8584,"thirring model",2,7
8585,"frw cosmologies",2,7
8586,"self duality",2,7
8587,"spin glass phase transition",4,7
8588,"irreversibility line",2,7
8589,"operator interface",2,7
8590,"theoretical ideas",2,7
8591,"periodic anderson model",3,7
8592,"thermodynamic instability",2,7
8593,"condensed atomic",2,7
8594,"semi hard",2,7
8595,"bose einstein condensation bec",4,7
8596,"generic feature",2,7
8597,"transition temperature dependent",3,7
8598,"poor solvent",2,7
8599,"anisotropy ratio",2,7
8600,"coriolis force",2,7
8601,"superconducting grains",2,7
8602,"low energy distribution function",4,7
8603,"condensed matter fields",3,7
8604,"ising like",2,7
8605,"spinless electrons",2,7
8606,"nanometer scale",2,7
8607,"competing interactions",2,7
8608,"thermal cloud",2,7
8609,"critical currents",2,7
8610,"roughly constant",2,7
8611,"cu zn",2,7
8612,"cartan matrix",2,7
8613,"vassiliev invariants",2,7
8614,"catalan numbers",2,7
8615,"nearly flat",2,7
8616,"mean curvature",2,7
8617,"order elliptic",2,7
8618,"affine lie algebra",3,7
8619,"homotopy type",2,7
8620,"lagrangian submanifolds",2,7
8621,"gibbons hawking",2,7
8622,"hyperkaehler manifolds",2,7
8623,"cochain complex",2,7
8624,"heavily absorbed",2,7
8625,"alternative interpretation",2,7
8626,"galactic globular cluster",3,7
8627,"morphological evolution",2,7
8628,"globular cluster core",3,7
8629,"ray pulsar",2,7
8630,"missing link",2,7
8631,"convective core",2,7
8632,"cdm universe",2,7
8633,"diffusion monte carlo",3,7
8634,"dispersion laws",2,7
8635,"two dimensional ising models",4,7
8636,"double exchange interaction",3,7
8637,"under reverse",2,7
8638,"zero angular",2,7
8639,"phonon frequencies",2,7
8640,"weak coupling constants",3,7
8641,"skyrmion excitations",2,7
8642,"pronounced peak",2,7
8643,"concentrated near",2,7
8644,"international conference",2,7
8645,"second moment",2,7
8646,"kardar parisi zhang equation",4,7
8647,"hot spot",2,7
8648,"loss processes",2,7
8649,"confining phase transition",3,7
8650,"exclusion principle",2,7
8651,"quasi elastic scattering",3,7
8652,"comprehensive description",2,7
8653,"collision rates",2,7
8654,"preserving properties",2,7
8655,"expanded version",2,7
8656,"modular invariant",2,7
8657,"stringent limits",2,7
8658,"linearized gravity",2,7
8659,"coulomb gauge theory",3,7
8660,"stable neutron stars",3,7
8661,"orbital frequency",2,7
8662,"neutrino beam",2,7
8663,"parkes multibeam",2,7
8664,"greatly improved",2,7
8665,"globular cluster systems",3,7
8666,"inner disc",2,7
8667,"intra cluster medium",3,7
8668,"holes bhs",2,7
8669,"sloan digital sky survey commissioning",5,7
8670,"background xrb",2,7
8671,"hi absorption",2,7
8672,"deep field north",3,7
8673,"strong constraint",2,7
8674,"nf nc",2,7
8675,"maximum likelihood analysis",3,7
8676,"advanced ccd imaging spectrometer",4,7
8677,"stellar coronae",2,7
8678,"dynamo action",2,7
8679,"fuse spectra",2,7
8680,"red giants",2,7
8681,"confidence levels",2,7
8682,"moving around",2,7
8683,"ultra short",2,7
8684,"necessarily imply",2,7
8685,"spatiotemporal dynamics",2,7
8686,"electromagnetic calorimeter",2,7
8687,"psi 2s",2,7
8688,"h1 collaboration",2,7
8689,"talk summarizes",2,7
8690,"kahler potential",2,7
8691,"percent level",2,7
8692,"neutralino decays",2,7
8693,"crystal extraction",2,7
8694,"lambda hyperon",2,7
8695,"insertion devices",2,7
8696,"flavour structure",2,7
8697,"ionizing background",2,7
8698,"quiescent luminosity",2,7
8699,"breakup reactions",2,7
8700,"rapidity density",2,7
8701,"overlap dirac fermions",3,7
8702,"fermion determinant",2,7
8703,"pion decay constant",3,7
8704,"pseudoscalar meson masses",3,7
8705,"lattice gauge coupling",3,7
8706,"quark flavors nf",3,7
8707,"hard pomeron",2,7
8708,"nucleon sea",2,7
8709,"deuteron wave",2,7
8710,"chiral constituent quark",3,7
8711,"pion exchange interaction",3,7
8712,"hadron gas",2,7
8713,"spin asymmetries",2,7
8714,"long baseline neutrino oscillations",4,7
8715,"tevatron energies",2,7
8716,"leptogenesis mechanism",2,7
8717,"atmospheric neutrino mass",3,7
8718,"sno cc",2,7
8719,"heavy quark antiquark",3,7
8720,"fixing term",2,7
8721,"resolved conifold",2,7
8722,"deformed conifold",2,7
8723,"asymptotically de sitter space",4,7
8724,"schrodinger cat",2,6
8725,"two parties alice",3,6
8726,"euler angles",2,6
8727,"least orders",2,6
8728,"inversion problems",2,6
8729,"operator valued measures",3,6
8730,"general recipe",2,6
8731,"epr paradox",2,6
8732,"testable predictions",2,6
8733,"coulomb sturmian",2,6
8734,"complementary observables",2,6
8735,"velocity field theory",3,6
8736,"linear oscillators",2,6
8737,"time dependent variables",3,6
8738,"rydberg atoms",2,6
8739,"precession rate",2,6
8740,"spatially correlated",2,6
8741,"entangled light",2,6
8742,"channel capacity",2,6
8743,"max planck",2,6
8744,"dimensional subspaces",2,6
8745,"second harmonic generation",3,6
8746,"electromagnetically induced transparency",3,6
8747,"condensates confined",2,6
8748,"pattern forming",2,6
8749,"diblock copolymer",2,6
8750,"like fermi liquid",3,6
8751,"orbital ordered",2,6
8752,"longitudinal optical phonons",3,6
8753,"tight binding hamiltonian",3,6
8754,"local thermodynamic equilibrium",3,6
8755,"moving domain",2,6
8756,"disordered medium",2,6
8757,"ii triplet",2,6
8758,"critical current density jc",4,6
8759,"break junction",2,6
8760,"high tc cuprate",3,6
8761,"magnetic multilayers",2,6
8762,"relaxation time scales",3,6
8763,"semiconductor quantum computer",3,6
8764,"double helix",2,6
8765,"macroion charge inversion",3,6
8766,"phonon dispersion",2,6
8767,"capacitively coupled",2,6
8768,"generalized langevin equation",3,6
8769,"core repulsion",2,6
8770,"threshold pc",2,6
8771,"time intervals",2,6
8772,"bending rigidity",2,6
8773,"analytical investigation",2,6
8774,"single vortex state",3,6
8775,"self trapped",2,6
8776,"oxidation state",2,6
8777,"efficient monte carlo",3,6
8778,"zero temperature dependent",3,6
8779,"metal insulator transition mit",4,6
8780,"number conserving",2,6
8781,"reaction diffusion process",3,6
8782,"tilt angle",2,6
8783,"stick slip",2,6
8784,"two dimensional electron densities",4,6
8785,"wide field theory",3,6
8786,"stable neutron",2,6
8787,"bessel beams",2,6
8788,"iron group",2,6
8789,"fractional quantum hall edge",4,6
8790,"pr ca mno",3,6
8791,"quantum criticality",2,6
8792,"free energy distributions",3,6
8793,"ferromagnetic metals",2,6
8794,"perpendicular magnetic field theory",4,6
8795,"fourier coefficients",2,6
8796,"stripe order",2,6
8797,"elasticity theory",2,6
8798,"screw dislocation",2,6
8799,"smectic liquid crystal",3,6
8800,"large tan",2,6
8801,"correlated hopping",2,6
8802,"gravitational binding",2,6
8803,"long range coulomb interaction",4,6
8804,"step edge",2,6
8805,"zero temperature tc",3,6
8806,"dyson type",2,6
8807,"spin density waves",3,6
8808,"effective dimensionality",2,6
8809,"low lying excited",3,6
8810,"em ab initio",3,6
8811,"htsc materials",2,6
8812,"crack growth",2,6
8813,"power law tail exponent",4,6
8814,"anomalous hall effect",3,6
8815,"two leg ladder",3,6
8816,"fitness landscapes",2,6
8817,"inhomogeneous magnetic",2,6
8818,"magneto transport",2,6
8819,"nmr relaxation rate t1",4,6
8820,"thermodynamic quantities",2,6
8821,"friction coefficient",2,6
8822,"insulating phase",2,6
8823,"electron phonon frequencies",3,6
8824,"magnetoresistance measurements",2,6
8825,"heisenberg chains",2,6
8826,"electric field strength",3,6
8827,"asymmetric double",2,6
8828,"collective coordinates",2,6
8829,"number conservation laws",3,6
8830,"condensed phase",2,6
8831,"cylindrical symmetry",2,6
8832,"energy radiated",2,6
8833,"affine weyl",2,6
8834,"warm inflation",2,6
8835,"ads black hole",3,6
8836,"circularly symmetric",2,6
8837,"rigidly rotating",2,6
8838,"scheme theoretic",2,6
8839,"translational symmetry",2,6
8840,"gravitomagnetic clock effect",3,6
8841,"dynamical evolution equations",3,6
8842,"preferred frame",2,6
8843,"accomplished through",2,6
8844,"term monitoring",2,6
8845,"barrett crane model",3,6
8846,"polytropic index",2,6
8847,"cos theta",2,6
8848,"quantum computations",2,6
8849,"spectral decomposition",2,6
8850,"solid torus",2,6
8851,"uq gl",2,6
8852,"real algebraic",2,6
8853,"complete intersections",2,6
8854,"weak equivalence principle",3,6
8855,"homotopy class",2,6
8856,"rigidity theorem",2,6
8857,"integral representations",2,6
8858,"symplectic leaves",2,6
8859,"harish chandra",2,6
8860,"complex multiplication",2,6
8861,"algebraic closure",2,6
8862,"elementary abelian",2,6
8863,"dilaton field",2,6
8864,"sur les",2,6
8865,"non autonomous",2,6
8866,"absolutely continuous",2,6
8867,"quasi fixed",2,6
8868,"slightly weaker",2,6
8869,"klein gordon model",3,6
8870,"burgers equation",2,6
8871,"floer homology",2,6
8872,"outer automorphisms",2,6
8873,"eliashberg theory",2,6
8874,"mapping spaces",2,6
8875,"integer coefficients",2,6
8876,"hardy space",2,6
8877,"compact convex set",3,6
8878,"uq su",2,6
8879,"monotone function",2,6
8880,"bipartite graphs",2,6
8881,"cauchy riemann",2,6
8882,"compact riemannian manifolds",3,6
8883,"charge conjugation",2,6
8884,"hilbert scheme",2,6
8885,"huygens principle",2,6
8886,"integer quantum",2,6
8887,"math ph",2,6
8888,"self intersection",2,6
8889,"sobolev spaces",2,6
8890,"nonlinear schr odinger equation",4,6
8891,"inertial forces",2,6
8892,"turbulent mixing",2,6
8893,"vi absorption",2,6
8894,"diffuse gamma ray",3,6
8895,"lesser extent",2,6
8896,"subaru telescope",2,6
8897,"remained constant",2,6
8898,"short summary",2,6
8899,"globular cluster center",3,6
8900,"blue straggler",2,6
8901,"spectrograph stis observations",3,6
8902,"faint object spectrograph",3,6
8903,"logn logs",2,6
8904,"semi regular",2,6
8905,"unified scheme",2,6
8906,"halpha emission lines",3,6
8907,"object spectrometer",2,6
8908,"ratios suggest",2,6
8909,"su uma type",3,6
8910,"binary black",2,6
8911,"rayleigh jeans",2,6
8912,"pulsar 4u",2,6
8913,"population synthesis model",3,6
8914,"lacertae objects",2,6
8915,"h2o masers",2,6
8916,"red supergiants",2,6
8917,"circumstellar dust emission",3,6
8918,"velocity amplitudes",2,6
8919,"rotation powered pulsars",3,6
8920,"bepposax satellite",2,6
8921,"radiation mechanisms",2,6
8922,"upward shift",2,6
8923,"khz qpo",2,6
8924,"primordial magnetic field",3,6
8925,"alfven wave",2,6
8926,"rotational modulation",2,6
8927,"euclidean distance",2,6
8928,"polar caps",2,6
8929,"preliminary discussion",2,6
8930,"poynting flux",2,6
8931,"energy balance",2,6
8932,"keplerian accretion disk",3,6
8933,"angular momentum conservation",3,6
8934,"minimum ionizing",2,6
8935,"stand alone",2,6
8936,"total mass ratio",3,6
8937,"sph code",2,6
8938,"narrow line seyfert galaxies nls1s",5,6
8939,"mid infrared spectroscopy",3,6
8940,"symbiotic binary",2,6
8941,"extinction map",2,6
8942,"projected distance",2,6
8943,"dust emission measure",3,6
8944,"merger remnant",2,6
8945,"remain intact",2,6
8946,"outer boundary",2,6
8947,"la palma",2,6
8948,"photometric monitoring",2,6
8949,"solar corona",2,6
8950,"range accessible",2,6
8951,"crowded fields",2,6
8952,"comptonization models",2,6
8953,"pca data",2,6
8954,"soon after",2,6
8955,"powerful radio",2,6
8956,"diffusive shock",2,6
8957,"unified schemes",2,6
8958,"circumstellar disc",2,6
8959,"physically realistic",2,6
8960,"near infrared luminosity",3,6
8961,"submillimeter telescope",2,6
8962,"scalar curvature tensor",3,6
8963,"timing analysis",2,6
8964,"irregular galaxy",2,6
8965,"single burst",2,6
8966,"circular velocities",2,6
8967,"nuclear reaction rates",3,6
8968,"quiescent galaxies",2,6
8969,"nuclei agn",2,6
8970,"internal shock",2,6
8971,"primordial nucleosynthesis bbn",3,6
8972,"chandra satellites",2,6
8973,"moving frame",2,6
8974,"ray emission lines",3,6
8975,"magnetic flares",2,6
8976,"microlensing event",2,6
8977,"dark matter content",3,6
8978,"stream instability",2,6
8979,"wide classes",2,6
8980,"data mining",2,6
8981,"photometric errors",2,6
8982,"accurate treatment",2,6
8983,"fourier parameters",2,6
8984,"galactic disks",2,6
8985,"surface brightness distributions",3,6
8986,"merlin observations",2,6
8987,"cold dark matter candidate",4,6
8988,"warm neutral",2,6
8989,"clearly visible",2,6
8990,"density environments",2,6
8991,"observational consequences",2,6
8992,"ursa minor",2,6
8993,"reverse shocks",2,6
8994,"sub parsec",2,6
8995,"hubble flow",2,6
8996,"qpo frequencies",2,6
8997,"rxte pca",2,6
8998,"non thermal component",3,6
8999,"nrao vla sky",3,6
9000,"giant metrewave",2,6
9001,"nearby seyfert",2,6
9002,"late type spiral galaxies",4,6
9003,"nordic optical",2,6
9004,"6m telescope",2,6
9005,"rosat hri observations",3,6
9006,"voronoi tessellation",2,6
9007,"central densities",2,6
9008,"inhomogeneous cosmological models",3,6
9009,"immediate vicinity",2,6
9010,"minor axis",2,6
9011,"foreground contamination",2,6
9012,"observational errors",2,6
9013,"hubble deep field north",4,6
9014,"large scale structure functions",4,6
9015,"underground laboratory",2,6
9016,"brightness profile",2,6
9017,"mean age",2,6
9018,"ionized iron",2,6
9019,"toward lower",2,6
9020,"bright end",2,6
9021,"nearby spiral galaxy ngc",4,6
9022,"dynamo models",2,6
9023,"mass ejection",2,6
9024,"heavier elements",2,6
9025,"solar masses per",3,6
9026,"intrinsic luminosity",2,6
9027,"central star formation",3,6
9028,"neutralino annihilation",2,6
9029,"jet axis",2,6
9030,"square arcmin",2,6
9031,"ii agn",2,6
9032,"gamma ray emission lines",4,6
9033,"mark iii",2,6
9034,"positive cosmological constant lambda",4,6
9035,"roughly half",2,6
9036,"secondary bars",2,6
9037,"medium modifications",2,6
9038,"primordial black hole",3,6
9039,"internal shocks",2,6
9040,"power law inflation",3,6
9041,"late type ii",3,6
9042,"james clerk maxwell telescope",4,6
9043,"low density profiles",3,6
9044,"oscillatory behavior",2,6
9045,"he like ions",3,6
9046,"initial mass function imf",4,6
9047,"slightly lower bound",3,6
9048,"wave propagating",2,6
9049,"geomagnetic cutoff",2,6
9050,"models incorporating",2,6
9051,"giant planet",2,6
9052,"parent star",2,6
9053,"new ingredient",2,6
9054,"observational limits",2,6
9055,"adiabatic transitions",2,6
9056,"sight through",2,6
9057,"alpha emitting",2,6
9058,"width ew",2,6
9059,"nearly simultaneous",2,6
9060,"echelle spectra",2,6
9061,"active galactic nucleus agn",4,6
9062,"high redshift surveys",3,6
9063,"her x-1",2,6
9064,"light deflection",2,6
9065,"extra solar",2,6
9066,"bimaximal mixing matrix",3,6
9067,"three active neutrino mass",4,6
9068,"neutralino dark matter",3,6
9069,"color superconductor",2,6
9070,"msw solutions",2,6
9071,"mediated supersymmetry breaking",3,6
9072,"regge trajectory",2,6
9073,"gauge mediated",2,6
9074,"perturbation theory chpt",3,6
9075,"inverse scattering amplitude",3,6
9076,"heavy baryons",2,6
9077,"shadowing corrections",2,6
9078,"soft susy",2,6
9079,"lagrange multiplier",2,6
9080,"experimental data sets",3,6
9081,"constituent quark mass",3,6
9082,"baryon octet baryons",3,6
9083,"relativistic heavy",2,6
9084,"fixed point like",3,6
9085,"factorial moments",2,6
9086,"bfkl equation",2,6
9087,"participant nucleons",2,6
9088,"spontaneous parity",2,6
9089,"heavy majorana neutrinos",3,6
9090,"abelian gauge field theories",4,6
9091,"lep collaborations",2,6
9092,"isgur wise",2,6
9093,"importance sampling",2,6
9094,"random phase space",3,6
9095,"dynamical spontaneous",2,6
9096,"normalization condition",2,6
9097,"flavor violation",2,6
9098,"theoretical models predict",3,6
9099,"external legs",2,6
9100,"hydrodynamical calculations",2,6
9101,"inclusive semileptonic",2,6
9102,"average photon",2,6
9103,"becomes stronger",2,6
9104,"bose einstein correlations bec",4,6
9105,"beam lines",2,6
9106,"mass splittings",2,6
9107,"branching ratio br",3,6
9108,"polarized beams",2,6
9109,"mathematical structures",2,6
9110,"trans planckian",2,6
9111,"vector meson dominance",3,6
9112,"exclusive electroproduction",2,6
9113,"diffractive vector meson production",4,6
9114,"massive scalar field theories",4,6
9115,"compound alpha",2,6
9116,"experimental searches",2,6
9117,"short discussion",2,6
9118,"perturbative renormalization scheme",3,6
9119,"hybrid mesons",2,6
9120,"rare radiative",2,6
9121,"total cross",2,6
9122,"compact expressions",2,6
9123,"colour dipole",2,6
9124,"gravity mediated",2,6
9125,"neutral current fcnc",3,6
9126,"m1 transitions",2,6
9127,"flavor singlet",2,6
9128,"lorentz invariant mass",3,6
9129,"quarkonium states",2,6
9130,"right handed majorana neutrinos",4,6
9131,"narrow gap",2,6
9132,"finite lifetime",2,6
9133,"fock approximation",2,6
9134,"lorentz factors",2,6
9135,"dilepton spectra",2,6
9136,"non perturbative qcd corrections",4,6
9137,"non linear combinations",3,6
9138,"colour octet",2,6
9139,"particle antiparticle",2,6
9140,"non leptonic",2,6
9141,"function f2",2,6
9142,"clebsch gordan coefficients",3,6
9143,"bi maximal",2,6
9144,"color charge",2,6
9145,"higgs boson production rates",4,6
9146,"siegel gauge field",3,6
9147,"physically acceptable",2,6
9148,"first chern simons theory",4,6
9149,"path integrals",2,6
9150,"critical string theory",3,6
9151,"critically examined",2,6
9152,"non commutative version",3,6
9153,"einstein maxwell dilaton",3,6
9154,"two dimensional cfts",3,6
9155,"chan paton",2,6
9156,"recurrence relations",2,6
9157,"renormalization group rg flow",4,6
9158,"supersymmetry transformation",2,6
9159,"hanany witten",2,6
9160,"rational conformal field theories",4,6
9161,"sym theories",2,6
9162,"casimir effect",2,6
9163,"liouville field theory",3,6
9164,"qcd vacuum energy",3,6
9165,"noncommutativity limit",2,6
9166,"axial anomaly",2,6
9167,"critical string",2,6
9168,"ads space time",3,6
9169,"non linear dilaton",3,6
9170,"ultraviolet fixed",2,6
9171,"global monopole",2,6
9172,"permutation group",2,6
9173,"non abelian born infeld",4,6
9174,"iterative process",2,6
9175,"brst symmetry",2,6
9176,"gravitational field configurations",3,6
9177,"line operators",2,6
9178,"tadpole cancellation",2,6
9179,"five dimensional gauged supergravity",4,6
9180,"magnetic charges",2,6
9181,"lorentz symmetry breaking",3,6
9182,"area preserving diffeomorphisms",3,6
9183,"computational cost",2,6
9184,"language generation",2,6
9185,"cornell electron storage ring",4,6
9186,"final version",2,6
9187,"clas detector",2,6
9188,"zeus collaborations",2,6
9189,"deeply virtual compton scattering",4,6
9190,"symanzik improved",2,6
9191,"pseudoscalar meson decays",3,6
9192,"predictive model",2,6
9193,"critical reynolds number",3,6
9194,"action angle",2,6
9195,"mode locked",2,6
9196,"low density functional theory",4,6
9197,"additive noise",2,6
9198,"parity nonconserving",2,6
9199,"golden rule",2,6
9200,"light travel",2,6
9201,"ring shaped",2,6
9202,"anapole moment",2,6
9203,"decay chain",2,6
9204,"magnetically confined",2,6
9205,"entire functions",2,6
9206,"oscillator potential",2,6
9207,"periodic orbit",2,6
9208,"scattering transform",2,6
9209,"infinite square",2,6
9210,"backlund transformations",2,6
9211,"cellular automata",2,6
9212,"two dimensional rectangular",3,6
9213,"renormalization group rg approach",4,6
9214,"parametric form",2,6
9215,"tagged photon",2,6
9216,"antiproton collisions",2,6
9217,"nn potential",2,6
9218,"collisional damping",2,6
9219,"dual parton model",3,6
9220,"born term",2,6
9221,"delta isobar",2,6
9222,"infinite nuclear matter",3,6
9223,"local realistic models",3,6
9224,"electromagnetic dissociation",2,6
9225,"16o reaction",2,6
9226,"two loop diagrams",3,6
9227,"tree amplitudes",2,6
9228,"classical communication complexity",3,6
9229,"particle velocities",2,6
9230,"bosonic atoms",2,6
9231,"cooling rates",2,6
9232,"continuous unitary",2,6
9233,"generalized bell inequalities",3,6
9234,"deutsch jozsa algorithm",3,6
9235,"group velocities",2,6
9236,"entanglement monotones",2,6
9237,"separates two",2,6
9238,"hermite polynomials",2,6
9239,"self adjoint operators",3,6
9240,"non hermitian hamiltonians",3,6
9241,"pt symmetric potentials",3,6
9242,"invariance property",2,6
9243,"schmidt decomposition",2,6
9244,"rapid rise",2,6
9245,"privacy amplification",2,6
9246,"component bose einstein condensates",4,6
9247,"doped gaas",2,6
9248,"combinatorial optimization",2,6
9249,"zero temperature superconductors",3,6
9250,"slows down",2,6
9251,"viscous damping",2,6
9252,"granular materials",2,6
9253,"tricritical point",2,6
9254,"paramagnetic phase",2,6
9255,"hilbert space spanned",3,6
9256,"photoemission spectra",2,6
9257,"common belief",2,6
9258,"resonance esr",2,6
9259,"single electron hole",3,6
9260,"carrier densities",2,6
9261,"interface separating",2,6
9262,"experimental verification",2,6
9263,"hybrid monte carlo simulations",4,6
9264,"mixed spin",2,6
9265,"goldstone mode",2,6
9266,"low energy gaps",3,6
9267,"friedel sum rule",3,6
9268,"exact diagonalisation",2,6
9269,"nucleation process",2,6
9270,"interatomic interaction",2,6
9271,"random phase diagram",3,6
9272,"upper critical value",3,6
9273,"abrupt transition",2,6
9274,"anderson localization",2,6
9275,"lorentz gas",2,6
9276,"reversal symmetry",2,6
9277,"quarter filling",2,6
9278,"surface resistance",2,6
9279,"frenkel kontorova",2,6
9280,"non fermi liquid behavior",4,6
9281,"spatial correlation function",3,6
9282,"coefficient rh",2,6
9283,"percolation problem",2,6
9284,"paramagnetic resonance epr",3,6
9285,"electronic specific heat",3,6
9286,"dynamic susceptibility",2,6
9287,"particle green function",3,6
9288,"thermodynamical quantities",2,6
9289,"carbon nanotube",2,6
9290,"fermi energy density",3,6
9291,"ce type",2,6
9292,"perovskite structure",2,6
9293,"stripe like",2,6
9294,"hard thermal equilibrium",3,6
9295,"approximation cpa",2,6
9296,"detrended fluctuation analysis dfa",4,6
9297,"srcu2 bo3",2,6
9298,"microscope stm",2,6
9299,"abrupt change",2,6
9300,"aharonov casher",2,6
9301,"ionization potential",2,6
9302,"overdoped bi2212",2,6
9303,"wave superconductor mgb2",3,6
9304,"soft spheres",2,6
9305,"shear viscosity",2,6
9306,"unit length",2,6
9307,"per square",2,6
9308,"non overlapping",2,6
9309,"pulsed laser",2,6
9310,"microwave absorption",2,6
9311,"quasi two dimensional 2d",4,6
9312,"transfer rates",2,6
9313,"longitudinal optical",2,6
9314,"goldstone modes",2,6
9315,"peak elements",2,6
9316,"observing programme",2,6
9317,"highly collimated",2,6
9318,"de jong",2,6
9319,"hb stars",2,6
9320,"constituent particles",2,6
9321,"difference image",2,6
9322,"ogle ii",2,6
9323,"drops below",2,6
9324,"radiative transfer calculations",3,6
9325,"non thermal plasma",3,6
9326,"flanking fields",2,6
9327,"reflection features",2,6
9328,"quiescent spectrum",2,6
9329,"kolmogorov spectrum",2,6
9330,"pop ii",2,6
9331,"hubble sequence",2,6
9332,"structure formation history",3,6
9333,"redshift space",2,6
9334,"arnowitt deser misner",3,6
9335,"surface photometry",2,6
9336,"repeaters sgrs",2,6
9337,"lee et",2,6
9338,"lyman alpha line",3,6
9339,"radiative cooling rate",3,6
9340,"distance ladder",2,6
9341,"small magellanic cloud",3,6
9342,"young supernova remnant snr",4,6
9343,"early epoch",2,6
9344,"surface abundances",2,6
9345,"dispersion sigma",2,6
9346,"lyman break galaxies",3,6
9347,"solar metallicities",2,6
9348,"effelsberg 100-m",2,6
9349,"interstellar dust grains",3,6
9350,"cgro egret",2,6
9351,"fast wind",2,6
9352,"extra degrees",2,6
9353,"gravitational microlensing events",3,6
9354,"orbital inclination",2,6
9355,"mjy beam",2,6
9356,"photoionization calculations",2,6
9357,"radio supernovae",2,6
9358,"supernova sn 1987a",3,6
9359,"cobe dmr",2,6
9360,"fitting formula",2,6
9361,"inner few",2,6
9362,"gaseous disk",2,6
9363,"dense stellar mass",3,6
9364,"australia telescope compact array atca observations",6,6
9365,"coronae borealis",2,6
9366,"radiative transfer code",3,6
9367,"non local group",3,6
9368,"statistically complete sample",3,6
9369,"circumstellar dust",2,6
9370,"infrared space telescope",3,6
9371,"four neutrino oscillations",3,6
9372,"web site",2,6
9373,"covering fraction",2,6
9374,"few tev",2,6
9375,"extra galactic",2,6
9376,"jodrell bank",2,6
9377,"luminous infrared luminosity",3,6
9378,"spectrophotometric observations",2,6
9379,"group velocity field",3,6
9380,"abundance patterns",2,6
9381,"cherenkov telescope",2,6
9382,"index gamma ray emission",4,6
9383,"simple shear flow",3,6
9384,"uv flux",2,6
9385,"plausible candidate",2,6
9386,"main mechanisms",2,6
9387,"giant hii regions",3,6
9388,"degree angular",2,6
9389,"dark matter candidate",3,6
9390,"rotational energy",2,6
9391,"alternative explanations",2,6
9392,"pulsar psr b1509-58",3,6
9393,"hydrodynamic type",2,6
9394,"lyman break galaxies lbgs",4,6
9395,"supersoft source",2,6
9396,"analysis finds",2,6
9397,"microwave background radiation",3,6
9398,"optically induced",2,6
9399,"high energy bands",3,6
9400,"travel time",2,6
9401,"historical context",2,6
9402,"strongly clustered",2,6
9403,"iras pscz",2,6
9404,"metal content",2,6
9405,"eddington limit",2,6
9406,"dominant factor",2,6
9407,"thick disc",2,6
9408,"balmer emission",2,6
9409,"unresolved core",2,6
9410,"artin groups",2,6
9411,"contact manifolds",2,6
9412,"covering spaces",2,6
9413,"adic lie group",3,6
9414,"order parameter epsilon",3,6
9415,"purely algebraic",2,6
9416,"vanishing theorems",2,6
9417,"semi infinite dimensional",3,6
9418,"compact lie groups",3,6
9419,"galois representations",2,6
9420,"affine connection",2,6
9421,"coset models",2,6
9422,"decays algebraically",2,6
9423,"inductive limit",2,6
9424,"directed graph algebras",3,6
9425,"covariantly constant",2,6
9426,"odd characteristic",2,6
9427,"almost surely",2,6
9428,"galois representation",2,6
9429,"low temperature dependent",3,6
9430,"energy gap delta",3,6
9431,"long time scale",3,6
9432,"arpes spectra",2,6
9433,"single particle wavefunctions",3,6
9434,"spin dependent part",3,6
9435,"bilayer splitting",2,6
9436,"degenerate fermi",2,6
9437,"resonant tunneling current",3,6
9438,"intra atomic",2,6
9439,"higher landau levels",3,6
9440,"structural relaxation",2,6
9441,"thermal activation",2,6
9442,"crystal growth",2,6
9443,"scanning electron microscopy",3,6
9444,"impurity induced",2,6
9445,"negative integer",2,6
9446,"jack polynomials",2,6
9447,"interface depinning",2,6
9448,"cuo2 layers",2,6
9449,"key observation",2,6
9450,"temperature tc approx",3,6
9451,"mj mol",2,6
9452,"structural disorder",2,6
9453,"bedt ttf 2x",3,6
9454,"mechanical description",2,6
9455,"quantum hall ferromagnet",3,6
9456,"substantial differences",2,6
9457,"diamond anvil cell",3,6
9458,"heavy fermion compound",3,6
9459,"resonant inelastic scattering",3,6
9460,"relaxation time dependence",3,6
9461,"rate tau",2,6
9462,"sr mno",2,6
9463,"films deposited",2,6
9464,"hexagonal lattice",2,6
9465,"orbital ordering",2,6
9466,"magnetic susceptibility measurements",3,6
9467,"hartree fock calculation",3,6
9468,"peierls order",2,6
9469,"external electric",2,6
9470,"rho omega phi",3,6
9471,"world picture",2,6
9472,"interferometric gravitational radiation",3,6
9473,"randall sundrum type",3,6
9474,"wave signals",2,6
9475,"space time evolution equations",4,6
9476,"growth direction",2,6
9477,"non linear stability",3,6
9478,"gross features",2,6
9479,"spatial homogeneity",2,6
9480,"expansion history",2,6
9481,"experimental research",2,6
9482,"angular momentum space",3,6
9483,"spin network",2,6
9484,"geodesically complete",2,6
9485,"spatial solitons",2,6
9486,"freely falling",2,6
9487,"charm quarks",2,6
9488,"background subtraction",2,6
9489,"non leptonic decays",3,6
9490,"gauge fields propagate",3,6
9491,"invariant mass matrices",3,6
9492,"bottom quark",2,6
9493,"two higgs doublets",3,6
9494,"photon vertex",2,6
9495,"hyperfine structure",2,6
9496,"experimental evidences",2,6
9497,"cdf collaboration",2,6
9498,"sub dominant",2,6
9499,"exponentially suppressed",2,6
9500,"photons cm",2,6
9501,"distinctive signature",2,6
9502,"chiral lagrangians",2,6
9503,"inclusive electron",2,6
9504,"supersymmetric standard model sm",4,6
9505,"strange quark mass function",4,6
9506,"face value",2,6
9507,"precision electroweak data",3,6
9508,"lorentz covariant",2,6
9509,"susy breaking parameters",3,6
9510,"standard model sm prediction",4,6
9511,"two generations",2,6
9512,"worldline formalism",2,6
9513,"geq gev",2,6
9514,"wa98 data",2,6
9515,"polarized photons",2,6
9516,"sigma discrepancy",2,6
9517,"muon g-2 anomaly",3,6
9518,"matrix renormalization group",3,6
9519,"large logarithms",2,6
9520,"short baseline",2,6
9521,"latest solar",2,6
9522,"feynman graphs",2,6
9523,"self consistent resummation",3,6
9524,"earlier investigations",2,6
9525,"strongly degenerate",2,6
9526,"neutrinoless double well",3,6
9527,"spin polarized protons",3,6
9528,"string scale",2,6
9529,"neutralino nucleon",2,6
9530,"second order parameter space",4,6
9531,"heidelberg moscow",2,6
9532,"collins fragmentation functions",3,6
9533,"lepton flavour",2,6
9534,"basic ingredients",2,6
9535,"gluon fields",2,6
9536,"higgs doublet",2,6
9537,"twist-2 operators",2,6
9538,"hybrid inflation",2,6
9539,"world lines",2,6
9540,"multiplicative renormalizability",2,6
9541,"recombination mechanism",2,6
9542,"heating rate",2,6
9543,"search strategies",2,6
9544,"inertial frames",2,6
9545,"quantum monte carlo algorithm",4,6
9546,"large areas",2,6
9547,"isotropic turbulence",2,6
9548,"solid deuterium",2,6
9549,"hyperfine splitting",2,6
9550,"quantum computer simulations",3,6
9551,"fast convergence",2,6
9552,"projective modules",2,6
9553,"tensor product multiplicities",3,6
9554,"single particle physics",3,6
9555,"compatibility conditions",2,6
9556,"frame independent",2,6
9557,"atomic force",2,6
9558,"photo meson",2,6
9559,"comparative analysis",2,6
9560,"liquid hydrogen",2,6
9561,"antiquark distributions",2,6
9562,"crossing symmetry",2,6
9563,"non equilibrium configurations",3,6
9564,"wave born",2,6
9565,"target nucleus",2,6
9566,"beam energy range",3,6
9567,"boson exchange",2,6
9568,"bare coupling constant",3,6
9569,"term memory",2,6
9570,"usual mean",2,6
9571,"non perturbative renormalization",3,6
9572,"warped geometries",2,6
9573,"bulk scalar fields",3,6
9574,"anomaly induced",2,6
9575,"quadratic hamiltonians",2,6
9576,"holomorphic vector bundle",3,6
9577,"reflection groups",2,6
9578,"reissner nordstr om",3,6
9579,"fuzzy sphere s2",3,6
9580,"noncommutative gauge group",3,6
9581,"classical heisenberg",2,6
9582,"planck length scale",3,6
9583,"gross neveu",2,6
9584,"rg equation",2,6
9585,"twisted fields",2,6
9586,"supersymmetric quantum corrections",3,6
9587,"bps equations",2,6
9588,"bulk scalars",2,6
9589,"three dimensional spacetime",3,6
9590,"limit reproduces",2,6
9591,"roll inflation",2,6
9592,"kalb ramond fields",3,6
9593,"rotation group",2,6
9594,"stock price",2,6
9595,"linear collider tesla",3,6
9596,"deconfinement transition",2,6
9597,"spin isospin",2,6
9598,"strange baryons",2,6
9599,"key project",2,6
9600,"einstein podolsky rosen epr",4,6
9601,"partial wave function",3,6
9602,"restrictions imposed",2,6
9603,"detection rates",2,6
9604,"internal structures",2,6
9605,"non separable",2,6
9606,"heisenberg picture",2,6
9607,"ghz states",2,6
9608,"classical communication locc",3,6
9609,"lamb dicke",2,6
9610,"purely imaginary",2,6
9611,"peculiar features",2,6
9612,"geometrical structures",2,6
9613,"evolution equation describing",3,6
9614,"laser cooling",2,6
9615,"glass transitions",2,6
9616,"antiferromagnetic domains",2,6
9617,"resonance nmr",2,6
9618,"bimodal distribution",2,6
9619,"phase rotations",2,6
9620,"inversion layer",2,6
9621,"dimensional ising model",3,6
9622,"low energy levels",3,6
9623,"extended hubbard",2,6
9624,"aqueous solution",2,6
9625,"risk measure",2,6
9626,"microwave surface impedance",3,6
9627,"band hubbard",2,6
9628,"1-parameter family",2,6
9629,"magnetization process",2,6
9630,"zero temperature expansions",3,6
9631,"dimensional arrays",2,6
9632,"magnetically induced",2,6
9633,"pulsed laser deposition technique",4,6
9634,"superfluid he",2,6
9635,"hooft polyakov",2,6
9636,"ge 1-x",2,6
9637,"sign reversal",2,6
9638,"millimeter wave",2,6
9639,"zn mg",2,6
9640,"al doping",2,6
9641,"ornstein uhlenbeck",2,6
9642,"2g orbitals",2,6
9643,"diagrammatic perturbation theory",3,6
9644,"fisher zeroes",2,6
9645,"severe constraints",2,6
9646,"mgb2 thin films",3,6
9647,"high temperature dependences",3,6
9648,"geometrical origin",2,6
9649,"gaas alas",2,6
9650,"half life",2,6
9651,"weak links",2,6
9652,"overlap distribution",2,6
9653,"spin glass models",3,6
9654,"carrier phonon",2,6
9655,"landau gauge theory",3,6
9656,"detailed proof",2,6
9657,"finite temperatures below",3,6
9658,"entangled coherent",2,6
9659,"considerably higher",2,6
9660,"interchain coupling",2,6
9661,"binary population",2,6
9662,"structural correlations",2,6
9663,"pulsed laser deposition pld",4,6
9664,"quantum interference pattern",3,6
9665,"spin glass like",3,6
9666,"adjustable parameters",2,6
9667,"magnetic field phi",3,6
9668,"acoustic emission",2,6
9669,"energy output",2,6
9670,"external magnetic",2,6
9671,"characteristic relaxation time",3,6
9672,"dimensionless parameter",2,6
9673,"charging energy",2,6
9674,"charge density waves",3,6
9675,"natural units",2,6
9676,"rho ophiuchi",2,6
9677,"substellar objects",2,6
9678,"depth lambda",2,6
9679,"astrophysical environments",2,6
9680,"adaptive mesh refinement amr",4,6
9681,"sunyaev zeldovich effect",3,6
9682,"tidal dwarf galaxy ngc",4,6
9683,"anglo australian telescope",3,6
9684,"point source catalog",3,6
9685,"almost flat",2,6
9686,"slowly moving",2,6
9687,"schwarzschild radii",2,6
9688,"lightest supersymmetric particle",3,6
9689,"highest redshift",2,6
9690,"own galaxy",2,6
9691,"non thermal radiation",3,6
9692,"flow adaf",2,6
9693,"ray luminosity evolution",3,6
9694,"middle aged",2,6
9695,"ambipolar diffusion",2,6
9696,"cosmic microwave background radiation cmbr",5,6
9697,"faraday rotation measures",3,6
9698,"rr lyrae stars",3,6
9699,"kinematic dynamo",2,6
9700,"kev rest frame",3,6
9701,"super star formation",3,6
9702,"interval delta",2,6
9703,"angular velocities",2,6
9704,"diffuse component",2,6
9705,"collisional excitation",2,6
9706,"diffuse extragalactic",2,6
9707,"alpha emission line",3,6
9708,"intra cluster medium icm",4,6
9709,"repeaters sgr",2,6
9710,"energy injection",2,6
9711,"solar nebula",2,6
9712,"kinetic energy density",3,6
9713,"hot corona",2,6
9714,"density gradients",2,6
9715,"continuum radiation",2,6
9716,"optical identifications",2,6
9717,"flows around",2,6
9718,"new mexico",2,6
9719,"immediately following",2,6
9720,"positron annihilation",2,6
9721,"balmer lines",2,6
9722,"spectral fitting",2,6
9723,"merger process",2,6
9724,"delta scuti",2,6
9725,"galactic disk galaxies",3,6
9726,"nova outbursts",2,6
9727,"covering factor",2,6
9728,"superconducting magnet",2,6
9729,"stellar atmospheres",2,6
9730,"line intensities",2,6
9731,"nuclear bars",2,6
9732,"l1 l2",2,6
9733,"rogers ramanujan",2,6
9734,"read off",2,6
9735,"stable maps",2,6
9736,"residue field",2,6
9737,"instanton moduli space",3,6
9738,"sutherland model",2,6
9739,"gluing theorem",2,6
9740,"special lagrangian submanifolds",3,6
9741,"singular fibers",2,6
9742,"space spanned",2,6
9743,"oriented 3-manifold",2,6
9744,"airy function",2,6
9745,"multiple roots",2,6
9746,"epsilon prime",2,6
9747,"non inertial",2,6
9748,"static spherically symmetric spacetimes",4,6
9749,"dust collapse",2,6
9750,"space missions",2,6
9751,"weak gravitational wave",3,6
9752,"radial orbits",2,6
9753,"heavy ion beam",3,6
9754,"semi realistic",2,6
9755,"unified field theory",3,6
9756,"nn scattering",2,6
9757,"gogny force",2,6
9758,"kaon system",2,6
9759,"sigma omega pi",3,6
9760,"caloric curve",2,6
9761,"continuity equation",2,6
9762,"naturally occurring",2,6
9763,"beta decay rate",3,6
9764,"magneto optical trap",3,6
9765,"variational wave",2,6
9766,"decay exponentially",2,6
9767,"prandtl number",2,6
9768,"near threshold region",3,6
9769,"cold trapped",2,6
9770,"model independent estimates",3,6
9771,"exclusion limits",2,6
9772,"soft susy breaking parameters",4,6
9773,"1s 2s",2,6
9774,"fields propagate",2,6
9775,"orbifold fixed point",3,6
9776,"effective majorana",2,6
9777,"topcolor assisted technicolor models",4,6
9778,"gauge boson mass",3,6
9779,"two higgs doublet model",4,6
9780,"tau lepton asymmetry",3,6
9781,"singlet neutrinos",2,6
9782,"color transparency",2,6
9783,"squark masses",2,6
9784,"scherk schwarz mechanism",3,6
9785,"integrated luminosities",2,6
9786,"event generators",2,6
9787,"momentum fractions",2,6
9788,"thereby extending",2,6
9789,"optical theorem",2,6
9790,"negatively charged",2,6
9791,"solar neutrino oscillation",3,6
9792,"higgs doublet models",3,6
9793,"meson fields",2,6
9794,"superstring theories",2,6
9795,"supersymmetric grand unification",3,6
9796,"warped compactification",2,6
9797,"goldberger wise",2,6
9798,"solar neutrino flux",3,6
9799,"experimental feasibility",2,6
9800,"non linear colliders",3,6
9801,"le gev",2,6
9802,"noncommutative gauge field theories",4,6
9803,"time derivatives",2,6
9804,"exceptional groups",2,6
9805,"metric perturbations",2,6
9806,"non commutativity",2,6
9807,"lax representation",2,6
9808,"kaluza klein reduction",3,6
9809,"boundary superstring field theory",4,6
9810,"noether conserved",2,6
9811,"uncountably many",2,6
9812,"superfield formalism",2,6
9813,"conical alc",2,6
9814,"haar measure",2,6
9815,"morita equivalence",2,6
9816,"gravitational wave equation",3,6
9817,"double trace",2,6
9818,"string tension branes",3,6
9819,"deconfining phase transition",3,6
9820,"string loops",2,6
9821,"almost exactly",2,6
9822,"high frequency instrument",3,6
9823,"grid computing",2,6
9824,"resonant cavity",2,6
9825,"pulse width",2,6
9826,"delta md",2,6
9827,"rho meson production",3,6
9828,"supersymmetric standard model independent",4,6
9829,"tev gamma collisions",3,6
9830,"following branching ratios",3,6
9831,"sea quarks",2,6
9832,"flavors nf",2,6
9833,"maximal center",2,6
9834,"equal amounts",2,6
9835,"secret sharing",2,6
9836,"elementary constituents",2,6
9837,"level atom interacting",3,6
9838,"multi qubit",2,6
9839,"naturally interpreted",2,6
9840,"monte carlo algorithms",3,6
9841,"highly nontrivial",2,6
9842,"quantum mechanics qm",3,6
9843,"electron phonon interactions",3,6
9844,"quantum information loss",3,6
9845,"real hilbert space",3,6
9846,"rabi oscillations",2,6
9847,"nonlinear schr odinger",3,6
9848,"fixed node",2,6
9849,"dipole resonance",2,6
9850,"pulse sequences",2,6
9851,"hermitian operators",2,6
9852,"nonlinear schrodinger equation",3,6
9853,"periodically modulated",2,6
9854,"precise position",2,6
9855,"three qubits",2,6
9856,"accurately reproduced",2,6
9857,"plausible values",2,6
9858,"fano factor",2,6
9859,"problem asks",2,6
9860,"geometrical optics",2,6
9861,"ladder operators",2,6
9862,"projective measurements",2,6
9863,"sub harmonic",2,6
9864,"distinguishable particles",2,6
9865,"usual mean field",3,6
9866,"photons per",2,6
9867,"boson exchange interaction",3,6
9868,"draw attention",2,6
9869,"turing machine",2,6
9870,"geometric setting",2,6
9871,"non conservation",2,6
9872,"damped oscillations",2,6
9873,"simple analytic expressions",3,6
9874,"common object",2,6
9875,"integrating over",2,6
9876,"smoothed over",2,6
9877,"telecommunications act",2,6
9878,"leading logarithm",2,6
9879,"evolving population",2,6
9880,"large spread",2,6
9881,"national accelerator facility",3,6
9882,"causal structures",2,6
9883,"rigorous proof",2,6
9884,"non uniqueness",2,6
9885,"korteweg de vries equation",4,6
9886,"levi civita",2,6
9887,"weil petersson",2,6
9888,"quantum affine lie algebra",4,6
9889,"fermionic degrees",2,6
9890,"spectral density fluctuations",3,6
9891,"nonlinear schrodinger",2,6
9892,"generalized poisson",2,6
9893,"la 2-x srxcuo4",3,6
9894,"tc approx",2,6
9895,"proper treatment",2,6
9896,"intermetallic superconductor",2,6
9897,"inverse square lattice",3,6
9898,"particle hole pairs",3,6
9899,"preferential attachment",2,6
9900,"spatial modulation",2,6
9901,"reaction diffusion equation",3,6
9902,"somewhat lower",2,6
9903,"normal incidence",2,6
9904,"quantum interference devices",3,6
9905,"non collinear",2,6
9906,"nematic phase",2,6
9907,"haldane gap",2,6
9908,"renormalization group treatment",3,6
9909,"muffin tin",2,6
9910,"mixed valence",2,6
9911,"infinite layer",2,6
9912,"incompressible liquid",2,6
9913,"under extreme",2,6
9914,"sharp interface",2,6
9915,"vanishingly small",2,6
9916,"nearly equal",2,6
9917,"thermal conductivities",2,6
9918,"integral formalism",2,6
9919,"transform technique",2,6
9920,"mermin wagner theorem",3,6
9921,"shapiro steps",2,6
9922,"system size distribution function",4,6
9923,"lattice spacings",2,6
9924,"rich environment",2,6
9925,"tsallis non",2,6
9926,"tilted magnetic field",3,6
9927,"chapman enskog",2,6
9928,"spatial gradients",2,6
9929,"insulating behavior",2,6
9930,"quantum superalgebra",2,6
9931,"completely suppressed",2,6
9932,"decoupling properties",2,6
9933,"molecular magnets",2,6
9934,"hydrodynamic approach",2,6
9935,"bifurcation analysis",2,6
9936,"whole population",2,6
9937,"complex plane curves",3,6
9938,"canonical bases",2,6
9939,"legendre transform",2,6
9940,"spectrum synthesis",2,6
9941,"complete sets",2,6
9942,"homotopy equivalence",2,6
9943,"simplicial complexes",2,6
9944,"infinite tower",2,6
9945,"commutative rings",2,6
9946,"simple lie",2,6
9947,"piecewise smooth",2,6
9948,"ambient space",2,6
9949,"spectral classification",2,6
9950,"dirac quantization",2,6
9951,"separable hilbert space",3,6
9952,"non ergodic",2,6
9953,"abelian surfaces",2,6
9954,"rational homology",2,6
9955,"energy cosmic rays",3,6
9956,"omega centauri",2,6
9957,"kev fluxes",2,6
9958,"error box",2,6
9959,"exponential disk galaxies",3,6
9960,"index beta",2,6
9961,"slow light curves",3,6
9962,"slowly evolving",2,6
9963,"effective temperature teff",3,6
9964,"quasar sdss",2,6
9965,"put strong constraints",3,6
9966,"arcsec yr",2,6
9967,"color magnitude diagrams cmds",4,6
9968,"whole earth telescope",3,6
9969,"duration gamma ray emission",4,6
9970,"doppler tomography",2,6
9971,"ray morphology",2,6
9972,"redshift distortion",2,6
9973,"multiply imaged",2,6
9974,"dust grain",2,6
9975,"lambda aa",2,6
9976,"spectrometer aboard",2,6
9977,"southern galactic",2,6
9978,"snapshot survey",2,6
9979,"bulge region",2,6
9980,"bulk motions",2,6
9981,"luminosity relationship",2,6
9982,"cluster medium icm",3,6
9983,"australia telescope",2,6
9984,"fine tuning solution",3,6
9985,"reverberation mapping",2,6
9986,"supermassive black hole bh",4,6
9987,"acoustic peak",2,6
9988,"schwarzschild radius",2,6
9989,"non baryonic",2,6
9990,"modified newtonian dynamics mond",4,6
9991,"short term variations",3,6
9992,"year old",2,6
9993,"star formation epoch",3,6
9994,"star formation histories",3,6
9995,"spherical harmonic",2,6
9996,"blonder tinkham klapwijk",3,6
9997,"particle hole channels",3,6
9998,"finite bias",2,6
9999,"symmetric phases",2,6
10000,"comprehensive picture",2,6
10001,"breathing mode",2,6
10002,"clear distinction",2,6
10003,"two dimensional electron correlations",4,6
10004,"thin wall",2,6
10005,"transfer matrices",2,6
10006,"direct numerical simulation",3,6
10007,"critical point like",3,6
10008,"atomic species",2,6
10009,"electronic structure formation",3,6
10010,"pyrochlore oxide",2,6
10011,"thin shells",2,6
10012,"off diagonal components",3,6
10013,"basic ingredient",2,6
10014,"after presenting",2,6
10015,"replica symmetric",2,6
10016,"pseudogap phase transition",3,6
10017,"vibration coupling",2,6
10018,"cu nqr",2,6
10019,"exponential cutoff",2,6
10020,"exchange coupling constants",3,6
10021,"negative differential",2,6
10022,"small world network",3,6
10023,"x1 x2",2,6
10024,"two adjacent",2,6
10025,"connected fibers",2,6
10026,"fine structure functions",3,6
10027,"analytical continuation",2,6
10028,"null vectors",2,6
10029,"gauss bonnet term",3,6
10030,"order parameter alpha",3,6
10031,"lattice volumes",2,6
10032,"gravitational radiation field",3,6
10033,"regge wheeler",2,6
10034,"internal consistency",2,6
10035,"robertson walker universe",3,6
10036,"energy input",2,6
10037,"planck length",2,6
10038,"gravitational radiation reaction",3,6
10039,"asymptotically ads",2,6
10040,"spatially anisotropic",2,6
10041,"becomes dominant",2,6
10042,"complex scalar field",3,6
10043,"chemical enrichment",2,6
10044,"lyman break",2,6
10045,"schechter function",2,6
10046,"rotating compact",2,6
10047,"longitudinal structure functions",3,6
10048,"ionization balance",2,6
10049,"southern sky survey",3,6
10050,"proton induced reactions",3,6
10051,"hydrodynamical code",2,6
10052,"cosmic microwave background cmb polarization",5,6
10053,"dark matter cdm model",4,6
10054,"carbon burning",2,6
10055,"polar cap",2,6
10056,"hubble type",2,6
10057,"source rx",2,6
10058,"dvali gabadadze",2,6
10059,"ionization fraction",2,6
10060,"lower end",2,6
10061,"field spectrograph",2,6
10062,"surrounding environment",2,6
10063,"line diagnostics",2,6
10064,"gas inflow",2,6
10065,"kuiper belt",2,6
10066,"night sky",2,6
10067,"dark matter searches",3,6
10068,"spectroscopic surveys",2,6
10069,"ms chandra",2,6
10070,"mag arcsec2",2,6
10071,"hst ghrs",2,6
10072,"hot dark",2,6
10073,"high precision measurements",3,6
10074,"dramatic change",2,6
10075,"remarkably constant",2,6
10076,"factorization formalism",2,6
10077,"bar nue",2,6
10078,"aleph detector",2,6
10079,"csi tl",2,6
10080,"phi factory",2,6
10081,"proton antiproton collisions",3,6
10082,"nambu goldstone boson",3,6
10083,"stat syst ps",3,6
10084,"collider lc",2,6
10085,"sno charged current",3,6
10086,"bent crystal",2,6
10087,"dijet photoproduction",2,6
10088,"open charm mesons",3,6
10089,"muon storage ring",3,6
10090,"astrophysical observatory",2,6
10091,"reheating temperature",2,6
10092,"active neutrino",2,6
10093,"average transverse momentum",3,6
10094,"neutron rich nuclei",3,6
10095,"proton nucleus scattering",3,6
10096,"spontaneously breaks",2,6
10097,"quenched chiral",2,6
10098,"octet baryons",2,6
10099,"gamow teller",2,6
10100,"boost invariant",2,6
10101,"relativistic hartree",2,6
10102,"normal nuclear matter",3,6
10103,"eta mixing",2,6
10104,"field theory eft",3,6
10105,"vacuum condensates",2,6
10106,"scalar multiplets",2,6
10107,"slepton mass",2,6
10108,"hadronic vacuum polarization",3,6
10109,"bulk scalar field theory",4,6
10110,"s1 z2 orbifold fixed points",5,6
10111,"affleck dine",2,6
10112,"su gut scale",3,6
10113,"lhc energies",2,6
10114,"right handed neutrino mass",4,6
10115,"tachyonic preheating",2,6
10116,"visible brane",2,6
10117,"weak mixing angle",3,6
10118,"instanton like",2,6
10119,"compactification scale",2,6
10120,"eigenmodes expansions",2,6
10121,"undulator radiation generated",3,6
10122,"negative tension branes",3,6
10123,"supergravity duals",2,6
10124,"pure spinor",2,6
10125,"dilaton field theory",3,6
10126,"orientifold planes",2,6
10127,"orientifold models",2,6
10128,"geometric transitions",2,6
10129,"grow exponentially",2,5
10130,"state hyperfine",2,5
10131,"larmor precession",2,5
10132,"zeno effect",2,5
10133,"entanglement witnesses",2,5
10134,"nuclear magnetic resonance",3,5
10135,"level atom cavity",3,5
10136,"geometric phase shift",3,5
10137,"continued fraction",2,5
10138,"purification scheme",2,5
10139,"quantized electromagnetic field",3,5
10140,"spin-1 heisenberg",2,5
10141,"decoherence free subspaces",3,5
10142,"single photon number",3,5
10143,"quasi exactly solvable",3,5
10144,"motional states",2,5
10145,"holonomic quantum computer",3,5
10146,"entanglement purification",2,5
10147,"greenberger horne zeilinger",3,5
10148,"fluctuation dissipation relations",3,5
10149,"non hermiticity",2,5
10150,"halogen bridged",2,5
10151,"weakly interacting bose einstein condensate",5,5
10152,"hierarchical lattice",2,5
10153,"ambient conditions",2,5
10154,"low carrier",2,5
10155,"molecular chaos",2,5
10156,"log periodic oscillations",3,5
10157,"effective action describing",3,5
10158,"blockade peak",2,5
10159,"linear response function",3,5
10160,"system size correction",3,5
10161,"surface density profiles",3,5
10162,"zone center phonon frequencies",4,5
10163,"moebius strip",2,5
10164,"percolating clusters",2,5
10165,"kosterlitz thouless transition temperature",4,5
10166,"localization delocalization",2,5
10167,"normal incidence angle",3,5
10168,"superconductor insulator transition",3,5
10169,"alpha beta function",3,5
10170,"staggered magnetic field",3,5
10171,"dynamic scaling behavior",3,5
10172,"sized particles",2,5
10173,"quasi real",2,5
10174,"annealing process",2,5
10175,"vortex glass phase transition",4,5
10176,"high temperature tc cuprates",4,5
10177,"disordered conductors",2,5
10178,"reaction diffusion processes",3,5
10179,"exactly solvable lattice",3,5
10180,"random walkers",2,5
10181,"dangling bonds",2,5
10182,"semi dilute",2,5
10183,"short range coulomb interaction",4,5
10184,"fringe visibility",2,5
10185,"interparticle interactions",2,5
10186,"statistically independent",2,5
10187,"prl cond mat",3,5
10188,"photoabsorption spectra",2,5
10189,"low energy tail",3,5
10190,"giant dipole resonances",3,5
10191,"weighted sum rule",3,5
10192,"like fermi level",3,5
10193,"band hubbard models",3,5
10194,"varies strongly",2,5
10195,"magnetically active",2,5
10196,"bragg scattering",2,5
10197,"carrier density",2,5
10198,"spin polarized tunneling",3,5
10199,"pseudogap phase coherence",3,5
10200,"reaction diffusion limited",3,5
10201,"correlation matrices",2,5
10202,"higher order parameter",3,5
10203,"altshuler aronov",2,5
10204,"ferromagnetic semiconductor quantum",3,5
10205,"kramers kronig",2,5
10206,"colloidal spheres",2,5
10207,"orbital liquid",2,5
10208,"doubly degenerate ground state",4,5
10209,"interacting bose gases",3,5
10210,"zero bias conductance peak",4,5
10211,"charge density matrix",3,5
10212,"adam gibbs",2,5
10213,"aging regime",2,5
10214,"diffusion monte carlo simulation",4,5
10215,"thomas fermi gas",3,5
10216,"energy interval",2,5
10217,"ehrlich schwoebel",2,5
10218,"globular proteins",2,5
10219,"free energy barrier",3,5
10220,"stylized facts",2,5
10221,"entropy barriers",2,5
10222,"alpha bedt ttf",3,5
10223,"submonolayer regime",2,5
10224,"al alox",2,5
10225,"woods saxon",2,5
10226,"antiferromagnetic heisenberg antiferromagnet",3,5
10227,"quantum monte",2,5
10228,"kondo temperature",2,5
10229,"molecular orbitals",2,5
10230,"doped antiferromagnets",2,5
10231,"time dependent ginzburg landau",4,5
10232,"nanometer sized",2,5
10233,"under doped",2,5
10234,"tomonaga luttinger",2,5
10235,"gate voltages",2,5
10236,"length scale factor",3,5
10237,"lamellar phase transition",3,5
10238,"alternating sign matrices",3,5
10239,"dimension dc",2,5
10240,"heisenberg antiferromagnets",2,5
10241,"microscopic mechanisms",2,5
10242,"vlasov equation",2,5
10243,"sharp superconducting",2,5
10244,"frustrated ising model",3,5
10245,"current flowing",2,5
10246,"factors nu",2,5
10247,"thermodynamic description",2,5
10248,"summer school",2,5
10249,"hopping integrals",2,5
10250,"charge ordered phases",3,5
10251,"amorphous phase transition",3,5
10252,"orientational order parameter",3,5
10253,"bond length",2,5
10254,"eight vertex",2,5
10255,"random phase transitions",3,5
10256,"logarithmic correction",2,5
10257,"monotonic function",2,5
10258,"total entropy",2,5
10259,"phase space time evolution",4,5
10260,"string cosmologies",2,5
10261,"lense thirring",2,5
10262,"thermodynamically stable",2,5
10263,"non zero curvature",3,5
10264,"real scalar field",3,5
10265,"flat extra dimensions",3,5
10266,"wheeler dewitt",2,5
10267,"pauli matrices",2,5
10268,"variable speed",2,5
10269,"asymptotically flat spacetime",3,5
10270,"ii string",2,5
10271,"bianchi type ix",3,5
10272,"first eigenvalue problem",3,5
10273,"relativistic quantum gravity",3,5
10274,"question why",2,5
10275,"harmonic forms",2,5
10276,"kantowski sachs",2,5
10277,"affine hecke algebra",3,5
10278,"quantum computer algebra",3,5
10279,"fluctuation dissipation",2,5
10280,"joint probability distribution",3,5
10281,"fiber bundles over",3,5
10282,"partially ordered",2,5
10283,"affine kac moody",3,5
10284,"pseudo riemannian metric",3,5
10285,"witten invariants",2,5
10286,"compact riemannian geometry",3,5
10287,"2-parameter family",2,5
10288,"convex cone",2,5
10289,"system behaves like",3,5
10290,"model categories",2,5
10291,"analytical solutions describing",3,5
10292,"simple lie algebras",3,5
10293,"spinc structures",2,5
10294,"assumptions concerning",2,5
10295,"heegaard splitting",2,5
10296,"accumulation set",2,5
10297,"main subjects",2,5
10298,"covariance matrix",2,5
10299,"adler function",2,5
10300,"cw complexes",2,5
10301,"cw complex",2,5
10302,"de rham cohomology",3,5
10303,"two formalisms",2,5
10304,"stable holomorphic",2,5
10305,"minimum distance",2,5
10306,"hyperplane arrangements",2,5
10307,"middle perversity",2,5
10308,"period gap",2,5
10309,"d2 dx2",2,5
10310,"elliptic curve",2,5
10311,"double neutron stars",3,5
10312,"uniform rotation",2,5
10313,"erg cm-2 s-1",3,5
10314,"rotating neutron star",3,5
10315,"young stellar objects",3,5
10316,"space observatory iso",3,5
10317,"two photon index",3,5
10318,"inner disk blackbody",3,5
10319,"isothermal sphere",2,5
10320,"reaction network",2,5
10321,"initial mass fraction",3,5
10322,"cross correlating",2,5
10323,"sfr estimates",2,5
10324,"diffuse ionized gas",3,5
10325,"coordinate frame",2,5
10326,"tail extending",2,5
10327,"axis ratios",2,5
10328,"molecular cloud cores",3,5
10329,"brute force",2,5
10330,"diffuse emission line",3,5
10331,"comprises two",2,5
10332,"galactic centre",2,5
10333,"sx phe",2,5
10334,"pulsating stars",2,5
10335,"hr diagram",2,5
10336,"velocity clouds",2,5
10337,"giant molecular cloud",3,5
10338,"particle hole masses",3,5
10339,"color gradients",2,5
10340,"radio loud quasars",3,5
10341,"test particle moving",3,5
10342,"inverse compton ic",3,5
10343,"gaussian features",2,5
10344,"leading edge",2,5
10345,"central engines",2,5
10346,"foreground extinction",2,5
10347,"mach number",2,5
10348,"rayleigh taylor",2,5
10349,"few arcseconds",2,5
10350,"evolutionary stage",2,5
10351,"old stellar",2,5
10352,"stellar encounters",2,5
10353,"sub halos",2,5
10354,"external radiation",2,5
10355,"upper part",2,5
10356,"few weeks",2,5
10357,"sub arcsecond resolution",3,5
10358,"outer shell model",3,5
10359,"dense galactic",2,5
10360,"ongoing star",2,5
10361,"matter halos",2,5
10362,"las campanas redshift survey lcrs",5,5
10363,"structure formation rate",3,5
10364,"ca ti",2,5
10365,"neutrino propagation",2,5
10366,"jeans mass",2,5
10367,"zel dovich",2,5
10368,"parent galaxies",2,5
10369,"v4334 sgr",2,5
10370,"lensing surveys",2,5
10371,"gravitationally lensed quasars",3,5
10372,"broad band imaging",3,5
10373,"red object ero",3,5
10374,"classification schemes",2,5
10375,"scattering angles",2,5
10376,"morphological types",2,5
10377,"low mass accretion rate",4,5
10378,"lyman continuum",2,5
10379,"radiative transfer rate",3,5
10380,"non abelian chern simons",4,5
10381,"steep rise",2,5
10382,"cosmic ray sources",3,5
10383,"astrophysical systems",2,5
10384,"band imaging survey",3,5
10385,"galaxies suggesting",2,5
10386,"fully sampled",2,5
10387,"rotation speed",2,5
10388,"after subtracting",2,5
10389,"column density nh cm",4,5
10390,"beppo sax",2,5
10391,"simulated galaxy clusters",3,5
10392,"giant wind",2,5
10393,"galaxies uligs",2,5
10394,"palomar green",2,5
10395,"taurus auriga",2,5
10396,"shower development",2,5
10397,"axis ratio",2,5
10398,"gaseous component",2,5
10399,"imaging cherenkov telescopes",3,5
10400,"young stellar populations",3,5
10401,"angular separations",2,5
10402,"mass transfer rate",3,5
10403,"total column densities",3,5
10404,"galaxies spanning",2,5
10405,"host galaxy formation",3,5
10406,"powerful radio source",3,5
10407,"dynamical timescale",2,5
10408,"color index",2,5
10409,"open cluster ngc",3,5
10410,"deep hst",2,5
10411,"parameter omega0",2,5
10412,"cobe normalized",2,5
10413,"break galaxy",2,5
10414,"closely resembles",2,5
10415,"grb host galaxy",3,5
10416,"frii radio galaxies",3,5
10417,"radial velocity variations",3,5
10418,"pierre auger",2,5
10419,"solar vicinity",2,5
10420,"hydrodynamical simulation",2,5
10421,"donor star",2,5
10422,"microquasar grs",2,5
10423,"instability strip",2,5
10424,"proposed snap satellite",3,5
10425,"parent population",2,5
10426,"general relativistic hydrodynamics code",4,5
10427,"hi 21cm",2,5
10428,"lower redshift",2,5
10429,"absorption systems dlas",3,5
10430,"channel maps",2,5
10431,"kinematic information",2,5
10432,"source count rate",3,5
10433,"external galaxies",2,5
10434,"stis spectra",2,5
10435,"few remarks",2,5
10436,"burst grb host galaxy",4,5
10437,"luminosity profiles",2,5
10438,"spectroscopic observations suggest",3,5
10439,"metallicity distribution function",3,5
10440,"greatly reduce",2,5
10441,"metal poor halo",3,5
10442,"archival hst wfpc2",3,5
10443,"local interstellar gas",3,5
10444,"gas confined within",3,5
10445,"yield similar",2,5
10446,"surface brightness lsb",3,5
10447,"owens valley",2,5
10448,"magneto rotational",2,5
10449,"bvri photometry",2,5
10450,"unidentified egret",2,5
10451,"spinning neutron star",3,5
10452,"gravitationally unstable",2,5
10453,"correlation length scale",3,5
10454,"relativistic mean",2,5
10455,"core radii",2,5
10456,"highest energy",2,5
10457,"chemical compositions",2,5
10458,"wolf rayet stars",3,5
10459,"observational data set",3,5
10460,"bifurcation point",2,5
10461,"electroweak symmetry",2,5
10462,"imaging atmospheric",2,5
10463,"power spectrum cl",3,5
10464,"arc second",2,5
10465,"omegam omega lambda",3,5
10466,"si ii",2,5
10467,"sight velocity distribution",3,5
10468,"magnetic spectrometer",2,5
10469,"metal enriched",2,5
10470,"secondary particles",2,5
10471,"contracting phase",2,5
10472,"intermediate velocity",2,5
10473,"behave differently",2,5
10474,"circular velocity",2,5
10475,"relativistic outflows",2,5
10476,"integral mission",2,5
10477,"imaging spectrometer",2,5
10478,"ray emission originating",3,5
10479,"remained unclear",2,5
10480,"commissioning data",2,5
10481,"air shower simulations",3,5
10482,"multi wavelength range",3,5
10483,"lsnd effect",2,5
10484,"electric dipole interactions",3,5
10485,"tau lepton flavor violating",4,5
10486,"peccei quinn",2,5
10487,"maximal atmospheric neutrino oscillations",4,5
10488,"large pt gev",3,5
10489,"gluon degrees",2,5
10490,"fermion mass hierarchy",3,5
10491,"self energy density",3,5
10492,"linearly rising",2,5
10493,"skewed parton distributions",3,5
10494,"crystalline color superconductivity",3,5
10495,"sigma tot",2,5
10496,"pseudo rapidity",2,5
10497,"neutralino pair production",3,5
10498,"photo meson production",3,5
10499,"simons theory",2,5
10500,"two flavor symmetries",3,5
10501,"per unit length",3,5
10502,"parity doublets",2,5
10503,"hard thermal loops",3,5
10504,"relativistic treatment",2,5
10505,"experimental data points",3,5
10506,"minijet production",2,5
10507,"fermi motion",2,5
10508,"gluon string",2,5
10509,"pseudo euclidean space",3,5
10510,"running coupling constant",3,5
10511,"renormalization group rg equation",4,5
10512,"light gauginos",2,5
10513,"total mass energies",3,5
10514,"deconfined phase",2,5
10515,"theory hqet",2,5
10516,"almost independently",2,5
10517,"complex scalar field theory",4,5
10518,"unintegrated gluon",2,5
10519,"dijet cross section",3,5
10520,"laboratory frame",2,5
10521,"under extreme conditions",3,5
10522,"dimensional qed",2,5
10523,"dense quark",2,5
10524,"careful consideration",2,5
10525,"heavy baryon",2,5
10526,"sm prediction",2,5
10527,"doublet models",2,5
10528,"string fragmentation",2,5
10529,"indirect detection",2,5
10530,"deeply virtual compton scattering processes",5,5
10531,"leptonic cp",2,5
10532,"dimensional spacetime dimensions",3,5
10533,"quark mass spectrum",3,5
10534,"small scale factor",3,5
10535,"lambda tev scale",3,5
10536,"higgs self",2,5
10537,"spectrum cl",2,5
10538,"solar neutrino problem",3,5
10539,"coulomb gauge theories",3,5
10540,"abelian higgs fields",3,5
10541,"subleading corrections",2,5
10542,"yukawa type",2,5
10543,"non newtonian gravity",3,5
10544,"nlo qcd calculations",3,5
10545,"su gluodynamics",2,5
10546,"angular distribution function",3,5
10547,"fragmentation region",2,5
10548,"fermion mass matrices",3,5
10549,"quadratic divergences",2,5
10550,"zero crossing",2,5
10551,"klebanov strassler",2,5
10552,"wilson line operators",3,5
10553,"coset conformal field theories",4,5
10554,"drastic reduction",2,5
10555,"acquire mass",2,5
10556,"grassmann manifold",2,5
10557,"calabi yau three",3,5
10558,"higher dimensional reduction",3,5
10559,"three brane world",3,5
10560,"junction conditions",2,5
10561,"pure ads",2,5
10562,"generalized weyl",2,5
10563,"charged fermion",2,5
10564,"non trivial dependence",3,5
10565,"adhm construction",2,5
10566,"intersecting brane",2,5
10567,"entropy bounds",2,5
10568,"finite dimensional reduction",3,5
10569,"reparametrization invariance",2,5
10570,"vacuum diagrams",2,5
10571,"noncommutative gauge",2,5
10572,"lambda phi4 model",3,5
10573,"mild conditions",2,5
10574,"thermodynamic bethe ansatz",3,5
10575,"fermion propagator",2,5
10576,"d1-d5 system",2,5
10577,"perturbative matching",2,5
10578,"cumulant expansion",2,5
10579,"slavnov taylor identities",3,5
10580,"instanton corrections",2,5
10581,"universal hypermultiplet",2,5
10582,"local supersymmetry breaking",3,5
10583,"simple phenomenological analysis",3,5
10584,"dirac born infeld action",4,5
10585,"brane tension branes",3,5
10586,"fiber bundles",2,5
10587,"plausible assumptions",2,5
10588,"open string tension",3,5
10589,"verma modules",2,5
10590,"insertion approximation",2,5
10591,"oppositely charged",2,5
10592,"gaudin model",2,5
10593,"poincare covariant",2,5
10594,"drinfeld sokolov",2,5
10595,"gauge group flow",3,5
10596,"functional integration",2,5
10597,"object oriented software",3,5
10598,"experimental program",2,5
10599,"cp violating couplings",3,5
10600,"ckm matrix element",3,5
10601,"colour reconnection",2,5
10602,"k0 bar b0",3,5
10603,"c.l upper limits",3,5
10604,"canfranc underground laboratory",3,5
10605,"colour interaction",2,5
10606,"radial excitation",2,5
10607,"cosmic ray spectrum",3,5
10608,"georgi glashow model",3,5
10609,"flavour symmetry breaking",3,5
10610,"crossing points",2,5
10611,"lattice qed",2,5
10612,"drell hearn",2,5
10613,"femtosecond laser pulses",3,5
10614,"strange attractors",2,5
10615,"third order parameter",3,5
10616,"microwave conductivity",2,5
10617,"real time dependent",3,5
10618,"nonthermal radiation",2,5
10619,"del pezzo surfaces",3,5
10620,"separable expansion",2,5
10621,"error probability",2,5
10622,"blackbody radiation",2,5
10623,"unitary operation",2,5
10624,"vacuum energy cosmic",3,5
10625,"spin density functional calculations",4,5
10626,"surface density matrix",3,5
10627,"parameters governing",2,5
10628,"chemical elements",2,5
10629,"accelerator structures",2,5
10630,"dipole mode",2,5
10631,"characteristic time scales",3,5
10632,"smallest scales",2,5
10633,"evanescent waves",2,5
10634,"virasoro algebras",2,5
10635,"weyl heisenberg",2,5
10636,"gibbs measures",2,5
10637,"gauge fixing",2,5
10638,"basic facts",2,5
10639,"casimir operators",2,5
10640,"angular momentum spectra",3,5
10641,"schroedinger equations",2,5
10642,"complex ginzburg landau equation",4,5
10643,"large scale free",3,5
10644,"smooth random",2,5
10645,"sinh gordon model",3,5
10646,"parametrically driven",2,5
10647,"kicked rotor",2,5
10648,"continuous symmetries",2,5
10649,"special lagrangian submanifold",3,5
10650,"muon beam",2,5
10651,"gamma 8b",2,5
10652,"kinematically complete measurement",3,5
10653,"charge ordered phase transition",4,5
10654,"radioactive decay",2,5
10655,"halo nucleus",2,5
10656,"forward angles",2,5
10657,"gradient term",2,5
10658,"lambda hyperon nucleon",3,5
10659,"fusion process",2,5
10660,"coupled cluster systems",3,5
10661,"time dependent schroedinger equation",4,5
10662,"excitation functions",2,5
10663,"neutron excess",2,5
10664,"uncorrelated random",2,5
10665,"normal subgroups",2,5
10666,"modified feynman",2,5
10667,"indistinguishable particles",2,5
10668,"probability density operator",3,5
10669,"logical gates",2,5
10670,"turing machines",2,5
10671,"quantum key distribution qkd",4,5
10672,"database search",2,5
10673,"level shifts",2,5
10674,"return probability",2,5
10675,"weyl wigner function",3,5
10676,"power correction",2,5
10677,"non interacting via",3,5
10678,"swiss cheese",2,5
10679,"dc josephson junction",3,5
10680,"stability criterion",2,5
10681,"time dependent variational approach",4,5
10682,"surface impedance",2,5
10683,"substantial reduction",2,5
10684,"temperature jumps",2,5
10685,"spin gapped",2,5
10686,"marginally stable",2,5
10687,"finite strains",2,5
10688,"dielectric constants",2,5
10689,"fluid spheres",2,5
10690,"random heteropolymers",2,5
10691,"proceeds through",2,5
10692,"functional renormalization group",3,5
10693,"granular fluid",2,5
10694,"single walled carbon nanotubes",4,5
10695,"itinerant ferromagnetism",2,5
10696,"magnetic susceptibility chi",3,5
10697,"surprisingly large number",3,5
10698,"parametric instability",2,5
10699,"europhys lett",2,5
10700,"repulsive interaction strength",3,5
10701,"upper critical temperature",3,5
10702,"main concern",2,5
10703,"muon spin",2,5
10704,"perfect nesting",2,5
10705,"stochastic series expansion",3,5
10706,"spontaneous chiral symmetry",3,5
10707,"self organized critical",3,5
10708,"inverse correlation length",3,5
10709,"current density jc",3,5
10710,"intermetallic superconductor mgb2",3,5
10711,"statistical mechanical",2,5
10712,"biological ageing",2,5
10713,"substantial difference",2,5
10714,"de haas oscillations",3,5
10715,"current voltage characteristic",3,5
10716,"chromatic polynomial",2,5
10717,"interference device",2,5
10718,"low reynolds number",3,5
10719,"thermomagnetic history",2,5
10720,"interlayer tunneling",2,5
10721,"density wave superconductors",3,5
10722,"fold symmetry",2,5
10723,"dimer phase transition",3,5
10724,"winding numbers",2,5
10725,"propto exp",2,5
10726,"energy minimization",2,5
10727,"corner sharing",2,5
10728,"square lattice gas",3,5
10729,"closely correlated",2,5
10730,"distributed throughout",2,5
10731,"electron hole pair",3,5
10732,"spatially modulated",2,5
10733,"2d xy model",3,5
10734,"low energy distributions",3,5
10735,"single particle green function",4,5
10736,"mg vapor",2,5
10737,"chemical bonding",2,5
10738,"tl ba",2,5
10739,"cuo planes",2,5
10740,"layered superconductor",2,5
10741,"per unit cell",3,5
10742,"expected shortfall",2,5
10743,"current density profile",3,5
10744,"integer spin",2,5
10745,"formation efficiency",2,5
10746,"boltzmann kinetic",2,5
10747,"existing theoretical models",3,5
10748,"microlensing optical depth",3,5
10749,"sax j1808.4-3658",2,5
10750,"surface brightness distribution",3,5
10751,"pulsational properties",2,5
10752,"binary lens",2,5
10753,"high magnification",2,5
10754,"strength distributions",2,5
10755,"after accounting",2,5
10756,"survey covers",2,5
10757,"obscured star",2,5
10758,"radiative efficiency",2,5
10759,"cooling neutron star",3,5
10760,"lambda cdm cosmology",3,5
10761,"energy tail",2,5
10762,"fitting procedure",2,5
10763,"highly nonlinear",2,5
10764,"liquid mirror",2,5
10765,"characteristic feature",2,5
10766,"significant amounts",2,5
10767,"shortly after",2,5
10768,"versus redshift",2,5
10769,"adjustable parameter",2,5
10770,"disc instability",2,5
10771,"schmidt law",2,5
10772,"second brightest",2,5
10773,"high energy injection",3,5
10774,"gamma ray flares",3,5
10775,"photon splitting",2,5
10776,"transients sxts",2,5
10777,"wide binary systems",3,5
10778,"radio telescope compact array",4,5
10779,"virial mass function",3,5
10780,"period luminosity relations",3,5
10781,"double lined spectroscopic observations",4,5
10782,"end products",2,5
10783,"hydrogen deficient",2,5
10784,"envelope evolution",2,5
10785,"equal sized",2,5
10786,"cd galaxy ngc",3,5
10787,"local density wave",3,5
10788,"large scale structure lss",4,5
10789,"red supergiant",2,5
10790,"free absorption",2,5
10791,"gamma ray pulsar",3,5
10792,"poisson process",2,5
10793,"intensity ratio",2,5
10794,"poisson geometry",2,5
10795,"electroweak phase transition",3,5
10796,"cherenkov radiation",2,5
10797,"radio galaxies brighter",3,5
10798,"standard model atmosphere",3,5
10799,"elemental abundance",2,5
10800,"sachs wolfe effect",3,5
10801,"quasar pks",2,5
10802,"characteristic time dependent",3,5
10803,"salpeter imf",2,5
10804,"nearly circular",2,5
10805,"point spread function",3,5
10806,"emission line widths",3,5
10807,"rich cluster samples",3,5
10808,"scientific potential",2,5
10809,"highest energy cosmic rays",4,5
10810,"regions surrounded",2,5
10811,"objective prism",2,5
10812,"inflationary epoch",2,5
10813,"simulated galaxy",2,5
10814,"double cluster",2,5
10815,"periodic variables",2,5
10816,"slit spectra",2,5
10817,"around young stars",3,5
10818,"triaxial galaxies",2,5
10819,"warm dark matter",3,5
10820,"short time dependent",3,5
10821,"high energy levels",3,5
10822,"light ebl",2,5
10823,"considerable fraction",2,5
10824,"diffuse extragalactic background",3,5
10825,"analytic approximations",2,5
10826,"young stellar evolution",3,5
10827,"publicly available",2,5
10828,"color indices",2,5
10829,"cuspy halo",2,5
10830,"friedmann robertson walker flrw",4,5
10831,"few gyr",2,5
10832,"now believed",2,5
10833,"magellanic cloud",2,5
10834,"law continuum",2,5
10835,"cloud fragmentation",2,5
10836,"thermal pulses",2,5
10837,"rough estimate",2,5
10838,"cool white dwarfs",3,5
10839,"size grows",2,5
10840,"current observational data",3,5
10841,"synthesis models",2,5
10842,"non gaussian random",3,5
10843,"synchrotron emitting",2,5
10844,"times10 cm",2,5
10845,"significant scatter",2,5
10846,"dwarf galaxy ngc",3,5
10847,"eleven dimensional",2,5
10848,"ray tracing",2,5
10849,"non rotating black hole",4,5
10850,"non relativistic electrons",3,5
10851,"unifying scheme",2,5
10852,"binaries containing",2,5
10853,"nearly complete",2,5
10854,"wind nebulae",2,5
10855,"accretion powered",2,5
10856,"maximum likelihood technique",3,5
10857,"absolute brightness",2,5
10858,"6-m telescope",2,5
10859,"theoretical modeling",2,5
10860,"mira variable",2,5
10861,"remaining objects",2,5
10862,"disk blackbody",2,5
10863,"temperley lieb",2,5
10864,"legendre transformation",2,5
10865,"conditional expectation",2,5
10866,"universally tight contact structure",4,5
10867,"hyperbolic 3-manifolds",2,5
10868,"graded hopf algebra",3,5
10869,"partial differential equation",3,5
10870,"hodge theory",2,5
10871,"hyperbolic 3-space",2,5
10872,"completely reducible",2,5
10873,"rational conformal",2,5
10874,"nilpotent orbit",2,5
10875,"high energy asymptotics",3,5
10876,"young diagrams",2,5
10877,"galilei group",2,5
10878,"primitive elements",2,5
10879,"whole complex plane",3,5
10880,"schrodinger operator",2,5
10881,"jet bundles",2,5
10882,"shift maps",2,5
10883,"s.l woronowicz",2,5
10884,"non empty",2,5
10885,"intrinsic transverse",2,5
10886,"robinson schensted",2,5
10887,"vortex pairs",2,5
10888,"time elapsed",2,5
10889,"combinatorial optimization problems",3,5
10890,"key step",2,5
10891,"calabi yau varieties",3,5
10892,"newton polygon",2,5
10893,"hall angle",2,5
10894,"kardar parisi zhang",3,5
10895,"vector machine",2,5
10896,"coherence peak",2,5
10897,"pseudogap state",2,5
10898,"random multiplicative",2,5
10899,"long tail",2,5
10900,"quantitative estimates",2,5
10901,"super conductors",2,5
10902,"viscoelastic response",2,5
10903,"macroscopic observables",2,5
10904,"highly precise",2,5
10905,"long sought",2,5
10906,"quasiparticle picture",2,5
10907,"spatially distributed",2,5
10908,"key parameters",2,5
10909,"floating up",2,5
10910,"ab initio molecular dynamics simulations",5,5
10911,"low density wave",3,5
10912,"hall constant",2,5
10913,"kinetic energy range",3,5
10914,"misfit strain",2,5
10915,"nuclear spin density",3,5
10916,"latent heat",2,5
10917,"function pdf",2,5
10918,"energy density wave function",4,5
10919,"dynamic structure factor",3,5
10920,"flux creep",2,5
10921,"mg 1-x",2,5
10922,"resolved photoemission",2,5
10923,"sigma bands",2,5
10924,"lambda tr",2,5
10925,"binder cumulant",2,5
10926,"dc magnetization measurements",3,5
10927,"surface density profile",3,5
10928,"sample fluctuations",2,5
10929,"gap opens",2,5
10930,"stationary axisymmetric",2,5
10931,"uniformly rotating",2,5
10932,"apparent horizon",2,5
10933,"frw equations",2,5
10934,"cyclotron frequency",2,5
10935,"cold neutron stars",3,5
10936,"fermion mass generation",3,5
10937,"evaporation rate",2,5
10938,"axisymmetric einstein equations",3,5
10939,"schwinger equations",2,5
10940,"exterior differential calculus",3,5
10941,"transversity distribution function",3,5
10942,"slavnov taylor",2,5
10943,"theoretical investigations",2,5
10944,"bimaximal mixing",2,5
10945,"perturbatively calculable",2,5
10946,"neutral higgs",2,5
10947,"atmospheric muons",2,5
10948,"world average value",3,5
10949,"yukawa unification",2,5
10950,"liquid argon",2,5
10951,"neutrino mass matrices",3,5
10952,"maximal mixing matrix",3,5
10953,"diquark condensation",2,5
10954,"low energy theorems",3,5
10955,"large hadron duality",3,5
10956,"feynman diagrammatic approach",3,5
10957,"elastic scattering processes",3,5
10958,"beam polarization observables",3,5
10959,"deeply inelastic scattering",3,5
10960,"highly localized",2,5
10961,"careful treatment",2,5
10962,"constrained mssm cmssm",3,5
10963,"double counting",2,5
10964,"sigma deviation",2,5
10965,"holographically dual",2,5
10966,"lepton polarization",2,5
10967,"majorana neutrino oscillations",3,5
10968,"supersymmetric standard model prediction",4,5
10969,"pi mp",2,5
10970,"mass hierarchy problem",3,5
10971,"gauge boson production",3,5
10972,"lightest neutralino",2,5
10973,"super hubble",2,5
10974,"fake cp violation",3,5
10975,"ceres na45",2,5
10976,"supersymmetric partners",2,5
10977,"new physics responsible",3,5
10978,"sub tev",2,5
10979,"large mixing angle msw",4,5
10980,"lambda2 w2",2,5
10981,"clearly demonstrates",2,5
10982,"electromagnetic response",2,5
10983,"light sterile neutrinos",3,5
10984,"relativistic kinematics",2,5
10985,"brane constructions",2,5
10986,"space time series",3,5
10987,"fourth generation",2,5
10988,"numerical modelling",2,5
10989,"double beta decay",3,5
10990,"magic numbers",2,5
10991,"kaluza klein kk modes",4,5
10992,"weakly dependent",2,5
10993,"intrinsic transverse momentum",3,5
10994,"su nambu jona lasinio model",5,5
10995,"around tev",2,5
10996,"internal symmetry breaking",3,5
10997,"lagrangian describing",2,5
10998,"remain unchanged",2,5
10999,"small angle msw solution",4,5
11000,"vector meson production",3,5
11001,"explicit cp violation",3,5
11002,"interaction strengths",2,5
11003,"delta resonance region",3,5
11004,"universal soft gamma",3,5
11005,"universe concept wu",3,5
11006,"lippmann schwinger",2,5
11007,"beat patterns",2,5
11008,"discontinuous change",2,5
11009,"metastable helium atoms",3,5
11010,"integral techniques",2,5
11011,"self energy levels",3,5
11012,"alternating knots",2,5
11013,"non relativistic quantum",3,5
11014,"multisymplectic geometry",2,5
11015,"inverse power",2,5
11016,"invariant tori",2,5
11017,"backlund transformation",2,5
11018,"anomalous exponents",2,5
11019,"riemann hilbert problems",3,5
11020,"sixth painlev",2,5
11021,"baxter equation",2,5
11022,"passive scalar",2,5
11023,"momentum loss",2,5
11024,"jefferson laboratory",2,5
11025,"intermediate mass fragments",3,5
11026,"nucleon sea quark",3,5
11027,"time dependent variational",3,5
11028,"ozi rule",2,5
11029,"newly born",2,5
11030,"particle green functions",3,5
11031,"isospin asymmetry",2,5
11032,"superheavy elements",2,5
11033,"chemical freeze outs",3,5
11034,"three loop corrections",3,5
11035,"minimal subtraction",2,5
11036,"brane world sheet",3,5
11037,"heisenberg algebra",2,5
11038,"covariant derivative",2,5
11039,"moser system",2,5
11040,"solvable models",2,5
11041,"confining phase",2,5
11042,"conformal symmetry groups",3,5
11043,"string compactifications",2,5
11044,"integration constants",2,5
11045,"horava witten",2,5
11046,"infrared sector",2,5
11047,"lump solutions",2,5
11048,"young massive",2,5
11049,"string tensions",2,5
11050,"coordinate transformation",2,5
11051,"orbifold singularity",2,5
11052,"theory qft",2,5
11053,"asymptotically de sitter spacetimes",4,5
11054,"holomorphic vector",2,5
11055,"automatically satisfied",2,5
11056,"non renormalizable",2,5
11057,"parameter theta pi",3,5
11058,"miura transformation",2,5
11059,"tachyonic instability",2,5
11060,"vanishing cosmological constant",3,5
11061,"feynman graph",2,5
11062,"z0 decays",2,5
11063,"parameter sin",2,5
11064,"quartic gauge boson",3,5
11065,"weak gravitational force",3,5
11066,"ratio br",2,5
11067,"single valued",2,5
11068,"sheikholeslami wohlert",2,5
11069,"transmitted through",2,5
11070,"podolsky rosen",2,5
11071,"de broglie wavelength",3,5
11072,"lies below",2,5
11073,"mode squeezed vacuum",3,5
11074,"quantum cloning",2,5
11075,"coherently driven",2,5
11076,"relativistic causality",2,5
11077,"heisenberg uncertainty relations",3,5
11078,"evolutionary dynamics",2,5
11079,"evolutionarily stable",2,5
11080,"pacs number",2,5
11081,"bit commitment",2,5
11082,"quantum circuits",2,5
11083,"finite precision",2,5
11084,"dipole resonances",2,5
11085,"quantum codes",2,5
11086,"spin polarized beams",3,5
11087,"asymptotically optimal",2,5
11088,"temporal evolution equations",3,5
11089,"stark shift",2,5
11090,"electromagnetically induced transparency eit",4,5
11091,"post selection",2,5
11092,"optimal solutions",2,5
11093,"geometrical frustration",2,5
11094,"granular material",2,5
11095,"luttinger liquid behavior",3,5
11096,"slow relaxation rate",3,5
11097,"bond centered",2,5
11098,"polymer melt",2,5
11099,"complex ginzburg landau",3,5
11100,"phase transition temperature tc",4,5
11101,"time scale dependence",3,5
11102,"magnetic resonance peak",3,5
11103,"london penetration depth",3,5
11104,"ab initio techniques",3,5
11105,"spin ice",2,5
11106,"ising spins",2,5
11107,"lo phonon",2,5
11108,"critical slowing",2,5
11109,"packing fraction",2,5
11110,"extrapolation length",2,5
11111,"kohn sham equation",3,5
11112,"under pressure induced",3,5
11113,"peierls transition",2,5
11114,"substantially enhanced",2,5
11115,"heavy hole",2,5
11116,"free energy landscape",3,5
11117,"bias voltages",2,5
11118,"elastic scattering length",3,5
11119,"staggered magnetization",2,5
11120,"magneto transport properties",3,5
11121,"states ldos",2,5
11122,"galilean invariant",2,5
11123,"impurity doping",2,5
11124,"maximal value",2,5
11125,"double perovskites",2,5
11126,"mgb2 thin film",3,5
11127,"shedding light",2,5
11128,"x2-y2 pairing symmetry",3,5
11129,"persistence length",2,5
11130,"conformal mappings",2,5
11131,"bundle model",2,5
11132,"cn br",2,5
11133,"higher landau",2,5
11134,"thick films",2,5
11135,"power supply",2,5
11136,"end user",2,5
11137,"coexistence curve",2,5
11138,"traveling waves",2,5
11139,"step replica symmetry breaking",4,5
11140,"single electron gas",3,5
11141,"voltage characteristic",2,5
11142,"optical media",2,5
11143,"localization delocalization transition",3,5
11144,"electron hole doping",3,5
11145,"delocalization transition",2,5
11146,"feshbach resonance",2,5
11147,"kagome antiferromagnet",2,5
11148,"integral formulation",2,5
11149,"diluted magnetic field",3,5
11150,"well qw",2,5
11151,"giant magnetoresistance",2,5
11152,"phonon emission",2,5
11153,"dc magnetization",2,5
11154,"hole doped holes",3,5
11155,"ii superconductor",2,5
11156,"low extinction",2,5
11157,"gaussian variational",2,5
11158,"financial time",2,5
11159,"glassy system",2,5
11160,"self avoiding walks",3,5
11161,"mode whereas",2,5
11162,"fluctuating hydrodynamics",2,5
11163,"microwave surface resistance",3,5
11164,"diffraction limit",2,5
11165,"fractional quantum hall states",4,5
11166,"axis conductivity",2,5
11167,"curie temperature dependence",3,5
11168,"quasi classical limit",3,5
11169,"smectic liquid crystals",3,5
11170,"two arms",2,5
11171,"neighbor interactions",2,5
11172,"united states",2,5
11173,"quantum dot qd",3,5
11174,"fermi gases",2,5
11175,"exciton binding",2,5
11176,"gaseous phase",2,5
11177,"slow relaxation time",3,5
11178,"cross sectional",2,5
11179,"single crystal structure",3,5
11180,"electronic raman spectra",3,5
11181,"he flash",2,5
11182,"physical processes involved",3,5
11183,"photometric bands",2,5
11184,"kolmogorov smirnov",2,5
11185,"scattered photons",2,5
11186,"stellar content",2,5
11187,"relativistic jet axis",3,5
11188,"ccd mosaic",2,5
11189,"rich cluster members",3,5
11190,"blank field",2,5
11191,"high ionization",2,5
11192,"merger activity",2,5
11193,"obscured agn",2,5
11194,"standard cdm",2,5
11195,"resolution element",2,5
11196,"bow shocks",2,5
11197,"mid infrared wavelengths",3,5
11198,"high confidence",2,5
11199,"hubble space telescope hst imaging",5,5
11200,"ngc group",2,5
11201,"qualitative understanding",2,5
11202,"hierarchical structure formation",3,5
11203,"falls off",2,5
11204,"tidal stripping",2,5
11205,"total flux ratio",3,5
11206,"highest quality",2,5
11207,"low redshift quasars",3,5
11208,"highly asymmetric",2,5
11209,"high velocity distribution",3,5
11210,"lithium abundances",2,5
11211,"2df galaxy clustering",3,5
11212,"cosmic microwave frequencies",3,5
11213,"moderate redshift",2,5
11214,"mas yr",2,5
11215,"long slit spectra",3,5
11216,"shells around",2,5
11217,"deep inside",2,5
11218,"type ii supernova sn",4,5
11219,"pre main sequence pms",4,5
11220,"circumnuclear starburst",2,5
11221,"high energy transmission grating spectrometer",5,5
11222,"scaled distribution",2,5
11223,"iram 30-m",2,5
11224,"kelvin helmholtz",2,5
11225,"seeing conditions",2,5
11226,"uv bright",2,5
11227,"clear indications",2,5
11228,"ultraviolet spectroscopic explorer fuse",4,5
11229,"protostellar cores",2,5
11230,"deuterated ammonia",2,5
11231,"free energy spectrum",3,5
11232,"primordial black holes pbhs",4,5
11233,"omegam omega",2,5
11234,"rich nature",2,5
11235,"hi shell",2,5
11236,"high redshift quasars",3,5
11237,"flux levels",2,5
11238,"average value problem",3,5
11239,"starburst activity",2,5
11240,"central black hole masses",4,5
11241,"northern chile",2,5
11242,"grain growth",2,5
11243,"momentum transfer calculations",3,5
11244,"merger event",2,5
11245,"occurred within",2,5
11246,"strange star",2,5
11247,"total mass accretion",3,5
11248,"cooling flow clusters",3,5
11249,"cool gas",2,5
11250,"cooling flows",2,5
11251,"minor merger",2,5
11252,"solar activity",2,5
11253,"efficiency parameter",2,5
11254,"bolometric luminosity",2,5
11255,"acquired during",2,5
11256,"trans neptunian",2,5
11257,"broad line profiles",3,5
11258,"blue variable",2,5
11259,"large aperture",2,5
11260,"inviscid fluid",2,5
11261,"old globular clusters",3,5
11262,"oscillation frequencies",2,5
11263,"quadrupole moments",2,5
11264,"quiescent phase",2,5
11265,"gaussian component",2,5
11266,"closed box",2,5
11267,"astronomical observatory",2,5
11268,"collisionless matter",2,5
11269,"systematic deviations",2,5
11270,"large magellanic cloud",3,5
11271,"vertical size",2,5
11272,"picard number",2,5
11273,"calabi yau threefolds",3,5
11274,"convection diffusion",2,5
11275,"geometric constructions",2,5
11276,"non linear size",3,5
11277,"sectional curvature",2,5
11278,"odd integer",2,5
11279,"graph algebras",2,5
11280,"crossed product",2,5
11281,"splitting problem",2,5
11282,"diffeomorphism groups",2,5
11283,"algebro geometric",2,5
11284,"aut fn",2,5
11285,"bilinear forms",2,5
11286,"torsion free sheaves",3,5
11287,"coadjoint orbit",2,5
11288,"real algebraic geometry",3,5
11289,"picard group",2,5
11290,"diophantine approximation",2,5
11291,"principally polarized abelian varieties",4,5
11292,"baum connes",2,5
11293,"calabi yau hypersurfaces",3,5
11294,"orientation dependent",2,5
11295,"radiative transport",2,5
11296,"positron linear",2,5
11297,"magnetic flux tubes",3,5
11298,"causal approach",2,5
11299,"conjugate momenta",2,5
11300,"twist two dimensional",3,5
11301,"asymptotically de sitter solution",4,5
11302,"spectroscopic factors",2,5
11303,"closed shell model",3,5
11304,"peripheral heavy ion",3,5
11305,"pseudo goldstone bosons",3,5
11306,"nuclear medium modification",3,5
11307,"non linear sigma",3,5
11308,"pairing interactions",2,5
11309,"partial wave vector",3,5
11310,"gluon plasma qgp",3,5
11311,"two reasons",2,5
11312,"gaussian beam",2,5
11313,"periodic signals",2,5
11314,"coulomb gauge field",3,5
11315,"calculational scheme",2,5
11316,"light emitting",2,5
11317,"becomes clear",2,5
11318,"flight tof",2,5
11319,"higgs boson masses",3,5
11320,"segal bargmann transform",3,5
11321,"geometric phase transitions",3,5
11322,"initial value problems",3,5
11323,"charged particle moving",3,5
11324,"tilde tau",2,5
11325,"per unit volume",3,5
11326,"quantum billiards",2,5
11327,"bright solitons",2,5
11328,"dispersionless limit",2,5
11329,"spin-1 ladder",2,5
11330,"floquet theory",2,5
11331,"theoretic calculation",2,5
11332,"camassa holm",2,5
11333,"circulation theorem",2,5
11334,"liquid crystals",2,5
11335,"scaling violation",2,5
11336,"inelastic scattering processes",3,5
11337,"pile up",2,5
11338,"pi nn",2,5
11339,"scalar meson masses",3,5
11340,"infrared stable",2,5
11341,"indirect cp violation",3,5
11342,"tension branes",2,5
11343,"absorptive part",2,5
11344,"real scalar field theory",4,5
11345,"tau lepton flavor violating processes",5,5
11346,"somewhat surprisingly",2,5
11347,"topcolor assisted technicolor",3,5
11348,"direct detection limit",3,5
11349,"front qcd",2,5
11350,"anisotropic brane world",3,5
11351,"phi ks",2,5
11352,"parity violating interactions",3,5
11353,"horizontal symmetry",2,5
11354,"baryon content",2,5
11355,"pair production rate",3,5
11356,"strange hadron",2,5
11357,"mean square radius",3,5
11358,"four fermion masses",3,5
11359,"dual superconducting",2,5
11360,"ginzburg landau gl",3,5
11361,"sno charged",2,5
11362,"spontaneous supersymmetry",2,5
11363,"kaluza klein excitations",3,5
11364,"proper time derivative expansion",4,5
11365,"br b0",2,5
11366,"mass squared difference",3,5
11367,"valence quark gluon",3,5
11368,"light cone distribution",3,5
11369,"bubble nucleation",2,5
11370,"inverse amplitude",2,5
11371,"supersymmetric hybrid",2,5
11372,"two baselines",2,5
11373,"quark fragmentation processes",3,5
11374,"color flavor locked",3,5
11375,"lightest superpartner",2,5
11376,"msw effect",2,5
11377,"initial state rescattering",3,5
11378,"gluon sector",2,5
11379,"tev scale structure",3,5
11380,"chemical potential mub",3,5
11381,"commutative plane",2,5
11382,"map ansatz",2,5
11383,"simulated annealing",2,5
11384,"yang mills instantons",3,5
11385,"real scalar fields",3,5
11386,"bogomol nyi prasad sommerfield",4,5
11387,"lowering operators",2,5
11388,"marginal deformations",2,5
11389,"brane crosses",2,5
11390,"brane antibrane systems",3,5
11391,"supersymmetric yang mills theories",4,5
11392,"cutting off",2,5
11393,"nonlinear realizations",2,5
11394,"d6 branes",2,5
11395,"self consistency condition",3,5
11396,"continuous part",2,5
11397,"two higgs mass",3,5
11398,"electron positron pair",3,5
11399,"chiral primary operators",3,5
11400,"brane cosmologies",2,5
11401,"negative tension",2,5
11402,"permutation group sn",3,5
11403,"principal chiral",2,5
11404,"irrelevant operators",2,5
11405,"syntactic structure",2,5
11406,"functional relations",2,5
11407,"space time m4",3,5
11408,"advanced ligo",2,5
11409,"wigner distribution function",3,5
11410,"contact binary systems",3,5
11411,"b0 psi",2,5
11412,"flavor oscillations",2,5
11413,"nucleus interactions",2,5
11414,"lightest supersymmetric particles",3,5
11415,"improved actions",2,5
11416,"bare coupling",2,5
11417,"axial vector currents",3,5
11418,"single mode coupling",3,5
11419,"density wave functions",3,5
11420,"relic particles",2,5
11421,"maximally entangled state",3,5
11422,"quantum cryptography",2,5
11423,"atom interacting",2,5
11424,"fully self",2,5
11425,"public key",2,5
11426,"mathematical proof",2,5
11427,"pulse period",2,5
11428,"fibre bundle over",3,5
11429,"lithium niobate",2,5
11430,"spin averaged",2,5
11431,"complexity classes",2,5
11432,"arbitrarily high",2,5
11433,"first excited states",3,5
11434,"fold supersymmetry",2,5
11435,"plane wave equation",3,5
11436,"sub class",2,5
11437,"markov processes",2,5
11438,"running constants",2,5
11439,"quantum fourier transform",3,5
11440,"first error rate",3,5
11441,"strongly affect",2,5
11442,"light cones",2,5
11443,"growth exponent",2,5
11444,"incident radiation",2,5
11445,"vacuum oscillations",2,5
11446,"frequency distributions",2,5
11447,"systematic differences",2,5
11448,"time interval delta",3,5
11449,"lower bound state",3,5
11450,"stokes parameters",2,5
11451,"integro differential equations",3,5
11452,"electrically neutral",2,5
11453,"mathematically rigorous",2,5
11454,"vibron model",2,5
11455,"ion collisions",2,5
11456,"discrete sine",2,5
11457,"travelling wave",2,5
11458,"building up",2,5
11459,"laser fields",2,5
11460,"adequate description",2,5
11461,"effective hamiltonian systems",3,5
11462,"conditional probability distribution",3,5
11463,"classically integrable",2,5
11464,"non relativistic particles",3,5
11465,"wave vectors",2,5
11466,"matrix valued",2,5
11467,"field theory qft",3,5
11468,"logic programming",2,5
11469,"aggregation process",2,5
11470,"briefly outlined",2,5
11471,"logic program",2,5
11472,"distributed computing",2,5
11473,"order logic",2,5
11474,"parallel computer",2,5
11475,"first passage time",3,5
11476,"timed automata",2,5
11477,"south africa",2,5
11478,"universal service",2,5
11479,"findings indicate",2,5
11480,"computer code",2,5
11481,"internally consistent",2,5
11482,"arbitrary dimensionality",2,5
11483,"traveling salesman problem",3,5
11484,"swiss light",2,5
11485,"thomas jefferson lab",3,5
11486,"international workshop",2,5
11487,"multi agent",2,5
11488,"free streaming",2,5
11489,"line strengths",2,5
11490,"math gen",2,5
11491,"static spherically",2,5
11492,"striking similarity",2,5
11493,"gaussian random matrix",3,5
11494,"2d conformal",2,5
11495,"atomic scale",2,5
11496,"spherically symmetrical",2,5
11497,"deformation parameter kappa",3,5
11498,"algebraic structure functions",3,5
11499,"electronic excitation",2,5
11500,"momentum transferred",2,5
11501,"dirty limit",2,5
11502,"ab plane parallel",3,5
11503,"bcs type",2,5
11504,"insulating phase transition",3,5
11505,"chern simons number",3,5
11506,"harmonically trapped",2,5
11507,"correctly reproduces",2,5
11508,"sand pile",2,5
11509,"hubbard hamiltonian",2,5
11510,"balance equation",2,5
11511,"reciprocal space",2,5
11512,"sublattice magnetization",2,5
11513,"twist two",2,5
11514,"double layered",2,5
11515,"sine gordon equations",3,5
11516,"kinetic monte carlo simulations",4,5
11517,"under shear",2,5
11518,"gaussian white noise",3,5
11519,"wilson loop order",3,5
11520,"sigma xy",2,5
11521,"simple analytical solution",3,5
11522,"plateau phase",2,5
11523,"scattering length xi",3,5
11524,"cu ncs",2,5
11525,"longitudinal conductivity",2,5
11526,"finite dimensional electron",3,5
11527,"heavy fermion mass",3,5
11528,"polarized neutron",2,5
11529,"enriched material",2,5
11530,"random walker",2,5
11531,"weak localization correction",3,5
11532,"non newtonian",2,5
11533,"line segments",2,5
11534,"profile rho",2,5
11535,"mott insulating",2,5
11536,"dc josephson junctions",3,5
11537,"irreversible thermodynamics",2,5
11538,"single wall carbon nanotubes",4,5
11539,"divalent hexaborides",2,5
11540,"short ranged interactions",3,5
11541,"dipole picture",2,5
11542,"structural defects",2,5
11543,"resistance rs",2,5
11544,"larkin ovchinnikov",2,5
11545,"glassy systems",2,5
11546,"inherent structures",2,5
11547,"quadrupole resonance",2,5
11548,"pumped current",2,5
11549,"thermal conductance",2,5
11550,"inter dot",2,5
11551,"exponential growth rate",3,5
11552,"carrier concentration",2,5
11553,"ferromagnet superconductor junctions",3,5
11554,"disk geometry",2,5
11555,"josephson junction array",3,5
11556,"ranged interactions",2,5
11557,"point contact spectroscopy",3,5
11558,"smooth projective plane curves",4,5
11559,"dynamical yang baxter equation",4,5
11560,"compact convex",2,5
11561,"dehn surgery",2,5
11562,"non orthogonal basis",3,5
11563,"langlands dual",2,5
11564,"valued function",2,5
11565,"conformal mapping",2,5
11566,"derived categories",2,5
11567,"line bundles over",3,5
11568,"conformally compact",2,5
11569,"orbifold conformal",2,5
11570,"kontsevich integral",2,5
11571,"preserving diffeomorphisms",2,5
11572,"hyperk ahler manifolds",3,5
11573,"hall littlewood",2,5
11574,"abs algorithms",2,5
11575,"arakelov geometry",2,5
11576,"hecke algebras",2,5
11577,"multiple scalar",2,5
11578,"quaternionic kaehler manifold",3,5
11579,"coboundary operator",2,5
11580,"alpha beta functions",3,5
11581,"massey products",2,5
11582,"coincidence problem",2,5
11583,"levi civita connection",3,5
11584,"discrete valuation ring",3,5
11585,"rapid decay",2,5
11586,"diagonal subgroup",2,5
11587,"pseudo riemannian geometry",3,5
11588,"halo biasing",2,5
11589,"velocity dispersion relations",3,5
11590,"recurrent novae",2,5
11591,"cooled gas",2,5
11592,"morphological type",2,5
11593,"reverse shock",2,5
11594,"neutral iron",2,5
11595,"jump conditions",2,5
11596,"mexican hat",2,5
11597,"luminosity weighted",2,5
11598,"planetary nebula pn",3,5
11599,"planetary companions",2,5
11600,"zz ceti",2,5
11601,"narrow line seyfert galaxy ngc",5,5
11602,"brightest cluster core",3,5
11603,"circumstellar matter",2,5
11604,"pulsar polar cap",3,5
11605,"transfer code",2,5
11606,"sfermion masses",2,5
11607,"pulsation mode",2,5
11608,"escape fraction",2,5
11609,"strongly magnetized",2,5
11610,"ultimately lead",2,5
11611,"large magellanic",2,5
11612,"proportional counter",2,5
11613,"absorbing column",2,5
11614,"star formation efficiency",3,5
11615,"microwave background cmb",3,5
11616,"scale structure formation",3,5
11617,"quasi periodic oscillations",3,5
11618,"knee region",2,5
11619,"carina nebula",2,5
11620,"lyman break galaxy",3,5
11621,"spectral energy distribution sed",4,5
11622,"focal plane",2,5
11623,"weak lensing surveys",3,5
11624,"gravitational lens system",3,5
11625,"radial velocity dispersion",3,5
11626,"ray timing explorer",3,5
11627,"tf relation",2,5
11628,"standard candle",2,5
11629,"westerbork synthesis",2,5
11630,"orbital plane",2,5
11631,"zero point like",3,5
11632,"sharp drop",2,5
11633,"marginal fermi liquid",3,5
11634,"fiber bundle model",3,5
11635,"knot solitons",2,5
11636,"critical temperature superconductors",3,5
11637,"strong pinning",2,5
11638,"broken phase transitions",3,5
11639,"quantum monte carlo simulation",4,5
11640,"nb cu",2,5
11641,"bcs approach",2,5
11642,"slightly below tc",3,5
11643,"quenched disorder strength",3,5
11644,"metal oxide",2,5
11645,"cools down",2,5
11646,"generalized fibonacci",2,5
11647,"leading order parameter theta",4,5
11648,"half integer quantum",3,5
11649,"trial functions",2,5
11650,"organic conductors",2,5
11651,"log periodic",2,5
11652,"three loop order",3,5
11653,"cahn hilliard",2,5
11654,"aspect ratios",2,5
11655,"charge density wave superconductivity",4,5
11656,"naive expectation",2,5
11657,"spatio temporal behavior",3,5
11658,"orbital phases",2,5
11659,"isotopic composition",2,5
11660,"proportional wire",2,5
11661,"resonance region around",3,5
11662,"sub giant",2,5
11663,"universal scaling behaviour",3,5
11664,"structure formation process",3,5
11665,"micron sized",2,5
11666,"slow dynamics simulations",3,5
11667,"scaling property",2,5
11668,"orthogonal ensemble",2,5
11669,"multi loop",2,5
11670,"fermi sea",2,5
11671,"organic superconductors",2,5
11672,"wall carbon nanotubes",3,5
11673,"oscillatory dependence",2,5
11674,"non linear sigma models",4,5
11675,"extra coordinate",2,5
11676,"callan symanzik",2,5
11677,"optimum doping",2,5
11678,"dense molecular",2,5
11679,"threshold bound state",3,5
11680,"doping dependent",2,5
11681,"left behind",2,5
11682,"clearly indicates",2,5
11683,"molecular condensate",2,5
11684,"transverse momentum space",3,5
11685,"energy barriers",2,5
11686,"single molecule magnets",3,5
11687,"quasi equilibrium",2,5
11688,"projectively flat",2,5
11689,"long distance physics",3,5
11690,"analytic estimates",2,5
11691,"index formula",2,5
11692,"see http",2,5
11693,"tree diagrams",2,5
11694,"linear polarization properties",3,5
11695,"curvature singularity",2,5
11696,"complex scalar fields",3,5
11697,"freely acting",2,5
11698,"birational transformation",2,5
11699,"analytic formulae",2,5
11700,"approximate scaling",2,5
11701,"killing spinor",2,5
11702,"d-1 dimensional",2,5
11703,"short distance physics",3,5
11704,"modular invariance",2,5
11705,"marginally bound",2,5
11706,"spin foam",2,5
11707,"einstein equivalence principle",3,5
11708,"schwarzschild black hole solutions",4,5
11709,"null geodesics",2,5
11710,"schwarzschild geometry",2,5
11711,"cosmic censorship conjecture",3,5
11712,"wick rotation",2,5
11713,"initial data sets",3,5
11714,"lapse function",2,5
11715,"spatial curvature",2,5
11716,"tilde nu",2,5
11717,"dynamical status",2,5
11718,"gravitational back reaction",3,5
11719,"missing mass",2,5
11720,"gravitational wave function",3,5
11721,"detector acceptance",2,5
11722,"microwave background anisotropy",3,5
11723,"superspace approach",2,5
11724,"lorentz violation",2,5
11725,"following conclusions",2,5
11726,"dimensional regularization",2,5
11727,"tev gamma rays",3,5
11728,"newton observations",2,5
11729,"topologically non trivial",3,5
11730,"primary cosmic",2,5
11731,"vlba observations",2,5
11732,"distance indicator",2,5
11733,"young stellar groups",3,5
11734,"mgii absorbers",2,5
11735,"weak gravitational lensing measurements",4,5
11736,"kinetic sz effect",3,5
11737,"magnitude fainter",2,5
11738,"energy cosmic microwave background",4,5
11739,"large explosion",2,5
11740,"supernova ejecta",2,5
11741,"mg ca",2,5
11742,"observatory cgro",2,5
11743,"cyg x-2",2,5
11744,"herbig haro objects",3,5
11745,"magnitude diagrams",2,5
11746,"navarro frenk white",3,5
11747,"ss cyg",2,5
11748,"wavelength spectrometer",2,5
11749,"old stellar population",3,5
11750,"short timescales",2,5
11751,"cygni profiles",2,5
11752,"archival hst",2,5
11753,"temperature anisotropies",2,5
11754,"morphological classification",2,5
11755,"commissioning phase",2,5
11756,"spiral shocks",2,5
11757,"ab doradus",2,5
11758,"type ii regions",3,5
11759,"radial direction",2,5
11760,"mixing length",2,5
11761,"sw sex",2,5
11762,"bolometer array",2,5
11763,"coulomb collisions",2,5
11764,"ra dec",2,5
11765,"front propagation speed",3,5
11766,"central surface brightness",3,5
11767,"flow onto",2,5
11768,"hubble space time evolution",4,5
11769,"planet formation",2,5
11770,"spatial resolutions",2,5
11771,"highly suppressed",2,5
11772,"dusty starburst",2,5
11773,"hi column densities",3,5
11774,"strongly disfavored",2,5
11775,"supernova driven",2,5
11776,"cosmological relic",2,5
11777,"cosmic star formation",3,5
11778,"continuum extrapolation",2,5
11779,"systemic velocity",2,5
11780,"repeater sgr",2,5
11781,"dust lanes",2,5
11782,"galactic foreground",2,5
11783,"spheroidal galaxies",2,5
11784,"pulsar wind",2,5
11785,"m31 globular cluster",3,5
11786,"stellar mass accretion disk",4,5
11787,"beam polarizations",2,5
11788,"cepheid distance modulus",3,5
11789,"available data set",3,5
11790,"baryon octet",2,5
11791,"low redshift range",3,5
11792,"mcdonald observatory",2,5
11793,"gunn peterson trough",3,5
11794,"inter galactic",2,5
11795,"hodgkin huxley",2,5
11796,"cooling neutron",2,5
11797,"spatially uniform",2,5
11798,"breit wigner",2,5
11799,"personal computers",2,5
11800,"four momentum transfer squared",4,5
11801,"drift chamber",2,5
11802,"three body charmless",3,5
11803,"region around gev",3,5
11804,"lepton number violation",3,5
11805,"nnlo qcd",2,5
11806,"chi c2",2,5
11807,"world average",2,5
11808,"bf b0",2,5
11809,"rho meson photoproduction",3,5
11810,"thomas jefferson national accelerator facility",5,5
11811,"azimuthal anisotropy",2,5
11812,"alphas mz",2,5
11813,"shape observables",2,5
11814,"charge asymmetries",2,5
11815,"dglap evolution",2,5
11816,"vector leptoquarks",2,5
11817,"passive scalar field",3,5
11818,"strange attractors snas",3,5
11819,"storage rings",2,5
11820,"faraday waves",2,5
11821,"ppbar collisions",2,5
11822,"transverse momentum distributions",3,5
11823,"shape variables",2,5
11824,"baryon antibaryon production",3,5
11825,"consistency checks",2,5
11826,"oscillation hypothesis",2,5
11827,"prompt photons",2,5
11828,"proportional wire chambers",3,5
11829,"gamma f0",2,5
11830,"bent crystal extraction",3,5
11831,"precise value",2,5
11832,"tau yukawa",2,5
11833,"neutrino factory",2,5
11834,"kobayashi maskawa",2,5
11835,"thermal conduction",2,5
11836,"nuclear fusion",2,5
11837,"collisional ionization",2,5
11838,"spin periods",2,5
11839,"project grand",2,5
11840,"kk states",2,5
11841,"ray timing analysis",3,5
11842,"massive star forming regions",4,5
11843,"phenomenologically viable",2,5
11844,"isotope ratios",2,5
11845,"snn gev",2,5
11846,"azimuthal correlations",2,5
11847,"star collaboration",2,5
11848,"screening masses",2,5
11849,"quenched chiral condensate",3,5
11850,"hadron spectroscopy",2,5
11851,"abelian gauge theory",3,5
11852,"nonzero chemical potential",3,5
11853,"axial charge",2,5
11854,"brodsky lepage mackenzie",3,5
11855,"meson propagators",2,5
11856,"georgi glashow",2,5
11857,"constituent quark gluon",3,5
11858,"pomeron term",2,5
11859,"relativistic heavy ion collider rhic",5,5
11860,"real photon",2,5
11861,"heavy majorana",2,5
11862,"weakly bound states",3,5
11863,"delta m2 tan2 theta",4,5
11864,"pomeron exchange",2,5
11865,"heavy right",2,5
11866,"light cone wavefunctions",3,5
11867,"multi particle production",3,5
11868,"anomaly mediation",2,5
11869,"doublet triplet splitting problem",4,5
11870,"maxwell chern simons",3,5
11871,"sin2 thetaw",2,5
11872,"disoriented chiral condensate",3,5
11873,"bi maximal atmospheric",3,5
11874,"soft colour interaction",3,5
11875,"two higgs boson mass",4,5
11876,"lightest supersymmetric standard model prediction",5,5
11877,"eta mixing matrix",3,5
11878,"relic neutralinos",2,5
11879,"gauge couplings",2,5
11880,"self tuning",2,5
11881,"stringent bound",2,5
11882,"quark soliton",2,5
11883,"leading twist two",3,5
11884,"deeply virtual compton",3,5
11885,"flavor violating",2,5
11886,"anomalous magnetic moments",3,5
11887,"neutrinoless double beta",3,5
11888,"chiral multiplets",2,5
11889,"exotic mesons",2,5
11890,"bulk lorentz invariance",3,5
11891,"ccfm evolution equation",3,5
11892,"gauge independence",2,5
11893,"orbifold fixed points",3,5
11894,"linear sigma models",3,5
11895,"lawrence berkeley",2,5
11896,"breaks supersymmetry",2,5
11897,"bps operators",2,5
11898,"non abelian gauge field",4,5
11899,"extremal black",2,5
11900,"harmonic superspace",2,5
11901,"iib supergravity",2,5
11902,"affine toda",2,5
11903,"iia string theory",3,5
11904,"d5 branes",2,5
11905,"cardy verlinde formula",3,5
11906,"iia string",2,5
11907,"mumbai india",2,5
11908,"black hole entropy formula",4,5
11909,"wigner contraction",2,5
11910,"seiberg duality",2,5
11911,"hagedorn temperature",2,5
11912,"si ge",2,4
11913,"cat state",2,4
11914,"magnetic resonance region",3,4
11915,"logic gate operation",3,4
11916,"initial state preparation",3,4
11917,"balanced homodyne detection",3,4
11918,"homodyne detection",2,4
11919,"secure communication",2,4
11920,"marked contrast",2,4
11921,"high frequency dependent",3,4
11922,"linear response functions",3,4
11923,"cat states",2,4
11924,"coherent superposition",2,4
11925,"two dimensional hilbert spaces",4,4
11926,"high finesse",2,4
11927,"perfectly conducting",2,4
11928,"casimir force acting",3,4
11929,"nonzero temperature dependence",3,4
11930,"space time reversible",3,4
11931,"wave equation describing",3,4
11932,"effective hamiltonian describing",3,4
11933,"quantized vortex state",3,4
11934,"switched off",2,4
11935,"heavily doped",2,4
11936,"spin density wave function",4,4
11937,"optimally doped samples",3,4
11938,"paramagnetic resonance line",3,4
11939,"intense laser beam",3,4
11940,"dissipation relations",2,4
11941,"dimensionless coupling",2,4
11942,"macroscopic bodies",2,4
11943,"electrical transport through",3,4
11944,"dielectric wall",2,4
11945,"field theoretic methods",3,4
11946,"coulomb forces",2,4
11947,"perturbation theory fails",3,4
11948,"large number counts",3,4
11949,"practically independent",2,4
11950,"mechanically controllable",2,4
11951,"zero bias conductance",3,4
11952,"spin flop",2,4
11953,"activated processes",2,4
11954,"healing length",2,4
11955,"random bond percolation",3,4
11956,"conductance distribution function",3,4
11957,"shastry sutherland model",3,4
11958,"quantum hall qh",3,4
11959,"off diagonal disorder",3,4
11960,"grazing incidence",2,4
11961,"holstein primakoff",2,4
11962,"striped phase",2,4
11963,"interference fringes",2,4
11964,"restitution coefficient",2,4
11965,"high energy gaps",3,4
11966,"mean square lattice",3,4
11967,"driven granular material",3,4
11968,"sherrington kirkpatrick model",3,4
11969,"surface density functional calculations",4,4
11970,"vortex dynamics simulations",3,4
11971,"dimensional 2d xy model",4,4
11972,"xy models",2,4
11973,"3-state potts",2,4
11974,"andreev reflection component",3,4
11975,"number density operator",3,4
11976,"scissors mode",2,4
11977,"short term memory",3,4
11978,"vibrated granular materials",3,4
11979,"flux density fluctuations",3,4
11980,"spin stiffness",2,4
11981,"sound waves propagating",3,4
11982,"protein folding process",3,4
11983,"fractional fokker planck equation",4,4
11984,"strain field",2,4
11985,"rna secondary structure",3,4
11986,"ir spectroscopy",2,4
11987,"nearest neighbor exchange interaction",4,4
11988,"characteristic time scale",3,4
11989,"electron reservoirs",2,4
11990,"fock calculation",2,4
11991,"free parameter lambda",3,4
11992,"half filled band",3,4
11993,"incomplete information",2,4
11994,"stranded dna",2,4
11995,"plateau phase transition",3,4
11996,"non linear schr odinger equation",5,4
11997,"la 1-x sr mno",4,4
11998,"osmotic pressure",2,4
11999,"tight binding energies",3,4
12000,"effective temperatures below",3,4
12001,"fragile glass models",3,4
12002,"golden mean",2,4
12003,"lennard jones fluid",3,4
12004,"electromagnetically induced",2,4
12005,"non equilibrium thermodynamics",3,4
12006,"electronic structure functions",3,4
12007,"dependent variational",2,4
12008,"condensation bec",2,4
12009,"bose einstein condensed",3,4
12010,"ferromagnetic fm",2,4
12011,"interparticle force",2,4
12012,"simple analytic solution",3,4
12013,"superconducting regions",2,4
12014,"electron doped samples",3,4
12015,"filled landau levels",3,4
12016,"beta relaxation",2,4
12017,"thermodynamical equilibrium",2,4
12018,"tc superconductors hts",3,4
12019,"globally coupled oscillators",3,4
12020,"berezinskii kosterlitz thouless",3,4
12021,"charge ordering co",3,4
12022,"induced structural properties",3,4
12023,"face centered",2,4
12024,"raman spectrum",2,4
12025,"bond operator",2,4
12026,"boron isotope effect",3,4
12027,"quantum monte carlo technique",4,4
12028,"gaussian random matrix ensembles",4,4
12029,"cubic nonlinear schrodinger equation",4,4
12030,"4-dimensional einstein",2,4
12031,"spinning black holes",3,4
12032,"maxwell dilaton",2,4
12033,"complete classification schemes",3,4
12034,"brane intersections",2,4
12035,"bekenstein hawking entropy formula",4,4
12036,"imposes strong",2,4
12037,"well posed",2,4
12038,"coalescing binary",2,4
12039,"brane world picture",3,4
12040,"manifestly gauge theory",3,4
12041,"sharply peaked",2,4
12042,"exterior differential equations",3,4
12043,"product expansions",2,4
12044,"post newtonian gravity",3,4
12045,"light propagation speed",3,4
12046,"amer math",2,4
12047,"structural elements",2,4
12048,"universal character",2,4
12049,"stochastic series",2,4
12050,"locally isometric",2,4
12051,"differential operators acting",3,4
12052,"riemannian spin",2,4
12053,"iwasawa theory",2,4
12054,"archimedean fields",2,4
12055,"ideal bose",2,4
12056,"positive ricci curvature",3,4
12057,"wreath product",2,4
12058,"gauss manin connection",3,4
12059,"continued fraction expansion",3,4
12060,"maximal torus",2,4
12061,"first betti",2,4
12062,"few exceptions",2,4
12063,"exterior differential",2,4
12064,"riemannian metrics",2,4
12065,"sobolev inequalities",2,4
12066,"fiber bundle over",3,4
12067,"binary lmxb",2,4
12068,"khz qpo frequencies",3,4
12069,"broad balmer emission lines",4,4
12070,"boundary layers",2,4
12071,"sws observations",2,4
12072,"solar planets orbiting",3,4
12073,"off frequency",2,4
12074,"ro vibrational",2,4
12075,"hydrogen column",2,4
12076,"civ absorption lines",3,4
12077,"bal qso",2,4
12078,"dust column",2,4
12079,"pitch angle",2,4
12080,"observing run",2,4
12081,"cent confidence",2,4
12082,"pscz survey",2,4
12083,"high velocity amplitudes",3,4
12084,"broad fe",2,4
12085,"power law continuum flux",4,4
12086,"cosmic star formation history",4,4
12087,"cosmic microwave surface",3,4
12088,"nuclear reaction rate",3,4
12089,"hyades cluster",2,4
12090,"time lag",2,4
12091,"absorption line ratios",3,4
12092,"stellar population synthesis model",4,4
12093,"general relativistic hydrodynamics",3,4
12094,"dust heated",2,4
12095,"dominant stellar",2,4
12096,"broad balmer",2,4
12097,"atmospheric cherenkov telescopes",3,4
12098,"am cvn",2,4
12099,"semi detached",2,4
12100,"accreting white dwarfs",3,4
12101,"sagittarius dwarf galaxy",3,4
12102,"newtonian dynamics",2,4
12103,"neutrino emission",2,4
12104,"vela pulsar psr",3,4
12105,"fractional rms amplitude",3,4
12106,"galaxy mrc",2,4
12107,"peak flux density",3,4
12108,"black hole candidate bhc",4,4
12109,"infrared fir emission",3,4
12110,"wave astronomy",2,4
12111,"temperature kt",2,4
12112,"mass deposition",2,4
12113,"general relativistic particles",3,4
12114,"waves propagating through",3,4
12115,"existing surveys",2,4
12116,"tunable filter",2,4
12117,"lambdacdm cosmology",2,4
12118,"standard cdm models",3,4
12119,"geometric test",2,4
12120,"redshift distortions",2,4
12121,"lyman alpha emission lines",4,4
12122,"existing data sets",3,4
12123,"non newtonian dynamics",3,4
12124,"hierarchical structure function",3,4
12125,"atoms per",2,4
12126,"metal rich cluster ngc",4,4
12127,"two photon counting",3,4
12128,"fossil radio galaxies",3,4
12129,"innermost regions",2,4
12130,"old open",2,4
12131,"fine structures",2,4
12132,"weak lensing measurements",3,4
12133,"large scale structure function",4,4
12134,"synthesis imaging",2,4
12135,"per unit area",3,4
12136,"pair creation process",3,4
12137,"too high energy",3,4
12138,"maxwell boltzmann equation",3,4
12139,"dynamics mond",2,4
12140,"carbon rich",2,4
12141,"gravitational microlensing",2,4
12142,"terrestrial planet",2,4
12143,"energy gain",2,4
12144,"tuning fork",2,4
12145,"galactic halo white dwarfs",4,4
12146,"strong coupling constants",3,4
12147,"total number counts",3,4
12148,"radio loud",2,4
12149,"2mass data release",3,4
12150,"molecular cloud complex",3,4
12151,"energy density wave",3,4
12152,"ionization parameter",2,4
12153,"low luminosity function",3,4
12154,"minimal coupling constant",3,4
12155,"cosmic ray flux",3,4
12156,"chemo dynamical evolution",3,4
12157,"type ii sne ia",4,4
12158,"imaging spectrograph stis observations",4,4
12159,"thermal comptonization",2,4
12160,"sub mm surveys",3,4
12161,"bolometric luminosities",2,4
12162,"einstein de sitter",3,4
12163,"heavily reddened",2,4
12164,"hipparcos parallaxes",2,4
12165,"temporal variations",2,4
12166,"michelson doppler imager mdi",4,4
12167,"electromagnetic radiation generated",3,4
12168,"molecular gas content",3,4
12169,"stellar mass function imf",4,4
12170,"absolutely calibrated",2,4
12171,"points toward",2,4
12172,"narrow line intensity",3,4
12173,"sided jet",2,4
12174,"radio fluxes",2,4
12175,"probability distribution function pdf",4,4
12176,"http www.astro",2,4
12177,"ellipsoidal variations",2,4
12178,"hubble classification",2,4
12179,"deep field south",3,4
12180,"absolute zero",2,4
12181,"old metal",2,4
12182,"invisibly decaying",2,4
12183,"galactic center gc",3,4
12184,"synchrotron self",2,4
12185,"spectral energy spectrum",3,4
12186,"accretion flow adaf",3,4
12187,"formation process elements",3,4
12188,"central surface density",3,4
12189,"beta pic",2,4
12190,"nuclear burning",2,4
12191,"white dwarfs wds",3,4
12192,"spectral index alpha",3,4
12193,"mass function imf",3,4
12194,"stellar surface brightness",3,4
12195,"spatial extension",2,4
12196,"galactic open clusters",3,4
12197,"agb phase",2,4
12198,"echelle spectrograph",2,4
12199,"turbulent interstellar gas",3,4
12200,"long time varying",3,4
12201,"normal nuclear",2,4
12202,"barred spiral galaxy ngc",4,4
12203,"temporal variation",2,4
12204,"newtonian limit",2,4
12205,"telescope gmrt observations",3,4
12206,"hi column",2,4
12207,"stars brighter",2,4
12208,"alpha dla",2,4
12209,"hercules x-1",2,4
12210,"hubble parameter space",3,4
12211,"spatial correlation functions",3,4
12212,"heavy element abundances",3,4
12213,"viscous heating",2,4
12214,"world cosmology",2,4
12215,"inflationary period",2,4
12216,"tidal dwarf spheroidal galaxy",4,4
12217,"ionization mechanism",2,4
12218,"nebular emission line",3,4
12219,"long slit spectroscopy",3,4
12220,"strong correlation function",3,4
12221,"ray luminosity relations",3,4
12222,"ray background",2,4
12223,"four neutrino",2,4
12224,"spectral breaks",2,4
12225,"balmer decrement",2,4
12226,"gaseous disks",2,4
12227,"optical uv radiation",3,4
12228,"globular cluster tucanae",3,4
12229,"bipolar planetary nebulae",3,4
12230,"innermost part",2,4
12231,"onto black hole",3,4
12232,"lcdm model",2,4
12233,"reduced density fluctuations",3,4
12234,"australia telescope compact array atca",5,4
12235,"mid infrared space observatory iso",5,4
12236,"metallicity dependence",2,4
12237,"quasi stationary",2,4
12238,"mass accretion flows",3,4
12239,"intermediate temperatures",2,4
12240,"ia supernova sn",3,4
12241,"cold dark matter wdm",4,4
12242,"gravitational attraction",2,4
12243,"luminosity lx",2,4
12244,"common envelope evolution",3,4
12245,"braking index",2,4
12246,"neutron star crust",3,4
12247,"cosmic coincidence problem",3,4
12248,"history sfh",2,4
12249,"uv absorption line",3,4
12250,"ne mg fe",3,4
12251,"diffuse emission lines",3,4
12252,"noise ratios",2,4
12253,"iv absorption lines",3,4
12254,"dielectronic recombination rate",3,4
12255,"image quality",2,4
12256,"atmospheric neutrino fluxes",3,4
12257,"energy weighted",2,4
12258,"earth crust",2,4
12259,"ultra high energy uhe neutrino",5,4
12260,"large millimeter",2,4
12261,"thick accretion disk",3,4
12262,"inner disk wind",3,4
12263,"white dwarf cooling",3,4
12264,"classical nova",2,4
12265,"carbon monoxide",2,4
12266,"infrared luminosities",2,4
12267,"damped lya systems",3,4
12268,"cooling time evolution",3,4
12269,"uv absorbers",2,4
12270,"secular evolution",2,4
12271,"ray pulsars",2,4
12272,"experimental upper limits",3,4
12273,"supersymmetric dark matter candidate",4,4
12274,"key distribution function",3,4
12275,"slepton masses below",3,4
12276,"anomaly mediated supersymmetry",3,4
12277,"supersymmetric dark matter",3,4
12278,"leading order alphas2",3,4
12279,"ell nu",2,4
12280,"two photon vertex",3,4
12281,"subtraction scheme",2,4
12282,"three dimensional qed",3,4
12283,"hadronic vacuum",2,4
12284,"simple analytical formula",3,4
12285,"single photon colliders",3,4
12286,"event mixing",2,4
12287,"absolute zero point",3,4
12288,"four neutrino mass",3,4
12289,"non abelian gauge",3,4
12290,"deconfined matter",2,4
12291,"low q2 gev2",3,4
12292,"pressure gradient flow",3,4
12293,"beam energy distributions",3,4
12294,"leading order nlo qcd calculations",5,4
12295,"kk modes",2,4
12296,"presently available data",3,4
12297,"non vanishing cosmological models",4,4
12298,"sea quark",2,4
12299,"c.m energy",2,4
12300,"longitudinally polarized beams",3,4
12301,"varying alpha",2,4
12302,"sparticle spectrum",2,4
12303,"cern large hadron colliders",4,4
12304,"exclusive rare decays",3,4
12305,"energy density environments",3,4
12306,"neutrino factories",2,4
12307,"energy theorems",2,4
12308,"charged hadron",2,4
12309,"cern lep2",2,4
12310,"rydberg atom cavity",3,4
12311,"single logarithmic accuracy",3,4
12312,"actual value",2,4
12313,"spontaneously broken phase",3,4
12314,"usual perturbative qcd",3,4
12315,"axial current correlators",3,4
12316,"interference phenomena",2,4
12317,"kinetic energy distribution",3,4
12318,"charged higgs boson mass",4,4
12319,"wall fermion",2,4
12320,"fermionic flavors",2,4
12321,"pt symmetry",2,4
12322,"minimal flavor",2,4
12323,"supersymmetric standard model mssm",4,4
12324,"mixed phase space",3,4
12325,"substantially modify",2,4
12326,"radially excited states",3,4
12327,"statistical uncertainty",2,4
12328,"lattice gauge coupling constant",4,4
12329,"charmed baryons",2,4
12330,"astrophysical situations",2,4
12331,"pinch technique",2,4
12332,"phonon dispersion relation",3,4
12333,"helicity flip",2,4
12334,"standard model building",3,4
12335,"susy guts",2,4
12336,"quark mass function",3,4
12337,"two higgs doublet models",4,4
12338,"cubic open",2,4
12339,"betti number",2,4
12340,"wrapped over",2,4
12341,"phase spaces",2,4
12342,"quantum hall fluid",3,4
12343,"qcd partition",2,4
12344,"gauge symmetry enhancement",3,4
12345,"dilute homogeneous",2,4
12346,"closed universes",2,4
12347,"green schwarz mechanism",3,4
12348,"ads duals",2,4
12349,"rr charges",2,4
12350,"second quantization procedure",3,4
12351,"type iib superstring theory",4,4
12352,"supersymmetric discrete light cone quantization sdlcq",6,4
12353,"dimensional reductions",2,4
12354,"eleventh dimension",2,4
12355,"hole evaporation",2,4
12356,"kepler problem",2,4
12357,"chiral counting",2,4
12358,"fixed target space",3,4
12359,"open wilson lines",3,4
12360,"gravitational instantons",2,4
12361,"classifying space",2,4
12362,"brane tensions",2,4
12363,"knizhnik zamolodchikov equations",3,4
12364,"covariant quantization",2,4
12365,"upper critical point",3,4
12366,"affine toda field theories",4,4
12367,"anomaly inflow",2,4
12368,"intrinsically non trivial",3,4
12369,"control algorithms",2,4
12370,"time t1",2,4
12371,"np completeness",2,4
12372,"lep2 energies",2,4
12373,"silicon strip",2,4
12374,"open charm production",3,4
12375,"proton decay mode",3,4
12376,"following branching fractions br",4,4
12377,"two body charmless hadronic final states",6,4
12378,"neutral kaon system",3,4
12379,"b0 psi 2s k0s",4,4
12380,"time dependent cp violating asymmetries",5,4
12381,"secondary vertex detector",3,4
12382,"neutrino oscillation hypothesis",3,4
12383,"deconfined phase transition",3,4
12384,"flavor violating asymmetries",3,4
12385,"time dependent cp asymmetry",4,4
12386,"heavy quark pair production",4,4
12387,"two pion production",3,4
12388,"london limit",2,4
12389,"maximal center vortices",3,4
12390,"lattice nrqcd",2,4
12391,"angle phi",2,4
12392,"anomalous hall",2,4
12393,"analytically tractable",2,4
12394,"phase transition frequencies",3,4
12395,"non linear polarization",3,4
12396,"turbulent viscosity",2,4
12397,"radio waves",2,4
12398,"small scale dependence",3,4
12399,"fr ii",2,4
12400,"divergent series",2,4
12401,"vibrational excitations",2,4
12402,"trial function",2,4
12403,"new millennium",2,4
12404,"apparent lack",2,4
12405,"absorption coefficient",2,4
12406,"double beta",2,4
12407,"plausible explanation",2,4
12408,"atomic hydrogen atoms",3,4
12409,"crossing point",2,4
12410,"linear accelerator",2,4
12411,"state hyperfine interaction",3,4
12412,"heisenberg ferromagnet",2,4
12413,"integer quantum hall",3,4
12414,"exact solvability",2,4
12415,"exterior region",2,4
12416,"non gaussian random matrix",4,4
12417,"translational motion",2,4
12418,"nonlinear schroedinger",2,4
12419,"mode coupling constant",3,4
12420,"fully accounted",2,4
12421,"recursion operators",2,4
12422,"calogero sutherland model",3,4
12423,"rayleigh benard",2,4
12424,"swift hohenberg equation",3,4
12425,"inner shell",2,4
12426,"inverse scattering transform",3,4
12427,"elliptic calogero",2,4
12428,"discrete wavelet transformation",3,4
12429,"coulomb breakup reactions",3,4
12430,"deep narrow",2,4
12431,"vector manifestation",2,4
12432,"chemical freeze",2,4
12433,"shell model independent",3,4
12434,"calculations yield similar",3,4
12435,"meson exchange interaction",3,4
12436,"neutron halo",2,4
12437,"angular momentum dependent",3,4
12438,"sigma omega lambda",3,4
12439,"unknown quantum information",3,4
12440,"physically realizable",2,4
12441,"bell type ii",3,4
12442,"heisenberg uncertainty principle",3,4
12443,"quantum zeno",2,4
12444,"space grid",2,4
12445,"single copy",2,4
12446,"raman transitions",2,4
12447,"skyrme hartree fock calculations",4,4
12448,"quality factors",2,4
12449,"short coherence",2,4
12450,"phi equiv",2,4
12451,"limits imposed",2,4
12452,"dressed state",2,4
12453,"automaton model",2,4
12454,"quantum computer simulation",3,4
12455,"key distribution qkd",3,4
12456,"phase gates",2,4
12457,"time dependent gross pitaevskii equation",5,4
12458,"heat transfer",2,4
12459,"granular layer",2,4
12460,"wannier functions",2,4
12461,"analytically continued",2,4
12462,"liquid metals",2,4
12463,"canonical ensembles",2,4
12464,"total spin singlet",3,4
12465,"sixth order",2,4
12466,"line tension",2,4
12467,"wide binary",2,4
12468,"induced transparency",2,4
12469,"newtonian potential",2,4
12470,"integer filling",2,4
12471,"wave pairing symmetry",3,4
12472,"first order parameter lambda",4,4
12473,"mean field phi",3,4
12474,"exchange interaction strength",3,4
12475,"binary alloys",2,4
12476,"bond disorder",2,4
12477,"ionic strength",2,4
12478,"exponent beta function",3,4
12479,"dispersion curves",2,4
12480,"envelope function",2,4
12481,"zero frequency shot noise",4,4
12482,"type antiferromagnetic ordering",3,4
12483,"af phase",2,4
12484,"weak coupling bcs theory",4,4
12485,"universal extra",2,4
12486,"diffusion monte carlo simulations",4,4
12487,"low density fluctuations",3,4
12488,"metal insulator transition temperature dependence",5,4
12489,"superfluid 4he",2,4
12490,"step edges",2,4
12491,"theoretical findings",2,4
12492,"bragg glass",2,4
12493,"helmholtz equation",2,4
12494,"van alphen effect",3,4
12495,"small polarons",2,4
12496,"migdal eliashberg",2,4
12497,"electron phonon frequency",3,4
12498,"potts antiferromagnet",2,4
12499,"follows naturally",2,4
12500,"charged particles moving",3,4
12501,"long range attraction",3,4
12502,"quantum jumps",2,4
12503,"bloch oscillations",2,4
12504,"low pressures",2,4
12505,"shastry sutherland",2,4
12506,"transition occurs through",3,4
12507,"hyperfine field",2,4
12508,"external magnetic flux",3,4
12509,"resonant inelastic",2,4
12510,"local maxima",2,4
12511,"singular perturbation",2,4
12512,"intermediate steps",2,4
12513,"training set",2,4
12514,"success rate",2,4
12515,"hole pairs",2,4
12516,"interacting fermion systems",3,4
12517,"dip hump",2,4
12518,"doped mott insulators",3,4
12519,"thermal annealing",2,4
12520,"tail exponent",2,4
12521,"nuclear magnetic fields",3,4
12522,"helium burning phase",3,4
12523,"telescope hst imaging",3,4
12524,"deep exposure",2,4
12525,"gamma ray flux",3,4
12526,"galactic globular",2,4
12527,"rich cluster ngc",3,4
12528,"negatively charged particles",3,4
12529,"sub mjy",2,4
12530,"spiral galaxy m81",3,4
12531,"parameter degeneracies",2,4
12532,"european vlbi observations",3,4
12533,"planetary nebulae pns",3,4
12534,"pseudo newtonian potential",3,4
12535,"intermediate redshifts",2,4
12536,"quiescent luminosity evolution",3,4
12537,"million particles",2,4
12538,"lensing potential",2,4
12539,"magnitudes fainter",2,4
12540,"direct observational data",3,4
12541,"massive elliptical",2,4
12542,"lensed quasars",2,4
12543,"parsec scale",2,4
12544,"heavily obscured",2,4
12545,"ultraviolet fuv",2,4
12546,"explorer fuse spectra",3,4
12547,"higgs condensate",2,4
12548,"nearly radial",2,4
12549,"young massive stars",3,4
12550,"super critical",2,4
12551,"grand unified",2,4
12552,"ob association",2,4
12553,"ms stars",2,4
12554,"stellar mass spectrum",3,4
12555,"filamentary structures",2,4
12556,"young supernova remnants",3,4
12557,"velocity gradients",2,4
12558,"tidal forces",2,4
12559,"number density profile",3,4
12560,"abundance gradients",2,4
12561,"microcanonical distribution",2,4
12562,"high velocity clouds hvcs",4,4
12563,"redshift survey nvss",3,4
12564,"gamma ray burst grb host galaxy",6,4
12565,"feii emission line",3,4
12566,"mock samples",2,4
12567,"galaxy catalogues",2,4
12568,"lyman series",2,4
12569,"virial masses",2,4
12570,"particle multiplicities",2,4
12571,"underlying stellar",2,4
12572,"damped lyman alpha elements",4,4
12573,"weakly nonlinear regime",3,4
12574,"atca observations",2,4
12575,"isolated neutron stars nss",4,4
12576,"energies below mev",3,4
12577,"pressure gradients",2,4
12578,"hard thermal instability",3,4
12579,"neutral hydrogen column",3,4
12580,"main reason",2,4
12581,"wide field instruments",3,4
12582,"emitting plasma",2,4
12583,"spiral arm",2,4
12584,"three fold degeneracy",3,4
12585,"tidally induced",2,4
12586,"equal mass ratios",3,4
12587,"discrete wavelet transform dwt representation",5,4
12588,"process nucleosynthesis calculations",3,4
12589,"luminous young",2,4
12590,"followup observations",2,4
12591,"new class telescopes",3,4
12592,"heated gas",2,4
12593,"dwarf starburst galaxy ngc",4,4
12594,"sn 1998bw",2,4
12595,"quasar 3c",2,4
12596,"evolved galaxies",2,4
12597,"absorption line profiles",3,4
12598,"nonminimally coupled",2,4
12599,"metal rich cluster",3,4
12600,"broad band structure",3,4
12601,"fanaroff riley",2,4
12602,"optical flash",2,4
12603,"v605 aql",2,4
12604,"cosmological models predict",3,4
12605,"redshift survey covers",3,4
12606,"iso satellite",2,4
12607,"nova like",2,4
12608,"mass concentrations",2,4
12609,"high confidence level",3,4
12610,"soft gamma repeaters sgrs",4,4
12611,"power law plus",3,4
12612,"high energy range correlations",4,4
12613,"companion star formation",3,4
12614,"limited statistics",2,4
12615,"sn explosions",2,4
12616,"dust shell",2,4
12617,"enhanced star formation",3,4
12618,"symbiotic stars",2,4
12619,"stabilizing effect",2,4
12620,"low ionization state",3,4
12621,"nuclear starburst galaxies",3,4
12622,"becomes bluer",2,4
12623,"surface composition",2,4
12624,"ultra high energy cut",4,4
12625,"bal quasars",2,4
12626,"tests indicate",2,4
12627,"showers eas",2,4
12628,"stellar interior",2,4
12629,"diffuse interstellar",2,4
12630,"individual clouds",2,4
12631,"hst key project",3,4
12632,"lined spectroscopic observations",3,4
12633,"agn like",2,4
12634,"jet cross sections",3,4
12635,"mm wavelengths",2,4
12636,"mg si",2,4
12637,"advanced ccd imaging",3,4
12638,"power law slope gamma",4,4
12639,"positionally coincident",2,4
12640,"protoplanetary disk",2,4
12641,"flows onto",2,4
12642,"radiatively inefficient",2,4
12643,"outer part",2,4
12644,"high energy dissipation",3,4
12645,"reflection amplitude",2,4
12646,"line agns",2,4
12647,"loud objects",2,4
12648,"total spin density",3,4
12649,"nearby seyfert galaxy",3,4
12650,"coxeter group",2,4
12651,"weak hopf algebra",3,4
12652,"hodge numbers",2,4
12653,"morse type",2,4
12654,"lagrangian submanifold",2,4
12655,"planar binary trees",3,4
12656,"algorithmic complexity",2,4
12657,"associative product",2,4
12658,"spectral triples",2,4
12659,"first exit",2,4
12660,"compact lie algebra",3,4
12661,"geodesic flows",2,4
12662,"totally skew symmetric",3,4
12663,"homoclinic orbits",2,4
12664,"homotopy groups",2,4
12665,"orbifold fixed",2,4
12666,"long time asymptotics",3,4
12667,"codimension two dimensional",3,4
12668,"torus knots",2,4
12669,"spectral triple",2,4
12670,"spanning tree",2,4
12671,"first excited state",3,4
12672,"learning curves",2,4
12673,"transfer integral",2,4
12674,"largest lyapunov exponents",3,4
12675,"quasi elastic",2,4
12676,"dynamic structure functions",3,4
12677,"hgba cuo",2,4
12678,"glass former",2,4
12679,"low density jc",3,4
12680,"potential linearized augmented plane",4,4
12681,"maxwell bloch equations",3,4
12682,"quantum information concerning",3,4
12683,"heat treatment",2,4
12684,"ferromagnetic phase transition occurs",4,4
12685,"semiconductor heterostructures",2,4
12686,"ii superconductors",2,4
12687,"josephson plasma",2,4
12688,"experimental upper",2,4
12689,"si mosfet",2,4
12690,"lattice relaxation rate t1",4,4
12691,"ideal bose gas",3,4
12692,"overdoped regime",2,4
12693,"spin-1 heisenberg antiferromagnet",3,4
12694,"layered crystal structure",3,4
12695,"alpha nav2o5",2,4
12696,"qualitatively correct",2,4
12697,"hole doping dependence",3,4
12698,"electron phonon mechanism",3,4
12699,"under pressure dependence",3,4
12700,"nonlinear schrodinger equations",3,4
12701,"potts models",2,4
12702,"high pressure dependence",3,4
12703,"error bars",2,4
12704,"scaled distribution function",3,4
12705,"staggered flux",2,4
12706,"2d hubbard model",3,4
12707,"transition temperature superconductors",3,4
12708,"de haas van alphen effect",5,4
12709,"ligo ii",2,4
12710,"gravitational wave astronomy",3,4
12711,"non linear relationship",3,4
12712,"stochastic gravitational",2,4
12713,"reduced einstein",2,4
12714,"linearized einstein equations",3,4
12715,"functional integral representation",3,4
12716,"auxiliary field theory",3,4
12717,"radial gradient",2,4
12718,"solitary waves",2,4
12719,"brst operator product",3,4
12720,"immirzi parameter",2,4
12721,"mass spectrum displays",3,4
12722,"boundary value problems",3,4
12723,"general relativistic treatment",3,4
12724,"binary black holes",3,4
12725,"ultra relativistic hydrodynamics",3,4
12726,"orbital motions",2,4
12727,"quark transversity",2,4
12728,"hard exclusive reactions",3,4
12729,"two pion exchange interaction",4,4
12730,"strong cp",2,4
12731,"thermal history",2,4
12732,"compact qed",2,4
12733,"quark propagators",2,4
12734,"production thresholds",2,4
12735,"neutrino mass energies",3,4
12736,"bloom gilman",2,4
12737,"practical purposes",2,4
12738,"quark mass matrix elements",4,4
12739,"non strange quark",3,4
12740,"majorana mass",2,4
12741,"polarized parton densities",3,4
12742,"deeply virtual photon",3,4
12743,"skewed parton distribution",3,4
12744,"glueball spectrum",2,4
12745,"minimal supersymmetric extensions",3,4
12746,"neutrinoless double",2,4
12747,"first order parameter space",4,4
12748,"fermilab tevatron run",3,4
12749,"consistent resummation",2,4
12750,"nu tau lepton",3,4
12751,"radiatively driven",2,4
12752,"charged lepton sector",3,4
12753,"near maximal abelian",3,4
12754,"atmospheric neutrino mixing angles",4,4
12755,"edm constraints",2,4
12756,"summary talk",2,4
12757,"gvd cdp",2,4
12758,"sub solar",2,4
12759,"froggatt nielsen",2,4
12760,"sudakov form factor",3,4
12761,"ds meson decays",3,4
12762,"lamb shift",2,4
12763,"pion emission",2,4
12764,"generated during inflation",3,4
12765,"neutrino oscillation solutions",3,4
12766,"effective majorana mass spectrum",4,4
12767,"non universal soft",3,4
12768,"sin2 beta",2,4
12769,"net baryon number",3,4
12770,"super kamiokande sk",3,4
12771,"s1 z2 orbifold fixed point",5,4
12772,"generalized parton distribution",3,4
12773,"higgs doublet model",3,4
12774,"quark mass differences",3,4
12775,"large mixing parameter",3,4
12776,"azimuthal asymmetry",2,4
12777,"bottom quark gluon",3,4
12778,"photon fock",2,4
12779,"scalar isoscalar",2,4
12780,"ball lightning",2,4
12781,"circularly polarized laser",3,4
12782,"artificial intelligence",2,4
12783,"genetic code",2,4
12784,"intense laser pulses",3,4
12785,"unrestricted hartree fock",3,4
12786,"quantization scheme",2,4
12787,"magnetically trapped",2,4
12788,"alkaline earth",2,4
12789,"quality control",2,4
12790,"quantum superstring theory",3,4
12791,"kinetic monte carlo",3,4
12792,"sturm liouville",2,4
12793,"real valued",2,4
12794,"highest weight modules",3,4
12795,"almost periodic orbits",3,4
12796,"sine gordon equation",3,4
12797,"simple analytic solutions",3,4
12798,"uq hat",2,4
12799,"nontrivial fixed",2,4
12800,"shares many",2,4
12801,"relativistic heavy ion reactions",4,4
12802,"muon pairs",2,4
12803,"qualitative difference",2,4
12804,"renormalization factors",2,4
12805,"nucleon emission",2,4
12806,"dispersion integral",2,4
12807,"parton cascade",2,4
12808,"differential elliptic flow",3,4
12809,"brueckner hartree fock approximation",4,4
12810,"direct urca process",3,4
12811,"extreme conditions",2,4
12812,"dense quark gluon plasma",4,4
12813,"noether conserved quantities",3,4
12814,"giant dipole resonance",3,4
12815,"odd characteristic features",3,4
12816,"breakup threshold",2,4
12817,"elastic scattering amplitudes",3,4
12818,"wick cutkosky",2,4
12819,"seiberg witten curve",3,4
12820,"tricritical ising models",3,4
12821,"simply laced",2,4
12822,"reflection amplitudes",2,4
12823,"exact renormalisation",2,4
12824,"imaginary time dependent",3,4
12825,"rational calogero model",3,4
12826,"put strong",2,4
12827,"yukawa coupling constant",3,4
12828,"chern simons like",3,4
12829,"open superstring",2,4
12830,"nonabelian gauge field theories",4,4
12831,"intimately connected",2,4
12832,"gauge theory compactified",3,4
12833,"run away",2,4
12834,"branes wrapped around",3,4
12835,"stiff matter",2,4
12836,"locally supersymmetric",2,4
12837,"two dimensional minkowski",3,4
12838,"yamabe invariant",2,4
12839,"topological black hole",3,4
12840,"functionally independent",2,4
12841,"symplectic reduction",2,4
12842,"moving domain wall",3,4
12843,"dirac neutrino mass",3,4
12844,"polarization phenomena",2,4
12845,"desitter space",2,4
12846,"head tail",2,4
12847,"hadronic z0 decays",3,4
12848,"kl pi0",2,4
12849,"quasi real photons",3,4
12850,"higgs boson mass energies",4,4
12851,"invariant mass squared",3,4
12852,"strong coupling constant alphas mz",5,4
12853,"conceptual design",2,4
12854,"staggered fermion",2,4
12855,"non experts",2,4
12856,"coherent potential barrier",3,4
12857,"noisy quantum channel",3,4
12858,"photons generated",2,4
12859,"constant h0",2,4
12860,"energy eigenvalue",2,4
12861,"polarization entangled photons",3,4
12862,"after removing",2,4
12863,"slater determinants",2,4
12864,"properly scaled",2,4
12865,"discrete light cone",3,4
12866,"partial transposition",2,4
12867,"theory rmt",2,4
12868,"critical exponent alpha",3,4
12869,"kardar parisi zhang kpz",4,4
12870,"dna strands",2,4
12871,"amorphous carbon",2,4
12872,"european union",2,4
12873,"doping levels",2,4
12874,"magnetically ordered",2,4
12875,"py wave superconductors",3,4
12876,"single particle green",3,4
12877,"muon spin gap",3,4
12878,"superconductor insulator transition temperature",4,4
12879,"strongly suggesting",2,4
12880,"inelastic hard spheres",3,4
12881,"random matrix ensembles",3,4
12882,"fiber optic",2,4
12883,"conjugate gradient",2,4
12884,"effective hamiltonian formulation",3,4
12885,"single particle orbitals",3,4
12886,"dimensional array",2,4
12887,"quenched disorder driven",3,4
12888,"kohn luttinger",2,4
12889,"diffusion limited aggregation",3,4
12890,"auto correlation",2,4
12891,"spectral density matrix",3,4
12892,"efficient monte carlo simulations",4,4
12893,"doped antiferromagnet",2,4
12894,"lower temperatures below",3,4
12895,"acoustic wave function",3,4
12896,"axis oriented mgb2 thin films deposited",6,4
12897,"moderately large",2,4
12898,"honeycomb lattice",2,4
12899,"ordering co",2,4
12900,"spin density wave superconductors",4,4
12901,"quenched disorder induced",3,4
12902,"yba2cu3o delta",2,4
12903,"substantially reduced",2,4
12904,"passage time",2,4
12905,"stress induced",2,4
12906,"decays exponentially small",3,4
12907,"quasi 1d",2,4
12908,"thouless energy",2,4
12909,"critical current flow",3,4
12910,"mean free energy",3,4
12911,"coarsening process",2,4
12912,"electron gases",2,4
12913,"non destructive",2,4
12914,"laser beam size",3,4
12915,"least two dimensions",3,4
12916,"iterated conformal",2,4
12917,"chemical potential linearized",3,4
12918,"three body recombination",3,4
12919,"fixed point correlation",3,4
12920,"nuclear reactor",2,4
12921,"e2 transition",2,4
12922,"surface density wave",3,4
12923,"bilayer quantum",2,4
12924,"exposure time",2,4
12925,"hall conductivity",2,4
12926,"thomas fermi surface",3,4
12927,"edwards anderson",2,4
12928,"infinite square lattice",3,4
12929,"topological charge quantization",3,4
12930,"preformed pairs",2,4
12931,"dimensional hubbard",2,4
12932,"intermediate coupling regime",3,4
12933,"leg ladder",2,4
12934,"decreases monotonically",2,4
12935,"fold degeneracy",2,4
12936,"turbulent kinetic",2,4
12937,"glassy phase",2,4
12938,"two dimensional electron gases",4,4
12939,"lowest landau",2,4
12940,"fractional fokker planck",3,4
12941,"ex situ annealing",3,4
12942,"small angle resolved photoemission",4,4
12943,"non monotonic behavior",3,4
12944,"single cooper pair",3,4
12945,"negative differential resistance",3,4
12946,"detrended fluctuation",2,4
12947,"charge transport through",3,4
12948,"superconductor sr",2,4
12949,"single domain growth",3,4
12950,"filled band",2,4
12951,"simple cubic lattices",3,4
12952,"occurring near",2,4
12953,"longitudinal spin",2,4
12954,"long time resolved",3,4
12955,"bose gases",2,4
12956,"lower bound states",3,4
12957,"fractional quantum mechanics",3,4
12958,"films deposited onto",3,4
12959,"deposition rate",2,4
12960,"sequential adsorption",2,4
12961,"sharp superconducting transition",3,4
12962,"closely spaced",2,4
12963,"highly stable",2,4
12964,"nanotube bundles",2,4
12965,"low energy gap delta",4,4
12966,"generalized gradient corrected",3,4
12967,"ray diffraction data",3,4
12968,"fixed point correlation functions",4,4
12969,"pre main",2,4
12970,"thermal pulse",2,4
12971,"heliocentric distance",2,4
12972,"quiet sun",2,4
12973,"synthesis model atmospheres",3,4
12974,"lognormal distribution",2,4
12975,"short bursts grbs",3,4
12976,"extragalactic radio sources",3,4
12977,"early epochs",2,4
12978,"collimated gamma ray bursts",4,4
12979,"secondary muons",2,4
12980,"tev gamma ray",3,4
12981,"eccentric orbit",2,4
12982,"radial velocity curve",3,4
12983,"angles alpha",2,4
12984,"hubble deep fields",3,4
12985,"southern observatory",2,4
12986,"high velocity dispersion",3,4
12987,"super cluster",2,4
12988,"longer wavelength",2,4
12989,"radio flare",2,4
12990,"cosmic star formation rate",4,4
12991,"cosmic infrared background",3,4
12992,"ccd imaging",2,4
12993,"differential rotation axis",3,4
12994,"rapid neutron stars",3,4
12995,"ultra high energy cosmic rays uhecrs",6,4
12996,"sec mpc",2,4
12997,"lens systems",2,4
12998,"steeper slope",2,4
12999,"qso host",2,4
13000,"radio cores",2,4
13001,"complete census",2,4
13002,"host galaxy types",3,4
13003,"accretion disk becomes",3,4
13004,"black hole evaporation",3,4
13005,"dusty star formation",3,4
13006,"ultraluminous infrared luminosity",3,4
13007,"debris disk",2,4
13008,"dust masses",2,4
13009,"civ absorption",2,4
13010,"european southern observatory",3,4
13011,"transmission grating spectrometer hetgs",4,4
13012,"galactic disc",2,4
13013,"united kingdom",2,4
13014,"lensing measurements",2,4
13015,"chandra hetgs",2,4
13016,"doppler parameters",2,4
13017,"radiative equilibrium",2,4
13018,"vacuum energy range",3,4
13019,"5-m telescope",2,4
13020,"burst afterglows",2,4
13021,"pop iii",2,4
13022,"si burning",2,4
13023,"ubvri photometry",2,4
13024,"powerful extragalactic",2,4
13025,"brightness distribution function",3,4
13026,"significant discrepancies",2,4
13027,"smoothed particle",2,4
13028,"fe ratios",2,4
13029,"low mass ratios",3,4
13030,"type ii agn",3,4
13031,"radio galaxies suggesting",3,4
13032,"bow shock",2,4
13033,"kuiper belt objects",3,4
13034,"heat flux",2,4
13035,"general relativistic corrections",3,4
13036,"21cm absorption line",3,4
13037,"current instruments",2,4
13038,"group flows",2,4
13039,"dust enshrouded",2,4
13040,"binary populations",2,4
13041,"super eddington",2,4
13042,"long term monitoring",3,4
13043,"neutrino pair",2,4
13044,"observational upper",2,4
13045,"non local universe",3,4
13046,"available observational",2,4
13047,"relativistic ejecta",2,4
13048,"ray binary black hole",4,4
13049,"magnetic dipole radiation",3,4
13050,"arecibo telescope",2,4
13051,"prandtl numbers",2,4
13052,"imaging polarimetry",2,4
13053,"beta decay constant",3,4
13054,"peaked bl lacs",3,4
13055,"keck observatory",2,4
13056,"too low",2,4
13057,"few hundreds",2,4
13058,"mid infrared camera",3,4
13059,"lemaitre tolman bondi",3,4
13060,"infrared space observatory",3,4
13061,"early type spiral galaxy",4,4
13062,"southern sky",2,4
13063,"vertically integrated",2,4
13064,"theoretical side",2,4
13065,"ir excess",2,4
13066,"collimated gamma",2,4
13067,"primordial plasma",2,4
13068,"near infrared space telescope",4,4
13069,"object spectrograph",2,4
13070,"local density profiles",3,4
13071,"radiation belts",2,4
13072,"neutrino signal",2,4
13073,"space antenna",2,4
13074,"dwarf spheroidal",2,4
13075,"galaxy formation rates",3,4
13076,"non baryonic dark matter",4,4
13077,"circumstellar environment",2,4
13078,"stimulated raman spectra",3,4
13079,"detached eclipsing",2,4
13080,"low viscosity",2,4
13081,"compton ic",2,4
13082,"closed oriented 3-manifold",3,4
13083,"instanton moduli",2,4
13084,"vertex operator product",3,4
13085,"formula expressing",2,4
13086,"modular curves",2,4
13087,"homotopy invariant under",3,4
13088,"affine kac",2,4
13089,"diffeomorphism group",2,4
13090,"error correcting",2,4
13091,"betti numbers",2,4
13092,"cyclic covers",2,4
13093,"right symmetric",2,4
13094,"enveloping algebras",2,4
13095,"atiyah singer index theorem",4,4
13096,"geometrical meaning",2,4
13097,"derivative gravity",2,4
13098,"black hole production rate",4,4
13099,"static spherically symmetric perfect fluid",5,4
13100,"cobe dmr data",3,4
13101,"nut parameter",2,4
13102,"degree angular momentum",3,4
13103,"thermal broadening",2,4
13104,"baryon chemical potential",3,4
13105,"hfb equations",2,4
13106,"skyrme hartree fock",3,4
13107,"tilted axis",2,4
13108,"too weak",2,4
13109,"theoretical calculations indicate",3,4
13110,"schottky barrier",2,4
13111,"1s state",2,4
13112,"trial wave functions",3,4
13113,"multiple gap",2,4
13114,"charged particle physics",3,4
13115,"noble gases",2,4
13116,"borel sum",2,4
13117,"local unitary limit",3,4
13118,"non abelian gauge symmetry",4,4
13119,"seven dimensional",2,4
13120,"spherically symmetric potentials",3,4
13121,"weakly nonlocal",2,4
13122,"soliton shape",2,4
13123,"root singularity",2,4
13124,"high reynolds number",3,4
13125,"saddle node bifurcations",3,4
13126,"next nearest neighbour",3,4
13127,"unstable periodic orbits",3,4
13128,"magnetic helicity",2,4
13129,"inverse slope",2,4
13130,"trilinear coupling",2,4
13131,"unconstrained supersymmetric",2,4
13132,"fusion cross sections",3,4
13133,"bare quark masses",3,4
13134,"msugra model",2,4
13135,"2pi effective action",3,4
13136,"constrained mssm",2,4
13137,"soft breaking parameters",3,4
13138,"angle msw effect",3,4
13139,"quasi two body",3,4
13140,"debye screening",2,4
13141,"direct cp",2,4
13142,"reparametrization invariant",2,4
13143,"nucl phys",2,4
13144,"strong cp asymmetry",3,4
13145,"z2 orbifold compactification",3,4
13146,"effective lagrangian describing",3,4
13147,"exotic meson",2,4
13148,"superstring effective action",3,4
13149,"penguin diagrams",2,4
13150,"triple gauge couplings",3,4
13151,"decay rate tau",3,4
13152,"discriminating power",2,4
13153,"casimir scaling",2,4
13154,"minimal subtraction scheme",3,4
13155,"three active neutrino",3,4
13156,"free electron lasers",3,4
13157,"limited reaction",2,4
13158,"scalar glueball",2,4
13159,"unitarity bound",2,4
13160,"ultrarelativistic heavy ion collisions",4,4
13161,"energy density profile",3,4
13162,"kaluza klein kk excitations",4,4
13163,"helium atoms",2,4
13164,"relativistic quantum electrodynamics",3,4
13165,"6-dimensional space",2,4
13166,"su gut",2,4
13167,"light cone gauge field theory",5,4
13168,"mssm cmssm",2,4
13169,"generalized parton",2,4
13170,"collinear singularities",2,4
13171,"two pion exchange",3,4
13172,"leading logarithmic accuracy",3,4
13173,"mass hierarchies",2,4
13174,"muon colliders",2,4
13175,"underlying gauge theory",3,4
13176,"gluon radiation",2,4
13177,"chiral nn",2,4
13178,"pi junction",2,4
13179,"dilatonic brane",2,4
13180,"slowly varying alpha",3,4
13181,"structure constant curvature",3,4
13182,"antibrane systems",2,4
13183,"non associative",2,4
13184,"renormalisation group flow",3,4
13185,"infinite dimensional 2d",3,4
13186,"higgs field",2,4
13187,"three brane configurations",3,4
13188,"wess zumino consistency condition",4,4
13189,"ladder diagrams",2,4
13190,"verlinde formula",2,4
13191,"non abelian chern simons theory",5,4
13192,"geometric transition",2,4
13193,"branes wrapped over",3,4
13194,"conformally coupled",2,4
13195,"4-dimensional effective action",3,4
13196,"gauged supergravity duals",3,4
13197,"perturbatively stable",2,4
13198,"naively expected",2,4
13199,"master action",2,4
13200,"global supersymmetry breaking",3,4
13201,"systematically higher order",3,4
13202,"type ii superstring",3,4
13203,"noncommutative gauge theory",3,4
13204,"noncommutativity parameter theta",3,4
13205,"toroidal compactifications",2,4
13206,"lax operators",2,4
13207,"axial next",2,4
13208,"occupation numbers",2,4
13209,"black branes",2,4
13210,"logarithmically divergent",2,4
13211,"noncommutative scalar",2,4
13212,"fermionic determinant",2,4
13213,"q2 sigma",2,4
13214,"hawking page",2,4
13215,"noncommutative scalar field theories",4,4
13216,"non commuting",2,4
13217,"gyromagnetic ratio",2,4
13218,"experimental data management",3,4
13219,"electromagnetic field theories",3,4
13220,"lorentz invariant under",3,4
13221,"weak gravitational field theory",4,4
13222,"mass fractions",2,4
13223,"energy calibration",2,4
13224,"simulated data set",3,4
13225,"places strong constraints",3,4
13226,"noise component",2,4
13227,"ring imaging",2,4
13228,"muon pair production",3,4
13229,"c.m energy range",3,4
13230,"topological charge density",3,4
13231,"fat link",2,4
13232,"free fall",2,4
13233,"magnetic dipoles",2,4
13234,"classical communication channel",3,4
13235,"low density matrix",3,4
13236,"analytical estimates",2,4
13237,"strong coupling strength",3,4
13238,"dense subset",2,4
13239,"zero point source",3,4
13240,"polarization entangled states",3,4
13241,"algebraic structure function",3,4
13242,"pointer states",2,4
13243,"conduction electron hole",3,4
13244,"characteristic time delay",3,4
13245,"partial covering",2,4
13246,"entanglement purification scheme",3,4
13247,"damping rates",2,4
13248,"finite duration",2,4
13249,"two photon absorption",3,4
13250,"nd yag",2,4
13251,"linear size distribution function",4,4
13252,"pointer basis",2,4
13253,"symmetric perfect",2,4
13254,"sharp cut",2,4
13255,"bf theories",2,4
13256,"simple exclusion",2,4
13257,"two body simulation",3,4
13258,"nearest neighbour interactions",3,4
13259,"orthodox quantum mechanics",3,4
13260,"electro magnetic field",3,4
13261,"phase space time dependent",4,4
13262,"bounded error bounds",3,4
13263,"time scale structures",3,4
13264,"topos theoretic",2,4
13265,"canonical quantization procedure",3,4
13266,"analysis agrees well",3,4
13267,"generalized bell type",3,4
13268,"spin-1 bose einstein condensate",4,4
13269,"non linear stability analysis",4,4
13270,"generating technique",2,4
13271,"strongly coupled cluster",3,4
13272,"quantum interference phenomena",3,4
13273,"spread function",2,4
13274,"conditional expectation value",3,4
13275,"probability density matrix",3,4
13276,"quantum baker",2,4
13277,"squeezed vacuum",2,4
13278,"hopf fibration",2,4
13279,"renormalized perturbation",2,4
13280,"anisotropic xy",2,4
13281,"ideas behind",2,4
13282,"statistics theorem",2,4
13283,"transmission line",2,4
13284,"laplace equation",2,4
13285,"feynman path",2,4
13286,"fourth power",2,4
13287,"states remain",2,4
13288,"four body",2,4
13289,"temporal behaviour",2,4
13290,"arbitrarily large number",3,4
13291,"nearest neighbours",2,4
13292,"detailed numerical calculations",3,4
13293,"spin peierls",2,4
13294,"security proof",2,4
13295,"survival probability density",3,4
13296,"canonical commutation relations",3,4
13297,"long time evolution equation",4,4
13298,"trade offs",2,4
13299,"angle coordinates",2,4
13300,"tightly bound state",3,4
13301,"electron storage ring",3,4
13302,"conductance plateaus",2,4
13303,"limit theorems",2,4
13304,"physics resource",2,4
13305,"expressive power",2,4
13306,"natural language processing",3,4
13307,"probabilistic analysis",2,4
13308,"graphical user interface",3,4
13309,"computational domain",2,4
13310,"domain names",2,4
13311,"learning methods",2,4
13312,"long enough",2,4
13313,"coordination number",2,4
13314,"hidden behind",2,4
13315,"effective exposure",2,4
13316,"price change",2,4
13317,"formal power",2,4
13318,"gaussian random variables",3,4
13319,"quality control system",3,4
13320,"front end processors",3,4
13321,"guide stars",2,4
13322,"industrial control systems",3,4
13323,"oak ridge national",3,4
13324,"http arxiv.org abs",3,4
13325,"square root system",3,4
13326,"derivative operators",2,4
13327,"twisted affine lie algebra",4,4
13328,"get rid",2,4
13329,"noether conserved charges",3,4
13330,"hubbard stratonovich",2,4
13331,"gibbs measure",2,4
13332,"regular representation",2,4
13333,"morita equivalence theorem",3,4
13334,"second order elliptic",3,4
13335,"hodge decomposition",2,4
13336,"quantized electromagnetic",2,4
13337,"semi simple lie algebra",4,4
13338,"kernel coefficients",2,4
13339,"laguerre polynomials",2,4
13340,"functional integrals",2,4
13341,"binding hamiltonian",2,4
13342,"main ingredient",2,4
13343,"riccati equation",2,4
13344,"left hand",2,4
13345,"advanced photon",2,4
13346,"ferromagnetic domain walls",3,4
13347,"kondo resonance",2,4
13348,"fluctuation amplitudes",2,4
13349,"strongly interacting electrons",3,4
13350,"hydrodynamic behavior",2,4
13351,"2-x sr",2,4
13352,"charged colloids",2,4
13353,"super exchange",2,4
13354,"restricted solid",2,4
13355,"electron phonon coupling constant",4,4
13356,"nuclear spin rotation",3,4
13357,"electric field gradients",3,4
13358,"avalanche size distribution",3,4
13359,"level crossings",2,4
13360,"quasiparticle scattering",2,4
13361,"eliashberg equations",2,4
13362,"submillimeter wave",2,4
13363,"underdoped yba cu",3,4
13364,"quantum monte carlo methods",4,4
13365,"valence band structure",3,4
13366,"magnetic impurity induced",3,4
13367,"time reversed",2,4
13368,"fractal geometry",2,4
13369,"bifurcation theory",2,4
13370,"real space grid",3,4
13371,"fractal dimension df",3,4
13372,"umklapp scattering processes",3,4
13373,"molecular dynamics md",3,4
13374,"mc simulations",2,4
13375,"superconductor mgb2 wires",3,4
13376,"ferromagnetic phase diagrams",3,4
13377,"acoustic wave",2,4
13378,"high pressure equilibrium",3,4
13379,"infrared regime",2,4
13380,"maximum rotation",2,4
13381,"superconductor mgb2 thin films",4,4
13382,"spatial dispersion",2,4
13383,"suspended particles",2,4
13384,"next nearest",2,4
13385,"integer quantum hall regime",4,4
13386,"higher excitation energies",3,4
13387,"relaxational dynamics",2,4
13388,"dynamic critical exponent",3,4
13389,"few orders",2,4
13390,"large scatter",2,4
13391,"hydrostatic pressure",2,4
13392,"positive feedback",2,4
13393,"si inversion layers",3,4
13394,"grand canonical ensembles",3,4
13395,"amorphous phase",2,4
13396,"dimer phase diagram",3,4
13397,"direct imaging",2,4
13398,"free energy density functional theory",5,4
13399,"below mk",2,4
13400,"kardar parisi zhang kpz equation",5,4
13401,"superconducting electrodes",2,4
13402,"flat histogram",2,4
13403,"pacs numbers",2,4
13404,"system passes through",3,4
13405,"profile fitting",2,4
13406,"conduction band",2,4
13407,"single molecule magnet",3,4
13408,"ferromagnetic ordering",2,4
13409,"room temperature dependence",3,4
13410,"external driving",2,4
13411,"group improved",2,4
13412,"stationary points",2,4
13413,"novel superconductor",2,4
13414,"fully gapped",2,4
13415,"pulse profiles",2,4
13416,"trapped bose gas",3,4
13417,"conductivity spectra",2,4
13418,"dispersion curve",2,4
13419,"axis oriented mgb2 thin films",5,4
13420,"current voltage biased",3,4
13421,"strong correlation length",3,4
13422,"cluster aggregation",2,4
13423,"local density functional",3,4
13424,"inclination angles",2,4
13425,"governing equation",2,4
13426,"pb zn1 3nb2 o3",4,4
13427,"electron fractionalization",2,4
13428,"zero sound",2,4
13429,"mutation rates",2,4
13430,"tunneling processes",2,4
13431,"puzzling experimental",2,4
13432,"surface roughness exponent",3,4
13433,"strong indications",2,4
13434,"ferromagnetic phase transitions",3,4
13435,"reflected light",2,4
13436,"striped phase transition",3,4
13437,"md simulations",2,4
13438,"wiedemann franz law",3,4
13439,"numerical calculations indicate",3,4
13440,"biased quantum",2,4
13441,"nonequilibrium green functions",3,4
13442,"raw data",2,4
13443,"invariant mass ratio",3,4
13444,"survival probability distribution",3,4
13445,"transfer matrix elements",3,4
13446,"time domain spectroscopy",3,4
13447,"molecular beam epitaxy mbe",4,4
13448,"conductance fluctuations",2,4
13449,"single particle numbers",3,4
13450,"fibonacci chain",2,4
13451,"dynamically screened",2,4
13452,"long range coulomb repulsion",4,4
13453,"grand canonical ensemble",3,4
13454,"spectrally resolved",2,4
13455,"loop order parameter",3,4
13456,"combinatorial interpretation",2,4
13457,"adjoint extensions",2,4
13458,"stable homotopy theory",3,4
13459,"julia set",2,4
13460,"lens spaces",2,4
13461,"main theorem asserts",3,4
13462,"ricci curvature tensor",3,4
13463,"critical indices",2,4
13464,"string vertex",2,4
13465,"stable bundles",2,4
13466,"projective toric varieties",3,4
13467,"laurent polynomials",2,4
13468,"acklund transformation",2,4
13469,"eguchi hanson",2,4
13470,"simplicial sets",2,4
13471,"field gradients",2,4
13472,"simultaneous determination",2,4
13473,"poisson manifold",2,4
13474,"frobenius manifolds",2,4
13475,"direct sums",2,4
13476,"taylor expansion",2,4
13477,"kahler manifold",2,4
13478,"loop spaces",2,4
13479,"dyson equations",2,4
13480,"stability bounds",2,4
13481,"teichmuller space",2,4
13482,"pseudo anosov",2,4
13483,"riemann hilbert space",3,4
13484,"simplified models",2,4
13485,"two adjacent letters",3,4
13486,"higher spatial",2,4
13487,"spin metrics",2,4
13488,"shower array",2,4
13489,"globular clusters m3",3,4
13490,"spectroscopic information",2,4
13491,"anomalous magnetic fields",3,4
13492,"thermal bremsstrahlung",2,4
13493,"young open",2,4
13494,"colour magnitude relation cmr",4,4
13495,"sigma orionis",2,4
13496,"abundance variations",2,4
13497,"galactic bulge region",3,4
13498,"submillimeter wave astronomy",3,4
13499,"common proper motion",3,4
13500,"central surface",2,4
13501,"shorter period",2,4
13502,"giant elliptical galaxies",3,4
13503,"spectral type dwarfs",3,4
13504,"molecular bands",2,4
13505,"large discrepancies",2,4
13506,"rest frame uv continuum",4,4
13507,"photo dissociation",2,4
13508,"space telescope hst",3,4
13509,"tidal dwarf satellites",3,4
13510,"interferometric gravitational",2,4
13511,"high resolution element",3,4
13512,"2.1m telescope",2,4
13513,"national observatory",2,4
13514,"band filter",2,4
13515,"companion galaxies",2,4
13516,"few body",2,4
13517,"rates inferred",2,4
13518,"like iron",2,4
13519,"type ia supernova sn",4,4
13520,"non thermal emission",3,4
13521,"gas content",2,4
13522,"sne ia",2,4
13523,"ionizing stellar",2,4
13524,"alpha absorbers",2,4
13525,"bal quasar",2,4
13526,"limiting magnitudes",2,4
13527,"colour magnitude relation",3,4
13528,"circular symmetry",2,4
13529,"viewing angle",2,4
13530,"two lobes",2,4
13531,"ray fluxes",2,4
13532,"tentative detection",2,4
13533,"sunyaev zeldovich",2,4
13534,"forming complex",2,4
13535,"water maser",2,4
13536,"molecular outflows",2,4
13537,"vlba observations indicate",3,4
13538,"comptonized component",2,4
13539,"ray observatories",2,4
13540,"total mass accretion disk",4,4
13541,"cornerstone mission",2,4
13542,"helium abundance determination",3,4
13543,"mass companions",2,4
13544,"civ absorption systems",3,4
13545,"dynamical timescales",2,4
13546,"energies below kev",3,4
13547,"dust obscuration",2,4
13548,"omegab h2",2,4
13549,"well correlated noise",3,4
13550,"auger observatory",2,4
13551,"early type spirals",3,4
13552,"highly flattened",2,4
13553,"high resolution echelle spectra",4,4
13554,"powered pulsars",2,4
13555,"planetary system",2,4
13556,"kubo formalism",2,4
13557,"mean square root",3,4
13558,"composite fermion systems",3,4
13559,"charged exciton",2,4
13560,"universal conductance fluctuations",3,4
13561,"antiferromagnetic heisenberg chains",3,4
13562,"mass mt",2,4
13563,"space time derivative",3,4
13564,"low density functional",3,4
13565,"coherence lengths",2,4
13566,"ceramic samples",2,4
13567,"diffusion coefficients",2,4
13568,"mesoscopic conductors",2,4
13569,"magnitude diagram",2,4
13570,"standard bcs model",3,4
13571,"exchange splitting",2,4
13572,"depinning threshold",2,4
13573,"renormalization group flows",3,4
13574,"exact diagonalization technique",3,4
13575,"atomic force microscopy",3,4
13576,"distance physics",2,4
13577,"non circular",2,4
13578,"ideal bose gases",3,4
13579,"antiferromagnetic ordering co",3,4
13580,"mean square displacement",3,4
13581,"organic materials",2,4
13582,"driven granular",2,4
13583,"hard disks",2,4
13584,"field theoretic approach",3,4
13585,"quantitative prediction",2,4
13586,"heavy ions",2,4
13587,"wavelength perturbations",2,4
13588,"functional theory dft",3,4
13589,"magnetic field sweep",3,4
13590,"holstein hubbard model",3,4
13591,"fermion condensate",2,4
13592,"high pressures",2,4
13593,"long time domain",3,4
13594,"evaporative cooling",2,4
13595,"brillouin zone boundary",3,4
13596,"zhang rice",2,4
13597,"unstable periodic",2,4
13598,"two dimensional array",3,4
13599,"quasi degenerate",2,4
13600,"long time averaged",3,4
13601,"feedback control system",3,4
13602,"non monotonous",2,4
13603,"gravothermal catastrophe",2,4
13604,"ising type",2,4
13605,"mean field configurations",3,4
13606,"thermodynamic functions",2,4
13607,"multiresolution analysis",2,4
13608,"geometric frustration",2,4
13609,"length scale invariant",3,4
13610,"thin film growth",3,4
13611,"boundary layer thickness",3,4
13612,"coupled map lattices",3,4
13613,"hyperfine interaction",2,4
13614,"paramagnetic resonance",2,4
13615,"intrinsic josephson junctions",3,4
13616,"charge distribution functions",3,4
13617,"pasta ulam",2,4
13618,"almost periodic",2,4
13619,"front propagation",2,4
13620,"dynamical staggered",2,4
13621,"thermal loops",2,4
13622,"internal symmetries",2,4
13623,"gw approximation",2,4
13624,"inas quantum dot",3,4
13625,"norm conserving pseudopotentials",3,4
13626,"functional integral equation",3,4
13627,"compact calabi yau",3,4
13628,"integer valued",2,4
13629,"twisted boundary",2,4
13630,"affine hecke algebras",3,4
13631,"stable orbit",2,4
13632,"recurrence time",2,4
13633,"calculi over",2,4
13634,"unitary minimal",2,4
13635,"supergroup gl",2,4
13636,"quantum supergroup gl",3,4
13637,"manifestly covariant under",3,4
13638,"volume preserving",2,4
13639,"isometry group",2,4
13640,"kerr schild",2,4
13641,"radiation reaction force",3,4
13642,"rest masses",2,4
13643,"negative cosmological term",3,4
13644,"non relativistic version",3,4
13645,"space time foam",3,4
13646,"radial null geodesics",3,4
13647,"modified newtonian",2,4
13648,"primordial helium",2,4
13649,"non compact extra",3,4
13650,"vanishing vacuum energy",3,4
13651,"coupling constant curvature",3,4
13652,"four dimensional spacetime",3,4
13653,"type iia supergravity",3,4
13654,"off diagonal metrics",3,4
13655,"dimensional planck",2,4
13656,"charged current density",3,4
13657,"gravitational radiation reaction force",4,4
13658,"bulk viscous",2,4
13659,"perfect fluids",2,4
13660,"surface gravity waves",3,4
13661,"van dam veltman",3,4
13662,"schwarzschild black",2,4
13663,"dirac brackets",2,4
13664,"massive scalar field theory",4,4
13665,"ricci tensor",2,4
13666,"type spirals",2,4
13667,"low energy heterotic string theory",5,4
13668,"low energy heterotic",3,4
13669,"hydrodynamics sph code",3,4
13670,"scale invariant mass",3,4
13671,"observational determination",2,4
13672,"broken global",2,4
13673,"fermionic matter",2,4
13674,"later stages",2,4
13675,"secondary component",2,4
13676,"ne mg",2,4
13677,"ly alpha beta",3,4
13678,"small angular size",3,4
13679,"grating spectrometer",2,4
13680,"dn dz",2,4
13681,"ir flux",2,4
13682,"short duration gamma ray bursts",5,4
13683,"high energy transmission grating",4,4
13684,"cosmic microwave background cmb temperature anisotropies",6,4
13685,"rms scatter",2,4
13686,"beam position",2,4
13687,"photometric accuracy",2,4
13688,"fir emission",2,4
13689,"photon index gamma ray emission",5,4
13690,"hst stis spectra",3,4
13691,"hobby eberly telescope",3,4
13692,"monitoring campaign",2,4
13693,"weak gravitational lensing signal",4,4
13694,"luminous seyfert",2,4
13695,"observatory iso",2,4
13696,"isocurvature fluctuations",2,4
13697,"pattern speed",2,4
13698,"merger history",2,4
13699,"diffuse gamma",2,4
13700,"hard thermal component",3,4
13701,"radiative recombination rates",3,4
13702,"planetary companion",2,4
13703,"deeply embedded",2,4
13704,"around hd",2,4
13705,"roche lobe overflow",3,4
13706,"total number density",3,4
13707,"power law slopes",3,4
13708,"h2o maser emission",3,4
13709,"intrinsic absorption line bal qso",5,4
13710,"line seyfert",2,4
13711,"faraday rotation measure",3,4
13712,"post main",2,4
13713,"tw hya",2,4
13714,"gravitational instabilities",2,4
13715,"irregular galaxies",2,4
13716,"dense circumstellar",2,4
13717,"cosmic coincidence",2,4
13718,"jupiter masses",2,4
13719,"bal qsos",2,4
13720,"black hole pair",3,4
13721,"ms chandra observations",3,4
13722,"eclipsing binary system",3,4
13723,"short distance scale",3,4
13724,"star forming complex",3,4
13725,"giant molecular gas",3,4
13726,"precision cosmology",2,4
13727,"stellar population synthesis",3,4
13728,"star spots",2,4
13729,"northern sky",2,4
13730,"alfv en",2,4
13731,"flux density variations",3,4
13732,"cdm cosmology",2,4
13733,"shell like morphology",3,4
13734,"truncation radius",2,4
13735,"cluster mergers",2,4
13736,"publicly available data",3,4
13737,"brightest cluster systems",3,4
13738,"virgo cluster systems",3,4
13739,"young clusters embedded",3,4
13740,"south galactic cap",3,4
13741,"soft gamma rays",3,4
13742,"iv absorption line",3,4
13743,"spherical shell model",3,4
13744,"hst stis spectroscopy",3,4
13745,"giant elliptical galaxy ngc",4,4
13746,"cosmic ray spectra",3,4
13747,"infalling gas",2,4
13748,"giant ellipticals",2,4
13749,"ray satellites",2,4
13750,"characteristic timescale",2,4
13751,"minimal supersymmetric standard model independent",5,4
13752,"thermonuclear runaway model",3,4
13753,"primordial binaries",2,4
13754,"sky coverage",2,4
13755,"quantizing magnetic field",3,4
13756,"infrared fixed point",3,4
13757,"cv evolution",2,4
13758,"initial mass transfer",3,4
13759,"central supermassive",2,4
13760,"dwarf spheroidals",2,4
13761,"radial color",2,4
13762,"multiband photometry",2,4
13763,"reddened stars",2,4
13764,"interstellar material",2,4
13765,"cangaroo iii",2,4
13766,"air showers eas",3,4
13767,"marginally resolved",2,4
13768,"ultra compact objects",3,4
13769,"shock fronts",2,4
13770,"xmm newton rgs",3,4
13771,"kaon condensation",2,4
13772,"low energy input",3,4
13773,"interstellar matter",2,4
13774,"tidally disrupted",2,4
13775,"dark matter halos around",4,4
13776,"weighted average",2,4
13777,"vi column",2,4
13778,"large format",2,4
13779,"water maser emission",3,4
13780,"dynamo model",2,4
13781,"steep central",2,4
13782,"gravity propagates",2,4
13783,"oxygen neon",2,4
13784,"mapper wham",2,4
13785,"lyman alpha emission",3,4
13786,"cluster samples",2,4
13787,"relaxed cluster core",3,4
13788,"red objects eros",3,4
13789,"sigma upper",2,4
13790,"grb progenitors",2,4
13791,"international space station",3,4
13792,"massive ellipticals",2,4
13793,"red hb",2,4
13794,"dominant stellar population",3,4
13795,"definite prediction",2,4
13796,"per square degree",3,4
13797,"high energy tails",3,4
13798,"dark side",2,4
13799,"water masers",2,4
13800,"southern galactic plane",3,4
13801,"well populated",2,4
13802,"sahu et",2,4
13803,"clustering amplitude",2,4
13804,"three dimensional hydrodynamical simulations",4,4
13805,"vela x-1",2,4
13806,"granular systems",2,4
13807,"phase transition metals",3,4
13808,"separates two regimes",3,4
13809,"perturbative renormalization group",3,4
13810,"tracer diffusion",2,4
13811,"considerably reduced",2,4
13812,"diagonal disorder",2,4
13813,"quasiparticle density",2,4
13814,"exchange potentials",2,4
13815,"functional renormalization",2,4
13816,"su yang",2,4
13817,"relativistic speeds",2,4
13818,"exchange currents",2,4
13819,"charmless hadronic final states",4,4
13820,"ds meson",2,4
13821,"excited leptons",2,4
13822,"decaying higgs bosons",3,4
13823,"bhabha scattering",2,4
13824,"mode d0",2,4
13825,"two photon virtuality",3,4
13826,"skew product",2,4
13827,"gordon equations",2,4
13828,"system size distributions",3,4
13829,"class constrained",2,4
13830,"resource book",2,4
13831,"charged hadrons",2,4
13832,"neutrino mass ratio",3,4
13833,"neutral higgs boson mass",4,4
13834,"inclusive jet",2,4
13835,"electron beam energy",3,4
13836,"cleo collaboration",2,4
13837,"tevatron run",2,4
13838,"deeply virtual compton scattering dvcs",5,4
13839,"high intensity proton",3,4
13840,"plane wave impulse approximation",4,4
13841,"water cherenkov detector",3,4
13842,"scalar meson decays",3,4
13843,"improved theoretical understanding",3,4
13844,"four momentum transfer",3,4
13845,"soft colour",2,4
13846,"exclusive photoproduction",2,4
13847,"wavefront sampling technique",3,4
13848,"external shear",2,4
13849,"optical depths",2,4
13850,"observations spanning",2,4
13851,"low luminosity agn",3,4
13852,"parameters entering",2,4
13853,"magellanic clouds hvcs",3,4
13854,"virtual observatory",2,4
13855,"under reasonable assumptions",3,4
13856,"adaptive optics observations",3,4
13857,"varying speed",2,4
13858,"uv continuum emission lines",4,4
13859,"temporal resolution",2,4
13860,"two photon self energy",4,4
13861,"v404 cyg",2,4
13862,"crab like",2,4
13863,"magnetically charged",2,4
13864,"chandra acis s3",3,4
13865,"keck lris",2,4
13866,"extragalactic radio galaxies",3,4
13867,"higher redshift survey",3,4
13868,"diagrams cmds",2,4
13869,"explorer fuse mission",3,4
13870,"small angular power spectrum",4,4
13871,"net baryon",2,4
13872,"target nucleus collisions",3,4
13873,"pi0 production",2,4
13874,"entrance channel",2,4
13875,"compound nucleus",2,4
13876,"orbit feedback",2,4
13877,"diquark condensate",2,4
13878,"local chirality",2,4
13879,"quenched chiral perturbation theory",4,4
13880,"degenerate flavors",2,4
13881,"universal scaling variable",3,4
13882,"axial anomaly free",3,4
13883,"lattice qcd sum",3,4
13884,"octet matrix elements",3,4
13885,"strange quark masses",3,4
13886,"iib superstring",2,4
13887,"qcd thermodynamics",2,4
13888,"large area law",3,4
13889,"wall fermions",2,4
13890,"instanton size distribution",3,4
13891,"bayesian estimation",2,4
13892,"faddeev yakubovsky",2,4
13893,"chemical equilibration",2,4
13894,"heavy quark mass differences",4,4
13895,"pseudospin symmetry",2,4
13896,"tritium beta decay rate",4,4
13897,"gauge groups",2,4
13898,"atomic parity",2,4
13899,"proton decay channels",3,4
13900,"state rescattering",2,4
13901,"meson cloud",2,4
13902,"quark gluon condensate",3,4
13903,"qcd vacuum condensates",3,4
13904,"valence quarks",2,4
13905,"weak mixing matrix",3,4
13906,"yukawa matrices",2,4
13907,"left right handed majorana",4,4
13908,"fermion mass energies",3,4
13909,"hilbert action",2,4
13910,"via leptogenesis",2,4
13911,"proton nucleus collisions",3,4
13912,"longitudinally polarized proton",3,4
13913,"spontaneously broken phase transition",4,4
13914,"charmonium production",2,4
13915,"ultrahigh energy spectrum",3,4
13916,"landau pole",2,4
13917,"apparent violations",2,4
13918,"noncommutative qed",2,4
13919,"tev scale dependence",3,4
13920,"mixing parameter space",3,4
13921,"higgs boson mass spectrum",4,4
13922,"minimal flavour",2,4
13923,"solar neutrino oscillation solutions",4,4
13924,"maximal atmospheric",2,4
13925,"tau yukawa couplings",3,4
13926,"compact extra dimensions",3,4
13927,"false vacuum energy",3,4
13928,"linear collider signatures",3,4
13929,"lattice qcd corrections",3,4
13930,"leading order nlo qcd corrections",5,4
13931,"leq tev",2,4
13932,"dirac neutrino",2,4
13933,"large mixing matrix elements",4,4
13934,"chromodynamics qcd",2,4
13935,"eta q2 sigma",3,4
13936,"hard scattering amplitude",3,4
13937,"singlet higgs sector",3,4
13938,"standard model cmssm",3,4
13939,"su gut models",3,4
13940,"long lifetime",2,4
13941,"d3 branes",2,4
13942,"factorization scale dependence",3,4
13943,"asymptotic form factor",3,4
13944,"effective majorana neutrinos",3,4
13945,"noncommutativity scale",2,4
13946,"vector multiplet",2,4
13947,"light cone distribution amplitudes",4,4
13948,"dglap equations",2,4
13949,"two photon virtualities",3,4
13950,"matter living",2,4
13951,"two loop corrected",3,4
13952,"color dipole",2,4
13953,"string cosmology",2,4
13954,"gauge coupling constants",3,4
13955,"extremal black hole",3,4
13956,"open superstring effective action",4,4
13957,"fermionic matter sector",3,4
13958,"charged black hole backgrounds",4,4
13959,"superstring field",2,4
13960,"half string",2,4
13961,"rastelli sen",2,4
13962,"solitonic solutions",2,4
13963,"higher dimensional supergravity",3,4
13964,"two dimensional supergravity solution",4,4
13965,"messenger fields",2,4
13966,"non abelian born infeld action",5,4
13967,"centrally extended",2,4
13968,"string theoretic",2,4
13969,"perturbative renormalization group flow",4,4
13970,"su wzw",2,4
13971,"twisted boundary condition",3,4
13972,"half bps",2,4
13973,"jaynes cummings",2,3
13974,"simple analytic continuation",3,3
13975,"single photon pairs",3,3
13976,"optical parametric down",3,3
13977,"probability distribution amplitudes",3,3
13978,"schr odinger cat state",4,3
13979,"polarization entangled",2,3
13980,"uniform electric field",3,3
13981,"cloning machine",2,3
13982,"surface stress energy",3,3
13983,"quantum gravity waves",3,3
13984,"orthodox quantum",2,3
13985,"interference devices",2,3
13986,"chsh inequality",2,3
13987,"low density wave superconductor",4,3
13988,"smooth transition temperature",3,3
13989,"weak localization corrections",3,3
13990,"heisenberg chain",2,3
13991,"resistive transition temperature dependence",4,3
13992,"statistically significant differences",3,3
13993,"near optimal doping",3,3
13994,"fully frustrated ising",3,3
13995,"tunneling current flow",3,3
13996,"two component fermi",3,3
13997,"glass transition temperature dependence",4,3
13998,"finite size correction",3,3
13999,"semiconductor quantum wire",3,3
14000,"wave pairing amplitude",3,3
14001,"barrier heights",2,3
14002,"spin gap equation",3,3
14003,"short period distribution",3,3
14004,"metal free electron",3,3
14005,"additive hard sphere",3,3
14006,"non degenerate ground state",4,3
14007,"precession frequency",2,3
14008,"cold trapped atomic gases",4,3
14009,"spin ice model",3,3
14010,"edwards anderson model",3,3
14011,"angular momentum resolved",3,3
14012,"next nearest neighbour hopping",4,3
14013,"short range attraction",3,3
14014,"charge density wave function",4,3
14015,"granular fluids",2,3
14016,"initial singularity formation",3,3
14017,"tapping dynamics simulations",3,3
14018,"capillary waves",2,3
14019,"doped mott",2,3
14020,"small scale free",3,3
14021,"sigma xy model",3,3
14022,"asymmetric exclusion process",3,3
14023,"non gaussian random matrices",4,3
14024,"diluted magnetic semiconductor",3,3
14025,"triplet pairing interaction",3,3
14026,"time dependent gross pitaevskii",4,3
14027,"optimally doped cuprates",3,3
14028,"charged particle hydrodynamics",3,3
14029,"strongly nonlinear regime",3,3
14030,"interlayer phase coherence",3,3
14031,"zero bias anomaly",3,3
14032,"bias anomaly",2,3
14033,"lowest mass spectrum",3,3
14034,"external force extension",3,3
14035,"epr spectra",2,3
14036,"molecule magnet",2,3
14037,"ladder compound alpha nav",4,3
14038,"augmented plane",2,3
14039,"highly charged colloids",3,3
14040,"ligand field",2,3
14041,"ferromagnetic domain",2,3
14042,"correlation length scales",3,3
14043,"gaussian random potential",3,3
14044,"wave superconductor junctions",3,3
14045,"photoemission spectroscopy arpes",3,3
14046,"theory dmft",2,3
14047,"sns junctions",2,3
14048,"highly efficient algorithm",3,3
14049,"correlated electron correlations",3,3
14050,"ladder compound",2,3
14051,"z2 symmetry breaking",3,3
14052,"resonant tunneling spectra",3,3
14053,"uniform distribution function",3,3
14054,"island density",2,3
14055,"pulsed laser beam epitaxy",4,3
14056,"electron beam lithography",3,3
14057,"quantum chemistry",2,3
14058,"large number count",3,3
14059,"percolation universality",2,3
14060,"against thermal instability",3,3
14061,"experimental observations suggest",3,3
14062,"variational monte carlo",3,3
14063,"pseudogap phase diagram",3,3
14064,"area preserving",2,3
14065,"brownian particles",2,3
14066,"depinning transition",2,3
14067,"linear size scaling behavior",4,3
14068,"feynman path integrals",3,3
14069,"upper critical exponents",3,3
14070,"double exchange interactions",3,3
14071,"zero temperature dependences",3,3
14072,"bell shaped",2,3
14073,"ferromagnetic metallic state",3,3
14074,"anharmonic oscillators",2,3
14075,"becomes strongly anisotropic",3,3
14076,"too large number",3,3
14077,"fluctuation exchange",2,3
14078,"wave vector bf",3,3
14079,"quasiparticle excitation spectrum",3,3
14080,"spatially uniform magnetic field",4,3
14081,"strong coupling constant lambda",4,3
14082,"wilson coefficient gamma",3,3
14083,"finite size distribution function",4,3
14084,"thermodynamic observables",2,3
14085,"2d ising models",3,3
14086,"valence band mixing",3,3
14087,"off lattice gas",3,3
14088,"semiclassical approximation breaks",3,3
14089,"projective space time",3,3
14090,"rotating black hole solutions",4,3
14091,"high temperature kt",3,3
14092,"effective hamiltonian constraint",3,3
14093,"noether charge",2,3
14094,"kerr nut",2,3
14095,"maxwell dilaton gravity",3,3
14096,"torsion tensor product",3,3
14097,"cosmic string tension",3,3
14098,"bertotti robinson",2,3
14099,"post newtonian dynamics",3,3
14100,"extremal black holes",3,3
14101,"circular orbit isco",3,3
14102,"innermost stable neutron star",4,3
14103,"globally hyperbolic metric",3,3
14104,"rest frame instant form",4,3
14105,"single brane tension",3,3
14106,"general relativistic counterpart",3,3
14107,"ricci scalar",2,3
14108,"critical exponent gamma",3,3
14109,"hydrodynamics sph",2,3
14110,"exact solution generating",3,3
14111,"vacuum einstein maxwell equations",4,3
14112,"einstein maxwell dilaton axion",4,3
14113,"asymptotic limit theorems",3,3
14114,"zeroth order",2,3
14115,"mills theories",2,3
14116,"dynamical yang",2,3
14117,"abelian gauge field theory",4,3
14118,"mills theory",2,3
14119,"einstein born",2,3
14120,"initial configuration space",3,3
14121,"non compact lie group",4,3
14122,"complex valued function",3,3
14123,"negatively curved",2,3
14124,"relative cohomology class",3,3
14125,"riemann roch",2,3
14126,"total energy minimization",3,3
14127,"fourth order elliptic",3,3
14128,"cyclic subgroup",2,3
14129,"time domain growth",3,3
14130,"closed orientable",2,3
14131,"gromov witten",2,3
14132,"dynamical systems admitting",3,3
14133,"stable homotopy",2,3
14134,"cubic quintic",2,3
14135,"highly structured",2,3
14136,"closure density",2,3
14137,"positive ricci",2,3
14138,"formality theorem",2,3
14139,"floer homology theories",3,3
14140,"generalized heisenberg",2,3
14141,"zariski dense",2,3
14142,"unitary operator valued",3,3
14143,"matrix valued function",3,3
14144,"first order logic",3,3
14145,"branched covers",2,3
14146,"intersection cohomology ring",3,3
14147,"intersection pairing",2,3
14148,"holomorphic vector bundles",3,3
14149,"globally well posed",3,3
14150,"vector valued function",3,3
14151,"velocity field lines",3,3
14152,"mass accretion onto",3,3
14153,"bondi accretion",2,3
14154,"resolution echelle",2,3
14155,"medium icm",2,3
14156,"civ absorption line",3,3
14157,"vla sky survey",3,3
14158,"function psf",2,3
14159,"earlier claims",2,3
14160,"low density perturbations",3,3
14161,"sub galactic halo",3,3
14162,"ultrahigh energy cosmic rays",4,3
14163,"cpu time",2,3
14164,"hardness ratio",2,3
14165,"absorption line seyfert galaxies",4,3
14166,"bulge component",2,3
14167,"fornax cluster systems",3,3
14168,"cdm paradigm",2,3
14169,"thermonuclear runaway",2,3
14170,"board hst imaging",3,3
14171,"highly unlikely",2,3
14172,"european southern observatory eso",4,3
14173,"canada france hawaii",3,3
14174,"general relativistic jets",3,3
14175,"time coverage",2,3
14176,"hot bottom burning",3,3
14177,"low lx",2,3
14178,"nrao vla",2,3
14179,"non compact object",3,3
14180,"absorption line strengths",3,3
14181,"dwarf companion star formation",4,3
14182,"dynamical evolution equation",3,3
14183,"particle hole binaries",3,3
14184,"rapidly spinning",2,3
14185,"transiently accreting",2,3
14186,"fully self gravitating",3,3
14187,"rest frame uv",3,3
14188,"spatially extended emission line",4,3
14189,"starburst galaxy m82",3,3
14190,"short wavelength spectrometer",3,3
14191,"point like objects",3,3
14192,"irreversibility field theory",3,3
14193,"burst oscillations",2,3
14194,"ray emission weighted",3,3
14195,"volume averaged",2,3
14196,"galaxy formation rate sfr",4,3
14197,"sunyaev zeldovich effect sze",4,3
14198,"deep narrow band",3,3
14199,"wimp dark matter searches",4,3
14200,"cm-2 s-1",2,3
14201,"hi absorption systems",3,3
14202,"friedmann lemaitre",2,3
14203,"minor mergers",2,3
14204,"baryonic mass fraction",3,3
14205,"oii emission lines",3,3
14206,"color magnitude diagram cmd",4,3
14207,"iron line profile",3,3
14208,"infrared quasi",2,3
14209,"high resolution angle",3,3
14210,"multiple stellar",2,3
14211,"power law continuum source",4,3
14212,"fermi dirac particles",3,3
14213,"mbh msun",2,3
14214,"cold gas rich",3,3
14215,"tidal dwarf galaxy",3,3
14216,"gmrt observations",2,3
14217,"interstellar reddening",2,3
14218,"observational upper limit",3,3
14219,"clear physical",2,3
14220,"standard big bang nucleosynthesis",4,3
14221,"objects eros",2,3
14222,"methane absorption features",3,3
14223,"diffusive shock waves",3,3
14224,"beam profile",2,3
14225,"spectroscopic observations indicate",3,3
14226,"few tenths",2,3
14227,"hubble deep field south",4,3
14228,"passive evolution",2,3
14229,"neutral carbon",2,3
14230,"non equilibrium ionization",3,3
14231,"montecarlo simulations",2,3
14232,"free precession",2,3
14233,"experimental data collection",3,3
14234,"stellar wind velocity",3,3
14235,"weakly magnetized",2,3
14236,"kev band structure",3,3
14237,"cosmological hydrodynamic simulations",3,3
14238,"ray binary interactions",3,3
14239,"galactic supernova remnant",3,3
14240,"molecular gas rich",3,3
14241,"formation rate sfr",3,3
14242,"stellar companions",2,3
14243,"baseline interferometry",2,3
14244,"tidal torques",2,3
14245,"lindblad resonance",2,3
14246,"ray tail",2,3
14247,"ionization fractions",2,3
14248,"first overtone pulsators",3,3
14249,"average distance modulus",3,3
14250,"cosmic lens",2,3
14251,"going star formation",3,3
14252,"colour magnitude diagram cmd",4,3
14253,"distant observer",2,3
14254,"inhomogeneous cosmological parameters",3,3
14255,"number density waves",3,3
14256,"near half light",3,3
14257,"high energy cosmic microwave",4,3
14258,"dwarf wd",2,3
14259,"cno cycle",2,3
14260,"non uniform density",3,3
14261,"old globular",2,3
14262,"galactic wind",2,3
14263,"mass loss rate",3,3
14264,"giant molecular",2,3
14265,"spectral coverage",2,3
14266,"thin shell model",3,3
14267,"fairly robust",2,3
14268,"energy equipartition",2,3
14269,"strongly suggestive",2,3
14270,"balmer emission lines",3,3
14271,"poor halo",2,3
14272,"microlensing events per",3,3
14273,"kinetic energy scales",3,3
14274,"orbital angular velocity",3,3
14275,"high temperature ts",3,3
14276,"rotational velocity fields",3,3
14277,"charge transfer rates",3,3
14278,"h50 kpc",2,3
14279,"molecular fraction",2,3
14280,"shapley concentration",2,3
14281,"shock heated gas",3,3
14282,"cosmological hydrodynamic simulation",3,3
14283,"power law slope alpha",4,3
14284,"weak gravitational lens",3,3
14285,"cluster sizes up",3,3
14286,"broad band filter",3,3
14287,"hii region around",3,3
14288,"dust lane",2,3
14289,"around young stellar objects",4,3
14290,"oiii lines",2,3
14291,"region around kev",3,3
14292,"photons emitted during",3,3
14293,"jet cloud",2,3
14294,"intermediate scale structures",3,3
14295,"dominant stellar mass",3,3
14296,"continuum flux densities",3,3
14297,"low luminosity relations",3,3
14298,"photometric data release",3,3
14299,"direct detection limits",3,3
14300,"surface brightness temperature",3,3
14301,"large explosion energies",3,3
14302,"circumstellar dust temperature",3,3
14303,"distant cluster core",3,3
14304,"heavily absorbed power law",4,3
14305,"optical uv absorption",3,3
14306,"blue compact dwarfs",3,3
14307,"bh mass",2,3
14308,"asymptotic giant elliptical",3,3
14309,"inverse compton component",3,3
14310,"outer gap",2,3
14311,"energy density perturbations",3,3
14312,"uv excess",2,3
14313,"cluster centre",2,3
14314,"opening angles",2,3
14315,"lensing signal",2,3
14316,"degree angular correlations",3,3
14317,"rapid neutron star",3,3
14318,"fine structure factor",3,3
14319,"interstellar polarization",2,3
14320,"sterile neutrino masses",3,3
14321,"hot big bang nucleosynthesis",4,3
14322,"diffuse interstellar medium",3,3
14323,"arcsecond resolution",2,3
14324,"mass function mf",3,3
14325,"stellar mass transfer",3,3
14326,"narrow line seyfert galaxy akn",5,3
14327,"accelerated expansion age",3,3
14328,"quasi steady state",3,3
14329,"positively charged particles",3,3
14330,"lithium beryllium",2,3
14331,"galactic chemical abundances",3,3
14332,"age metallicity relation",3,3
14333,"equations governing equation",3,3
14334,"tauri star formation",3,3
14335,"ellipsoidal light curves",3,3
14336,"methane absorption",2,3
14337,"core collapse sne",3,3
14338,"rotation measures",2,3
14339,"pseudo newtonian",2,3
14340,"pressure synthesis",2,3
14341,"keck hires spectra",3,3
14342,"cherenkov telescopes",2,3
14343,"near uv spectra",3,3
14344,"ultra high resolution",3,3
14345,"pencil beam",2,3
14346,"young supernova remnants snrs",4,3
14347,"cyclotron energy",2,3
14348,"two photon absorption line",4,3
14349,"doublet model prediction",3,3
14350,"differential decay rates",3,3
14351,"three flavor locking",3,3
14352,"fermi sea quark matter",4,3
14353,"chi squared",2,3
14354,"mikheyev smirnov wolfenstein",3,3
14355,"dimensional georgi glashow model",4,3
14356,"explicit cp",2,3
14357,"doubly charged",2,3
14358,"nuclear matter fields",3,3
14359,"quark gluon sector",3,3
14360,"exclusive rare decay",3,3
14361,"missing mass spectrum",3,3
14362,"non perturbative renormalization scheme",4,3
14363,"minimal flavor violation",3,3
14364,"electroweak radiative decays",3,3
14365,"differential decay rate",3,3
14366,"3-sigma level",2,3
14367,"quantum monte carlo techniques",4,3
14368,"mixing matrix renormalization",3,3
14369,"gauge coupling regime",3,3
14370,"corrected effective",2,3
14371,"two higgs production",3,3
14372,"intrinsic transverse momentum spectra",4,3
14373,"perturbative qcd factorization theorem",4,3
14374,"standard solar neutrinos",3,3
14375,"dirac neutrino mass matrices",4,3
14376,"uv fixed point",3,3
14377,"monte carlo event generators",4,3
14378,"atmospheric neutrino mixing angle",4,3
14379,"evolution kernels",2,3
14380,"transverse momentum transfer",3,3
14381,"polarized parton distributions",3,3
14382,"high energy distribution functions",4,3
14383,"lma msw solutions",3,3
14384,"d0 bar k0",3,3
14385,"2hdm ii",2,3
14386,"long baseline neutrino mixing",4,3
14387,"infrared quasi fixed point",4,3
14388,"violating phase transition",3,3
14389,"leptonic mixing angle",3,3
14390,"chiral perturbation theory chpt",4,3
14391,"baryon chiral limit",3,3
14392,"double pole",2,3
14393,"non linear collider",3,3
14394,"soft gluons",2,3
14395,"instanton like objects",3,3
14396,"four dimensional reduction",3,3
14397,"nucleus scattering amplitude",3,3
14398,"soft pion production",3,3
14399,"boson propagator",2,3
14400,"pi nn coupling constant",4,3
14401,"transversity distributions",2,3
14402,"spin polarized pp",3,3
14403,"quark antiquark pair production",4,3
14404,"charmed meson",2,3
14405,"vanishing vacuum expectation value",4,3
14406,"gauge symmetry restoration",3,3
14407,"bottom quark mass",3,3
14408,"rest frame independent",3,3
14409,"renormalon type",2,3
14410,"superconductive phase",2,3
14411,"current conservation law",3,3
14412,"high baryonic",2,3
14413,"time reversal invariance",3,3
14414,"ckm matrix renormalization",3,3
14415,"fermion mass hierarchies",3,3
14416,"too heavy",2,3
14417,"hilbert space time evolution",4,3
14418,"wilson relation",2,3
14419,"holographic renormalization group",3,3
14420,"bulk scalar curvature",3,3
14421,"dimensional hilbert action",3,3
14422,"after correction factor",3,3
14423,"hamiltonian brst",2,3
14424,"thermal loop",2,3
14425,"seven dimensional spacetime",3,3
14426,"electron storage rings",3,3
14427,"invariant mass matrix",3,3
14428,"diagonal components",2,3
14429,"total entropy ratio",3,3
14430,"non commutative plane",3,3
14431,"l2 harmonic",2,3
14432,"electrically charged particles",3,3
14433,"lippmann schwinger equation",3,3
14434,"exterior differential operator",3,3
14435,"staggered dirac fermions",3,3
14436,"finite dimensional supergravity",3,3
14437,"type iia superstring",3,3
14438,"quantum corrected",2,3
14439,"multiple lines",2,3
14440,"marginal stability analysis",3,3
14441,"string constructions",2,3
14442,"higgs bundles",2,3
14443,"ghost sector",2,3
14444,"local lorentz transformation",3,3
14445,"chromomagnetic field",2,3
14446,"wilson dirac",2,3
14447,"lattice gauge field strength",4,3
14448,"truncated conformal",2,3
14449,"lorentz algebra",2,3
14450,"completely integrable systems",3,3
14451,"spontaneous parity violation",3,3
14452,"globally regular",2,3
14453,"two dimensional gauged supergravity",4,3
14454,"non abelian gauge transformations",4,3
14455,"spontaneously broken down",3,3
14456,"non bps configurations",3,3
14457,"uv ir mixing matrix",4,3
14458,"net charge",2,3
14459,"diagonal elements",2,3
14460,"bps bound states",3,3
14461,"time varying speed",3,3
14462,"type 0b",2,3
14463,"square triangular",2,3
14464,"radiation hardness",2,3
14465,"hadronic z0",2,3
14466,"final stages",2,3
14467,"per nucleon systems",3,3
14468,"upgraded tevatron run ii",4,3
14469,"structure function zeroes",3,3
14470,"quark bilinears",2,3
14471,"perturbative renormalization factors",3,3
14472,"non zero baryon chemical potential",5,3
14473,"schr odinger functional theory",4,3
14474,"bubble nucleation rate",3,3
14475,"tangential velocity",2,3
14476,"femtosecond laser",2,3
14477,"financial time series",3,3
14478,"non thermal origin",3,3
14479,"rna secondary",2,3
14480,"order parameter alpha beta",4,3
14481,"pulse propagation speed",3,3
14482,"ionization potentials",2,3
14483,"lorentz transformation",2,3
14484,"gravitational potentials",2,3
14485,"supersymmetric quantum numbers",3,3
14486,"scaling behaviors",2,3
14487,"pseudo spectral properties",3,3
14488,"generalized hypergeometric functions",3,3
14489,"super yang",2,3
14490,"current algebras",2,3
14491,"groups acting",2,3
14492,"bistable systems",2,3
14493,"granular layers",2,3
14494,"front speed",2,3
14495,"largely independent",2,3
14496,"weyl wigner",2,3
14497,"non compact expressions",3,3
14498,"spherical shell correction",3,3
14499,"two dimensional hydrodynamical",3,3
14500,"dynamical evolution operator",3,3
14501,"semiclassical trace formula",3,3
14502,"inverse participation ratio",3,3
14503,"high velocity fluctuations",3,3
14504,"counting rule",2,3
14505,"strongly coupled channels",3,3
14506,"local density functional calculations",4,3
14507,"color flavor locking",3,3
14508,"per participant",2,3
14509,"nuclear quadrupole moment",3,3
14510,"distorted wave function",3,3
14511,"energy range coulomb interaction",4,3
14512,"distorted wave",2,3
14513,"rms radius",2,3
14514,"non separable expansion",3,3
14515,"hyperspherical harmonic",2,3
14516,"pi nn potentials",3,3
14517,"higher energies below",3,3
14518,"heavy baryon chiral",3,3
14519,"compton scattering amplitudes",3,3
14520,"hooft coupling",2,3
14521,"low lying collective modes",4,3
14522,"short time intervals",3,3
14523,"incoming wave",2,3
14524,"invariant mass differences",3,3
14525,"multipartite quantum communication",3,3
14526,"spin polarized photons",3,3
14527,"dzyaloshinski moriya interaction",3,3
14528,"separates two dimensional",3,3
14529,"quantized electromagnetic field theory",4,3
14530,"quantum cloning machine",3,3
14531,"free subspaces",2,3
14532,"higher dimensional generalizations",3,3
14533,"detailed numerical solutions",3,3
14534,"non linear realization",3,3
14535,"unconditional security proof",3,3
14536,"linear polarization entangled states",4,3
14537,"3d ising",2,3
14538,"transition occurs near",3,3
14539,"shear rate",2,3
14540,"la 2-x",2,3
14541,"spacing distribution",2,3
14542,"spin flip scattering",3,3
14543,"density wave vector",3,3
14544,"numerical evolutions",2,3
14545,"grain sizes",2,3
14546,"nucleation processes",2,3
14547,"point correlation length",3,3
14548,"rg analysis",2,3
14549,"mixed valent",2,3
14550,"assisted tunneling through",3,3
14551,"electronic transport through",3,3
14552,"dynamic critical temperature",3,3
14553,"2d ising",2,3
14554,"kinetic energy balance",3,3
14555,"free energy release",3,3
14556,"si quantum dots",3,3
14557,"zeeman energy levels",3,3
14558,"temperature tc cuprates",3,3
14559,"doped mott insulator",3,3
14560,"exact conservation laws",3,3
14561,"superconductors htsc",2,3
14562,"van den",2,3
14563,"resistive transition temperature",3,3
14564,"interacting electrons confined",3,3
14565,"vortex lines",2,3
14566,"temperature td",2,3
14567,"moriya interaction",2,3
14568,"spin density wave cdw",4,3
14569,"argues against",2,3
14570,"voltage biased",2,3
14571,"uniform magnetic field theory",4,3
14572,"two dimensional electron beam",4,3
14573,"measuring apparatus",2,3
14574,"branching annihilating random walk",4,3
14575,"transformation laws",2,3
14576,"internal energy density",3,3
14577,"experimental data processing",3,3
14578,"phase difference being",3,3
14579,"single impurity induced",3,3
14580,"interlayer coupling strength",3,3
14581,"hydrogen bond",2,3
14582,"stress relaxation",2,3
14583,"non invasive",2,3
14584,"lattice gauge symmetry",3,3
14585,"valence bond solid",3,3
14586,"electron propagator",2,3
14587,"helmholtz free",2,3
14588,"infinite dimensional hubbard model",4,3
14589,"fronts propagating",2,3
14590,"kpz equation",2,3
14591,"monoclinic phase boundary",3,3
14592,"stochastic differential equations",3,3
14593,"creation rate",2,3
14594,"generating functional theory",3,3
14595,"superconducting gaps",2,3
14596,"reaction coordinate",2,3
14597,"tilted magnetic fields",3,3
14598,"scanning electron",2,3
14599,"relativistic velocities",2,3
14600,"gamma ray burst afterglows",4,3
14601,"interacting massive particles",3,3
14602,"prominent emission lines",3,3
14603,"low density profile",3,3
14604,"spectroscopic survey covers",3,3
14605,"luminous blue variable",3,3
14606,"thomson scattering",2,3
14607,"multi object spectrometer",3,3
14608,"analysis dia",2,3
14609,"supernova cosmology project",3,3
14610,"nrao vla sky survey",4,3
14611,"sq arcmin",2,3
14612,"multiple stellar population",3,3
14613,"ionized material",2,3
14614,"apparently normal galaxies",3,3
14615,"three dimensional magnetohydrodynamic",3,3
14616,"marginally stable orbit",3,3
14617,"size scaling relation",3,3
14618,"barred spiral galaxies",3,3
14619,"transition strengths",2,3
14620,"methane absorption bands",3,3
14621,"many astrophysical systems",3,3
14622,"radio telescope compact",3,3
14623,"vacuum polarization properties",3,3
14624,"highly non uniform",3,3
14625,"photo ionized",2,3
14626,"underlying stellar population",3,3
14627,"too steep spectrum",3,3
14628,"aperture synthesis imaging",3,3
14629,"warm neutral gas",3,3
14630,"radial color gradients",3,3
14631,"short term variability",3,3
14632,"dust shell model",3,3
14633,"euv emission",2,3
14634,"standard ruler",2,3
14635,"cosmological constant curvature",3,3
14636,"infrared nir",2,3
14637,"ray emission originates",3,3
14638,"cannonball model",2,3
14639,"afterglow emission lines",3,3
14640,"spectral index beta",3,3
14641,"high energy distribution sed",4,3
14642,"optical depth tau",3,3
14643,"mass accretion disk wind",4,3
14644,"extinction law",2,3
14645,"coma cluster core",3,3
14646,"massive black",2,3
14647,"stellar collisions",2,3
14648,"ly alpha emitters",3,3
14649,"narrow band filters",3,3
14650,"nearly edge",2,3
14651,"central black holes",3,3
14652,"radio loud quasar",3,3
14653,"colour distribution function",3,3
14654,"faint end slope",3,3
14655,"energy range log",3,3
14656,"synchrotron self compton",3,3
14657,"mn fe ratio",3,3
14658,"hi column density",3,3
14659,"symbiotic star",2,3
14660,"optics observations",2,3
14661,"long time coverage",3,3
14662,"current observational constraint",3,3
14663,"gas rich cluster",3,3
14664,"significant population synthesis model",4,3
14665,"hi masses",2,3
14666,"blue compact objects",3,3
14667,"hertzsprung russell diagram",3,3
14668,"infrared camera",2,3
14669,"closed hyperbolic",2,3
14670,"ionized fe",2,3
14671,"shakura sunyaev",2,3
14672,"older stellar evolution",3,3
14673,"telescope vlt uves",3,3
14674,"periodic oscillations qpos",3,3
14675,"giant molecular clouds",3,3
14676,"rayleigh taylor instabilities",3,3
14677,"dusty star",2,3
14678,"astrometric microlensing",2,3
14679,"local group velocity",3,3
14680,"contact binaries",2,3
14681,"mass accretion disc",3,3
14682,"accretion disk galaxies",3,3
14683,"composite supernova",2,3
14684,"electron positron pair annihilation",4,3
14685,"wind models predict",3,3
14686,"direct summation",2,3
14687,"disk galaxies having",3,3
14688,"galactic disk like",3,3
14689,"quasi localized",2,3
14690,"arches cluster center",3,3
14691,"weighted mean",2,3
14692,"eso vlt isaac",3,3
14693,"total energy release",3,3
14694,"galactic supernova driven",3,3
14695,"high resolution mid infrared",4,3
14696,"source confusion",2,3
14697,"chromospheric activity",2,3
14698,"stellar mass companions",3,3
14699,"simple analytic formulae",3,3
14700,"precision timing",2,3
14701,"higher metallicity",2,3
14702,"times10 erg cm",3,3
14703,"galactic supernova neutrinos",3,3
14704,"turbulent dynamo",2,3
14705,"compton component",2,3
14706,"auto correlation functions",3,3
14707,"star forming activity",3,3
14708,"zero age",2,3
14709,"stellar population iii",3,3
14710,"baryonic mass",2,3
14711,"dn dm",2,3
14712,"cent confidence level",3,3
14713,"helium flash",2,3
14714,"hst fos",2,3
14715,"hubble volume",2,3
14716,"half light radii",3,3
14717,"high energy transmission grating spectrometer hetgs",6,3
14718,"nearby galaxies brighter",3,3
14719,"gaseous disk galaxies",3,3
14720,"young stars hd",3,3
14721,"primordial black hole evaporation",4,3
14722,"hubble space observatory",3,3
14723,"ccd mosaic camera",3,3
14724,"cooling flow adaf",3,3
14725,"self interacting dark matter halos",5,3
14726,"intrinsic absorption lines",3,3
14727,"imaging spectrograph stis",3,3
14728,"star forming region around",4,3
14729,"sloan digital",2,3
14730,"relativistic jet like",3,3
14731,"poynting flux ratio",3,3
14732,"spiral arms",2,3
14733,"element diffusion",2,3
14734,"type spiral galaxy",3,3
14735,"spiral galaxy formation",3,3
14736,"cosmic rays uhecr",3,3
14737,"solar interior",2,3
14738,"radiative cooling processes",3,3
14739,"air shower development",3,3
14740,"spectral density variations",3,3
14741,"significant correlation function",3,3
14742,"computer programs",2,3
14743,"chandra image reveals",3,3
14744,"central region containing",3,3
14745,"sub galactic center",3,3
14746,"board hst",2,3
14747,"white dwarf companion",3,3
14748,"moderate redshift survey",3,3
14749,"intermediate mass spectrum",3,3
14750,"board chandra acis",3,3
14751,"low luminosity agns",3,3
14752,"nilpotent lie algebras",3,3
14753,"tight contact structure",3,3
14754,"generalized hypergeometric",2,3
14755,"power series expansion",3,3
14756,"co homology",2,3
14757,"almost complex numbers",3,3
14758,"lefschetz type",2,3
14759,"least two loop",3,3
14760,"solvable lattice",2,3
14761,"projective line bundle",3,3
14762,"circle actions",2,3
14763,"bipartite graph",2,3
14764,"compact convex cone",3,3
14765,"weyl groups",2,3
14766,"module structure functions",3,3
14767,"marked points",2,3
14768,"jacobi equation",2,3
14769,"initial data points",3,3
14770,"fixed planes",2,3
14771,"cotangent bundles over",3,3
14772,"divergence free energy",3,3
14773,"closed hyperbolic manifolds",3,3
14774,"spectral sequences",2,3
14775,"sin2 theta functions",3,3
14776,"tensor categories",2,3
14777,"directed graphs",2,3
14778,"purely infinite nuclear",3,3
14779,"magnetization vector",2,3
14780,"thermodynamic potentials",2,3
14781,"ising magnets",2,3
14782,"extremal statistics",2,3
14783,"critical temperature dependent",3,3
14784,"sharp superconducting gap",3,3
14785,"high velocity tail",3,3
14786,"local density matrix elements",4,3
14787,"boundary sine gordon",3,3
14788,"mean field lines",3,3
14789,"atomic displacements",2,3
14790,"peak dip",2,3
14791,"odd asymmetry",2,3
14792,"turbulent cascade",2,3
14793,"quantum bit",2,3
14794,"three loop approximation",3,3
14795,"spinor bose",2,3
14796,"saturation magnetization curve",3,3
14797,"cooper pair box",3,3
14798,"gas 2deg",2,3
14799,"pairing channel",2,3
14800,"fully self consistent treatment",4,3
14801,"zn doped",2,3
14802,"directed percolation universality class",4,3
14803,"non adiabatic limit",3,3
14804,"characteristic relaxation rate",3,3
14805,"almost linearly",2,3
14806,"conductivity sigma xx",3,3
14807,"state potts models",3,3
14808,"soliton antisoliton",2,3
14809,"frustrated ising spins",3,3
14810,"melting line",2,3
14811,"bose metal",2,3
14812,"low energy dissipation",3,3
14813,"time dependent ginzburg landau equations",5,3
14814,"phonon mechanism",2,3
14815,"flux density wave",3,3
14816,"breathing mode coupling",3,3
14817,"hole doped cuprates",3,3
14818,"quasi two dimensional organic materials",5,3
14819,"pb zn1 3nb2",3,3
14820,"flux density profile",3,3
14821,"experimental data compression",3,3
14822,"scanning tunneling",2,3
14823,"entire range interactions",3,3
14824,"significant correlation functions",3,3
14825,"mechanical treatment",2,3
14826,"non interacting electrons",3,3
14827,"non parametric resonance",3,3
14828,"hubbard bands",2,3
14829,"pulse shapes",2,3
14830,"single vortex states",3,3
14831,"isothermal compressibility",2,3
14832,"leading logarithmic approximation",3,3
14833,"granular medium",2,3
14834,"pure neutron star",3,3
14835,"cklund transformations",2,3
14836,"non stationary axisymmetric",3,3
14837,"homogeneous electric",2,3
14838,"non relativistic causality",3,3
14839,"gauge field lines",3,3
14840,"hairy black holes",3,3
14841,"supernova cosmology",2,3
14842,"solitonic solution",2,3
14843,"relativistic counterpart",2,3
14844,"simple analytical formulae",3,3
14845,"axial vector fields",3,3
14846,"counter rotating dust",3,3
14847,"lorentzian signature",2,3
14848,"rotationally symmetric",2,3
14849,"large mixing parameter space",4,3
14850,"peccei quinn symmetry breaking",4,3
14851,"improved parton model",3,3
14852,"universal extra dimension",3,3
14853,"function g1",2,3
14854,"higher spin singlet",3,3
14855,"numerical integrations",2,3
14856,"number density fluctuations",3,3
14857,"qcd vacuum state",3,3
14858,"experimental constraints imposed",3,3
14859,"neutrino mass squared",3,3
14860,"underlying gauge theories",3,3
14861,"model mssm parameter space",4,3
14862,"gluon distribution function",3,3
14863,"inclusive jet cross section",4,3
14864,"nonuniversal gaugino masses",3,3
14865,"experimentally measurable",2,3
14866,"quark mass squared",3,3
14867,"neutral higgs mass",3,3
14868,"non universal extra",3,3
14869,"nucleon sea quarks",3,3
14870,"thermal loop corrections",3,3
14871,"dominant mode coupling",3,3
14872,"cos delta",2,3
14873,"2nd order",2,3
14874,"charged hadron collider",3,3
14875,"hard scattering processes",3,3
14876,"mirror symmetry breaking",3,3
14877,"transverse momentum distribution",3,3
14878,"supersymmetric standard deviations",3,3
14879,"lattice qcd partition",3,3
14880,"bc meson",2,3
14881,"supersymmetric grand",2,3
14882,"oscillation phenomenology",2,3
14883,"arbitrarily large scale",3,3
14884,"fundamental planck mass",3,3
14885,"magnetic moment anomaly",3,3
14886,"affleck dine leptogenesis",3,3
14887,"lightest neutrino mass",3,3
14888,"qcd factorization formula",3,3
14889,"real analytic expressions",3,3
14890,"factorization formula",2,3
14891,"polarized protons",2,3
14892,"soft gluon fusion",3,3
14893,"nuclear modification",2,3
14894,"quark fragmentation functions",3,3
14895,"realistic models predict",3,3
14896,"ell nu tau",3,3
14897,"extended technicolor models",3,3
14898,"solar type ii",3,3
14899,"msw solution",2,3
14900,"kaluza klein kk states",4,3
14901,"gravity mediated supersymmetry breaking",4,3
14902,"subleading order",2,3
14903,"pion decay rate",3,3
14904,"two dimensional generalizations",3,3
14905,"sin theta",2,3
14906,"fine structure constants",3,3
14907,"new physics literature",3,3
14908,"left right handed sleptons",4,3
14909,"precision electroweak corrections",3,3
14910,"minimal supersymmetric standard model mssm parameter",6,3
14911,"dglap evolution equation",3,3
14912,"short time domain",3,3
14913,"parity violating asymmetries",3,3
14914,"photon plus",2,3
14915,"gluon fusion cross section",4,3
14916,"manifestly covariant formulation",3,3
14917,"random errors",2,3
14918,"self organizing",2,3
14919,"root mean",2,3
14920,"gaussian tail",2,3
14921,"kolmogorov scaling",2,3
14922,"rapidly varying",2,3
14923,"coherent control",2,3
14924,"cnot gate",2,3
14925,"discrete wavelet",2,3
14926,"elliptic calogero sutherland model",4,3
14927,"thermodynamic interpretation",2,3
14928,"von neumann entropy formula",4,3
14929,"algebro geometric construction",3,3
14930,"curved spacetimes",2,3
14931,"spin statistics theorem",3,3
14932,"dulac normal form",3,3
14933,"free energy minimization",3,3
14934,"system passes",2,3
14935,"discrete sine gordon",3,3
14936,"low q2 gev",3,3
14937,"relativistic mean value",3,3
14938,"isospin dependent",2,3
14939,"proton beam energy",3,3
14940,"two pion pole",3,3
14941,"binding energy range",3,3
14942,"sn shell model",3,3
14943,"proton deuteron wave function",4,3
14944,"kaon decay amplitudes",3,3
14945,"asymptotically de sitter background",4,3
14946,"higher spin density",3,3
14947,"non abelian gauge field theories",5,3
14948,"calabi yau 3-folds",3,3
14949,"gauge group sp",3,3
14950,"supersymmetric quantum gravity",3,3
14951,"surface tension branes",3,3
14952,"bps saturated",2,3
14953,"calogero sutherland",2,3
14954,"quartic coupling",2,3
14955,"worldvolume gauge theories",3,3
14956,"gauss law",2,3
14957,"ramond field",2,3
14958,"space time steps",3,3
14959,"abelian chern simons theory",4,3
14960,"poisson sigma models",3,3
14961,"solution generating technique",3,3
14962,"logarithmic conformal",2,3
14963,"om theory",2,3
14964,"negative cosmological models",3,3
14965,"calogero moser models",3,3
14966,"quantum affine toda field theories",5,3
14967,"non vanishing cosmological constant",4,3
14968,"higher spins",2,3
14969,"rational calogero moser system",4,3
14970,"l2 harmonic forms",3,3
14971,"maxwell chern simons theory",4,3
14972,"renormalization group rg equations",4,3
14973,"3-form field theory",3,3
14974,"gauge coupling unification",3,3
14975,"quenched chiral symmetry breaking",4,3
14976,"matrix renormalization scheme",3,3
14977,"first error bounds",3,3
14978,"np complete set",3,3
14979,"communication complexity",2,3
14980,"logic programming language",3,3
14981,"quantum information content",3,3
14982,"particle production mechanisms",3,3
14983,"minimal supersymmetric standard",3,3
14984,"integrated luminosity function",3,3
14985,"obtain precise measurement",3,3
14986,"topological charge fluctuations",3,3
14987,"maximally entangled photons",3,3
14988,"scanning tunneling microscopy stm",4,3
14989,"rabi frequency",2,3
14990,"clauser horne shimony",3,3
14991,"translation invariant under",3,3
14992,"lower bound entanglement",3,3
14993,"control system size",3,3
14994,"greenberger horne zeilinger ghz",4,3
14995,"werner states",2,3
14996,"non demolition",2,3
14997,"dirac spinors",2,3
14998,"quantum nondemolition",2,3
14999,"field amplification",2,3
15000,"schr odinger cat states",4,3
15001,"coherent population",2,3
15002,"spectral energy eigenvalues",3,3
15003,"squeezed light pulses",3,3
15004,"energy input output",3,3
15005,"resonant cavity mode",3,3
15006,"optical trap loss",3,3
15007,"mesoscopic physics",2,3
15008,"transmission rate",2,3
15009,"enard convection",2,3
15010,"time scales shorter",3,3
15011,"step replica",2,3
15012,"lower critical temperature",3,3
15013,"real networks",2,3
15014,"high tc cuprate superconductors",4,3
15015,"nmr relaxation rate",3,3
15016,"normal nuclear spin",3,3
15017,"lattice gauge symmetry breaking",4,3
15018,"su yang baxter equation",4,3
15019,"renormalized perturbation expansion",3,3
15020,"lattice melting temperature",3,3
15021,"band structure constants",3,3
15022,"arrhenius law",2,3
15023,"number density wave",3,3
15024,"conformal maps",2,3
15025,"density matrix ensembles",3,3
15026,"energy density functional calculations",4,3
15027,"moves away",2,3
15028,"ferromagnetic kondo effect",3,3
15029,"numerical renormalization group flow",4,3
15030,"spatially localized",2,3
15031,"sharp superconducting transition temperature",4,3
15032,"lower dimensional reduction",3,3
15033,"singular point like",3,3
15034,"hole content",2,3
15035,"vortex glass",2,3
15036,"eel temperature",2,3
15037,"critical temperature tc cuprates",4,3
15038,"axis oriented mgb2",3,3
15039,"nonequilibrium green",2,3
15040,"phonon assisted",2,3
15041,"superconductor kappa bedt ttf",4,3
15042,"recombination rates",2,3
15043,"two dimensional 2d ising model",5,3
15044,"running coupling regime",3,3
15045,"lamellar phases",2,3
15046,"escape rate",2,3
15047,"dispersion curve shape",3,3
15048,"fractional quantum hall regime",4,3
15049,"energy stored",2,3
15050,"break junctions",2,3
15051,"dc bias",2,3
15052,"empirical value problem",3,3
15053,"sound velocity field",3,3
15054,"stimulated raman adiabatic passage",4,3
15055,"chebyshev polynomials over",3,3
15056,"free energy density matrix",4,3
15057,"phase transition strengths",3,3
15058,"deposition technique",2,3
15059,"perpendicular magnetic field strength",4,3
15060,"binding energies below",3,3
15061,"purely geometric",2,3
15062,"sliding luttinger liquid",3,3
15063,"exchange correlation kernel",3,3
15064,"scanning tunnelling",2,3
15065,"scattering length scale",3,3
15066,"collective coordinate",2,3
15067,"trapping potential barrier",3,3
15068,"two component bose einstein condensates",5,3
15069,"fifth order",2,3
15070,"fermi gas 2deg",3,3
15071,"strong disorder induced",3,3
15072,"ca ii",2,3
15073,"semiconductor quantum cascade lasers",4,3
15074,"fermion pairs",2,3
15075,"defect density",2,3
15076,"charge density matrix renormalization group",5,3
15077,"uniform density matrix renormalization group dmrg",6,3
15078,"electron hole doped",3,3
15079,"band hubbard type",3,3
15080,"andreev bound state",3,3
15081,"polarized laser",2,3
15082,"critical current understanding",3,3
15083,"mott gap",2,3
15084,"briefly commented",2,3
15085,"zener tunneling",2,3
15086,"electron hole doped cuprates",4,3
15087,"pinning sites",2,3
15088,"universal scaling arguments",3,3
15089,"chain compound",2,3
15090,"charge transfer matrix elements",4,3
15091,"multiple scattering processes",3,3
15092,"parallel transport properties",3,3
15093,"junction arrays",2,3
15094,"irreversible magnetization",2,3
15095,"eliashberg formalism",2,3
15096,"electron hole doped region",4,3
15097,"langevin equation describing",3,3
15098,"umklapp scattering",2,3
15099,"shot noise reduction",3,3
15100,"stoichiometric mgb2",2,3
15101,"situ annealing process",3,3
15102,"participation ratio",2,3
15103,"non equilibrium green",3,3
15104,"post processing",2,3
15105,"distinctive feature",2,3
15106,"superconductor mgb2 films",3,3
15107,"condensed phase transition",3,3
15108,"percus yevick",2,3
15109,"white noise ratio",3,3
15110,"coupling bcs",2,3
15111,"detrended fluctuation analysis",3,3
15112,"free fermion mass",3,3
15113,"surface density functional",3,3
15114,"near tc superconductors",3,3
15115,"wigner crystallization",2,3
15116,"infrared space missions",3,3
15117,"apm galaxy",2,3
15118,"neutron star formation",3,3
15119,"regions pdrs",2,3
15120,"optically bright quasars",3,3
15121,"bipolar planetary nebula",3,3
15122,"iso sws",2,3
15123,"velocity dispersion spectra",3,3
15124,"advanced ccd images",3,3
15125,"ly alpha approx",3,3
15126,"cluster catalogs",2,3
15127,"primordial black",2,3
15128,"ray lightcurves",2,3
15129,"near infrared luminosities",3,3
15130,"local group flow",3,3
15131,"charge collection",2,3
15132,"incoming photon",2,3
15133,"nebular emission",2,3
15134,"lsb galaxies",2,3
15135,"dark matter cdm",3,3
15136,"magellanic cloud smc",3,3
15137,"radiated away",2,3
15138,"synchrotron radiation pressure",3,3
15139,"central parts",2,3
15140,"function lf",2,3
15141,"molecular clumps",2,3
15142,"burst grb 000301c",3,3
15143,"21-cm line",2,3
15144,"radio loud objects",3,3
15145,"line profile fitting",3,3
15146,"free energy distribution",3,3
15147,"surface acoustic waves",3,3
15148,"cloud material",2,3
15149,"galactic hii",2,3
15150,"likelihood function",2,3
15151,"high frequency vla",3,3
15152,"isothermal spheres",2,3
15153,"least half",2,3
15154,"ultra relativistic particles",3,3
15155,"too low temperature",3,3
15156,"resolution echelle spectrograph",3,3
15157,"main source catalogue",3,3
15158,"around young stellar",3,3
15159,"stellar mass loss rate",4,3
15160,"chandra deep field south",4,3
15161,"extragalactic gamma ray emission",4,3
15162,"interstellar absorption features",3,3
15163,"modified newtonian gravity",3,3
15164,"general relativistic extension",3,3
15165,"central surface brightness profile",4,3
15166,"few myr old",3,3
15167,"galactic microquasar",2,3
15168,"helium like",2,3
15169,"minor axes",2,3
15170,"interstellar absorption lines",3,3
15171,"old globular cluster",3,3
15172,"clump mass",2,3
15173,"fir luminosities",2,3
15174,"uc hii regions",3,3
15175,"magnetohydrodynamic mhd simulations",3,3
15176,"redshift survey vi",3,3
15177,"lyman continuum photons",3,3
15178,"star formation rate sfr",4,3
15179,"angular power law",3,3
15180,"rotation powered",2,3
15181,"multi site",2,3
15182,"core collapse supernova explosions",4,3
15183,"slow roll",2,3
15184,"globular cluster m5",3,3
15185,"ionized plasma",2,3
15186,"velocity tail",2,3
15187,"compton cooling",2,3
15188,"mildly relativistic electrons",3,3
15189,"synchrotron radiation field",3,3
15190,"temperatures kt kev",3,3
15191,"third post",2,3
15192,"open cluster members",3,3
15193,"gravitational back",2,3
15194,"synchrotron nebula",2,3
15195,"earth telescope",2,3
15196,"asymptotic form factors",3,3
15197,"gamma ray burst grb afterglows",5,3
15198,"turbulent state",2,3
15199,"ray emission line seyfert",4,3
15200,"dust free",2,3
15201,"spiral galaxy groups",3,3
15202,"cherenkov detector",2,3
15203,"adaptive mesh refinement",3,3
15204,"broadly consistent",2,3
15205,"galaxy ic",2,3
15206,"special astrophysical observatory",3,3
15207,"wd mass",2,3
15208,"low density nh",3,3
15209,"keplerian rotation",2,3
15210,"resonance lines",2,3
15211,"minimum mass fraction",3,3
15212,"inversion layers",2,3
15213,"remaining five",2,3
15214,"binary systems containing",3,3
15215,"supermassive black body",3,3
15216,"zero redshift",2,3
15217,"photon flux",2,3
15218,"mass donor",2,3
15219,"accreting white dwarf",3,3
15220,"metallicity gradients",2,3
15221,"temperature ts",2,3
15222,"soft photons emitted",3,3
15223,"primary cosmic ray spectra",4,3
15224,"underlying stellar mass",3,3
15225,"rxte pca data",3,3
15226,"balmer line",2,3
15227,"assumed distance modulus",3,3
15228,"circumburst medium",2,3
15229,"chandra observations spanning",3,3
15230,"baryonic dark matter halos",4,3
15231,"damped lyman alpha absorbers",4,3
15232,"survey emss",2,3
15233,"circular orbits around",3,3
15234,"poloidal magnetic field",3,3
15235,"circumstellar envelope",2,3
15236,"cern large area",3,3
15237,"compact dwarf",2,3
15238,"slit spectroscopy",2,3
15239,"semimajor axis",2,3
15240,"radio surveys",2,3
15241,"extended emission lines",3,3
15242,"energy density profiles",3,3
15243,"partially ionized",2,3
15244,"seyfert 1s",2,3
15245,"evolutionary synthesis",2,3
15246,"emission line profiles",3,3
15247,"cdm models predict",3,3
15248,"gravitational radiation generated",3,3
15249,"stellar mass ratios",3,3
15250,"surface brightnesses",2,3
15251,"effect sze",2,3
15252,"large scale structure constant",4,3
15253,"herbig haro",2,3
15254,"clear physical conditions",3,3
15255,"specific angular",2,3
15256,"rich disk",2,3
15257,"planetary nebula ngc",3,3
15258,"long wavelength spectrometer",3,3
15259,"intraday variability",2,3
15260,"total flux densities",3,3
15261,"dwarf companion star",3,3
15262,"bi polar",2,3
15263,"spiral galaxy types",3,3
15264,"imaging cherenkov detector",3,3
15265,"extragalactic gamma ray sources",4,3
15266,"galaxy 3c",2,3
15267,"hubble space telescope compact",4,3
15268,"single brane cosmology",3,3
15269,"cohomology rings",2,3
15270,"gordon model",2,3
15271,"flag manifolds",2,3
15272,"positively curved manifold",3,3
15273,"mixed hodge",2,3
15274,"exponentially small scale",3,3
15275,"compact connected components",3,3
15276,"heun equation",2,3
15277,"calogero moser system",3,3
15278,"lie algebroids",2,3
15279,"reconstruction theorem",2,3
15280,"lie bialgebras",2,3
15281,"volume preserving diffeomorphisms",3,3
15282,"characteristic polynomial ring",3,3
15283,"non hyperelliptic curve",3,3
15284,"nilpotent lie algebra",3,3
15285,"free sheaves",2,3
15286,"dirac neutrino oscillations",3,3
15287,"space time scale factor",4,3
15288,"angular momentum conservation law",4,3
15289,"long time evolutions",3,3
15290,"exact solution generating technique",4,3
15291,"infinite dimensional spacetime",3,3
15292,"time ordered products",3,3
15293,"non inertial frames",3,3
15294,"spin foam models",3,3
15295,"manifestly gauge invariant",3,3
15296,"friedmann robertson",2,3
15297,"charged black holes",3,3
15298,"time asymptotics",2,3
15299,"order parameter regimes",3,3
15300,"baryon antibaryon",2,3
15301,"quasiparticle random phase approximation",4,3
15302,"smoluchowski equation",2,3
15303,"closed form factors",3,3
15304,"hfb calculations",2,3
15305,"dense quark gluon",3,3
15306,"e2 transition strengths",3,3
15307,"lowest energy levels",3,3
15308,"pairing interaction strength",3,3
15309,"statistical multifragmentation",2,3
15310,"atomic hydrogen atom",3,3
15311,"uniform electric",2,3
15312,"next linear accelerator",3,3
15313,"magneto optical trap loss rates",5,3
15314,"multiple scattering length",3,3
15315,"red shifted",2,3
15316,"zero point sources",3,3
15317,"hydrodynamic turbulence",2,3
15318,"photon noise",2,3
15319,"experimental confirmation",2,3
15320,"group sp",2,3
15321,"projective modules over",3,3
15322,"non perturbative series",3,3
15323,"quantum communication channels",3,3
15324,"severely constrained",2,3
15325,"schroedinger operator",2,3
15326,"simply connected planar",3,3
15327,"numerical solutions describing",3,3
15328,"knizhnik zamolodchikov equation",3,3
15329,"size scaling properties",3,3
15330,"kp hierarchies",2,3
15331,"ideal fluid mechanics",3,3
15332,"solitary wave",2,3
15333,"proton synchrotron",2,3
15334,"quark yukawa",2,3
15335,"hundred gev",2,3
15336,"baseline length",2,3
15337,"ahler potential",2,3
15338,"avoided level",2,3
15339,"kaluza klein graviton",3,3
15340,"vacuum polarisation",2,3
15341,"two photon colliders",3,3
15342,"self tuning solution",3,3
15343,"differential decay width",3,3
15344,"abelian higgs condensate",3,3
15345,"neutralino dark",2,3
15346,"stress energy density",3,3
15347,"gauge mediated supersymmetry",3,3
15348,"kk gravitons",2,3
15349,"transversity distribution",2,3
15350,"longitudinally polarized photons",3,3
15351,"dirac neutrino mixing angles",4,3
15352,"low energy input parameters",4,3
15353,"following branching ratio",3,3
15354,"tilde nu tau",3,3
15355,"electron positron pair production",4,3
15356,"first order nlo",3,3
15357,"meson electroproduction",2,3
15358,"pseudo scalar fields",3,3
15359,"parity nonconservation",2,3
15360,"mit bag",2,3
15361,"light higgs doublet",3,3
15362,"quasi two photon",3,3
15363,"chiral lagrangian approach",3,3
15364,"g-2 anomaly",2,3
15365,"hadronic vacuum energy",3,3
15366,"kaluza klein gravitons",3,3
15367,"tau lepton sector",3,3
15368,"heavy quarkonium states",3,3
15369,"double exchange processes",3,3
15370,"forward scattering amplitudes",3,3
15371,"cp problem",2,3
15372,"su grand unified",3,3
15373,"ms bar nu",3,3
15374,"landau gauge coupling",3,3
15375,"pseudo scalar meson",3,3
15376,"simplified model prediction",3,3
15377,"pseudo spin triplet",3,3
15378,"two flavour violation",3,3
15379,"proton decay modes",3,3
15380,"form factors nu bar",4,3
15381,"longitudinal spin polarized",3,3
15382,"strange quark confinement",3,3
15383,"longitudinal momentum distribution function",4,3
15384,"weak mixing parameter",3,3
15385,"solar neutrino mass",3,3
15386,"phase transition rates",3,3
15387,"angle theta pi",3,3
15388,"flavour symmetry",2,3
15389,"indirect cp asymmetry",3,3
15390,"flavor violating processes",3,3
15391,"exclusive rare",2,3
15392,"heavy fermion masses",3,3
15393,"twist three nucleon",3,3
15394,"strange quark gluon plasma",4,3
15395,"second riemann",2,3
15396,"non relativistic treatment",3,3
15397,"internal symmetry groups",3,3
15398,"ii string theory",3,3
15399,"adiabatic vacuum",2,3
15400,"target space time",3,3
15401,"giving strong",2,3
15402,"light cone gauge fields",4,3
15403,"compute exactly solvable",3,3
15404,"weyl group flow",3,3
15405,"brane configuration space",3,3
15406,"susy ward identity",3,3
15407,"brst charge",2,3
15408,"finite dimensional regularization",3,3
15409,"critical discussion",2,3
15410,"spin holonomy",2,3
15411,"asymptotically locally supersymmetric",3,3
15412,"non compact riemannian manifolds",4,3
15413,"weyl anomaly",2,3
15414,"iib supergravity solution",3,3
15415,"sigma model independent",3,3
15416,"reversal invariance",2,3
15417,"tsallis statistics",2,3
15418,"time span",2,3
15419,"coxeter number",2,3
15420,"post inflationary",2,3
15421,"homogeneous sine",2,3
15422,"discretized light cone quantization",4,3
15423,"configuration space time dependent",4,3
15424,"gauge field strengths",3,3
15425,"non zero frequency",3,3
15426,"vanishing cosmological",2,3
15427,"electromagnetic field strength",3,3
15428,"fifth force",2,3
15429,"non equilibrium configuration",3,3
15430,"maximal entropy",2,3
15431,"binary pulsar",2,3
15432,"cp violating processes",3,3
15433,"photon virtualities",2,3
15434,"compactified spatial dimensions",3,3
15435,"orbitally excited states",3,3
15436,"ckm unitarity triangle",3,3
15437,"branching fraction br",3,3
15438,"branching fraction br gamma",4,3
15439,"four fermion pair production",4,3
15440,"antiquark pairs",2,3
15441,"free energy distribution function",4,3
15442,"ginsparg wilson fermions",3,3
15443,"flavor transformation",2,3
15444,"dynamical staggered fermions",3,3
15445,"improved wilson fermions",3,3
15446,"spatial dispersion relation",3,3
15447,"flavour structure functions",3,3
15448,"trapped bose",2,3
15449,"finite precision measurements",3,3
15450,"field theoretic description",3,3
15451,"quantum cascade",2,3
15452,"coherent state tomography",3,3
15453,"database search algorithm",3,3
15454,"environment induced decoherence",3,3
15455,"local realistic theories",3,3
15456,"two photon imaging",3,3
15457,"atom cavity mode",3,3
15458,"feedback control systems",3,3
15459,"fault tolerant",2,3
15460,"quantum circuit",2,3
15461,"quantum information transmission through",4,3
15462,"high fidelity",2,3
15463,"two photon exchange",3,3
15464,"t2 z2 orbifold",3,3
15465,"canonical transformation properties",3,3
15466,"physical parameters e.g",3,3
15467,"greenberger horne zeilinger ghz states",5,3
15468,"spinless fermions",2,3
15469,"airy equation",2,3
15470,"linear schr odinger",3,3
15471,"nuclear magnetic resonance nmr quantum computer",6,3
15472,"homogeneous bose einstein condensate",4,3
15473,"squeezed vacuum state",3,3
15474,"highly entangled states",3,3
15475,"decoherence free subspace",3,3
15476,"passed through",2,3
15477,"inverse scattering length",3,3
15478,"dynamical casimir effect",3,3
15479,"avoided level crossing",3,3
15480,"stochastic differential",2,3
15481,"readily available",2,3
15482,"ising chain",2,3
15483,"quantum information transmission",3,3
15484,"raman scattering processes",3,3
15485,"kolmogorov sinai entropy",3,3
15486,"low temperature independent",3,3
15487,"angular momentum transfer",3,3
15488,"continuous unitary transformation",3,3
15489,"bipartite mixed states",3,3
15490,"dimensional subspace",2,3
15491,"laser diodes",2,3
15492,"resonance force microscopy",3,3
15493,"non linear optics",3,3
15494,"integer quantum mechanics",3,3
15495,"two photon self",3,3
15496,"classically chaotic behavior",3,3
15497,"three dimensional subspaces",3,3
15498,"hilbert schmidt",2,3
15499,"second order unity",3,3
15500,"momentum conservation laws",3,3
15501,"counter propagating",2,3
15502,"gamma ray scattering",3,3
15503,"fully polarized",2,3
15504,"pilot wave",2,3
15505,"dirac quantization scheme",3,3
15506,"single photon statistics",3,3
15507,"nuclear fusion reactions",3,3
15508,"beam lithography",2,3
15509,"external electric field",3,3
15510,"podolsky rosen epr paradox",4,3
15511,"feedback control",2,3
15512,"separable hilbert spaces",3,3
15513,"periodic table",2,3
15514,"physical reason",2,3
15515,"counter rotating",2,3
15516,"zero frequency range",3,3
15517,"einstein hilbert space",3,3
15518,"adjoint operator",2,3
15519,"internal energy levels",3,3
15520,"external driving parameter",3,3
15521,"quantum fluctuation dissipation relation",4,3
15522,"time consequently",2,3
15523,"relaxation time scale",3,3
15524,"real valued functions",3,3
15525,"time consuming",2,3
15526,"natural language modeling",3,3
15527,"machine learning methods",3,3
15528,"first order logic programs",4,3
15529,"service providers",2,3
15530,"error bounds",2,3
15531,"non uniformity",2,3
15532,"tightly coupled",2,3
15533,"existing data mining",3,3
15534,"distance indicators",2,3
15535,"unknown functions",2,3
15536,"word error rate",3,3
15537,"shared memory",2,3
15538,"semantic information",2,3
15539,"intellectual property",2,3
15540,"transit time",2,3
15541,"median value",2,3
15542,"improved theoretical models",3,3
15543,"partial differential geometry",3,3
15544,"computing devices",2,3
15545,"request broker",2,3
15546,"magnet power supply",3,3
15547,"minimum mass function",3,3
15548,"mathematical model building",3,3
15549,"consistent approximations",2,3
15550,"square triangular lattices",3,3
15551,"noncommutative chern character",3,3
15552,"hyperbolic structure function",3,3
15553,"higgs self dual",3,3
15554,"operator product expansions",3,3
15555,"compact riemann",2,3
15556,"band gap delta",3,3
15557,"cotangent bundles",2,3
15558,"left invariant",2,3
15559,"symmetry groups acting",3,3
15560,"window functions",2,3
15561,"time window",2,3
15562,"infrared background radiation",3,3
15563,"massless scalar field theories",4,3
15564,"darboux transformation",2,3
15565,"gradient expansion",2,3
15566,"algebra uq hat",3,3
15567,"gibbs free",2,3
15568,"majorana neutrino",2,3
15569,"topologically nontrivial",2,3
15570,"square integrable systems",3,3
15571,"hahn polynomials",2,3
15572,"van alphen",2,3
15573,"vector bundle over",3,3
15574,"compact riemannian manifold",3,3
15575,"vlasov equations",2,3
15576,"euler lagrange equations",3,3
15577,"verma modules over",3,3
15578,"vacuum energy distributions",3,3
15579,"completely independent variables",3,3
15580,"weakly interacting bosons",3,3
15581,"zero bias conductance peak zbcp",5,3
15582,"strongly modulated",2,3
15583,"nearest neighbor ising model",4,3
15584,"world graphs",2,3
15585,"quantum hall transitions",3,3
15586,"superconducting transition temperature superconductors",4,3
15587,"radiative transfer rates",3,3
15588,"oxide superconductors",2,3
15589,"short coherence length",3,3
15590,"point like ions",3,3
15591,"atoms per unit cell",4,3
15592,"magneto optical mo",3,3
15593,"nmr data",2,3
15594,"scattering rates",2,3
15595,"smooth random potential",3,3
15596,"spin susceptibility chi",3,3
15597,"rashba spin orbit coupling",4,3
15598,"charge neutrality",2,3
15599,"epitaxial mgb2 films",3,3
15600,"interacting fermion",2,3
15601,"component bose",2,3
15602,"charge imbalance",2,3
15603,"interlayer phase transition",3,3
15604,"fragile glass",2,3
15605,"temperature tg",2,3
15606,"resonating valence bond",3,3
15607,"electron hole excitations",3,3
15608,"semiconductor quantum information processing",4,3
15609,"random pinning",2,3
15610,"weak localization length",3,3
15611,"vortex lattices",2,3
15612,"photoelectron spectroscopy",2,3
15613,"fractionally charged",2,3
15614,"low energy bands",3,3
15615,"band structure formation",3,3
15616,"vortex liquid",2,3
15617,"transverse acoustic",2,3
15618,"dense molecular hydrogen",3,3
15619,"fermi energy density functional",4,3
15620,"atomic force microscope",3,3
15621,"face centered cubic lattice",4,3
15622,"step relaxation",2,3
15623,"spin density wave superconductor",4,3
15624,"electromagnetic waves propagating",3,3
15625,"glass like",2,3
15626,"resonant excitation spectrum",3,3
15627,"spatial coordinate representation",3,3
15628,"wave pairing interaction",3,3
15629,"glass transition temperature tg",4,3
15630,"driven vortex dynamics",3,3
15631,"liquid vapor",2,3
15632,"sharp superconducting properties",3,3
15633,"under doped samples",3,3
15634,"electron microscopy",2,3
15635,"photoemission data",2,3
15636,"trapped bose condensed gases",4,3
15637,"high frequency shifts",3,3
15638,"driven vortex state",3,3
15639,"non gaussian noises",3,3
15640,"free energy loss",3,3
15641,"viable alternative",2,3
15642,"spin density wave superconductivity",4,3
15643,"perpendicular magnetic field hc2",4,3
15644,"incidence angle",2,3
15645,"current density matrix",3,3
15646,"melting temperature",2,3
15647,"bilayer quantum hall",3,3
15648,"upper critical dimension",3,3
15649,"two dimensional electron gas 2deg",5,3
15650,"real time evolution equations",4,3
15651,"al cond",2,3
15652,"microscopy stm",2,3
15653,"activation energy",2,3
15654,"vortex glass phase",3,3
15655,"conduction band structure",3,3
15656,"pancake vortices",2,3
15657,"random bond disorder",3,3
15658,"layered crystal",2,3
15659,"ni zn fe",3,3
15660,"layered superconductor kappa bedt ttf",5,3
15661,"infrared fixed",2,3
15662,"exponent beta functions",3,3
15663,"poor man",2,3
15664,"highly ordered",2,3
15665,"critical temperature independent",3,3
15666,"heavily doped gaas",3,3
15667,"channel kondo effect",3,3
15668,"dynamic range interactions",3,3
15669,"dislocation dynamics simulations",3,3
15670,"lateral distribution",2,3
15671,"persistence exponent theta",3,3
15672,"monoclinic phase transition",3,3
15673,"total energy density functional",4,3
15674,"dense molecular dynamics",3,3
15675,"brownian dynamics simulations",3,3
15676,"charge ordered insulating",3,3
15677,"real time interval",3,3
15678,"nuclear spin susceptibility",3,3
15679,"mgb thin film",3,3
15680,"binding energy levels",3,3
15681,"three dimensional xy model",4,3
15682,"noble metals",2,3
15683,"two step like",3,3
15684,"metallic clusters",2,3
15685,"characteristic length scales",3,3
15686,"universal amplitude ratios",3,3
15687,"el temperature",2,3
15688,"xxz spin",2,3
15689,"magnetization plateaus",2,3
15690,"single vortex line",3,3
15691,"hurst exponent",2,3
15692,"scanning tunneling microscope stm",4,3
15693,"rich phenomenology",2,3
15694,"binary trees",2,3
15695,"microwave surface",2,3
15696,"pinning centers",2,3
15697,"spin density wave sdw",4,3
15698,"repulsive core",2,3
15699,"porous medium",2,3
15700,"granular matter",2,3
15701,"kondo resonances",2,3
15702,"finite dimensional hubbard model",4,3
15703,"kondo lattices",2,3
15704,"mean field theory dmft",4,3
15705,"tomonaga luttinger liquid",3,3
15706,"low mass gap",3,3
15707,"random resistor networks",3,3
15708,"non local moment",3,3
15709,"spin injection",2,3
15710,"third harmonic generation",3,3
15711,"scale structure function",3,3
15712,"phase transition mit",3,3
15713,"coulomb blockade peaks",3,3
15714,"scale structure factor",3,3
15715,"paramagnetic susceptibility chi",3,3
15716,"external electric fields",3,3
15717,"annni model",2,3
15718,"pair correlation function",3,3
15719,"two dimensional electron gas confined",5,3
15720,"energy gaps",2,3
15721,"direct numerical solutions",3,3
15722,"auto correlation function",3,3
15723,"real rank",2,3
15724,"hodge structures",2,3
15725,"outer automorphism",2,3
15726,"elliptic surfaces",2,3
15727,"contact manifold",2,3
15728,"generalized heisenberg group",3,3
15729,"properly normalized",2,3
15730,"free subspace",2,3
15731,"exponential convergence rate",3,3
15732,"kac moody",2,3
15733,"zariski dense subset",3,3
15734,"quantum cohomology ring",3,3
15735,"over s2",2,3
15736,"compact connected component",3,3
15737,"asymptotically hyperbolic metric",3,3
15738,"chow group",2,3
15739,"perron frobenius theorem",3,3
15740,"ray singer",2,3
15741,"flag varieties",2,3
15742,"kaehler manifolds",2,3
15743,"brownian motions",2,3
15744,"self dual description",3,3
15745,"weight modules",2,3
15746,"left invariant under",3,3
15747,"avoided crossings",2,3
15748,"negative schwarzian derivative",3,3
15749,"configuration spaces",2,3
15750,"frobenius schur algebras",3,3
15751,"model independent proof",3,3
15752,"semisimple hopf algebras",3,3
15753,"finite dimensional hilbert space",4,3
15754,"non abelian varieties",3,3
15755,"cone sum",2,3
15756,"higgs bundles over",3,3
15757,"sinai entropy",2,3
15758,"wider class",2,3
15759,"core collapse supernovae sne",4,3
15760,"resolution echelle spectra",3,3
15761,"dwarf binaries",2,3
15762,"scientific flight",2,3
15763,"long baseline interferometry",3,3
15764,"early type ia supernovae",4,3
15765,"tensor perturbations generated",3,3
15766,"qpo frequency",2,3
15767,"double lined spectroscopic binaries",4,3
15768,"singular isothermal spheres",3,3
15769,"low temperature kt kev",4,3
15770,"gamma ray luminosity",3,3
15771,"cd galaxy clusters",3,3
15772,"normal elliptical galaxies",3,3
15773,"distribution sed",2,3
15774,"iron kalpha",2,3
15775,"seyfert activity",2,3
15776,"orbital inclinations",2,3
15777,"highest energy spectrum",3,3
15778,"radio emission lines",3,3
15779,"clusters gcs",2,3
15780,"free floating",2,3
15781,"emergent spectrum",2,3
15782,"local starburst galaxies",3,3
15783,"resonance line profiles",3,3
15784,"dwarf companions",2,3
15785,"high inclination",2,3
15786,"scalar curvature perturbation",3,3
15787,"neutral gas poor",3,3
15788,"intrinsic absorption systems",3,3
15789,"hydrogen like ions",3,3
15790,"synchrotron self energy range",4,3
15791,"galactic globular cluster systems",4,3
15792,"extending down",2,3
15793,"slowed down",2,3
15794,"nebular line",2,3
15795,"circumstellar dust grains",3,3
15796,"young supernova remnant",3,3
15797,"obscuring torus",2,3
15798,"intermediate redshift range",3,3
15799,"hertzsprung russell",2,3
15800,"standard friedmann",2,3
15801,"purely geometrical",2,3
15802,"red clump stars",3,3
15803,"squared difference",2,3
15804,"continuum emission line widths",4,3
15805,"old open cluster members",4,3
15806,"non local density",3,3
15807,"linear stability criterion",3,3
15808,"large scale diffuse",3,3
15809,"multi frequency vla",3,3
15810,"luminosity segregation",2,3
15811,"soft gamma ray repeaters sgrs",5,3
15812,"peculiar velocity",2,3
15813,"law slope",2,3
15814,"chi2 test",2,3
15815,"sub degree angular scales",4,3
15816,"index gamma ray",3,3
15817,"parker instability",2,3
15818,"massive black hole bh",4,3
15819,"vela pulsar wind nebula",4,3
15820,"hot white dwarf companion star",5,3
15821,"ultra high energy range",4,3
15822,"band filters",2,3
15823,"broad line seyfert galaxies",4,3
15824,"starburst phase",2,3
15825,"continuum emission line",3,3
15826,"spectral slope",2,3
15827,"cmb data sets",3,3
15828,"non rotating neutron stars",4,3
15829,"diffuse interstellar gas",3,3
15830,"surface brightness lsb galaxies",4,3
15831,"color profiles",2,3
15832,"extended gaseous envelopes",3,3
15833,"3d black hole",3,3
15834,"high resolution echelle",3,3
15835,"brightness ratio",2,3
15836,"adaptive optics imaging",3,3
15837,"collapse supernovae",2,3
15838,"intrinsic absorption line",3,3
15839,"sne ia supernova sn",4,3
15840,"low energy barrier",3,3
15841,"pulsed fraction",2,3
15842,"conference summary talk",3,3
15843,"dark energy range",3,3
15844,"rotating neutron",2,3
15845,"adiabatic index",2,3
15846,"multiple andreev reflections",3,3
15847,"magnetization plateau",2,3
15848,"left handed materials",3,3
15849,"total energy distributions",3,3
15850,"resolution angle",2,3
15851,"standard bcs",2,3
15852,"poisson boltzmann equation",3,3
15853,"low energy landscape",3,3
15854,"shot noise ratio",3,3
15855,"intermediate valence",2,3
15856,"periodic anderson",2,3
15857,"small scale free networks",4,3
15858,"internal structure functions",3,3
15859,"dephasing rate",2,3
15860,"renormalization group rg analysis",4,3
15861,"condensed phase transitions",3,3
15862,"complex ginzburg landau equations",4,3
15863,"charge ordered manganite",3,3
15864,"ca mno",2,3
15865,"proper time dependence",3,3
15866,"kondo problem",2,3
15867,"functional form factor",3,3
15868,"critical exponents nu",3,3
15869,"auger electron",2,3
15870,"transition temperature independent",3,3
15871,"stacked triangular lattice",3,3
15872,"long time intervals",3,3
15873,"non perturbative regime",3,3
15874,"interchain interactions",2,3
15875,"isothermal magnetization",2,3
15876,"spun up",2,3
15877,"circular orbit scattering",3,3
15878,"harmonically trapped bose einstein condensate",5,3
15879,"doped c60",2,3
15880,"optical conductivity sigma omega",4,3
15881,"quasiclassical limit",2,3
15882,"uniform magnetic field strength",4,3
15883,"valence band gap",3,3
15884,"bilayer quantum hall effect",4,3
15885,"spin polarization properties",3,3
15886,"time dependent ginzburg landau equation",5,3
15887,"dynamic critical point",3,3
15888,"decreasing temperature tc",3,3
15889,"spontaneously broken up",3,3
15890,"critical current ic",3,3
15891,"solitary wave equation",3,3
15892,"partially quenched",2,3
15893,"dynamical mean field theory dmft",5,3
15894,"multiplicative noise",2,3
15895,"superfluid turbulence",2,3
15896,"replica trick",2,3
15897,"frequency shot noise",3,3
15898,"regular lattices",2,3
15899,"electron phonon mediated",3,3
15900,"layered superconductor insulator",3,3
15901,"nonlinear response function",3,3
15902,"functional derivatives",2,3
15903,"phase lag",2,3
15904,"weak coupling bcs model",4,3
15905,"narrow band structure",3,3
15906,"existing theoretical framework",3,3
15907,"non diagonal disorder",3,3
15908,"logarithmic conformal field theory",4,3
15909,"nuclear spin echo",3,3
15910,"lattice relaxation time t1",4,3
15911,"critical behaviour near",3,3
15912,"self sustained",2,3
15913,"sequential tunneling current",3,3
15914,"fokker planck equation describing",4,3
15915,"trap loss",2,3
15916,"sign matrices",2,3
15917,"microwave surface impedance zs",4,3
15918,"wave vector fields",3,3
15919,"thermal averages",2,3
15920,"em ab initio molecular dynamics",5,3
15921,"communication channel",2,3
15922,"topological soliton solution",3,3
15923,"scale invariance property",3,3
15924,"isotropic lattices",2,3
15925,"intrinsic josephson junction",3,3
15926,"characteristic zero point",3,3
15927,"double stranded",2,3
15928,"glassy behavior",2,3
15929,"co existing",2,3
15930,"total number conservation",3,3
15931,"spherical cavity",2,3
15932,"whole range accessible",3,3
15933,"lambda he",2,3
15934,"free electron densities",3,3
15935,"angular velocity field theory",4,3
15936,"phase coherence length",3,3
15937,"magnetotransport properties",2,3
15938,"critical exponent beta function",4,3
15939,"rashba spin",2,3
15940,"length scale free networks",4,3
15941,"optical dipole moment",3,3
15942,"local density matrix",3,3
15943,"fixed point correlation function",4,3
15944,"fractional diffusion equation",3,3
15945,"three dimensional edwards anderson ising",5,3
15946,"checkerboard lattice",2,3
15947,"avoiding walks",2,3
15948,"spontaneous formation",2,3
15949,"temperature jump",2,3
15950,"specific heat current",3,3
15951,"average transverse",2,3
15952,"3nb2 o3",2,3
15953,"fitting experimental data",3,3
15954,"sharp cutoff",2,3
15955,"lightly doped",2,3
15956,"emerge naturally",2,3
15957,"mott hubbard",2,3
15958,"semiconductor quantum wires",3,3
15959,"anomalous hall systems",3,3
15960,"negatively charged excitons",3,3
15961,"cooled down",2,3
15962,"non linear response functions",4,3
15963,"angle theta term",3,3
15964,"spin polarized neutron",3,3
15965,"nonequilibrium thermodynamics",2,3
15966,"hall coefficient",2,3
15967,"gradient corrected",2,3
15968,"space time delays",3,3
15969,"finite difference equations",3,3
15970,"stick slip motion",3,3
15971,"hartree fock bogoliubov theory",4,3
15972,"single domain wall",3,3
15973,"simplest explanation",2,3
15974,"paramagnetic resonance esr",3,3
15975,"dynamic heterogeneity",2,3
15976,"fully self consistently",3,3
15977,"fermion condensation",2,3
15978,"specific heats",2,3
15979,"order parameter kappa",3,3
15980,"particle hydrodynamics",2,3
15981,"structural distortion",2,3
15982,"small angle theta",3,3
15983,"dc josephson current",3,3
15984,"axial symmetry breaking",3,3
15985,"nearest neighbor spacing distribution",4,3
15986,"square displacement",2,3
15987,"co rotating",2,3
15988,"gauge group actions",3,3
15989,"non vanishing theorem",3,3
15990,"fundamental group actions",3,3
15991,"invent math",2,3
15992,"compact riemann surfaces",3,3
15993,"symmetric hyperbolic plane",3,3
15994,"quasi projective",2,3
15995,"universal enveloping algebras",3,3
15996,"spectral index formula",3,3
15997,"rational cohomology",2,3
15998,"asymmetric drift",2,3
15999,"complex projective line bundle",4,3
16000,"semi stable bundles over",4,3
16001,"mean value problem",3,3
16002,"pressure gradient",2,3
16003,"schwarzian derivative",2,3
16004,"deformation parameter space",3,3
16005,"totally skew",2,3
16006,"two sublattices",2,3
16007,"delay differential equations",3,3
16008,"first order parameter family",4,3
16009,"feedback loops",2,3
16010,"inner products",2,3
16011,"parameter space spanned",3,3
16012,"galois action",2,3
16013,"waves emitted",2,3
16014,"confusion noise",2,3
16015,"stochastic gravitational wave",3,3
16016,"diffeomorphism invariant under",3,3
16017,"cosmological perturbations generated",3,3
16018,"ads schwarzschild",2,3
16019,"charge distribution function",3,3
16020,"local lorentz invariance",3,3
16021,"4-dimensional effective",2,3
16022,"conformal killing vectors",3,3
16023,"quantum electrodynamic",2,3
16024,"single brane world",3,3
16025,"reduced einstein equations",3,3
16026,"angular momentum space time",4,3
16027,"multi soliton",2,3
16028,"theoretical foundations",2,3
16029,"curvature squared",2,3
16030,"gravitational field planetary",3,3
16031,"newtonian mechanics",2,3
16032,"5d vacuum einstein metrics",4,3
16033,"isolated horizon",2,3
16034,"de sitter spaces",3,3
16035,"graviton propagator",2,3
16036,"hairy black hole solutions",4,3
16037,"short bursts",2,3
16038,"spherical dust shell",3,3
16039,"flux tube like",3,3
16040,"spatial section",2,3
16041,"bulk viscous cosmological models",4,3
16042,"abelian gauge symmetry",3,3
16043,"gauge field phi",3,3
16044,"momentum vectors",2,3
16045,"event horizon geometry",3,3
16046,"term inflation",2,3
16047,"potential linearized",2,3
16048,"large scale invariant mass",4,3
16049,"positive cosmological term",3,3
16050,"accelerating expansion",2,3
16051,"low frequency dependent",3,3
16052,"expansion age",2,3
16053,"rarita schwinger",2,3
16054,"law component",2,3
16055,"bosonic string theory compactified",4,3
16056,"cosmological term proportional",3,3
16057,"ideas regarding",2,3
16058,"substantial amounts",2,3
16059,"expanding universe expands",3,3
16060,"extra spatial dimension",3,3
16061,"total angular momenta",3,3
16062,"dimensionless coupling constant",3,3
16063,"particle duality transformation",3,3
16064,"binary black hole masses",4,3
16065,"divergent series expansions",3,3
16066,"multipole moments",2,3
16067,"nearly spherical",2,3
16068,"surface brightness fluctuations",3,3
16069,"large class telescopes",3,3
16070,"virtual compton",2,3
16071,"iso sws observations",3,3
16072,"young stellar mass",3,3
16073,"equal mass fraction",3,3
16074,"mg al si",3,3
16075,"intergalactic medium icm",3,3
16076,"dust scattering",2,3
16077,"evolutionary history sfh",3,3
16078,"parameter omegam",2,3
16079,"ultra relativistic fireball",3,3
16080,"multiwavelength observations suggest",3,3
16081,"highly obscured",2,3
16082,"lyman alpha beta",3,3
16083,"reflex cluster",2,3
16084,"cosmic microwave background anisotropy parameter space",6,3
16085,"quasi periodic orbits",3,3
16086,"inverse compton process",3,3
16087,"stellar mass accretion rate",4,3
16088,"ni zn fe cr",4,3
16089,"higher spatial resolution",3,3
16090,"older stellar mass",3,3
16091,"narrow line seyfert",3,3
16092,"metal rich nature",3,3
16093,"sigma confidence",2,3
16094,"soft gamma ray pulsar",4,3
16095,"quiet qsos",2,3
16096,"radio quiet qsos",3,3
16097,"type ii supernovae sne ia",5,3
16098,"lynden bell",2,3
16099,"spherical shells",2,3
16100,"canada france",2,3
16101,"jet driven winds",3,3
16102,"cmb photons",2,3
16103,"few hours after",3,3
16104,"near ir surveys",3,3
16105,"star count",2,3
16106,"tidal force",2,3
16107,"large magellanic cloud lmc disk",5,3
16108,"rotation period",2,3
16109,"ia supernova",2,3
16110,"planck satellite galaxies",3,3
16111,"spheroidal galaxy",2,3
16112,"self regulated",2,3
16113,"roughly solar masses",3,3
16114,"brightness temperatures",2,3
16115,"gyr old ellipticals",3,3
16116,"sub critical current",3,3
16117,"positional coincidence",2,3
16118,"data acquired during",3,3
16119,"three active galaxies",3,3
16120,"irregular galaxy clusters",3,3
16121,"white dwarf wd mass",4,3
16122,"third dredge up",3,3
16123,"galactic dynamo",2,3
16124,"accreting black holes",3,3
16125,"belt objects",2,3
16126,"near infrared excess",3,3
16127,"critical value problem",3,3
16128,"white dwarf nova",3,3
16129,"imaging atmospheric cherenkov telescope",4,3
16130,"square radius",2,3
16131,"cluster medium sensitivity",3,3
16132,"highest redshift survey emss",4,3
16133,"galactic open",2,3
16134,"intermediate age metallicity",3,3
16135,"burning phase",2,3
16136,"thick disk",2,3
16137,"ly alpha emission lines",4,3
16138,"hubble deep field",3,3
16139,"large scale jets",3,3
16140,"las campanas distant",3,3
16141,"collecting area",2,3
16142,"spectral type ii",3,3
16143,"fundamental mode rr lyrae variables",5,3
16144,"gravitational lensing signal",3,3
16145,"total angular resolution",3,3
16146,"m81 group",2,3
16147,"hidden quasar",2,3
16148,"viewing angles",2,3
16149,"seyfert nuclei",2,3
16150,"navarro frenk",2,3
16151,"massive black hole masses",4,3
16152,"compton reflection",2,3
16153,"colour index",2,3
16154,"self interacting dark matter",4,3
16155,"supernova sn shell",3,3
16156,"bar nue nu tau",4,3
16157,"m31 globular cluster gc",4,3
16158,"velocity spread",2,3
16159,"short distance scales",3,3
16160,"short time scale",3,3
16161,"cdm theory",2,3
16162,"oii emission line",3,3
16163,"iron nuclei",2,3
16164,"narrow band images",3,3
16165,"maximum value problem",3,3
16166,"non detection limits",3,3
16167,"hi absorption features",3,3
16168,"high resolution element abundances",4,3
16169,"merger stage",2,3
16170,"compton scattered",2,3
16171,"si iii",2,3
16172,"type ii supernova explosion",4,3
16173,"inner core collapse",3,3
16174,"white dwarf nova outbursts",4,3
16175,"dimensional hilbert",2,3
16176,"triggered star formation",3,3
16177,"hi morphology",2,3
16178,"nuclear burning phase",3,3
16179,"xmm newton observations suggest",4,3
16180,"alpha line profile",3,3
16181,"rays uhecr",2,3
16182,"central concentration",2,3
16183,"intracluster medium icm",3,3
16184,"center gc",2,3
16185,"lyman beta",2,3
16186,"cosmic infrared",2,3
16187,"m1 m2 msun",3,3
16188,"massive progenitor",2,3
16189,"sn shell",2,3
16190,"non adiabatic expansion",3,3
16191,"virial equilibrium",2,3
16192,"non adiabatic perturbations",3,3
16193,"neutrinoless double beta decay rate",5,3
16194,"survey vi",2,3
16195,"spatially flat spectrum",3,3
16196,"galactic foreground contamination",3,3
16197,"highest redshift survey",3,3
16198,"massive cooling",2,3
16199,"highly ionized gas",3,3
16200,"mean age range",3,3
16201,"angular momentum distributions",3,3
16202,"accretion flows around",3,3
16203,"reverse shock front",3,3
16204,"observatory eso",2,3
16205,"bubble radius",2,3
16206,"blue compact dwarf galaxy sbs",5,3
16207,"escape velocity",2,3
16208,"orbital period luminosity",3,3
16209,"doppler boosting",2,3
16210,"deep mixing",2,3
16211,"large extra solar masses",4,3
16212,"few months",2,3
16213,"parameter alpha forest",3,3
16214,"ms chandra acis",3,3
16215,"quintessential inflation",2,3
16216,"projected rotational velocity",3,3
16217,"ir counterpart",2,3
16218,"open wilson",2,3
16219,"halo white dwarfs",3,3
16220,"entire galaxy",2,3
16221,"survey 2mass",2,3
16222,"acoustic peaks",2,3
16223,"william herschel",2,3
16224,"dust continuum emission lines",4,3
16225,"hst stis observations",3,3
16226,"ray timing",2,3
16227,"atmospheric cherenkov",2,3
16228,"standard model ssm",3,3
16229,"compton ssc",2,3
16230,"axisymmetric structure",2,3
16231,"bipolar planetary nebulae pne",4,3
16232,"highly polarized",2,3
16233,"surface brightness distribution function",4,3
16234,"hubble deep hst wfpc2",4,3
16235,"recurrent nova",2,3
16236,"orbital period distribution",3,3
16237,"mm surveys",2,3
16238,"astrometric microlensing events",3,3
16239,"giant flare",2,3
16240,"interacting dark",2,3
16241,"obscured star formation",3,3
16242,"faint end slope alpha",4,3
16243,"andromeda galaxy",2,3
16244,"galaxy ngc group",3,3
16245,"small angular resolution",3,3
16246,"thermal sunyaev zel dovich",4,3
16247,"angular correlation functions",3,3
16248,"blue variable stars",3,3
16249,"periastron passage",2,3
16250,"per cc",2,3
16251,"inner jet",2,3
16252,"small magellanic",2,3
16253,"sagittarius dwarf spheroidal galaxy",4,3
16254,"virial temperature",2,3
16255,"microwave background anisotropies",3,3
16256,"profound effect",2,3
16257,"rest frame uv spectra",4,3
16258,"hot big bang cosmology",4,3
16259,"accretion disk wind velocity",4,3
16260,"galaxies bcgs",2,3
16261,"polycyclic aromatic hydrocarbon pah",4,3
16262,"angular clustering",2,3
16263,"velocity differences",2,3
16264,"distant cluster members",3,3
16265,"simple analytical predictions",3,3
16266,"dimensional hydrodynamical",2,3
16267,"dimensional ising",2,3
16268,"percolation threshold pc",3,3
16269,"interaction strength distributions",3,3
16270,"boussinesq equations",2,3
16271,"conductivity sigma dt",3,3
16272,"peak dip hump",3,3
16273,"nematic liquid crystals",3,3
16274,"diffraction pattern",2,3
16275,"multifractal analysis",2,3
16276,"two dimensional electron phonon interaction",5,3
16277,"particle production rate",3,3
16278,"roughening transition",2,3
16279,"symmetry enhancement",2,3
16280,"absorption edges",2,3
16281,"inverse participation ratios",3,3
16282,"proper time evolution",3,3
16283,"non linear sigma omega",4,3
16284,"antiferromagnetic af state",3,3
16285,"feynman path integral formulation",4,3
16286,"persistence exponent",2,3
16287,"time scale structure",3,3
16288,"resonance line broadening",3,3
16289,"half integer spin",3,3
16290,"tapping dynamics",2,3
16291,"low energy barriers",3,3
16292,"discrete sine gordon model",4,3
16293,"momentum transfer squared",3,3
16294,"local density functional theory dft",5,3
16295,"sigma level spacing",3,3
16296,"phase transition occurs near",4,3
16297,"numerical renormalization scheme",3,3
16298,"available today",2,3
16299,"net magnetic field",3,3
16300,"model building up",3,3
16301,"deformed nucleus",2,3
16302,"inter landau level",3,3
16303,"factorization hypothesis",2,3
16304,"dissipation ratio",2,3
16305,"peak positions",2,3
16306,"diverges logarithmically",2,3
16307,"maxwell boltzmann",2,3
16308,"intrinsic polarization",2,3
16309,"high quality factors",3,3
16310,"pi pi0 nu tau",4,3
16311,"event shape observables",3,3
16312,"lightest neutral",2,3
16313,"mssm parameter",2,3
16314,"isgur wise form factor",4,3
16315,"nuclear transparency",2,3
16316,"following branching fractions",3,3
16317,"cp eigenstates",2,3
16318,"leptonic decay constant",3,3
16319,"meson lifetimes",2,3
16320,"total angular distribution",3,3
16321,"b0-anti b0 psi 2s k0s",5,3
16322,"quark mass ratio",3,3
16323,"quark antiquark pairs",3,3
16324,"dimensionless coupling constants",3,3
16325,"multi soliton solutions",3,3
16326,"trivial dependence",2,3
16327,"dispersionless kp",2,3
16328,"periodic signal",2,3
16329,"three dimensional reduction",3,3
16330,"order parameter sets",3,3
16331,"high energy input",3,3
16332,"stringent constraint",2,3
16333,"missing transverse momentum",3,3
16334,"neutral current cc",3,3
16335,"dijet cross sections",3,3
16336,"decay width difference",3,3
16337,"semi exclusive",2,3
16338,"positron collider",2,3
16339,"proton beam energies",3,3
16340,"three jet production",3,3
16341,"energy released",2,3
16342,"toroidal magnetic flux",3,3
16343,"diffractive vector mesons",3,3
16344,"neutrino beams",2,3
16345,"susy particle production",3,3
16346,"stanford linear accelerator",3,3
16347,"secondary vertex",2,3
16348,"pi pi0 eta",3,3
16349,"electron beam asymmetry",3,3
16350,"missing mass function",3,3
16351,"axial vector boson",3,3
16352,"double diffractive",2,3
16353,"cleo iii",2,3
16354,"k0 pi0",2,3
16355,"open charm",2,3
16356,"jet cross section",3,3
16357,"strangeness content",2,3
16358,"high q2 dependence",3,3
16359,"instanton induced events",3,3
16360,"cp violating asymmetries",3,3
16361,"active neutrino flux",3,3
16362,"charged current cc",3,3
16363,"doubly cabibbo suppressed",3,3
16364,"physical mechanism responsible",3,3
16365,"slope alpha beta",3,3
16366,"projected rotational velocities",3,3
16367,"deep hst wfpc2 images",4,3
16368,"absorption corrected",2,3
16369,"low energy release",3,3
16370,"polytropic gas",2,3
16371,"local interstellar medium",3,3
16372,"cold fronts",2,3
16373,"warm hot intergalactic gas",4,3
16374,"positron pairs",2,3
16375,"ultra high energy cosmic ray",5,3
16376,"ray binaries lmxbs",3,3
16377,"dust continuum emission line",4,3
16378,"standard solar metallicity",3,3
16379,"ca ii triplet",3,3
16380,"baseline array",2,3
16381,"thermal sunyaev zel dovich effect",5,3
16382,"molecular hydrogen h2 formation",4,3
16383,"iron abundance ratios",3,3
16384,"mira variable stars",3,3
16385,"reflection grating",2,3
16386,"extended medium",2,3
16387,"rx j1856.5-3754",2,3
16388,"blackbody emission lines",3,3
16389,"inner lindblad resonance",3,3
16390,"butcher oemler",2,3
16391,"low mass accretion disc",4,3
16392,"zel dovich approximation",3,3
16393,"non strange",2,3
16394,"helicity conservation",2,3
16395,"mass transfer rates",3,3
16396,"apsidal motion",2,3
16397,"mauna kea",2,3
16398,"main source catalog",3,3
16399,"operating systems",2,3
16400,"contact binary",2,3
16401,"deep field south cdfs",4,3
16402,"galactic supernova remnant snr",4,3
16403,"vigorous star",2,3
16404,"weakly magnetized plasma",3,3
16405,"soft gamma ray",3,3
16406,"mass segregation",2,3
16407,"european southern observatory eso imaging survey",6,3
16408,"intergalactic magnetic field",3,3
16409,"kt kev band",3,3
16410,"atmospheric neutrino flux",3,3
16411,"coulomb breakup cross section",4,3
16412,"130a gev",2,3
16413,"impact parameter lambda",3,3
16414,"peripheral nuclear",2,3
16415,"collision centrality dependence",3,3
16416,"half lives",2,3
16417,"neutron deuteron",2,3
16418,"mid rapidity region",3,3
16419,"double neutron",2,3
16420,"fragmentation function",2,3
16421,"cold neutron",2,3
16422,"mean transverse momentum",3,3
16423,"brookhaven national accelerator facility",4,3
16424,"deconfinement phase",2,3
16425,"reaction plane wave",3,3
16426,"su yang mills equations",4,3
16427,"wilson dirac operators",3,3
16428,"schr odinger functional",3,3
16429,"improved gauge coupling",3,3
16430,"overlap dirac operators",3,3
16431,"fat links",2,3
16432,"lattice gauge fields",3,3
16433,"lattice artifacts",2,3
16434,"bare quark action",3,3
16435,"bare quark mass",3,3
16436,"dynamical wilson dirac fermions",4,3
16437,"instanton size",2,3
16438,"partially quenched chiral perturbation theory",5,3
16439,"wilson loop approximation",3,3
16440,"two pion decay constant",4,3
16441,"wilson quarks",2,3
16442,"fermionic flavors nf",3,3
16443,"isgur wise form factors",4,3
16444,"tadpole improved clover quark action",5,3
16445,"hermitian wilson dirac fermions",4,3
16446,"landau gauge",2,3
16447,"photon propagator",2,3
16448,"quark gluon propagators",3,3
16449,"low lying dirac operator",4,3
16450,"heavy quark pair potential",4,3
16451,"tadpole improved gauge",3,3
16452,"twisted mass",2,3
16453,"susy ward identities",3,3
16454,"heavy quarkonia",2,3
16455,"quark mass splittings",3,3
16456,"chiral logarithms",2,3
16457,"borel sum rules",3,3
16458,"heavy quark gluon density",4,3
16459,"full qcd calculations",3,3
16460,"underlying gauge field",3,3
16461,"zero recoil",2,3
16462,"dilepton production rate",3,3
16463,"dynamical yang mills theory",4,3
16464,"deconfining phase transitions",3,3
16465,"inner ring",2,3
16466,"loss cone",2,3
16467,"electromagnetic showers",2,3
16468,"multiple scalar field",3,3
16469,"forward scattering amplitude",3,3
16470,"nuclear spin isospin",3,3
16471,"transverse momentum transport",3,3
16472,"deeply bound",2,3
16473,"neutron drip",2,3
16474,"effective lagrangian density",3,3
16475,"goldstone boson exchange",3,3
16476,"axial vector meson",3,3
16477,"chiral loops",2,3
16478,"non zero angular momentum",4,3
16479,"two pion photoproduction",3,3
16480,"multifragmentation model",2,3
16481,"virtual photon absorption",3,3
16482,"non perturbative qcd vacuum",4,3
16483,"electric charge fluctuations",3,3
16484,"quark gluon degrees",3,3
16485,"bogoliubov hfb equations",3,3
16486,"correlated hyperspherical",2,3
16487,"walecka model",2,3
16488,"deep inelastic lepton",3,3
16489,"proton magic",2,3
16490,"neutron skin",2,3
16491,"pion pairs",2,3
16492,"symmetric nuclear matter",3,3
16493,"nucleon spectral function",3,3
16494,"nucleon spectral density",3,3
16495,"meson exchange",2,3
16496,"few nucleon systems",3,3
16497,"meson exchange potentials",3,3
16498,"self consistent deformations",3,3
16499,"predictive power",2,3
16500,"breakup cross section",3,3
16501,"three nucleon emission",3,3
16502,"cold dense quark matter",4,3
16503,"projection matrix elements",3,3
16504,"spin polarization observables",3,3
16505,"general relativistic heavy ion collisions",5,3
16506,"heavy quark gluon plasma",4,3
16507,"baryon chiral unitary",3,3
16508,"adjoint matter fields",3,3
16509,"charmonium production mechanisms",3,3
16510,"lma msw solution",3,3
16511,"lightest higgs",2,3
16512,"point like quarks",3,3
16513,"mns matrix",2,3
16514,"neutrino oscillation parameters",3,3
16515,"vacuum stability bounds",3,3
16516,"superstring effective",2,3
16517,"color dipole cross section",4,3
16518,"lma msw",2,3
16519,"delta m2 tan2",3,3
16520,"chirally enhanced",2,3
16521,"sign dilepton",2,3
16522,"neutrino mixing angle",3,3
16523,"minimal supersymmetric standard model nmssm",5,3
16524,"flavor violating phases",3,3
16525,"gravity mediated susy",3,3
16526,"nambu goldstone bosons",3,3
16527,"grand unification scale",3,3
16528,"double pole approximation",3,3
16529,"flavor dependent",2,3
16530,"single electron proton",3,3
16531,"exclusive rare radiative",3,3
16532,"quark gluon resummation",3,3
16533,"two flavor locked",3,3
16534,"light higgs self",3,3
16535,"solar neutrino mixing",3,3
16536,"channel access",2,3
16537,"time domain wall",3,3
16538,"bottom squarks",2,3
16539,"nlo qcd corrections",3,3
16540,"handed majorana",2,3
16541,"charged lepton asymmetry",3,3
16542,"neutrino problem",2,3
16543,"inelastic lepton",2,3
16544,"global color",2,3
16545,"higgs doublet triplet splitting problem",5,3
16546,"charm quark mass",3,3
16547,"tightly constrained",2,3
16548,"perturbative qcd factorization formalism",4,3
16549,"few tev scale",3,3
16550,"transverse momentum distribution function",4,3
16551,"vector meson spectroscopy",3,3
16552,"transversity distribution functions",3,3
16553,"gravity mediated supersymmetry",3,3
16554,"leading order nnlo qcd corrections",5,3
16555,"sea quark gluon",3,3
16556,"left right symmetric phases",4,3
16557,"visible matter",2,3
16558,"dirac neutrino mass generation",4,3
16559,"unitarity corrections",2,3
16560,"non relativistic heavy quarkonium",4,3
16561,"observatory sno charged current",4,3
16562,"s1 z2 symmetry",3,3
16563,"existing experimental constraints",3,3
16564,"virtuality q2",2,3
16565,"double logarithmic",2,3
16566,"lowest mass matrix",3,3
16567,"lepton flavour violating",3,3
16568,"tau lepton flavor violating lfv",5,3
16569,"string tension sigma",3,3
16570,"light sterile",2,3
16571,"perturbation theory compactified",3,3
16572,"su grand unified theories",4,3
16573,"triplet splitting problem",3,3
16574,"muonic hydrogen",2,3
16575,"large mixing angle theta",4,3
16576,"nuclear recoil electron",3,3
16577,"leading isospin breaking",3,3
16578,"orbifold projection",2,3
16579,"neutrino mixing angle theta",4,3
16580,"lepton flavor symmetry breaking",4,3
16581,"non universal soft breaking",4,3
16582,"light cone gauge",3,3
16583,"type iib superstring",3,3
16584,"relic abundance",2,3
16585,"winding modes",2,3
16586,"type ii string",3,3
16587,"strange quark stars",3,3
16588,"black hole production rates",4,3
16589,"three flavor symmetry breaking",4,3
16590,"fayet iliopoulos",2,3
16591,"threshold bound states",3,3
16592,"lma region",2,3
16593,"number susceptibilities",2,3
16594,"coupling unification",2,3
16595,"s1 z2 orbifold compactification",4,3
16596,"two higgs doublet model sm",5,3
16597,"closed loop corrections",3,3
16598,"induced metric perturbations",3,3
16599,"baseline neutrino oscillations",3,3
16600,"dimensional phi4",2,3
16601,"accelerator control systems",3,3
16602,"undulator radiation",2,3
16603,"beam diagnostics",2,3
16604,"preliminary experimental",2,3
16605,"intense laser pulse",3,3
16606,"transverse acoustic emission",3,3
16607,"lambda phi4 theory",3,3
16608,"dilatonic brane cosmology",3,3
16609,"gauged supergravity solution",3,3
16610,"noncommutative gauge fields",3,3
16611,"hidden brane tension branes",4,3
16612,"deformation parameter theta",3,3
16613,"extremal black hole solutions",4,3
16614,"non local supersymmetry",3,3
16615,"dirac operator product",3,3
16616,"abelian gauge transformations",3,3
16617,"ads black holes",3,3
16618,"positive tension",2,3
16619,"type iib supergravity duals",4,3
16620,"massless graviton propagator",3,3
16621,"charged black hole thermodynamics",4,3
16622,"gauged wzw models",3,3
16623,"open string tachyons",3,3
16624,"d5 branes wrapped",3,3
16625,"logarithmic conformal invariance",3,3
16626,"asymptotically ads cft",3,3
16627,"sliver state",2,3
16628,"generalized poisson brackets",3,3
16629,"string vertex operators",3,3
16630,"type ii string theory compactified",5,3
16631,"pure su yang mills theory",5,3
16632,"corrected effective action",3,3
16633,"yang baxter equations",3,3
16634,"chern simons matrix",3,3
16635,"holographic rg flows",3,3
16636,"moyal product",2,3
16637,"topological ads",2,3
16638,"asymptotically locally",2,3
16639,"large noncommutativity",2,3
16640,"neumann algebra",2,3
16641,"non bps domain walls",4,3
16642,"fundamental group flow",3,3
16643,"rational conformal field theory",4,3
16644,"open string vertex operators",4,3
16645,"non commutative nc",3,3
16646,"local mirror symmetry",3,3
16647,"quiver theories",2,3
16648,"closed string tachyons",3,3
16649,"compact calabi yau manifolds",4,3
16650,"atom cavity qed",3,2
16651,"bond ising",2,2
16652,"inter chain",2,2
16653,"voter model",2,2
16654,"zn fe",2,2
16655,"kondo correlations",2,2
16656,"andreev bound",2,2
16657,"temperatures kt",2,2
16658,"dilute 2d",2,2
16659,"anderson transition temperature",3,2
16660,"lowest energy density",3,2
16661,"wave cdw",2,2
16662,"carlo algorithms",2,2
16663,"hall states",2,2
16664,"test bed",2,2
16665,"electrical current voltage",3,2
16666,"branching annihilating",2,2
16667,"peak zbcp",2,2
16668,"hall liquid",2,2
16669,"quantum hall edge excitations",4,2
16670,"newman solution",2,2
16671,"axisymmetric spacetimes",2,2
16672,"einstein yang",2,2
16673,"infeld action",2,2
16674,"runaway model",2,2
16675,"affine hecke",2,2
16676,"oka principle",2,2
16677,"cyclic branched",2,2
16678,"lie outside",2,2
16679,"compact kaehler",2,2
16680,"pair box",2,2
16681,"principally polarized",2,2
16682,"nonzero cosmological",2,2
16683,"inner parts",2,2
16684,"relativistic beaming",2,2
16685,"broken power",2,2
16686,"field north",2,2
16687,"central black",2,2
16688,"minimum variance",2,2
16689,"near infrared nir",3,2
16690,"second incremental",2,2
16691,"quasi equilibrium configurations",3,2
16692,"near ir excess",3,2
16693,"space interferometry",2,2
16694,"radio counterpart",2,2
16695,"damped lyman limit",3,2
16696,"ir photometry",2,2
16697,"old open cluster",3,2
16698,"type ib",2,2
16699,"planetesimal disk",2,2
16700,"parent galaxy",2,2
16701,"diagram cmd",2,2
16702,"rapidly rotating black hole",4,2
16703,"telescope hst imaging spectrograph",4,2
16704,"multi conjugate",2,2
16705,"oxygen abundance ratio",3,2
16706,"2mass second",2,2
16707,"adaptive mesh",2,2
16708,"magnetic stresses",2,2
16709,"later type stars",3,2
16710,"alpha mapper",2,2
16711,"cloud complexes",2,2
16712,"galaxy clustering properties",3,2
16713,"times10 erg",2,2
16714,"3x10 erg",2,2
16715,"ray absorption line",3,2
16716,"european southern",2,2
16717,"high altitude",2,2
16718,"space shuttle",2,2
16719,"adiabatic inflationary",2,2
16720,"galactic bar",2,2
16721,"aperture synthesis",2,2
16722,"toroidal magnetic",2,2
16723,"sound speeds",2,2
16724,"extrasolar giant",2,2
16725,"places strong",2,2
16726,"cabibbo kobayashi",2,2
16727,"maskawa matrix",2,2
16728,"bulk neutrino oscillations",3,2
16729,"improved factorization",2,2
16730,"background cmb data",3,2
16731,"anomaly mediation models",3,2
16732,"core collapse supernova neutrinos",4,2
16733,"two higgs field",3,2
16734,"meson dominance",2,2
16735,"quark antiquark potential",3,2
16736,"wimp dark",2,2
16737,"intrinsic charm mesons",3,2
16738,"isospin symmetry breaking",3,2
16739,"higgs boson mass ratios",4,2
16740,"statistical considerations",2,2
16741,"discrete wavelet transform",3,2
16742,"algebraic decay",2,2
16743,"stokes equations",2,2
16744,"spin flavour",2,2
16745,"standard model sm like",4,2
16746,"three flavor violating",3,2
16747,"nn phase",2,2
16748,"tan2 theta",2,2
16749,"handed neutrinos",2,2
16750,"frame instant",2,2
16751,"color symmetry",2,2
16752,"coset space time",3,2
16753,"target spaces",2,2
16754,"noncommutative yang",2,2
16755,"wigner moyal",2,2
16756,"abelian gauge coupling",3,2
16757,"neutral gauge symmetry",3,2
16758,"going star",2,2
16759,"atiyah singer index",3,2
16760,"supersymmetric yang",2,2
16761,"gauge coupling constant lambda",4,2
16762,"string theory living",3,2
16763,"lattice qcd sum rules",4,2
16764,"fermi gas confined",3,2
16765,"velocity increments",2,2
16766,"eleven dimensional spacetime",3,2
16767,"available electronically",2,2
16768,"markov process",2,2
16769,"space time scale",3,2
16770,"exterior differential forms",3,2
16771,"quasi two dimensions",3,2
16772,"weak coupling strength",3,2
16773,"muonic hydrogen atoms",3,2
16774,"non relativistic heavy ion",4,2
16775,"baryon chiral lagrangian",3,2
16776,"de excitation",2,2
16777,"nonorthogonal states",2,2
16778,"partial transpose",2,2
16779,"operator valued measure",3,2
16780,"programmable gate",2,2
16781,"diffraction patterns",2,2
16782,"feynman diagrammatic",2,2
16783,"coulomb glass",2,2
16784,"dilute 2d electron",3,2
16785,"casimir forces",2,2
16786,"total spin polarized",3,2
16787,"energy density matrix renormalization group",5,2
16788,"nearest neighbour hopping",3,2
16789,"spin orbit scattering",3,2
16790,"ferromagnetic instability",2,2
16791,"peierls order parameter",3,2
16792,"upper critical behavior",3,2
16793,"anomalous scaling behavior",3,2
16794,"singular isothermal",2,2
16795,"accelerate particles",2,2
16796,"two approaches zero",3,2
16797,"three dimensional edwards anderson",4,2
16798,"transition temperature tc superconductors",4,2
16799,"2d electron correlations",3,2
16800,"carrier phonon interaction",3,2
16801,"pattern formation process",3,2
16802,"periodic pinning",2,2
16803,"extragalactic magnetic fields",3,2
16804,"highly excited state",3,2
16805,"sagittarius dwarf",2,2
16806,"strange quarks",2,2
16807,"eso imaging",2,2
16808,"doppler broadened",2,2
16809,"deep rosat pspc",3,2
16810,"lensed quasar",2,2
16811,"net magnetic",2,2
16812,"seed photons",2,2
16813,"flow onto black hole",4,2
16814,"near infrared luminosity function",4,2
16815,"transient xte j1550-564",3,2
16816,"young stellar mass spectrum",4,2
16817,"field bus",2,2
16818,"cross identification",2,2
16819,"bare strange",2,2
16820,"low latitude",2,2
16821,"rich cluster systems",3,2
16822,"distribution function imf",3,2
16823,"lower frequency",2,2
16824,"deuterium abundance",2,2
16825,"vertical component",2,2
16826,"solar circle",2,2
16827,"matter cdm",2,2
16828,"emissivity index",2,2
16829,"fractional rms",2,2
16830,"phase lags",2,2
16831,"special astrophysical",2,2
16832,"ir surveys",2,2
16833,"blast waves",2,2
16834,"per event rate",3,2
16835,"body sph",2,2
16836,"carlo simulations",2,2
16837,"giant elliptical",2,2
16838,"antennae galaxies",2,2
16839,"coma cluster systems",3,2
16840,"rich nuclei",2,2
16841,"survey nvss",2,2
16842,"kiloparsec scale",2,2
16843,"space vlbi",2,2
16844,"proto planetary",2,2
16845,"explosion energies",2,2
16846,"hybrid monte carlo",3,2
16847,"depth tau",2,2
16848,"ionizing particles",2,2
16849,"radio quiet",2,2
16850,"full sky survey",3,2
16851,"high energy output",3,2
16852,"wavelength coverage",2,2
16853,"rate coefficients",2,2
16854,"injection rate",2,2
16855,"acceptable fits",2,2
16856,"ionization history",2,2
16857,"optically thick accretion disk",4,2
16858,"iv absorption",2,2
16859,"two photon flux",3,2
16860,"h2 emission",2,2
16861,"exchange coupling constant",3,2
16862,"pc scale",2,2
16863,"galactic discs",2,2
16864,"primary anisotropies",2,2
16865,"erg cm-2",2,2
16866,"radio axis",2,2
16867,"galaxies tend",2,2
16868,"neutrino component",2,2
16869,"accreting neutron",2,2
16870,"down rates",2,2
16871,"alpha element abundances",3,2
16872,"warm hot intergalactic",3,2
16873,"highly relativistic fireball model",4,2
16874,"million solar",2,2
16875,"local starburst",2,2
16876,"energy distribution sed",3,2
16877,"angular resolutions",2,2
16878,"body centered",2,2
16879,"connected lie group",3,2
16880,"non linear chain",3,2
16881,"transformation groups",2,2
16882,"algebraic cycles",2,2
16883,"twistor space",2,2
16884,"affine lie",2,2
16885,"commutative nc",2,2
16886,"gauge theoretic",2,2
16887,"expansion velocity field",3,2
16888,"projective plane curves",3,2
16889,"three dimensional ising",3,2
16890,"ferromagnetic phase coexistence",3,2
16891,"quasi two regimes",3,2
16892,"norm conserving",2,2
16893,"approaches zero point",3,2
16894,"self organized critical behavior",4,2
16895,"flat band structure",3,2
16896,"quantum hall edge states",4,2
16897,"energy density waves",3,2
16898,"filling fractions",2,2
16899,"chain lengths",2,2
16900,"switching off",2,2
16901,"phonon drag",2,2
16902,"channel kondo",2,2
16903,"free path",2,2
16904,"debye temperature",2,2
16905,"laser interferometric",2,2
16906,"gravitomagnetic clock",2,2
16907,"rotating black hole spacetimes",4,2
16908,"inflaton field theory",3,2
16909,"gravitational waveforms",2,2
16910,"spinning neutron stars",3,2
16911,"quark flavours",2,2
16912,"projected linear",2,2
16913,"strong yukawa",2,2
16914,"right handed neutrino masses",4,2
16915,"four neutrino mixing",3,2
16916,"inelastic scattering amplitude",3,2
16917,"too short",2,2
16918,"flavor violating couplings",3,2
16919,"muon flux",2,2
16920,"baryonic dark",2,2
16921,"color superconducting",2,2
16922,"kaon photoproduction",2,2
16923,"gluon distribution functions",3,2
16924,"neutral higgs boson production",4,2
16925,"sudakov form",2,2
16926,"distribution function lf",3,2
16927,"two higgs boson masses",4,2
16928,"universal gaugino masses",3,2
16929,"constrained minimal supersymmetric",3,2
16930,"inelastic hard",2,2
16931,"light front hamiltonian",3,2
16932,"abelian flavor symmetry",3,2
16933,"atmospheric neutrino mixing matrix elements",5,2
16934,"strange quark antiquark",3,2
16935,"topcolor assisted",2,2
16936,"spontaneous chiral",2,2
16937,"net baryon density fluctuations",4,2
16938,"rephasing invariant",2,2
16939,"meson factories",2,2
16940,"beta leq",2,2
16941,"m2 atm",2,2
16942,"quark gluon distribution",3,2
16943,"digital signal",2,2
16944,"likelihood technique",2,2
16945,"transmission probability",2,2
16946,"evolutionary states",2,2
16947,"integro differential",2,2
16948,"physical grounds",2,2
16949,"proton beam asymmetry",3,2
16950,"qgp formation",2,2
16951,"polarized pp",2,2
16952,"stable neutron star",3,2
16953,"flavor blind",2,2
16954,"end slope",2,2
16955,"gauge field redefinitions",3,2
16956,"light cone quantization sdlcq",4,2
16957,"band structure functions",3,2
16958,"glashow model",2,2
16959,"dp brane",2,2
16960,"massive dirac",2,2
16961,"exceptional lie group",3,2
16962,"compact hyperbolic metric",3,2
16963,"boltzmann weights",2,2
16964,"pure su yang mills",4,2
16965,"big crunch",2,2
16966,"btz black",2,2
16967,"kk excitations",2,2
16968,"lattice qcd vacuum energy",4,2
16969,"landau gauge field",3,2
16970,"grassmann manifolds",2,2
16971,"radiation field theory",3,2
16972,"upper bound entanglement",3,2
16973,"variable teleportation",2,2
16974,"non linearities",2,2
16975,"depolarizing channel",2,2
16976,"rydberg atom",2,2
16977,"diagonalization studies",2,2
16978,"weakly interacting bose einstein",4,2
16979,"conduction mechanism",2,2
16980,"high temperature dependent",3,2
16981,"sigma xx",2,2
16982,"slowly decreasing",2,2
16983,"weakly interacting bose gas",4,2
16984,"retarded green",2,2
16985,"spin ladders",2,2
16986,"poisson sigma",2,2
16987,"charge transfer calculations",3,2
16988,"vortex cores",2,2
16989,"pauli exclusion",2,2
16990,"multi walled",2,2
16991,"radial distribution function",3,2
16992,"scanning tunneling current",3,2
16993,"neighbor hopping",2,2
16994,"strain rate",2,2
16995,"hopping amplitude",2,2
16996,"high tc oxides",3,2
16997,"density inhomogeneities",2,2
16998,"double occupancy",2,2
16999,"high energy deposition",3,2
17000,"cohesive energy",2,2
17001,"spectral weights",2,2
17002,"like fermi energy",3,2
17003,"adjacency matrices",2,2
17004,"3d xy model",3,2
17005,"blue shift",2,2
17006,"alpha simeq",2,2
17007,"elastic collision",2,2
17008,"fermi liquids",2,2
17009,"single cooper",2,2
17010,"upper critical current density",4,2
17011,"density wave cdw",3,2
17012,"time foam",2,2
17013,"upper critical dimension dc",4,2
17014,"dependent viscosity",2,2
17015,"avalanche size",2,2
17016,"antiferromagnetic insulator",2,2
17017,"spin polarized transport through",4,2
17018,"underdoped high energy",3,2
17019,"quasiparticle random",2,2
17020,"h2 formation",2,2
17021,"organic superconductor",2,2
17022,"electromagnetic environment",2,2
17023,"la 2-x ce cuo",4,2
17024,"distortion parameter",2,2
17025,"conventional phonon interaction",3,2
17026,"nonadiabatic transition",2,2
17027,"duration gamma",2,2
17028,"binary alloy",2,2
17029,"density functional calculations",3,2
17030,"2d electron hole",3,2
17031,"like fermi surfaces",3,2
17032,"zhang equation",2,2
17033,"contact line",2,2
17034,"poisson processes",2,2
17035,"deposition pld",2,2
17036,"pulsed laser beam",3,2
17037,"half filled landau level",4,2
17038,"multiple stellar mass",3,2
17039,"uv photons",2,2
17040,"euve data",2,2
17041,"density nh",2,2
17042,"ultraviolet spectroscopic",2,2
17043,"hi deficiency",2,2
17044,"spiral galaxy formation rate",4,2
17045,"unification scheme",2,2
17046,"sequence companion star",3,2
17047,"spiral galaxy ngc group",4,2
17048,"burning shell",2,2
17049,"companion star forming",3,2
17050,"asymmetric beam",2,2
17051,"inner disk corona",3,2
17052,"brightness fluctuations",2,2
17053,"antiproton flux",2,2
17054,"velocity variations",2,2
17055,"oii emission",2,2
17056,"near ir flux",3,2
17057,"quasi two types",3,2
17058,"ovi emission lines",3,2
17059,"grb progenitor",2,2
17060,"narrow line ratios",3,2
17061,"galactocentric radius",2,2
17062,"blackbody emission",2,2
17063,"isocurvature perturbations",2,2
17064,"australia telescope compact",3,2
17065,"lower redshift survey",3,2
17066,"fully ionized",2,2
17067,"tev gamma ray bursts",4,2
17068,"small angular velocities",3,2
17069,"circumstellar gas",2,2
17070,"interferometry mission",2,2
17071,"post agb",2,2
17072,"lmc disk",2,2
17073,"monte carlo event",3,2
17074,"radio emitting",2,2
17075,"dust shells",2,2
17076,"density cusps",2,2
17077,"neutron star mergers",3,2
17078,"absorbing boundary",2,2
17079,"stiff equation",2,2
17080,"low mass transfer",3,2
17081,"wind velocity variations",3,2
17082,"mass accretion discs",3,2
17083,"highly eccentric",2,2
17084,"oscillations qpos",2,2
17085,"burst grb rate",3,2
17086,"observational selection",2,2
17087,"high throughput",2,2
17088,"dwarf starburst",2,2
17089,"density contrasts",2,2
17090,"stellar mass ejection",3,2
17091,"local starbursts",2,2
17092,"gamma ray fluxes",3,2
17093,"sub degree",2,2
17094,"sight velocity field",3,2
17095,"general relativistic electrons",3,2
17096,"tidal tail",2,2
17097,"too steep",2,2
17098,"homology theories",2,2
17099,"fock space time",3,2
17100,"fock spaces",2,2
17101,"moody algebras",2,2
17102,"time m4",2,2
17103,"irreducible unitary",2,2
17104,"function zeroes",2,2
17105,"em ab",2,2
17106,"radial null",2,2
17107,"extreme kerr",2,2
17108,"sitter space",2,2
17109,"ii superstring",2,2
17110,"vacuum energy scales",3,2
17111,"charged black",2,2
17112,"time translation",2,2
17113,"scalar field configurations",3,2
17114,"bogoliubov coefficients",2,2
17115,"space time intervals",3,2
17116,"anomalous magnetic field theory",4,2
17117,"aa collisions",2,2
17118,"deuteron breakup",2,2
17119,"vector meson decays",3,2
17120,"charged particle ratios",3,2
17121,"electric quadrupole",2,2
17122,"rubidium atoms",2,2
17123,"logarithmic law",2,2
17124,"chern numbers",2,2
17125,"sigma dt",2,2
17126,"nonlinear schroedinger equations",3,2
17127,"navier stokes alpha",3,2
17128,"law tails",2,2
17129,"age dating",2,2
17130,"low energy output",3,2
17131,"single walled",2,2
17132,"technicolor models",2,2
17133,"photon exchange",2,2
17134,"approx tev",2,2
17135,"sps energies",2,2
17136,"neutral higgs scalars",3,2
17137,"scales shorter",2,2
17138,"mass eigenstate",2,2
17139,"charged lepton pair production",4,2
17140,"invariant mass ratios",3,2
17141,"roper resonance",2,2
17142,"standard model 2hdm ii",4,2
17143,"bc meson decays",3,2
17144,"non relativistic heavy quark",4,2
17145,"invariant mass matrix element",4,2
17146,"time evolutions",2,2
17147,"supersymmetric standard deviation",3,2
17148,"leading order nnlo",3,2
17149,"two photon exchange processes",4,2
17150,"simple analytic approximations",3,2
17151,"pick up",2,2
17152,"sigma meson decays",3,2
17153,"geomagnetic field",2,2
17154,"rate asymmetries",2,2
17155,"hidden brane",2,2
17156,"front quantization",2,2
17157,"conformal weights",2,2
17158,"lattice boltzmann equation",3,2
17159,"exponent eta",2,2
17160,"group rg",2,2
17161,"standard model possesses",3,2
17162,"einstein hilbert",2,2
17163,"hawking entropy bounds",3,2
17164,"off diagonal elements",3,2
17165,"semiclassical gravity",2,2
17166,"space time consequently",3,2
17167,"superconformal field theory",3,2
17168,"riemann curvature",2,2
17169,"6th order",2,2
17170,"charged dust",2,2
17171,"string winding",2,2
17172,"perturbed conformal field theory",4,2
17173,"dicke theory",2,2
17174,"characteristic time derivatives",3,2
17175,"order parameter family",3,2
17176,"relativistic astrophysics",2,2
17177,"celestial mechanics",2,2
17178,"ring imaging cherenkov",3,2
17179,"fermion contact",2,2
17180,"sigma meson system",3,2
17181,"quark diquark",2,2
17182,"propagating laser",2,2
17183,"quantum information technology",3,2
17184,"separated parties",2,2
17185,"prior probability",2,2
17186,"quantum coin",2,2
17187,"irreversible processes",2,2
17188,"local realistic description",3,2
17189,"algebraic renormalization",2,2
17190,"entangled photon",2,2
17191,"rate limiting",2,2
17192,"finite temperature dependent",3,2
17193,"atom laser beams",3,2
17194,"dissipation theorem",2,2
17195,"fermion actions",2,2
17196,"single particle duality",3,2
17197,"lyapunov spectrum",2,2
17198,"coherent state preparation",3,2
17199,"non local unitary",3,2
17200,"moyal star",2,2
17201,"light front end",3,2
17202,"spontaneous parametric",2,2
17203,"magnetic resonance force microscopy",4,2
17204,"mesoscopic superconducting gap",3,2
17205,"dwell time",2,2
17206,"theorem fails",2,2
17207,"two dimensional subspace",3,2
17208,"function mf",2,2
17209,"unitary evolution operator",3,2
17210,"density matrix dyads",3,2
17211,"stimulated raman",2,2
17212,"two photon fock",3,2
17213,"t2 z2",2,2
17214,"emission originating",2,2
17215,"transmission grating",2,2
17216,"parametric down",2,2
17217,"unitarity bound state",3,2
17218,"photon self",2,2
17219,"non detections",2,2
17220,"existing theoretical analysis",3,2
17221,"density matrix element",3,2
17222,"unit area",2,2
17223,"artificial neural",2,2
17224,"equal mass ratio",3,2
17225,"feedback loop",2,2
17226,"mode squeezed",2,2
17227,"linearly dependent",2,2
17228,"constraint logic programs",3,2
17229,"per day",2,2
17230,"acquisition systems",2,2
17231,"group treatment",2,2
17232,"international space",2,2
17233,"equivalence relations",2,2
17234,"valued measures",2,2
17235,"national accelerator",2,2
17236,"facility nif",2,2
17237,"graphical user",2,2
17238,"multi conjugate adaptive optics",4,2
17239,"object request",2,2
17240,"self intersections",2,2
17241,"born oppenheimer",2,2
17242,"projection matrix",2,2
17243,"dimensional spacetime singularities",3,2
17244,"near infrared stable",3,2
17245,"analytic derivation",2,2
17246,"operator valued functions",3,2
17247,"falicov kimball",2,2
17248,"circular orbit around",3,2
17249,"crossing time dependent",3,2
17250,"systems admitting",2,2
17251,"compact riemannian",2,2
17252,"einstein cartan",2,2
17253,"clebsch gordan",2,2
17254,"half line operators",3,2
17255,"exceptional lie",2,2
17256,"klein states",2,2
17257,"trapped bose einstein",3,2
17258,"pseudo riemannian",2,2
17259,"segal bargmann",2,2
17260,"simple lie superalgebra",3,2
17261,"ba cu",2,2
17262,"non ohmic",2,2
17263,"thin polymer",2,2
17264,"high energy ef",3,2
17265,"critical temperature tc superconductors",4,2
17266,"interlayer phase",2,2
17267,"energy transmission",2,2
17268,"glass condensate",2,2
17269,"spin-1 xxz",2,2
17270,"reciprocal lattice",2,2
17271,"stripe phase transition",3,2
17272,"1-x ca",2,2
17273,"topologically non zero",3,2
17274,"landau gauge group",3,2
17275,"spin polarizations",2,2
17276,"moser models",2,2
17277,"spin domains",2,2
17278,"underdoped high temperature",3,2
17279,"polarized transport",2,2
17280,"de haas van alphen",4,2
17281,"dimensional electron densities",3,2
17282,"fourfold symmetry",2,2
17283,"epitaxy mbe",2,2
17284,"hopping matrix",2,2
17285,"binding energy density",3,2
17286,"glass formers",2,2
17287,"stacked triangular",2,2
17288,"mgb2 film",2,2
17289,"charged particle species",3,2
17290,"surface fs",2,2
17291,"stat phys",2,2
17292,"quantized vortex lines",3,2
17293,"canonical commutation",2,2
17294,"long range coulomb",3,2
17295,"bose einstein condensation occurs",4,2
17296,"hydrogen bonded",2,2
17297,"high temperature jumps",3,2
17298,"fitting experimental",2,2
17299,"traveling salesman",2,2
17300,"strongly violated",2,2
17301,"integer filling factors",3,2
17302,"dynamics md",2,2
17303,"fermi surface density wave",4,2
17304,"slip motion",2,2
17305,"band structure function",3,2
17306,"photonic band",2,2
17307,"length scale structures",3,2
17308,"dynamic scaling relation",3,2
17309,"paramagnetic susceptibility",2,2
17310,"three dimensional xy",3,2
17311,"surface density fluctuations",3,2
17312,"exponent characterizing",2,2
17313,"non local realistic",3,2
17314,"magnetic traps",2,2
17315,"liquid crystal growth",3,2
17316,"linear size distribution",3,2
17317,"superconductor kappa",2,2
17318,"ray absorption systems",3,2
17319,"interlayer exchange",2,2
17320,"longitudinal momentum",2,2
17321,"antiferromagnetic ordering pattern",3,2
17322,"higher dimensional electron",3,2
17323,"path integral over",3,2
17324,"charge inversion",2,2
17325,"terminal velocity",2,2
17326,"2d xy",2,2
17327,"melting transition temperature",3,2
17328,"adsorbed counterions",2,2
17329,"ferromagnetic domains",2,2
17330,"domain spectroscopy",2,2
17331,"conductivity sigma model",3,2
17332,"energy eigenvalue problem",3,2
17333,"spatial correlation length",3,2
17334,"spin peierls order",3,2
17335,"potential linearized augmented",3,2
17336,"magnetic polarons",2,2
17337,"circularly polarized light",3,2
17338,"ferromagnetic domain wall",3,2
17339,"non monotonic dependence",3,2
17340,"time dependent hartree fock",4,2
17341,"mean free electron",3,2
17342,"fold degenerate",2,2
17343,"phase transition amplitudes",3,2
17344,"low energy loss",3,2
17345,"energy range coulomb interactions",4,2
17346,"hartree fock space",3,2
17347,"time scales probed",3,2
17348,"mott hubbard model",3,2
17349,"square root system size",4,2
17350,"wave sdw",2,2
17351,"josephson current",2,2
17352,"swift hohenberg",2,2
17353,"infinite number density",3,2
17354,"equilibrium green",2,2
17355,"local thermodynamic properties",3,2
17356,"interatomic distance",2,2
17357,"gaseous bose einstein condensate",4,2
17358,"elevated temperatures",2,2
17359,"finitely generated projective",3,2
17360,"priori estimates",2,2
17361,"alpha element",2,2
17362,"scaling argument",2,2
17363,"quantized enveloping",2,2
17364,"viscosity parameter",2,2
17365,"extended affine",2,2
17366,"einstein spaces",2,2
17367,"compact kaehler manifold",3,2
17368,"branched covering",2,2
17369,"product multiplicities",2,2
17370,"hochschild homology",2,2
17371,"geodesic flow",2,2
17372,"semisimple lie algebra",3,2
17373,"non orientable",2,2
17374,"locally conformally",2,2
17375,"dimensional minkowski",2,2
17376,"hilbert problems",2,2
17377,"infinite extra",2,2
17378,"convex polytopes",2,2
17379,"topologically non",2,2
17380,"sequence companion",2,2
17381,"galois groups",2,2
17382,"flat bundles",2,2
17383,"alternating sign",2,2
17384,"homotopy types",2,2
17385,"schwinger equation",2,2
17386,"neumann boundary",2,2
17387,"stable bundles over",3,2
17388,"projective planes",2,2
17389,"convex hull",2,2
17390,"real analytic solutions",3,2
17391,"earth atoms",2,2
17392,"narrow line seyfert type",4,2
17393,"nova xte",2,2
17394,"corotation radius",2,2
17395,"nearby seyfert galaxies",3,2
17396,"highly inclined",2,2
17397,"acis s3",2,2
17398,"non isothermal",2,2
17399,"bulk lorentz",2,2
17400,"maser spots",2,2
17401,"resolution mid",2,2
17402,"vla sky",2,2
17403,"intra cluster",2,2
17404,"gamma ray pulsar psr",4,2
17405,"statistically complete",2,2
17406,"dwarf ellipticals",2,2
17407,"magnetic reconnection",2,2
17408,"cosmology project",2,2
17409,"cd galaxy",2,2
17410,"intensity proton",2,2
17411,"double humped",2,2
17412,"accretion stream",2,2
17413,"ia supernovae sne",3,2
17414,"low metallicities",2,2
17415,"dust emission lines",3,2
17416,"theoretical isochrones",2,2
17417,"age metallicity distribution function",4,2
17418,"continuum fluxes",2,2
17419,"magneto hydrodynamic",2,2
17420,"dynamical history",2,2
17421,"thermal radiation field",3,2
17422,"kinematically complete",2,2
17423,"semi simple analytic",3,2
17424,"intermediate redshift survey",3,2
17425,"active galactic center",3,2
17426,"clustering pattern",2,2
17427,"nuclei agns",2,2
17428,"feii emission lines",3,2
17429,"radio telescope gmrt observations",4,2
17430,"ambient density",2,2
17431,"egret data",2,2
17432,"ray astronomy",2,2
17433,"energy content",2,2
17434,"cosmic infrared space",3,2
17435,"morphological information",2,2
17436,"vigorous star formation",3,2
17437,"almost periodic oscillations",3,2
17438,"spiral galaxy clusters",3,2
17439,"proto planetary nebula",3,2
17440,"gyr old metal poor",4,2
17441,"advanced ccd",2,2
17442,"scale diffuse",2,2
17443,"shear modulus",2,2
17444,"spinor bose einstein condensate",4,2
17445,"doppler cooling",2,2
17446,"rna secondary structures",3,2
17447,"dzyaloshinski moriya",2,2
17448,"real materials",2,2
17449,"dimensional xy model",3,2
17450,"ordered vortex state",3,2
17451,"slow neutron scattering",3,2
17452,"magnetic field hc",3,2
17453,"london penetration",2,2
17454,"analytical derivation",2,2
17455,"hard core bosons",3,2
17456,"staggered magnetic",2,2
17457,"inelastic scattering length",3,2
17458,"rotational symmetry breaking",3,2
17459,"non percolating",2,2
17460,"melting transition",2,2
17461,"uniaxial anisotropy parameter",3,2
17462,"frustrated ising",2,2
17463,"vapor pressure",2,2
17464,"distribution function pdf",3,2
17465,"particle green",2,2
17466,"density wave ddw",3,2
17467,"linearized augmented plane wave",4,2
17468,"chiral unitary",2,2
17469,"monotonic behavior",2,2
17470,"quantum hall conductivity",3,2
17471,"structural relaxation time",3,2
17472,"ferroelectric transition temperature",3,2
17473,"quantized vortex nucleation",3,2
17474,"high energy content",3,2
17475,"percolation transition temperature",3,2
17476,"high energy transmission",3,2
17477,"conventional phonon",2,2
17478,"gross pitaevskii gp",3,2
17479,"overlap distribution function",3,2
17480,"morphotropic phase",2,2
17481,"oriented mgb2",2,2
17482,"kondo temperature dependence",3,2
17483,"radial pulsations",2,2
17484,"interacting bose gas",3,2
17485,"resolved photoemission spectroscopy",3,2
17486,"variational wave functions",3,2
17487,"hopping integral",2,2
17488,"superfluid density wave",3,2
17489,"superconductive phase transition",3,2
17490,"electronic specific",2,2
17491,"moment anomaly",2,2
17492,"orbital currents",2,2
17493,"hartree fock representation",3,2
17494,"holstein hubbard",2,2
17495,"particle hole doping",3,2
17496,"gaussian random matrices",3,2
17497,"temperature gradients",2,2
17498,"omega pi bands",3,2
17499,"dzyaloshinskii moriya",2,2
17500,"flop transition",2,2
17501,"universal scaling properties",3,2
17502,"gaussian random matrix elements",4,2
17503,"monotonic dependence",2,2
17504,"superfluid density fluctuations",3,2
17505,"geometric phase boundary",3,2
17506,"ab initio molecular dynamics",4,2
17507,"driven granular media",3,2
17508,"hard core repulsion",3,2
17509,"mgb2 superconductor insulator",3,2
17510,"roughness exponent zeta",3,2
17511,"triplet superconductor",2,2
17512,"giant branches",2,2
17513,"least two types",3,2
17514,"uniform density matrix",3,2
17515,"two component bose einstein condensate",5,2
17516,"polarized transport properties",3,2
17517,"nucleation rate",2,2
17518,"center phonon",2,2
17519,"body rotation",2,2
17520,"vortex solid",2,2
17521,"ferromagnetic phase separated",3,2
17522,"cooper pairing",2,2
17523,"single logarithmic dependence",3,2
17524,"exp pi ell",3,2
17525,"josephson vortex",2,2
17526,"upper critical temperature dependent",4,2
17527,"quantum hall ferromagnets",3,2
17528,"double radio",2,2
17529,"magnetization versus",2,2
17530,"pr ca",2,2
17531,"forming activity",2,2
17532,"lambda phi4 field theory",4,2
17533,"hopfield model",2,2
17534,"lamellar phase",2,2
17535,"apparent anomalous",2,2
17536,"cuprate superconductor insulator",3,2
17537,"double exchange coupling",3,2
17538,"micro canonical",2,2
17539,"second order parameter lambda",4,2
17540,"non universal scaling behavior",4,2
17541,"hall regime",2,2
17542,"shear thinning",2,2
17543,"dna sequence",2,2
17544,"temperature expansions",2,2
17545,"mean free path length",4,2
17546,"alpha nav",2,2
17547,"two dimensional xy",3,2
17548,"tight binding energy spectrum",4,2
17549,"high energy barrier",3,2
17550,"structure function pdf",3,2
17551,"holomorphic vector bundles over",4,2
17552,"continuous wavelet",2,2
17553,"ahler einstein",2,2
17554,"integral quantization",2,2
17555,"symmetric hyperbolic",2,2
17556,"reflection equation",2,2
17557,"map lattices",2,2
17558,"hilbert transform",2,2
17559,"homology spheres",2,2
17560,"compact knots",2,2
17561,"generated projective",2,2
17562,"gauss manin",2,2
17563,"cyclic branched covers",3,2
17564,"comet like",2,2
17565,"moody algebra",2,2
17566,"discrete valuation",2,2
17567,"ten dimensional supergravity",3,2
17568,"dirichlet boundary condition",3,2
17569,"lie algebra uq",3,2
17570,"neumann boundary conditions",3,2
17571,"de rham cohomology groups",4,2
17572,"non compact riemann surface",4,2
17573,"measure preserving",2,2
17574,"jsj decomposition",2,2
17575,"relativistic quantum groups",3,2
17576,"division algebras",2,2
17577,"background anisotropies",2,2
17578,"finite dimensional 2d",3,2
17579,"moyal deformation quantization",3,2
17580,"pseudodifferential operators",2,2
17581,"semi simple lie group",4,2
17582,"gaussian random walk",3,2
17583,"ricci scalar curvature",3,2
17584,"planckian physics",2,2
17585,"invariant mass splitting",3,2
17586,"test bodies",2,2
17587,"naked singularity formation",3,2
17588,"light cone gauge field",4,2
17589,"spherical dust",2,2
17590,"rapidly rotating neutron star",4,2
17591,"gravitational radiation pressure",3,2
17592,"localized gravity waves",3,2
17593,"large extra coordinate",3,2
17594,"collapsing shells",2,2
17595,"post newtonian pn",3,2
17596,"poynting vector",2,2
17597,"kerr newman black hole",4,2
17598,"stellar kinematical",2,2
17599,"positive cosmological perturbations",3,2
17600,"total spin down",3,2
17601,"massless minimally coupled",3,2
17602,"dilaton field theories",3,2
17603,"cosmic censorship",2,2
17604,"diagonal metrics",2,2
17605,"nonzero cosmological constant",3,2
17606,"d-1 dimensional spacetime",3,2
17607,"hawking radiation field",3,2
17608,"irrotational binary",2,2
17609,"central singularity formation",3,2
17610,"friedmann lema",2,2
17611,"conformal flatness",2,2
17612,"schwarzschild black holes",3,2
17613,"delay differential",2,2
17614,"free paths",2,2
17615,"foam models",2,2
17616,"horizon scale",2,2
17617,"negatively charged particle",3,2
17618,"parametric amplification",2,2
17619,"non abelian higgs",3,2
17620,"dust particles",2,2
17621,"slow neutron stars",3,2
17622,"holonomy group",2,2
17623,"cmb radiation",2,2
17624,"late time varying",3,2
17625,"colliding systems",2,2
17626,"massive elliptical galaxies",3,2
17627,"double lined",2,2
17628,"dwarf satellites",2,2
17629,"lya absorption systems",3,2
17630,"oxygen rich supernova remnant",4,2
17631,"photometric redshift survey",3,2
17632,"lcdm universe",2,2
17633,"radio halos",2,2
17634,"conservative upper",2,2
17635,"dense cores",2,2
17636,"dirac brueckner",2,2
17637,"tidal torque",2,2
17638,"projected rotational",2,2
17639,"mhd waves",2,2
17640,"clouds hvcs",2,2
17641,"galactic fountain",2,2
17642,"outer halo stars",3,2
17643,"mode rr",2,2
17644,"low mass loss",3,2
17645,"hot white dwarfs",3,2
17646,"post starburst",2,2
17647,"interstellar environment",2,2
17648,"neutral intergalactic",2,2
17649,"hubble type ii",3,2
17650,"molecular outflow",2,2
17651,"forbidden line",2,2
17652,"space telescope compact",3,2
17653,"cooling neutron stars",3,2
17654,"maser emission",2,2
17655,"radio galaxies tend",3,2
17656,"south cdfs",2,2
17657,"strong tidal dwarf",3,2
17658,"high velocity gradients",3,2
17659,"circumnuclear disk",2,2
17660,"confidence interval",2,2
17661,"array vlba",2,2
17662,"triggered star",2,2
17663,"loud quasar",2,2
17664,"explorer rxte observations",3,2
17665,"turbulent interstellar",2,2
17666,"gaussian white",2,2
17667,"galactic supernova remnants",3,2
17668,"magnetized neutron star",3,2
17669,"inverted radio source",3,2
17670,"sub populations",2,2
17671,"concentration index",2,2
17672,"late time dependent",3,2
17673,"low temperature maps",3,2
17674,"deficient stars",2,2
17675,"disk winds",2,2
17676,"hi ratio",2,2
17677,"enhanced abundance",2,2
17678,"infrared counterpart",2,2
17679,"neutron stars nss",3,2
17680,"crab pulsar psr",3,2
17681,"extinction corrected",2,2
17682,"central supermassive black holes",4,2
17683,"total energy distribution",3,2
17684,"unidentified egret sources",3,2
17685,"black holes bhs",3,2
17686,"candidate xte",2,2
17687,"pms stars",2,2
17688,"lower luminosities",2,2
17689,"cooling flow rates",3,2
17690,"telescope compact objects",3,2
17691,"warm dark",2,2
17692,"cool white dwarf",3,2
17693,"common proper",2,2
17694,"thermal emission lines",3,2
17695,"double sided",2,2
17696,"energy tails",2,2
17697,"tidal dwarf galaxies",3,2
17698,"iron line profiles",3,2
17699,"iv absorption systems",3,2
17700,"doppler broadening",2,2
17701,"narrow band filter",3,2
17702,"narrow line profiles",3,2
17703,"abundance gradient",2,2
17704,"passively evolving",2,2
17705,"galactic cap",2,2
17706,"gamma ray pulsars",3,2
17707,"uv absorption lines",3,2
17708,"spectrum synthesis model",3,2
17709,"halo white",2,2
17710,"triggering mechanism",2,2
17711,"spectral synthesis model",3,2
17712,"vi absorption systems",3,2
17713,"hot white dwarf",3,2
17714,"stellar mass gap",3,2
17715,"distant cluster systems",3,2
17716,"exact conservation",2,2
17717,"halo occupation",2,2
17718,"slow neutron",2,2
17719,"ionization front",2,2
17720,"board hst wfpc2",3,2
17721,"non flaring",2,2
17722,"mass accretion rates",3,2
17723,"ionized accretion",2,2
17724,"lateral distribution function",3,2
17725,"planetary camera",2,2
17726,"quiescent phase resolved",3,2
17727,"circumnuclear star formation",3,2
17728,"filamentary structure",2,2
17729,"rotating black",2,2
17730,"low redshift survey 2dfgrs",4,2
17731,"extended gaseous",2,2
17732,"self interacting galaxies",3,2
17733,"stellar mass determinations",3,2
17734,"board chandra",2,2
17735,"evolutionary stages",2,2
17736,"mass function f2",3,2
17737,"digital sky",2,2
17738,"keplerian rotation axis",3,2
17739,"rotation rates",2,2
17740,"iron peak",2,2
17741,"burst grb progenitor star",4,2
17742,"stis spectroscopy",2,2
17743,"tidal debris",2,2
17744,"telescope hst nicmos",3,2
17745,"merging process",2,2
17746,"marginally significant",2,2
17747,"white dwarf companion star",4,2
17748,"rotational velocities",2,2
17749,"interstellar absorption line",3,2
17750,"accretion disk corona",3,2
17751,"rare event",2,2
17752,"error probability distribution",3,2
17753,"eddington ratio",2,2
17754,"telescope hst wfpc2",3,2
17755,"near infrared luminosity evolution",4,2
17756,"type ii supernova",3,2
17757,"hyperluminous infrared",2,2
17758,"iron line seyfert",3,2
17759,"h2o maser",2,2
17760,"ultracompact hii regions",3,2
17761,"absorption line strength",3,2
17762,"photoelectric absorption",2,2
17763,"dwarf elliptical",2,2
17764,"power law continuum limit",4,2
17765,"anomalous diffusion equation",3,2
17766,"functions lfs",2,2
17767,"massive star clusters",3,2
17768,"lya absorption line",3,2
17769,"hump structure",2,2
17770,"space telescope hst wfpc2",4,2
17771,"three dimensional mhd turbulence",4,2
17772,"beam polarization asymmetry",3,2
17773,"warm absorbers",2,2
17774,"supermassive compact object",3,2
17775,"neutrino transport",2,2
17776,"secondary star formation",3,2
17777,"member galaxies",2,2
17778,"unidentified gamma ray emission",4,2
17779,"galaxy clustering amplitude",3,2
17780,"explorer rxte",2,2
17781,"test facility",2,2
17782,"low mass ratio",3,2
17783,"zero redshift survey",3,2
17784,"burning limit",2,2
17785,"absorbing clouds",2,2
17786,"galactic supernova explosions",3,2
17787,"lambda cdm",2,2
17788,"black hole bh mass",4,2
17789,"low inclination",2,2
17790,"optical mo",2,2
17791,"recombination rate",2,2
17792,"disk wind",2,2
17793,"disk corona",2,2
17794,"hot intergalactic",2,2
17795,"galaxies having",2,2
17796,"high velocity spread",3,2
17797,"medium lism",2,2
17798,"symmetric nuclear",2,2
17799,"volume limited",2,2
17800,"ambient gas",2,2
17801,"dusty star forming",3,2
17802,"length scale lengths",3,2
17803,"adiabatic compression",2,2
17804,"nearby seyfert galaxy ngc",4,2
17805,"spectrometer acis",2,2
17806,"ly alpha line",3,2
17807,"contour integral",2,2
17808,"near ir photometry",3,2
17809,"galaxies span",2,2
17810,"small angular distribution",3,2
17811,"cluster core collapse",3,2
17812,"ionized accretion disk",3,2
17813,"ionization fronts",2,2
17814,"range attraction",2,2
17815,"filled hubbard model",3,2
17816,"cherenkov radiation generated",3,2
17817,"fermi liquid gas",3,2
17818,"cascade lasers",2,2
17819,"field cameras",2,2
17820,"three loop diagrams",3,2
17821,"neel temperature",2,2
17822,"ferromagnetic phase approximation",3,2
17823,"film growth",2,2
17824,"exponent beta",2,2
17825,"x2-y2 wave superconductors",3,2
17826,"asymmetric exclusion",2,2
17827,"single cooper pairs",3,2
17828,"hole masses",2,2
17829,"energy range attraction",3,2
17830,"doublet triplet",2,2
17831,"critical current voltage",3,2
17832,"asymptotic expressions",2,2
17833,"dirac sea",2,2
17834,"dispersion profiles",2,2
17835,"current density functional theory",4,2
17836,"organic metals",2,2
17837,"antivortex pairs",2,2
17838,"bond alternation",2,2
17839,"nuclear spin fluctuations",3,2
17840,"three dimensional phi4",3,2
17841,"transverse momentum transfers",3,2
17842,"walled carbon nanotubes",3,2
17843,"density functional theory dft",4,2
17844,"avoiding walk",2,2
17845,"spin split",2,2
17846,"stronger coupling",2,2
17847,"nontrivial fixed point",3,2
17848,"sub leading",2,2
17849,"vibrated granular",2,2
17850,"stm measurements",2,2
17851,"cell volume",2,2
17852,"neutron powder",2,2
17853,"energy ef",2,2
17854,"spin density functional",3,2
17855,"additive hard",2,2
17856,"non adiabatic transitions",3,2
17857,"three terminal",2,2
17858,"giant vortex state",3,2
17859,"quantum dot superconductor",3,2
17860,"raman spectroscopy",2,2
17861,"time domain walls",3,2
17862,"ray scattering length",3,2
17863,"emitting electrons",2,2
17864,"nu tau functions",3,2
17865,"lower cutoff",2,2
17866,"stokes equation",2,2
17867,"homogeneous sine gordon model",4,2
17868,"low energy density matrix",4,2
17869,"giant vortex",2,2
17870,"pseudo spectral",2,2
17871,"mean free networks",3,2
17872,"fully relativistic electrons",3,2
17873,"mean free parameter",3,2
17874,"charged particle identification",3,2
17875,"delphi collaboration",2,2
17876,"bs meson",2,2
17877,"cabibbo favored",2,2
17878,"d0 pi pi0",3,2
17879,"fraction br",2,2
17880,"simple analytic treatment",3,2
17881,"lax representations",2,2
17882,"semiclassical trace",2,2
17883,"master integrals",2,2
17884,"limit hbar",2,2
17885,"chemical species",2,2
17886,"least qualitatively",2,2
17887,"ep scattering",2,2
17888,"squark mass",2,2
17889,"plasma qgp",2,2
17890,"constrained minimal supersymmetric standard model",5,2
17891,"three jet cross section",4,2
17892,"lepton nucleus",2,2
17893,"quark diquark model",3,2
17894,"conventional neutrino oscillation",3,2
17895,"b0-anti b0",2,2
17896,"deeply virtual",2,2
17897,"cp violating phase space",4,2
17898,"electroweak penguin",2,2
17899,"detailed examination",2,2
17900,"charged pion pairs",3,2
17901,"beauty production",2,2
17902,"cpt tests",2,2
17903,"muon anomalous magnetic field",4,2
17904,"charged particle multiplicity distributions",4,2
17905,"magnetic flux tube",3,2
17906,"dijet production rate",3,2
17907,"cleo ii",2,2
17908,"under linux",2,2
17909,"cp eigenstate",2,2
17910,"lambda tev",2,2
17911,"mixing parameter epsilon",3,2
17912,"proton rich",2,2
17913,"orbitally excited",2,2
17914,"colour dipole cross section",4,2
17915,"high velocity dispersion spectra",4,2
17916,"quiet qso",2,2
17917,"vhe gamma",2,2
17918,"superhump period",2,2
17919,"chandrasekhar mass",2,2
17920,"ray luminosity agn",3,2
17921,"redshift interval",2,2
17922,"loud agn",2,2
17923,"mass assembly",2,2
17924,"submillimeter wavelengths",2,2
17925,"orbital eccentricity",2,2
17926,"spiral galaxy formation process",4,2
17927,"zero temperature jump",3,2
17928,"low energy cosmic",3,2
17929,"accretion shock",2,2
17930,"nebula pn",2,2
17931,"density enhancements",2,2
17932,"sky survey 2mass data",4,2
17933,"spatially unresolved",2,2
17934,"marginally consistent",2,2
17935,"integrated sachs wolfe",3,2
17936,"nebular emission lines",3,2
17937,"stellar mass donor star",4,2
17938,"colour gradients",2,2
17939,"interstellar turbulence",2,2
17940,"accretion event",2,2
17941,"molecular hydrogen column densities",4,2
17942,"hires spectra",2,2
17943,"diffuse h2",2,2
17944,"background cmb",2,2
17945,"frequency instrument",2,2
17946,"barred spiral galaxy",3,2
17947,"hawaii telescope",2,2
17948,"spatially coincident",2,2
17949,"spiral galaxy ic",3,2
17950,"ovi absorption line",3,2
17951,"wavelength interval",2,2
17952,"term variability",2,2
17953,"apparently normal",2,2
17954,"stellar surface photometry",3,2
17955,"space telescope hst imaging",4,2
17956,"cross correlation functions",3,2
17957,"ultracompact hii",2,2
17958,"infrared counterparts",2,2
17959,"event selection",2,2
17960,"stellar mass fraction",3,2
17961,"orbit coupling",2,2
17962,"decline rate",2,2
17963,"existing limits",2,2
17964,"whole sky",2,2
17965,"rich cluster centre",3,2
17966,"star rx",2,2
17967,"reynolds numbers",2,2
17968,"supersymmetric dark",2,2
17969,"dusty starburst galaxies",3,2
17970,"sitter solution",2,2
17971,"magnetohydrodynamic simulations",2,2
17972,"galaxies undergoing",2,2
17973,"lyman alpha emitters",3,2
17974,"new class constrained",3,2
17975,"age spread",2,2
17976,"ly alpha emission line",4,2
17977,"region pdr",2,2
17978,"recombination lines",2,2
17979,"clump stars",2,2
17980,"rich disk galaxies",3,2
17981,"nearly circular orbits",3,2
17982,"euv emission lines",3,2
17983,"angular momentum transferred",3,2
17984,"supermassive compact",2,2
17985,"hot intracluster",2,2
17986,"ly alpha emitting",3,2
17987,"compact hii",2,2
17988,"soft gamma ray pulsars axps",5,2
17989,"pulsar sax",2,2
17990,"obscured quasars",2,2
17991,"long timescale",2,2
17992,"source catalog",2,2
17993,"low energy injection",3,2
17994,"total angular distributions",3,2
17995,"taylor expansions",2,2
17996,"ray luminosities",2,2
17997,"uk schmidt",2,2
17998,"ejection events",2,2
17999,"cosmic ray background",3,2
18000,"constructive interference",2,2
18001,"bondi hoyle",2,2
18002,"least two photon",3,2
18003,"temperature rises",2,2
18004,"quark core",2,2
18005,"self absorbed",2,2
18006,"neutrino observatory",2,2
18007,"coulomb breakup",2,2
18008,"solar neutrino data",3,2
18009,"deposited energy",2,2
18010,"strange quark flavors",3,2
18011,"renormalization group improved clover",4,2
18012,"strange quark action",3,2
18013,"lattice gauge field theories",4,2
18014,"quark gluon fields",3,2
18015,"staggered quarks",2,2
18016,"improved staggered",2,2
18017,"finite temperature tc",3,2
18018,"perturbative renormalization constants",3,2
18019,"tadpole improved",2,2
18020,"considerably lower",2,2
18021,"vortex lattice gauge theory",4,2
18022,"gauge invariant mass",3,2
18023,"quantum superstring",2,2
18024,"heavy quark confinement",3,2
18025,"logarithmic accuracy",2,2
18026,"hermitian wilson",2,2
18027,"abelian projected",2,2
18028,"mass eigenvalues",2,2
18029,"bottomonium spectrum",2,2
18030,"dimensional generalizations",2,2
18031,"landau gauge theories",3,2
18032,"ray irradiated",2,2
18033,"general relativistic speeds",3,2
18034,"remnants snrs",2,2
18035,"fast fourier",2,2
18036,"highly absorbed",2,2
18037,"non gaussian features",3,2
18038,"neutrino telescope",2,2
18039,"linearized einstein",2,2
18040,"mid ir flux ratio",4,2
18041,"modified newtonian dynamics",3,2
18042,"formation rates inferred",3,2
18043,"shell correction",2,2
18044,"near threshold value",3,2
18045,"beta decay mode",3,2
18046,"theory chpt",2,2
18047,"target nucleus scattering",3,2
18048,"binomial distribution",2,2
18049,"pion exchange diagrams",3,2
18050,"wave vector dominance",3,2
18051,"simultaneous explanation",2,2
18052,"omega pi pi0 gamma",4,2
18053,"dependent hartree fock",3,2
18054,"gluon plasma qgp formation",4,2
18055,"ultra relativistic heavy ion",4,2
18056,"tensor correlations",2,2
18057,"complex plane wave",3,2
18058,"loff phase",2,2
18059,"subleading order parameter",3,2
18060,"geometric features",2,2
18061,"bogoliubov hfb",2,2
18062,"constituent quark masses",3,2
18063,"psi prime",2,2
18064,"double exponential",2,2
18065,"dilepton invariant mass",3,2
18066,"charged pion production",3,2
18067,"qcd vacuum polarization",3,2
18068,"two photon plus",3,2
18069,"flip amplitude",2,2
18070,"reggeon exchange",2,2
18071,"anomaly mediated",2,2
18072,"fermion mass matrix elements",4,2
18073,"full qcd corrections",3,2
18074,"loop htl",2,2
18075,"gauge coupling strength",3,2
18076,"chiral symmetry enhancement",3,2
18077,"supersymmetric particle content",3,2
18078,"gluon resummation",2,2
18079,"non detection rate",3,2
18080,"non perturbative treatment",3,2
18081,"gluon shadowing",2,2
18082,"constant alphas",2,2
18083,"non detection limit",3,2
18084,"probability density profile",3,2
18085,"perturbative treatment",2,2
18086,"absolute neutrino mass",3,2
18087,"quark gluon distribution function",4,2
18088,"infrared regularization",2,2
18089,"non detection rates",3,2
18090,"high energy range interactions",4,2
18091,"charged fermion mass",3,2
18092,"bjorken scaling",2,2
18093,"near maximal atmospheric",3,2
18094,"two higgs bosons",3,2
18095,"borel sum rule",3,2
18096,"naive factorization",2,2
18097,"gaugino mediation models",3,2
18098,"nnlo qcd corrections",3,2
18099,"current fragmentation",2,2
18100,"polarized parton",2,2
18101,"upgraded tevatron",2,2
18102,"quarkonium physics",2,2
18103,"precision electroweak symmetry breaking",4,2
18104,"electron beam polarization",3,2
18105,"right handed majorana",3,2
18106,"neutral currents generated",3,2
18107,"baseline neutrino oscillation",3,2
18108,"order parameter theta",3,2
18109,"pi0 gamma f0 a0",4,2
18110,"lightest supersymmetric dark matter",4,2
18111,"colour singlet",2,2
18112,"active neutrino mass",3,2
18113,"soft susy gut scale",4,2
18114,"neutralino mass spectrum",3,2
18115,"two flavor symmetry",3,2
18116,"grand unified field theory",4,2
18117,"tau yukawa unification",3,2
18118,"longitudinal gauge theories",3,2
18119,"mediated supersymmetry breaking parameters",4,2
18120,"relic neutrino",2,2
18121,"nuclear reactor neutrino oscillations",4,2
18122,"sneutrino mass",2,2
18123,"neutral gauge boson",3,2
18124,"hard exclusive processes",3,2
18125,"unified theory compactified",3,2
18126,"uhe neutrino mass",3,2
18127,"mirror world",2,2
18128,"small majorana neutrinos",3,2
18129,"hagedorn transition temperature",3,2
18130,"qcd sum over",3,2
18131,"flipped su",2,2
18132,"two dimensional gauged",3,2
18133,"solar axions",2,2
18134,"pseudo goldstone",2,2
18135,"transversely polarized",2,2
18136,"quark gluon emission",3,2
18137,"coupling constant alphas",3,2
18138,"lightest higgs boson mass",4,2
18139,"commutative qed",2,2
18140,"color glass",2,2
18141,"state hyperfine splitting",3,2
18142,"flavour violating couplings",3,2
18143,"gluon propagators",2,2
18144,"lowest order parameter",3,2
18145,"model nmssm",2,2
18146,"susy gut scale",3,2
18147,"light cone sum rules",4,2
18148,"cern large scale",3,2
18149,"ultrahigh energy",2,2
18150,"wave vector mesons",3,2
18151,"sigma meson production",3,2
18152,"local lorentz symmetry",3,2
18153,"lowest energy range",3,2
18154,"magnetically charged particles",3,2
18155,"pole dominance",2,2
18156,"quantization sdlcq",2,2
18157,"inflationary phase transition",3,2
18158,"landau gauge field theory",4,2
18159,"meson production rate",3,2
18160,"latest solar neutrino oscillations",4,2
18161,"brodsky lepage",2,2
18162,"small majorana",2,2
18163,"self interacting dark",3,2
18164,"linear schr",2,2
18165,"order alphas2",2,2
18166,"electron lasers",2,2
18167,"giant dipole",2,2
18168,"oak ridge",2,2
18169,"total angular momentum space",4,2
18170,"neutrino mass hierarchy",3,2
18171,"leptonic mixing matrix",3,2
18172,"water cherenkov",2,2
18173,"uv fixed",2,2
18174,"asymptotically de",2,2
18175,"worldvolume gauge field",3,2
18176,"momentum space time dependent",4,2
18177,"loop corrected",2,2
18178,"noncommutative scalar fields",3,2
18179,"light cone gauge theory",4,2
18180,"gauged linear",2,2
18181,"cft duality",2,2
18182,"positive cosmological constant curvature",4,2
18183,"non extremal black holes",4,2
18184,"shell renormalization",2,2
18185,"dp brane worldvolume",3,2
18186,"local mirror",2,2
18187,"massive dirac fermions",3,2
18188,"bosonic string tension",3,2
18189,"adjoint matter",2,2
18190,"mermin wagner",2,2
18191,"dimensional hilbert problem",3,2
18192,"bps bound",2,2
18193,"iib string theory",3,2
18194,"gauged supergravity multiplet",3,2
18195,"brane antibrane",2,2
18196,"non abelian gauge field theory",5,2
18197,"nonabelian gauge group",3,2
18198,"light cone gauge symmetry",4,2
18199,"3-point function",2,2
18200,"tachyon potential",2,2
18201,"non commutative qed",3,2
18202,"chiral primary",2,2
18203,"eight dimensional supergravity duals",4,2
18204,"cubic open wilson lines",4,2
18205,"z2 orbifold fixed point",4,2
18206,"ricci flat connection",3,2
18207,"noncommutative gauge transformations",3,2
18208,"gepner model",2,2
18209,"space time varying",3,2
18210,"manifestly gauge field",3,2
18211,"charge quantization condition",3,2
18212,"cubic open string theory",4,2
18213,"field theory compactified",3,2
18214,"superstring theory compactified",3,2
18215,"four fermion mass",3,2
18216,"string tachyons",2,2
18217,"dilaton axion",2,2
18218,"atrix theory",2,2
18219,"holographic rg",2,2
18220,"three dimensional minkowski",3,2
18221,"noncommutativity parameter space",3,2
18222,"brst invariant mass",3,2
18223,"bekenstein hawking",2,2
18224,"functional integral equations",3,2
18225,"world sheets",2,2
18226,"superconformal field",2,2
18227,"calabi yau three fold",4,2
18228,"worldvolume gauge field theories",4,2
18229,"orbifold fixed planes",3,2
18230,"infinite dimensional regularization",3,2
18231,"homogeneous electric field",3,2
18232,"exterior derivative",2,2
18233,"near extremal",2,2
18234,"xxz chain",2,2
18235,"topological de sitter",3,2
18236,"topological entropy formula",3,2
18237,"type ii superstring theory",4,2
18238,"first chern simons",3,2
18239,"type iib matrix",3,2
18240,"coupled cft",2,2
18241,"participation ratios",2,1
18242,"linearized augmented",2,1
18243,"bohm ring",2,1
18244,"blockade peaks",2,1
18245,"system size scaling properties",4,1
18246,"hole channels",2,1
18247,"walker flrw",2,1
18248,"standard friedmann robertson",3,1
18249,"holomorphic sections",2,1
18250,"simply connected lie group",4,1
18251,"sitter background",2,1
18252,"granular flows",2,1
18253,"candidate bhc",2,1
18254,"extragalactic radio",2,1
18255,"quasi two step",3,1
18256,"warm dust emission lines",4,1
18257,"cool disk",2,1
18258,"ray emission line profile",4,1
18259,"quasi steady",2,1
18260,"collapse supernova",2,1
18261,"3-sigma upper",2,1
18262,"perseus cluster",2,1
18263,"supermassive compact objects",3,1
18264,"proto stellar",2,1
18265,"neutrino flavors",2,1
18266,"double beta decay rate",4,1
18267,"nuclear recoil",2,1
18268,"hierarchical neutrino oscillations",3,1
18269,"two body charmless hadronic",4,1
18270,"coupling constant alphas mz",4,1
18271,"weak hopf",2,1
18272,"half string theory",3,1
18273,"salpeter equation",2,1
18274,"fock calculations",2,1
18275,"fermi golden",2,1
18276,"pseudo euclidean",2,1
18277,"laser deposition",2,1
18278,"2-point correlation",2,1
18279,"fully analytical",2,1
18280,"mass insertion",2,1
18281,"gaussian ensembles",2,1
18282,"parametric amplifier",2,1
18283,"handed materials",2,1
18284,"deposited onto",2,1
18285,"band hubbard bands",3,1
18286,"af state",2,1
18287,"low reynolds",2,1
18288,"harmonically confined",2,1
18289,"interacting bose einstein",3,1
18290,"proto neutron",2,1
18291,"maxwellian distribution",2,1
18292,"galactic pole",2,1
18293,"ion reactions",2,1
18294,"gamma ray timing",3,1
18295,"interstellar scintillation",2,1
18296,"beta pictoris",2,1
18297,"energy budget",2,1
18298,"integral monte",2,1
18299,"vhe gamma ray",3,1
18300,"actively star",2,1
18301,"european vlbi",2,1
18302,"anomalously low",2,1
18303,"body relaxation",2,1
18304,"gravitationally lensed quasar spectra",4,1
18305,"peaked bl lac",3,1
18306,"frequency shot",2,1
18307,"continuum photons",2,1
18308,"disk becomes",2,1
18309,"north west",2,1
18310,"pah emission",2,1
18311,"young stellar mass function",4,1
18312,"grb 000301c",2,1
18313,"thermal sunyaev",2,1
18314,"zel dovich effect sze",4,1
18315,"active star formation",3,1
18316,"warm disk",2,1
18317,"emission traces",2,1
18318,"star forming dwarf galaxy",4,1
18319,"complex ginzburg",2,1
18320,"dissipative processes",2,1
18321,"current ic",2,1
18322,"2d electron densities",3,1
18323,"ferroelectric transition",2,1
18324,"kardar parisi",2,1
18325,"copper oxide superconductors",3,1
18326,"mode locking",2,1
18327,"interferometric gravitational waves",3,1
18328,"symmetric torsion",2,1
18329,"finitary spacetime",2,1
18330,"chiral constituent",2,1
18331,"antiquark pair",2,1
18332,"leptonic mixing",2,1
18333,"radially excited",2,1
18334,"wall fermion action",3,1
18335,"kt factorization",2,1
18336,"electroweak sudakov",2,1
18337,"model cmssm",2,1
18338,"muon pair",2,1
18339,"nonuniversal gaugino",2,1
18340,"spectral shapes",2,1
18341,"order nnlo",2,1
18342,"singlet axial",2,1
18343,"einstein equivalence",2,1
18344,"fibre bundles",2,1
18345,"jet cross",2,1
18346,"two pion exchange interactions",4,1
18347,"low lying collective excitation",4,1
18348,"frw cosmology",2,1
18349,"odinger equation",2,1
18350,"quantum hall liquid",3,1
18351,"tension sigma",2,1
18352,"intersecting brane world",3,1
18353,"double diffractive vector",3,1
18354,"cone wave",2,1
18355,"lying levels",2,1
18356,"model ssm",2,1
18357,"hubbard type",2,1
18358,"characteristic exponents",2,1
18359,"density nc",2,1
18360,"macroion charge",2,1
18361,"theory dft",2,1
18362,"type spiral",2,1
18363,"superconducting gap equation",3,1
18364,"ac josephson junction",3,1
18365,"nmr relaxation",2,1
18366,"superconductors hts",2,1
18367,"bose condensed",2,1
18368,"molecular bose",2,1
18369,"deep field theory",3,1
18370,"electron gas confined",3,1
18371,"analysis dfa",2,1
18372,"uniform density matrix renormalization group",5,1
18373,"dependent cp",2,1
18374,"contact spectroscopy",2,1
18375,"conductance spectra",2,1
18376,"dilute bose einstein",3,1
18377,"laser ablation",2,1
18378,"spin filtering",2,1
18379,"marginal fermi",2,1
18380,"mixing length scale",3,1
18381,"egret catalog",2,1
18382,"ly beta",2,1
18383,"greisen zatsepin",2,1
18384,"dwt representation",2,1
18385,"hst archive",2,1
18386,"critical point correlation",3,1
18387,"collimated gamma ray",3,1
18388,"exceptionally high",2,1
18389,"energy deposition",2,1
18390,"gravitationally lensed quasar",3,1
18391,"weakly correlated",2,1
18392,"fe xvii",2,1
18393,"kilometer scale",2,1
18394,"burst grb host galaxies",4,1
18395,"relativistic jet break",3,1
18396,"gamma ray absorption",3,1
18397,"sequence fitting",2,1
18398,"intergalactic space",2,1
18399,"period derivatives",2,1
18400,"term variations",2,1
18401,"overtone pulsators",2,1
18402,"bimodal distribution function",3,1
18403,"reddening free",2,1
18404,"non monotonic function",3,1
18405,"light propagates",2,1
18406,"hole spacetimes",2,1
18407,"white dwarf binaries",3,1
18408,"hole solutions",2,1
18409,"brueckner hartree fock",3,1
18410,"exactly solvable model independent",4,1
18411,"relativistic random",2,1
18412,"positron pair",2,1
18413,"too large pt",3,1
18414,"general relativistic heavy ion",4,1
18415,"energy range coulomb breakup",4,1
18416,"baryonic mass spectrum",3,1
18417,"wave pairing interactions",3,1
18418,"infinite nuclear",2,1
18419,"neutrino anomaly",2,1
18420,"thermodynamic consistency",2,1
18421,"rayleigh number",2,1
18422,"granular gas",2,1
18423,"mass spectrometry",2,1
18424,"mass mh",2,1
18425,"current fcnc",2,1
18426,"absolute neutrino oscillations",3,1
18427,"right handed neutrino oscillations",4,1
18428,"susy particle",2,1
18429,"vacuum expectation",2,1
18430,"non zero baryon",3,1
18431,"squared differences",2,1
18432,"neutrino mass matrix elements",4,1
18433,"debye mass",2,1
18434,"nonzero chemical",2,1
18435,"black hole backgrounds",3,1
18436,"kalb ramond field theory",4,1
18437,"worldvolume gauge",2,1
18438,"rigid rotation",2,1
18439,"black hole solutions describing",4,1
18440,"quantum electrodynamical",2,1
18441,"high purity",2,1
18442,"noisy quantum",2,1
18443,"balanced homodyne",2,1
18444,"magnetic field gradients",3,1
18445,"body problems",2,1
18446,"clauser horne",2,1
18447,"displacement field",2,1
18448,"quantum communication channel",3,1
18449,"einstein podolsky",2,1
18450,"rosen paradox",2,1
18451,"causal sets",2,1
18452,"separable hilbert",2,1
18453,"dimensional rectangular",2,1
18454,"fock bogoliubov",2,1
18455,"quantum memories",2,1
18456,"raman adiabatic",2,1
18457,"atom optics",2,1
18458,"dipole trap",2,1
18459,"fourth order parameter",3,1
18460,"entangled photons generated",3,1
18461,"secret key",2,1
18462,"optical resonators",2,1
18463,"two photon splitting",3,1
18464,"weakly interacting bose",3,1
18465,"quantum cryptographic",2,1
18466,"ordered products",2,1
18467,"deutsch jozsa",2,1
18468,"word error",2,1
18469,"constraint logic",2,1
18470,"massively parallel",2,1
18471,"incremental data",2,1
18472,"field south",2,1
18473,"broker architecture",2,1
18474,"existing data management",3,1
18475,"fractional diffusion",2,1
18476,"connected lie",2,1
18477,"dirac bracket",2,1
18478,"hawking entropy formula",3,1
18479,"fock representation",2,1
18480,"hall conductance",2,1
18481,"rational calogero",2,1
18482,"wzw models",2,1
18483,"random potentials",2,1
18484,"quantum hall conductance",3,1
18485,"fourier transform technique",3,1
18486,"tc cuprate superconductor",3,1
18487,"atomic coulomb",2,1
18488,"prl cond",2,1
18489,"joint distribution",2,1
18490,"scaling ansatz",2,1
18491,"cone quantization",2,1
18492,"homogeneous bose",2,1
18493,"2d electron doped",3,1
18494,"magnetic nanoparticles",2,1
18495,"ferromagnetic kondo",2,1
18496,"quantized vortex dynamics",3,1
18497,"transition temperature tc decreases",4,1
18498,"glassy dynamics simulations",3,1
18499,"quantum hall constant",3,1
18500,"energy density operator",3,1
18501,"dimensional organic",2,1
18502,"spin polarized transport properties",4,1
18503,"experimental facts",2,1
18504,"particle orbitals",2,1
18505,"strongly renormalized",2,1
18506,"clock effect",2,1
18507,"large number density wave",4,1
18508,"rung coupling",2,1
18509,"sequential tunneling",2,1
18510,"boron isotope",2,1
18511,"bose einstein condensed gas",4,1
18512,"center phonon frequencies",3,1
18513,"anderson ising",2,1
18514,"tc oxides",2,1
18515,"andreev reflections",2,1
18516,"carlo qmc",2,1
18517,"gauge glass",2,1
18518,"dynamical rules",2,1
18519,"projection operator product",3,1
18520,"tight contact",2,1
18521,"long time interval",3,1
18522,"quantized hall",2,1
18523,"nilpotent lie",2,1
18524,"tautological bundle",2,1
18525,"hopf algebroids",2,1
18526,"angle variables",2,1
18527,"node bifurcations",2,1
18528,"negative schwarzian",2,1
18529,"lie algebroid",2,1
18530,"theorem asserts",2,1
18531,"localization correction",2,1
18532,"planar binary",2,1
18533,"valuation ring",2,1
18534,"zamolodchikov equations",2,1
18535,"integral formulae",2,1
18536,"globular cluster m15",3,1
18537,"young supernova",2,1
18538,"circumnuclear starbursts",2,1
18539,"prompt emission",2,1
18540,"background anisotropy ratio",3,1
18541,"orbit isco",2,1
18542,"adiabatic passage",2,1
18543,"hst imaging spectrograph",3,1
18544,"dielectronic recombination",2,1
18545,"magnetic field planetary nebulae",4,1
18546,"plane fp",2,1
18547,"cyclotron emission",2,1
18548,"synthesis radio",2,1
18549,"normal elliptical",2,1
18550,"foreground emission",2,1
18551,"absorption line intensity",3,1
18552,"mass accretion flow",3,1
18553,"gamma repeaters",2,1
18554,"local interstellar dust",3,1
18555,"proposed snap",2,1
18556,"damped ly",2,1
18557,"non gaussianity",2,1
18558,"array atca observations",3,1
18559,"sufficient numbers",2,1
18560,"formation sf",2,1
18561,"breakup cross sections",3,1
18562,"neutron star rx",3,1
18563,"composite supernova remnants",3,1
18564,"galaxy sbs",2,1
18565,"strongly magnetized neutron stars",4,1
18566,"mid ir imaging",3,1
18567,"deep field hdf north",4,1
18568,"fluctuation dissipation ratio",3,1
18569,"replica symmetry",2,1
18570,"force microscope",2,1
18571,"half filled band hubbard",4,1
18572,"mott insulator transition",3,1
18573,"low energy density wave",4,1
18574,"tightly bound",2,1
18575,"thouless type",2,1
18576,"reversal symmetry breaking",3,1
18577,"dynamic renormalization group",3,1
18578,"high energy barriers",3,1
18579,"dot superconductor",2,1
18580,"phase coherence length xi",4,1
18581,"rg approach",2,1
18582,"salesman problem",2,1
18583,"kondo screening",2,1
18584,"xxz heisenberg model",3,1
18585,"taylor instabilities",2,1
18586,"x2-y2 wave",2,1
18587,"controllable break",2,1
18588,"nano scale",2,1
18589,"nonlinear screening",2,1
18590,"de vries",2,1
18591,"self energy range",3,1
18592,"impedance zs",2,1
18593,"semiconductor superlattices",2,1
18594,"mgb films",2,1
18595,"spin accumulation",2,1
18596,"partially polarized",2,1
18597,"hydrogen h2",2,1
18598,"slightly overdoped bi2212",3,1
18599,"pre exponential",2,1
18600,"characteristic relaxation",2,1
18601,"alpha bedt",2,1
18602,"ttf cu",2,1
18603,"electron gas 2deg",3,1
18604,"band structure constant",3,1
18605,"resistive transition",2,1
18606,"transition temperature jump",3,1
18607,"co tunneling",2,1
18608,"multiple andreev",2,1
18609,"unitary ensemble",2,1
18610,"mn concentrations",2,1
18611,"gumbel distribution",2,1
18612,"nearly completely",2,1
18613,"junction array",2,1
18614,"velocity anisotropy",2,1
18615,"tuned superconductor",2,1
18616,"tunneling rates",2,1
18617,"ising ferromagnet",2,1
18618,"zone center phonon",3,1
18619,"homogeneous magnetic",2,1
18620,"second harmonics",2,1
18621,"molecule magnets",2,1
18622,"superconducting ground",2,1
18623,"underdoped high tc",3,1
18624,"dynamic renormalization",2,1
18625,"bond lengths",2,1
18626,"strain relations",2,1
18627,"tc cuprate",2,1
18628,"linearized augmented plane",3,1
18629,"conductivity kappa",2,1
18630,"insulator transition metals",3,1
18631,"metastable helium",2,1
18632,"ab initio molecular",3,1
18633,"baxter equations",2,1
18634,"degenerate ground",2,1
18635,"single impurity potential",3,1
18636,"two component fermi gas",4,1
18637,"bedt ttf cu ncs",4,1
18638,"tc superconductors htsc",3,1
18639,"slightly overdoped",2,1
18640,"special lagrangians",2,1
18641,"landau gl",2,1
18642,"atiyah singer",2,1
18643,"non linear schr odinger",4,1
18644,"central limit theorems",3,1
18645,"yau manifold",2,1
18646,"chern characters",2,1
18647,"value decomposition",2,1
18648,"mukai transform",2,1
18649,"yau 3-folds",2,1
18650,"su nc",2,1
18651,"adjacent letters",2,1
18652,"valued measure",2,1
18653,"weight representations",2,1
18654,"semisimple hopf",2,1
18655,"line bundle over",3,1
18656,"beta geq",2,1
18657,"point correlation kernel",3,1
18658,"plancherel formula",2,1
18659,"dimension df",2,1
18660,"special holonomy",2,1
18661,"law tail",2,1
18662,"hyperk ahler",2,1
18663,"homotopy associative",2,1
18664,"non trivially",2,1
18665,"chern connes",2,1
18666,"conformal symmetry breaking",3,1
18667,"relativistic composite",2,1
18668,"law inflation",2,1
18669,"minimal coupling regime",3,1
18670,"viscous cosmological",2,1
18671,"local lorentz covariant under",4,1
18672,"chern simons theories",3,1
18673,"barrett crane",2,1
18674,"lemaitre tolman",2,1
18675,"assisted inflation",2,1
18676,"angular momentum tensor",3,1
18677,"spectral rigidity",2,1
18678,"conformal killing",2,1
18679,"lie group actions",3,1
18680,"spin polarised",2,1
18681,"positively curved",2,1
18682,"second post",2,1
18683,"mass mbh",2,1
18684,"linear dilaton",2,1
18685,"evolutionary path",2,1
18686,"type ii vi",3,1
18687,"bohm effect",2,1
18688,"finite dimensional spacetime",3,1
18689,"energy heterotic",2,1
18690,"mechanics qm",2,1
18691,"adiabatic indices",2,1
18692,"null cone",2,1
18693,"intrinsically non",2,1
18694,"generalized tortoise",2,1
18695,"intrinsic angular",2,1
18696,"late time scale",3,1
18697,"time varying fine structure",4,1
18698,"einstein condensed",2,1
18699,"censorship conjecture",2,1
18700,"symmetric perfect fluid",3,1
18701,"radio relics",2,1
18702,"halpha line",2,1
18703,"long time lag",3,1
18704,"strong tidal",2,1
18705,"probable value",2,1
18706,"fermi velocity profile",3,1
18707,"radial velocity dispersions",3,1
18708,"young stellar associations",3,1
18709,"frequency qpos",2,1
18710,"ray loud",2,1
18711,"ray eclipse",2,1
18712,"rest wavelength",2,1
18713,"polycyclic aromatic",2,1
18714,"cone distribution",2,1
18715,"frequency vla",2,1
18716,"chandra deep field",3,1
18717,"rate sfr",2,1
18718,"galaxy akn",2,1
18719,"three body simulation",3,1
18720,"structure formation histories",3,1
18721,"pure luminosity",2,1
18722,"ray emitters",2,1
18723,"background radiation era",3,1
18724,"methanol masers",2,1
18725,"radial motions",2,1
18726,"neutrino sector",2,1
18727,"gas onto black hole",4,1
18728,"local bubble",2,1
18729,"ray transient xte",3,1
18730,"nucleosynthesis bbn",2,1
18731,"galactic foregrounds",2,1
18732,"gamma ray binary",3,1
18733,"fossil radio",2,1
18734,"hubble sequence stars",3,1
18735,"high energy radiated",3,1
18736,"kinetic sz",2,1
18737,"dark bursts",2,1
18738,"neutrino burst",2,1
18739,"gamma ray cr",3,1
18740,"formation activity",2,1
18741,"too low energy",3,1
18742,"archival rxte",2,1
18743,"highly reddened",2,1
18744,"hot bottom",2,1
18745,"kev rest",2,1
18746,"wdm models",2,1
18747,"mm continuum",2,1
18748,"spectrograph stis",2,1
18749,"sdss commissioning",2,1
18750,"stellar associations",2,1
18751,"star formation sf",3,1
18752,"telescope gmrt",2,1
18753,"pulsar polar",2,1
18754,"high resolution mid",3,1
18755,"imaging cherenkov",2,1
18756,"burst grb progenitors",3,1
18757,"extrasolar planetary",2,1
18758,"energy cosmic microwave",3,1
18759,"resonance doublet",2,1
18760,"m1 msun",2,1
18761,"central cusps",2,1
18762,"galaxy mrk",2,1
18763,"hi absorption line",3,1
18764,"interstellar extinction",2,1
18765,"interstellar dust particles",3,1
18766,"visual extinction",2,1
18767,"warm dark matter halos",4,1
18768,"tidal dwarf spheroidal",3,1
18769,"matter haloes",2,1
18770,"transparency eit",2,1
18771,"high velocity curve",3,1
18772,"brown dwarf companion",3,1
18773,"arches cluster",2,1
18774,"cold dark matter cdm models",5,1
18775,"arcminute scale",2,1
18776,"temperature teff",2,1
18777,"constant lambda cdm model",4,1
18778,"clusters m3",2,1
18779,"mira variables",2,1
18780,"bottom burning",2,1
18781,"accretion geometry",2,1
18782,"field planetary",2,1
18783,"vacuum energy cosmic coincidence",4,1
18784,"hot big",2,1
18785,"wind blown",2,1
18786,"ionized igm",2,1
18787,"ovi emission",2,1
18788,"neutrino puzzle",2,1
18789,"radio loud active galaxies",4,1
18790,"unidentified gamma",2,1
18791,"cloud smc",2,1
18792,"he burning",2,1
18793,"strong balmer",2,1
18794,"radio lobes",2,1
18795,"coulomb dissociation",2,1
18796,"magellanic stream",2,1
18797,"kamiokande data",2,1
18798,"two body relaxation time",4,1
18799,"ultra high energy spectrum",4,1
18800,"inner edge",2,1
18801,"accreting black",2,1
18802,"flow clusters",2,1
18803,"older stellar population",3,1
18804,"age indicator",2,1
18805,"dla systems",2,1
18806,"mosaic camera",2,1
18807,"surface gravities",2,1
18808,"shot noise level",3,1
18809,"radio flares",2,1
18810,"atoll sources",2,1
18811,"low frequency qpos",3,1
18812,"atmospheric cherenkov telescope",3,1
18813,"conventional neutrino",2,1
18814,"density cusp",2,1
18815,"critical reynolds",2,1
18816,"slope gamma ray",3,1
18817,"structure formation activity",3,1
18818,"exponential disk",2,1
18819,"air shower maximum",3,1
18820,"hole candidate",2,1
18821,"rapid neutron",2,1
18822,"reheat temperature",2,1
18823,"metal poor globular cluster",4,1
18824,"luminosity agn activity",3,1
18825,"clusters sscs",2,1
18826,"extragalactic magnetic",2,1
18827,"nir colors",2,1
18828,"damped lya",2,1
18829,"lac object",2,1
18830,"angular clustering properties",3,1
18831,"hipparcos catalogue",2,1
18832,"relativistic jet opening angle",4,1
18833,"central supermassive black hole",4,1
18834,"ir flux density",3,1
18835,"low redshift space telescope",4,1
18836,"source count",2,1
18837,"sherrington kirkpatrick",2,1
18838,"hundred thousand",2,1
18839,"relaxation time evolution",3,1
18840,"specific heat treatment",3,1
18841,"kappa bedt ttf cu ncs",5,1
18842,"colloidal suspensions",2,1
18843,"two dimensional phi4",3,1
18844,"vortex configuration",2,1
18845,"small angular power law",4,1
18846,"linearly unstable",2,1
18847,"correlation kernel",2,1
18848,"control room",2,1
18849,"beam epitaxy",2,1
18850,"shubnikov de",2,1
18851,"non uniform distribution",3,1
18852,"dimensional electron correlations",3,1
18853,"spinor bose einstein",3,1
18854,"spin-1 bose",2,1
18855,"number density functional theory",4,1
18856,"criticality soc",2,1
18857,"intrinsic josephson",2,1
18858,"spin polarized tunneling current",4,1
18859,"differential cross",2,1
18860,"differential elliptic",2,1
18861,"taylor series",2,1
18862,"percolating phase",2,1
18863,"two body problems",3,1
18864,"heisenberg uncertainty",2,1
18865,"ordered insulating",2,1
18866,"si inversion",2,1
18867,"standard model incorporating",3,1
18868,"geometric phase transition",3,1
18869,"phi4 field",2,1
18870,"quarter filled hubbard model",4,1
18871,"nearest neighbor ising",3,1
18872,"2d hubbard",2,1
18873,"high energy density fluctuations",4,1
18874,"phase approximation rpa",3,1
18875,"transition temperature tg",3,1
18876,"point correlation lengths",3,1
18877,"magnetic impurity concentration",3,1
18878,"fermi liquid metals",3,1
18879,"quantum hall edge",3,1
18880,"quantitative explanation",2,1
18881,"dimensional edwards",2,1
18882,"diagrammatic perturbation",2,1
18883,"resonant raman",2,1
18884,"rich globular",2,1
18885,"fermi liquid nfl",3,1
18886,"component bose einstein",3,1
18887,"rotating bose",2,1
18888,"soft glassy",2,1
18889,"field hc",2,1
18890,"random resistor",2,1
18891,"cumulative distribution function",3,1
18892,"spin-1 xxz chain",3,1
18893,"partially filled landau level",4,1
18894,"factor nu",2,1
18895,"poisson distribution function",3,1
18896,"filled landau",2,1
18897,"magneto optical lattice",3,1
18898,"centered cubic",2,1
18899,"non gaussian tail",3,1
18900,"random bond ising model",4,1
18901,"ideal bose gas confined",4,1
18902,"x2-y2 pairing",2,1
18903,"point like fermi liquid",4,1
18904,"screw dislocations",2,1
18905,"spin echo",2,1
18906,"microscope stm measurements",3,1
18907,"resonance nqr",2,1
18908,"conductivity sigma1",2,1
18909,"gaussian noises",2,1
18910,"underdoped high",2,1
18911,"fermi pasta",2,1
18912,"si quantum computer",3,1
18913,"protein folds",2,1
18914,"particle moving around",3,1
18915,"field sweep",2,1
18916,"bose glass",2,1
18917,"polarized tunneling",2,1
18918,"multi strange",2,1
18919,"smectic liquid",2,1
18920,"neighbor exchange",2,1
18921,"dimer phase",2,1
18922,"organized criticality",2,1
18923,"two component bose einstein",4,1
18924,"fermi edge",2,1
18925,"k0 pi0 gamma",3,1
18926,"cu nuclear",2,1
18927,"lightest chargino",2,1
18928,"reactor neutrino",2,1
18929,"dense nuclear",2,1
18930,"psi k0s",2,1
18931,"stanford linear",2,1
18932,"perron operator",2,1
18933,"stripe pattern",2,1
18934,"boundary sine",2,1
18935,"gordon equation",2,1
18936,"limited aggregation",2,1
18937,"lifshitz equation",2,1
18938,"circularly polarized",2,1
18939,"spiral pattern",2,1
18940,"matrix ensembles",2,1
18941,"dimensional magnetohydrodynamic",2,1
18942,"harmonic inversion",2,1
18943,"maxwell bloch",2,1
18944,"lda dmft",2,1
18945,"differential resistance",2,1
18946,"relaxation time t1",3,1
18947,"international conference summary",3,1
18948,"kamiokande detector",2,1
18949,"c.l upper",2,1
18950,"nuclear recoils",2,1
18951,"positron beam",2,1
18952,"eta q2",2,1
18953,"decaying higgs boson",3,1
18954,"end electronics",2,1
18955,"missing transverse",2,1
18956,"bent crystals",2,1
18957,"photon statistics",2,1
18958,"pomeron exchange processes",3,1
18959,"branching fractions br",3,1
18960,"hadron collider rhic",3,1
18961,"pi0 nu",2,1
18962,"emission weighted",2,1
18963,"uma stars",2,1
18964,"extragalactic magnetic field",3,1
18965,"ionizing flux",2,1
18966,"accretion disk wind models",4,1
18967,"total column",2,1
18968,"deep field hdf",3,1
18969,"slowly rotating neutron star",4,1
18970,"upper layers",2,1
18971,"background cmb temperature",3,1
18972,"angular momentum transfer rate",4,1
18973,"dust column densities",3,1
18974,"high energy budget",3,1
18975,"accretion disk geometry",3,1
18976,"mass function lf",3,1
18977,"supermassive black",2,1
18978,"young association",2,1
18979,"sky survey covers",3,1
18980,"nearby spiral",2,1
18981,"error budget",2,1
18982,"virialized systems",2,1
18983,"mass accretion disc around",4,1
18984,"survey 2dfgrs",2,1
18985,"thick accretion",2,1
18986,"spectral synthesis",2,1
18987,"bohm oscillations",2,1
18988,"accretion disk winds",3,1
18989,"21cm absorption",2,1
18990,"intermediate mass function",3,1
18991,"high energy released",3,1
18992,"prime power law",3,1
18993,"radio loudness",2,1
18994,"cosmological hydrodynamic",2,1
18995,"cloud lmc",2,1
18996,"cooler gas",2,1
18997,"differential extinction",2,1
18998,"cluster tucanae",2,1
18999,"synthesis code",2,1
19000,"cross check",2,1
19001,"enclosed mass",2,1
19002,"rotational band",2,1
19003,"ultraviolet euv",2,1
19004,"iue spectra",2,1
19005,"white dwarf novae",3,1
19006,"host galaxy mergers",3,1
19007,"lens potential",2,1
19008,"observational bias",2,1
19009,"short grbs",2,1
19010,"spectral slope gamma",3,1
19011,"young stellar wind",3,1
19012,"index gamma ray bursts",4,1
19013,"afterglow emission",2,1
19014,"strange quark core",3,1
19015,"ion collision",2,1
19016,"galactic ridge",2,1
19017,"zeldovich effect",2,1
19018,"south galactic",2,1
19019,"group dwarf",2,1
19020,"space telescope compact objects",4,1
19021,"general relativistic astrophysics",3,1
19022,"mid infrared space",3,1
19023,"selection biases",2,1
19024,"giant metrewave radio telescope",4,1
19025,"host galaxy ngc",3,1
19026,"law slopes",2,1
19027,"angular correlation length",3,1
19028,"las campanas distant cluster",4,1
19029,"rich cluster environments",3,1
19030,"sight velocity",2,1
19031,"isolated neutron",2,1
19032,"seyfert 2s",2,1
19033,"tidal dwarf spheroidals",3,1
19034,"gamma ray binary system",4,1
19035,"break frequency",2,1
19036,"background radiation cmbr",3,1
19037,"instrumental noise",2,1
19038,"absorbed power",2,1
19039,"clustering strength",2,1
19040,"alfven waves",2,1
19041,"broad line seyfert galaxy",4,1
19042,"high temperature jump",3,1
19043,"jones fluid",2,1
19044,"transmission grating spectrometer",3,1
19045,"einstein medium sensitivity",3,1
19046,"old metal rich",3,1
19047,"asymmetric nuclear",2,1
19048,"lined spectroscopic",2,1
19049,"weak lensing studies",3,1
19050,"kerr black",2,1
19051,"density omegab",2,1
19052,"blue hb",2,1
19053,"radio source rx",3,1
19054,"neutron star rx j1856.5-3754",4,1
19055,"abundance anomalies",2,1
19056,"gyr old globular clusters",4,1
19057,"rgb bump",2,1
19058,"rich envelope",2,1
19059,"slow light curve",3,1
19060,"angular extent",2,1
19061,"steep power",2,1
19062,"cluster core radii",3,1
19063,"hobby eberly",2,1
19064,"length r0",2,1
19065,"sub eddington",2,1
19066,"accretion induced",2,1
19067,"relativistic blast",2,1
19068,"metal deficient",2,1
19069,"magnetic braking",2,1
19070,"21cm line",2,1
19071,"multiband optical",2,1
19072,"white nfw",2,1
19073,"france hawaii telescope",3,1
19074,"low energy cosmic rays",4,1
19075,"transition mit",2,1
19076,"active neutrino observatory sno",4,1
19077,"peripheral heavy",2,1
19078,"thouless transition",2,1
19079,"improved gauge group",3,1
19080,"tadpole improved clover",3,1
19081,"quenched domain",2,1
19082,"ym theory",2,1
19083,"critical endpoint",2,1
19084,"meson propagator",2,1
19085,"non perturbative matching",3,1
19086,"landau gauge coupling constant",4,1
19087,"jona lasinio",2,1
19088,"threshold bound",2,1
19089,"bare quark",2,1
19090,"improved gauge symmetry",3,1
19091,"leading isospin",2,1
19092,"uv mixing",2,1
19093,"staggered quark",2,1
19094,"dwarf desert",2,1
19095,"angular sizes",2,1
19096,"photon indices",2,1
19097,"hi deficient",2,1
19098,"ray emissions",2,1
19099,"zero baryon",2,1
19100,"zn fe ratio",3,1
19101,"dimensional mhd",2,1
19102,"luminous seyfert galaxy",3,1
19103,"three active galactic",3,1
19104,"galaxies lbgs",2,1
19105,"galactic coordinates",2,1
19106,"impact parameter alpha",3,1
19107,"brightness fluctuation",2,1
19108,"molecular hydrogen column density",4,1
19109,"energy uhe",2,1
19110,"uma type",2,1
19111,"amplitude ratios",2,1
19112,"convection zones",2,1
19113,"broad band photometry",3,1
19114,"gaseous envelopes",2,1
19115,"camera wfpc2",2,1
19116,"background cmb temperature anisotropies",4,1
19117,"evolutionary phases",2,1
19118,"nonequilibrium dynamics simulations",3,1
19119,"inner lindblad",2,1
19120,"prominent emission",2,1
19121,"situ annealing",2,1
19122,"poloidal magnetic",2,1
19123,"formation rate sfr estimates",4,1
19124,"nn potentials",2,1
19125,"nuclear breakup",2,1
19126,"proton deuteron breakup threshold",4,1
19127,"antikaon nucleon",2,1
19128,"quark gluon fusion",3,1
19129,"nonextensive statistical",2,1
19130,"type ix",2,1
19131,"delta rho omega pi",4,1
19132,"pion exchange potentials",3,1
19133,"heavy ion collider",3,1
19134,"variational monte",2,1
19135,"low density wave function",4,1
19136,"neutrino mixing matrix elements",4,1
19137,"dual parton",2,1
19138,"deuteron scattering",2,1
19139,"isospin fluctuations",2,1
19140,"cp violating phase",3,1
19141,"doubly cabibbo",2,1
19142,"electroweak phase",2,1
19143,"superpartner spectrum",2,1
19144,"quartic gauge symmetry",3,1
19145,"absolute neutrino",2,1
19146,"violating lfv",2,1
19147,"high energy cosmic string",4,1
19148,"gluon emission",2,1
19149,"vacuum stress",2,1
19150,"deconfining phase",2,1
19151,"ginzburg landau gauge theory",4,1
19152,"following branching",2,1
19153,"higgs boson fusion",3,1
19154,"neutral gauge",2,1
19155,"qcd sum",2,1
19156,"thick brane",2,1
19157,"flavor violating interactions",3,1
19158,"cosmic ray bursts",3,1
19159,"atmospheric neutrino oscillation",3,1
19160,"doublet model sm",3,1
19161,"quark gluon fusion process",4,1
19162,"muon spin polarized",3,1
19163,"ii supernovae",2,1
19164,"neutrino luminosities",2,1
19165,"minimal supersymmetric dark matter",4,1
19166,"current cc",2,1
19167,"spin polarized gluon",3,1
19168,"angle msw solution",3,1
19169,"universal gaugino",2,1
19170,"baseline neutrino",2,1
19171,"solar neutrino oscillation parameters",4,1
19172,"analytic running",2,1
19173,"chiral symmetry hls",3,1
19174,"active neutrino mixing matrix",4,1
19175,"neutralino pair",2,1
19176,"unified field",2,1
19177,"sudbury neutrino oscillations",3,1
19178,"weakly interacting dark matter",4,1
19179,"active neutrino mixing",3,1
19180,"differential branching",2,1
19181,"high energy uhe",3,1
19182,"superconducting gap opens",3,1
19183,"see saw models",3,1
19184,"ultrahigh energy cosmic",3,1
19185,"dressed quark",2,1
19186,"transverse momentum distribution functions",4,1
19187,"light cone distribution function",4,1
19188,"higgs boson production rate",4,1
19189,"njl type",2,1
19190,"picture gvd",2,1
19191,"perturbative qcd factorization approach",4,1
19192,"single particle creation",3,1
19193,"spin polarized parton distributions",4,1
19194,"heavy ion beam energies",4,1
19195,"heavy majorana neutrino mixing",4,1
19196,"active neutrino flux ratio",4,1
19197,"charge density operator",3,1
19198,"indirect cp",2,1
19199,"bose einstein radius",3,1
19200,"dimensional georgi",2,1
19201,"lambda polarization asymmetries",3,1
19202,"tau unification",2,1
19203,"spin polarized parton",3,1
19204,"exclusion process",2,1
19205,"extended technicolor",2,1
19206,"standard model 2hdm",3,1
19207,"conventional neutrino oscillations",3,1
19208,"higgs scalars",2,1
19209,"free energy scales",3,1
19210,"large extra spatial dimensions",4,1
19211,"triple gauge",2,1
19212,"total angular power",3,1
19213,"cfl phase locked",3,1
19214,"gluon fusion process",3,1
19215,"direct cp asymmetry",3,1
19216,"ckm unitarity",2,1
19217,"factorization scale",2,1
19218,"flavor locking",2,1
19219,"factorization scheme",2,1
19220,"leading twist three",3,1
19221,"light sterile neutrino oscillations",4,1
19222,"self compton",2,1
19223,"parton showers",2,1
19224,"zeroth order parameter",3,1
19225,"reactor neutrino oscillations",3,1
19226,"space time interval",3,1
19227,"infinite dimensional minkowski",3,1
19228,"higgsino mass",2,1
19229,"m2 tan2",2,1
19230,"hyperon decays",2,1
19231,"higgs boson mass mh gev",5,1
19232,"direct urca",2,1
19233,"improved parton",2,1
19234,"scattering dis",2,1
19235,"leptonic mixing parameter",3,1
19236,"strangeness suppression",2,1
19237,"naive factorization approach",3,1
19238,"boson fusion",2,1
19239,"rare kaon",2,1
19240,"polarized gluon",2,1
19241,"mean free parameters",3,1
19242,"higgs boson mass ranges",4,1
19243,"gap survival",2,1
19244,"meson spectroscopy",2,1
19245,"genuine cp",2,1
19246,"riemann sheet",2,1
19247,"crystalline color",2,1
19248,"heavy quark mass spectrum",4,1
19249,"standard solar neutrino oscillations",4,1
19250,"singlet higgs bosons",3,1
19251,"mass mh gev",3,1
19252,"monte carlo event generator",4,1
19253,"total mass spectrum",3,1
19254,"field theory living",3,1
19255,"simple toy",2,1
19256,"ambient pressure",2,1
19257,"quantum brownian",2,1
19258,"dilute bose",2,1
19259,"potential depth",2,1
19260,"accelerator control",2,1
19261,"data management",2,1
19262,"electron microscope",2,1
19263,"teller effect",2,1
19264,"pair tunneling",2,1
19265,"approximate analytic",2,1
19266,"high significance",2,1
19267,"finite size distributions",3,1
19268,"angular momentum vectors",3,1
19269,"periodically bent",2,1
19270,"beam spot",2,1
19271,"energy spread",2,1
19272,"slow group",2,1
19273,"prior probability distribution",3,1
19274,"oriented software",2,1
19275,"orbit feedback control system",4,1
19276,"powder diffraction",2,1
19277,"high precision timing",3,1
19278,"sequence pms",2,1
19279,"non existent",2,1
19280,"wise form",2,1
19281,"raman active",2,1
19282,"singly charged",2,1
19283,"unrestricted hartree",2,1
19284,"field theory dmft",3,1
19285,"sundrum model",2,1
19286,"quark gluon radiation",3,1
19287,"aleph delphi",2,1
19288,"non relativistic corrections",3,1
19289,"heavy ion collision dynamics",4,1
19290,"higgs doublet triplet splitting",4,1
19291,"neutrino mass generation",3,1
19292,"hyperfine interactions",2,1
19293,"time dependent cp violating",4,1
19294,"conventional neutrino mass",3,1
19295,"spin polarized pp collisions",4,1
19296,"longitudinal gauge",2,1
19297,"ion collider",2,1
19298,"lightest neutrino mixing",3,1
19299,"tuning solution",2,1
19300,"standard model mssm parameter",4,1
19301,"hierarchical neutrino mixing",3,1
19302,"coulomb gauge group",3,1
19303,"two dimensional spacetime dimensions",4,1
19304,"perturbed conformal field theories",4,1
19305,"non abelian gauge coupling",4,1
19306,"two higgs fields",3,1
19307,"tachyon vacuum",2,1
19308,"momentum tensors",2,1
19309,"gauge field theoretic",3,1
19310,"calogero moser sutherland model",4,1
19311,"free path integral",3,1
19312,"diagonalization technique",2,1
19313,"susy yang",2,1
19314,"quasi two classes",3,1
19315,"nonabelian gauge theory",3,1
19316,"topological ads cft",3,1
19317,"cp invariance",2,1
19318,"inverse power series",3,1
19319,"holographic renormalization",2,1
19320,"skyrme hartree",2,1
19321,"topological black holes",3,1
19322,"witten map",2,1
19323,"charged black branes",3,1
19324,"total angular distribution function",4,1
19325,"closed string tension",3,1
19326,"explicit computations",2,1
19327,"feynman path integral",3,1
19328,"infeld theory",2,1
19329,"berezinskii kosterlitz",2,1
19330,"theory living",2,1
19331,"near extremal black hole",4,1
19332,"pure ads black hole",4,1
19333,"zeta function zeroes",3,1
19334,"s1 z2 symmetry breaking",4,1
19335,"five dimensional minkowski",3,1
19336,"bogoliubov de",2,1
19337,"anisotropic brane",2,1
19338,"transversally polarized",2,1
19339,"manifestly gauge",2,1
19340,"many body problems",3,1
19341,"holographic entropy",2,1
19342,"spontaneous supersymmetry breaking",3,1
19343,"gauged wzw",2,1
19344,"spontaneous cp",2,1
19345,"broken rotational",2,1
19346,"dirichlet boundary states",3,1
19347,"ramond fields",2,1
19348,"cpt violating",2,1
19349,"principles calculations",2,1
19350,"sitter spacetime",2,1
19351,"order parameter lambda",3,1
19352,"magnetic induction",2,1
19353,"lifshitz point",2,1
19354,"wilsonian renormalization group",3,1
19355,"5d vacuum",2,1
19356,"induced chern simons",3,1
19357,"string theory qft",3,1
19358,"lie superalgebras",2,1
19359,"renormalization theorems",2,1
19360,"type iib string tension",4,1
19361,"newton wigner",2,1
19362,"frobenius schur",2,1
19363,"toda field theories",3,1
19364,"uniform electric fields",3,1
19365,"abelian born infeld",3,1
19366,"two dimensional planck mass",4,1
19367,"cpt symmetry",2,1
19368,"iib string",2,1
19369,"quantum supergroup",2,1
19370,"chern simons cs",3,1
19371,"g2 metrics",2,1
19372,"symanzik equation",2,1
19373,"type ii superstring theories",4,1
19374,"light cone gauge coupling",4,1
19375,"pure ads cft correspondence",4,1
19376,"giant graviton",2,1
19377,"vortex loops",2,1
19378,"ds cft",2,1
19379,"sitter spaces",2,1
