rank,term,n_tokens,freq
1,"field theory",2,880
2,"two dimensional",2,865
3,"magnetic field",2,864
4,"standard model",2,775
5,"first order",2,595
6,"ground state",2,567
7,"phase transition",2,544
8,"experimental data",2,507
9,"low energy",2,499
10,"large number",2,424
11,"high resolution",2,413
12,"gauge theory",2,400
13,"high energy",2,366
14,"new approach",2,365
15,"finite dimensional",2,357
16,"leading order",2,354
17,"numerical simulations",2,348
18,"time dependent",2,347
19,"space time",2,318
20,"power law",2,315
21,"low temperature",2,309
22,"phys rev",2,308
23,"ray emission",2,305
24,"cross section",2,303
25,"energy spectrum",2,295
26,"low density",2,288
27,"quantum mechanics",2,288
28,"boundary conditions",2,285
29,"dynamical systems",2,284
30,"cross sections",2,281
31,"power spectrum",2,275
32,"new physics",2,275
33,"order parameter",2,274
34,"non trivial",2,269
35,"large scale",2,268
36,"phase space",2,266
37,"non zero",2,260
38,"long range",2,259
39,"time evolution",2,257
40,"zero temperature",2,257
41,"effective action",2,251
42,"new class",2,248
43,"special case",2,244
44,"three dimensions",2,236
45,"mean field",2,236
46,"perturbation theory",2,234
47,"three dimensional",2,233
48,"critical point",2,233
49,"black holes",2,230
50,"model independent",2,227
51,"spectral properties",2,225
52,"second order",2,225
53,"quantum gravity",2,224
54,"free energy",2,223
55,"two body",2,223
56,"structure functions",2,221
57,"general relativity",2,219
58,"strong coupling",2,214
59,"physical properties",2,214
60,"renormalization group",2,213
61,"bound state",2,207
62,"non linear",2,207
63,"final state",2,207
64,"higher order",2,204
65,"exact solutions",2,203
66,"two loop",2,202
67,"two types",2,201
68,"correlation functions",2,200
69,"structure function",2,198
70,"high temperature",2,198
71,"long time",2,196
72,"parameter space",2,195
73,"cosmological constant",2,192
74,"single particle",2,191
75,"wave function",2,190
76,"detailed analysis",2,188
77,"angular momentum",2,186
78,"dark matter",2,186
79,"temperature dependence",2,185
80,"lattice qcd",2,184
81,"string theory",2,183
82,"two component",2,182
83,"moduli space",2,179
84,"two dimensions",2,177
85,"data set",2,177
86,"non local",2,176
87,"wave functions",2,175
88,"theoretical calculations",2,175
89,"self consistent",2,175
90,"scalar field",2,174
91,"effective potential",2,174
92,"critical temperature",2,173
93,"magnetic fields",2,173
94,"finite number",2,172
95,"system size",2,171
96,"distribution function",2,167
97,"four dimensions",2,165
98,"matrix elements",2,164
99,"two components",2,164
100,"energy density",2,163
101,"non equilibrium",2,161
102,"quantum information",2,161
103,"electromagnetic field",2,159
104,"correlation function",2,159
105,"short range",2,159
106,"sigma model",2,158
107,"mass function",2,157
108,"monte carlo simulations",3,157
109,"local group",2,156
110,"fixed point",2,156
111,"self energy",2,156
112,"phase transitions",2,156
113,"pure states",2,155
114,"cosmological models",2,155
115,"symmetry breaking",2,154
116,"high frequency",2,154
117,"available data",2,154
118,"small values",2,152
119,"total energy",2,151
120,"monte carlo",2,151
121,"neutron stars",2,151
122,"low mass",2,151
123,"black hole",2,151
124,"form factors",2,149
125,"classical limit",2,149
126,"einstein equations",2,149
127,"mass ratio",2,149
128,"infinite dimensional",2,148
129,"invariant under",2,148
130,"vacuum energy",2,147
131,"light curves",2,146
132,"finite temperature",2,146
133,"low temperatures",2,144
134,"effective mass",2,144
135,"radio galaxies",2,144
136,"self similar",2,142
137,"large class",2,141
138,"two photon",2,141
139,"probability distribution",2,139
140,"arbitrary number",2,138
141,"early universe",2,138
142,"statistical properties",2,137
143,"galaxy clusters",2,137
144,"non compact",2,136
145,"external field",2,136
146,"exact solution",2,136
147,"hilbert space",2,134
148,"quantum mechanical",2,134
149,"four dimensional",2,133
150,"complete set",2,132
151,"coherent states",2,131
152,"theoretical analysis",2,131
153,"theoretical predictions",2,131
154,"real space",2,130
155,"optical spectra",2,130
156,"particle physics",2,129
157,"point like",2,129
158,"band structure",2,128
159,"non relativistic",2,127
160,"specific heat",2,127
161,"spectral energy",2,127
162,"matter fields",2,127
163,"numerical calculations",2,127
164,"structure formation",2,127
165,"high temperatures",2,126
166,"field theories",2,125
167,"vector fields",2,123
168,"superconducting state",2,123
169,"mean field theory",3,123
170,"lie algebra",2,122
171,"high signal",2,122
172,"coupling constant",2,122
173,"gauge theories",2,122
174,"galaxy formation",2,122
175,"massive stars",2,122
176,"chiral symmetry",2,121
177,"quantum dot",2,121
178,"optical spectroscopy",2,121
179,"upper limit",2,120
180,"small scale",2,120
181,"cp violation",2,120
182,"numerical solution",2,119
183,"random matrix",2,119
184,"gauge invariant",2,119
185,"square lattice",2,119
186,"solar masses",2,119
187,"hamiltonian systems",2,118
188,"electric field",2,118
189,"normal state",2,118
190,"initial states",2,116
191,"upper bound",2,116
192,"new technique",2,116
193,"type ii",2,116
194,"nuclear matter",2,116
195,"initial data",2,115
196,"high energies",2,115
197,"bound states",2,114
198,"two classes",2,114
199,"spherically symmetric",2,113
200,"non gaussian",2,113
201,"sufficient conditions",2,112
202,"ray sources",2,112
203,"critical value",2,111
204,"form factor",2,111
205,"binary system",2,111
206,"quark masses",2,110
207,"entangled states",2,109
208,"yang mills",2,109
209,"density fluctuations",2,109
210,"many body",2,108
211,"shell model",2,107
212,"current density",2,107
213,"quantum fluctuations",2,107
214,"phase diagram",2,107
215,"evolution equations",2,106
216,"quark mass",2,106
217,"dirac equation",2,105
218,"electronic structure",2,105
219,"single electron",2,105
220,"weak scale",2,104
221,"closed form",2,104
222,"initial state",2,104
223,"theoretical models",2,104
224,"chandra observations",2,104
225,"quantum numbers",2,103
226,"scaling limit",2,103
227,"least two",2,103
228,"charge density",2,103
229,"spectral type",2,103
230,"neutrino mass",2,103
231,"non abelian",2,102
232,"magnetic field theory",3,102
233,"disk galaxies",2,102
234,"higher dimensional",2,101
235,"theoretical description",2,101
236,"binary systems",2,100
237,"mass distribution",2,100
238,"total mass",2,100
239,"meson decays",2,100
240,"charged particles",2,99
241,"first observation",2,99
242,"second part",2,98
243,"spontaneous symmetry breaking",3,98
244,"exchange interaction",2,98
245,"initial conditions",2,98
246,"dynamical evolution",2,98
247,"star formation",2,98
248,"lower bounds",2,97
249,"infinite number",2,97
250,"physical parameters",2,97
251,"mixed state",2,97
252,"molecular gas",2,97
253,"two qubit",2,97
254,"mass spectrum",2,97
255,"weak coupling",2,96
256,"heavy ion collisions",3,96
257,"differential equations",2,95
258,"euclidean space",2,95
259,"fixed points",2,95
260,"effective hamiltonian",2,95
261,"non perturbative",2,95
262,"electronic properties",2,95
263,"observational data",2,95
264,"chiral limit",2,95
265,"brane world",2,95
266,"necessary condition",2,94
267,"maxwell equations",2,94
268,"asymptotic behavior",2,94
269,"extra dimensions",2,94
270,"general relativistic",2,93
271,"transport properties",2,93
272,"charged particle",2,92
273,"local density",2,92
274,"emission line",2,92
275,"nearby stars",2,92
276,"gamma rays",2,91
277,"complex plane",2,91
278,"density matrix",2,91
279,"quantum groups",2,91
280,"single photon",2,91
281,"critical behavior",2,91
282,"neutron scattering",2,91
283,"current voltage",2,91
284,"upper limits",2,91
285,"strongly coupled",2,90
286,"magnetic field strength",3,90
287,"steady state",2,90
288,"spectral analysis",2,90
289,"transport through",2,90
290,"finite size",2,90
291,"time dependence",2,90
292,"chemical potential",2,90
293,"xmm newton",2,90
294,"energy momentum",2,89
295,"gravitational collapse",2,89
296,"statistical mechanics",2,89
297,"ads cft correspondence",3,89
298,"excited states",2,89
299,"early type",2,89
300,"ising model",2,88
301,"superconducting transition",2,88
302,"galaxy ngc",2,88
303,"stat syst",2,88
304,"scalar field theory",3,87
305,"precision measurements",2,87
306,"spatial distribution",2,87
307,"high velocity",2,87
308,"decay rates",2,86
309,"decay rate",2,86
310,"vector mesons",2,86
311,"light scattering",2,86
312,"de sitter",2,86
313,"third order",2,85
314,"large enough",2,85
315,"single mode",2,85
316,"coupling constants",2,84
317,"wave propagation",2,84
318,"spectral function",2,84
319,"kinetic energy",2,84
320,"pair production",2,84
321,"dark halo",2,84
322,"perturbative expansion",2,83
323,"irreducible representations",2,83
324,"gravitational potential",2,83
325,"physical conditions",2,83
326,"light curve",2,83
327,"perturbative qcd",2,83
328,"scaling behavior",2,82
329,"solid state",2,82
330,"molecular dynamics simulations",3,82
331,"confidence level",2,82
332,"neutron star",2,82
333,"coherent state",2,81
334,"matrix models",2,81
335,"structural properties",2,81
336,"main features",2,81
337,"dynamics simulations",2,81
338,"cosmological parameters",2,81
339,"tree level",2,81
340,"bose einstein condensate",3,80
341,"gauge group",2,80
342,"light cone",2,80
343,"fermi surface",2,80
344,"electron systems",2,80
345,"young stars",2,80
346,"partition function",2,79
347,"thermal equilibrium",2,79
348,"extra dimension",2,79
349,"molecular dynamics",2,79
350,"spin polarized",2,79
351,"broad range",2,79
352,"wide field",2,79
353,"stability analysis",2,78
354,"zero point",2,78
355,"ginzburg landau",2,78
356,"effective temperature",2,78
357,"evolutionary models",2,78
358,"flat space",2,77
359,"non commutative",2,77
360,"simple proof",2,77
361,"random walk",2,77
362,"quantum corrections",2,77
363,"continuum limit",2,77
364,"short time",2,77
365,"total number",2,77
366,"monte carlo simulation",3,77
367,"particle production",2,77
368,"statistical analysis",2,77
369,"coulomb interaction",2,77
370,"kaluza klein",2,77
371,"lower dimensional",2,76
372,"ground states",2,76
373,"final states",2,76
374,"branching ratio",2,76
375,"fundamental group",2,76
376,"sloan digital sky survey",4,76
377,"galactic halo",2,76
378,"spontaneously broken",2,75
379,"free parameters",2,75
380,"compact objects",2,75
381,"gauge fields",2,75
382,"strongly correlated",2,75
383,"central star",2,75
384,"ray spectra",2,75
385,"globular clusters",2,75
386,"length scales",2,74
387,"lower bound",2,74
388,"hubbard model",2,74
389,"dispersion relation",2,74
390,"two step",2,74
391,"strong correlations",2,74
392,"hole mass",2,74
393,"mass energies",2,74
394,"brane cosmology",2,74
395,"beta function",2,73
396,"special attention",2,73
397,"conformal field theory",3,73
398,"real time",2,73
399,"energy scales",2,73
400,"spin dependent",2,73
401,"high resolution spectra",3,73
402,"ray spectroscopy",2,73
403,"near infrared",2,73
404,"coulomb potential",2,72
405,"algebraic structure",2,72
406,"differential equation",2,72
407,"small perturbations",2,72
408,"fourier transform",2,72
409,"left right",2,72
410,"heisenberg model",2,72
411,"velocity dispersion",2,72
412,"observations suggest",2,72
413,"high redshift",2,72
414,"central charge",2,71
415,"invariant mass",2,71
416,"statistical physics",2,71
417,"energy distribution",2,71
418,"finite temperatures",2,71
419,"first principles",2,71
420,"distribution functions",2,71
421,"central region",2,71
422,"external magnetic field",3,70
423,"value problem",2,70
424,"surface density",2,70
425,"non thermal",2,70
426,"numerical methods",2,70
427,"long term",2,70
428,"thin films",2,70
429,"stellar mass",2,70
430,"galactic disk",2,70
431,"radio emission",2,70
432,"probability density",2,69
433,"spin chains",2,69
434,"green function",2,69
435,"weakly coupled",2,69
436,"quantum computation",2,69
437,"nuclear physics",2,69
438,"five dimensional",2,69
439,"loop level",2,69
440,"repulsive interaction",2,68
441,"special emphasis",2,68
442,"gauge coupling",2,68
443,"nearest neighbor",2,68
444,"tensor product",2,68
445,"boundary states",2,68
446,"algebraic geometry",2,68
447,"model predicts",2,68
448,"scattering amplitude",2,68
449,"host galaxy",2,68
450,"hopf algebra",2,67
451,"first few",2,67
452,"gauge symmetry",2,67
453,"point source",2,67
454,"green functions",2,67
455,"nuclear systems",2,67
456,"energy levels",2,67
457,"gravitational field",2,67
458,"gamma ray bursts",3,67
459,"branching ratios",2,67
460,"radiative corrections",2,67
461,"analytical solution",2,66
462,"non singular",2,66
463,"domain wall",2,66
464,"harmonic oscillator",2,66
465,"binding energy",2,66
466,"two dimensional 2d",3,66
467,"main sequence",2,66
468,"measurement process",2,66
469,"fine tuning",2,66
470,"higher dimensions",2,66
471,"emission lines",2,66
472,"accretion disk",2,66
473,"spectroscopic observations",2,66
474,"heavy quark",2,66
475,"exact expressions",2,65
476,"internal energy",2,65
477,"arbitrary dimension",2,65
478,"scattering length",2,65
479,"interacting electrons",2,65
480,"quantum computer",2,65
481,"low frequency",2,65
482,"approximation scheme",2,65
483,"spin gap",2,65
484,"decay modes",2,65
485,"thermal conductivity",2,65
486,"high tc",2,65
487,"near ir",2,65
488,"kinetic theory",2,64
489,"string theories",2,64
490,"high precision",2,64
491,"scalar fields",2,64
492,"disordered systems",2,64
493,"red giant",2,64
494,"data sets",2,64
495,"scale structure",2,64
496,"yukawa couplings",2,64
497,"spectral lines",2,64
498,"sky survey",2,64
499,"elliptical galaxies",2,64
500,"radio source",2,64
501,"nearby galaxies",2,64
502,"magnetic flux",2,63
503,"zero mode",2,63
504,"explicit formula",2,63
505,"charge transfer",2,63
506,"alpha beta",2,63
507,"scattering matrix",2,63
508,"parameter family",2,63
509,"lowest order",2,63
510,"thermodynamic limit",2,63
511,"gas phase",2,63
512,"higher energies",2,63
513,"spectroscopic data",2,63
514,"central collisions",2,63
515,"time delay",2,62
516,"sum over",2,62
517,"explicit construction",2,62
518,"stochastic processes",2,62
519,"angular distribution",2,62
520,"open problem",2,62
521,"new generation",2,62
522,"models predict",2,62
523,"white dwarf",2,62
524,"relative motion",2,61
525,"generating function",2,61
526,"phase shift",2,61
527,"equilibrium states",2,61
528,"master equation",2,61
529,"zero modes",2,61
530,"optical lattice",2,61
531,"low energies",2,61
532,"central source",2,61
533,"single crystals",2,61
534,"data indicate",2,61
535,"three body",2,60
536,"fine structure",2,60
537,"stationary state",2,60
538,"spin chain",2,60
539,"radiation field",2,60
540,"non supersymmetric",2,60
541,"temperature tc",2,60
542,"cluster formation",2,60
543,"short period",2,60
544,"supersymmetric models",2,60
545,"transformation properties",2,59
546,"condensed matter",2,59
547,"explicit form",2,59
548,"path integral",2,59
549,"experimental observation",2,59
550,"exchange interactions",2,59
551,"experimental observations",2,59
552,"single crystal",2,59
553,"higgs boson",2,59
554,"stellar systems",2,59
555,"proper motion",2,59
556,"chemical evolution",2,59
557,"dark energy",2,59
558,"deep inelastic scattering",3,59
559,"external fields",2,58
560,"vector potential",2,58
561,"non degenerate",2,58
562,"semi classical",2,58
563,"vacuum state",2,58
564,"information theory",2,58
565,"tunneling through",2,58
566,"physical interpretation",2,58
567,"numerical simulation",2,58
568,"cold gas",2,58
569,"einstein gravity",2,58
570,"dwarf galaxies",2,58
571,"hst observations",2,58
572,"solar system",2,58
573,"planck scale",2,58
574,"pb collisions",2,58
575,"standard model sm",3,58
576,"unitary representations",2,57
577,"frequency dependent",2,57
578,"normal form",2,57
579,"fock space",2,57
580,"partition functions",2,57
581,"complete classification",2,57
582,"sum rules",2,57
583,"periodic potential",2,57
584,"integrable systems",2,57
585,"structure constant",2,57
586,"energy gap",2,57
587,"two dimensional electron",3,57
588,"scaling properties",2,57
589,"velocity field",2,57
590,"structure factor",2,57
591,"exact diagonalization",2,57
592,"near threshold",2,57
593,"large area",2,57
594,"chern simons",2,57
595,"imaging survey",2,57
596,"interstellar medium",2,57
597,"stellar evolution",2,57
598,"low luminosity",2,57
599,"super yang mills",3,57
600,"integrable system",2,56
601,"functional theory",2,56
602,"functional form",2,56
603,"plane waves",2,56
604,"current understanding",2,56
605,"perfect fluid",2,56
606,"fermion mass",2,56
607,"diffusion equation",2,56
608,"long distance",2,56
609,"relaxation time",2,56
610,"weak interactions",2,56
611,"non vanishing",2,56
612,"gravitational waves",2,56
613,"random phase",2,56
614,"magnetic moment",2,56
615,"stellar population",2,56
616,"hubble space telescope",3,56
617,"surface brightness",2,56
618,"off shell",2,56
619,"radiative decays",2,56
620,"supersymmetry breaking",2,56
621,"charge fluctuations",2,55
622,"symmetric spaces",2,55
623,"soliton solutions",2,55
624,"sigma models",2,55
625,"test particles",2,55
626,"finite volume",2,55
627,"self dual",2,55
628,"thermodynamic properties",2,55
629,"explicit expressions",2,55
630,"theoretical studies",2,55
631,"dirac operator",2,55
632,"high quality",2,55
633,"special relativity",2,55
634,"scattering processes",2,55
635,"combined effect",2,55
636,"thin film",2,55
637,"model fits",2,55
638,"large mixing",2,55
639,"brown dwarfs",2,55
640,"gravitational lensing",2,55
641,"randall sundrum",2,55
642,"minimal supersymmetric standard model",4,55
643,"invariant measure",2,54
644,"physical applications",2,54
645,"low degree",2,54
646,"second law",2,54
647,"topological charge",2,54
648,"mean value",2,54
649,"fermi liquid",2,54
650,"analytical expressions",2,54
651,"non interacting",2,54
652,"direct measurement",2,54
653,"main theorem",2,54
654,"universality class",2,54
655,"systematic errors",2,54
656,"low temperature dependence",3,54
657,"ab initio",2,54
658,"time series",2,54
659,"time scale",2,54
660,"absorption lines",2,54
661,"loop corrections",2,54
662,"neutrinoless double beta decay",4,54
663,"quark gluon",2,54
664,"asymptotic behaviour",2,53
665,"continuous spectrum",2,53
666,"differential forms",2,53
667,"spin rotation",2,53
668,"stress tensor",2,53
669,"integral equations",2,53
670,"random variables",2,53
671,"quantum mechanical system",3,53
672,"monte carlo methods",3,53
673,"interacting via",2,53
674,"quant ph",2,53
675,"von neumann",2,53
676,"four point",2,53
677,"briefly reviewed",2,53
678,"point sources",2,53
679,"linear response",2,53
680,"time scales",2,53
681,"length scale",2,53
682,"temperatures below",2,53
683,"strongly dependent",2,53
684,"average over",2,53
685,"magnetic susceptibility",2,53
686,"density profile",2,53
687,"ray luminosity",2,53
688,"large scale structure",3,53
689,"big bang",2,53
690,"nucleon scattering",2,53
691,"solar neutrinos",2,53
692,"symplectic manifolds",2,52
693,"upper bounds",2,52
694,"three generation",2,52
695,"localized states",2,52
696,"brownian motion",2,52
697,"wide class",2,52
698,"decay mode",2,52
699,"expectation value",2,52
700,"many applications",2,52
701,"spin correlation",2,52
702,"parity violation",2,52
703,"coupling strength",2,52
704,"experimental studies",2,52
705,"scattering amplitudes",2,52
706,"chiral perturbation theory",3,52
707,"first principles calculations",3,52
708,"scale factor",2,52
709,"small angle",2,52
710,"sum rule",2,52
711,"velocity distribution",2,52
712,"co emission",2,52
713,"radial velocity",2,52
714,"gravitational wave",2,52
715,"luminosity function",2,52
716,"cosmic ray",2,52
717,"chandra acis",2,52
718,"massive star",2,52
719,"integrated luminosity",2,52
720,"open strings",2,52
721,"babar detector",2,52
722,"meson production",2,52
723,"supersymmetric extension",2,51
724,"variational approach",2,51
725,"giving rise",2,51
726,"central object",2,51
727,"bose einstein condensates",3,51
728,"superconducting phase",2,51
729,"magnetization measurements",2,51
730,"chiral symmetry breaking",3,51
731,"simply connected",2,51
732,"spectroscopic survey",2,51
733,"gamma ray bursts grbs",4,51
734,"quantum algorithms",2,50
735,"minkowski space",2,50
736,"proper time",2,50
737,"finitely many",2,50
738,"physical phenomena",2,50
739,"relativistic quantum",2,50
740,"physical quantities",2,50
741,"lattice gauge",2,50
742,"power spectra",2,50
743,"well separated",2,50
744,"growth rate",2,50
745,"mode coupling",2,50
746,"la sr",2,50
747,"cond mat",2,50
748,"computer simulations",2,50
749,"scalar tensor",2,50
750,"accretion disks",2,50
751,"pion production",2,50
752,"qcd corrections",2,50
753,"complex numbers",2,49
754,"arbitrary values",2,49
755,"seiberg witten",2,49
756,"power series",2,49
757,"hydrogen atom",2,49
758,"particle moving",2,49
759,"non negative",2,49
760,"expectation values",2,49
761,"scale free",2,49
762,"optically thick",2,49
763,"radiative transfer",2,49
764,"dispersion relations",2,49
765,"metal insulator transition",3,49
766,"agrees well",2,49
767,"jet production",2,49
768,"deep field",2,49
769,"accelerating universe",2,49
770,"hadron colliders",2,49
771,"decay constant",2,48
772,"well suited",2,48
773,"approximate solutions",2,48
774,"differential operators",2,48
775,"noncommutative geometry",2,48
776,"equation describing",2,48
777,"lorentz symmetry",2,48
778,"string scale",2,48
779,"periodic boundary conditions",3,48
780,"potential applications",2,48
781,"lattice spacing",2,48
782,"off diagonal",2,48
783,"pure state",2,48
784,"center region",2,48
785,"self consistently",2,48
786,"modules over",2,48
787,"next generation",2,48
788,"observations indicate",2,48
789,"stellar objects",2,48
790,"lepton asymmetry",2,48
791,"photometric data",2,48
792,"complete sample",2,48
793,"schroedinger equation",2,47
794,"external potential",2,47
795,"continuous variable",2,47
796,"lie groups",2,47
797,"integrable models",2,47
798,"discrete symmetries",2,47
799,"single site",2,47
800,"integral over",2,47
801,"higher spin",2,47
802,"direct detection",2,47
803,"plane wave",2,47
804,"production rate",2,47
805,"pattern formation",2,47
806,"parameter lambda",2,47
807,"simplified model",2,47
808,"strong correlation",2,47
809,"fermi level",2,47
810,"superconducting phase transition",3,47
811,"inelastic neutron scattering",3,47
812,"dense gas",2,47
813,"low surface",2,47
814,"xmm newton observations",3,47
815,"hot gas",2,47
816,"belle detector",2,47
817,"tan beta",2,47
818,"smooth manifold",2,46
819,"rational points",2,46
820,"exactly solvable",2,46
821,"quantum wires",2,46
822,"total spin",2,46
823,"self gravitating",2,46
824,"conformal group",2,46
825,"quantum information processing",3,46
826,"initial mass",2,46
827,"fractal dimension",2,46
828,"under pressure",2,46
829,"real part",2,46
830,"series expansion",2,46
831,"density wave",2,46
832,"quantum information theory",3,46
833,"quantum channel",2,46
834,"physical processes",2,46
835,"linear polarization",2,46
836,"room temperature",2,46
837,"electron hole",2,46
838,"anomalous behavior",2,46
839,"wave background",2,46
840,"massive particles",2,46
841,"shot noise",2,46
842,"thermal fluctuations",2,46
843,"density functional",2,46
844,"axially symmetric",2,46
845,"excitation spectrum",2,46
846,"optical depth",2,46
847,"wilson loops",2,46
848,"intermediate mass",2,46
849,"cosmic rays",2,46
850,"variable star",2,46
851,"light ratio",2,46
852,"dense matter",2,46
853,"inverse problem",2,45
854,"bundles over",2,45
855,"unusual properties",2,45
856,"configuration interaction",2,45
857,"initial value",2,45
858,"hall effect",2,45
859,"velocity fields",2,45
860,"first error",2,45
861,"chaotic systems",2,45
862,"short distance",2,45
863,"lower limit",2,45
864,"transport measurements",2,45
865,"perturbative calculations",2,45
866,"transition rates",2,45
867,"energy distributions",2,45
868,"effective lagrangian",2,45
869,"computer simulation",2,45
870,"charged current",2,45
871,"synchrotron emission",2,45
872,"redshift range",2,45
873,"neutrino oscillations",2,45
874,"atmospheric neutrinos",2,45
875,"bar nu",2,45
876,"quark gluon plasma",3,45
877,"eta mesons",2,45
878,"density functional theory",3,44
879,"bethe ansatz",2,44
880,"integral equation",2,44
881,"chain length",2,44
882,"finitely generated",2,44
883,"ii regions",2,44
884,"cold atoms",2,44
885,"full set",2,44
886,"absorption line",2,44
887,"optical potential",2,44
888,"data reduction",2,44
889,"collective mode",2,44
890,"non universal",2,44
891,"high accuracy",2,44
892,"wave superconductor",2,44
893,"elastic scattering",2,44
894,"intermediate states",2,44
895,"ray scattering",2,44
896,"anomalous dimension",2,44
897,"differential cross sections",3,44
898,"chemical composition",2,44
899,"inner region",2,44
900,"orbital period",2,44
901,"single stars",2,44
902,"rest frame",2,44
903,"kev band",2,44
904,"decay width",2,44
905,"baryon asymmetry",2,44
906,"critical dimension",2,43
907,"quantum hall effect",3,43
908,"explicit description",2,43
909,"massless particles",2,43
910,"semi simple",2,43
911,"minimally coupled",2,43
912,"point contact",2,43
913,"multi component",2,43
914,"classical communication",2,43
915,"level atom",2,43
916,"photon number",2,43
917,"field strength",2,43
918,"hierarchy problem",2,43
919,"absorption systems",2,43
920,"metallic behavior",2,43
921,"cross over",2,43
922,"complex networks",2,43
923,"stability properties",2,43
924,"gauge bosons",2,43
925,"conformal field",2,43
926,"dynamical quarks",2,43
927,"galactic plane",2,43
928,"active galaxies",2,43
929,"redshift surveys",2,43
930,"spectral index",2,43
931,"calabi yau",2,43
932,"heavy quarks",2,43
933,"branching fraction",2,43
934,"pseudoscalar meson",2,43
935,"nn gev",2,43
936,"susy breaking",2,43
937,"quasi classical",2,42
938,"dirac operators",2,42
939,"threshold value",2,42
940,"final result",2,42
941,"orthogonal polynomials",2,42
942,"triangular lattice",2,42
943,"quantum electrodynamics",2,42
944,"lower limits",2,42
945,"dynamical fermions",2,42
946,"quantum dots",2,42
947,"entangled state",2,42
948,"strongly interacting",2,42
949,"late time",2,42
950,"core radius",2,42
951,"heavy fermion",2,42
952,"carbon nanotube",2,42
953,"alpha line",2,42
954,"scalar curvature",2,42
955,"metric spaces",2,42
956,"mass loss",2,42
957,"hii regions",2,42
958,"radio sources",2,42
959,"redshift survey",2,42
960,"spiral galaxies",2,42
961,"supergravity solutions",2,42
962,"linear colliders",2,42
963,"parton distributions",2,42
964,"diffusion processes",2,41
965,"strong enough",2,41
966,"lagrangian approach",2,41
967,"real analytic",2,41
968,"lie algebras",2,41
969,"first generation",2,41
970,"geometrical properties",2,41
971,"asymptotic expansion",2,41
972,"matrix element",2,41
973,"analytical expression",2,41
974,"particle hole",2,41
975,"potential barrier",2,41
976,"temperature dependent",2,41
977,"quantum interference",2,41
978,"narrow range",2,41
979,"off axis",2,41
980,"first principle",2,41
981,"heavy ion",2,41
982,"josephson junctions",2,41
983,"half filling",2,41
984,"frequency range",2,41
985,"spin fluctuations",2,41
986,"accretion onto",2,41
987,"body simulations",2,41
988,"three nucleon",2,41
989,"vla observations",2,41
990,"xmm newton observation",3,41
991,"type stars",2,41
992,"thermal emission",2,41
993,"mixing matrix",2,41
994,"neutrino oscillation",2,41
995,"cern sps",2,41
996,"linear collider",2,41
997,"positive operator",2,40
998,"operator product",2,40
999,"ordered states",2,40
1000,"flat spacetime",2,40
1001,"algebraic approach",2,40
1002,"generating functions",2,40
1003,"momentum space",2,40
1004,"test particle",2,40
1005,"high degree",2,40
1006,"electric fields",2,40
1007,"class constraints",2,40
1008,"transverse momentum",2,40
1009,"two populations",2,40
1010,"vortex state",2,40
1011,"charge ordering",2,40
1012,"turbulent flow",2,40
1013,"metal insulator",2,40
1014,"critical points",2,40
1015,"simulation data",2,40
1016,"optical wavelengths",2,40
1017,"background radiation",2,40
1018,"supernova remnant",2,40
1019,"galactic center",2,40
1020,"observational constraints",2,40
1021,"band photometry",2,40
1022,"proton decay",2,40
1023,"positive cosmological constant",3,40
1024,"branching fractions",2,40
1025,"psi mesons",2,40
1026,"pp collisions",2,40
1027,"deep inelastic",2,40
1028,"world sheet",2,40
1029,"differential operator",2,39
1030,"single layer",2,39
1031,"finite difference",2,39
1032,"logarithmic corrections",2,39
1033,"analytic expressions",2,39
1034,"limiting case",2,39
1035,"negative pressure",2,39
1036,"ward identities",2,39
1037,"basic features",2,39
1038,"anderson model",2,39
1039,"noise spectra",2,39
1040,"abelian gauge theories",3,39
1041,"lowest energy",2,39
1042,"laser beam",2,39
1043,"explicit solutions",2,39
1044,"theoretical understanding",2,39
1045,"uniform magnetic field",3,39
1046,"light propagation",2,39
1047,"experimental realization",2,39
1048,"imaginary part",2,39
1049,"bell inequalities",2,39
1050,"correlation length",2,39
1051,"electric charge",2,39
1052,"chaotic behavior",2,39
1053,"spin correlations",2,39
1054,"statistical errors",2,39
1055,"main source",2,39
1056,"spin density",2,39
1057,"spin polarization",2,39
1058,"long wavelength",2,39
1059,"normal metal",2,39
1060,"glass transition",2,39
1061,"parameters describing",2,39
1062,"during inflation",2,39
1063,"cold dark matter",3,39
1064,"spiral galaxy",2,39
1065,"distant galaxies",2,39
1066,"burst grb",2,39
1067,"cluster abell",2,39
1068,"hadronic interactions",2,39
1069,"lma solution",2,39
1070,"pi pi0",2,39
1071,"cp violating",2,39
1072,"lattice gas",2,38
1073,"obtain explicit",2,38
1074,"elementary particles",2,38
1075,"boundary condition",2,38
1076,"quasi static",2,38
1077,"open problems",2,38
1078,"symmetric group",2,38
1079,"metric tensor",2,38
1080,"polynomial ring",2,38
1081,"stationary states",2,38
1082,"large numbers",2,38
1083,"nonlinear optical",2,38
1084,"large deviation",2,38
1085,"correlated electron",2,38
1086,"coulomb interactions",2,38
1087,"electron ion",2,38
1088,"general discussion",2,38
1089,"neural networks",2,38
1090,"unit cell",2,38
1091,"extended objects",2,38
1092,"phase difference",2,38
1093,"spin glass",2,38
1094,"transverse direction",2,38
1095,"feynman diagrams",2,38
1096,"trapped atoms",2,38
1097,"configuration space",2,38
1098,"analytical solutions",2,38
1099,"theoretical framework",2,38
1100,"ordered state",2,38
1101,"wave superconductivity",2,38
1102,"vortex lattice",2,38
1103,"phase transition occurs",3,38
1104,"cosmic microwave background",3,38
1105,"decay channels",2,38
1106,"extended version",2,38
1107,"shear flow",2,38
1108,"toy model",2,38
1109,"automorphism group",2,38
1110,"elliptic curves",2,38
1111,"weak lensing",2,38
1112,"astrophysical observations",2,38
1113,"hole solutions",2,38
1114,"tev scale",2,38
1115,"mid rapidity",2,38
1116,"proton collisions",2,38
1117,"type iii",2,37
1118,"electromagnetic fields",2,37
1119,"positive integer",2,37
1120,"geometrical approach",2,37
1121,"scale invariant",2,37
1122,"real line",2,37
1123,"internal structure",2,37
1124,"schrodinger equation",2,37
1125,"liquid behavior",2,37
1126,"closed string",2,37
1127,"limit theorem",2,37
1128,"relative entropy",2,37
1129,"frequency omega",2,37
1130,"high spatial",2,37
1131,"experimental tests",2,37
1132,"maximum entropy",2,37
1133,"discrete symmetry",2,37
1134,"multiple scattering",2,37
1135,"fourth order",2,37
1136,"extract information",2,37
1137,"large array",2,37
1138,"crystal structure",2,37
1139,"momentum distributions",2,37
1140,"doping dependence",2,37
1141,"su lattice",2,37
1142,"effective radius",2,37
1143,"impact parameters",2,37
1144,"linear sigma model",3,37
1145,"broad band",2,37
1146,"five dimensions",2,37
1147,"age metallicity",2,37
1148,"gravitational radiation",2,37
1149,"dark matter halos",3,37
1150,"late type",2,37
1151,"dust grains",2,37
1152,"photometric observations",2,37
1153,"cosmological perturbations",2,37
1154,"cosmological horizon",2,37
1155,"relativistic electrons",2,37
1156,"neutral current",2,37
1157,"power corrections",2,37
1158,"bar b0",2,37
1159,"electromagnetic form factors",3,37
1160,"bipartite quantum",2,36
1161,"time domain",2,36
1162,"geometric description",2,36
1163,"self contained",2,36
1164,"magnetization data",2,36
1165,"mathematical model",2,36
1166,"harmonic trap",2,36
1167,"macroscopic quantum",2,36
1168,"vacuum polarization",2,36
1169,"pure su",2,36
1170,"analytic solutions",2,36
1171,"rest mass",2,36
1172,"direction perpendicular",2,36
1173,"strong enhancement",2,36
1174,"radiation pressure",2,36
1175,"surface layers",2,36
1176,"exchange coupling",2,36
1177,"symplectic structure",2,36
1178,"whole range",2,36
1179,"long range correlations",3,36
1180,"empirical data",2,36
1181,"plane parallel",2,36
1182,"cluster size",2,36
1183,"transverse flow",2,36
1184,"spatially resolved",2,36
1185,"total cross sections",3,36
1186,"constant alpha",2,36
1187,"position angle",2,36
1188,"cosmic microwave background radiation",4,36
1189,"semi inclusive",2,36
1190,"qcd vacuum",2,36
1191,"riemannian geometry",2,35
1192,"tau function",2,35
1193,"weyl group",2,35
1194,"explicit calculation",2,35
1195,"hard core",2,35
1196,"dissipative systems",2,35
1197,"geometric structures",2,35
1198,"energy eigenvalues",2,35
1199,"partial wave",2,35
1200,"spherical symmetry",2,35
1201,"hamiltonian formalism",2,35
1202,"group theoretical",2,35
1203,"almost independent",2,35
1204,"inelastic collisions",2,35
1205,"bell inequality",2,35
1206,"new developments",2,35
1207,"numerical investigation",2,35
1208,"polynomial time",2,35
1209,"detection rate",2,35
1210,"high statistics",2,35
1211,"sufficient condition",2,35
1212,"stable against",2,35
1213,"non uniform",2,35
1214,"quantum critical",2,35
1215,"band gap",2,35
1216,"simple analytical",2,35
1217,"forward backward",2,35
1218,"phenomenological approach",2,35
1219,"random walks",2,35
1220,"time variation",2,35
1221,"pairing interaction",2,35
1222,"order disorder",2,35
1223,"absorption features",2,35
1224,"critical temperature dependence",3,35
1225,"domain walls",2,35
1226,"spherical geometry",2,35
1227,"strong constraints",2,35
1228,"dimensional electron",2,35
1229,"orbital parameters",2,35
1230,"mirror symmetry",2,35
1231,"low hard",2,35
1232,"thin disk",2,35
1233,"virtual photon",2,35
1234,"charm quark",2,35
1235,"minimal supersymmetric standard model mssm",5,35
1236,"density operator",2,34
1237,"spin fluctuation",2,34
1238,"homogeneous spaces",2,34
1239,"conservation laws",2,34
1240,"complex eigenvalues",2,34
1241,"inverse scattering",2,34
1242,"target space",2,34
1243,"projective spaces",2,34
1244,"half line",2,34
1245,"affine algebras",2,34
1246,"space time dependent",3,34
1247,"exponentially small",2,34
1248,"chern simons term",3,34
1249,"banach space",2,34
1250,"higgs mechanism",2,34
1251,"atomic nuclei",2,34
1252,"al nature",2,34
1253,"time varying",2,34
1254,"level atoms",2,34
1255,"spontaneous emission",2,34
1256,"physical consequences",2,34
1257,"continuous time",2,34
1258,"vacuum energy density",3,34
1259,"quasi particle",2,34
1260,"too large",2,34
1261,"diffusion coefficient",2,34
1262,"frequency dependence",2,34
1263,"quantitative analysis",2,34
1264,"gamma ray",2,34
1265,"kondo effect",2,34
1266,"hole doped",2,34
1267,"pairing symmetry",2,34
1268,"landau level",2,34
1269,"density profiles",2,34
1270,"free electron",2,34
1271,"mott insulator",2,34
1272,"moduli spaces",2,34
1273,"ray spectrum",2,34
1274,"quenched approximation",2,34
1275,"four fermion",2,34
1276,"kinematic region",2,34
1277,"model atmospheres",2,34
1278,"metal rich",2,34
1279,"parity violating",2,34
1280,"molecular clouds",2,34
1281,"column density",2,34
1282,"star cluster",2,34
1283,"accelerated expansion",2,34
1284,"nucleon interaction",2,34
1285,"static spherically symmetric",3,34
1286,"higgs boson production",3,34
1287,"full qcd",2,34
1288,"rhic energies",2,34
1289,"elementary particle",2,33
1290,"quadratic form",2,33
1291,"fundamental representation",2,33
1292,"charge distribution",2,33
1293,"rational curves",2,33
1294,"spatial dimensions",2,33
1295,"universal value",2,33
1296,"operator algebras",2,33
1297,"general feature",2,33
1298,"wigner function",2,33
1299,"transfer matrix",2,33
1300,"spin precession",2,33
1301,"first order parameter",3,33
1302,"minimal supersymmetric extension",3,33
1303,"coordinate system",2,33
1304,"geometric properties",2,33
1305,"error correction",2,33
1306,"maximally entangled states",3,33
1307,"temporal evolution",2,33
1308,"quantum coherence",2,33
1309,"dual description",2,33
1310,"density rho",2,33
1311,"interference effect",2,33
1312,"momentum transfer",2,33
1313,"phase shifts",2,33
1314,"transverse polarization",2,33
1315,"correction term",2,33
1316,"computational complexity",2,33
1317,"luttinger liquid",2,33
1318,"critical current",2,33
1319,"surface tension",2,33
1320,"resistivity measurements",2,33
1321,"high energy spectrum",3,33
1322,"tight binding model",3,33
1323,"scaling exponents",2,33
1324,"feshbach resonance",2,33
1325,"superconducting gap",2,33
1326,"hydrodynamical model",2,33
1327,"continuum flux",2,33
1328,"positive characteristic",2,33
1329,"ad hoc",2,33
1330,"extrasolar planet",2,33
1331,"star forming",2,33
1332,"dust extinction",2,33
1333,"chemical abundances",2,33
1334,"massive neutrinos",2,33
1335,"star clusters",2,33
1336,"inflationary cosmology",2,33
1337,"abundance ratios",2,33
1338,"matter halos",2,33
1339,"massless scalar field",3,33
1340,"stellar surface",2,33
1341,"neutral hydrogen",2,33
1342,"gravitational interactions",2,33
1343,"expanding universe",2,33
1344,"mixing angles",2,33
1345,"de sitter space",3,33
1346,"delta m2",2,33
1347,"two pion",2,33
1348,"ads cft",2,33
1349,"supersymmetric yang mills",3,33
1350,"open string",2,33
1351,"spectral sequence",2,32
1352,"hyperbolic system",2,32
1353,"poisson structures",2,32
1354,"odd parity",2,32
1355,"charge transport",2,32
1356,"point correlation functions",3,32
1357,"scaling relation",2,32
1358,"delta resonance",2,32
1359,"group acting",2,32
1360,"lattice gauge theory",3,32
1361,"space time evolution",3,32
1362,"simplest case",2,32
1363,"velocity dependent",2,32
1364,"klein gordon",2,32
1365,"coupled oscillators",2,32
1366,"mesoscopic systems",2,32
1367,"two possibilities",2,32
1368,"multi particle",2,32
1369,"open question",2,32
1370,"time interval",2,32
1371,"excess over",2,32
1372,"two stage",2,32
1373,"experimental investigation",2,32
1374,"high efficiency",2,32
1375,"direct calculation",2,32
1376,"mechanism responsible",2,32
1377,"characteristic features",2,32
1378,"decay amplitudes",2,32
1379,"zeta function",2,32
1380,"semiclassical approximation",2,32
1381,"gate voltage",2,32
1382,"spin relaxation",2,32
1383,"nonlinear regime",2,32
1384,"optical conductivity",2,32
1385,"transport equation",2,32
1386,"critical temperature tc",3,32
1387,"model explains",2,32
1388,"electron gas",2,32
1389,"spatially extended",2,32
1390,"random graphs",2,32
1391,"statistically significant",2,32
1392,"ab initio calculations",3,32
1393,"cluster center",2,32
1394,"phenomenological analysis",2,32
1395,"parameter alpha",2,32
1396,"wilson coefficients",2,32
1397,"differential cross section",3,32
1398,"low energy spectrum",3,32
1399,"low ionization",2,32
1400,"sigma level",2,32
1401,"orbital evolution",2,32
1402,"galactic nuclei",2,32
1403,"production mechanism",2,32
1404,"stellar parameters",2,32
1405,"strange quark",2,32
1406,"event horizon",2,32
1407,"neutrino masses",2,32
1408,"large hadron",2,32
1409,"electron proton",2,32
1410,"flavor mixing",2,32
1411,"charged lepton",2,32
1412,"rare decays",2,32
1413,"quantum chromodynamics",2,32
1414,"majorana neutrinos",2,32
1415,"drell yan",2,32
1416,"pp wave background",3,32
1417,"explicit formulae",2,31
1418,"eigenvalue problem",2,31
1419,"tight binding",2,31
1420,"finite interval",2,31
1421,"euler characteristic",2,31
1422,"physical laws",2,31
1423,"bose gas",2,31
1424,"thomas fermi",2,31
1425,"quantum critical point",3,31
1426,"spin flip",2,31
1427,"confining potential",2,31
1428,"vector spaces",2,31
1429,"integral representation",2,31
1430,"point correlation function",3,31
1431,"lie group",2,31
1432,"metric perturbations",2,31
1433,"long time evolution",3,31
1434,"half plane",2,31
1435,"elliptic functions",2,31
1436,"yang mills theories",3,31
1437,"mathematical structure",2,31
1438,"standard model independent",3,31
1439,"probability distributions",2,31
1440,"electromagnetic field theory",3,31
1441,"data base",2,31
1442,"special values",2,31
1443,"detailed description",2,31
1444,"limited range",2,31
1445,"collective excitations",2,31
1446,"constant lambda",2,31
1447,"proximity effect",2,31
1448,"system undergoes",2,31
1449,"vector bundle",2,31
1450,"mgb2 superconductor",2,31
1451,"magnetic impurities",2,31
1452,"magnetic moments",2,31
1453,"ray diffraction",2,31
1454,"fully consistent",2,31
1455,"transition occurs",2,31
1456,"chiral lagrangian",2,31
1457,"omega lambda",2,31
1458,"forming regions",2,31
1459,"stable particles",2,31
1460,"zero curvature",2,31
1461,"well constrained",2,31
1462,"spatial resolution",2,31
1463,"total flux",2,31
1464,"color flavor",2,31
1465,"galactic bulge",2,31
1466,"giant stars",2,31
1467,"rotating black holes",3,31
1468,"flux ratio",2,31
1469,"optical counterpart",2,31
1470,"narrow line",2,31
1471,"production rates",2,31
1472,"curved spacetime",2,31
1473,"massive scalar",2,31
1474,"super kamiokande",2,31
1475,"relativistic heavy ion collisions",4,31
1476,"qcd sum rules",3,31
1477,"virasoro algebra",2,30
1478,"particles moving",2,30
1479,"information processing",2,30
1480,"multi dimensional",2,30
1481,"difference equations",2,30
1482,"exponential decay",2,30
1483,"dinger equation",2,30
1484,"riemannian manifold",2,30
1485,"analytic expression",2,30
1486,"prime number",2,30
1487,"abelian gauge",2,30
1488,"higher orders",2,30
1489,"time reversal",2,30
1490,"yang mills equations",3,30
1491,"operators acting",2,30
1492,"mass matrices",2,30
1493,"rotating wave",2,30
1494,"unified approach",2,30
1495,"unified theory",2,30
1496,"nu tau",2,30
1497,"decay widths",2,30
1498,"experimental errors",2,30
1499,"phase coherence",2,30
1500,"physical origin",2,30
1501,"ferromagnetic metal",2,30
1502,"spatial correlations",2,30
1503,"spin singlet",2,30
1504,"composite fermions",2,30
1505,"small scale structure",3,30
1506,"exactly solvable model",3,30
1507,"heat bath",2,30
1508,"intermediate regime",2,30
1509,"long lived",2,30
1510,"born approximation",2,30
1511,"surrounding medium",2,30
1512,"high sensitivity",2,30
1513,"neutron diffraction",2,30
1514,"cuprate superconductors",2,30
1515,"expansion rate",2,30
1516,"gap equation",2,30
1517,"angular dependence",2,30
1518,"central regions",2,30
1519,"hydrodynamic equations",2,30
1520,"accurate determination",2,30
1521,"spin down",2,30
1522,"characteristic zero",2,30
1523,"theoretical prediction",2,30
1524,"energy loss",2,30
1525,"binding model",2,30
1526,"rotation axis",2,30
1527,"rational functions",2,30
1528,"locally compact",2,30
1529,"synchrotron radiation",2,30
1530,"asymptotically flat",2,30
1531,"inner regions",2,30
1532,"supermassive black holes",3,30
1533,"radial velocities",2,30
1534,"redshift distribution",2,30
1535,"ray emission lines",3,30
1536,"synthetic spectra",2,30
1537,"forming galaxies",2,30
1538,"stellar populations",2,30
1539,"equivalence principle",2,30
1540,"higgs fields",2,30
1541,"resonance region",2,30
1542,"nuclear medium",2,30
1543,"multi scale",2,29
1544,"geometric quantization",2,29
1545,"partial differential equation",3,29
1546,"mathematical physics",2,29
1547,"equivalence classes",2,29
1548,"regular lattice",2,29
1549,"deformation parameter",2,29
1550,"hartree fock",2,29
1551,"stationary solutions",2,29
1552,"time averaged",2,29
1553,"main part",2,29
1554,"break up",2,29
1555,"dimensional spacetime",2,29
1556,"manifests itself",2,29
1557,"key distribution",2,29
1558,"finite rank",2,29
1559,"refractive index",2,29
1560,"uniform distribution",2,29
1561,"dipole moment",2,29
1562,"matter waves",2,29
1563,"fermi energy",2,29
1564,"novel type",2,29
1565,"noise level",2,29
1566,"general arguments",2,29
1567,"dipole interaction",2,29
1568,"collective modes",2,29
1569,"rare events",2,29
1570,"near tc",2,29
1571,"below tc",2,29
1572,"thermal expansion",2,29
1573,"dynamical mean",2,29
1574,"size scaling",2,29
1575,"critical exponents",2,29
1576,"metallic phase transition",3,29
1577,"high pressure",2,29
1578,"noise ratio",2,29
1579,"magnitude below",2,29
1580,"phase space time",3,29
1581,"quantum monte carlo",3,29
1582,"narrow band",2,29
1583,"symmetry groups",2,29
1584,"cohen macaulay",2,29
1585,"stellar disks",2,29
1586,"nearby universe",2,29
1587,"beam energies",2,29
1588,"radio galaxy",2,29
1589,"chandra observation",2,29
1590,"tev energies",2,29
1591,"primary star",2,29
1592,"band images",2,29
1593,"hot component",2,29
1594,"ray flux",2,29
1595,"pulsar psr",2,29
1596,"ccd photometry",2,29
1597,"neutrino flux",2,29
1598,"within kpc",2,29
1599,"ionized gas",2,29
1600,"flat universe",2,29
1601,"violating processes",2,29
1602,"solar neutrino mass",3,29
1603,"data recorded",2,29
1604,"electron positron",2,29
1605,"randall sundrum model",3,29
1606,"gauged supergravity",2,29
1607,"muon anomalous magnetic moment",4,29
1608,"standard model mssm",3,29
1609,"pions kaons",2,29
1610,"xs gamma",2,29
1611,"transverse momenta",2,29
1612,"bosonic string",2,29
1613,"penrose limit",2,29
1614,"self adjoint",2,28
1615,"irreducible representation",2,28
1616,"feynman integrals",2,28
1617,"new exotic",2,28
1618,"conformally invariant",2,28
1619,"mean curvature",2,28
1620,"linear forms",2,28
1621,"optimization problem",2,28
1622,"leading term",2,28
1623,"poisson structure",2,28
1624,"mechanical system",2,28
1625,"two body problem",3,28
1626,"power law decay",3,28
1627,"lagrangian formalism",2,28
1628,"nonlinear optics",2,28
1629,"periodic solutions",2,28
1630,"noncommutative spaces",2,28
1631,"fermion action",2,28
1632,"landau theory",2,28
1633,"lorentz invariant",2,28
1634,"novel features",2,28
1635,"coherence length",2,28
1636,"naked singularities",2,28
1637,"simple lie algebra",3,28
1638,"hausdorff dimension",2,28
1639,"bundle over",2,28
1640,"elastic properties",2,28
1641,"sharp peak",2,28
1642,"write down",2,28
1643,"square root",2,28
1644,"canonical basis",2,28
1645,"gravitational interaction",2,28
1646,"search algorithm",2,28
1647,"spatial dimension",2,28
1648,"energy conservation",2,28
1649,"conduction band",2,28
1650,"fundamental constants",2,28
1651,"signal events",2,28
1652,"control theory",2,28
1653,"wave vector",2,28
1654,"transition amplitudes",2,28
1655,"central limit",2,28
1656,"real numbers",2,28
1657,"rapidly rotating",2,28
1658,"sr cacu",2,28
1659,"underdoped cuprates",2,28
1660,"phase diagrams",2,28
1661,"inelastic scattering",2,28
1662,"two dimensional hubbard model",4,28
1663,"higher temperatures",2,28
1664,"zero temperature dependence",3,28
1665,"layer thickness",2,28
1666,"negative curvature",2,28
1667,"long period",2,28
1668,"range correlations",2,28
1669,"angle theta",2,28
1670,"analytic solution",2,28
1671,"calculations indicate",2,28
1672,"spin orbit",2,28
1673,"quantum hall",2,28
1674,"embedded within",2,28
1675,"level statistics",2,28
1676,"minimum mass",2,28
1677,"mid infrared",2,28
1678,"result concerning",2,28
1679,"fundamental groups",2,28
1680,"dynamically generated",2,28
1681,"hadron collider",2,28
1682,"infra red",2,28
1683,"poor stars",2,28
1684,"semi analytic",2,28
1685,"color magnitude",2,28
1686,"low resolution",2,28
1687,"variable stars",2,28
1688,"globular cluster",2,28
1689,"flux density",2,28
1690,"supernova remnant snr",3,28
1691,"quark matter",2,28
1692,"soft gamma",2,28
1693,"hyperbolic manifolds",2,28
1694,"higgs field",2,28
1695,"total cross section",3,28
1696,"mass matrix",2,28
1697,"penrose limits",2,28
1698,"see saw",2,28
1699,"pseudo scalar",2,28
1700,"baryon number",2,28
1701,"lambda qcd",2,28
1702,"dijkgraaf vafa",2,28
1703,"computer program",2,27
1704,"average distance",2,27
1705,"conformal transformations",2,27
1706,"hilbert spaces",2,27
1707,"bosonic sector",2,27
1708,"classical electrodynamics",2,27
1709,"simple criterion",2,27
1710,"white noise",2,27
1711,"dirichlet boundary conditions",3,27
1712,"periodic potentials",2,27
1713,"holomorphic functions",2,27
1714,"under control",2,27
1715,"schr odinger equation",3,27
1716,"two body systems",3,27
1717,"self duality",2,27
1718,"anderson localization",2,27
1719,"shock wave",2,27
1720,"radiative correction",2,27
1721,"perturbative regime",2,27
1722,"seiberg witten map",3,27
1723,"energies below",2,27
1724,"positive definite",2,27
1725,"simple explanation",2,27
1726,"fermi gas",2,27
1727,"careful analysis",2,27
1728,"coupling strengths",2,27
1729,"dust cloud",2,27
1730,"wave mixing",2,27
1731,"boltzmann equation",2,27
1732,"hamiltonian formulation",2,27
1733,"single qubit",2,27
1734,"number violation",2,27
1735,"laser field",2,27
1736,"nucleus interactions",2,27
1737,"confined within",2,27
1738,"neural network",2,27
1739,"exactly solvable models",3,27
1740,"optical elements",2,27
1741,"trapped ions",2,27
1742,"photon pairs",2,27
1743,"energy barrier",2,27
1744,"enhancement factor",2,27
1745,"well approximated",2,27
1746,"cross correlations",2,27
1747,"small enough",2,27
1748,"control over",2,27
1749,"high performance",2,27
1750,"atomic hydrogen",2,27
1751,"mapped onto",2,27
1752,"linear combinations",2,27
1753,"natural explanation",2,27
1754,"low lying",2,27
1755,"einstein condensate",2,27
1756,"phonon modes",2,27
1757,"existing experimental",2,27
1758,"chiral condensate",2,27
1759,"critical phenomena",2,27
1760,"minimal surfaces",2,27
1761,"bulk motion",2,27
1762,"scaling laws",2,27
1763,"volume fraction",2,27
1764,"vertex corrections",2,27
1765,"unstable modes",2,27
1766,"input parameters",2,27
1767,"raman scattering",2,27
1768,"wave superconductors",2,27
1769,"clustering properties",2,27
1770,"formation rates",2,27
1771,"parameter theta",2,27
1772,"small angular",2,27
1773,"data cover",2,27
1774,"difference delta",2,27
1775,"end point",2,27
1776,"core collapse",2,27
1777,"radial distribution",2,27
1778,"rho omega",2,27
1779,"galaxy clustering",2,27
1780,"pi nu",2,27
1781,"hole entropy",2,27
1782,"rich clusters",2,27
1783,"supernova explosion",2,27
1784,"primordial nucleosynthesis",2,27
1785,"adaptive optics",2,27
1786,"hydrodynamic simulations",2,27
1787,"erg cm",2,27
1788,"bepposax observations",2,27
1789,"rotation curves",2,27
1790,"inverse compton",2,27
1791,"astro ph",2,27
1792,"near horizon",2,27
1793,"gravitational field theory",3,27
1794,"wilson loop",2,27
1795,"supergravity models",2,27
1796,"type iib",2,27
1797,"semileptonic decays",2,27
1798,"upsilon 4s resonance",3,27
1799,"q2 gev2",2,27
1800,"snn gev",2,27
1801,"electroweak interactions",2,27
1802,"cp asymmetries",2,27
1803,"generalized parton distributions",3,27
1804,"right handed",2,27
1805,"pp wave",2,27
1806,"type iia",2,27
1807,"integer values",2,26
1808,"completely positive",2,26
1809,"wigner functions",2,26
1810,"algebraic relations",2,26
1811,"deformation parameters",2,26
1812,"characteristic polynomials",2,26
1813,"semiclassical quantization",2,26
1814,"direct proof",2,26
1815,"spectral gap",2,26
1816,"supersymmetry algebra",2,26
1817,"local observables",2,26
1818,"symplectic manifold",2,26
1819,"fokker planck equation",3,26
1820,"conserved quantities",2,26
1821,"field configurations",2,26
1822,"coupled cluster",2,26
1823,"level spacing",2,26
1824,"critical line",2,26
1825,"pair breaking",2,26
1826,"linear stability",2,26
1827,"adiabatic limit",2,26
1828,"fermionic systems",2,26
1829,"arbitrary dimensions",2,26
1830,"direct sum",2,26
1831,"probability measure",2,26
1832,"maximum likelihood",2,26
1833,"energy momentum tensor",3,26
1834,"differential geometry",2,26
1835,"trace formula",2,26
1836,"thermodynamic quantities",2,26
1837,"term proportional",2,26
1838,"loss rate",2,26
1839,"electron diffraction",2,26
1840,"experimental limits",2,26
1841,"derived analytically",2,26
1842,"liquid crystal",2,26
1843,"collective excitation",2,26
1844,"central part",2,26
1845,"non stationary",2,26
1846,"contact interactions",2,26
1847,"mass squared",2,26
1848,"physical meaning",2,26
1849,"coupled channels",2,26
1850,"optical cavity",2,26
1851,"analytic continuation",2,26
1852,"conventional superconductors",2,26
1853,"mapping class",2,26
1854,"source term",2,26
1855,"valence band",2,26
1856,"coarse grained",2,26
1857,"photon flux",2,26
1858,"tc superconductors",2,26
1859,"response theory",2,26
1860,"growth process",2,26
1861,"polymer chain",2,26
1862,"kinetic equation",2,26
1863,"maximum value",2,26
1864,"penetration depth",2,26
1865,"surprisingly large",2,26
1866,"goldstone bosons",2,26
1867,"generated during",2,26
1868,"scale free network",3,26
1869,"kondo lattice",2,26
1870,"carbon nanotubes",2,26
1871,"dynamical origin",2,26
1872,"point correlation",2,26
1873,"continuous map",2,26
1874,"renormalization scheme",2,26
1875,"below mev",2,26
1876,"average value",2,26
1877,"significant differences",2,26
1878,"algebraically closed",2,26
1879,"homotopy theory",2,26
1880,"excitation energies",2,26
1881,"process elements",2,26
1882,"small world",2,26
1883,"spiral structure",2,26
1884,"baryonic matter",2,26
1885,"wavelength range",2,26
1886,"quark stars",2,26
1887,"intergalactic medium",2,26
1888,"cmb anisotropy",2,26
1889,"mass accretion",2,26
1890,"planetary nebulae",2,26
1891,"neutron rich",2,26
1892,"relativistic jets",2,26
1893,"radiative cooling",2,26
1894,"flat spectrum",2,26
1895,"coupled channel",2,26
1896,"finite nuclei",2,26
1897,"long baseline",2,26
1898,"matter content",2,26
1899,"experimental constraints",2,26
1900,"pt gev",2,26
1901,"upsilon 4s",2,26
1902,"proton beam",2,26
1903,"helicity amplitudes",2,26
1904,"exclusive processes",2,26
1905,"psi production",2,26
1906,"nucleus collisions",2,26
1907,"commutative limit",2,26
1908,"invariant observables",2,25
1909,"schr odinger",2,25
1910,"riemann surfaces",2,25
1911,"density matrices",2,25
1912,"two qubit systems",3,25
1913,"stretched exponential",2,25
1914,"heat kernel",2,25
1915,"variational principle",2,25
1916,"integration over",2,25
1917,"pair potentials",2,25
1918,"key point",2,25
1919,"small angular momentum",3,25
1920,"three sphere",2,25
1921,"selection criteria",2,25
1922,"explicit expression",2,25
1923,"periodic structures",2,25
1924,"curved background",2,25
1925,"black hole mass",3,25
1926,"boundary value",2,25
1927,"star product",2,25
1928,"odd number",2,25
1929,"initial condition",2,25
1930,"lyapunov exponents",2,25
1931,"projective space",2,25
1932,"dimensional reduction",2,25
1933,"laser pulses",2,25
1934,"infinite family",2,25
1935,"excited state",2,25
1936,"casimir force",2,25
1937,"atomic beam",2,25
1938,"detection efficiency",2,25
1939,"standard deviations",2,25
1940,"current research",2,25
1941,"negative values",2,25
1942,"cavity field",2,25
1943,"numerical evaluation",2,25
1944,"precision measurement",2,25
1945,"finite width",2,25
1946,"gross pitaevskii equation",3,25
1947,"characteristic time",2,25
1948,"metastable state",2,25
1949,"occurs via",2,25
1950,"data processing",2,25
1951,"nuclear spin",2,25
1952,"collision rate",2,25
1953,"real parts",2,25
1954,"vortex line",2,25
1955,"power laws",2,25
1956,"strong disorder",2,25
1957,"cluster approximation",2,25
1958,"quasiparticle excitations",2,25
1959,"mode frequencies",2,25
1960,"exact renormalization group",3,25
1961,"chemical potentials",2,25
1962,"velocity profiles",2,25
1963,"langevin dynamics",2,25
1964,"phonon interaction",2,25
1965,"anisotropic lattices",2,25
1966,"magnetic ordering",2,25
1967,"ordered phase",2,25
1968,"polycrystalline samples",2,25
1969,"metastable states",2,25
1970,"temperature gradient",2,25
1971,"exchange mechanism",2,25
1972,"electronic structures",2,25
1973,"nearest neighbour",2,25
1974,"leading twist",2,25
1975,"momentum distribution",2,25
1976,"molecular hydrogen",2,25
1977,"spatial variations",2,25
1978,"compact symmetric",2,25
1979,"derived category",2,25
1980,"vertex operators",2,25
1981,"delta rho",2,25
1982,"open clusters",2,25
1983,"absolute magnitude",2,25
1984,"self similarity",2,25
1985,"alpha emission",2,25
1986,"hawking radiation",2,25
1987,"ultra high",2,25
1988,"impact parameter",2,25
1989,"two loop corrections",3,25
1990,"molecular line",2,25
1991,"supernova explosions",2,25
1992,"solar like",2,25
1993,"large magellanic cloud lmc",4,25
1994,"hadronic matter",2,25
1995,"line ratios",2,25
1996,"white dwarfs",2,25
1997,"seyfert galaxies",2,25
1998,"starburst galaxy",2,25
1999,"powerful radio galaxies",3,25
2000,"galactic latitude",2,25
2001,"gamma ray burst grb",4,25
2002,"multiple images",2,25
2003,"cross correlation",2,25
2004,"he ii",2,25
2005,"gravity waves",2,25
2006,"long slit",2,25
2007,"heavy nuclei",2,25
2008,"neutral pions",2,25
2009,"induced reactions",2,25
2010,"pion nucleon",2,25
2011,"centrality dependence",2,25
2012,"two higgs",2,25
2013,"hadron spectra",2,25
2014,"quark sector",2,25
2015,"quenched qcd",2,25
2016,"von neumann algebra",3,24
2017,"linear optics",2,24
2018,"geometric objects",2,24
2019,"smooth projective",2,24
2020,"symmetric polynomials",2,24
2021,"heat flux",2,24
2022,"connected component",2,24
2023,"covariant quantization",2,24
2024,"canonical transformation",2,24
2025,"flux tube",2,24
2026,"theta functions",2,24
2027,"distribution inside",2,24
2028,"linearly independent",2,24
2029,"classical counterpart",2,24
2030,"local minimum",2,24
2031,"commutation relations",2,24
2032,"main attention",2,24
2033,"direct consequence",2,24
2034,"four momentum",2,24
2035,"edge states",2,24
2036,"partial differential equations",3,24
2037,"microscopic level",2,24
2038,"highly anisotropic",2,24
2039,"supersymmetric quantum",2,24
2040,"minkowski space time",3,24
2041,"constraints imposed",2,24
2042,"running time",2,24
2043,"renormalization group flow",3,24
2044,"topological invariants",2,24
2045,"dynamical processes",2,24
2046,"semiclassical limit",2,24
2047,"covariant derivatives",2,24
2048,"fermions coupled",2,24
2049,"single impurity",2,24
2050,"light pulses",2,24
2051,"relativistic quantum mechanics",3,24
2052,"elementary excitations",2,24
2053,"source code",2,24
2054,"universal features",2,24
2055,"inverse square",2,24
2056,"treated within",2,24
2057,"dynamical symmetries",2,24
2058,"thermal bath",2,24
2059,"main feature",2,24
2060,"interpreted within",2,24
2061,"particle creation",2,24
2062,"coherent potential",2,24
2063,"fuzzy sphere",2,24
2064,"filling factor",2,24
2065,"almost complex",2,24
2066,"cooling time",2,24
2067,"pair creation",2,24
2068,"de la",2,24
2069,"momentum dependent",2,24
2070,"line width",2,24
2071,"random lattices",2,24
2072,"remarkably well",2,24
2073,"fine structure constant",3,24
2074,"discovery potential",2,24
2075,"after reviewing",2,24
2076,"per site",2,24
2077,"thermal component",2,24
2078,"conduction electrons",2,24
2079,"phase boundary",2,24
2080,"aspect ratio",2,24
2081,"after inflation",2,24
2082,"electron phonon",2,24
2083,"linear conductance",2,24
2084,"dielectric constant",2,24
2085,"dynamical mean field theory",4,24
2086,"magnetic field lines",3,24
2087,"shock waves",2,24
2088,"cluster algorithm",2,24
2089,"insulating state",2,24
2090,"analytic methods",2,24
2091,"end up",2,24
2092,"response function",2,24
2093,"unified framework",2,24
2094,"non resonant",2,24
2095,"degree distribution",2,24
2096,"surface area",2,24
2097,"angle dependent",2,24
2098,"electrostatic potential",2,24
2099,"momentum spectra",2,24
2100,"strong suppression",2,24
2101,"harmonic analysis",2,24
2102,"hopf algebras",2,24
2103,"thermal pressure",2,24
2104,"multi band",2,24
2105,"spectral types",2,24
2106,"simulations indicate",2,24
2107,"axial vector",2,24
2108,"exponential potential",2,24
2109,"within pc",2,24
2110,"high redshifts",2,24
2111,"solar activity",2,24
2112,"normal galaxies",2,24
2113,"ray binary",2,24
2114,"cosmic microwave background cmb anisotropy",5,24
2115,"type ia supernovae",3,24
2116,"uv spectra",2,24
2117,"s0 galaxies",2,24
2118,"diffuse emission",2,24
2119,"low redshift",2,24
2120,"light ratios",2,24
2121,"population ii",2,24
2122,"proper motions",2,24
2123,"surface gravity",2,24
2124,"friedmann equation",2,24
2125,"de sitter universe",3,24
2126,"uv optical",2,24
2127,"theory compactified",2,24
2128,"space telescope",2,24
2129,"large extra",2,24
2130,"brane configurations",2,24
2131,"pi0 gamma",2,24
2132,"plane wave background",3,24
2133,"gluon distribution",2,24
2134,"rho meson",2,24
2135,"supersymmetric particles",2,24
2136,"constituent quark",2,24
2137,"qcd factorization",2,24
2138,"intersecting branes",2,24
2139,"covariant derivative",2,23
2140,"random matrix ensembles",3,23
2141,"induced metric",2,23
2142,"density operators",2,23
2143,"scalar product",2,23
2144,"vector currents",2,23
2145,"agree within",2,23
2146,"geometric interpretation",2,23
2147,"percolation threshold",2,23
2148,"harmonic oscillators",2,23
2149,"transport equations",2,23
2150,"linear stability analysis",3,23
2151,"monopole solutions",2,23
2152,"infinite series",2,23
2153,"cubic lattice",2,23
2154,"ionization state",2,23
2155,"riemann surface",2,23
2156,"effective hamiltonians",2,23
2157,"rule approach",2,23
2158,"random matrix models",3,23
2159,"order unity",2,23
2160,"localized around",2,23
2161,"unique solution",2,23
2162,"lorentz group",2,23
2163,"elementary proof",2,23
2164,"wave packets",2,23
2165,"search algorithms",2,23
2166,"basic principles",2,23
2167,"multipartite entanglement",2,23
2168,"local realistic",2,23
2169,"composite systems",2,23
2170,"internal degrees",2,23
2171,"unitary transformations",2,23
2172,"quantitative description",2,23
2173,"convex set",2,23
2174,"van der waals",3,23
2175,"essentially independent",2,23
2176,"transfer rate",2,23
2177,"periodic orbit",2,23
2178,"well behaved",2,23
2179,"body systems",2,23
2180,"self interacting",2,23
2181,"bottom up",2,23
2182,"gauge invariance",2,23
2183,"lyapunov exponent",2,23
2184,"relative importance",2,23
2185,"wavelength dependence",2,23
2186,"m1 m2",2,23
2187,"well outside",2,23
2188,"group velocity",2,23
2189,"orbital angular momentum",3,23
2190,"sample containing",2,23
2191,"non singlet",2,23
2192,"oscillation frequency",2,23
2193,"earlier calculations",2,23
2194,"superconductor ferromagnet",2,23
2195,"crossover region",2,23
2196,"weakly interacting",2,23
2197,"disorder induced",2,23
2198,"selection rules",2,23
2199,"aharonov bohm",2,23
2200,"absorption edge",2,23
2201,"scaling law",2,23
2202,"peak intensity",2,23
2203,"lecture notes",2,23
2204,"glassy dynamics",2,23
2205,"structural parameters",2,23
2206,"non zero temperature",3,23
2207,"cooling process",2,23
2208,"strongly suppressed",2,23
2209,"time resolved",2,23
2210,"line profiles",2,23
2211,"solid angle",2,23
2212,"line shape",2,23
2213,"coherent sheaves",2,23
2214,"preliminary result",2,23
2215,"alpha elements",2,23
2216,"left right handed",3,23
2217,"sdss early",2,23
2218,"red shift",2,23
2219,"too small",2,23
2220,"lensing effect",2,23
2221,"spectral features",2,23
2222,"redshift supernovae",2,23
2223,"binary black holes",3,23
2224,"high intensity",2,23
2225,"density perturbations",2,23
2226,"interferometric observations",2,23
2227,"cataclysmic variables",2,23
2228,"gamma ray luminosity",3,23
2229,"evolved stars",2,23
2230,"neutral gas",2,23
2231,"angular power spectrum",3,23
2232,"low metallicity",2,23
2233,"star forming region",3,23
2234,"local universe",2,23
2235,"de sitter spacetimes",3,23
2236,"host galaxies",2,23
2237,"active galactic nuclei",3,23
2238,"ray binaries",2,23
2239,"astrophysical sources",2,23
2240,"cluster members",2,23
2241,"supernova remnants",2,23
2242,"outer disk",2,23
2243,"solar metallicity",2,23
2244,"luminosity functions",2,23
2245,"energy cosmic",2,23
2246,"relativistic corrections",2,23
2247,"atmospheric muon",2,23
2248,"three flavor",2,23
2249,"polarized proton",2,23
2250,"systematic uncertainty",2,23
2251,"cern lhc",2,23
2252,"schwarzschild spacetime",2,23
2253,"string tension",2,23
2254,"two pions",2,23
2255,"vector meson",2,23
2256,"quark condensate",2,23
2257,"dp branes",2,23
2258,"higher rank",2,22
2259,"critical point like",3,22
2260,"dimensional 2d",2,22
2261,"renormalisation group",2,22
2262,"independent components",2,22
2263,"curved spacetimes",2,22
2264,"statistical mechanical",2,22
2265,"cauchy problem",2,22
2266,"weight function",2,22
2267,"epsilon expansion",2,22
2268,"holomorphic function",2,22
2269,"massive scalar field",3,22
2270,"radial distributions",2,22
2271,"wkb approximation",2,22
2272,"quasi periodic",2,22
2273,"non hermitian",2,22
2274,"electromagnetic interactions",2,22
2275,"uncertainty principle",2,22
2276,"direct connection",2,22
2277,"casimir energy",2,22
2278,"spin manifold",2,22
2279,"interference pattern",2,22
2280,"control parameters",2,22
2281,"geometric phase",2,22
2282,"nuclear spins",2,22
2283,"uncertainty relation",2,22
2284,"individual particles",2,22
2285,"higher densities",2,22
2286,"strong coupling regime",3,22
2287,"basic notions",2,22
2288,"two loop level",3,22
2289,"magneto optical",2,22
2290,"mixed states",2,22
2291,"electromagnetic radiation",2,22
2292,"spectral functions",2,22
2293,"fabry perot",2,22
2294,"formation mechanisms",2,22
2295,"vibrational modes",2,22
2296,"operator formalism",2,22
2297,"multi frequency",2,22
2298,"improved measurement",2,22
2299,"single ion",2,22
2300,"non adiabatic",2,22
2301,"strong coupling constant",3,22
2302,"ideal gas",2,22
2303,"energy dissipation",2,22
2304,"detector response",2,22
2305,"large extent",2,22
2306,"radiation reaction",2,22
2307,"real world",2,22
2308,"probability distribution function",3,22
2309,"target nucleus",2,22
2310,"fundamental strings",2,22
2311,"after briefly",2,22
2312,"correlated random",2,22
2313,"binary mixtures",2,22
2314,"spin susceptibility",2,22
2315,"site repulsion",2,22
2316,"electrical conductivity",2,22
2317,"coupling regime",2,22
2318,"high temperature dependence",3,22
2319,"excluded volume",2,22
2320,"nonlinear response",2,22
2321,"kondo temperature",2,22
2322,"highly significant",2,22
2323,"ac susceptibility",2,22
2324,"type ii superconductors",3,22
2325,"cooper pairs",2,22
2326,"reaction diffusion",2,22
2327,"electrical resistivity",2,22
2328,"anisotropy ratio",2,22
2329,"structure constants",2,22
2330,"gaussian approximation",2,22
2331,"two adjacent",2,22
2332,"granular materials",2,22
2333,"angular momenta",2,22
2334,"substantial fraction",2,22
2335,"calculations suggest",2,22
2336,"lattice constants",2,22
2337,"schwinger dyson",2,22
2338,"existing experimental data",3,22
2339,"screening effect",2,22
2340,"asymptotic giant",2,22
2341,"physical mechanism",2,22
2342,"law decay",2,22
2343,"vanishing theorem",2,22
2344,"rational map",2,22
2345,"standard deviation",2,22
2346,"omega phi",2,22
2347,"fundamental mode",2,22
2348,"doublet model",2,22
2349,"spectroscopic studies",2,22
2350,"extragalactic background",2,22
2351,"lx erg",2,22
2352,"star formation rate",3,22
2353,"hi cm",2,22
2354,"put constraints",2,22
2355,"period luminosity",2,22
2356,"stellar wind",2,22
2357,"supernova sn",2,22
2358,"virgo cluster",2,22
2359,"cluster ngc",2,22
2360,"formation rate",2,22
2361,"massive black holes",3,22
2362,"carbon rich",2,22
2363,"non perturbative qcd",3,22
2364,"interstellar clouds",2,22
2365,"stellar dynamics",2,22
2366,"hydrodynamical simulations",2,22
2367,"metal poor",2,22
2368,"local ring",2,22
2369,"complex projective",2,22
2370,"decay channel",2,22
2371,"electroweak scale",2,22
2372,"violating interactions",2,22
2373,"massive modes",2,22
2374,"large nc",2,22
2375,"unitarity triangle",2,22
2376,"einstein condensation",2,21
2377,"differential calculus",2,21
2378,"distance physics",2,21
2379,"random matrices",2,21
2380,"reduction procedure",2,21
2381,"fairly large",2,21
2382,"kinetic energies",2,21
2383,"cone over",2,21
2384,"thermodynamic stability",2,21
2385,"go theorem",2,21
2386,"geometric construction",2,21
2387,"combinatorial structure",2,21
2388,"resonance conditions",2,21
2389,"conformal invariance",2,21
2390,"vector bundles",2,21
2391,"two definitions",2,21
2392,"conserved charges",2,21
2393,"main ideas",2,21
2394,"concrete model",2,21
2395,"fokker planck",2,21
2396,"deformation quantization",2,21
2397,"polarization observables",2,21
2398,"navier stokes equation",3,21
2399,"second half",2,21
2400,"universality classes",2,21
2401,"dilute limit",2,21
2402,"tensor products",2,21
2403,"optimal strategies",2,21
2404,"maximal value",2,21
2405,"high precision measurements",3,21
2406,"cyclic group",2,21
2407,"rare earth",2,21
2408,"wave packet",2,21
2409,"continuous measurement",2,21
2410,"specific heat measurements",3,21
2411,"angular correlations",2,21
2412,"per unit",2,21
2413,"magnetic resonance",2,21
2414,"ordinary differential equations",3,21
2415,"sheds light",2,21
2416,"transmission electron",2,21
2417,"band width",2,21
2418,"physical observables",2,21
2419,"bimodal distribution",2,21
2420,"detection limit",2,21
2421,"standard map",2,21
2422,"analysed within",2,21
2423,"half filled",2,21
2424,"causal structure",2,21
2425,"detailed balance",2,21
2426,"common features",2,21
2427,"multi object",2,21
2428,"fifth dimension",2,21
2429,"distant sources",2,21
2430,"crystal structures",2,21
2431,"medium modification",2,21
2432,"anomalous dimensions",2,21
2433,"counter rotating",2,21
2434,"oscillation modes",2,21
2435,"sensitivity limit",2,21
2436,"dilute gas",2,21
2437,"accurate values",2,21
2438,"laboratory measurements",2,21
2439,"yba cu",2,21
2440,"normal modes",2,21
2441,"heat flow",2,21
2442,"two dimensional electron systems",4,21
2443,"replica symmetry breaking",3,21
2444,"high tc cuprates",3,21
2445,"transport coefficients",2,21
2446,"optical response",2,21
2447,"growth exponent",2,21
2448,"random phase transition",3,21
2449,"strain rate",2,21
2450,"molecular beam epitaxy",3,21
2451,"weak disorder",2,21
2452,"square degree",2,21
2453,"quantum hall system",3,21
2454,"significant part",2,21
2455,"repulsive interactions",2,21
2456,"fermi surfaces",2,21
2457,"structural transitions",2,21
2458,"temperature variations",2,21
2459,"pedagogical introduction",2,21
2460,"result agrees",2,21
2461,"non linear sigma model",4,21
2462,"material parameters",2,21
2463,"sine gordon",2,21
2464,"high frequency range",3,21
2465,"resonance line",2,21
2466,"dominates over",2,21
2467,"single molecule",2,21
2468,"optical transitions",2,21
2469,"scattered light",2,21
2470,"expansion velocity",2,21
2471,"left right symmetric",3,21
2472,"g2 manifolds",2,21
2473,"x1 xn",2,21
2474,"number counts",2,21
2475,"non rotating",2,21
2476,"fixed target",2,21
2477,"significant deviations",2,21
2478,"detailed calculation",2,21
2479,"topological defects",2,21
2480,"source counts",2,21
2481,"radio quiet",2,21
2482,"event rate",2,21
2483,"peculiar stars",2,21
2484,"type ia",2,21
2485,"intracluster medium",2,21
2486,"black hole binaries",3,21
2487,"cdm models",2,21
2488,"fragmentation functions",2,21
2489,"accreting black holes",3,21
2490,"agb stars",2,21
2491,"helium core",2,21
2492,"main sequence stars",3,21
2493,"dwarf nova",2,21
2494,"process nucleosynthesis",2,21
2495,"redshift quasars",2,21
2496,"cold dark matter halos",4,21
2497,"ray emission line",3,21
2498,"hubble constant",2,21
2499,"massive clusters",2,21
2500,"dust continuum",2,21
2501,"high redshift quasars",3,21
2502,"large radii",2,21
2503,"neutrino induced",2,21
2504,"schwarzschild metric",2,21
2505,"subaru telescope",2,21
2506,"three manifolds",2,21
2507,"flat space time",3,21
2508,"high pt",2,21
2509,"conformal symmetry",2,21
2510,"yang mills theory",3,21
2511,"proton nucleus",2,21
2512,"pp waves",2,21
2513,"pi pi0 gamma",3,21
2514,"hera collider",2,21
2515,"flavor violation",2,21
2516,"beta decay",2,21
2517,"chiral symmetry restoration",3,21
2518,"nambu jona lasinio model",4,21
2519,"fermion sector",2,21
2520,"minimal supersymmetric",2,21
2521,"experimental bounds",2,21
2522,"riemann hilbert",2,20
2523,"translation invariant",2,20
2524,"non equilibrium states",3,20
2525,"moyal product",2,20
2526,"general ansatz",2,20
2527,"lax pair",2,20
2528,"lambda term",2,20
2529,"continuous family",2,20
2530,"index theorem",2,20
2531,"dirac type",2,20
2532,"hamilton jacobi",2,20
2533,"constrained systems",2,20
2534,"boundary layer",2,20
2535,"chaotic maps",2,20
2536,"euler equations",2,20
2537,"detailed treatment",2,20
2538,"decomposition theorem",2,20
2539,"graph theory",2,20
2540,"semi amplitude",2,20
2541,"random force",2,20
2542,"vertex operator",2,20
2543,"path integrals",2,20
2544,"percolation clusters",2,20
2545,"law continuum",2,20
2546,"short overview",2,20
2547,"linear sigma",2,20
2548,"shell like",2,20
2549,"canonical quantization",2,20
2550,"canonical value",2,20
2551,"probability measures",2,20
2552,"numerical computations",2,20
2553,"directed percolation",2,20
2554,"poisson brackets",2,20
2555,"parameter estimation",2,20
2556,"quantum memory",2,20
2557,"experimentally accessible",2,20
2558,"non locality",2,20
2559,"two parties",2,20
2560,"entanglement generation",2,20
2561,"tsallis entropy",2,20
2562,"subsequent evolution",2,20
2563,"distance behavior",2,20
2564,"maximal violation",2,20
2565,"phase separated",2,20
2566,"hidden variables",2,20
2567,"alternative interpretation",2,20
2568,"second generation",2,20
2569,"fundamental property",2,20
2570,"natural language",2,20
2571,"multiple components",2,20
2572,"odd dimensional",2,20
2573,"protein interaction",2,20
2574,"propagating through",2,20
2575,"common origin",2,20
2576,"direct information",2,20
2577,"path length",2,20
2578,"rotational symmetry",2,20
2579,"whole sample",2,20
2580,"electron neutrino",2,20
2581,"landau levels",2,20
2582,"inversely proportional",2,20
2583,"constrained system",2,20
2584,"memory effect",2,20
2585,"non diagonal",2,20
2586,"hyperfine interaction",2,20
2587,"two dimensional ising model",4,20
2588,"nearly constant",2,20
2589,"approximate solution",2,20
2590,"ferromagnetic layers",2,20
2591,"energy balance",2,20
2592,"parameter space time",3,20
2593,"orbital degrees",2,20
2594,"double exchange",2,20
2595,"field lines",2,20
2596,"supercooled liquids",2,20
2597,"muon anomaly",2,20
2598,"zeeman splitting",2,20
2599,"high temperature superconductors",3,20
2600,"topological defect",2,20
2601,"relative strength",2,20
2602,"quasi particles",2,20
2603,"density functional calculations",3,20
2604,"exponent gamma",2,20
2605,"fundamental plane",2,20
2606,"systematic error",2,20
2607,"susceptibility chi",2,20
2608,"around mev",2,20
2609,"electron phonon interaction",3,20
2610,"spatial distributions",2,20
2611,"electron spins",2,20
2612,"dynamical exponent",2,20
2613,"ionizing radiation",2,20
2614,"dynamical instability",2,20
2615,"hard spheres",2,20
2616,"elastic collisions",2,20
2617,"polymer chains",2,20
2618,"decoupling limit",2,20
2619,"brillouin zone",2,20
2620,"radial direction",2,20
2621,"local moment",2,20
2622,"grand unified",2,20
2623,"saddle point",2,20
2624,"lens system",2,20
2625,"slowly rotating",2,20
2626,"nonlinear sigma model",3,20
2627,"vortex core",2,20
2628,"infrared spectra",2,20
2629,"angular velocity",2,20
2630,"collective motion",2,20
2631,"first excited",2,20
2632,"direct observation",2,20
2633,"numerical tests",2,20
2634,"under development",2,20
2635,"waves propagating",2,20
2636,"star products",2,20
2637,"algebraic curves",2,20
2638,"primary fields",2,20
2639,"observational consequences",2,20
2640,"qualitative analysis",2,20
2641,"extracting information",2,20
2642,"unstable particle",2,20
2643,"fragmentation process",2,20
2644,"dynamical variables",2,20
2645,"electron beam",2,20
2646,"cubic interaction",2,20
2647,"heavy elements",2,20
2648,"ages metallicities",2,20
2649,"supermassive black hole",3,20
2650,"young stellar",2,20
2651,"individual components",2,20
2652,"orbit around",2,20
2653,"fe ii",2,20
2654,"sub mm",2,20
2655,"galactic disks",2,20
2656,"star formation rates",3,20
2657,"star cluster formation",3,20
2658,"cosmic microwave",2,20
2659,"atmosphere models",2,20
2660,"timing explorer",2,20
2661,"accretion discs",2,20
2662,"data release",2,20
2663,"accretion disc",2,20
2664,"galactic globular clusters",3,20
2665,"quintessence models",2,20
2666,"cosmic microwave background cmb",4,20
2667,"baryon density",2,20
2668,"planetary system",2,20
2669,"resolution spectra",2,20
2670,"wilson action",2,20
2671,"two flavors",2,20
2672,"equal masses",2,20
2673,"calabi yau manifolds",3,20
2674,"light front",2,20
2675,"archival data",2,20
2676,"cosmological constant lambda",3,20
2677,"few gev",2,20
2678,"strange quark mass",3,20
2679,"back reaction",2,20
2680,"muon g-2",2,20
2681,"cardy verlinde formula",3,20
2682,"naturally light",2,20
2683,"grand unification",2,20
2684,"bose einstein correlations",3,20
2685,"jefferson lab",2,20
2686,"tau lepton",2,20
2687,"large hadron collider",3,20
2688,"hep ph",2,20
2689,"holographic dual",2,20
2690,"equally spaced",2,19
2691,"adjoint representation",2,19
2692,"orthogonal basis",2,19
2693,"four body",2,19
2694,"correct interpretation",2,19
2695,"elliptic operators",2,19
2696,"topological features",2,19
2697,"poisson bracket",2,19
2698,"quantum game",2,19
2699,"spin-1 particle",2,19
2700,"generalized coherent states",3,19
2701,"poincare group",2,19
2702,"real scalar",2,19
2703,"symbolic dynamics",2,19
2704,"base space",2,19
2705,"young diagrams",2,19
2706,"dual pairs",2,19
2707,"curvature perturbations",2,19
2708,"dielectric media",2,19
2709,"equivariant cohomology",2,19
2710,"cohomology class",2,19
2711,"body problem",2,19
2712,"spin glass models",3,19
2713,"frequency shifts",2,19
2714,"singularity formation",2,19
2715,"goes through",2,19
2716,"x1 x2",2,19
2717,"codimension two",2,19
2718,"non planar",2,19
2719,"correspondence principle",2,19
2720,"second quantization",2,19
2721,"anomaly free",2,19
2722,"schwinger dyson equations",3,19
2723,"momentum conservation",2,19
2724,"cohomology classes",2,19
2725,"distance modulus",2,19
2726,"illustrated through",2,19
2727,"slowly varying",2,19
2728,"diffusion equations",2,19
2729,"entanglement assisted",2,19
2730,"logic gates",2,19
2731,"uniformly distributed",2,19
2732,"reasonable values",2,19
2733,"unitary transformation",2,19
2734,"standard picture",2,19
2735,"force acting",2,19
2736,"maximum entropy principle",3,19
2737,"light emitted",2,19
2738,"control parameter",2,19
2739,"parameters involved",2,19
2740,"external field theory",3,19
2741,"berry phase",2,19
2742,"intensity fluctuations",2,19
2743,"frequency shift",2,19
2744,"quantum chaos",2,19
2745,"bose einstein condensation",3,19
2746,"arbitrary shape",2,19
2747,"force fields",2,19
2748,"solvable model",2,19
2749,"polarized light",2,19
2750,"transverse spin",2,19
2751,"short proof",2,19
2752,"game theory",2,19
2753,"renormalization procedure",2,19
2754,"singlet ground state",3,19
2755,"minimal length",2,19
2756,"particles move",2,19
2757,"hydrodynamic models",2,19
2758,"finite dimensional 2d",3,19
2759,"individual sources",2,19
2760,"cold dark",2,19
2761,"periodic orbits",2,19
2762,"fine structure constant alpha",4,19
2763,"extreme case",2,19
2764,"isolated systems",2,19
2765,"electric dipole moment",3,19
2766,"convergence properties",2,19
2767,"quantum monte carlo simulations",4,19
2768,"response functions",2,19
2769,"dynamic range",2,19
2770,"antiferromagnetic fluctuations",2,19
2771,"anomaly induced",2,19
2772,"conductance peak",2,19
2773,"vertical structure",2,19
2774,"contact structures",2,19
2775,"ginzburg landau theory",3,19
2776,"selection mechanism",2,19
2777,"point defects",2,19
2778,"fragmentation function",2,19
2779,"states dos",2,19
2780,"non fermi",2,19
2781,"acoustic phonons",2,19
2782,"qualitative behavior",2,19
2783,"frustrated systems",2,19
2784,"filling factor nu",3,19
2785,"stock returns",2,19
2786,"log normal",2,19
2787,"ga mn",2,19
2788,"correct description",2,19
2789,"condensate fraction",2,19
2790,"relaxation process",2,19
2791,"dimensional 1d",2,19
2792,"financial markets",2,19
2793,"massless fermions",2,19
2794,"vortex dynamics",2,19
2795,"bias voltage",2,19
2796,"statistical significance",2,19
2797,"instability occurs",2,19
2798,"decay points",2,19
2799,"heat conduction",2,19
2800,"coulomb blockade",2,19
2801,"core level",2,19
2802,"spatially homogeneous",2,19
2803,"oscillation parameters",2,19
2804,"strongly anisotropic",2,19
2805,"analytical predictions",2,19
2806,"fractional charge",2,19
2807,"glass models",2,19
2808,"large deviations",2,19
2809,"ks band",2,19
2810,"velocity difference",2,19
2811,"chern simons theory",3,19
2812,"isotropic turbulence",2,19
2813,"quenched random",2,19
2814,"spherical particles",2,19
2815,"overlap fermions",2,19
2816,"result indicates",2,19
2817,"bayesian approach",2,19
2818,"current conservation",2,19
2819,"velocity distributions",2,19
2820,"exact sequence",2,19
2821,"system sizes",2,19
2822,"k3 surface",2,19
2823,"commutative ring",2,19
2824,"two sides",2,19
2825,"toric varieties",2,19
2826,"calabi yau threefolds",3,19
2827,"wavelet analysis",2,19
2828,"exponential potentials",2,19
2829,"np hard",2,19
2830,"yukawa coupling",2,19
2831,"maximum likelihood analysis",3,19
2832,"classification scheme",2,19
2833,"flux ratios",2,19
2834,"thermal instability",2,19
2835,"state eos",2,19
2836,"nh cm",2,19
2837,"medium resolution",2,19
2838,"intermediate energies",2,19
2839,"supersymmetric standard model",3,19
2840,"echelle spectrograph",2,19
2841,"ccd images",2,19
2842,"central black hole",3,19
2843,"frw universe",2,19
2844,"starburst galaxies",2,19
2845,"forming region",2,19
2846,"south pole",2,19
2847,"gas rich",2,19
2848,"bursts grbs",2,19
2849,"pre main sequence",3,19
2850,"symmetric nuclear matter",3,19
2851,"within mpc",2,19
2852,"early afterglow",2,19
2853,"lorentz factor",2,19
2854,"source population",2,19
2855,"rotation curve",2,19
2856,"asca observations",2,19
2857,"color superconductivity",2,19
2858,"active galactic",2,19
2859,"luminosity temperature",2,19
2860,"photometric redshift",2,19
2861,"strong gravitational",2,19
2862,"color diagram",2,19
2863,"simeq gev",2,19
2864,"core collapse supernovae",3,19
2865,"line widths",2,19
2866,"emission measure",2,19
2867,"schwarzschild black hole",3,19
2868,"ambient gas",2,19
2869,"model sm",2,19
2870,"turbulent flows",2,19
2871,"gran sasso",2,19
2872,"reissner nordstrom",2,19
2873,"absolute value",2,19
2874,"spiral arms",2,19
2875,"atmospheric neutrino oscillation",3,19
2876,"tev region",2,19
2877,"ds cft correspondence",3,19
2878,"pion decay",2,19
2879,"decay products",2,19
2880,"large extra dimension",3,19
2881,"post newtonian",2,19
2882,"s1 z2",2,19
2883,"proton antiproton",2,19
2884,"zeus detector",2,19
2885,"parton densities",2,19
2886,"pep ii",2,19
2887,"mh gev",2,19
2888,"ds pi",2,19
2889,"opal detector",2,19
2890,"cleo detector",2,19
2891,"cp violating asymmetry",3,19
2892,"quark pair",2,19
2893,"boson production",2,19
2894,"nlo qcd",2,19
2895,"leading order nlo qcd",4,19
2896,"electroweak data",2,19
2897,"mixing angle",2,19
2898,"su lattice gauge theory",4,19
2899,"quark diquark",2,19
2900,"thermal freeze",2,19
2901,"elliptic flow",2,19
2902,"softly broken",2,19
2903,"two loop diagrams",3,19
2904,"type iib supergravity",3,19
2905,"schr odinger operators",3,18
2906,"spontaneous symmetry",2,18
2907,"chiral unitary",2,18
2908,"geodesic equations",2,18
2909,"ricci tensor",2,18
2910,"hypergeometric series",2,18
2911,"central limit theorem",3,18
2912,"time ago",2,18
2913,"wavelet transform",2,18
2914,"planar graphs",2,18
2915,"simple geometric",2,18
2916,"grand unified theories",3,18
2917,"mechanical systems",2,18
2918,"after correction",2,18
2919,"self avoiding",2,18
2920,"incompressible fluid",2,18
2921,"entropy principle",2,18
2922,"f1 f2",2,18
2923,"schwinger boson",2,18
2924,"coarse graining",2,18
2925,"end distance",2,18
2926,"theoretic approach",2,18
2927,"bps states",2,18
2928,"alkali atoms",2,18
2929,"precise definition",2,18
2930,"second derivative",2,18
2931,"general covariance",2,18
2932,"improved estimate",2,18
2933,"electric field theory",3,18
2934,"gross pitaevskii",2,18
2935,"observable properties",2,18
2936,"equilibrium statistical",2,18
2937,"algebraic varieties",2,18
2938,"extrinsic curvature",2,18
2939,"data compression",2,18
2940,"reaction plane",2,18
2941,"fractional quantum hall effect",4,18
2942,"frequency domain",2,18
2943,"continuous variables",2,18
2944,"quantum teleportation",2,18
2945,"correlated noise",2,18
2946,"gr qc",2,18
2947,"characteristic frequencies",2,18
2948,"arbitrarily large",2,18
2949,"closed loops",2,18
2950,"neutral atoms",2,18
2951,"theoretical uncertainty",2,18
2952,"beam splitter",2,18
2953,"free scalar",2,18
2954,"black hole entropy",3,18
2955,"adiabatic approximation",2,18
2956,"detailed numerical",2,18
2957,"photon statistics",2,18
2958,"dirac delta",2,18
2959,"liouville equation",2,18
2960,"severe constraints",2,18
2961,"basis sets",2,18
2962,"mixed phase",2,18
2963,"ultra relativistic",2,18
2964,"high speed",2,18
2965,"semi classical limit",3,18
2966,"linearly polarized",2,18
2967,"his result",2,18
2968,"measurement errors",2,18
2969,"eight objects",2,18
2970,"space time dependence",3,18
2971,"gaas algaas",2,18
2972,"strongly reduced",2,18
2973,"order parameter space",3,18
2974,"ensemble average",2,18
2975,"exchange correlation",2,18
2976,"step like",2,18
2977,"integrated over",2,18
2978,"local minima",2,18
2979,"conditions hold",2,18
2980,"lower frequencies",2,18
2981,"relaxation rate",2,18
2982,"protein folding",2,18
2983,"impurity scattering",2,18
2984,"colloidal suspensions",2,18
2985,"degenerate ground state",3,18
2986,"anomalous magnetic field",3,18
2987,"tunneling rate",2,18
2988,"models imply",2,18
2989,"two terminal",2,18
2990,"exact treatment",2,18
2991,"quantum gases",2,18
2992,"finite dimensional ising model",4,18
2993,"layered superconductors",2,18
2994,"scattering rate",2,18
2995,"simple liquids",2,18
2996,"grand canonical",2,18
2997,"grain size",2,18
2998,"complex patterns",2,18
2999,"size corrections",2,18
3000,"strain induced",2,18
3001,"novel mechanism",2,18
3002,"doped manganites",2,18
3003,"driving force",2,18
3004,"local density functional theory",4,18
3005,"quenched disorder",2,18
3006,"like ions",2,18
3007,"hot spots",2,18
3008,"approximation property",2,18
3009,"consistent treatment",2,18
3010,"high energy density",3,18
3011,"geometrical interpretation",2,18
3012,"andreev reflection",2,18
3013,"basic ideas",2,18
3014,"charge carriers",2,18
3015,"sign problem",2,18
3016,"cooper pair",2,18
3017,"extending over",2,18
3018,"double degenerate",2,18
3019,"monte carlo algorithm",3,18
3020,"time ordered",2,18
3021,"scattering matrix elements",3,18
3022,"qualitatively consistent",2,18
3023,"rotation velocities",2,18
3024,"mass transfer",2,18
3025,"pressure induced",2,18
3026,"resonance peak",2,18
3027,"sigma omega",2,18
3028,"model building",2,18
3029,"homology groups",2,18
3030,"algorithm yields",2,18
3031,"reductive group",2,18
3032,"complete intersection",2,18
3033,"positive integers",2,18
3034,"result confirms",2,18
3035,"halo nuclei",2,18
3036,"underlying physics",2,18
3037,"consistent explanation",2,18
3038,"orbital motion",2,18
3039,"star detector",2,18
3040,"loop approximation",2,18
3041,"emission mechanism",2,18
3042,"briefly summarize",2,18
3043,"confinement deconfinement",2,18
3044,"peak flux",2,18
3045,"improved determination",2,18
3046,"massive planets",2,18
3047,"detailed predictions",2,18
3048,"luminosity dependence",2,18
3049,"lens galaxy",2,18
3050,"metal abundances",2,18
3051,"systematic search",2,18
3052,"parameter omega",2,18
3053,"halpha emission",2,18
3054,"photoionization models",2,18
3055,"robertson walker",2,18
3056,"morphological type",2,18
3057,"orbital periods",2,18
3058,"active nucleus",2,18
3059,"near infrared spectroscopy",3,18
3060,"ob stars",2,18
3061,"keck hires",2,18
3062,"gas kinematics",2,18
3063,"vlbi observations",2,18
3064,"column densities",2,18
3065,"law component",2,18
3066,"microlensing events",2,18
3067,"chandra image",2,18
3068,"relic density",2,18
3069,"lepton number",2,18
3070,"singular points",2,18
3071,"superstring theory",2,18
3072,"killing spinors",2,18
3073,"curvature singularity",2,18
3074,"neutrino mixing",2,18
3075,"inflationary models",2,18
3076,"gev c2",2,18
3077,"dilaton gravity",2,18
3078,"friedmann robertson walker",3,18
3079,"born infeld",2,18
3080,"jet events",2,18
3081,"rare decay",2,18
3082,"world volume",2,18
3083,"charge asymmetry",2,18
3084,"lightest neutralino",2,18
3085,"q2 dependence",2,18
3086,"nuclear shadowing",2,18
3087,"color singlet",2,18
3088,"baryon resonances",2,18
3089,"scalar mesons",2,18
3090,"flavor symmetry",2,18
3091,"quark antiquark",2,18
3092,"su flavor",2,18
3093,"running coupling",2,18
3094,"nn interaction",2,18
3095,"light cone sum rules",4,18
3096,"a1 a2",2,17
3097,"persistent currents",2,17
3098,"lorentz force",2,17
3099,"biological systems",2,17
3100,"spin isospin",2,17
3101,"einstein maxwell equations",3,17
3102,"after quantization",2,17
3103,"annihilation operators",2,17
3104,"calogero model",2,17
3105,"heisenberg algebra",2,17
3106,"horizon geometry",2,17
3107,"conserved currents",2,17
3108,"higher genus",2,17
3109,"hamiltonian structures",2,17
3110,"coordinate systems",2,17
3111,"general relativistic quantum",3,17
3112,"yang lee",2,17
3113,"two dimensional reduction",3,17
3114,"clifford algebras",2,17
3115,"parabolic potential",2,17
3116,"obtain explicit expressions",3,17
3117,"many authors",2,17
3118,"second harmonic",2,17
3119,"real algebraic",2,17
3120,"fluctuation analysis",2,17
3121,"equilibrium configurations",2,17
3122,"root system",2,17
3123,"n1 n2",2,17
3124,"central extension",2,17
3125,"complete list",2,17
3126,"green schwarz",2,17
3127,"liquid vapor",2,17
3128,"photonic crystals",2,17
3129,"discrete version",2,17
3130,"quantization conditions",2,17
3131,"extending up",2,17
3132,"noncommutative version",2,17
3133,"signal processing",2,17
3134,"real time dependent",3,17
3135,"filling factors",2,17
3136,"discrete nature",2,17
3137,"dual formulation",2,17
3138,"optical fiber",2,17
3139,"absolute values",2,17
3140,"conjecture concerning",2,17
3141,"cohomology groups",2,17
3142,"configuration spaces",2,17
3143,"volume limit",2,17
3144,"gap equations",2,17
3145,"shannon entropy",2,17
3146,"gauss bonnet",2,17
3147,"entropy production",2,17
3148,"abelian varieties",2,17
3149,"geodesic equation",2,17
3150,"spin orientation",2,17
3151,"charge radius",2,17
3152,"quantum optics",2,17
3153,"uncertainty relations",2,17
3154,"local environment",2,17
3155,"strongly nonlinear",2,17
3156,"state preparation",2,17
3157,"quantum gates",2,17
3158,"coherent oscillations",2,17
3159,"np complete",2,17
3160,"relic particles",2,17
3161,"steady states",2,17
3162,"detection threshold",2,17
3163,"spatially separated",2,17
3164,"similar situation",2,17
3165,"reduced density",2,17
3166,"singularity free",2,17
3167,"run ii",2,17
3168,"triple system",2,17
3169,"electromagnetic form",2,17
3170,"relative phases",2,17
3171,"power counting",2,17
3172,"noise induced",2,17
3173,"semi infinite",2,17
3174,"dc magnetic field",3,17
3175,"alternative approaches",2,17
3176,"cooper pairing",2,17
3177,"precise measurement",2,17
3178,"phase modulation",2,17
3179,"spin averaged",2,17
3180,"doppler effect",2,17
3181,"path integral formalism",3,17
3182,"usual su",2,17
3183,"mgb2 films",2,17
3184,"range le",2,17
3185,"spin glasses",2,17
3186,"tunneling spectra",2,17
3187,"al cu",2,17
3188,"trapped bose einstein condensate",4,17
3189,"tight binding energy",3,17
3190,"kosterlitz thouless transition",3,17
3191,"broken phases",2,17
3192,"direct simulation",2,17
3193,"tilted magnetic field",3,17
3194,"mean free path",3,17
3195,"line strengths",2,17
3196,"spatio temporal",2,17
3197,"component plasma",2,17
3198,"electrical transport",2,17
3199,"sizes up",2,17
3200,"novel feature",2,17
3201,"hard sphere",2,17
3202,"monte carlo techniques",3,17
3203,"axial symmetry",2,17
3204,"heat capacity",2,17
3205,"charge density wave",3,17
3206,"exponent alpha",2,17
3207,"two flavour",2,17
3208,"coulomb repulsion",2,17
3209,"qualitatively similar",2,17
3210,"solitary waves",2,17
3211,"poisson distribution",2,17
3212,"peak position",2,17
3213,"quantum monte carlo methods",4,17
3214,"charge distributions",2,17
3215,"stress strain",2,17
3216,"asymptotically exact",2,17
3217,"universal scaling",2,17
3218,"velocity variations",2,17
3219,"chaotic motion",2,17
3220,"information concerning",2,17
3221,"newtonian dynamics",2,17
3222,"third generation",2,17
3223,"symmetry axis",2,17
3224,"direct determination",2,17
3225,"nearly degenerate",2,17
3226,"spatial scales",2,17
3227,"ccd camera",2,17
3228,"numerical estimates",2,17
3229,"restitution coefficient",2,17
3230,"electron transfer",2,17
3231,"wide area",2,17
3232,"infrared background",2,17
3233,"algebraic curve",2,17
3234,"isolated singularities",2,17
3235,"momentum tensor",2,17
3236,"rational numbers",2,17
3237,"gromov witten invariants",3,17
3238,"scale structures",2,17
3239,"quantum cosmology",2,17
3240,"analytic calculations",2,17
3241,"distance estimates",2,17
3242,"free absorption",2,17
3243,"wide angle",2,17
3244,"small array",2,17
3245,"radial expansion",2,17
3246,"bethe salpeter equation",3,17
3247,"parameter epsilon",2,17
3248,"einstein relation",2,17
3249,"radial oscillations",2,17
3250,"creation operators",2,17
3251,"hours after",2,17
3252,"ultra high energy",3,17
3253,"circumstellar dust",2,17
3254,"accretion rate",2,17
3255,"erg cm2",2,17
3256,"velocity dispersions",2,17
3257,"near infrared bands",3,17
3258,"near infrared imaging",3,17
3259,"air shower",2,17
3260,"differential rotation",2,17
3261,"highly ionized",2,17
3262,"spectral type stars",3,17
3263,"ray observatory",2,17
3264,"abundance measurements",2,17
3265,"selected samples",2,17
3266,"photometric redshifts",2,17
3267,"absolute magnitudes",2,17
3268,"keck ii",2,17
3269,"compact object",2,17
3270,"off nuclei",2,17
3271,"angular resolution",2,17
3272,"halo stars",2,17
3273,"direct imaging",2,17
3274,"broad line",2,17
3275,"effective temperatures",2,17
3276,"low surface brightness",3,17
3277,"intracluster gas",2,17
3278,"spectral energy distribution",3,17
3279,"soft excess",2,17
3280,"intergalactic medium igm",3,17
3281,"polar regions",2,17
3282,"primordial black holes",3,17
3283,"msun yr",2,17
3284,"two planets",2,17
3285,"extra solar",2,17
3286,"nue nu tau",3,17
3287,"dwarf galaxy",2,17
3288,"building blocks",2,17
3289,"non supersymmetric models",3,17
3290,"bulk fermions",2,17
3291,"complex scalar",2,17
3292,"precise value",2,17
3293,"schwarzschild black holes",3,17
3294,"terrestrial planets",2,17
3295,"multi wavelength",2,17
3296,"fermion masses",2,17
3297,"cross section sigma",3,17
3298,"vacuum einstein equations",3,17
3299,"neutrino properties",2,17
3300,"long baseline neutrino oscillation",4,17
3301,"forward backward asymmetry",3,17
3302,"gauge boson",2,17
3303,"low q2",2,17
3304,"hadronic resonances",2,17
3305,"nucleon resonances",2,17
3306,"gluon propagator",2,17
3307,"massless quarks",2,17
3308,"isospin symmetry",2,17
3309,"su flavor symmetry",3,17
3310,"majorana phases",2,17
3311,"susy gut",2,17
3312,"large tan beta",3,17
3313,"electroweak corrections",2,17
3314,"right handed neutrinos",3,17
3315,"brane world volume",3,17
3316,"brane embedded",2,17
3317,"markov process",2,16
3318,"near infinity",2,16
3319,"coadjoint orbits",2,16
3320,"knot theory",2,16
3321,"non abelian gauge",3,16
3322,"homogeneous magnetic field",3,16
3323,"theta pi",2,16
3324,"coordinate transformations",2,16
3325,"simply related",2,16
3326,"quantization scheme",2,16
3327,"bar partial",2,16
3328,"darboux transformations",2,16
3329,"joint distribution",2,16
3330,"kubo formula",2,16
3331,"straight line",2,16
3332,"simplicial complex",2,16
3333,"positive correlations",2,16
3334,"averages over",2,16
3335,"remaining three",2,16
3336,"ferromagnetic ising model",3,16
3337,"evolution operator",2,16
3338,"physical situations",2,16
3339,"navier stokes equations",3,16
3340,"pi bands",2,16
3341,"polynomial growth",2,16
3342,"atom molecule",2,16
3343,"dimensionless parameter",2,16
3344,"classical probabilistic",2,16
3345,"primitive model",2,16
3346,"asymptotic limits",2,16
3347,"unified theories",2,16
3348,"coulomb gas",2,16
3349,"cpt invariance",2,16
3350,"modular forms",2,16
3351,"time derivative",2,16
3352,"minkowski spacetime",2,16
3353,"antisymmetric tensor",2,16
3354,"action principle",2,16
3355,"asymptotic expansions",2,16
3356,"extended object",2,16
3357,"spacetime dimensions",2,16
3358,"skyrme model",2,16
3359,"second order parameter",3,16
3360,"continuous star",2,16
3361,"underlying assumptions",2,16
3362,"squeezed states",2,16
3363,"peculiar features",2,16
3364,"real vector",2,16
3365,"now available",2,16
3366,"classical situation",2,16
3367,"zero frequency",2,16
3368,"mean square",2,16
3369,"current technology",2,16
3370,"revised version",2,16
3371,"markovian dynamics",2,16
3372,"quantum communication",2,16
3373,"nearest neighbors",2,16
3374,"mutual information",2,16
3375,"complexity class",2,16
3376,"three kinds",2,16
3377,"pumped current",2,16
3378,"landau zener",2,16
3379,"topological entropy",2,16
3380,"visible light",2,16
3381,"few selected",2,16
3382,"position operators",2,16
3383,"projection onto",2,16
3384,"comparative analysis",2,16
3385,"curved space",2,16
3386,"per particle",2,16
3387,"existing theories",2,16
3388,"detection algorithm",2,16
3389,"maximum speed",2,16
3390,"numerical techniques",2,16
3391,"optical trap",2,16
3392,"al science",2,16
3393,"light hadron",2,16
3394,"two neighboring",2,16
3395,"system supports",2,16
3396,"analytical techniques",2,16
3397,"beam polarization",2,16
3398,"survival probability",2,16
3399,"josephson junction",2,16
3400,"almost completely",2,16
3401,"faraday rotation",2,16
3402,"disc models",2,16
3403,"free energy density",3,16
3404,"many body problem",3,16
3405,"external magnetic",2,16
3406,"differences delta",2,16
3407,"thermal noise",2,16
3408,"tunnel coupled",2,16
3409,"insulating phases",2,16
3410,"scanning tunneling spectroscopy",3,16
3411,"almost degenerate",2,16
3412,"sr ruo",2,16
3413,"disordered phases",2,16
3414,"force chains",2,16
3415,"easy axis",2,16
3416,"rotational lines",2,16
3417,"elastic constants",2,16
3418,"magnesium diboride",2,16
3419,"looks like",2,16
3420,"superconductor insulator",2,16
3421,"atomic scale",2,16
3422,"fractal structure",2,16
3423,"antiferromagnetic ordering",2,16
3424,"ferromagnetic semiconductors",2,16
3425,"local moments",2,16
3426,"polymer solutions",2,16
3427,"least four",2,16
3428,"traffic flow",2,16
3429,"cellular automaton model",3,16
3430,"bag model",2,16
3431,"magnetic field strengths",3,16
3432,"molecular crystals",2,16
3433,"state potts model",3,16
3434,"gap delta",2,16
3435,"too low",2,16
3436,"conduction electron",2,16
3437,"sine gordon model",3,16
3438,"extended hubbard model",3,16
3439,"dynamical regimes",2,16
3440,"spin orbit interaction",3,16
3441,"many degrees",2,16
3442,"nmr measurements",2,16
3443,"tunneling conductance",2,16
3444,"relaxation processes",2,16
3445,"social networks",2,16
3446,"detailed investigation",2,16
3447,"energies around",2,16
3448,"field theoretic",2,16
3449,"infrared spectroscopy",2,16
3450,"separating two",2,16
3451,"leading order parameter",3,16
3452,"density matrix renormalization group",4,16
3453,"approaches zero",2,16
3454,"bose einstein condensate bec",4,16
3455,"accurate estimate",2,16
3456,"pressure dependence",2,16
3457,"thermoelectric power",2,16
3458,"examined numerically",2,16
3459,"granular media",2,16
3460,"decreasing function",2,16
3461,"fully relativistic",2,16
3462,"cellular automata",2,16
3463,"single domain",2,16
3464,"relative position",2,16
3465,"electronic transport through",3,16
3466,"strongly enhanced",2,16
3467,"flat direction",2,16
3468,"rich regions",2,16
3469,"disorder strength",2,16
3470,"stress energy",2,16
3471,"electronic excitations",2,16
3472,"contact interaction",2,16
3473,"earlier estimates",2,16
3474,"temperature profile",2,16
3475,"systematic variation",2,16
3476,"flow rates",2,16
3477,"double barrier",2,16
3478,"hierarchical structure",2,16
3479,"mean transverse",2,16
3480,"reynolds number",2,16
3481,"crossed products",2,16
3482,"odd order",2,16
3483,"complex projective space",3,16
3484,"projective line",2,16
3485,"null geodesics",2,16
3486,"prime power",2,16
3487,"environment around",2,16
3488,"purely classical",2,16
3489,"angular distributions",2,16
3490,"improved version",2,16
3491,"complex conjugate",2,16
3492,"weak radiative",2,16
3493,"multiplet structure",2,16
3494,"interatomic potential",2,16
3495,"finite index",2,16
3496,"electric charges",2,16
3497,"orbital plane",2,16
3498,"yang baxter",2,16
3499,"broad peak",2,16
3500,"flux tubes",2,16
3501,"evolutionary history",2,16
3502,"fitting procedure",2,16
3503,"distribution amplitudes",2,16
3504,"transverse momentum spectra",3,16
3505,"confirm earlier",2,16
3506,"pair plasma",2,16
3507,"chain complex",2,16
3508,"distributed over",2,16
3509,"formation efficiency",2,16
3510,"self consistency",2,16
3511,"bar nu tau",3,16
3512,"rho parameter",2,16
3513,"surface brightness profiles",3,16
3514,"solar cycle",2,16
3515,"multi color",2,16
3516,"flow clusters",2,16
3517,"intermediate polar",2,16
3518,"hii region",2,16
3519,"small radii",2,16
3520,"rosat hri",2,16
3521,"fireball model",2,16
3522,"radio telescopes",2,16
3523,"jet axis",2,16
3524,"self gravity",2,16
3525,"radio pulsar psr",3,16
3526,"globular cluster ngc",3,16
3527,"hierarchical galaxy",2,16
3528,"ly alpha line",3,16
3529,"planets around",2,16
3530,"circumstellar disk",2,16
3531,"around kev",2,16
3532,"baryon fraction",2,16
3533,"star forming galaxies",3,16
3534,"optically selected",2,16
3535,"slow roll",2,16
3536,"local group dwarf galaxies",4,16
3537,"secondary star",2,16
3538,"gravitational force",2,16
3539,"einstein frame",2,16
3540,"direct searches",2,16
3541,"cosmic shear",2,16
3542,"population studies",2,16
3543,"polar cap",2,16
3544,"jet like",2,16
3545,"mas yr",2,16
3546,"herbig ae",2,16
3547,"solar flares",2,16
3548,"primordial power spectrum",3,16
3549,"bolometric luminosity",2,16
3550,"kerr black hole",3,16
3551,"molecular cloud",2,16
3552,"oxygen abundances",2,16
3553,"light nuclei",2,16
3554,"old problem",2,16
3555,"gorenstein rings",2,16
3556,"compton scattering",2,16
3557,"maximally supersymmetric",2,16
3558,"redshift estimates",2,16
3559,"diquark condensate",2,16
3560,"deconfinement phase transition",3,16
3561,"massless scalar",2,16
3562,"negative cosmological constant",3,16
3563,"dominance model",2,16
3564,"newtonian gravity",2,16
3565,"taub nut",2,16
3566,"effective lagrangian approach",3,16
3567,"weyl tensor",2,16
3568,"matter sector",2,16
3569,"nuclear matrix elements",3,16
3570,"hadronic matrix elements",3,16
3571,"inverted hierarchy",2,16
3572,"bottom quarks",2,16
3573,"boson masses",2,16
3574,"effective actions",2,16
3575,"heavy ion collision",3,16
3576,"feynman rules",2,16
3577,"rg flow",2,16
3578,"instanton solutions",2,16
3579,"strangeness production",2,16
3580,"psi suppression",2,16
3581,"scalar isoscalar",2,16
3582,"cpt violating",2,16
3583,"tachyon field theory",3,16
3584,"quartic interaction",2,15
3585,"schroedinger operators",2,15
3586,"simple lie groups",3,15
3587,"spectral measures",2,15
3588,"zero eigenvalue",2,15
3589,"upper bound state",3,15
3590,"strong equivalence",2,15
3591,"algebraic topology",2,15
3592,"noncommutative torus",2,15
3593,"holonomy group",2,15
3594,"spatial infinity",2,15
3595,"glauber dynamics",2,15
3596,"chern character",2,15
3597,"dimer models",2,15
3598,"intimately related",2,15
3599,"word length",2,15
3600,"toda lattice",2,15
3601,"hamiltonian describing",2,15
3602,"instanton solution",2,15
3603,"integrated density",2,15
3604,"root systems",2,15
3605,"line bundle",2,15
3606,"tangent bundle",2,15
3607,"after having",2,15
3608,"ricci curvature",2,15
3609,"many body systems",3,15
3610,"behaves like",2,15
3611,"short version",2,15
3612,"cancellation mechanism",2,15
3613,"two sided",2,15
3614,"brst cohomology",2,15
3615,"markov processes",2,15
3616,"weyl algebra",2,15
3617,"fairly general",2,15
3618,"level crossing",2,15
3619,"yang baxter equation",3,15
3620,"kahler manifolds",2,15
3621,"extreme values",2,15
3622,"external source",2,15
3623,"mathematical framework",2,15
3624,"riemannian manifolds",2,15
3625,"conjecture relating",2,15
3626,"charge conjugation",2,15
3627,"liquid gas",2,15
3628,"matrix integrals",2,15
3629,"hamiltonian flow",2,15
3630,"quantum billiards",2,15
3631,"normal subgroup",2,15
3632,"gauge symmetries",2,15
3633,"optimal control",2,15
3634,"complete characterization",2,15
3635,"equivalence relation",2,15
3636,"magnetic charges",2,15
3637,"basic assumptions",2,15
3638,"teleportation protocol",2,15
3639,"appropriately chosen",2,15
3640,"impurity site",2,15
3641,"decoherence via",2,15
3642,"joint measurements",2,15
3643,"quantum mechanical systems",3,15
3644,"generalized coherent",2,15
3645,"vector bundle over",3,15
3646,"coherent control",2,15
3647,"nuclear magnetic",2,15
3648,"short term",2,15
3649,"dielectric permittivity",2,15
3650,"real photons",2,15
3651,"electric dipole",2,15
3652,"large majority",2,15
3653,"cavity qed",2,15
3654,"parameter kappa",2,15
3655,"observable quantities",2,15
3656,"casimir effect",2,15
3657,"sufficient criterion",2,15
3658,"spin orbit interactions",3,15
3659,"sub samples",2,15
3660,"quantum key",2,15
3661,"question raised",2,15
3662,"highly non",2,15
3663,"auxiliary fields",2,15
3664,"off shell model",3,15
3665,"near optimal",2,15
3666,"emerges naturally",2,15
3667,"transmission line",2,15
3668,"timing analysis",2,15
3669,"light beams",2,15
3670,"prototype system",2,15
3671,"quantum computing",2,15
3672,"practical problems",2,15
3673,"particle irreducible",2,15
3674,"bi hamiltonian",2,15
3675,"resonant cavity",2,15
3676,"neutral kaons",2,15
3677,"densities rho",2,15
3678,"probe pulse",2,15
3679,"briefly comment",2,15
3680,"experimental findings",2,15
3681,"traced back",2,15
3682,"conservation law",2,15
3683,"physical picture",2,15
3684,"single photons",2,15
3685,"standard model predicts",3,15
3686,"analytical description",2,15
3687,"like configuration",2,15
3688,"low density fluctuations",3,15
3689,"invariant quantities",2,15
3690,"early types",2,15
3691,"supersymmetric particle",2,15
3692,"closed loop",2,15
3693,"cooling rate",2,15
3694,"theoretical approaches",2,15
3695,"planck equation",2,15
3696,"becomes negative",2,15
3697,"non zero point",3,15
3698,"ultraviolet divergences",2,15
3699,"fermi liquid behavior",3,15
3700,"high temperature tc superconductors",4,15
3701,"water molecules",2,15
3702,"energy landscape",2,15
3703,"experimental signatures",2,15
3704,"fiber bundle",2,15
3705,"twist two",2,15
3706,"time reversal symmetry",3,15
3707,"asymmetric energy",2,15
3708,"temperature gradients",2,15
3709,"impurity concentration",2,15
3710,"uniaxial anisotropy",2,15
3711,"selection function",2,15
3712,"doping level",2,15
3713,"point vortices",2,15
3714,"point contacts",2,15
3715,"letter phys rev",3,15
3716,"pyrochlore lattice",2,15
3717,"2d ising model",3,15
3718,"structural features",2,15
3719,"al cond mat",3,15
3720,"external forces",2,15
3721,"ultracold atoms",2,15
3722,"high temperature tc",3,15
3723,"trapping potential",2,15
3724,"mesoscopic ring",2,15
3725,"large magnetoresistance",2,15
3726,"full 3d",2,15
3727,"ca sr",2,15
3728,"paramagnetic phase transition",3,15
3729,"hole masses",2,15
3730,"higher order parameter",3,15
3731,"observations imply",2,15
3732,"t1 t2",2,15
3733,"braid group",2,15
3734,"electron doped",2,15
3735,"high tc superconductors",3,15
3736,"moment equations",2,15
3737,"curvature flow",2,15
3738,"large grains",2,15
3739,"self averaging",2,15
3740,"coexistence region",2,15
3741,"resonant tunneling",2,15
3742,"under variation",2,15
3743,"renormalization group rg",3,15
3744,"spin waves",2,15
3745,"surface densities",2,15
3746,"ballistic regime",2,15
3747,"excitation gap",2,15
3748,"lower temperatures",2,15
3749,"landau lifshitz",2,15
3750,"superfluid density",2,15
3751,"characteristic length",2,15
3752,"hartree fock approximation",3,15
3753,"fermi liquids",2,15
3754,"two magnon",2,15
3755,"absorption feature",2,15
3756,"lattice boltzmann",2,15
3757,"relative positions",2,15
3758,"off equilibrium",2,15
3759,"initial configuration",2,15
3760,"plane resistivity",2,15
3761,"canonical ensemble",2,15
3762,"hysteresis loops",2,15
3763,"granular material",2,15
3764,"lie within",2,15
3765,"result supports",2,15
3766,"current carrying",2,15
3767,"electromagnetic waves",2,15
3768,"force extension",2,15
3769,"weakly bound",2,15
3770,"thermal history",2,15
3771,"a0 gamma",2,15
3772,"specific angular momentum",3,15
3773,"charge carrier",2,15
3774,"vertex operator algebras",3,15
3775,"hyperbolic groups",2,15
3776,"schubert varieties",2,15
3777,"value problems",2,15
3778,"prime ideal",2,15
3779,"following property",2,15
3780,"torsion free",2,15
3781,"cohomology ring",2,15
3782,"blow up",2,15
3783,"second section",2,15
3784,"quantum affine algebras",3,15
3785,"cylindrically symmetric",2,15
3786,"software development",2,15
3787,"relativistic treatment",2,15
3788,"interior solution",2,15
3789,"generalized patterns",2,15
3790,"dimensional regularization",2,15
3791,"phase resolved",2,15
3792,"decay constants",2,15
3793,"index alpha",2,15
3794,"asymptotic freedom",2,15
3795,"abelian gauge theory",3,15
3796,"two loop approximation",3,15
3797,"co emission lines",3,15
3798,"radial profile",2,15
3799,"galaxy formation history",3,15
3800,"strong gravity",2,15
3801,"asca data",2,15
3802,"supernova event",2,15
3803,"tev gamma rays",3,15
3804,"neutralino annihilation",2,15
3805,"bright quasars",2,15
3806,"mass gap",2,15
3807,"optical afterglows",2,15
3808,"interstellar medium ism",3,15
3809,"imaging spectrograph",2,15
3810,"monte carlo code",3,15
3811,"bl lac",2,15
3812,"giant planets",2,15
3813,"ambient medium",2,15
3814,"polarized emission",2,15
3815,"slightly lower",2,15
3816,"elliptical galaxy",2,15
3817,"kinematic range",2,15
3818,"optical counterparts",2,15
3819,"grb afterglows",2,15
3820,"accretion flow",2,15
3821,"astronomical observations",2,15
3822,"hubble radius",2,15
3823,"ray background",2,15
3824,"angular size",2,15
3825,"thin shell",2,15
3826,"star hd",2,15
3827,"dark cloud",2,15
3828,"gravitational lenses",2,15
3829,"enhanced star",2,15
3830,"seyfert galaxy ngc",3,15
3831,"disk wind",2,15
3832,"gzk cutoff",2,15
3833,"atmospheric neutrino",2,15
3834,"gravitational instability",2,15
3835,"flux densities",2,15
3836,"hst stis",2,15
3837,"maximal ideal",2,15
3838,"kaehler manifolds",2,15
3839,"higher derivative",2,15
3840,"open subset",2,15
3841,"base change",2,15
3842,"magnetic monopoles",2,15
3843,"event fluctuations",2,15
3844,"derivative expansion",2,15
3845,"production mechanisms",2,15
3846,"air showers",2,15
3847,"supernova neutrinos",2,15
3848,"tau bar",2,15
3849,"few per",2,15
3850,"earth like",2,15
3851,"annihilation process",2,15
3852,"cosmic strings",2,15
3853,"horizon area",2,15
3854,"gravitational wave detector",3,15
3855,"ordinary matter",2,15
3856,"abelian gauge fields",3,15
3857,"susy parameters",2,15
3858,"dense nuclear matter",3,15
3859,"neutrino problem",2,15
3860,"nuclear reaction",2,15
3861,"pseudoscalar meson decays",3,15
3862,"ell decays",2,15
3863,"flavor violating",2,15
3864,"pep ii asymmetric energy",4,15
3865,"gev fm",2,15
3866,"cp asymmetry",2,15
3867,"fermilab tevatron collider",3,15
3868,"tevatron run ii",3,15
3869,"higher twist",2,15
3870,"tevatron collider",2,15
3871,"transverse mass",2,15
3872,"slepton masses",2,15
3873,"open charm",2,15
3874,"phi meson",2,15
3875,"fermilab tevatron",2,15
3876,"sigma meson",2,15
3877,"alphas mz",2,15
3878,"minimal supergravity",2,15
3879,"heavy quark mass",3,15
3880,"leptonic decays",2,15
3881,"string coupling",2,15
3882,"global symmetries",2,15
3883,"color confinement",2,15
3884,"heavy quarkonium",2,15
3885,"nambu jona lasinio njl model",5,15
3886,"electroweak baryogenesis",2,15
3887,"soft gluon",2,15
3888,"large mixing angles",3,15
3889,"soft supersymmetry breaking",3,15
3890,"effective superpotential",2,15
3891,"vacuum expectation values",3,15
3892,"psi ks",2,15
3893,"see saw mechanism",3,15
3894,"open bosonic string",3,15
3895,"non bps",2,15
3896,"light cone gauge theory",4,15
3897,"tachyon condensation",2,15
3898,"bmn operators",2,15
3899,"alpha leq",2,14
3900,"pt symmetric",2,14
3901,"ferromagnetic component",2,14
3902,"shear stress",2,14
3903,"almost surely",2,14
3904,"similarity solutions",2,14
3905,"hyperbolic plane",2,14
3906,"morse theory",2,14
3907,"inner products",2,14
3908,"uniqueness theorem",2,14
3909,"inhomogeneous media",2,14
3910,"normal forms",2,14
3911,"riemann sphere",2,14
3912,"polynomial expansion",2,14
3913,"diagonal representation",2,14
3914,"singular behavior",2,14
3915,"alternative proof",2,14
3916,"irreducible components",2,14
3917,"probability amplitudes",2,14
3918,"imaginary time",2,14
3919,"fock representation",2,14
3920,"affirmative answer",2,14
3921,"two facts",2,14
3922,"off lambda",2,14
3923,"characteristic classes",2,14
3924,"self avoiding walk",3,14
3925,"born infeld action",3,14
3926,"noncommutative plane",2,14
3927,"non integer",2,14
3928,"occupation number",2,14
3929,"laplace operator",2,14
3930,"condensate bec",2,14
3931,"integrability conditions",2,14
3932,"characteristic polynomial",2,14
3933,"integral representations",2,14
3934,"microcanonical ensemble",2,14
3935,"becomes dominant",2,14
3936,"generalized thermostatistics",2,14
3937,"schrodinger equations",2,14
3938,"charge transport through",3,14
3939,"electric flux",2,14
3940,"ii vi",2,14
3941,"manifest themselves",2,14
3942,"decreases rapidly",2,14
3943,"monoidal category",2,14
3944,"causal set",2,14
3945,"combinatorial properties",2,14
3946,"clifford algebra",2,14
3947,"software package",2,14
3948,"discrete torsion",2,14
3949,"pulse width",2,14
3950,"plasma physics",2,14
3951,"neutral atom",2,14
3952,"computational power",2,14
3953,"noise levels",2,14
3954,"success probability",2,14
3955,"heisenberg picture",2,14
3956,"double lambda",2,14
3957,"input states",2,14
3958,"long time dependent",3,14
3959,"entangled photons",2,14
3960,"quantitative measure",2,14
3961,"error rate",2,14
3962,"time evolution equations",3,14
3963,"information content",2,14
3964,"optical devices",2,14
3965,"entanglement measures",2,14
3966,"von neumann entropy",3,14
3967,"theoretical modeling",2,14
3968,"current algebra",2,14
3969,"rabi oscillations",2,14
3970,"calibration source",2,14
3971,"fully nonlinear",2,14
3972,"non commuting",2,14
3973,"two successive",2,14
3974,"bosonic systems",2,14
3975,"highly nonlinear",2,14
3976,"quantum interference effect",3,14
3977,"connected components",2,14
3978,"laser light",2,14
3979,"fano factor",2,14
3980,"serious problems",2,14
3981,"random variable",2,14
3982,"new findings",2,14
3983,"quantum wire",2,14
3984,"random errors",2,14
3985,"mutual interaction",2,14
3986,"nearest neighbor interactions",3,14
3987,"ultracold atomic",2,14
3988,"pulse duration",2,14
3989,"arbitrary degree",2,14
3990,"off resonance",2,14
3991,"reduction process",2,14
3992,"passage through",2,14
3993,"direct product",2,14
3994,"induced dipole",2,14
3995,"pulse shape",2,14
3996,"successful description",2,14
3997,"stringent bounds",2,14
3998,"friction coefficient",2,14
3999,"associative memory",2,14
4000,"ordered phase transition",3,14
4001,"mean squared",2,14
4002,"duality transformations",2,14
4003,"formulated within",2,14
4004,"early phases",2,14
4005,"time intervals",2,14
4006,"significant reduction",2,14
4007,"group theoretic",2,14
4008,"two photon number",3,14
4009,"transmission probability",2,14
4010,"nucl phys",2,14
4011,"difference operators",2,14
4012,"ranges over",2,14
4013,"tunneling process",2,14
4014,"partially ordered",2,14
4015,"periodically driven",2,14
4016,"boltzmann gibbs",2,14
4017,"electronic devices",2,14
4018,"strong constraint",2,14
4019,"semiconductor quantum",2,14
4020,"localized spins",2,14
4021,"fluctuation driven",2,14
4022,"random bond",2,14
4023,"semiconductor quantum dot",3,14
4024,"bulk material",2,14
4025,"harmonic oscillator potential",3,14
4026,"experimental verification",2,14
4027,"gauge transformation",2,14
4028,"observational test",2,14
4029,"vector bosons",2,14
4030,"driven diffusive",2,14
4031,"passed through",2,14
4032,"single electron transistor",3,14
4033,"multipole expansion",2,14
4034,"interaction zone",2,14
4035,"lorentz invariance",2,14
4036,"closed orbit",2,14
4037,"spin correlation functions",3,14
4038,"cuo2 planes",2,14
4039,"oxygen content",2,14
4040,"transverse velocity",2,14
4041,"after irradiation",2,14
4042,"liquid helium",2,14
4043,"slow relaxation",2,14
4044,"hyperfine states",2,14
4045,"native state",2,14
4046,"bulk materials",2,14
4047,"degree distributions",2,14
4048,"coherent structures",2,14
4049,"bcs theory",2,14
4050,"chemical reaction",2,14
4051,"orientational order",2,14
4052,"short range correlations",3,14
4053,"scaling hypothesis",2,14
4054,"mott insulators",2,14
4055,"topology change",2,14
4056,"infrared bands",2,14
4057,"fluctuation induced",2,14
4058,"spontaneous magnetization",2,14
4059,"metallic nanotubes",2,14
4060,"granular systems",2,14
4061,"instability strip",2,14
4062,"transition metals",2,14
4063,"binding energies",2,14
4064,"strongly correlated electrons",3,14
4065,"hole concentration",2,14
4066,"system size scaling behavior",4,14
4067,"direct numerical",2,14
4068,"nearly equal",2,14
4069,"cuprate superconductor",2,14
4070,"alternative view",2,14
4071,"microscopic hamiltonian",2,14
4072,"persistent current",2,14
4073,"unconventional superconductor",2,14
4074,"rotation speed",2,14
4075,"mean free",2,14
4076,"ladder approximation",2,14
4077,"spinless fermions",2,14
4078,"two leg ladder",3,14
4079,"weak coupling regime",3,14
4080,"non fermi liquid",3,14
4081,"paramagnetic state",2,14
4082,"occurs near",2,14
4083,"critical temperature dependent",3,14
4084,"user interface",2,14
4085,"energy bands",2,14
4086,"exchange couplings",2,14
4087,"reduction technique",2,14
4088,"analytical calculation",2,14
4089,"effective charges",2,14
4090,"anomalous scaling",2,14
4091,"peak frequencies",2,14
4092,"second peak",2,14
4093,"low temperature tc",3,14
4094,"collision region",2,14
4095,"weak localization",2,14
4096,"two dimensional electron gas",4,14
4097,"breit wigner",2,14
4098,"conserved current",2,14
4099,"al si",2,14
4100,"semiconductor quantum dots",3,14
4101,"lennard jones",2,14
4102,"perturbative series",2,14
4103,"short ranged",2,14
4104,"tsallis statistics",2,14
4105,"scaling behaviour",2,14
4106,"year after",2,14
4107,"coulomb force",2,14
4108,"phi4 model",2,14
4109,"dimensional hubbard model",3,14
4110,"long time scales",3,14
4111,"mediated superconductivity",2,14
4112,"tunneling amplitude",2,14
4113,"temperature chaos",2,14
4114,"systematic differences",2,14
4115,"equatorial plane",2,14
4116,"epitaxial growth",2,14
4117,"weak mixing",2,14
4118,"diffusive transport",2,14
4119,"small world networks",3,14
4120,"near side",2,14
4121,"analytic formulae",2,14
4122,"approximation algorithms",2,14
4123,"lowest landau level",3,14
4124,"colliding particles",2,14
4125,"observable consequences",2,14
4126,"under shear",2,14
4127,"bias parameter",2,14
4128,"generic features",2,14
4129,"energy input",2,14
4130,"topological excitations",2,14
4131,"unstable particles",2,14
4132,"roughly speaking",2,14
4133,"bounded degree",2,14
4134,"special lagrangian",2,14
4135,"kac moody",2,14
4136,"banach spaces",2,14
4137,"optimization algorithm",2,14
4138,"extra space",2,14
4139,"morita equivalence",2,14
4140,"natural numbers",2,14
4141,"instanton induced",2,14
4142,"forward scattering",2,14
4143,"taylor expansion",2,14
4144,"soft core",2,14
4145,"unique information",2,14
4146,"adding new",2,14
4147,"object oriented",2,14
4148,"solid solutions",2,14
4149,"two loop correction",3,14
4150,"effect transistors",2,14
4151,"dynamical mean field",3,14
4152,"reaction rates",2,14
4153,"alpha particles",2,14
4154,"temperature profiles",2,14
4155,"killing vectors",2,14
4156,"short distance physics",3,14
4157,"semi hard",2,14
4158,"left handed materials",3,14
4159,"heavy ions",2,14
4160,"intermediate band",2,14
4161,"low energy momentum",3,14
4162,"orbital phases",2,14
4163,"passes through",2,14
4164,"few degrees",2,14
4165,"saturation regime",2,14
4166,"morphological evolution",2,14
4167,"largest cluster",2,14
4168,"type ia supernova",3,14
4169,"galactic latitudes",2,14
4170,"positive cosmological",2,14
4171,"archival hst",2,14
4172,"band image",2,14
4173,"rapid variability",2,14
4174,"active galactic nuclei agn",4,14
4175,"reionization epoch",2,14
4176,"galactic center region",3,14
4177,"sources brighter",2,14
4178,"stellar mass ratio",3,14
4179,"lcdm cosmology",2,14
4180,"hst wfpc2",2,14
4181,"planetary companion",2,14
4182,"blue horizontal",2,14
4183,"cyg x-1",2,14
4184,"las campanas",2,14
4185,"rosat asca",2,14
4186,"lyman alpha forest",3,14
4187,"nitrogen abundances",2,14
4188,"cdm model",2,14
4189,"uv background",2,14
4190,"rotational velocity",2,14
4191,"density omegam",2,14
4192,"red objects",2,14
4193,"ia supernovae",2,14
4194,"complex morphology",2,14
4195,"background photons",2,14
4196,"tauri star",2,14
4197,"gamma ray burst",3,14
4198,"two epochs",2,14
4199,"mm continuum",2,14
4200,"strange star",2,14
4201,"solar wind",2,14
4202,"similar redshifts",2,14
4203,"rr lyrae",2,14
4204,"gamma ray spectra",3,14
4205,"excess emission",2,14
4206,"multiwavelength observations",2,14
4207,"circular orbits",2,14
4208,"iron lines",2,14
4209,"intermediate age",2,14
4210,"star formation history",3,14
4211,"gaseous disk",2,14
4212,"cosmic microwave background cmb temperature",5,14
4213,"angular scales",2,14
4214,"sources having",2,14
4215,"global fits",2,14
4216,"orbits around",2,14
4217,"next few",2,14
4218,"convection zone",2,14
4219,"bow shock",2,14
4220,"planetary systems",2,14
4221,"high energy cosmic",3,14
4222,"luminous infrared",2,14
4223,"energy content",2,14
4224,"charged particle production",3,14
4225,"qso sample",2,14
4226,"collimated jet",2,14
4227,"peak luminosity",2,14
4228,"cold dark matter cdm",4,14
4229,"rosat pspc",2,14
4230,"group flow",2,14
4231,"conformally flat",2,14
4232,"g2 holonomy",2,14
4233,"conjugacy classes",2,14
4234,"smooth projective curve",3,14
4235,"differential graded",2,14
4236,"hochschild cohomology",2,14
4237,"orbifold singularity",2,14
4238,"numerical computation",2,14
4239,"castelnuovo mumford regularity",3,14
4240,"spatial coordinates",2,14
4241,"schwinger dyson equation",3,14
4242,"closed string theory",3,14
4243,"new physics program",3,14
4244,"saturation density",2,14
4245,"subsequent decay",2,14
4246,"apparent horizon",2,14
4247,"vlba observations",2,14
4248,"single brane",2,14
4249,"vertex detector",2,14
4250,"large mixing angle",3,14
4251,"ward identity",2,14
4252,"planar diagrams",2,14
4253,"cosmic string",2,14
4254,"spherically symmetric spacetimes",3,14
4255,"einstein maxwell",2,14
4256,"vacuum einstein",2,14
4257,"bianchi type",2,14
4258,"axial current",2,14
4259,"noncommutative gravity",2,14
4260,"atlas detector",2,14
4261,"storage ring",2,14
4262,"kamland reactor",2,14
4263,"flavour violation",2,14
4264,"hadronic observables",2,14
4265,"atmospheric neutrino mass",3,14
4266,"higgs bosons",2,14
4267,"pa collisions",2,14
4268,"two higgs bosons",3,14
4269,"gluon fusion",2,14
4270,"electric dipole moments",3,14
4271,"meson exchange",2,14
4272,"hidden sector",2,14
4273,"wilson fermions",2,14
4274,"gluon condensate",2,14
4275,"wilson line",2,14
4276,"ms bar",2,14
4277,"vector current",2,14
4278,"beta functions",2,14
4279,"domain wall fermions",3,14
4280,"chargino neutralino",2,14
4281,"coupling unification",2,14
4282,"loop diagrams",2,14
4283,"seesaw model",2,14
4284,"supersymmetric standard",2,14
4285,"fayet iliopoulos",2,14
4286,"heterotic string",2,14
4287,"z2 orbifold",2,14
4288,"superstring field theory",3,14
4289,"branes wrapping",2,14
4290,"branes wrapped",2,14
4291,"density functional form",3,13
4292,"homogeneous polynomials",2,13
4293,"beta plane",2,13
4294,"hermitian matrices",2,13
4295,"tilde chi",2,13
4296,"pauli fierz",2,13
4297,"ultraviolet radiation",2,13
4298,"klein gordon equation",3,13
4299,"spinor fields",2,13
4300,"positive maps",2,13
4301,"linear functionals",2,13
4302,"quantum search",2,13
4303,"direct integration",2,13
4304,"type hamiltonians",2,13
4305,"analysis reproduces",2,13
4306,"cyclic cohomology",2,13
4307,"wider class",2,13
4308,"half integer",2,13
4309,"thin film growth",3,13
4310,"nonlinear schr odinger equation",4,13
4311,"central elements",2,13
4312,"de rham",2,13
4313,"entire set",2,13
4314,"spinor equations",2,13
4315,"completely integrable system",3,13
4316,"compact riemannian manifold",3,13
4317,"nonlinear schroedinger equation",3,13
4318,"super algebras",2,13
4319,"wess zumino",2,13
4320,"tangent space",2,13
4321,"gel fand",2,13
4322,"surface disorder",2,13
4323,"ultra cold",2,13
4324,"master equations",2,13
4325,"ansatz equations",2,13
4326,"poincare algebra",2,13
4327,"canonical transformations",2,13
4328,"projection operator",2,13
4329,"linearly coupled",2,13
4330,"hermitian matrix",2,13
4331,"second quantized",2,13
4332,"skew symmetric",2,13
4333,"invariance property",2,13
4334,"many fermion",2,13
4335,"dilaton field theory",3,13
4336,"underlying event",2,13
4337,"hydrodynamic interactions",2,13
4338,"ionization parameter",2,13
4339,"atomic ensemble",2,13
4340,"cylindrical surface",2,13
4341,"perturbation series",2,13
4342,"mathematical structures",2,13
4343,"complex valued",2,13
4344,"low lying states",3,13
4345,"maximally entangled",2,13
4346,"spectral densities",2,13
4347,"flat manifolds",2,13
4348,"mean square root",3,13
4349,"multi layer",2,13
4350,"acoustic wave",2,13
4351,"fall off",2,13
4352,"variable theories",2,13
4353,"partial waves",2,13
4354,"separable states",2,13
4355,"simulated annealing",2,13
4356,"brownian particle",2,13
4357,"measurement device",2,13
4358,"presently available",2,13
4359,"effective temperature dependence",3,13
4360,"back action",2,13
4361,"infinite dimensional hilbert space",4,13
4362,"optical cavities",2,13
4363,"adequate description",2,13
4364,"classical trajectory",2,13
4365,"theoretical arguments",2,13
4366,"operating within",2,13
4367,"inverse power law",3,13
4368,"classical capacity",2,13
4369,"al prl",2,13
4370,"quantum computations",2,13
4371,"pulse propagation",2,13
4372,"plasma frequency",2,13
4373,"spatially localized",2,13
4374,"dissipation rate",2,13
4375,"sudden change",2,13
4376,"atoms inside",2,13
4377,"simultaneous measurement",2,13
4378,"temporal variations",2,13
4379,"long ago",2,13
4380,"reduced density matrix",3,13
4381,"stimulated emission",2,13
4382,"nonzero value",2,13
4383,"infinite range",2,13
4384,"surprising result",2,13
4385,"exponential growth",2,13
4386,"behave like",2,13
4387,"preferred frame",2,13
4388,"natural choice",2,13
4389,"classical logic",2,13
4390,"mixed phase transition",3,13
4391,"hybrid systems",2,13
4392,"trade off",2,13
4393,"theoretical error",2,13
4394,"modulation doped",2,13
4395,"pattern recognition",2,13
4396,"specific choice",2,13
4397,"monodromy group",2,13
4398,"photons emitted",2,13
4399,"first quantized",2,13
4400,"readout system",2,13
4401,"iterative procedure",2,13
4402,"unitary evolution",2,13
4403,"p1 p2",2,13
4404,"atoms confined",2,13
4405,"hard wall",2,13
4406,"competing interactions",2,13
4407,"unified description",2,13
4408,"spin ladder",2,13
4409,"quadratic dependence",2,13
4410,"unknown parameters",2,13
4411,"invariant mass spectrum",3,13
4412,"group velocities",2,13
4413,"conversion process",2,13
4414,"elementary introduction",2,13
4415,"error estimates",2,13
4416,"spontaneous breaking",2,13
4417,"new ingredient",2,13
4418,"domain wall solution",3,13
4419,"electron impact",2,13
4420,"absorbing state",2,13
4421,"external force",2,13
4422,"lorentz covariant",2,13
4423,"multi photon",2,13
4424,"double beta",2,13
4425,"oscillation period",2,13
4426,"annihilation events",2,13
4427,"stable reduction",2,13
4428,"states containing",2,13
4429,"parameters characterizing",2,13
4430,"asymmetric double",2,13
4431,"magnetic trap",2,13
4432,"simple modification",2,13
4433,"finite thickness",2,13
4434,"mn ions",2,13
4435,"axis oriented",2,13
4436,"bi pb",2,13
4437,"kondo problem",2,13
4438,"spin asymmetry",2,13
4439,"curie weiss",2,13
4440,"highly sensitive",2,13
4441,"orbit interaction",2,13
4442,"zero bias",2,13
4443,"insulator transition",2,13
4444,"basic mechanisms",2,13
4445,"mott hubbard",2,13
4446,"condensation energy",2,13
4447,"fast rotating",2,13
4448,"iii mn",2,13
4449,"simple cubic lattice",3,13
4450,"antiferromagnetic spin-1",2,13
4451,"electron injection",2,13
4452,"moment map",2,13
4453,"system size scaling",3,13
4454,"nematic liquid crystals",3,13
4455,"highly localized",2,13
4456,"clean samples",2,13
4457,"charged ions",2,13
4458,"universal scaling behavior",3,13
4459,"atomistic simulations",2,13
4460,"upper critical dimension",3,13
4461,"quasiparticle scattering",2,13
4462,"traditional methods",2,13
4463,"dramatic effect",2,13
4464,"ab plane",2,13
4465,"two variants",2,13
4466,"ionization structure",2,13
4467,"jahn teller",2,13
4468,"wide web",2,13
4469,"relaxation time dependent",3,13
4470,"scale invariance",2,13
4471,"distance determination",2,13
4472,"spiral structures",2,13
4473,"reflection symmetry",2,13
4474,"simple cubic",2,13
4475,"scattering lengths",2,13
4476,"extinction curve",2,13
4477,"oscillation frequencies",2,13
4478,"position sensitive",2,13
4479,"pair correlation function",3,13
4480,"upper critical temperature",3,13
4481,"superconducting phase diagram",3,13
4482,"contact resistance",2,13
4483,"systems exhibiting",2,13
4484,"ising spin glasses",3,13
4485,"fe ni",2,13
4486,"tunnel junction",2,13
4487,"clear signature",2,13
4488,"film thickness",2,13
4489,"scale free networks",3,13
4490,"single crystalline",2,13
4491,"experimental relevance",2,13
4492,"absorption coefficient",2,13
4493,"approximation rpa",2,13
4494,"beta equilibrium",2,13
4495,"equations governing",2,13
4496,"thermal fluctuation",2,13
4497,"embedded cluster",2,13
4498,"interaction strengths",2,13
4499,"translational symmetry",2,13
4500,"macroscopic scale",2,13
4501,"viscous fluid",2,13
4502,"spinodal decomposition",2,13
4503,"velocity gradient",2,13
4504,"tunnel junctions",2,13
4505,"spectral representation",2,13
4506,"least squares",2,13
4507,"low density wave",3,13
4508,"fermionic atoms",2,13
4509,"free massless",2,13
4510,"cluster samples",2,13
4511,"coarsening dynamics",2,13
4512,"resistivity rho",2,13
4513,"diffraction data",2,13
4514,"ferromagnetic ordering",2,13
4515,"vortex lines",2,13
4516,"consistency conditions",2,13
4517,"tau functions",2,13
4518,"charge exchange",2,13
4519,"deconfined phase",2,13
4520,"multi parameter",2,13
4521,"gauge coupling constant",3,13
4522,"unusual features",2,13
4523,"gradient approximation",2,13
4524,"considerably improved",2,13
4525,"negative refraction",2,13
4526,"hydrogen like",2,13
4527,"feynman graphs",2,13
4528,"microwave frequencies",2,13
4529,"chaotic behaviour",2,13
4530,"anomalous diffusion",2,13
4531,"knot invariant",2,13
4532,"greatly enhanced",2,13
4533,"large logarithms",2,13
4534,"gene expression",2,13
4535,"spherical shell",2,13
4536,"hodge structures",2,13
4537,"metric near",2,13
4538,"bilinear operators",2,13
4539,"short introduction",2,13
4540,"betti numbers",2,13
4541,"stable rank",2,13
4542,"geometrically finite",2,13
4543,"module structure",2,13
4544,"hilbert scheme",2,13
4545,"k3 surfaces",2,13
4546,"zeta functions",2,13
4547,"loop spaces",2,13
4548,"bounded domains",2,13
4549,"hyperbolic 3-manifolds",2,13
4550,"cotangent bundle",2,13
4551,"second cohomology",2,13
4552,"uniformly bounded",2,13
4553,"powerful probe",2,13
4554,"second moment",2,13
4555,"free scalar field theory",4,13
4556,"tight correlation",2,13
4557,"potential wells",2,13
4558,"low mass function",3,13
4559,"global minimum",2,13
4560,"worst case",2,13
4561,"isomorphism problem",2,13
4562,"indirect constraints",2,13
4563,"schematic model",2,13
4564,"short wavelength",2,13
4565,"quasi free",2,13
4566,"simultaneous analysis",2,13
4567,"entire sample",2,13
4568,"total error",2,13
4569,"topological solitons",2,13
4570,"experimental data set",3,13
4571,"convergence rate",2,13
4572,"reflection equation",2,13
4573,"minority game",2,13
4574,"shock front",2,13
4575,"binary collisions",2,13
4576,"he like",2,13
4577,"hierarchical clustering",2,13
4578,"hydrodynamic simulation",2,13
4579,"negative specific",2,13
4580,"relative fraction",2,13
4581,"liquid gas phase transition",4,13
4582,"low density profiles",3,13
4583,"cloud complex",2,13
4584,"high energy scales",3,13
4585,"heated gas",2,13
4586,"cosmic star",2,13
4587,"orbits near",2,13
4588,"solar neighbourhood",2,13
4589,"universe filled",2,13
4590,"class telescope",2,13
4591,"central black holes",3,13
4592,"rotational band",2,13
4593,"sph simulations",2,13
4594,"convective core",2,13
4595,"individual galaxies",2,13
4596,"dust component",2,13
4597,"stellar bar",2,13
4598,"high resolution numerical simulations",4,13
4599,"surface brightness profile",3,13
4600,"strongly magnetized",2,13
4601,"mhd turbulence",2,13
4602,"red giants",2,13
4603,"luminosity class",2,13
4604,"solar type",2,13
4605,"schwarzschild black hole solutions",4,13
4606,"hi clouds",2,13
4607,"balmer lines",2,13
4608,"black hole candidate",3,13
4609,"cooling flow",2,13
4610,"fuse spectra",2,13
4611,"carbon abundance",2,13
4612,"progenitor star",2,13
4613,"spectral energy distributions",3,13
4614,"extrasolar planets",2,13
4615,"luminous blue",2,13
4616,"significant variability",2,13
4617,"tully fisher relation",3,13
4618,"angular momentum transport",3,13
4619,"relativistic mean field",3,13
4620,"color distributions",2,13
4621,"luminosity relationship",2,13
4622,"cosmological consequences",2,13
4623,"hard pomeron",2,13
4624,"wavelength region",2,13
4625,"hadron phase transition",3,13
4626,"higher frequencies",2,13
4627,"pair annihilation",2,13
4628,"kt kev",2,13
4629,"vacuum energy momentum tensor",4,13
4630,"strange quark matter",3,13
4631,"extra galactic",2,13
4632,"accelerated particles",2,13
4633,"galactic centre",2,13
4634,"bona fide",2,13
4635,"microquasar grs",2,13
4636,"radial distance",2,13
4637,"intra cluster",2,13
4638,"shock models",2,13
4639,"positron annihilation",2,13
4640,"baryon densities",2,13
4641,"like e.g",2,13
4642,"constraints coming",2,13
4643,"candidate events",2,13
4644,"accurate measurement",2,13
4645,"infrared space",2,13
4646,"associative algebra",2,13
4647,"compact lie groups",3,13
4648,"closed 3-manifold",2,13
4649,"module over",2,13
4650,"curvature tensor",2,13
4651,"tight closure",2,13
4652,"direct numerical simulations",3,13
4653,"kappa symmetry",2,13
4654,"thermal loop",2,13
4655,"full understanding",2,13
4656,"resolved spectroscopy",2,13
4657,"reaction rate",2,13
4658,"kaluza klein modes",3,13
4659,"rr fields",2,13
4660,"field theory compactified",3,13
4661,"photometric variability",2,13
4662,"rotating disk",2,13
4663,"thermonuclear supernovae",2,13
4664,"optically thin",2,13
4665,"millisecond pulsar",2,13
4666,"astrophysical applications",2,13
4667,"stat sys",2,13
4668,"non negligible",2,13
4669,"leading log",2,13
4670,"hyperfine splitting",2,13
4671,"massive vector",2,13
4672,"kaluza klein reduction",3,13
4673,"black hole solutions",3,13
4674,"nonlinear electrodynamics",2,13
4675,"light cone gauge",3,13
4676,"nambu goto",2,13
4677,"pre big bang",3,13
4678,"electroweak unification",2,13
4679,"l3 detector",2,13
4680,"electroweak symmetry breaking",3,13
4681,"cleo ii",2,13
4682,"peripheral collisions",2,13
4683,"exclusive reactions",2,13
4684,"lepton flavour",2,13
4685,"psi 2s",2,13
4686,"invariance violation",2,13
4687,"neutrino oscillation parameters",3,13
4688,"charged leptons",2,13
4689,"physics program",2,13
4690,"colour singlet",2,13
4691,"pure gauge",2,13
4692,"zeus collaborations",2,13
4693,"strong cp violation",3,13
4694,"deep inelastic collisions",3,13
4695,"valence quark",2,13
4696,"medium modifications",2,13
4697,"charm production",2,13
4698,"hadron yields",2,13
4699,"dglap evolution",2,13
4700,"muon colliders",2,13
4701,"eta prime",2,13
4702,"kaluza klein excitations",3,13
4703,"lorentz violation",2,13
4704,"non perturbative expansion",3,13
4705,"right handed neutrino mass",4,13
4706,"hadron masses",2,13
4707,"tachyon potential",2,13
4708,"sea quarks",2,13
4709,"staggered fermions",2,13
4710,"ginsparg wilson relation",3,13
4711,"coset models",2,13
4712,"sym theory",2,13
4713,"hbt radii",2,13
4714,"isospin breaking",2,13
4715,"higgs boson masses",3,13
4716,"heavy baryons",2,13
4717,"gauge theory compactified",3,13
4718,"constituent quarks",2,13
4719,"light higgs boson",3,13
4720,"event generator",2,13
4721,"gaugino mass",2,13
4722,"impact parameter space",3,13
4723,"preserves supersymmetry",2,13
4724,"orbifold compactification",2,13
4725,"unification scale",2,13
4726,"time dependent backgrounds",3,13
4727,"giant gravitons",2,13
4728,"nearly complete",2,12
4729,"complex conductivity",2,12
4730,"boundary value problem",3,12
4731,"dirichlet problem",2,12
4732,"spherical volume",2,12
4733,"uniform distribution function",3,12
4734,"unitary ensemble",2,12
4735,"physically meaningful",2,12
4736,"traveling waves",2,12
4737,"basis vectors",2,12
4738,"recursion relations",2,12
4739,"glass phase",2,12
4740,"locally symmetric",2,12
4741,"lorentzian metric",2,12
4742,"ergodic theory",2,12
4743,"inner product",2,12
4744,"bending angle",2,12
4745,"absolutely continuous",2,12
4746,"adiabatic theorem",2,12
4747,"divergence free",2,12
4748,"equilibrium points",2,12
4749,"non circular",2,12
4750,"integrable hamiltonian systems",3,12
4751,"lower bound state",3,12
4752,"resonance condition",2,12
4753,"dilatonic gravity",2,12
4754,"rapid rotation",2,12
4755,"lorentz transformation",2,12
4756,"non relativistic quantum",3,12
4757,"viscous fluids",2,12
4758,"quantum analogues",2,12
4759,"mathematical formalism",2,12
4760,"saddle points",2,12
4761,"golden rule",2,12
4762,"noether symmetries",2,12
4763,"crossing symmetry",2,12
4764,"exponent beta",2,12
4765,"pure gauge theory",3,12
4766,"sigma relation",2,12
4767,"real axis",2,12
4768,"holomorphic sections",2,12
4769,"quantum hall systems",3,12
4770,"external electromagnetic field",3,12
4771,"unit disk",2,12
4772,"non semisimple",2,12
4773,"beta approx",2,12
4774,"restrictions imposed",2,12
4775,"result establishes",2,12
4776,"quantum brownian motion",3,12
4777,"strictly convex",2,12
4778,"ten dimensions",2,12
4779,"gauge coupling unification",3,12
4780,"poisson manifolds",2,12
4781,"central extensions",2,12
4782,"rigorous proof",2,12
4783,"physically realistic",2,12
4784,"lattice paths",2,12
4785,"interacting bose",2,12
4786,"remarkably simple",2,12
4787,"dynamical localization",2,12
4788,"graded lie algebra",3,12
4789,"almost periodic",2,12
4790,"riemannian metrics",2,12
4791,"topics covered",2,12
4792,"information loss",2,12
4793,"fourier transforms",2,12
4794,"fourier coefficients",2,12
4795,"spin program",2,12
4796,"band limited",2,12
4797,"bit string",2,12
4798,"scattered photons",2,12
4799,"evolving under",2,12
4800,"rydberg atoms",2,12
4801,"quasi stationary",2,12
4802,"flat surfaces",2,12
4803,"boundary conditions imposed",3,12
4804,"model fails",2,12
4805,"dark states",2,12
4806,"em et",2,12
4807,"periodic signal",2,12
4808,"polar molecules",2,12
4809,"error correcting codes",3,12
4810,"fourier transformation",2,12
4811,"system behaves",2,12
4812,"approaches zero temperature",3,12
4813,"amino acids",2,12
4814,"learning algorithm",2,12
4815,"quantum logic",2,12
4816,"arrival time",2,12
4817,"perturbative expansions",2,12
4818,"ac driven",2,12
4819,"decoherence rate",2,12
4820,"assisted tunneling",2,12
4821,"spin-1 particles",2,12
4822,"coupling regimes",2,12
4823,"highly asymmetric",2,12
4824,"machine learning",2,12
4825,"proper description",2,12
4826,"near maximal",2,12
4827,"adiabatic regime",2,12
4828,"gell mann",2,12
4829,"non perturbatively",2,12
4830,"logical qubits",2,12
4831,"spatial dispersion",2,12
4832,"dipole moments",2,12
4833,"theoretical foundations",2,12
4834,"laser fields",2,12
4835,"optical potentials",2,12
4836,"mechanism behind",2,12
4837,"decreases monotonically",2,12
4838,"electromagnetically induced transparency eit",4,12
4839,"radial basis",2,12
4840,"atomic physics",2,12
4841,"evanescent wave",2,12
4842,"michelson interferometer",2,12
4843,"resonant behavior",2,12
4844,"gauge transformations",2,12
4845,"perfectly conducting",2,12
4846,"vector potentials",2,12
4847,"numerical investigations",2,12
4848,"relative frequency",2,12
4849,"covering space",2,12
4850,"two photon pairs",3,12
4851,"natural selection",2,12
4852,"circular orbit",2,12
4853,"aharonov bohm effect",3,12
4854,"symmetry breakdown",2,12
4855,"dielectric response",2,12
4856,"intra atomic",2,12
4857,"tunnel barrier",2,12
4858,"current densities",2,12
4859,"decision theory",2,12
4860,"raman transitions",2,12
4861,"many areas",2,12
4862,"resonance lines",2,12
4863,"base pairs",2,12
4864,"simple toy model",3,12
4865,"approximate expression",2,12
4866,"next step",2,12
4867,"field theory side",3,12
4868,"path integral representation",3,12
4869,"usual assumptions",2,12
4870,"polarization tensor",2,12
4871,"diffusion constant",2,12
4872,"measuring device",2,12
4873,"highest values",2,12
4874,"cuo delta",2,12
4875,"lying states",2,12
4876,"center vortices",2,12
4877,"current flows",2,12
4878,"self consistent treatment",3,12
4879,"carbon atoms",2,12
4880,"pairing mechanism",2,12
4881,"sums over",2,12
4882,"polarized flux",2,12
4883,"replica symmetric",2,12
4884,"sherrington kirkpatrick model",3,12
4885,"upper critical",2,12
4886,"thermal excitations",2,12
4887,"thermal conduction",2,12
4888,"regular local",2,12
4889,"long time series",3,12
4890,"melting temperature",2,12
4891,"trapped bose gas",3,12
4892,"current biased",2,12
4893,"electrical resistance",2,12
4894,"dark solitons",2,12
4895,"itinerant ferromagnetism",2,12
4896,"polarized electrons",2,12
4897,"granular mixture",2,12
4898,"adjustable parameters",2,12
4899,"solid solution",2,12
4900,"half filled hubbard model",4,12
4901,"heating mechanism",2,12
4902,"packing fraction",2,12
4903,"granular gas",2,12
4904,"thermodynamic formalism",2,12
4905,"avalanche dynamics",2,12
4906,"atomic force microscopy",3,12
4907,"cantor set",2,12
4908,"commensurate incommensurate",2,12
4909,"ab initio calculation",3,12
4910,"fluid membrane",2,12
4911,"theoretical explanation",2,12
4912,"residual interaction",2,12
4913,"depinning transition",2,12
4914,"effective conductivity",2,12
4915,"droplet theory",2,12
4916,"metallic ground state",3,12
4917,"microscopic origin",2,12
4918,"low lying excited states",4,12
4919,"analytical arguments",2,12
4920,"under discussion",2,12
4921,"self assembled",2,12
4922,"standard model fits",3,12
4923,"linear response theory",3,12
4924,"colloidal particles",2,12
4925,"hole doping",2,12
4926,"rs model",2,12
4927,"network structures",2,12
4928,"threshold behaviour",2,12
4929,"lattice gas phase transition",4,12
4930,"intrinsic polarization",2,12
4931,"quantum dot lead",3,12
4932,"optical phonons",2,12
4933,"thermally activated",2,12
4934,"bogoliubov theory",2,12
4935,"de gennes",2,12
4936,"heat measurements",2,12
4937,"extreme events",2,12
4938,"black body",2,12
4939,"qualitative differences",2,12
4940,"mean free energy",3,12
4941,"broad maximum",2,12
4942,"double peak",2,12
4943,"amplitude ratios",2,12
4944,"state potts",2,12
4945,"diluted magnetic field",3,12
4946,"lett cond mat",3,12
4947,"local density functional",3,12
4948,"three dimensional 2d",3,12
4949,"long time dependence",3,12
4950,"period doubling",2,12
4951,"hidden symmetry",2,12
4952,"anomalously large",2,12
4953,"shortly after",2,12
4954,"black scholes",2,12
4955,"temporal correlations",2,12
4956,"landau damping",2,12
4957,"pair correlation functions",3,12
4958,"reconstruction technique",2,12
4959,"switching off",2,12
4960,"characteristic time dependent",3,12
4961,"kohn sham",2,12
4962,"explicit analytic",2,12
4963,"stochastic resonance",2,12
4964,"conductance oscillations",2,12
4965,"doped cuprates",2,12
4966,"strong localization",2,12
4967,"self organization",2,12
4968,"translationally invariant",2,12
4969,"non isomorphic",2,12
4970,"electronic transport",2,12
4971,"quasi homogeneous",2,12
4972,"spin peierls",2,12
4973,"centered around",2,12
4974,"locally stable",2,12
4975,"long range coulomb interaction",4,12
4976,"thermal cloud",2,12
4977,"fermion propagator",2,12
4978,"atomic force",2,12
4979,"low temperature dependent",3,12
4980,"photoemission spectra",2,12
4981,"hydrogen rich",2,12
4982,"current flowing",2,12
4983,"van der",2,12
4984,"band gaps",2,12
4985,"strongly modified",2,12
4986,"fluids under",2,12
4987,"microscopic mechanism",2,12
4988,"large amounts",2,12
4989,"highly enhanced",2,12
4990,"current deep",2,12
4991,"initial stages",2,12
4992,"acoustic modes",2,12
4993,"quantum wells",2,12
4994,"anomalous behaviour",2,12
4995,"vs temperature",2,12
4996,"limiting values",2,12
4997,"vertex models",2,12
4998,"residue field",2,12
4999,"pull back",2,12
5000,"heisenberg group",2,12
5001,"computational techniques",2,12
5002,"second rank",2,12
5003,"map phi",2,12
5004,"regularity conditions",2,12
5005,"kazhdan lusztig",2,12
5006,"nonsingular general",2,12
5007,"closed subgroup",2,12
5008,"braid groups",2,12
5009,"rooted trees",2,12
5010,"main motivation",2,12
5011,"delta log",2,12
5012,"spectral flow",2,12
5013,"domain omega",2,12
5014,"combinatorial proof",2,12
5015,"riemannian metric",2,12
5016,"coxeter group",2,12
5017,"coincidence problem",2,12
5018,"born infeld theory",3,12
5019,"radiation emitted",2,12
5020,"boltzmann equations",2,12
5021,"naturally embedded",2,12
5022,"nearly independent",2,12
5023,"infrared behaviour",2,12
5024,"velocity anisotropy",2,12
5025,"bright solitons",2,12
5026,"intrinsic absorption",2,12
5027,"well modelled",2,12
5028,"models representing",2,12
5029,"rapid decay",2,12
5030,"forbidden emission",2,12
5031,"organic molecules",2,12
5032,"energy distribution function",3,12
5033,"elastic electron",2,12
5034,"exact computation",2,12
5035,"semi analytical",2,12
5036,"quantitative information",2,12
5037,"flux levels",2,12
5038,"non gaussian signals",3,12
5039,"long strings",2,12
5040,"pattern speed",2,12
5041,"improved staggered",2,12
5042,"polarization asymmetries",2,12
5043,"soft modes",2,12
5044,"high energy distributions",3,12
5045,"langevin equation",2,12
5046,"inflationary stage",2,12
5047,"inner edge",2,12
5048,"outer radius",2,12
5049,"dust collapse",2,12
5050,"wavelength dependent",2,12
5051,"arcsec kpc",2,12
5052,"dense stellar",2,12
5053,"nuclear activity",2,12
5054,"black hole bh",3,12
5055,"telescope compact",2,12
5056,"field spectrograph",2,12
5057,"la palma",2,12
5058,"approx cm",2,12
5059,"ray bursts",2,12
5060,"sun yr",2,12
5061,"projected linear",2,12
5062,"hubble parameter",2,12
5063,"rotational bands",2,12
5064,"he burning",2,12
5065,"strong shocks",2,12
5066,"sky maps",2,12
5067,"solar neighborhood",2,12
5068,"limiting magnitude",2,12
5069,"eso vlt",2,12
5070,"lower redshift",2,12
5071,"driving mechanism",2,12
5072,"pulsed emission",2,12
5073,"emitting region",2,12
5074,"gamma ray observatory",3,12
5075,"interacting galaxies",2,12
5076,"wind nebula",2,12
5077,"cosmic microwave background cmb anisotropies",5,12
5078,"li abundances",2,12
5079,"thin disc",2,12
5080,"lower redshifts",2,12
5081,"masses below",2,12
5082,"hubble deep field north",4,12
5083,"angular diameter",2,12
5084,"sunyaev zel dovich sz effect",5,12
5085,"ray transient",2,12
5086,"stellar atmospheres",2,12
5087,"emitting plasma",2,12
5088,"four orders",2,12
5089,"color magnitude diagrams",3,12
5090,"nicmos images",2,12
5091,"color magnitude diagram",3,12
5092,"jet induced",2,12
5093,"sound speed",2,12
5094,"brown dwarf",2,12
5095,"meson fields",2,12
5096,"lower metallicity",2,12
5097,"star forming regions",3,12
5098,"metal rich globular clusters",4,12
5099,"stringent constraints",2,12
5100,"northern sky survey",3,12
5101,"cloud cores",2,12
5102,"dust masses",2,12
5103,"stellar surface brightness",3,12
5104,"background subtraction",2,12
5105,"vlt uves",2,12
5106,"toroidal magnetic field",3,12
5107,"optical identification",2,12
5108,"primordial abundance",2,12
5109,"new diagnostic",2,12
5110,"dark energy density",3,12
5111,"starburst region",2,12
5112,"gyr old",2,12
5113,"lensing signal",2,12
5114,"soft photons",2,12
5115,"photon index",2,12
5116,"iron line",2,12
5117,"within arcsec",2,12
5118,"neutralino dark matter",3,12
5119,"ly alpha",2,12
5120,"warped geometry",2,12
5121,"large spread",2,12
5122,"cygnus x-1",2,12
5123,"slow roll inflation",3,12
5124,"particle ratios",2,12
5125,"stellar atmosphere",2,12
5126,"2df galaxy",2,12
5127,"magellanic clouds",2,12
5128,"spectral resolution",2,12
5129,"deep inside",2,12
5130,"wolf rayet star",3,12
5131,"kinematic dynamo",2,12
5132,"gravitational lens",2,12
5133,"accurate estimates",2,12
5134,"remarkably similar",2,12
5135,"source catalog",2,12
5136,"spin period",2,12
5137,"likelihood analysis",2,12
5138,"temporal variability",2,12
5139,"magnetized plasma",2,12
5140,"extragalactic objects",2,12
5141,"cataclysmic variable",2,12
5142,"bl lac objects",3,12
5143,"circumstellar envelope",2,12
5144,"critical behaviour",2,12
5145,"focal plane",2,12
5146,"galactic hii regions",3,12
5147,"beam line",2,12
5148,"gamma ray sources",3,12
5149,"scaling relations",2,12
5150,"produce significant",2,12
5151,"neutrino fluxes",2,12
5152,"half light",2,12
5153,"macro detector",2,12
5154,"mid ir",2,12
5155,"inner parts",2,12
5156,"lambda polarization",2,12
5157,"divisor class",2,12
5158,"arbitrary genus",2,12
5159,"kdv equation",2,12
5160,"seiberg witten curve",3,12
5161,"expected performance",2,12
5162,"rapid variations",2,12
5163,"loop correction",2,12
5164,"tree amplitude",2,12
5165,"clear physical",2,12
5166,"bulk modulus",2,12
5167,"global supersymmetry",2,12
5168,"left handed",2,12
5169,"broken down",2,12
5170,"electron beams",2,12
5171,"strongly constrained",2,12
5172,"radio pulsar",2,12
5173,"total mass ratio",3,12
5174,"neutrino mass hierarchy",3,12
5175,"kinematic properties",2,12
5176,"pointed observations",2,12
5177,"active neutrinos",2,12
5178,"electron neutrino flux",3,12
5179,"neutrino nucleon",2,12
5180,"alfven waves",2,12
5181,"observational studies",2,12
5182,"big bang nucleosynthesis",3,12
5183,"distributions whereas",2,12
5184,"rare processes",2,12
5185,"gamow teller",2,12
5186,"improved wilson",2,12
5187,"ideal fluid",2,12
5188,"uniformly accelerated",2,12
5189,"planck mass",2,12
5190,"stationary spacetimes",2,12
5191,"charged scalar",2,12
5192,"bulk viscosity",2,12
5193,"four dimensional spacetime",3,12
5194,"linearized gravity",2,12
5195,"schwarzschild solution",2,12
5196,"null singularities",2,12
5197,"relativistic regime",2,12
5198,"asymptotically flat spacetime",3,12
5199,"bekenstein hawking entropy",3,12
5200,"interacting massive",2,12
5201,"solar neutrino",2,12
5202,"operator product expansion",3,12
5203,"boson searches",2,12
5204,"mssm parameter space",3,12
5205,"exclusive photoproduction",2,12
5206,"monte carlo event generator",4,12
5207,"sin2 thetaw",2,12
5208,"quark pair production",3,12
5209,"azimuthal anisotropy",2,12
5210,"collision centrality dependence",3,12
5211,"generalized parton",2,12
5212,"elastic scattering amplitude",3,12
5213,"charged pion",2,12
5214,"lambdab lambda",2,12
5215,"hadron duality",2,12
5216,"mssm higgs",2,12
5217,"high q2",2,12
5218,"composite operators",2,12
5219,"monopole condensation",2,12
5220,"abelian gauge symmetry",3,12
5221,"strange quarks",2,12
5222,"omega meson",2,12
5223,"impulse approximation",2,12
5224,"process pp",2,12
5225,"kinematical region",2,12
5226,"chiral perturbation",2,12
5227,"neutron rich nuclei",3,12
5228,"light cone qcd",3,12
5229,"drell yan process",3,12
5230,"bethe salpeter",2,12
5231,"gaugino masses",2,12
5232,"kk modes",2,12
5233,"noncommutative qed",2,12
5234,"alphas pi",2,12
5235,"type iib string",3,12
5236,"gauge couplings",2,12
5237,"cp violating phases",3,12
5238,"su otimes",2,12
5239,"color glass condensate",3,12
5240,"pp decays",2,12
5241,"quiver gauge theory",3,12
5242,"ir mixing",2,12
5243,"eleven dimensional",2,12
5244,"de broglie",2,11
5245,"kp equation",2,11
5246,"type inequalities",2,11
5247,"norm estimates",2,11
5248,"random schr odinger operators",4,11
5249,"spectral triples",2,11
5250,"following ideas",2,11
5251,"pi ln",2,11
5252,"volume element",2,11
5253,"porous media",2,11
5254,"nonlinear schrodinger equations",3,11
5255,"math gen",2,11
5256,"unique definition",2,11
5257,"complete positivity",2,11
5258,"jacobi identity",2,11
5259,"series expansions",2,11
5260,"transfer operator",2,11
5261,"math ph",2,11
5262,"non abelian gauge theories",4,11
5263,"navier stokes",2,11
5264,"pinning properties",2,11
5265,"low energy gap",3,11
5266,"field theory qft",3,11
5267,"infinite sequence",2,11
5268,"matrix valued",2,11
5269,"repulsive force",2,11
5270,"symplectic form",2,11
5271,"interacting bose gas",3,11
5272,"many similarities",2,11
5273,"strictly linear",2,11
5274,"langevin equations",2,11
5275,"transfer matrices",2,11
5276,"mean field theories",3,11
5277,"superstring theories",2,11
5278,"well adapted",2,11
5279,"elementary particle physics",3,11
5280,"noncommutativity parameter",2,11
5281,"follows closely",2,11
5282,"gauss law",2,11
5283,"linear superposition",2,11
5284,"exactly solvable potentials",3,11
5285,"equivariant under",2,11
5286,"lowest energy spectrum",3,11
5287,"irreducible unitary representations",3,11
5288,"memory function",2,11
5289,"kinetic energy spectrum",3,11
5290,"angular momentum spectra",3,11
5291,"pair correlation",2,11
5292,"maximal operator",2,11
5293,"reasonable assumptions",2,11
5294,"camassa holm",2,11
5295,"summer school",2,11
5296,"algebraic bethe ansatz",3,11
5297,"twisted version",2,11
5298,"cartesian coordinates",2,11
5299,"bose gas confined",3,11
5300,"flag manifolds",2,11
5301,"unit mass",2,11
5302,"result says",2,11
5303,"explicit relationship",2,11
5304,"infrared cutoff",2,11
5305,"number theoretic",2,11
5306,"linear poisson",2,11
5307,"highly relativistic",2,11
5308,"curved space time",3,11
5309,"connected lie groups",3,11
5310,"dominant term",2,11
5311,"translational motion",2,11
5312,"mathematical objects",2,11
5313,"bilinear form",2,11
5314,"semiclassical analysis",2,11
5315,"adjoint action",2,11
5316,"precise form",2,11
5317,"dissipative processes",2,11
5318,"path integral equation",3,11
5319,"supersymmetric version",2,11
5320,"grand canonical ensemble",3,11
5321,"available technology",2,11
5322,"torus around",2,11
5323,"reflection amplitudes",2,11
5324,"triplet excitation",2,11
5325,"nuclear magnetic resonance nmr",4,11
5326,"average fidelity",2,11
5327,"large separations",2,11
5328,"inverse power",2,11
5329,"driving frequency",2,11
5330,"relativistic mean",2,11
5331,"inertial mass",2,11
5332,"nonlinear schr",2,11
5333,"homodyne detection",2,11
5334,"spontaneous parametric down conversion",4,11
5335,"variable length",2,11
5336,"quasi 1d",2,11
5337,"pseudo spin",2,11
5338,"dielectric function",2,11
5339,"measuring apparatus",2,11
5340,"rod like",2,11
5341,"carbon nanotube bundles",3,11
5342,"precise numerical",2,11
5343,"running coupling constant",3,11
5344,"communication channel",2,11
5345,"completely independent",2,11
5346,"cluster environments",2,11
5347,"secular evolution",2,11
5348,"trapped ion",2,11
5349,"dielectric susceptibility",2,11
5350,"sub millimeter",2,11
5351,"general belief",2,11
5352,"local hidden",2,11
5353,"ab initio approach",3,11
5354,"insertion approximation",2,11
5355,"arbitrary rank",2,11
5356,"generation rate",2,11
5357,"hysteretic behavior",2,11
5358,"density matrix elements",3,11
5359,"full details",2,11
5360,"feedback control",2,11
5361,"detection limits",2,11
5362,"anisotropic exchange",2,11
5363,"laser induced",2,11
5364,"chaotic nature",2,11
5365,"supersymmetric quantum mechanics",3,11
5366,"fock approximation",2,11
5367,"wavelength limit",2,11
5368,"necessarily imply",2,11
5369,"quantum electrodynamics qed",3,11
5370,"detection efficiencies",2,11
5371,"ion trap",2,11
5372,"laser pulse",2,11
5373,"stochastic background",2,11
5374,"blackbody radiation",2,11
5375,"highly excited",2,11
5376,"absorbing material",2,11
5377,"generic feature",2,11
5378,"multi channel",2,11
5379,"off resonant",2,11
5380,"diffusion entropy",2,11
5381,"individual events",2,11
5382,"initially prepared",2,11
5383,"numerical integration",2,11
5384,"hidden behind",2,11
5385,"criterion proposed",2,11
5386,"dynamical variable",2,11
5387,"short lived",2,11
5388,"atomic configurations",2,11
5389,"metric fluctuations",2,11
5390,"multi mode",2,11
5391,"experimental situation",2,11
5392,"first passage",2,11
5393,"vacuum fluctuations",2,11
5394,"residual interactions",2,11
5395,"local unitary",2,11
5396,"spherical collapse",2,11
5397,"adiabatic pumping",2,11
5398,"population inversion",2,11
5399,"incomplete information",2,11
5400,"faint end",2,11
5401,"highly efficient",2,11
5402,"numerical schemes",2,11
5403,"decision making",2,11
5404,"two reasons",2,11
5405,"simple analytical expression",3,11
5406,"draw attention",2,11
5407,"light emitting",2,11
5408,"complex reflection",2,11
5409,"quality factor",2,11
5410,"sites around",2,11
5411,"semiconductor heterostructures",2,11
5412,"multiple reflections",2,11
5413,"classical counterparts",2,11
5414,"semiclassical calculations",2,11
5415,"dilute regime",2,11
5416,"drude weight",2,11
5417,"quasiclassical theory",2,11
5418,"vortex matter",2,11
5419,"2d electron",2,11
5420,"third component",2,11
5421,"charge density waves",3,11
5422,"superconductivity sc",2,11
5423,"electrical transport properties",3,11
5424,"goldstone modes",2,11
5425,"logarithmic correction",2,11
5426,"flux quanta",2,11
5427,"ell nu",2,11
5428,"finite size corrections",3,11
5429,"molecular wire",2,11
5430,"electron hole doping",3,11
5431,"strong cp",2,11
5432,"superconducting gap delta",3,11
5433,"stick slip",2,11
5434,"itinerant electrons",2,11
5435,"scanning probe",2,11
5436,"clearly indicates",2,11
5437,"hot electrons",2,11
5438,"carrier concentration",2,11
5439,"valence bond",2,11
5440,"orbital degeneracy",2,11
5441,"small polaron",2,11
5442,"magnetization curves",2,11
5443,"excellent quantitative",2,11
5444,"power law behaviour",3,11
5445,"mgb2 wires",2,11
5446,"critical current density",3,11
5447,"hydrodynamic description",2,11
5448,"smooth transition",2,11
5449,"secondary structures",2,11
5450,"disordered solids",2,11
5451,"layered superconductor",2,11
5452,"ferromagnetic metal insulator",3,11
5453,"scanning tunneling microscopy",3,11
5454,"bethe ansatz equations",3,11
5455,"boltzmann transport equation",3,11
5456,"liouville theory",2,11
5457,"hard core bosons",3,11
5458,"hall systems",2,11
5459,"transition occurring",2,11
5460,"condensate confined",2,11
5461,"growth direction",2,11
5462,"lattice distortion",2,11
5463,"grain boundary",2,11
5464,"upper critical temperature dependence",4,11
5465,"random graph",2,11
5466,"tc cuprates",2,11
5467,"multiply connected",2,11
5468,"zone center",2,11
5469,"vortex states",2,11
5470,"system size scaling limit",4,11
5471,"ray diffraction measurements",3,11
5472,"layered structure",2,11
5473,"ferromagnetic metals",2,11
5474,"atomic species",2,11
5475,"limiting distribution",2,11
5476,"ion beam",2,11
5477,"nonlinear development",2,11
5478,"transport phenomena",2,11
5479,"keldysh formalism",2,11
5480,"double layer",2,11
5481,"considerably reduced",2,11
5482,"magnetic field theories",3,11
5483,"opening angle",2,11
5484,"embedded clusters",2,11
5485,"symmetry considerations",2,11
5486,"diffusion limited",2,11
5487,"autocorrelation function",2,11
5488,"central concentration",2,11
5489,"critical exponent",2,11
5490,"alternative explanation",2,11
5491,"precession period",2,11
5492,"external pressure",2,11
5493,"bulk mgb2",2,11
5494,"effective mass spectrum",3,11
5495,"superfluid he",2,11
5496,"charge quantization",2,11
5497,"antiferromagnetic correlations",2,11
5498,"dilute bose gas",3,11
5499,"metallic alloys",2,11
5500,"physics literature",2,11
5501,"empirical studies",2,11
5502,"landau gauge theory",3,11
5503,"parameters entering",2,11
5504,"lattice relaxation",2,11
5505,"sine gordon equation",3,11
5506,"negative magnetoresistance",2,11
5507,"semi realistic",2,11
5508,"first excited states",3,11
5509,"slightly below",2,11
5510,"pole approximation",2,11
5511,"diagrammatic approach",2,11
5512,"oscillatory behavior",2,11
5513,"metal surfaces",2,11
5514,"disordered medium",2,11
5515,"soft mode",2,11
5516,"resonating valence bond",3,11
5517,"magnetization curve",2,11
5518,"well matched",2,11
5519,"bi large",2,11
5520,"lipid membrane",2,11
5521,"half metallic",2,11
5522,"theory side",2,11
5523,"external magnetic field theory",4,11
5524,"elasticity theory",2,11
5525,"non ergodic",2,11
5526,"kinematic variables",2,11
5527,"colliding beams",2,11
5528,"pseudogap phase",2,11
5529,"scaling limits",2,11
5530,"magnetic field cooled",3,11
5531,"clear detection",2,11
5532,"renormalization group dmrg",3,11
5533,"junction conditions",2,11
5534,"differential conductance",2,11
5535,"missing energy",2,11
5536,"antiferromagnetic heisenberg",2,11
5537,"clean limit",2,11
5538,"markov chain",2,11
5539,"dna sequence",2,11
5540,"exp beta",2,11
5541,"effective mass function",3,11
5542,"data mining",2,11
5543,"hypersurface singularities",2,11
5544,"low cost",2,11
5545,"galois groups",2,11
5546,"nilpotent orbit",2,11
5547,"triple product",2,11
5548,"valued functions",2,11
5549,"yang mills higgs",3,11
5550,"ricci flat",2,11
5551,"hyperbolic metric",2,11
5552,"genus zero",2,11
5553,"old result",2,11
5554,"galois extension",2,11
5555,"wave maps",2,11
5556,"floer homology",2,11
5557,"explicit classification",2,11
5558,"drinfeld double",2,11
5559,"electron positron annihilation",3,11
5560,"whole set",2,11
5561,"nuclear forces",2,11
5562,"information theoretic",2,11
5563,"limiting procedure",2,11
5564,"moving object",2,11
5565,"particle content",2,11
5566,"localized eigenmodes",2,11
5567,"answer set semantics",3,11
5568,"four fold",2,11
5569,"structures containing",2,11
5570,"area law",2,11
5571,"well posed",2,11
5572,"natural embedding",2,11
5573,"approximation schemes",2,11
5574,"virtual observatory",2,11
5575,"models fail",2,11
5576,"timing measurements",2,11
5577,"electron densities",2,11
5578,"modular invariant",2,11
5579,"nonzero temperature",2,11
5580,"few mev",2,11
5581,"density waves",2,11
5582,"conformal field theories",3,11
5583,"giant resonance",2,11
5584,"orbital elements",2,11
5585,"quasi equilibrium",2,11
5586,"general trend",2,11
5587,"ultra violet",2,11
5588,"periodic oscillations",2,11
5589,"plane wave functions",3,11
5590,"secondary structure",2,11
5591,"phi4 theory",2,11
5592,"detailed investigations",2,11
5593,"composite operator",2,11
5594,"circular polarization",2,11
5595,"restrict ourselves",2,11
5596,"large number violation",3,11
5597,"newtonian approximation",2,11
5598,"monte carlo mc",3,11
5599,"magnitude diagram",2,11
5600,"conformal transformation",2,11
5601,"hubble diagram",2,11
5602,"early type ii",3,11
5603,"seyfert nuclei",2,11
5604,"cmb temperature",2,11
5605,"non agn",2,11
5606,"driven outflows",2,11
5607,"oh masers",2,11
5608,"rotation period",2,11
5609,"accreting matter",2,11
5610,"hadronic showers",2,11
5611,"wolf rayet",2,11
5612,"proton rich",2,11
5613,"loud quasar",2,11
5614,"schwarzschild radius",2,11
5615,"microlensing event",2,11
5616,"accretion flows",2,11
5617,"photometric calibration",2,11
5618,"scuba sources",2,11
5619,"neutron star ns",3,11
5620,"intermediate age metallicity",3,11
5621,"relative abundances",2,11
5622,"quiescent phase",2,11
5623,"large scatter",2,11
5624,"individual stars",2,11
5625,"star counts",2,11
5626,"common envelope",2,11
5627,"age estimates",2,11
5628,"ultra high energies",3,11
5629,"hubble space time",3,11
5630,"infrared flux",2,11
5631,"maser emission",2,11
5632,"ray binary system",3,11
5633,"travel time",2,11
5634,"horizon problem",2,11
5635,"cooling flow clusters",3,11
5636,"sub leading",2,11
5637,"hipparcos data",2,11
5638,"timing explorer rxte",3,11
5639,"cosmic ray emission",3,11
5640,"outer region",2,11
5641,"galaxy groups",2,11
5642,"hst wfpc2 images",3,11
5643,"lick indices",2,11
5644,"annihilation radiation",2,11
5645,"central densities",2,11
5646,"adaptive optics ao",3,11
5647,"planetary nebula",2,11
5648,"long wavelengths",2,11
5649,"stellar population synthesis",3,11
5650,"metal abundance",2,11
5651,"roche lobe overflow",3,11
5652,"non axisymmetric",2,11
5653,"newtonian limit",2,11
5654,"mass variance",2,11
5655,"southern hemisphere",2,11
5656,"negative cosmological",2,11
5657,"line profile",2,11
5658,"late type stars",3,11
5659,"energy release",2,11
5660,"circumstellar material",2,11
5661,"tidal interaction",2,11
5662,"m31 globular clusters",3,11
5663,"large extra dimensions",3,11
5664,"ca fe",2,11
5665,"optically bright",2,11
5666,"isotropic universe",2,11
5667,"ray emission measure",3,11
5668,"red colors",2,11
5669,"infrared fir",2,11
5670,"high redshift range",3,11
5671,"star atmosphere",2,11
5672,"high velocity clouds",3,11
5673,"roughly consistent",2,11
5674,"bl lac object",3,11
5675,"type ia supernovae sne",4,11
5676,"cooling flows",2,11
5677,"obscured agn",2,11
5678,"unknown parameter",2,11
5679,"reheating temperature",2,11
5680,"superfluid core",2,11
5681,"recombination lines",2,11
5682,"magellanic cloud lmc",3,11
5683,"accreting neutron stars",3,11
5684,"metallicities fe",2,11
5685,"bepposax observation",2,11
5686,"diffraction limited",2,11
5687,"iii stars",2,11
5688,"hubble deep",2,11
5689,"slope gamma",2,11
5690,"brane tension",2,11
5691,"near infrared nir",3,11
5692,"energetic particles",2,11
5693,"sub arcsecond",2,11
5694,"radio wavelengths",2,11
5695,"late time evolution",3,11
5696,"modern cosmology",2,11
5697,"vlt photometry",2,11
5698,"isolated neutron star rx",4,11
5699,"apparent magnitude",2,11
5700,"forthcoming data",2,11
5701,"image positions",2,11
5702,"sigma detection",2,11
5703,"joint analysis",2,11
5704,"occurred during",2,11
5705,"abelian varieties over",3,11
5706,"kac moody algebras",3,11
5707,"elliptic curve",2,11
5708,"diffeomorphism invariant",2,11
5709,"crossed product",2,11
5710,"special holonomy",2,11
5711,"toroidal compactifications",2,11
5712,"formal deformation",2,11
5713,"reduction modulo",2,11
5714,"calabi yau manifold",3,11
5715,"flavor problem",2,11
5716,"isometry group",2,11
5717,"conformal symmetries",2,11
5718,"primary ideal",2,11
5719,"moduli fields",2,11
5720,"high energy loss",3,11
5721,"distance scales",2,11
5722,"sigma model independent",3,11
5723,"global anomalies",2,11
5724,"well accounted",2,11
5725,"gross neveu model",3,11
5726,"driven wind",2,11
5727,"high energy momentum",3,11
5728,"parameter xi",2,11
5729,"principal component",2,11
5730,"late stage",2,11
5731,"millisecond pulsars",2,11
5732,"suppression factor",2,11
5733,"weak gravitational",2,11
5734,"exponential disk galaxies",3,11
5735,"break galaxies",2,11
5736,"earth orbit",2,11
5737,"fe iii",2,11
5738,"well sampled",2,11
5739,"ray pulsars",2,11
5740,"young massive",2,11
5741,"negative parity",2,11
5742,"stellar content",2,11
5743,"numu nutau",2,11
5744,"microscopic black holes",3,11
5745,"kerr metric",2,11
5746,"60th birthday",2,11
5747,"pion photoproduction",2,11
5748,"baryon chemical potential",3,11
5749,"kerr newman",2,11
5750,"charge densities",2,11
5751,"mass splitting",2,11
5752,"rotating frame",2,11
5753,"two dimensional spacetime",3,11
5754,"pure gravity",2,11
5755,"conformally coupled",2,11
5756,"charged black hole",3,11
5757,"particle identification",2,11
5758,"vacuum expectation value",3,11
5759,"heterotic string theory",3,11
5760,"direct photons",2,11
5761,"existing limits",2,11
5762,"light neutrino mass",3,11
5763,"aleph detector",2,11
5764,"branching ratio br",3,11
5765,"neutral higgs bosons",3,11
5766,"kaon decays",2,11
5767,"hot hadronic",2,11
5768,"parton distribution",2,11
5769,"lepton pairs",2,11
5770,"heavy atoms",2,11
5771,"inclusive semileptonic decays",3,11
5772,"per nucleon",2,11
5773,"phi mesons",2,11
5774,"inclusive jet production",3,11
5775,"inclusive diffractive",2,11
5776,"charmed hadrons",2,11
5777,"tev gamma",2,11
5778,"susy particles",2,11
5779,"polarized beams",2,11
5780,"relativistic heavy ion",3,11
5781,"structure function f2",3,11
5782,"vector boson",2,11
5783,"parton shower",2,11
5784,"azimuthal asymmetries",2,11
5785,"collider rhic",2,11
5786,"charmonium states",2,11
5787,"ultra relativistic heavy ion collisions",5,11
5788,"gauge groups",2,11
5789,"gribov copies",2,11
5790,"deconfinement transition",2,11
5791,"overlap dirac operator",3,11
5792,"wilson lines",2,11
5793,"charm quark mass",3,11
5794,"hot qcd",2,11
5795,"lattice qcd vacuum",3,11
5796,"hadronic phase",2,11
5797,"lepton nucleon",2,11
5798,"multifragmentation model",2,11
5799,"regge trajectories",2,11
5800,"gluon density",2,11
5801,"soft pion",2,11
5802,"pion cloud",2,11
5803,"heavy majorana neutrinos",3,11
5804,"ultrarelativistic heavy ion collisions",4,11
5805,"semi inclusive dis",3,11
5806,"factorization approach",2,11
5807,"ckm phase",2,11
5808,"orientifold models",2,11
5809,"light front dynamics",3,11
5810,"chiral superfields",2,11
5811,"perturbative qcd pqcd",3,11
5812,"super yang mills theories",4,11
5813,"forward scattering amplitude",3,11
5814,"anomaly cancellation",2,11
5815,"virtual photons",2,11
5816,"seiberg duality",2,11
5817,"scherk schwarz",2,11
5818,"gauged supergravity solutions",3,11
5819,"cft correspondence",2,11
5820,"maximally supersymmetric pp wave background",5,11
5821,"ten dimensional",2,11
5822,"berenstein maldacena nastase",3,11
5823,"type iib string theory",4,11
5824,"decays exponentially",2,10
5825,"semidirect product",2,10
5826,"polynomial potentials",2,10
5827,"nonlinear elliptic",2,10
5828,"cartan connection",2,10
5829,"lax representation",2,10
5830,"spinor representation",2,10
5831,"classified according",2,10
5832,"algebraic characterization",2,10
5833,"coupling constant alpha",3,10
5834,"haar measure",2,10
5835,"lorentzian manifolds",2,10
5836,"initial boundary",2,10
5837,"burgers equation",2,10
5838,"defining relations",2,10
5839,"chain ends",2,10
5840,"hilbert space time",3,10
5841,"trace operators",2,10
5842,"electro magnetic field",3,10
5843,"quantum zeno effect",3,10
5844,"intrinsic property",2,10
5845,"new proofs",2,10
5846,"piecewise linear",2,10
5847,"euler lagrange",2,10
5848,"fibre bundles",2,10
5849,"charge inversion",2,10
5850,"dyson equation",2,10
5851,"non local density",3,10
5852,"confining potentials",2,10
5853,"site cluster",2,10
5854,"extremal black holes",3,10
5855,"ordinary differential equation",3,10
5856,"potential drop",2,10
5857,"physical reality",2,10
5858,"sin delta",2,10
5859,"covering spaces",2,10
5860,"kepler problem",2,10
5861,"spherical harmonics",2,10
5862,"harmonic generation",2,10
5863,"consistency condition",2,10
5864,"operator ordering",2,10
5865,"nonlinear integral equations",3,10
5866,"orientable surfaces",2,10
5867,"monodromy matrix",2,10
5868,"nilpotent elements",2,10
5869,"internal symmetries",2,10
5870,"clear cut",2,10
5871,"time evolutions",2,10
5872,"primary states",2,10
5873,"solid surfaces",2,10
5874,"kerr geometry",2,10
5875,"laguerre polynomials",2,10
5876,"probabilistic approach",2,10
5877,"sobolev spaces",2,10
5878,"polynomial invariants",2,10
5879,"simple lie",2,10
5880,"variational calculation",2,10
5881,"natural generalizations",2,10
5882,"prime numbers",2,10
5883,"discrete fourier transform",3,10
5884,"singular part",2,10
5885,"compact subgroup",2,10
5886,"wheeler dewitt equation",3,10
5887,"potts model",2,10
5888,"thermodynamic bethe ansatz",3,10
5889,"quantized electromagnetic field",3,10
5890,"fermion gas",2,10
5891,"geometrical features",2,10
5892,"internal structure function",3,10
5893,"non local group",3,10
5894,"solvable models",2,10
5895,"bessel functions",2,10
5896,"chern number",2,10
5897,"mathematical technique",2,10
5898,"mhd equations",2,10
5899,"incident photon",2,10
5900,"electric polarizability",2,10
5901,"direct relationship",2,10
5902,"geodesic motion",2,10
5903,"covariance matrix",2,10
5904,"de rham complex",3,10
5905,"twisted boundary conditions",3,10
5906,"algebras having",2,10
5907,"whole class",2,10
5908,"obtain explicit construction",3,10
5909,"end points",2,10
5910,"initial value problem",3,10
5911,"coordinate representation",2,10
5912,"supersymmetric yang mills theories",4,10
5913,"external perturbation",2,10
5914,"polar decomposition",2,10
5915,"go over",2,10
5916,"logarithmic potential",2,10
5917,"nonlinear sigma",2,10
5918,"fermionic formula",2,10
5919,"bounded error",2,10
5920,"entanglement cost",2,10
5921,"single copy",2,10
5922,"exactly equal",2,10
5923,"elliptical orbit",2,10
5924,"entanglement swapping",2,10
5925,"bcs like",2,10
5926,"qubit systems",2,10
5927,"parrondo games",2,10
5928,"three qubit",2,10
5929,"polarized photons",2,10
5930,"quantum mechanically",2,10
5931,"phase spaces",2,10
5932,"born oppenheimer",2,10
5933,"short time scale",3,10
5934,"correlated electrons",2,10
5935,"hbar omega",2,10
5936,"bloch sphere",2,10
5937,"parallel plates",2,10
5938,"real valued",2,10
5939,"remarkable feature",2,10
5940,"relaxation time evolution",3,10
5941,"local realism",2,10
5942,"projective measurements",2,10
5943,"preserving maps",2,10
5944,"permutation group",2,10
5945,"blockade regime",2,10
5946,"hidden order",2,10
5947,"radiation field theory",3,10
5948,"approximate description",2,10
5949,"van der waals forces",4,10
5950,"bell type",2,10
5951,"maximally entangled state",3,10
5952,"completely positive maps",3,10
5953,"anisotropic exchange interaction",3,10
5954,"arbitrarily high",2,10
5955,"against decoherence",2,10
5956,"exchange diagrams",2,10
5957,"single defect",2,10
5958,"inertial frames",2,10
5959,"secret key",2,10
5960,"avoided crossings",2,10
5961,"external field strength",3,10
5962,"atomic ensembles",2,10
5963,"average speed",2,10
5964,"probe beam",2,10
5965,"causality principle",2,10
5966,"optimization problems",2,10
5967,"characteristic time evolution",3,10
5968,"bragg scattering",2,10
5969,"matching conditions",2,10
5970,"pump probe",2,10
5971,"photon counting",2,10
5972,"noise suppression",2,10
5973,"gravitational forces",2,10
5974,"concentration parameter",2,10
5975,"nontrivial topology",2,10
5976,"parametric down conversion",3,10
5977,"counting statistics",2,10
5978,"half maximum",2,10
5979,"physics community",2,10
5980,"qed radiative",2,10
5981,"optical parametric",2,10
5982,"diatomic molecule",2,10
5983,"chiral lagrangians",2,10
5984,"entanglement concentration",2,10
5985,"simplified models",2,10
5986,"double scaling",2,10
5987,"knot invariants",2,10
5988,"electron propagator",2,10
5989,"real space time",3,10
5990,"discrete fourier",2,10
5991,"non empty",2,10
5992,"rotational levels",2,10
5993,"system reaches",2,10
5994,"fractional quantum hall",3,10
5995,"mixed basis",2,10
5996,"exactly soluble",2,10
5997,"alternative mechanism",2,10
5998,"modern quantum",2,10
5999,"remarkable features",2,10
6000,"quantization condition",2,10
6001,"partial derivatives",2,10
6002,"his proof",2,10
6003,"black box",2,10
6004,"dissipation relation",2,10
6005,"dimensionally reduced",2,10
6006,"magnitude higher orders",3,10
6007,"coordinate invariance",2,10
6008,"international conference",2,10
6009,"qualitatively new",2,10
6010,"linear programming",2,10
6011,"maps onto",2,10
6012,"nearly perfect",2,10
6013,"distributed according",2,10
6014,"relative error",2,10
6015,"main conclusion",2,10
6016,"spin network",2,10
6017,"diffusive motion",2,10
6018,"pauli blocking",2,10
6019,"homogeneous medium",2,10
6020,"scattering matrices",2,10
6021,"world line",2,10
6022,"hexagonal lattice",2,10
6023,"thermally induced",2,10
6024,"non monotonic dependence",3,10
6025,"energy momentum distribution",3,10
6026,"consistent deformations",2,10
6027,"copper oxides",2,10
6028,"pseudogap regime",2,10
6029,"doped sample",2,10
6030,"anomalous diffusion equation",3,10
6031,"3d electron",2,10
6032,"principles calculations",2,10
6033,"shortest paths",2,10
6034,"mesoscopic metallic",2,10
6035,"zero temperature tc",3,10
6036,"eikonal approximation",2,10
6037,"nn interactions",2,10
6038,"theoretical estimates",2,10
6039,"lattice sizes",2,10
6040,"tunneling spectroscopy",2,10
6041,"viable alternative",2,10
6042,"universal soft",2,10
6043,"cuo plane",2,10
6044,"orbit interactions",2,10
6045,"quasiparticle peak",2,10
6046,"pronounced peak",2,10
6047,"time dependent gross pitaevskii equation",5,10
6048,"phonon coupling",2,10
6049,"exponent eta",2,10
6050,"fluctuation dissipation relation",3,10
6051,"gaussian effective",2,10
6052,"system exhibiting",2,10
6053,"curie temperature",2,10
6054,"fluid mechanics",2,10
6055,"exact renormalization",2,10
6056,"glassy state",2,10
6057,"la 2-x",2,10
6058,"quasi degenerate",2,10
6059,"wiedemann franz law",3,10
6060,"fermion systems",2,10
6061,"meissner effect",2,10
6062,"anomalous magnetic",2,10
6063,"spatial variation",2,10
6064,"anomalous transport",2,10
6065,"bilayer systems",2,10
6066,"cos phi",2,10
6067,"four image",2,10
6068,"lattice melting",2,10
6069,"high mobility",2,10
6070,"colossal magnetoresistance",2,10
6071,"theoretical considerations",2,10
6072,"fourier component",2,10
6073,"anomalous magnetic moment",3,10
6074,"polarized radiation",2,10
6075,"phonon interactions",2,10
6076,"highly connected",2,10
6077,"quasi elastic",2,10
6078,"metal oxides",2,10
6079,"dispersion measure",2,10
6080,"self organized",2,10
6081,"low lying excitations",3,10
6082,"remain constant",2,10
6083,"total energy density",3,10
6084,"spatially inhomogeneous",2,10
6085,"phonon mechanism",2,10
6086,"flux pinning",2,10
6087,"dc conductivity",2,10
6088,"grows like",2,10
6089,"force exerted",2,10
6090,"significant suppression",2,10
6091,"secondary electrons",2,10
6092,"growth rates",2,10
6093,"correct scaling",2,10
6094,"specific heat data",3,10
6095,"system possesses",2,10
6096,"inherent structure",2,10
6097,"level densities",2,10
6098,"sound velocity",2,10
6099,"parameters defining",2,10
6100,"initial stage",2,10
6101,"fluctuation dissipation theorem",3,10
6102,"normal mode",2,10
6103,"strong deviations",2,10
6104,"mgb2 single crystals",3,10
6105,"total angular momentum",3,10
6106,"scaling factor",2,10
6107,"experimental probes",2,10
6108,"large discrepancies",2,10
6109,"complex interplay",2,10
6110,"effective lagrangians",2,10
6111,"transmission coefficients",2,10
6112,"xy model",2,10
6113,"decreasing temperature",2,10
6114,"next nearest neighbor",3,10
6115,"limit cycle",2,10
6116,"electrostatic interactions",2,10
6117,"lennard jones potential",3,10
6118,"directed graph",2,10
6119,"e1 e2",2,10
6120,"type ii superconductor",3,10
6121,"charged fermions",2,10
6122,"fractal nature",2,10
6123,"arbitrary temperatures",2,10
6124,"ferromagnetic fm",2,10
6125,"building up",2,10
6126,"band filling",2,10
6127,"non conservation",2,10
6128,"bose einstein",2,10
6129,"minimum radius",2,10
6130,"superconducting lead",2,10
6131,"superconducting film",2,10
6132,"stock market",2,10
6133,"magnetic field dependences",3,10
6134,"drag effect",2,10
6135,"kondo regime",2,10
6136,"magneto transport",2,10
6137,"neutral currents",2,10
6138,"nanometer scale",2,10
6139,"proceeds via",2,10
6140,"intermediate temperatures",2,10
6141,"low energy scales",3,10
6142,"transient regime",2,10
6143,"reynolds numbers",2,10
6144,"thin film thickness",3,10
6145,"mesoscopic fluctuations",2,10
6146,"equilibrium statistical mechanics",3,10
6147,"hartree fock calculations",3,10
6148,"financial market",2,10
6149,"quantum dot qd",3,10
6150,"strong correlation function",3,10
6151,"energy momentum space",3,10
6152,"exchange currents",2,10
6153,"coefficient gamma",2,10
6154,"asymmetric simple",2,10
6155,"lambda approx",2,10
6156,"charge density wave cdw",4,10
6157,"partially quenched",2,10
6158,"variational principles",2,10
6159,"diffusion coefficients",2,10
6160,"induced collapse",2,10
6161,"qualitative features",2,10
6162,"temporal properties",2,10
6163,"triplet excitations",2,10
6164,"molecular dynamic",2,10
6165,"strongly indicates",2,10
6166,"surface roughness",2,10
6167,"magnetic monopole",2,10
6168,"zero metallicity",2,10
6169,"computationally efficient",2,10
6170,"exponent nu",2,10
6171,"unexpected result",2,10
6172,"universal enveloping",2,10
6173,"continued fraction",2,10
6174,"linking number",2,10
6175,"galois representations",2,10
6176,"associative product",2,10
6177,"coordinate ring",2,10
6178,"sp 2n",2,10
6179,"hodge type",2,10
6180,"flat rotation",2,10
6181,"quantum affine",2,10
6182,"computer science",2,10
6183,"embedded minimal",2,10
6184,"maximal torus",2,10
6185,"ahler manifold",2,10
6186,"ast algebra",2,10
6187,"intersection points",2,10
6188,"toric geometry",2,10
6189,"principal bundle over",3,10
6190,"formal power series",3,10
6191,"locally trivial",2,10
6192,"non renormalizable",2,10
6193,"mean curvature flow",3,10
6194,"null infinity",2,10
6195,"almost everywhere",2,10
6196,"abelian category",2,10
6197,"riemann roch",2,10
6198,"semisimple lie algebra",3,10
6199,"homotopy type",2,10
6200,"bremsstrahlung emission",2,10
6201,"physical content",2,10
6202,"composition dependence",2,10
6203,"hole production",2,10
6204,"supersymmetry transformations",2,10
6205,"short time series",3,10
6206,"radio pulses",2,10
6207,"damping rate",2,10
6208,"logic program",2,10
6209,"nonmonotonic reasoning",2,10
6210,"universal cover",2,10
6211,"empirical value",2,10
6212,"performance guarantee",2,10
6213,"evolutionary synthesis",2,10
6214,"main reason",2,10
6215,"photometric errors",2,10
6216,"period change",2,10
6217,"treated exactly",2,10
6218,"gauge symmetry breaking",3,10
6219,"characteristic feature",2,10
6220,"velocity field theory",3,10
6221,"rotational energy",2,10
6222,"self organized criticality",3,10
6223,"localization length",2,10
6224,"near degeneracy",2,10
6225,"spin orbit coupling",3,10
6226,"relative intensity",2,10
6227,"analytical treatment",2,10
6228,"antiferromagnetic af",2,10
6229,"astrophysical systems",2,10
6230,"parameter regimes",2,10
6231,"spectral weight",2,10
6232,"doppler shift",2,10
6233,"large scale free",3,10
6234,"infrared fixed point",3,10
6235,"parity conservation",2,10
6236,"velocity fluctuations",2,10
6237,"simplest version",2,10
6238,"two lectures",2,10
6239,"sound waves",2,10
6240,"electron fluid",2,10
6241,"quantum criticality",2,10
6242,"entropy change",2,10
6243,"couette flow",2,10
6244,"uparrow downarrow",2,10
6245,"gamma approx",2,10
6246,"inhomogeneous medium",2,10
6247,"kinetic term",2,10
6248,"double counting",2,10
6249,"around ev",2,10
6250,"fermion determinant",2,10
6251,"discrete breathers",2,10
6252,"monte carlo integration",3,10
6253,"absorption line width",3,10
6254,"infrared wavelengths",2,10
6255,"high redshift surveys",3,10
6256,"magnetic dipole",2,10
6257,"virial masses",2,10
6258,"sun like",2,10
6259,"starburst nucleus",2,10
6260,"spectrophotometric observations",2,10
6261,"interstellar extinction",2,10
6262,"ob association",2,10
6263,"convective zone",2,10
6264,"diffuse interstellar clouds",3,10
6265,"high redshift supernovae",3,10
6266,"luminous seyfert",2,10
6267,"outflow velocity",2,10
6268,"hi 21cm",2,10
6269,"einstein de sitter",3,10
6270,"source populations",2,10
6271,"event basis",2,10
6272,"rest frame uv",3,10
6273,"blackbody model",2,10
6274,"scale setting",2,10
6275,"continuum fluxes",2,10
6276,"proto planetary",2,10
6277,"compact radio source",3,10
6278,"metal content",2,10
6279,"hb stars",2,10
6280,"pixel resolution",2,10
6281,"disk like",2,10
6282,"barred galaxies",2,10
6283,"dglap evolution equations",3,10
6284,"dark matter fields",3,10
6285,"cataclysmic variables cvs",3,10
6286,"small magellanic cloud smc",4,10
6287,"spectroscopic redshifts",2,10
6288,"vlbi data",2,10
6289,"deuterium target",2,10
6290,"metal production",2,10
6291,"relativistic iron",2,10
6292,"steep spectrum",2,10
6293,"magnetohydrodynamic mhd",2,10
6294,"nir images",2,10
6295,"expansion velocities",2,10
6296,"radiative transfer code",3,10
6297,"observational tests",2,10
6298,"gravitationally lensed",2,10
6299,"poloidal magnetic field",3,10
6300,"active galactic nucleus",3,10
6301,"planetary nebula ngc",3,10
6302,"galactic nuclei agn",3,10
6303,"luminosity function lf",3,10
6304,"direct detection rates",3,10
6305,"optical afterglow",2,10
6306,"population iii",2,10
6307,"outer shell",2,10
6308,"sight velocity",2,10
6309,"agn jets",2,10
6310,"galaxy interactions",2,10
6311,"nuclear burning",2,10
6312,"kerr black",2,10
6313,"near earth",2,10
6314,"sky coverage",2,10
6315,"young pulsars",2,10
6316,"regions indicating",2,10
6317,"accretion disk wind",3,10
6318,"ionized gas kinematics",3,10
6319,"planetary camera",2,10
6320,"fe ratio",2,10
6321,"gravitationally lensed quasar",3,10
6322,"intrinsic luminosity",2,10
6323,"extended hi",2,10
6324,"lyman break galaxies",3,10
6325,"late type ii",3,10
6326,"co emission line",3,10
6327,"outer parts",2,10
6328,"bright compact",2,10
6329,"luminosity agns",2,10
6330,"initial mass function",3,10
6331,"agn activity",2,10
6332,"brightness temperature",2,10
6333,"candidate members",2,10
6334,"chandra deep",2,10
6335,"projected distance",2,10
6336,"uv optical spectra",3,10
6337,"spatially flat",2,10
6338,"eddington limit",2,10
6339,"hubble sequence",2,10
6340,"agb star",2,10
6341,"single dish",2,10
6342,"central kpc",2,10
6343,"observable universe",2,10
6344,"broad absorption line",3,10
6345,"events per",2,10
6346,"broad fe",2,10
6347,"ultraviolet fuv",2,10
6348,"galaxy bias",2,10
6349,"telescope facility",2,10
6350,"spectral variability",2,10
6351,"radio continuum",2,10
6352,"elliptical galaxy ngc",3,10
6353,"hydrogen recombination",2,10
6354,"reverse shock",2,10
6355,"day night",2,10
6356,"small angular scales",3,10
6357,"hi absorption",2,10
6358,"burst sources",2,10
6359,"element abundances",2,10
6360,"cross correlation function",3,10
6361,"metallicity relation",2,10
6362,"radio surveys",2,10
6363,"lcdm universe",2,10
6364,"doublet models",2,10
6365,"shear viscosity",2,10
6366,"ultra high energy cosmic rays",5,10
6367,"weak equivalence principle",3,10
6368,"primary source",2,10
6369,"alpha line profile",3,10
6370,"satellite galaxies",2,10
6371,"cmb polarization",2,10
6372,"nucleus agn",2,10
6373,"after correcting",2,10
6374,"unique probe",2,10
6375,"suprime cam",2,10
6376,"remnants snrs",2,10
6377,"binary lens",2,10
6378,"central engine",2,10
6379,"radio jets",2,10
6380,"below kev",2,10
6381,"detect strong",2,10
6382,"cmb anisotropies",2,10
6383,"galaxy pairs",2,10
6384,"fluctuation spectrum",2,10
6385,"azimuthal angle",2,10
6386,"ultra luminous",2,10
6387,"binaries lmxbs",2,10
6388,"iron abundance",2,10
6389,"area covered",2,10
6390,"galactic chemical evolution",3,10
6391,"chandra observations suggest",3,10
6392,"sur le",2,10
6393,"algebra cal",2,10
6394,"topologically non trivial",3,10
6395,"restricted permutations",2,10
6396,"generically finite",2,10
6397,"liouville field theory",3,10
6398,"hyperplane arrangement",2,10
6399,"fusion rules",2,10
6400,"critical phenomenon",2,10
6401,"context sensitive",2,10
6402,"geodesically complete",2,10
6403,"adhm construction",2,10
6404,"rees algebras",2,10
6405,"wess zumino model",3,10
6406,"twisted sectors",2,10
6407,"updated version",2,10
6408,"well away",2,10
6409,"chiral condensates",2,10
6410,"rate asymmetry",2,10
6411,"pairing correlations",2,10
6412,"topological charges",2,10
6413,"nuclear reactor",2,10
6414,"local lorentz",2,10
6415,"front end",2,10
6416,"radial coordinate",2,10
6417,"eguchi hanson",2,10
6418,"ricci flow",2,10
6419,"early history",2,10
6420,"non lte",2,10
6421,"light neutrino",2,10
6422,"mag brighter",2,10
6423,"synthesis models",2,10
6424,"stable configuration",2,10
6425,"percent level",2,10
6426,"hubble space telescope hst observations",5,10
6427,"fainter magnitudes",2,10
6428,"underground laboratory",2,10
6429,"wolf rayet wr",3,10
6430,"bar k0",2,10
6431,"binary pulsar",2,10
6432,"symmetry breaking pattern",3,10
6433,"brane tension branes",3,10
6434,"global monopole",2,10
6435,"cosmological term",2,10
6436,"laser interferometer",2,10
6437,"bianchi ix",2,10
6438,"baryon number violation",3,10
6439,"einstein maxwell gravity",3,10
6440,"dilaton field",2,10
6441,"closed timelike curves",3,10
6442,"renormalized stress tensor",3,10
6443,"trans planckian",2,10
6444,"braneworld model",2,10
6445,"ghost fields",2,10
6446,"fundamental planck",2,10
6447,"fundamental fermions",2,10
6448,"around gev",2,10
6449,"effective 4d",2,10
6450,"lep collider",2,10
6451,"cp eigenstate",2,10
6452,"lightest scalar",2,10
6453,"four lep",2,10
6454,"brookhaven national",2,10
6455,"kekb asymmetric",2,10
6456,"inverse cascade",2,10
6457,"cp odd",2,10
6458,"parton distribution functions",3,10
6459,"charmless two body",3,10
6460,"dalitz plot",2,10
6461,"solar neutrino mixing",3,10
6462,"cabibbo suppressed",2,10
6463,"collider energies",2,10
6464,"charmed mesons",2,10
6465,"deeply virtual compton scattering dvcs",5,10
6466,"lambda hyperons",2,10
6467,"hadronic tau",2,10
6468,"dis data",2,10
6469,"mass squared differences",3,10
6470,"delta resonance region",3,10
6471,"azimuthal asymmetry",2,10
6472,"light scalars",2,10
6473,"fusion reactions",2,10
6474,"minimal supersymmetric models",3,10
6475,"chiral extrapolation",2,10
6476,"topological susceptibility",2,10
6477,"su lattice qcd",3,10
6478,"pseudoscalar mesons",2,10
6479,"pion decay constant",3,10
6480,"axial anomaly",2,10
6481,"polyakov loop",2,10
6482,"down quark",2,10
6483,"faddeev calculations",2,10
6484,"observatory sno",2,10
6485,"antisymmetrized molecular dynamics",3,10
6486,"jet quenching",2,10
6487,"fragmentation region",2,10
6488,"heavy quark masses",3,10
6489,"a0 f0",2,10
6490,"hybrid inflation",2,10
6491,"flavor mixings",2,10
6492,"qcd sum rule",3,10
6493,"factorization formalism",2,10
6494,"bnl rhic",2,10
6495,"soft collinear",2,10
6496,"trilinear couplings",2,10
6497,"lepton number violation",3,10
6498,"qcd factorization approach",3,10
6499,"solar neutrino oscillation",3,10
6500,"perturbative qcd corrections",3,10
6501,"parity violating couplings",3,10
6502,"higgs sector",2,10
6503,"s1 z2 orbifold",3,10
6504,"singlet neutrinos",2,10
6505,"charged higgs",2,10
6506,"mc gev",2,10
6507,"large mixing matrix",3,10
6508,"soft gluons",2,10
6509,"multiparticle production",2,10
6510,"leading order nlo",3,10
6511,"precision electroweak data",3,10
6512,"flipped su",2,10
6513,"neutral higgs",2,10
6514,"cp violating phase",3,10
6515,"lamb shift",2,10
6516,"closed string theories",3,10
6517,"maximal supersymmetry",2,10
6518,"coset conformal field theory",4,10
6519,"brane configuration",2,10
6520,"theories living",2,10
6521,"brane worldvolume",2,10
6522,"iia supergravity",2,10
6523,"nappi witten",2,10
6524,"noncommutative instantons",2,10
6525,"neveu schwarz",2,10
6526,"dynkin diagrams",2,9
6527,"modular invariants",2,9
6528,"universal covering",2,9
6529,"global conformal",2,9
6530,"blow ups",2,9
6531,"non uniqueness",2,9
6532,"bohr sommerfeld",2,9
6533,"hilbert space time evolution",4,9
6534,"recursion relation",2,9
6535,"shallow water",2,9
6536,"possess non",2,9
6537,"free scalar field",3,9
6538,"schr odinger operator",3,9
6539,"obtain explicit description",3,9
6540,"big bang singularity",3,9
6541,"particle hydrodynamics",2,9
6542,"spanning tree",2,9
6543,"analytic evaluation",2,9
6544,"computer algebra",2,9
6545,"mathematically rigorous",2,9
6546,"high genus",2,9
6547,"supersymmetric partners",2,9
6548,"result explains",2,9
6549,"multi species",2,9
6550,"orthogonal groups",2,9
6551,"zig zag",2,9
6552,"stochastic differential equations",3,9
6553,"negative integer",2,9
6554,"self contained introduction",3,9
6555,"non archimedean",2,9
6556,"stochastic partial",2,9
6557,"sum limits",2,9
6558,"schur functions",2,9
6559,"logarithmic singularity",2,9
6560,"asymptotic behaviors",2,9
6561,"collective variables",2,9
6562,"bosonic degrees",2,9
6563,"thermodynamical limit",2,9
6564,"quiver varieties",2,9
6565,"bloch equations",2,9
6566,"rigorous derivation",2,9
6567,"lindblad form",2,9
6568,"unified scheme",2,9
6569,"formula describing",2,9
6570,"ricci scalar",2,9
6571,"crossing probability",2,9
6572,"asymptotic regime",2,9
6573,"integer coefficients",2,9
6574,"internal spaces",2,9
6575,"single electron transistor set",4,9
6576,"electromagnetic field theories",3,9
6577,"multiple integral",2,9
6578,"single particle hole",3,9
6579,"symplectic geometry",2,9
6580,"linearly stable",2,9
6581,"riemann hypothesis",2,9
6582,"coulomb gauge",2,9
6583,"functional renormalization group",3,9
6584,"fermi curve",2,9
6585,"boundary value problems",3,9
6586,"self energy momentum",3,9
6587,"exterior algebra",2,9
6588,"steepest descent",2,9
6589,"calogero moser",2,9
6590,"integrable hierarchies",2,9
6591,"quantum mechanical description",3,9
6592,"laplace transform",2,9
6593,"embedding theorem",2,9
6594,"kadomtsev petviashvili",2,9
6595,"algebras generalizing",2,9
6596,"detailed proof",2,9
6597,"cylindrical shell",2,9
6598,"exclusion statistics",2,9
6599,"trapping potentials",2,9
6600,"single polymer",2,9
6601,"nonrelativistic limit",2,9
6602,"well posedness",2,9
6603,"jaynes cummings model",3,9
6604,"physical quantity",2,9
6605,"inverse problems",2,9
6606,"wigner dyson",2,9
6607,"hopf invariant",2,9
6608,"bloch electrons",2,9
6609,"limit hbar",2,9
6610,"query complexity",2,9
6611,"data storage",2,9
6612,"entanglement purification",2,9
6613,"positive detection",2,9
6614,"rate constants",2,9
6615,"magnetically trapped",2,9
6616,"quantum bits",2,9
6617,"kochen specker",2,9
6618,"semiclassical expansion",2,9
6619,"classical communication locc",3,9
6620,"statistical inference",2,9
6621,"bosonic atoms",2,9
6622,"constituent particles",2,9
6623,"partial transpose",2,9
6624,"mit bag model",3,9
6625,"bipartite case",2,9
6626,"experimentally feasible scheme",3,9
6627,"single photon number",3,9
6628,"classically stable",2,9
6629,"logarithmic derivative",2,9
6630,"photon collision",2,9
6631,"condensed atoms",2,9
6632,"nonlinear schr odinger",3,9
6633,"almost entirely",2,9
6634,"information transfer",2,9
6635,"spin density matrix",3,9
6636,"einstein podolsky rosen epr",4,9
6637,"odd dimensions",2,9
6638,"nonlinear integral",2,9
6639,"experimental consequences",2,9
6640,"least two dimensional",3,9
6641,"realistic interpretation",2,9
6642,"cloning theorem",2,9
6643,"few orders",2,9
6644,"quantum nonlocality",2,9
6645,"squeezed vacuum",2,9
6646,"underlying microscopic",2,9
6647,"process occurring",2,9
6648,"dense coding",2,9
6649,"universal feature",2,9
6650,"lorentz transformations",2,9
6651,"singular values",2,9
6652,"communication networks",2,9
6653,"physical requirements",2,9
6654,"stokes parameters",2,9
6655,"matrices describing",2,9
6656,"heisenberg chain",2,9
6657,"closed bosonic",2,9
6658,"optical dipole",2,9
6659,"random medium",2,9
6660,"local environments",2,9
6661,"mean value problem",3,9
6662,"share many",2,9
6663,"corresponding euler",2,9
6664,"regular graphs",2,9
6665,"scattered light scattering",3,9
6666,"poisson statistics",2,9
6667,"independent bounds",2,9
6668,"position dependent",2,9
6669,"atom optics",2,9
6670,"round trip",2,9
6671,"direct correspondence",2,9
6672,"localization formula",2,9
6673,"expanded version",2,9
6674,"fabry perot interferometer",3,9
6675,"lambda configuration",2,9
6676,"single electron systems",3,9
6677,"resonance force",2,9
6678,"incident light",2,9
6679,"answer set",2,9
6680,"maximally symmetric",2,9
6681,"radius r0",2,9
6682,"failure probability",2,9
6683,"laser radiation",2,9
6684,"total intensity",2,9
6685,"excitation conditions",2,9
6686,"interference patterns",2,9
6687,"processes involved",2,9
6688,"hyper surface",2,9
6689,"electrons confined",2,9
6690,"laser cooling",2,9
6691,"hot molecular",2,9
6692,"eur phys",2,9
6693,"decoherence rates",2,9
6694,"purely topological",2,9
6695,"simple proofs",2,9
6696,"analytical formula",2,9
6697,"hamilton jacobi formalism",3,9
6698,"combinatorial description",2,9
6699,"elements e.g",2,9
6700,"recursion operators",2,9
6701,"non extremal",2,9
6702,"long time scale",3,9
6703,"complex scalar field",3,9
6704,"magnetic field configurations",3,9
6705,"proceeds through",2,9
6706,"hamilton jacobi equation",3,9
6707,"cpt symmetry",2,9
6708,"induced forces",2,9
6709,"low temperatures below",3,9
6710,"transient behavior",2,9
6711,"line driven",2,9
6712,"nematic liquid crystal",3,9
6713,"phonon spectrum",2,9
6714,"limited sample",2,9
6715,"conceptual problems",2,9
6716,"four kinds",2,9
6717,"exact resonance",2,9
6718,"toy models",2,9
6719,"molecular orbital",2,9
6720,"anomalous dispersion",2,9
6721,"parameter ranges",2,9
6722,"nucleon forces",2,9
6723,"decay exponentially",2,9
6724,"electron mobility",2,9
6725,"projection operators",2,9
6726,"molecular magnet",2,9
6727,"vertically coupled",2,9
6728,"disk thickness",2,9
6729,"large nf",2,9
6730,"orientation dependence",2,9
6731,"circularly polarized photons",3,9
6732,"time reversal symmetry breaking",4,9
6733,"strongly suggesting",2,9
6734,"van alphen",2,9
6735,"electronic structure function",3,9
6736,"conductance distribution",2,9
6737,"qualitative description",2,9
6738,"electron phonon mechanism",3,9
6739,"spin glass phase",3,9
6740,"bogoliubov de gennes",3,9
6741,"approximation cpa",2,9
6742,"molecular dynamics md simulations",4,9
6743,"bulk sensitive",2,9
6744,"density wave superconductivity",3,9
6745,"larkin ovchinnikov",2,9
6746,"hele shaw cell",3,9
6747,"stripe formation",2,9
6748,"fermi dirac",2,9
6749,"finite temperature dependence",3,9
6750,"inelastic hard spheres",3,9
6751,"pauli exclusion principle",3,9
6752,"fractional statistics",2,9
6753,"three terminal",2,9
6754,"spatially varying",2,9
6755,"x2 y2",2,9
6756,"percolation theory",2,9
6757,"de haas van alphen",4,9
6758,"model porous media",3,9
6759,"pauli principle",2,9
6760,"pi junction",2,9
6761,"scattering matrix element",3,9
6762,"elongated bose einstein condensate",4,9
6763,"uniform magnetic",2,9
6764,"films deposited",2,9
6765,"nuclear magnetic field",3,9
6766,"length xi",2,9
6767,"antiferromagnetic afm",2,9
6768,"line indices",2,9
6769,"metallic phase",2,9
6770,"single ion anisotropy",3,9
6771,"dc voltage",2,9
6772,"self energy density",3,9
6773,"temperature dependences",2,9
6774,"angle theta pi",3,9
6775,"pair condensation",2,9
6776,"wigner crystal",2,9
6777,"transmission electron microscopy",3,9
6778,"world networks",2,9
6779,"self consistent hartree",3,9
6780,"diffusive regime",2,9
6781,"social network",2,9
6782,"consistent truncation",2,9
6783,"chapman enskog",2,9
6784,"single polymer chain",3,9
6785,"abelian higgs",2,9
6786,"spiral waves",2,9
6787,"first principles calculation",3,9
6788,"thermal conductivity kappa",3,9
6789,"pseudogap phase transition",3,9
6790,"conductance peaks",2,9
6791,"penetration depth lambda",3,9
6792,"competing models",2,9
6793,"fall within",2,9
6794,"biological evolution",2,9
6795,"phases coexist",2,9
6796,"mean field strength",3,9
6797,"plane magnetoresistance",2,9
6798,"co ni",2,9
6799,"non collinear",2,9
6800,"center vortex",2,9
6801,"shear modulus",2,9
6802,"induced ferromagnetism",2,9
6803,"distorted wave",2,9
6804,"tight constraints",2,9
6805,"bosonic string theory",3,9
6806,"harmonic confinement",2,9
6807,"thermally excited",2,9
6808,"heavy fermion mass",3,9
6809,"clustering coefficient",2,9
6810,"renormalization factor",2,9
6811,"overdoped cuprates",2,9
6812,"artificial neural networks",3,9
6813,"magnetic semiconductor",2,9
6814,"degree distribution function",3,9
6815,"spectral slope",2,9
6816,"sherrington kirkpatrick",2,9
6817,"heating rate",2,9
6818,"staggered flux",2,9
6819,"binary mixture",2,9
6820,"internet traffic",2,9
6821,"near criticality",2,9
6822,"dense material",2,9
6823,"type ic",2,9
6824,"oxygen mass",2,9
6825,"saturation magnetization",2,9
6826,"fractional derivative",2,9
6827,"evolving networks",2,9
6828,"vertical direction",2,9
6829,"strongly disordered",2,9
6830,"magnetization switching",2,9
6831,"shubnikov de haas oscillations",4,9
6832,"range hopping",2,9
6833,"quantitative predictions",2,9
6834,"exponent lambda",2,9
6835,"parametric amplification",2,9
6836,"nonmagnetic impurities",2,9
6837,"weight vectors",2,9
6838,"central peak",2,9
6839,"valence band structure",3,9
6840,"ring like",2,9
6841,"angular momentum distribution",3,9
6842,"below mk",2,9
6843,"shortest path",2,9
6844,"transport jc",2,9
6845,"thermodynamically stable",2,9
6846,"europhys lett",2,9
6847,"energy gap delta",3,9
6848,"disorder driven",2,9
6849,"impurity sites",2,9
6850,"radial distribution function",3,9
6851,"radiative efficiency",2,9
6852,"morphological types",2,9
6853,"barabasi albert",2,9
6854,"ferromagnetic semiconductor",2,9
6855,"three fold",2,9
6856,"non fermi liquid behavior",4,9
6857,"approx mev",2,9
6858,"antiferromagnetic af order",3,9
6859,"scaled up",2,9
6860,"hard rods",2,9
6861,"logistic map",2,9
6862,"ultra high resolution",3,9
6863,"temporal fluctuations",2,9
6864,"unstable against",2,9
6865,"rich phase",2,9
6866,"kappa deformed",2,9
6867,"crystal growth",2,9
6868,"effective area",2,9
6869,"transport calculations",2,9
6870,"laplace equation",2,9
6871,"columnar defects",2,9
6872,"wave pairing",2,9
6873,"emitted during",2,9
6874,"almost half",2,9
6875,"itinerant ferromagnets",2,9
6876,"adsorption desorption",2,9
6877,"coordinate transformation",2,9
6878,"coupled map",2,9
6879,"homology class",2,9
6880,"homotopy groups",2,9
6881,"prime characteristic",2,9
6882,"langlands dual",2,9
6883,"factorization theorem",2,9
6884,"principal bundles",2,9
6885,"seifert surface",2,9
6886,"geometric genus",2,9
6887,"algebraic surfaces",2,9
6888,"initial configurations",2,9
6889,"open subsets",2,9
6890,"minimal conformal",2,9
6891,"holomorphic curves",2,9
6892,"line bundles",2,9
6893,"hyperelliptic curve",2,9
6894,"lagrangian submanifolds",2,9
6895,"hydrodynamic type",2,9
6896,"hypersurface singularity",2,9
6897,"geometrical structures",2,9
6898,"complete noncompact",2,9
6899,"central charges",2,9
6900,"higher codimension",2,9
6901,"homological algebra",2,9
6902,"molecular species",2,9
6903,"closed oriented",2,9
6904,"quotient singularities",2,9
6905,"charged particle ratios",3,9
6906,"pi hbar",2,9
6907,"pacs numbers",2,9
6908,"easily generalized",2,9
6909,"darboux transformation",2,9
6910,"loss rates",2,9
6911,"too strong",2,9
6912,"peak positions",2,9
6913,"acquisition system",2,9
6914,"multi agent",2,9
6915,"logic programs",2,9
6916,"set semantics",2,9
6917,"two stream",2,9
6918,"performance ratio",2,9
6919,"fast rotation",2,9
6920,"asymptotically stable",2,9
6921,"spectral shape",2,9
6922,"minimal resolution",2,9
6923,"integrated light",2,9
6924,"semiconductor nanocrystals",2,9
6925,"exact enumeration",2,9
6926,"spin polarized electrons",3,9
6927,"spin-1 chain",2,9
6928,"clear indication",2,9
6929,"velocity curves",2,9
6930,"coulomb barrier",2,9
6931,"tree like",2,9
6932,"lattice gauge theories",3,9
6933,"interacting binary",2,9
6934,"population transfer",2,9
6935,"secondary peak",2,9
6936,"weak link",2,9
6937,"new kinds",2,9
6938,"absorbed power spectrum",3,9
6939,"decreasing effective",2,9
6940,"raman spectroscopy",2,9
6941,"vibrational properties",2,9
6942,"final stage",2,9
6943,"double stranded dna",3,9
6944,"new prescription",2,9
6945,"conductance fluctuations",2,9
6946,"frenkel kontorova model",3,9
6947,"strongly affect",2,9
6948,"intrinsic dispersion",2,9
6949,"too high",2,9
6950,"linear confinement",2,9
6951,"physically reasonable",2,9
6952,"analytical studies",2,9
6953,"bosonic part",2,9
6954,"static susceptibility",2,9
6955,"inclination angles",2,9
6956,"repulsive core",2,9
6957,"bayesian inference",2,9
6958,"rate decreases",2,9
6959,"fortran code",2,9
6960,"below tn",2,9
6961,"perfect lens",2,9
6962,"forbidden lines",2,9
6963,"principal axis",2,9
6964,"product expansion",2,9
6965,"multi orbital",2,9
6966,"range accessible",2,9
6967,"virial radius",2,9
6968,"double sided",2,9
6969,"outer part",2,9
6970,"inflation driven",2,9
6971,"globular clusters gcs",3,9
6972,"synthetic photometry",2,9
6973,"guide star",2,9
6974,"standard inflationary",2,9
6975,"scales like",2,9
6976,"infrared colours",2,9
6977,"isolated neutron",2,9
6978,"theoretical expectations",2,9
6979,"galactic environment",2,9
6980,"compares well",2,9
6981,"uv radiation",2,9
6982,"population synthesis",2,9
6983,"minor axis",2,9
6984,"discrete sources",2,9
6985,"pulsar wind nebula",3,9
6986,"unidentified gamma ray",3,9
6987,"shorter wavelengths",2,9
6988,"orion nebula",2,9
6989,"nuclear starburst",2,9
6990,"star formation activity",3,9
6991,"prompt optical",2,9
6992,"supersymmetric dark matter",3,9
6993,"submm sources",2,9
6994,"eta carinae",2,9
6995,"fr ii",2,9
6996,"cataclysmic variable star",3,9
6997,"sufficient accuracy",2,9
6998,"strong gravitational field",3,9
6999,"relativistic quantum gravity",3,9
7000,"space missions",2,9
7001,"astronomical observatory",2,9
7002,"astrophysical problems",2,9
7003,"eclipsing binaries",2,9
7004,"expanding medium",2,9
7005,"dark clouds",2,9
7006,"diffuse clouds",2,9
7007,"radiation fluid",2,9
7008,"significant numbers",2,9
7009,"inferred mass",2,9
7010,"brightness profile",2,9
7011,"reverberation mapping",2,9
7012,"dynamical friction",2,9
7013,"host galaxy ngc",3,9
7014,"formation history",2,9
7015,"super heavy",2,9
7016,"da white dwarf",3,9
7017,"early type stars",3,9
7018,"inner slope",2,9
7019,"red objects eros",3,9
7020,"dynamo generated",2,9
7021,"fundamental plane fp",3,9
7022,"rotation measure",2,9
7023,"large magellanic",2,9
7024,"greisen zatsepin kuzmin",3,9
7025,"seyfert nucleus",2,9
7026,"nucleus elastic",2,9
7027,"gravitational potentials",2,9
7028,"gamma ray transient",3,9
7029,"explorer fuse spectra",3,9
7030,"infrared space observatory iso",4,9
7031,"silicate dust",2,9
7032,"disk surrounding",2,9
7033,"jet formation",2,9
7034,"viable mechanism",2,9
7035,"clear correlation",2,9
7036,"cluster merger",2,9
7037,"vacuum energy spectrum",3,9
7038,"hot spot",2,9
7039,"integrating over",2,9
7040,"deuterium abundance",2,9
7041,"preliminary estimates",2,9
7042,"third family",2,9
7043,"maximum brightness",2,9
7044,"galactic halo stars",3,9
7045,"later type",2,9
7046,"chemical enrichment",2,9
7047,"shock structures",2,9
7048,"bipolar outflow",2,9
7049,"dwarf atmospheres",2,9
7050,"relativistic jet",2,9
7051,"shear induced",2,9
7052,"gravitational lens system",3,9
7053,"beppo sax",2,9
7054,"spectral signature",2,9
7055,"3cr radio galaxies",3,9
7056,"randall sundrum type",3,9
7057,"fundamental planck scale",3,9
7058,"solar masses per",3,9
7059,"strikingly similar",2,9
7060,"dark matter candidate",3,9
7061,"uniformly rotating",2,9
7062,"scalar field theories",3,9
7063,"rr lyrae variables",3,9
7064,"mid latitude",2,9
7065,"quintessential inflation",2,9
7066,"white dwarf companion",3,9
7067,"maser sources",2,9
7068,"quasar sdss",2,9
7069,"hierarchical merging",2,9
7070,"event selection",2,9
7071,"eso ntt",2,9
7072,"cosmic ray sources",3,9
7073,"transiting extrasolar planet",3,9
7074,"cool white dwarf",3,9
7075,"xmm newton epic",3,9
7076,"testable predictions",2,9
7077,"term variability",2,9
7078,"high latitude",2,9
7079,"marginally stable",2,9
7080,"scattered radiation",2,9
7081,"spatial extension",2,9
7082,"factor nu",2,9
7083,"einstein radius",2,9
7084,"theoretical developments",2,9
7085,"power law component",3,9
7086,"mass distribution function",3,9
7087,"temperature kt kev",3,9
7088,"balloon borne",2,9
7089,"highest energy",2,9
7090,"low resolution spectra",3,9
7091,"sigma upper limit",3,9
7092,"faint blue",2,9
7093,"doppler measurements",2,9
7094,"near infrared photometry",3,9
7095,"sky survey 2mass",3,9
7096,"massive black hole",3,9
7097,"age metallicity relation",3,9
7098,"monitoring program",2,9
7099,"colour diagrams",2,9
7100,"massive scalar field theory",4,9
7101,"lambda cdm model",3,9
7102,"primordial black holes pbhs",4,9
7103,"linear polarisation",2,9
7104,"evolutionary state",2,9
7105,"taurus auriga",2,9
7106,"gauge fixing",2,9
7107,"planetary nebula pn",3,9
7108,"magnitude limited",2,9
7109,"generated during inflation",3,9
7110,"circumstellar disks",2,9
7111,"infrared fixed",2,9
7112,"relativistic hydrodynamics",2,9
7113,"flux limited",2,9
7114,"radiation hydrodynamics",2,9
7115,"masses per",2,9
7116,"formation epoch",2,9
7117,"si fe",2,9
7118,"outer edge",2,9
7119,"interferometric gravitational wave",3,9
7120,"coma cluster",2,9
7121,"stable orbit",2,9
7122,"presently available data",3,9
7123,"spectral synthesis",2,9
7124,"bounded geometry",2,9
7125,"chern simons action",3,9
7126,"left invariant",2,9
7127,"free subgroups",2,9
7128,"lens spaces",2,9
7129,"quadratic forms",2,9
7130,"slightly modified",2,9
7131,"cartan subalgebra",2,9
7132,"discrete analogue",2,9
7133,"euclidean space time",3,9
7134,"lagrangian densities",2,9
7135,"charged black",2,9
7136,"kahler potential",2,9
7137,"jordan normal form",3,9
7138,"spinor field",2,9
7139,"infinite volume",2,9
7140,"semi regular",2,9
7141,"local cohomology",2,9
7142,"harmonic oscillator basis",3,9
7143,"precision tests",2,9
7144,"ms scheme",2,9
7145,"slow rotation",2,9
7146,"key feature",2,9
7147,"non perturbative calculations",3,9
7148,"inversion symmetry",2,9
7149,"orbital dynamics",2,9
7150,"confining phase",2,9
7151,"two dimensional turbulence",3,9
7152,"clear signal",2,9
7153,"projected su",2,9
7154,"lens equation",2,9
7155,"brans dicke",2,9
7156,"omegam omegalambda",2,9
7157,"millisecond pulsar psr",3,9
7158,"exclusion limits",2,9
7159,"annual modulation",2,9
7160,"tree amplitudes",2,9
7161,"interstellar scintillation",2,9
7162,"radial velocity field",3,9
7163,"first month",2,9
7164,"inner jet",2,9
7165,"improved description",2,9
7166,"astronomy satellite",2,9
7167,"protoplanetary disk",2,9
7168,"qcd thermodynamics",2,9
7169,"mean metallicity",2,9
7170,"solar vicinity",2,9
7171,"initial data sets",3,9
7172,"mass loss rates",3,9
7173,"faint object",2,9
7174,"turbulent shear",2,9
7175,"percent accuracy",2,9
7176,"down quarks",2,9
7177,"cosmic rays uhecr",3,9
7178,"cosmic microwave background anisotropies",4,9
7179,"positive cosmological constant lambda",4,9
7180,"emitting regions",2,9
7181,"similar considerations",2,9
7182,"significant signals",2,9
7183,"varying speed",2,9
7184,"stationary axisymmetric",2,9
7185,"pressure gradient",2,9
7186,"uv flux",2,9
7187,"slope parameters",2,9
7188,"sky monitor",2,9
7189,"higher redshift",2,9
7190,"super poincare",2,9
7191,"quenched level",2,9
7192,"straightforward generalization",2,9
7193,"sensitive probes",2,9
7194,"thirring model",2,9
7195,"radiatively induced",2,9
7196,"naked singularity",2,9
7197,"traversable wormholes",2,9
7198,"multipole moments",2,9
7199,"consistency check",2,9
7200,"de sitter black holes",4,9
7201,"pure radiation",2,9
7202,"4d spacetime",2,9
7203,"inflaton field",2,9
7204,"extra spatial",2,9
7205,"globally hyperbolic",2,9
7206,"vanishing cosmological constant",3,9
7207,"dominant source",2,9
7208,"observer independent",2,9
7209,"nambu goldstone bosons",3,9
7210,"neutron excess",2,9
7211,"around tev",2,9
7212,"c.l upper limits",3,9
7213,"pp wave backgrounds",3,9
7214,"quantum chromodynamics qcd",3,9
7215,"total mass energies",3,9
7216,"cpt violation",2,9
7217,"charmonium state",2,9
7218,"time projection chamber",3,9
7219,"diffractive electroproduction",2,9
7220,"multi tev",2,9
7221,"diffractive dissociation",2,9
7222,"inclusive semileptonic",2,9
7223,"pi0 eta",2,9
7224,"event rates",2,9
7225,"multiplicity distributions",2,9
7226,"strong coupling constant alphas",4,9
7227,"tevatron run",2,9
7228,"liquid scintillator",2,9
7229,"radiative return",2,9
7230,"higgs boson searches",3,9
7231,"electroweak precision measurements",3,9
7232,"charmed baryons",2,9
7233,"monte carlo program",3,9
7234,"leading order nlo qcd corrections",5,9
7235,"differential decay",2,9
7236,"virtual compton",2,9
7237,"charmed baryon",2,9
7238,"charged higgs boson",3,9
7239,"mssm higgs boson",3,9
7240,"color transparency",2,9
7241,"spin asymmetries",2,9
7242,"hard scattering",2,9
7243,"cp violating asymmetries",3,9
7244,"neutrino telescopes",2,9
7245,"supersymmetric nonlinear",2,9
7246,"su nc",2,9
7247,"quenched chiral",2,9
7248,"su lattice gauge",3,9
7249,"valence quarks",2,9
7250,"quark transversity",2,9
7251,"string vacua",2,9
7252,"gluon plasma",2,9
7253,"light cone quantization",3,9
7254,"hadron spectrum",2,9
7255,"singlet scalar",2,9
7256,"disoriented chiral condensates",3,9
7257,"pauli villars",2,9
7258,"proton lifetime",2,9
7259,"large recoil",2,9
7260,"neutral pion",2,9
7261,"directed flow",2,9
7262,"faddeev equation",2,9
7263,"kt factorization approach",3,9
7264,"positivity constraints",2,9
7265,"radial excitations",2,9
7266,"two higgs doublet model",4,9
7267,"longitudinally polarized",2,9
7268,"few nucleon",2,9
7269,"leading logarithmic corrections",3,9
7270,"sno cc",2,9
7271,"direct cp violation",3,9
7272,"phenomenological consequences",2,9
7273,"affleck dine baryogenesis",3,9
7274,"msugra parameter space",3,9
7275,"two higgs doublet",3,9
7276,"precision electroweak",2,9
7277,"large hadron colliders",3,9
7278,"nambu goldstone",2,9
7279,"uv fixed point",3,9
7280,"infrared singularities",2,9
7281,"resummation formalism",2,9
7282,"seesaw mechanism",2,9
7283,"factorization formula",2,9
7284,"faddeev equations",2,9
7285,"color dipole",2,9
7286,"cabibbo kobayashi maskawa",3,9
7287,"external momenta",2,9
7288,"su xu",2,9
7289,"ckm angle",2,9
7290,"configuration mixing",2,9
7291,"bfkl equation",2,9
7292,"mediated supersymmetry",2,9
7293,"chiral multiplets",2,9
7294,"off forward",2,9
7295,"scherk schwarz mechanism",3,9
7296,"scaling violations",2,9
7297,"meson exchange interaction",3,9
7298,"deformed nuclei",2,9
7299,"spacetime supersymmetry",2,9
7300,"accelerating structures",2,9
7301,"ramond flux",2,9
7302,"open string theory",3,9
7303,"fractional branes",2,9
7304,"type iib supergravity solutions",4,9
7305,"bps equations",2,9
7306,"type iia string theory",4,9
7307,"tachyon matter",2,9
7308,"entropy production rate",3,8
7309,"l1 l2",2,8
7310,"disjoint union",2,8
7311,"ideal bose gas",3,8
7312,"normal ordered",2,8
7313,"algebro geometric",2,8
7314,"blowing up",2,8
7315,"geometrical optics",2,8
7316,"cauchy surface",2,8
7317,"relative sizes",2,8
7318,"dependent variational",2,8
7319,"killing tensors",2,8
7320,"diagonal elements",2,8
7321,"singular vectors",2,8
7322,"laurent polynomials",2,8
7323,"quantized universal",2,8
7324,"symplectic reduction",2,8
7325,"limit theorems",2,8
7326,"affine weyl group",3,8
7327,"toda equation",2,8
7328,"orthogonal ensemble",2,8
7329,"rotor model",2,8
7330,"hypergeometric functions",2,8
7331,"closed subspaces",2,8
7332,"obtain explicit formula",3,8
7333,"adjoint operators",2,8
7334,"wdvv equations",2,8
7335,"superfield formalism",2,8
7336,"random matrix integrals",3,8
7337,"frobenius manifold",2,8
7338,"proper interpretation",2,8
7339,"jacobi fields",2,8
7340,"recurrence relations",2,8
7341,"disorder averaged",2,8
7342,"alternative definition",2,8
7343,"cuntz algebra",2,8
7344,"small deformations",2,8
7345,"hall system",2,8
7346,"jacobi matrices",2,8
7347,"quantum langevin",2,8
7348,"spontaneous symmetry breakdown",3,8
7349,"spectral energy levels",3,8
7350,"automorphism groups",2,8
7351,"non relativistic electrons",3,8
7352,"intertwining operators",2,8
7353,"unbounded operators",2,8
7354,"xxz chain",2,8
7355,"reflection component",2,8
7356,"infrared divergence",2,8
7357,"unknown functions",2,8
7358,"geometrical formulation",2,8
7359,"chern class",2,8
7360,"canonical commutation relations",3,8
7361,"dimension 1d",2,8
7362,"associative algebras",2,8
7363,"bond lengths",2,8
7364,"commutative rings",2,8
7365,"generator coordinate",2,8
7366,"ideally suited",2,8
7367,"random environment",2,8
7368,"probability density matrix",3,8
7369,"continuous unitary",2,8
7370,"probability density matrices",3,8
7371,"off diagonal elements",3,8
7372,"electronic wavefunctions",2,8
7373,"mechanical description",2,8
7374,"parametric amplifier",2,8
7375,"dirac hamiltonian",2,8
7376,"tensor powers",2,8
7377,"superposition principle",2,8
7378,"functional forms",2,8
7379,"time delays",2,8
7380,"quantum mechanics qm",3,8
7381,"de broglie wavelength",3,8
7382,"nonrelativistic quantum mechanics",3,8
7383,"non relativistic corrections",3,8
7384,"two dimensional subspace",3,8
7385,"topological nature",2,8
7386,"quantum key distribution",3,8
7387,"greenberger horne zeilinger ghz",4,8
7388,"polarization operator",2,8
7389,"state tomography",2,8
7390,"complete reconstruction",2,8
7391,"bohmian trajectories",2,8
7392,"suitably chosen",2,8
7393,"fractional quantum",2,8
7394,"free abelian",2,8
7395,"state discrimination",2,8
7396,"algebraic realization",2,8
7397,"schroedinger equations",2,8
7398,"coherent superposition",2,8
7399,"dressed states",2,8
7400,"model categories",2,8
7401,"genuine three",2,8
7402,"spin squeezing",2,8
7403,"markovian approximation",2,8
7404,"pacs number",2,8
7405,"feasible scheme",2,8
7406,"polarization entanglement",2,8
7407,"jaynes cummings",2,8
7408,"nonextensive entropy",2,8
7409,"single valued",2,8
7410,"realistic situations",2,8
7411,"single mode coupling",3,8
7412,"greenberger horne zeilinger",3,8
7413,"poissonian statistics",2,8
7414,"hess philipp",2,8
7415,"adiabatic condition",2,8
7416,"naturally occurring",2,8
7417,"transverse ising model",3,8
7418,"probability densities",2,8
7419,"damped oscillations",2,8
7420,"three body problem",3,8
7421,"length scale structure",3,8
7422,"quantum cloning",2,8
7423,"surface plasmon",2,8
7424,"classical bits",2,8
7425,"parametric resonance",2,8
7426,"destructive interference",2,8
7427,"induced transparency",2,8
7428,"multi party",2,8
7429,"cryptographic protocols",2,8
7430,"laser power",2,8
7431,"higher sensitivity",2,8
7432,"spontaneous decay",2,8
7433,"experimental feasibility",2,8
7434,"resonance fluorescence",2,8
7435,"helium atom",2,8
7436,"materials science",2,8
7437,"reason why",2,8
7438,"quantum jumps",2,8
7439,"rb atoms",2,8
7440,"phase gate",2,8
7441,"quantum search algorithm",3,8
7442,"marginal distributions",2,8
7443,"vanishingly small",2,8
7444,"pre main",2,8
7445,"invariant under rotations",3,8
7446,"stimulated raman",2,8
7447,"lp norms",2,8
7448,"earlier claims",2,8
7449,"separable approximation",2,8
7450,"fully covariant",2,8
7451,"once again",2,8
7452,"physical significance",2,8
7453,"oscillator potential",2,8
7454,"local density matrix",3,8
7455,"data exclude",2,8
7456,"decreases exponentially",2,8
7457,"cw complex",2,8
7458,"ultra short",2,8
7459,"quantum information gain",3,8
7460,"characteristic time scale",3,8
7461,"unified formalism",2,8
7462,"overview over",2,8
7463,"few seconds",2,8
7464,"relations hold",2,8
7465,"switched off",2,8
7466,"loschmidt echo",2,8
7467,"modern physics",2,8
7468,"aging phenomena",2,8
7469,"physically transparent",2,8
7470,"separable hilbert space",3,8
7471,"excitonic states",2,8
7472,"macroscopic bodies",2,8
7473,"fixed frequency",2,8
7474,"management system",2,8
7475,"detailed derivation",2,8
7476,"well founded",2,8
7477,"free subspace",2,8
7478,"least half",2,8
7479,"circuit model",2,8
7480,"triplet superconductors",2,8
7481,"absorbing states",2,8
7482,"geometric invariants",2,8
7483,"correctly reproduce",2,8
7484,"travelling wave",2,8
7485,"time reversal invariance",3,8
7486,"turned off",2,8
7487,"hilbert action",2,8
7488,"rapid collapse",2,8
7489,"finite dimensional hilbert space",4,8
7490,"electron hole pairs",3,8
7491,"related topics",2,8
7492,"weak coupling constant",3,8
7493,"matched filtering",2,8
7494,"source drain",2,8
7495,"saturation level",2,8
7496,"kaon system",2,8
7497,"crystal axes",2,8
7498,"explicit analytical",2,8
7499,"information gain",2,8
7500,"singular perturbation",2,8
7501,"human being",2,8
7502,"integration free",2,8
7503,"field theory eft",3,8
7504,"central parts",2,8
7505,"naive approach",2,8
7506,"analytic description",2,8
7507,"vortex solid",2,8
7508,"angle resolved photoemission",3,8
7509,"zn doped",2,8
7510,"de haas effect",3,8
7511,"string frame",2,8
7512,"normal fluid",2,8
7513,"blockade peak",2,8
7514,"substantially over",2,8
7515,"double exchange coupling",3,8
7516,"generalized heisenberg",2,8
7517,"normal metal insulator",3,8
7518,"molecular orbitals",2,8
7519,"trapped inside",2,8
7520,"ll mixing",2,8
7521,"composite fermion",2,8
7522,"surface impedance",2,8
7523,"easy plane",2,8
7524,"function pdf",2,8
7525,"structural glasses",2,8
7526,"spin glass transition",3,8
7527,"colloidal systems",2,8
7528,"competing orders",2,8
7529,"non equilibrium situations",3,8
7530,"electron hole doped",3,8
7531,"rigorous result",2,8
7532,"fermionic degrees",2,8
7533,"highly correlated",2,8
7534,"reflection amplitude",2,8
7535,"charging energy",2,8
7536,"coulomb blockade regime",3,8
7537,"self energy levels",3,8
7538,"shot noise suppression",3,8
7539,"carrier density",2,8
7540,"co existing",2,8
7541,"angle resolved",2,8
7542,"cellular automata model",3,8
7543,"edge singularity",2,8
7544,"partial differential",2,8
7545,"detailed quantitative",2,8
7546,"transfer matrix models",3,8
7547,"finite extent",2,8
7548,"nearly isotropic",2,8
7549,"finite area",2,8
7550,"growth mode",2,8
7551,"probability distribution functions",3,8
7552,"below tc superconductors",3,8
7553,"bcs type",2,8
7554,"experimental data indicate",3,8
7555,"photoluminescence pl",2,8
7556,"substantial reduction",2,8
7557,"two dimensional xy model",4,8
7558,"dc bias",2,8
7559,"semiconductor superlattices",2,8
7560,"nearly linear",2,8
7561,"andreev bound states",3,8
7562,"stm measurements",2,8
7563,"vortex cores",2,8
7564,"density functional theory dft",4,8
7565,"liquid crystals",2,8
7566,"boltzmann factor",2,8
7567,"folding process",2,8
7568,"non monotonic",2,8
7569,"effective hamiltonian systems",3,8
7570,"inter layer",2,8
7571,"resolved photoemission",2,8
7572,"friedel oscillations",2,8
7573,"phase boundary conditions",3,8
7574,"perovskite type",2,8
7575,"number conserving",2,8
7576,"under pressure induced",3,8
7577,"spin singlet ground state",4,8
7578,"purely perturbative",2,8
7579,"longitudinal direction",2,8
7580,"frustration induced",2,8
7581,"statistical accuracy",2,8
7582,"polymer films",2,8
7583,"organic conductors",2,8
7584,"gaussian unitary",2,8
7585,"parent population",2,8
7586,"hydrogen bonded",2,8
7587,"time dependent ginzburg landau",4,8
7588,"bedt ttf",2,8
7589,"state potts models",3,8
7590,"mg al",2,8
7591,"coordination number",2,8
7592,"spin-1 heisenberg model",3,8
7593,"stock prices",2,8
7594,"price fluctuations",2,8
7595,"combined action",2,8
7596,"alpha approx",2,8
7597,"glass phase transition",3,8
7598,"power law tail",3,8
7599,"edwards anderson",2,8
7600,"transverse spin polarized",3,8
7601,"random sequential",2,8
7602,"intrinsic characterization",2,8
7603,"charge transport properties",3,8
7604,"magnetization plateau",2,8
7605,"pair contact",2,8
7606,"activation energies",2,8
7607,"correlate well",2,8
7608,"iteration procedure",2,8
7609,"dimensional ising model",3,8
7610,"co doped anatase",3,8
7611,"glass forming",2,8
7612,"gravitating systems",2,8
7613,"organic superconductors",2,8
7614,"propto exp",2,8
7615,"momentum map",2,8
7616,"holstein model",2,8
7617,"kagome lattice",2,8
7618,"heavy fermion compound",3,8
7619,"exponents nu",2,8
7620,"ginzburg landau parameters",3,8
7621,"quarter filling",2,8
7622,"sharp change",2,8
7623,"nu alpha",2,8
7624,"ensemble averaged",2,8
7625,"nontrivial dependence",2,8
7626,"stock price",2,8
7627,"epidemic threshold",2,8
7628,"longitudinal polarization",2,8
7629,"screened coulomb potential",3,8
7630,"energy density profiles",3,8
7631,"loss occurs",2,8
7632,"electrons responsible",2,8
7633,"two leg",2,8
7634,"suppression factors",2,8
7635,"lognormal distribution",2,8
7636,"wide field theory",3,8
7637,"orbital ordering",2,8
7638,"bethe lattice",2,8
7639,"superfluid 3he",2,8
7640,"recovered after",2,8
7641,"confining interaction",2,8
7642,"generalized gradient",2,8
7643,"local conservation",2,8
7644,"random phase space",3,8
7645,"double helix",2,8
7646,"valence electrons",2,8
7647,"electrons moving",2,8
7648,"elastic neutron scattering",3,8
7649,"moderately large",2,8
7650,"collinear spin",2,8
7651,"curie like",2,8
7652,"cylindrical symmetry",2,8
7653,"fermi statistics",2,8
7654,"first order disorder",3,8
7655,"hydrostatic pressure",2,8
7656,"conductivity spectra",2,8
7657,"elastic modulus",2,8
7658,"drops below",2,8
7659,"atomic gases",2,8
7660,"damping mechanism",2,8
7661,"graphite samples",2,8
7662,"metal insulator transitions",3,8
7663,"decreasing temperature dependence",3,8
7664,"complex ginzburg landau",3,8
7665,"homogeneous magnetic",2,8
7666,"njl model",2,8
7667,"pinned vortex",2,8
7668,"magnetization process",2,8
7669,"electrical resistivity measurements",3,8
7670,"vortex formation",2,8
7671,"potts models",2,8
7672,"beta decay rates",3,8
7673,"doping concentration",2,8
7674,"correlates well",2,8
7675,"sine gordon models",3,8
7676,"normal spiral",2,8
7677,"detailed modeling",2,8
7678,"gate voltages",2,8
7679,"training set",2,8
7680,"photoemission spectroscopy",2,8
7681,"anomalous hall effect",3,8
7682,"random phase diagram",3,8
7683,"kadanoff baym",2,8
7684,"non equilibrium statistical",3,8
7685,"qualitative change",2,8
7686,"excellent description",2,8
7687,"hamiltonian constraint",2,8
7688,"reasonable description",2,8
7689,"les houches",2,8
7690,"orbit coupling",2,8
7691,"spin triplet",2,8
7692,"gap formation",2,8
7693,"approximate formula",2,8
7694,"spontaneous formation",2,8
7695,"viscous dissipation",2,8
7696,"simple analytical expressions",3,8
7697,"formation activity",2,8
7698,"preferential attachment",2,8
7699,"amorphous silicon",2,8
7700,"single vortex",2,8
7701,"optimal value",2,8
7702,"discrete valuation",2,8
7703,"five loop",2,8
7704,"brownian dynamics",2,8
7705,"frequencies below",2,8
7706,"virial equilibrium",2,8
7707,"single electron phonon",3,8
7708,"e6 e7",2,8
7709,"holomorphic curve",2,8
7710,"wznw model",2,8
7711,"jones polynomial",2,8
7712,"conical singularities",2,8
7713,"regular local ring",3,8
7714,"perverse sheaves",2,8
7715,"galois extensions",2,8
7716,"reductive algebraic",2,8
7717,"quantum cohomology",2,8
7718,"riemann zeta function",3,8
7719,"langlands correspondence",2,8
7720,"pour les",2,8
7721,"boundary knot",2,8
7722,"generated subgroup",2,8
7723,"mckay correspondence",2,8
7724,"finitely generated modules over",4,8
7725,"normal crossing",2,8
7726,"compactification radius",2,8
7727,"banach algebras",2,8
7728,"enveloping algebra",2,8
7729,"special lagrangian submanifolds",3,8
7730,"partial answer",2,8
7731,"conserved quantity",2,8
7732,"qualitative behaviour",2,8
7733,"picard number",2,8
7734,"highest weight module",3,8
7735,"convex polytope",2,8
7736,"newton polygon",2,8
7737,"generating functional",2,8
7738,"zeta values",2,8
7739,"quantum tunnelling",2,8
7740,"unit circle",2,8
7741,"graded rings",2,8
7742,"simplicial complexes",2,8
7743,"exponent zeta",2,8
7744,"l2 norm",2,8
7745,"data collection",2,8
7746,"stability criteria",2,8
7747,"geodesic flow",2,8
7748,"real roots",2,8
7749,"reduced proper",2,8
7750,"velocity vector",2,8
7751,"emission comes",2,8
7752,"plane waves propagating",3,8
7753,"propositional logic",2,8
7754,"line broadening",2,8
7755,"off center",2,8
7756,"polynomial rings",2,8
7757,"polarization phenomena",2,8
7758,"left over",2,8
7759,"nucleon systems",2,8
7760,"initial correlations",2,8
7761,"evaporative cooling",2,8
7762,"energy output",2,8
7763,"simplified version",2,8
7764,"manifestly covariant",2,8
7765,"momentum distribution function",3,8
7766,"rapid change",2,8
7767,"leading edge",2,8
7768,"simplifying assumptions",2,8
7769,"distributed computing",2,8
7770,"minimum weight",2,8
7771,"prior information",2,8
7772,"evolutionary processes",2,8
7773,"computational effort",2,8
7774,"soliton like",2,8
7775,"excited fermions",2,8
7776,"short time evolution",3,8
7777,"ferromagnetic electrodes",2,8
7778,"quantitative understanding",2,8
7779,"double exchange interaction",3,8
7780,"delta ij",2,8
7781,"screening mass",2,8
7782,"arguments suggest",2,8
7783,"lax operator",2,8
7784,"small amounts",2,8
7785,"critical temperature superconductors",3,8
7786,"cft description",2,8
7787,"twisted sector",2,8
7788,"energy momentum transfer",3,8
7789,"momentum fraction",2,8
7790,"ns three",2,8
7791,"now clear",2,8
7792,"parameters inferred",2,8
7793,"full width",2,8
7794,"hydrodynamic flows",2,8
7795,"characteristic length scale",3,8
7796,"parallel computer simulations",3,8
7797,"reaction diffusion equation",3,8
7798,"similar phenomena",2,8
7799,"phase locked",2,8
7800,"quadrupole oscillations",2,8
7801,"strongly affects",2,8
7802,"dual superconductor",2,8
7803,"gauge theory side",3,8
7804,"triplet splitting",2,8
7805,"dilemma game",2,8
7806,"model independent components",3,8
7807,"dual descriptions",2,8
7808,"valve effect",2,8
7809,"surface density profiles",3,8
7810,"power law continuum",3,8
7811,"intensity ratio",2,8
7812,"limit cycles",2,8
7813,"luttinger liquids",2,8
7814,"rpa calculations",2,8
7815,"nonlinear realizations",2,8
7816,"low energy distribution",3,8
7817,"topological string",2,8
7818,"incident beam",2,8
7819,"heuristic approach",2,8
7820,"maximum amplitude",2,8
7821,"coupled map lattices",3,8
7822,"terahertz thz",2,8
7823,"isolated neutron stars",3,8
7824,"fornax cluster",2,8
7825,"decline rate",2,8
7826,"available data sets",3,8
7827,"hubble time evolution",3,8
7828,"clump stars",2,8
7829,"galactic chemical",2,8
7830,"survey 2mass",2,8
7831,"chandra letg",2,8
7832,"uv photons",2,8
7833,"sky survey rass",3,8
7834,"infrared space telescope",3,8
7835,"nuclear ring",2,8
7836,"compact radio emission",3,8
7837,"pulsar wind",2,8
7838,"differentially rotating",2,8
7839,"stis data",2,8
7840,"dense molecular clouds",3,8
7841,"ram pressure",2,8
7842,"iram 30m",2,8
7843,"near infrared imaging survey",4,8
7844,"mixing length",2,8
7845,"standard big bang",3,8
7846,"spectral energy spectrum",3,8
7847,"emission line fluxes",3,8
7848,"dark ages",2,8
7849,"pulse timing",2,8
7850,"single epoch",2,8
7851,"binaries containing",2,8
7852,"energy density rho",3,8
7853,"supernova remnants snrs",3,8
7854,"pick up",2,8
7855,"magnetorotational instability mri",3,8
7856,"mauna kea",2,8
7857,"galactic halos",2,8
7858,"energy cosmic ray",3,8
7859,"compton reflection",2,8
7860,"hubble deep field",3,8
7861,"line driven winds",3,8
7862,"isothermal spheres",2,8
7863,"pulsation modes",2,8
7864,"pseudo newtonian potential",3,8
7865,"higher redshifts",2,8
7866,"stellar population synthesis models",4,8
7867,"body forces",2,8
7868,"thermal bremsstrahlung",2,8
7869,"cardassian expansion",2,8
7870,"east west",2,8
7871,"sn ejecta",2,8
7872,"material ejected",2,8
7873,"centrally concentrated",2,8
7874,"planetary transit",2,8
7875,"tidal tails",2,8
7876,"halpha emission line",3,8
7877,"ejected during",2,8
7878,"own galaxy",2,8
7879,"cosmological timescales",2,8
7880,"solar interior",2,8
7881,"empirical relation",2,8
7882,"considerably higher",2,8
7883,"bolometric luminosities",2,8
7884,"type ii supernovae",3,8
7885,"ultraviolet spectroscopic data",3,8
7886,"abundance ratio",2,8
7887,"foreground emission",2,8
7888,"spectroscopic binary",2,8
7889,"millimeter array",2,8
7890,"stellar nucleosynthesis",2,8
7891,"short summary",2,8
7892,"binary companions",2,8
7893,"planetary nebulae pne",3,8
7894,"circularly polarized",2,8
7895,"northern hemisphere",2,8
7896,"near infrared colors",3,8
7897,"hierarchical galaxy formation",3,8
7898,"red giant stars",3,8
7899,"graduate students",2,8
7900,"white dwarf cooling",3,8
7901,"tauri stars",2,8
7902,"detection rates",2,8
7903,"quiet quasars",2,8
7904,"gemini north",2,8
7905,"confidence intervals",2,8
7906,"power spectrum estimation",3,8
7907,"compact companion",2,8
7908,"zel dovich",2,8
7909,"profile variations",2,8
7910,"spiral galaxy formation",3,8
7911,"low mass spectrum",3,8
7912,"emitting material",2,8
7913,"entropy floor",2,8
7914,"target stars",2,8
7915,"turbulent ism",2,8
7916,"tully fisher",2,8
7917,"three epochs",2,8
7918,"hot big bang",3,8
7919,"massive star formation",3,8
7920,"afterglow light curves",3,8
7921,"hydrodynamical models",2,8
7922,"optically faint",2,8
7923,"ms chandra deep field north survey",6,8
7924,"half life",2,8
7925,"middle aged",2,8
7926,"metric perturbation",2,8
7927,"seven objects",2,8
7928,"classical nova",2,8
7929,"am her",2,8
7930,"egret data",2,8
7931,"semi empirical",2,8
7932,"secondary bar",2,8
7933,"large scale structure lss",4,8
7934,"sequence stars",2,8
7935,"delta scuti",2,8
7936,"late stages",2,8
7937,"population synthesis models",3,8
7938,"hot horizontal",2,8
7939,"mode identification",2,8
7940,"photon imaging",2,8
7941,"mach number",2,8
7942,"coronal heating",2,8
7943,"accreted material",2,8
7944,"red edge",2,8
7945,"project aimed",2,8
7946,"infrared photometry",2,8
7947,"eclipse mapping",2,8
7948,"exciting new physics",3,8
7949,"strong gravitational lensing",3,8
7950,"gro j1655-40",2,8
7951,"slope alpha",2,8
7952,"egret sources",2,8
7953,"sigma8 omegam",2,8
7954,"solar photospheric",2,8
7955,"cold dust",2,8
7956,"inverse square law",3,8
7957,"toward equilibrium",2,8
7958,"braneworld models",2,8
7959,"normal nuclear",2,8
7960,"collecting area",2,8
7961,"eclipsing binary system",3,8
7962,"weak scale structure",3,8
7963,"coalescence model",2,8
7964,"spectral indices",2,8
7965,"brightest objects",2,8
7966,"index gamma",2,8
7967,"infrared imaging",2,8
7968,"brightness variations",2,8
7969,"primary bar",2,8
7970,"spiral galaxy ngc",3,8
7971,"epic pn",2,8
7972,"galaxy samples",2,8
7973,"rough estimate",2,8
7974,"two body simulations",3,8
7975,"neutrino emission",2,8
7976,"luminous matter",2,8
7977,"william herschel telescope",3,8
7978,"halo merger",2,8
7979,"weak scale factor",3,8
7980,"few ev",2,8
7981,"local density fluctuations",3,8
7982,"mm wavelengths",2,8
7983,"andromeda galaxy",2,8
7984,"ir imaging",2,8
7985,"inflationary epoch",2,8
7986,"particles per",2,8
7987,"black hole mass accretion",4,8
7988,"sunyaev zeldovich effect",3,8
7989,"impact factor",2,8
7990,"scale jets",2,8
7991,"iram 30-m",2,8
7992,"osp 2n",2,8
7993,"graded ring",2,8
7994,"arithmetic groups",2,8
7995,"seiberg witten invariants",3,8
7996,"connected varieties",2,8
7997,"projective varieties",2,8
7998,"brst formalism",2,8
7999,"produce enough",2,8
8000,"lebesgue measure",2,8
8001,"self avoiding walks",3,8
8002,"fibonacci numbers",2,8
8003,"monomial ideals",2,8
8004,"affine lie algebra",3,8
8005,"injectivity radius",2,8
8006,"bounded domain",2,8
8007,"poisson process",2,8
8008,"topological objects",2,8
8009,"homoclinic orbits",2,8
8010,"connected sum",2,8
8011,"event horizons",2,8
8012,"rotational invariance",2,8
8013,"group flows",2,8
8014,"duality relations",2,8
8015,"affine weyl",2,8
8016,"homology spheres",2,8
8017,"empty set",2,8
8018,"least two components",3,8
8019,"poincare duality",2,8
8020,"action functional",2,8
8021,"generic initial",2,8
8022,"dual pair",2,8
8023,"beam driven",2,8
8024,"flavour structure",2,8
8025,"toda hierarchy",2,8
8026,"next linear",2,8
8027,"vortex solutions",2,8
8028,"world average",2,8
8029,"sub dominant",2,8
8030,"short time scales",3,8
8031,"shape variables",2,8
8032,"drag force",2,8
8033,"variational perturbation",2,8
8034,"self energies",2,8
8035,"kinetic energy density",3,8
8036,"ion collisions",2,8
8037,"inertial range",2,8
8038,"anisotropic flow",2,8
8039,"oscillation phenomena",2,8
8040,"interpolating fields",2,8
8041,"component dominates",2,8
8042,"yukawa interactions",2,8
8043,"temperature anisotropies",2,8
8044,"light bottom",2,8
8045,"topological charge density",3,8
8046,"isothermal gas",2,8
8047,"line element",2,8
8048,"hubble expansion",2,8
8049,"entropy bounds",2,8
8050,"ricci flat space",3,8
8051,"stationary points",2,8
8052,"loop integrals",2,8
8053,"quantization procedure",2,8
8054,"heat kernel coefficients",3,8
8055,"regular initial data",3,8
8056,"angles theta",2,8
8057,"spectroscopically confirmed",2,8
8058,"expansion history",2,8
8059,"brightest cluster",2,8
8060,"standard candles",2,8
8061,"triggered star",2,8
8062,"relative abundance",2,8
8063,"outer envelope",2,8
8064,"electron neutrino mass",3,8
8065,"effelsberg 100-m",2,8
8066,"chandra hetgs",2,8
8067,"high energy cosmic ray emission",5,8
8068,"dispersion spectrograph",2,8
8069,"oxygen abundance",2,8
8070,"galactic scales",2,8
8071,"faint companion",2,8
8072,"dust particles",2,8
8073,"strongly constrain",2,8
8074,"near infrared spectra",3,8
8075,"radiation damage",2,8
8076,"neutrino telescope",2,8
8077,"core radii",2,8
8078,"gw signal",2,8
8079,"australia telescope",2,8
8080,"crab nebula",2,8
8081,"vlt isaac",2,8
8082,"hubble flow",2,8
8083,"hubble space telescope hst",4,8
8084,"mass accretion disk",3,8
8085,"super soft",2,8
8086,"ray luminosity temperature",3,8
8087,"magnetic dipole moment",3,8
8088,"total angular",2,8
8089,"v838 mon",2,8
8090,"sea level",2,8
8091,"pure neutron",2,8
8092,"star collaboration",2,8
8093,"embedded young",2,8
8094,"kinematical range",2,8
8095,"absolute scale",2,8
8096,"collapsing universe",2,8
8097,"four point correlation functions",4,8
8098,"seconds after",2,8
8099,"low energy cosmic ray",4,8
8100,"strong gravitational collapse",3,8
8101,"tracking system",2,8
8102,"radio fluxes",2,8
8103,"mev c2",2,8
8104,"collective flow",2,8
8105,"current correlators",2,8
8106,"lambda he",2,8
8107,"boson decaying",2,8
8108,"lambda phi4",2,8
8109,"dilaton black holes",3,8
8110,"gauge invariant mass",3,8
8111,"wormhole solutions",2,8
8112,"anisotropic bianchi",2,8
8113,"scalar field configurations",3,8
8114,"numerical relativity",2,8
8115,"spatial sections",2,8
8116,"non uniqueness theorem",3,8
8117,"integral formalism",2,8
8118,"extended supergravity",2,8
8119,"brane antibrane systems",3,8
8120,"negative tension branes",3,8
8121,"ordinary matter fields",3,8
8122,"warp factors",2,8
8123,"null geodesic",2,8
8124,"positive cosmological horizon",3,8
8125,"thermodynamical properties",2,8
8126,"supersymmetric extensions",2,8
8127,"doubly special relativity",3,8
8128,"brane worlds",2,8
8129,"2pi effective action",3,8
8130,"half lives",2,8
8131,"de sitter spacetime",3,8
8132,"rotating strings",2,8
8133,"near horizon geometry",3,8
8134,"precise determinations",2,8
8135,"nucleon scattering processes",3,8
8136,"next five",2,8
8137,"dirac sea",2,8
8138,"upsilon 1s",2,8
8139,"h1 detector",2,8
8140,"fractions br",2,8
8141,"million hadronic",2,8
8142,"minimum bias",2,8
8143,"atmospheric neutrino oscillations",3,8
8144,"c.l upper limit",3,8
8145,"pi nu bar",3,8
8146,"hadronic z0 decays",3,8
8147,"photon virtuality",2,8
8148,"neutrino nucleon scattering",3,8
8149,"million bb",2,8
8150,"4s resonance",2,8
8151,"susy searches",2,8
8152,"kekb asymmetric energy distribution",4,8
8153,"charm photoproduction",2,8
8154,"deep inelastic scattering processes",4,8
8155,"bd mixing",2,8
8156,"br b0",2,8
8157,"dilepton production",2,8
8158,"sigma meson decays",3,8
8159,"interaction vertices",2,8
8160,"bottom quark",2,8
8161,"test facility",2,8
8162,"light flavors",2,8
8163,"neutrino factory",2,8
8164,"delta ms",2,8
8165,"ckm matrix element",3,8
8166,"k0 pi",2,8
8167,"phi ks",2,8
8168,"tau lepton flavor violating",4,8
8169,"collision centrality",2,8
8170,"ckm mixing matrix",3,8
8171,"lepton sector",2,8
8172,"quarks inside",2,8
8173,"phi meson production",3,8
8174,"pi0 production",2,8
8175,"pt charged hadrons",3,8
8176,"high tan beta",3,8
8177,"forward backward asymmetries",3,8
8178,"parton density",2,8
8179,"neutron electric",2,8
8180,"relativistic kinematics",2,8
8181,"vector dominance",2,8
8182,"get masses",2,8
8183,"instanton size",2,8
8184,"yukawa type",2,8
8185,"axial vector currents",3,8
8186,"color octet",2,8
8187,"static quark",2,8
8188,"instanton liquid",2,8
8189,"strange quark masses",3,8
8190,"tadpole diagrams",2,8
8191,"finite baryon",2,8
8192,"reparameterization invariance",2,8
8193,"delta isobar",2,8
8194,"fragment production",2,8
8195,"giant resonances",2,8
8196,"outgoing protons",2,8
8197,"sps energies",2,8
8198,"reaction pd",2,8
8199,"proton emission",2,8
8200,"nc expansion",2,8
8201,"exponential suppression",2,8
8202,"fixing procedure",2,8
8203,"cd bonn",2,8
8204,"nn potentials",2,8
8205,"leading order nnlo",3,8
8206,"nn potential",2,8
8207,"effective mass matrices",3,8
8208,"meson electroproduction",2,8
8209,"sea quark",2,8
8210,"lightest kaluza klein",3,8
8211,"neutrinoless double degenerate",3,8
8212,"violating couplings",2,8
8213,"lhc energies",2,8
8214,"pole structure",2,8
8215,"gluon fields",2,8
8216,"modern realistic",2,8
8217,"noncommutativity parameter theta",3,8
8218,"dense quark",2,8
8219,"collinear effective",2,8
8220,"nonleptonic decays",2,8
8221,"noncommutative spacetime",2,8
8222,"m1 m2 m3",3,8
8223,"via leptogenesis",2,8
8224,"large nc limit",3,8
8225,"neutrino mixing angles",3,8
8226,"non supersymmetric standard",3,8
8227,"odd correlations",2,8
8228,"gluon saturation",2,8
8229,"differential decay rates",3,8
8230,"violation lfv",2,8
8231,"scalar qed",2,8
8232,"hard exclusive processes",3,8
8233,"neutrino factories",2,8
8234,"three nucleon interaction",3,8
8235,"statistical hadronization",2,8
8236,"master integrals",2,8
8237,"predictive power",2,8
8238,"model mssm",2,8
8239,"virtual corrections",2,8
8240,"s1 z2 orbifold compactification",4,8
8241,"nlo corrections",2,8
8242,"wess zumino term",3,8
8243,"light cone over",3,8
8244,"linear dilaton",2,8
8245,"open superstring",2,8
8246,"noncommutative nc",2,8
8247,"modular invariance",2,8
8248,"horava witten",2,8
8249,"su wzw",2,8
8250,"neumann matrices",2,8
8251,"orientifold planes",2,8
8252,"d6-branes wrapped",2,8
8253,"superconformal symmetry",2,8
8254,"ghost number",2,8
8255,"bianchi identities",2,8
8256,"duality transformation",2,8
8257,"bps solitons",2,8
8258,"ads spaces",2,8
8259,"massless graviton",2,8
8260,"noncommutative yang mills",3,8
8261,"manifestly gauge theory",3,8
8262,"target spaces",2,8
8263,"iib string",2,8
8264,"rolling tachyon",2,8
8265,"de sitter vacua",3,8
8266,"type iia string",3,8
8267,"bmn limit",2,8
8268,"weak equivalence",2,7
8269,"double scaling limit",3,7
8270,"itzykson zuber",2,7
8271,"von neumann algebras",3,7
8272,"grand canonical ensembles",3,7
8273,"degenerate representations",2,7
8274,"dirac equation describing",3,7
8275,"external electric",2,7
8276,"korteweg de vries",3,7
8277,"asymmetric simple exclusion process",4,7
8278,"gaudin model",2,7
8279,"connes moscovici",2,7
8280,"priori assumptions",2,7
8281,"kinetic ising model",3,7
8282,"jacobi matrix",2,7
8283,"upper half plane",3,7
8284,"laurent series",2,7
8285,"antilinear symmetry",2,7
8286,"conjugate pairs",2,7
8287,"non hermitian hamiltonian",3,7
8288,"unruh effect",2,7
8289,"moving frames",2,7
8290,"naturally emerge",2,7
8291,"factorization property",2,7
8292,"alternating sign matrices",3,7
8293,"complete integrability",2,7
8294,"j2 j1",2,7
8295,"explicit realization",2,7
8296,"following topics",2,7
8297,"witten index",2,7
8298,"fibre bundle",2,7
8299,"newman penrose",2,7
8300,"renormalization group flows",3,7
8301,"kink solutions",2,7
8302,"iterated function",2,7
8303,"warped product",2,7
8304,"negatively curved",2,7
8305,"asymptotic formulae",2,7
8306,"periodic cyclic",2,7
8307,"physical reasons",2,7
8308,"kerr nonlinearity",2,7
8309,"tsallis nonextensive entropy",3,7
8310,"yang baxter equations",3,7
8311,"generalized riemann",2,7
8312,"anharmonic oscillator",2,7
8313,"obtain explicit solutions",3,7
8314,"commutation relation",2,7
8315,"complex projective spaces",3,7
8316,"space time interval",3,7
8317,"finite dimensional 1d",3,7
8318,"cosmological relevance",2,7
8319,"non compact riemannian manifold",4,7
8320,"square integrable",2,7
8321,"conditions imposed",2,7
8322,"riemann zeta",2,7
8323,"group sp",2,7
8324,"energy momentum tensors",3,7
8325,"arbitrarily weak",2,7
8326,"main issue",2,7
8327,"pt symmetry",2,7
8328,"linear subspace",2,7
8329,"dispersion laws",2,7
8330,"rigid body",2,7
8331,"strong gravitational potential",3,7
8332,"whole family",2,7
8333,"lotka volterra",2,7
8334,"ultraviolet cutoff",2,7
8335,"higgs field theory",3,7
8336,"fluid configurations",2,7
8337,"mutually orthogonal",2,7
8338,"probabilistic interpretation",2,7
8339,"normal ordering",2,7
8340,"two body forces",3,7
8341,"diophantine approximation",2,7
8342,"vlasov equation",2,7
8343,"nu alpha beta",3,7
8344,"quasi exactly",2,7
8345,"korteweg de vries equation",4,7
8346,"minimum uncertainty",2,7
8347,"riemann cartan",2,7
8348,"linear polymers",2,7
8349,"second chern",2,7
8350,"non commutativity",2,7
8351,"integro differential equation",3,7
8352,"geometric phases",2,7
8353,"unifying framework",2,7
8354,"anthropic principle",2,7
8355,"bell type inequalities",3,7
8356,"quantum rotor",2,7
8357,"theoretic interpretation",2,7
8358,"charge qubits",2,7
8359,"classically chaotic systems",3,7
8360,"decoherence free",2,7
8361,"order parameter omega",3,7
8362,"entanglement distillation",2,7
8363,"singular potentials",2,7
8364,"mach zehnder",2,7
8365,"specific frequency",2,7
8366,"narrow bandwidth",2,7
8367,"sub poissonian",2,7
8368,"hadamard gate",2,7
8369,"pumping mechanism",2,7
8370,"via feedback",2,7
8371,"squeezed state",2,7
8372,"long living",2,7
8373,"quantum computers",2,7
8374,"non detections",2,7
8375,"leave invariant",2,7
8376,"riccati equation",2,7
8377,"indistinguishable particles",2,7
8378,"distillable entanglement",2,7
8379,"field strengths",2,7
8380,"morse potential",2,7
8381,"theory offers",2,7
8382,"topos theory",2,7
8383,"continuous time dependent",3,7
8384,"einstein podolsky rosen",3,7
8385,"grows exponentially",2,7
8386,"atom interferometry",2,7
8387,"feedback scheme",2,7
8388,"summing up",2,7
8389,"least action",2,7
8390,"molecular beam",2,7
8391,"count rate",2,7
8392,"parametric family",2,7
8393,"elementary gates",2,7
8394,"building block",2,7
8395,"mapping procedure",2,7
8396,"intensity correlations",2,7
8397,"technical details",2,7
8398,"noncommutative probability",2,7
8399,"higher efficiency",2,7
8400,"practical implementations",2,7
8401,"under rotations",2,7
8402,"measurement outcomes",2,7
8403,"self adjoint extensions",3,7
8404,"dielectric resonators",2,7
8405,"mode coupling constant",3,7
8406,"distinctive feature",2,7
8407,"double slit",2,7
8408,"oscillation solutions",2,7
8409,"secret sharing",2,7
8410,"cross product",2,7
8411,"perfectly consistent",2,7
8412,"quantum logic gates",3,7
8413,"entropy per",2,7
8414,"nmr spectra",2,7
8415,"external trap",2,7
8416,"maximal entropy",2,7
8417,"external sources",2,7
8418,"observing time",2,7
8419,"epr correlations",2,7
8420,"atomic diffusion",2,7
8421,"channel capacity",2,7
8422,"partial restoration",2,7
8423,"particle duality",2,7
8424,"being almost",2,7
8425,"information capacity",2,7
8426,"quantum walk",2,7
8427,"strong restrictions",2,7
8428,"laser beams",2,7
8429,"phase locking",2,7
8430,"device applications",2,7
8431,"highly nontrivial",2,7
8432,"harmonic oscillator bath",3,7
8433,"noisy channels",2,7
8434,"quantization axis",2,7
8435,"rabi frequency",2,7
8436,"coupling constant lambda",3,7
8437,"level shifts",2,7
8438,"excess noise",2,7
8439,"first round",2,7
8440,"second lecture",2,7
8441,"non markovian",2,7
8442,"fourier decomposition",2,7
8443,"isotropic states",2,7
8444,"bogoliubov approximation",2,7
8445,"non interacting electrons",3,7
8446,"exact solvability",2,7
8447,"nature bf",2,7
8448,"microwave cavities",2,7
8449,"spectral type ii",3,7
8450,"single electron spins",3,7
8451,"high throughput",2,7
8452,"magnetic flux tubes",3,7
8453,"unconditionally secure",2,7
8454,"extreme conditions",2,7
8455,"convex hull",2,7
8456,"spin dephasing",2,7
8457,"well collimated",2,7
8458,"gaas alas",2,7
8459,"free subspaces",2,7
8460,"kramers degeneracy",2,7
8461,"auto correlation",2,7
8462,"end products",2,7
8463,"conceptual framework",2,7
8464,"sharp peaks",2,7
8465,"substantially reduced",2,7
8466,"superluminal velocities",2,7
8467,"tunneling barriers",2,7
8468,"quantum walks",2,7
8469,"instanton calculus",2,7
8470,"si inversion layers",3,7
8471,"leg ladder",2,7
8472,"dimensional electron systems",3,7
8473,"next nearest neighbor interactions",4,7
8474,"weighted average",2,7
8475,"high energy gap",3,7
8476,"cyclotron resonance",2,7
8477,"liquid sodium",2,7
8478,"dependent forces",2,7
8479,"ceramic samples",2,7
8480,"thick film",2,7
8481,"quantum hall regime",3,7
8482,"co doped",2,7
8483,"plastic deformation",2,7
8484,"tomonaga luttinger liquid",3,7
8485,"landauer formula",2,7
8486,"random hopping",2,7
8487,"mg 1-x al",3,7
8488,"direct numerical simulation",3,7
8489,"multivalent counterions",2,7
8490,"fulde ferrell",2,7
8491,"insulating behavior",2,7
8492,"taylor instability",2,7
8493,"mesoscopic devices",2,7
8494,"stripe states",2,7
8495,"atomic wires",2,7
8496,"metal nanowires",2,7
8497,"muon spin rotation",3,7
8498,"rheological properties",2,7
8499,"independent tests",2,7
8500,"negative differential",2,7
8501,"1-x al",2,7
8502,"debye temperature",2,7
8503,"single crystal samples",3,7
8504,"debye huckel",2,7
8505,"diluted magnetic semiconductors",3,7
8506,"flow resistivity",2,7
8507,"metallic ferromagnets",2,7
8508,"strongly influenced",2,7
8509,"copper oxide",2,7
8510,"ba cu",2,7
8511,"non isotropic",2,7
8512,"flux penetration",2,7
8513,"fermi gases",2,7
8514,"below ev",2,7
8515,"embedded defects",2,7
8516,"zone boundary",2,7
8517,"front speed",2,7
8518,"normal incidence",2,7
8519,"ray diffraction data",3,7
8520,"substantially lower",2,7
8521,"3d ising model",3,7
8522,"inverse amplitude",2,7
8523,"poisson geometry",2,7
8524,"optimal control problems",3,7
8525,"front propagation",2,7
8526,"numerical simulations indicate",3,7
8527,"molecular wires",2,7
8528,"quantum chemistry",2,7
8529,"differential imaging",2,7
8530,"homogeneous cooling",2,7
8531,"accurate representation",2,7
8532,"hole pairs",2,7
8533,"critical current density jc",4,7
8534,"heat data",2,7
8535,"la ca mno",3,7
8536,"layered systems",2,7
8537,"crystal orientation",2,7
8538,"dmrg calculations",2,7
8539,"nano size",2,7
8540,"ferromagnetic metal insulator transition",4,7
8541,"overdoped region",2,7
8542,"high tc cuprate superconductors",4,7
8543,"free energy landscape",3,7
8544,"eventually form",2,7
8545,"dynamic light scattering",3,7
8546,"viscosity parameter",2,7
8547,"exponential relaxation",2,7
8548,"magic nuclei",2,7
8549,"semiconductor structures",2,7
8550,"significance level",2,7
8551,"triplet pairing",2,7
8552,"gap nodes",2,7
8553,"molecular weight",2,7
8554,"small scale free network",4,7
8555,"structural transformation",2,7
8556,"bilayer splitting",2,7
8557,"gaas quantum wells",3,7
8558,"distance indicators",2,7
8559,"broad absorption",2,7
8560,"parent compound",2,7
8561,"practical calculations",2,7
8562,"virtual laboratory",2,7
8563,"cubic crystal structure",3,7
8564,"kullback leibler",2,7
8565,"continued fractions",2,7
8566,"size scaling limit",3,7
8567,"microwave spectroscopy",2,7
8568,"null hypothesis",2,7
8569,"fermi surface nesting",3,7
8570,"la 1-x",2,7
8571,"organic conductor",2,7
8572,"significant discrepancies",2,7
8573,"sharp drop",2,7
8574,"fluctuation modes",2,7
8575,"josephson vortices",2,7
8576,"constitutive relations",2,7
8577,"pseudogap region",2,7
8578,"non crossing",2,7
8579,"tunneling region",2,7
8580,"genetic algorithm",2,7
8581,"moderate temperatures",2,7
8582,"oppositely charged",2,7
8583,"salt concentration",2,7
8584,"triplet superconductor",2,7
8585,"point spread",2,7
8586,"striking feature",2,7
8587,"sinai model",2,7
8588,"single wall carbon nanotubes",4,7
8589,"multifractal spectrum",2,7
8590,"nontrivial topological",2,7
8591,"high temperatures below",3,7
8592,"translational invariance",2,7
8593,"ising spin",2,7
8594,"oxygen vacancies",2,7
8595,"supercooled liquid",2,7
8596,"raman spectra",2,7
8597,"path integral formulation",3,7
8598,"quasi stationary state",3,7
8599,"single wall carbon nanotube",4,7
8600,"yield stress",2,7
8601,"long josephson junctions",3,7
8602,"winding number",2,7
8603,"persistence length",2,7
8604,"spatial derivatives",2,7
8605,"linearized version",2,7
8606,"states ldos",2,7
8607,"oriented surface",2,7
8608,"staggered magnetization",2,7
8609,"particle species",2,7
8610,"empirical laws",2,7
8611,"bipartite graph",2,7
8612,"diffusion controlled",2,7
8613,"jahn teller distortion",3,7
8614,"melting transition",2,7
8615,"vortex liquid",2,7
8616,"connectivity distribution",2,7
8617,"error bounds",2,7
8618,"periodic array",2,7
8619,"main findings",2,7
8620,"unit length",2,7
8621,"nematic liquid crystalline",3,7
8622,"hopping parameter",2,7
8623,"circular dichroism",2,7
8624,"zn fe",2,7
8625,"gibbs measures",2,7
8626,"non uniform distribution",3,7
8627,"rational coefficients",2,7
8628,"kondo impurities",2,7
8629,"gaas quantum",2,7
8630,"nonequilibrium green function",3,7
8631,"free energy levels",3,7
8632,"reasonable estimates",2,7
8633,"configuration space time",3,7
8634,"log periodic",2,7
8635,"betweenness centrality",2,7
8636,"geodesic length",2,7
8637,"neutral atomic",2,7
8638,"contact process",2,7
8639,"kinetic energy distribution function",4,7
8640,"di dv",2,7
8641,"frequency distributions",2,7
8642,"friction force",2,7
8643,"mean field configurations",3,7
8644,"conformal mapping",2,7
8645,"gw approximation",2,7
8646,"old open",2,7
8647,"temperature superconductors",2,7
8648,"difference image",2,7
8649,"aharonov bohm flux",3,7
8650,"low energy levels",3,7
8651,"geometrical frustration",2,7
8652,"exchange bias",2,7
8653,"correlated disorder",2,7
8654,"colossal magnetoresistance manganites",3,7
8655,"integrability condition",2,7
8656,"diluted magnetic semiconductor",3,7
8657,"spatially modulated",2,7
8658,"heusler alloys",2,7
8659,"dynamic light",2,7
8660,"optical solitons",2,7
8661,"aging regime",2,7
8662,"absorption bands",2,7
8663,"initial mass ratio",3,7
8664,"dipolar interactions",2,7
8665,"ferromagnetic domains",2,7
8666,"relaxor ferroelectric",2,7
8667,"single walled carbon nanotube",4,7
8668,"deformed oscillator",2,7
8669,"effect transistor",2,7
8670,"gas phase transitions",3,7
8671,"activated dynamics",2,7
8672,"becomes clear",2,7
8673,"second derivatives",2,7
8674,"functional dependence",2,7
8675,"isotropic nematic",2,7
8676,"partially broken",2,7
8677,"individual spins",2,7
8678,"mixed valence",2,7
8679,"whispering gallery",2,7
8680,"ultra thin",2,7
8681,"under debate",2,7
8682,"fortuin kasteleyn",2,7
8683,"probability distribution function pdf",4,7
8684,"theoretical investigations",2,7
8685,"pinning centers",2,7
8686,"parameter characterizing",2,7
8687,"zero pressure",2,7
8688,"instant form",2,7
8689,"insulating phase",2,7
8690,"slave boson",2,7
8691,"non linear response",3,7
8692,"wall motion",2,7
8693,"lowest energies",2,7
8694,"scaling arguments",2,7
8695,"ionization rates",2,7
8696,"closed shell",2,7
8697,"srcu2 bo3",2,7
8698,"2d electrons",2,7
8699,"impact velocity",2,7
8700,"worm like",2,7
8701,"energetically favorable",2,7
8702,"low concentrations",2,7
8703,"highly excited states",3,7
8704,"ii superconductors",2,7
8705,"finite temperatures below",3,7
8706,"dephasing effect",2,7
8707,"pulsed laser",2,7
8708,"random matrix elements",3,7
8709,"functional renormalization",2,7
8710,"tunneling processes",2,7
8711,"bi2sr2cacu2o delta",2,7
8712,"nonequilibrium green",2,7
8713,"obey power law",3,7
8714,"antiferromagnetic heisenberg model",3,7
8715,"magnetically active",2,7
8716,"non zero mode",3,7
8717,"globally coupled",2,7
8718,"homogeneous nucleation",2,7
8719,"hubbard models",2,7
8720,"joint probability distribution",3,7
8721,"kdv hierarchy",2,7
8722,"similar arguments",2,7
8723,"log canonical",2,7
8724,"standard monomial",2,7
8725,"kontsevich integral",2,7
8726,"primitive elements",2,7
8727,"adic representations",2,7
8728,"completely bounded",2,7
8729,"odd integer",2,7
8730,"reshetikhin turaev",2,7
8731,"compact 3-manifold",2,7
8732,"grothendieck group",2,7
8733,"curvature invariants",2,7
8734,"taylor series",2,7
8735,"moduli stacks",2,7
8736,"heegaard genus",2,7
8737,"non compact lie groups",4,7
8738,"automorphic forms",2,7
8739,"ambient space",2,7
8740,"reductive groups",2,7
8741,"stability criterion",2,7
8742,"target manifold",2,7
8743,"pseudo riemannian metric",3,7
8744,"algebra uq",2,7
8745,"van den",2,7
8746,"sectional curvature",2,7
8747,"dirichlet boundary condition",3,7
8748,"verma modules",2,7
8749,"dimension eight",2,7
8750,"lorentzian signature",2,7
8751,"line nodes",2,7
8752,"shimura varieties",2,7
8753,"meromorphic functions",2,7
8754,"hilbert schemes",2,7
8755,"functorial properties",2,7
8756,"flag manifold",2,7
8757,"unit sphere",2,7
8758,"cm corresponding",2,7
8759,"isoperimetric inequality",2,7
8760,"pseudo riemannian manifold",3,7
8761,"cartan matrix",2,7
8762,"van kampen",2,7
8763,"wave character",2,7
8764,"integrable hamiltonian",2,7
8765,"unsolved problems",2,7
8766,"many worlds",2,7
8767,"qualitative difference",2,7
8768,"ergodic properties",2,7
8769,"coset space",2,7
8770,"explicit computations",2,7
8771,"confirmed experimentally",2,7
8772,"briefly outlined",2,7
8773,"stark effect",2,7
8774,"difference operator",2,7
8775,"transmission amplitude",2,7
8776,"strings moving",2,7
8777,"incompleteness theorem",2,7
8778,"special choice",2,7
8779,"constraint programming",2,7
8780,"after presenting",2,7
8781,"main ingredient",2,7
8782,"relational database",2,7
8783,"software tools",2,7
8784,"distributed throughout",2,7
8785,"software components",2,7
8786,"web pages",2,7
8787,"key step",2,7
8788,"crossing time",2,7
8789,"key project",2,7
8790,"fractal geometry",2,7
8791,"main emphasis",2,7
8792,"existing bounds",2,7
8793,"detailed discussion",2,7
8794,"speech recognition",2,7
8795,"main concern",2,7
8796,"transformation rules",2,7
8797,"nodal quasiparticles",2,7
8798,"radiation mechanisms",2,7
8799,"deterministic diffusion coefficient",3,7
8800,"being proportional",2,7
8801,"driven granular",2,7
8802,"renormalized perturbation theory",3,7
8803,"rotating bose einstein condensate",4,7
8804,"electron microscopy",2,7
8805,"canonical ensembles",2,7
8806,"brownian particles",2,7
8807,"space filling",2,7
8808,"general grounds",2,7
8809,"two pieces",2,7
8810,"spatially periodic",2,7
8811,"josephson coupling",2,7
8812,"long time interval",3,7
8813,"full characterization",2,7
8814,"self gravitating systems",3,7
8815,"largest lyapunov exponent",3,7
8816,"kramers kronig",2,7
8817,"harmonically trapped",2,7
8818,"saturation models",2,7
8819,"gas confined",2,7
8820,"molecular condensate",2,7
8821,"hole rich",2,7
8822,"absorbing phase transition",3,7
8823,"weak magnetism",2,7
8824,"single species",2,7
8825,"van hove",2,7
8826,"codes over",2,7
8827,"ratios indicate",2,7
8828,"kv cm",2,7
8829,"critical currents",2,7
8830,"induced fission",2,7
8831,"life time",2,7
8832,"harmonic inversion",2,7
8833,"breaks up",2,7
8834,"inter particle",2,7
8835,"scanning tunneling spectra",3,7
8836,"contact forces",2,7
8837,"remain finite",2,7
8838,"half integer spin",3,7
8839,"unusually high",2,7
8840,"strong indication",2,7
8841,"quasiclassical approach",2,7
8842,"exponential tail",2,7
8843,"falicov kimball model",3,7
8844,"fermi motion",2,7
8845,"dielectric medium",2,7
8846,"effective viscosity",2,7
8847,"resonant absorption",2,7
8848,"non rigid",2,7
8849,"bose gases",2,7
8850,"entire region",2,7
8851,"cumulative distribution",2,7
8852,"real time series",3,7
8853,"atom pairs",2,7
8854,"spin networks",2,7
8855,"long tail",2,7
8856,"co cu",2,7
8857,"weakly doped",2,7
8858,"large scale structures",3,7
8859,"narrow band structure",3,7
8860,"finite volume limit",3,7
8861,"weak disorder strength",3,7
8862,"analytical approximations",2,7
8863,"available data set",3,7
8864,"scaling forms",2,7
8865,"quantized conductance",2,7
8866,"highly charged",2,7
8867,"diffraction patterns",2,7
8868,"negative refractive index",3,7
8869,"planar graph",2,7
8870,"correction factors",2,7
8871,"atmospheric conditions",2,7
8872,"grain surface",2,7
8873,"relative orientation",2,7
8874,"closely spaced",2,7
8875,"gas phase transition",3,7
8876,"nearly gaussian",2,7
8877,"bogoliubov transformation",2,7
8878,"wave vectors",2,7
8879,"lying excitations",2,7
8880,"expansion coefficient",2,7
8881,"semiconductor quantum wells",3,7
8882,"intrinsic transverse",2,7
8883,"random deposition",2,7
8884,"recombination processes",2,7
8885,"indirect detection",2,7
8886,"jupiter mass",2,7
8887,"observational selection",2,7
8888,"mm wave",2,7
8889,"galaxy ngc reveals",3,7
8890,"inner shell",2,7
8891,"photometric information",2,7
8892,"co column",2,7
8893,"thermal convection",2,7
8894,"mean absolute",2,7
8895,"uv absorption",2,7
8896,"kuiper belt objects kbos",4,7
8897,"innermost regions",2,7
8898,"spherical shells",2,7
8899,"point source catalogue",3,7
8900,"galaxy formation epoch",3,7
8901,"blazar pks",2,7
8902,"warm hot gas",3,7
8903,"chandra acis s3",3,7
8904,"interstellar matter",2,7
8905,"velocity dispersion relation",3,7
8906,"young neutron stars",3,7
8907,"diffuse ionized",2,7
8908,"ir radiation",2,7
8909,"nearby elliptical galaxies",3,7
8910,"prolate shape",2,7
8911,"iso sws spectra",3,7
8912,"evolutionary tracks",2,7
8913,"microwave background",2,7
8914,"poor clusters",2,7
8915,"radioactive nuclei",2,7
8916,"formation timescale",2,7
8917,"plateau de bure interferometer",4,7
8918,"photons cm",2,7
8919,"gravitational radiation reaction",3,7
8920,"super star clusters",3,7
8921,"high energy cosmic microwave",4,7
8922,"apparent lack",2,7
8923,"dvali gabadadze porrati",3,7
8924,"myr old",2,7
8925,"cosmological probes",2,7
8926,"rare gas",2,7
8927,"ks observation",2,7
8928,"ray emission originates",3,7
8929,"inner kpc",2,7
8930,"profile fitting",2,7
8931,"james clerk maxwell telescope",4,7
8932,"nuclear dust",2,7
8933,"alpha fe",2,7
8934,"hydrogen deficient",2,7
8935,"north galactic",2,7
8936,"protoplanetary disks",2,7
8937,"parameter space time dependent",4,7
8938,"vlt uves observations",3,7
8939,"astronomical data",2,7
8940,"fully resolved",2,7
8941,"hydrogen rich envelope",3,7
8942,"cannonball model",2,7
8943,"stellar mass loss rate",4,7
8944,"simple toy",2,7
8945,"tidal stripping",2,7
8946,"shock heated",2,7
8947,"seyfert galaxy",2,7
8948,"position angles",2,7
8949,"effective mass ratio",3,7
8950,"nlte model atmospheres",3,7
8951,"lambda cdm cosmology",3,7
8952,"heavily obscured",2,7
8953,"wavelength bands",2,7
8954,"individual objects",2,7
8955,"around evolved stars",3,7
8956,"kinematical regions",2,7
8957,"rho ophiuchi",2,7
8958,"prompt emission",2,7
8959,"distant quasars",2,7
8960,"diffuse gamma rays",3,7
8961,"nfw profile",2,7
8962,"low mass distribution",3,7
8963,"two lobes",2,7
8964,"dwarf novae",2,7
8965,"2mass data",2,7
8966,"mean absolute magnitude",3,7
8967,"roughly constant",2,7
8968,"characteristic age",2,7
8969,"composite supernova remnant",3,7
8970,"intermediate redshifts",2,7
8971,"warm ionized",2,7
8972,"variable objects",2,7
8973,"supersonic turbulence",2,7
8974,"velocity clouds",2,7
8975,"burst grb host galaxy",4,7
8976,"cosmic star formation rate",4,7
8977,"intrinsic ellipticity",2,7
8978,"astrophysical processes",2,7
8979,"stellar mass distribution",3,7
8980,"central star formation",3,7
8981,"submillimeter continuum",2,7
8982,"micron flux",2,7
8983,"damped lyman alpha",3,7
8984,"integrated flux",2,7
8985,"surface photometry",2,7
8986,"pulsar winds",2,7
8987,"mag fainter",2,7
8988,"intermediate band filters",3,7
8989,"micron feature",2,7
8990,"radius relations",2,7
8991,"kinematic regime",2,7
8992,"transient xte",2,7
8993,"small magellanic cloud",3,7
8994,"few gyr",2,7
8995,"lithium depletion",2,7
8996,"hi h2",2,7
8997,"supernova sn ejecta",3,7
8998,"blue continuum",2,7
8999,"selection effect",2,7
9000,"echelle spectroscopy",2,7
9001,"gamma ray fluxes",3,7
9002,"grating spectrometer",2,7
9003,"hubble volume",2,7
9004,"collisional excitation",2,7
9005,"gunn peterson",2,7
9006,"matter cdm",2,7
9007,"rs cvn",2,7
9008,"shakura sunyaev",2,7
9009,"sight velocities",2,7
9010,"isocurvature perturbations",2,7
9011,"self compton",2,7
9012,"model atmosphere",2,7
9013,"observational features",2,7
9014,"error circle",2,7
9015,"hubble space",2,7
9016,"interstellar radiation",2,7
9017,"unresolved point sources",3,7
9018,"open cluster ngc",3,7
9019,"bound objects",2,7
9020,"spectral energy bands",3,7
9021,"spread function",2,7
9022,"nebular continuum",2,7
9023,"rotating neutron stars",3,7
9024,"gamma ray spectrum",3,7
9025,"high magnification",2,7
9026,"post agb",2,7
9027,"accretion disk surrounding",3,7
9028,"hegra system",2,7
9029,"cerenkov telescopes",2,7
9030,"electroweak symmetry",2,7
9031,"outer layers",2,7
9032,"advanced ccd imaging spectrometer",4,7
9033,"lorentz factors",2,7
9034,"light element",2,7
9035,"press schechter formalism",3,7
9036,"symbiotic stars",2,7
9037,"observational limits",2,7
9038,"short discussion",2,7
9039,"irregular galaxy",2,7
9040,"low luminosities",2,7
9041,"mid infrared spectra",3,7
9042,"stars brighter",2,7
9043,"primordial nucleosynthesis bbn",3,7
9044,"angular separations",2,7
9045,"uv selected",2,7
9046,"weak gravitational field",3,7
9047,"wind properties",2,7
9048,"cusp singularities",2,7
9049,"hr diagram",2,7
9050,"mass outflow",2,7
9051,"steep power spectrum",3,7
9052,"solar type stars",3,7
9053,"cool white dwarfs",3,7
9054,"quasi stellar",2,7
9055,"ring imaging",2,7
9056,"cluster cores",2,7
9057,"polar ring",2,7
9058,"low mass accretion disks",4,7
9059,"gamma ray emission lines",4,7
9060,"cosmological tests",2,7
9061,"internal shocks",2,7
9062,"laboratory frame",2,7
9063,"driven winds",2,7
9064,"bh mass",2,7
9065,"lorentz invariance violation",3,7
9066,"first indication",2,7
9067,"iron abundances",2,7
9068,"planck mission",2,7
9069,"nearly four",2,7
9070,"iso survey",2,7
9071,"giant planet",2,7
9072,"adaptive mesh refinement",3,7
9073,"radio plasma",2,7
9074,"image reveals",2,7
9075,"bright elliptical",2,7
9076,"multi colour",2,7
9077,"multiply imaged",2,7
9078,"cosmic microwave background photons",4,7
9079,"ultra compact",2,7
9080,"spiral arm",2,7
9081,"mass accretion disks",3,7
9082,"intracluster medium icm",3,7
9083,"acoustic peaks",2,7
9084,"per square",2,7
9085,"curvaton model",2,7
9086,"2df qso",2,7
9087,"wide field cameras",3,7
9088,"abundance determinations",2,7
9089,"eso vlt uves spectrograph",4,7
9090,"air shower array",3,7
9091,"planck surveyor",2,7
9092,"flat lambda",2,7
9093,"bright quasar",2,7
9094,"loud agn",2,7
9095,"shock heating",2,7
9096,"nearby elliptical",2,7
9097,"burst grb afterglows",3,7
9098,"parkes multibeam",2,7
9099,"telescope hst",2,7
9100,"hydrogen column",2,7
9101,"mhd simulations",2,7
9102,"limiting magnitudes",2,7
9103,"few tev",2,7
9104,"hardness ratios",2,7
9105,"line intensities",2,7
9106,"simplest nontrivial",2,7
9107,"oriented links",2,7
9108,"conjugacy class",2,7
9109,"multiplicative group",2,7
9110,"kazhdan lusztig polynomials",3,7
9111,"tensor categories",2,7
9112,"kac formula",2,7
9113,"entire functions",2,7
9114,"ahler manifolds",2,7
9115,"front dynamics",2,7
9116,"twisted boundary",2,7
9117,"smooth projective space",3,7
9118,"pseudo anosov",2,7
9119,"non negative integers",3,7
9120,"graded commutative",2,7
9121,"asymptotically flat space",3,7
9122,"turning point",2,7
9123,"closed subsets",2,7
9124,"toric singularities",2,7
9125,"jacobi operator",2,7
9126,"alexander polynomial",2,7
9127,"carry over",2,7
9128,"liouville type",2,7
9129,"uncountably many",2,7
9130,"recursion operator",2,7
9131,"exterior differential forms",3,7
9132,"monge ampere",2,7
9133,"hecke algebra",2,7
9134,"calabi yau threefold",3,7
9135,"conformal blocks",2,7
9136,"prime ideals",2,7
9137,"gravitational instantons",2,7
9138,"verlinde formula",2,7
9139,"orbifold fixed point",3,7
9140,"embedded minimal surfaces",3,7
9141,"first few moments",3,7
9142,"derived categories",2,7
9143,"non linear stability",3,7
9144,"giant component",2,7
9145,"counting rules",2,7
9146,"equals zero",2,7
9147,"geometric origin",2,7
9148,"sphere s3",2,7
9149,"tight closure theory",3,7
9150,"data acquired",2,7
9151,"small instanton",2,7
9152,"euclidean signature",2,7
9153,"discrete analog",2,7
9154,"intensity distributions",2,7
9155,"chemical reactions",2,7
9156,"longer valid",2,7
9157,"systematically higher",2,7
9158,"sigma error",2,7
9159,"finite size scaling limit",4,7
9160,"small scale free",3,7
9161,"theoretical formulation",2,7
9162,"dynamic monte carlo",3,7
9163,"wrapped around",2,7
9164,"slow relaxation time",3,7
9165,"fock components",2,7
9166,"angular correlation",2,7
9167,"spatial solitons",2,7
9168,"longitudinal structure functions",3,7
9169,"effective radii",2,7
9170,"finite lifetime",2,7
9171,"late time dependent",3,7
9172,"stabilizing effect",2,7
9173,"massive flavors",2,7
9174,"final stages",2,7
9175,"thermodynamical observables",2,7
9176,"rotational velocities",2,7
9177,"spatial gradients",2,7
9178,"generating functional theory",3,7
9179,"disc around",2,7
9180,"flat core",2,7
9181,"selected topics",2,7
9182,"geometrical construction",2,7
9183,"satisfactory description",2,7
9184,"runge kutta",2,7
9185,"cell membrane",2,7
9186,"maximal mixing",2,7
9187,"near ir spectroscopy",3,7
9188,"radio telescope",2,7
9189,"keck 10-m",2,7
9190,"linearized einstein equations",3,7
9191,"chaplygin gas",2,7
9192,"cdm cosmology",2,7
9193,"absolute flux",2,7
9194,"lmc distance",2,7
9195,"radiative transfer modeling",3,7
9196,"series photometry",2,7
9197,"curvature perturbation",2,7
9198,"la silla",2,7
9199,"distribution sed",2,7
9200,"compact dwarf",2,7
9201,"foreground galaxies",2,7
9202,"filamentary structures",2,7
9203,"consistency checks",2,7
9204,"squared four",2,7
9205,"chemical species",2,7
9206,"rxte asm",2,7
9207,"sunyaev zel dovich effect sze",5,7
9208,"quiescent state",2,7
9209,"duty cycle",2,7
9210,"photo production",2,7
9211,"non trivial vacuum",3,7
9212,"kinematical properties",2,7
9213,"tidal disruption",2,7
9214,"si iv",2,7
9215,"cno abundances",2,7
9216,"planets orbiting",2,7
9217,"herbig haro",2,7
9218,"sub sample",2,7
9219,"longer period",2,7
9220,"interacting scalar field",3,7
9221,"superfluid neutron star",3,7
9222,"young brown dwarfs",3,7
9223,"extreme ultraviolet",2,7
9224,"clearly indicate",2,7
9225,"hubble time",2,7
9226,"pre main sequence stars",4,7
9227,"analysis pipeline",2,7
9228,"cold dense",2,7
9229,"ionization states",2,7
9230,"cyclic universe",2,7
9231,"old stellar population",3,7
9232,"h2 formation",2,7
9233,"protostellar cores",2,7
9234,"nai tl",2,7
9235,"liquid xenon",2,7
9236,"metal enrichment",2,7
9237,"hot white dwarf",3,7
9238,"source rx",2,7
9239,"months after",2,7
9240,"baryon rich",2,7
9241,"unique signature",2,7
9242,"msun within",2,7
9243,"astrophysical plasmas",2,7
9244,"starburst galaxy formation",3,7
9245,"lens systems",2,7
9246,"complementary information",2,7
9247,"nonthermal emission",2,7
9248,"group summary",2,7
9249,"cross check",2,7
9250,"helicity conservation",2,7
9251,"de sitter geometry",3,7
9252,"active star",2,7
9253,"inflaton field theory",3,7
9254,"sky survey 2mass data",4,7
9255,"baryonic fraction",2,7
9256,"cumulative effect",2,7
9257,"press schechter",2,7
9258,"helium atmosphere",2,7
9259,"weak gravitational lensing",3,7
9260,"conference summary",2,7
9261,"total flux density",3,7
9262,"chi2 analysis",2,7
9263,"available observational",2,7
9264,"quintessence field",2,7
9265,"proton synchrotron",2,7
9266,"outburst behavior",2,7
9267,"spherical shell model",3,7
9268,"nue bar",2,7
9269,"lensing statistics",2,7
9270,"high energy cosmic ray",4,7
9271,"kerr black holes",3,7
9272,"gamma leq",2,7
9273,"non instantaneous",2,7
9274,"fully reconstructed",2,7
9275,"exact renormalization group flow",4,7
9276,"foam model",2,7
9277,"permutation symmetry",2,7
9278,"path integral over",3,7
9279,"topological soliton",2,7
9280,"nc limit",2,7
9281,"low pt",2,7
9282,"symmetric spacetimes",2,7
9283,"initial singularity",2,7
9284,"wave backgrounds",2,7
9285,"reissner nordstr",2,7
9286,"symmetric hyperbolic system",3,7
9287,"globally regular",2,7
9288,"einstein yang mills",3,7
9289,"barrett crane",2,7
9290,"de sitter space time",4,7
9291,"anisotropic bianchi type",3,7
9292,"electrically charged",2,7
9293,"numerical evolutions",2,7
9294,"dilaton black",2,7
9295,"bekenstein hawking",2,7
9296,"electrically neutral",2,7
9297,"dilaton field theories",3,7
9298,"trans planckian physics",3,7
9299,"dynamical evolution equations",3,7
9300,"quark deconfinement",2,7
9301,"electro weak",2,7
9302,"string propagation",2,7
9303,"time varying fine structure constant alpha",6,7
9304,"modified dispersion relations",3,7
9305,"regge calculus",2,7
9306,"traveling wave",2,7
9307,"zeta function regularization",3,7
9308,"asymptotically ads",2,7
9309,"hole thermodynamics",2,7
9310,"supersymmetry algebras",2,7
9311,"science objectives",2,7
9312,"quark core",2,7
9313,"mg si",2,7
9314,"large magellanic cloud",3,7
9315,"rencontres de moriond",3,7
9316,"standard model building",3,7
9317,"space interferometry",2,7
9318,"light neutralinos",2,7
9319,"event reconstruction",2,7
9320,"nuclear absorption",2,7
9321,"matter antimatter",2,7
9322,"hybrid monte carlo simulation",4,7
9323,"ell nu bar",3,7
9324,"phi meson decays",3,7
9325,"four lep collaborations",3,7
9326,"world average value",3,7
9327,"rich detector",2,7
9328,"dalitz plot analysis",3,7
9329,"lep slc",2,7
9330,"ckm mixing",2,7
9331,"lep2 data",2,7
9332,"invariant mass distribution",3,7
9333,"pbar collisions",2,7
9334,"drift chamber",2,7
9335,"nutev collaboration",2,7
9336,"reconstructed b0",2,7
9337,"eta photoproduction",2,7
9338,"electron beam polarization",3,7
9339,"electron neutrino oscillation",3,7
9340,"next linear collider",3,7
9341,"na48 detector",2,7
9342,"mass ratio br",3,7
9343,"breit frame",2,7
9344,"partial width",2,7
9345,"ckm matrix elements",3,7
9346,"lepton flavor",2,7
9347,"bs meson",2,7
9348,"rho meson decays",3,7
9349,"neutral kaon",2,7
9350,"meson photoproduction",2,7
9351,"double differential cross sections",4,7
9352,"polar angle",2,7
9353,"super kamiokande sk",3,7
9354,"diffractive photoproduction",2,7
9355,"charged kaon",2,7
9356,"regge trajectory",2,7
9357,"suppressed relative",2,7
9358,"neutral scalar",2,7
9359,"charmless hadronic",2,7
9360,"ep collisions",2,7
9361,"cern large",2,7
9362,"vector meson production",3,7
9363,"deeply virtual compton",3,7
9364,"bar d0",2,7
9365,"sea quark gluon",3,7
9366,"neutral current deep inelastic scattering",5,7
9367,"gerasimov drell hearn",3,7
9368,"neutrinoless double beta",3,7
9369,"grand unification scale",3,7
9370,"charged particle multiplicity",3,7
9371,"quark mass spectrum",3,7
9372,"function f2",2,7
9373,"lepton flavor mixing",3,7
9374,"participating nucleons",2,7
9375,"f0 mixing",2,7
9376,"partial widths",2,7
9377,"muon beam",2,7
9378,"generalized parton distributions gpds",4,7
9379,"updated analysis",2,7
9380,"chemical freeze",2,7
9381,"false vacuum",2,7
9382,"real photon",2,7
9383,"maxwell theory",2,7
9384,"accelerator modes",2,7
9385,"stabilization mechanism",2,7
9386,"multiplicity distribution",2,7
9387,"flavor singlet",2,7
9388,"quark propagator",2,7
9389,"improved staggered fermions",3,7
9390,"improved wilson fermions",3,7
9391,"kogut susskind",2,7
9392,"improved wilson action",3,7
9393,"anapole moment",2,7
9394,"octet baryon",2,7
9395,"ginsparg wilson",2,7
9396,"two gluons",2,7
9397,"photon propagator",2,7
9398,"renormalization theorems",2,7
9399,"gasser leutwyler",2,7
9400,"deconfining phase transition",3,7
9401,"non leptonic decays",3,7
9402,"down quark masses",3,7
9403,"pole masses",2,7
9404,"heavy ion reactions",3,7
9405,"rout rside",2,7
9406,"transfer reactions",2,7
9407,"hard scattering processes",3,7
9408,"baryon numbers",2,7
9409,"cronin effect",2,7
9410,"nuclear force",2,7
9411,"rapidity distributions",2,7
9412,"gluon exchange",2,7
9413,"pion nucleus",2,7
9414,"event plane",2,7
9415,"transverse momentum distributions",3,7
9416,"two generations",2,7
9417,"goldstone boson",2,7
9418,"channel unitarity",2,7
9419,"deconfined phase transition",3,7
9420,"nucleon force",2,7
9421,"drip line",2,7
9422,"spherical nuclei",2,7
9423,"urbana ix",2,7
9424,"bimaximal mixing matrix",3,7
9425,"g2 manifold",2,7
9426,"doublet triplet splitting",3,7
9427,"polarized parton",2,7
9428,"symmetry restoration",2,7
9429,"ckm matrix",2,7
9430,"heavy quark gluon",3,7
9431,"lowest lying",2,7
9432,"gut symmetry",2,7
9433,"vacuum expectation",2,7
9434,"nue nu",2,7
9435,"spin polarized proton",3,7
9436,"universal soft gamma",3,7
9437,"quark gluon plasma qgp",4,7
9438,"doubly heavy baryons",3,7
9439,"cp conserving",2,7
9440,"light hadron colliders",3,7
9441,"leading twist two",3,7
9442,"inverse hierarchy",2,7
9443,"kk excitations",2,7
9444,"non supersymmetric standard model",4,7
9445,"threshold resummation",2,7
9446,"gut scale",2,7
9447,"soft pomeron",2,7
9448,"polarized parton distributions",3,7
9449,"quadratic divergences",2,7
9450,"parton level",2,7
9451,"electroweak radiative",2,7
9452,"faddeev popov",2,7
9453,"seesaw models",2,7
9454,"4-dimensional effective",2,7
9455,"hooft coupling",2,7
9456,"slavnov taylor identities",3,7
9457,"randall sundrum rs",3,7
9458,"gaugino mediation",2,7
9459,"operator product expansion ope",4,7
9460,"grand unified framework",3,7
9461,"fermion mass spectrum",3,7
9462,"muon anomalous",2,7
9463,"pinch technique",2,7
9464,"froissart bound",2,7
9465,"neutral higgs boson",3,7
9466,"axial vector mesons",3,7
9467,"infrared divergences",2,7
9468,"matter multiplets",2,7
9469,"superpartner masses",2,7
9470,"tau lepton sector",3,7
9471,"electromagnetic form factor",3,7
9472,"dipole picture",2,7
9473,"spontaneously broken down",3,7
9474,"su xsu",2,7
9475,"compactification scale",2,7
9476,"squark mass",2,7
9477,"leading order nlo corrections",4,7
9478,"nucleon scattering amplitude",3,7
9479,"feynman diagram",2,7
9480,"multiscale decomposition",2,7
9481,"string theory compactified",3,7
9482,"multi trace operators",3,7
9483,"fractional d3-branes",2,7
9484,"superconformal algebra",2,7
9485,"iib supergravity",2,7
9486,"maldacena nunez",2,7
9487,"rg flows",2,7
9488,"holographic interpretation",2,7
9489,"coulomb gauge theory",3,7
9490,"heterotic string theory compactified",4,7
9491,"d6-branes intersecting branes",3,7
9492,"closed string amplitudes",3,7
9493,"closed string coupling",3,7
9494,"gauged supergravities",2,7
9495,"nonlinear fokker planck equation",4,6
9496,"spectral cutoff",2,6
9497,"sierpinski gasket",2,6
9498,"grassmann variables",2,6
9499,"nuclear astrophysics",2,6
9500,"homotopy classes",2,6
9501,"long time ago",3,6
9502,"mit bag",2,6
9503,"weight module",2,6
9504,"kms state",2,6
9505,"euler angle",2,6
9506,"cole hopf",2,6
9507,"hurwitz spaces",2,6
9508,"induced representations",2,6
9509,"temporal evolution equations",3,6
9510,"variational perturbation theory",3,6
9511,"kolmogorov constant",2,6
9512,"particle hilbert space",3,6
9513,"slow convergence",2,6
9514,"dynamo problem",2,6
9515,"ideal gases",2,6
9516,"states belonging",2,6
9517,"xxz spin chain",3,6
9518,"pseudodifferential operators",2,6
9519,"non linearity",2,6
9520,"belief propagation",2,6
9521,"electromagnetic field strength",3,6
9522,"calogero moser sutherland",3,6
9523,"ensemble gue",2,6
9524,"nonlinear elliptic functions",3,6
9525,"non hermitian hamiltonians",3,6
9526,"gap edge",2,6
9527,"quantized radiation",2,6
9528,"flat minkowski",2,6
9529,"time asymptotics",2,6
9530,"correlated random matrix",3,6
9531,"finite dimensional electron",3,6
9532,"morse function",2,6
9533,"percolating clusters",2,6
9534,"optimal control theory",3,6
9535,"analytical continuation",2,6
9536,"principal bundle",2,6
9537,"cayley graphs",2,6
9538,"conditional symmetry",2,6
9539,"non analyticity",2,6
9540,"distribution function zeros",3,6
9541,"xi xj",2,6
9542,"atiyah singer index theorem",4,6
9543,"quantum superpositions",2,6
9544,"continuity equation",2,6
9545,"batalin vilkovisky",2,6
9546,"time derivatives",2,6
9547,"gravitational attraction",2,6
9548,"odinger operators",2,6
9549,"formula relating",2,6
9550,"ornstein uhlenbeck",2,6
9551,"characteristic zero temperature",3,6
9552,"auxiliary field theory",3,6
9553,"radial null geodesics",3,6
9554,"water waves",2,6
9555,"cylindrical trap",2,6
9556,"young tableaux",2,6
9557,"largest eigenvalues",2,6
9558,"long time asymptotics",3,6
9559,"microscopic hamiltonian systems",3,6
9560,"massless minimally coupled",3,6
9561,"heat coefficient",2,6
9562,"lagrange equations",2,6
9563,"legendre transform",2,6
9564,"woods saxon",2,6
9565,"orthogonal projections",2,6
9566,"self adjoint operators",3,6
9567,"first order pde",3,6
9568,"dirichlet series",2,6
9569,"intrinsic curvature",2,6
9570,"dirac spinors",2,6
9571,"grows logarithmically",2,6
9572,"levy distribution",2,6
9573,"wang et",2,6
9574,"remote state preparation",3,6
9575,"arbitrary superposition",2,6
9576,"channel capacities",2,6
9577,"computing devices",2,6
9578,"quantum game theory",3,6
9579,"generalized grover",2,6
9580,"action angle variables",3,6
9581,"debye waller",2,6
9582,"nmr quantum computer",3,6
9583,"quasi exactly solvable",3,6
9584,"baker map",2,6
9585,"turing machines",2,6
9586,"mechanics qm",2,6
9587,"group velocity field",3,6
9588,"continuous variable teleportation",3,6
9589,"hidden subgroup",2,6
9590,"intertwining operator",2,6
9591,"internal magnetic field",3,6
9592,"unitary operation",2,6
9593,"optical fibers",2,6
9594,"multi partite",2,6
9595,"fringe visibility",2,6
9596,"dimensional planck",2,6
9597,"factoring algorithm",2,6
9598,"unconditional security",2,6
9599,"biological processes",2,6
9600,"quantum computer science",3,6
9601,"post selection",2,6
9602,"nonlinear schroedinger",2,6
9603,"free energy momentum",3,6
9604,"weak coupling constants",3,6
9605,"high fidelity",2,6
9606,"charged particle moving",3,6
9607,"stochastic calculus",2,6
9608,"path integration over",3,6
9609,"multi qubit",2,6
9610,"beam splitters",2,6
9611,"averaging procedure",2,6
9612,"conversion efficiency",2,6
9613,"exponential decay rate",3,6
9614,"kept fixed",2,6
9615,"classical communications",2,6
9616,"bit error",2,6
9617,"kelvin helmholtz",2,6
9618,"after accounting",2,6
9619,"combinatorial optimization problem",3,6
9620,"striking contrast",2,6
9621,"trial wave function",3,6
9622,"pulsed optical",2,6
9623,"quantum cryptography",2,6
9624,"swap gate",2,6
9625,"alpha beta function",3,6
9626,"classically chaotic",2,6
9627,"finite temperature dependent",3,6
9628,"nonlinear schrodinger",2,6
9629,"hidden variable",2,6
9630,"hidden variable theories",3,6
9631,"sub class",2,6
9632,"secure communication",2,6
9633,"algebraic setting",2,6
9634,"transfer operators",2,6
9635,"classically correlated",2,6
9636,"unit vector",2,6
9637,"conditional probability",2,6
9638,"entangling two",2,6
9639,"dots embedded",2,6
9640,"secure against",2,6
9641,"coin flipping",2,6
9642,"source coding",2,6
9643,"euclidean path integral",3,6
9644,"two dimensional superconformal",3,6
9645,"arbitrary input",2,6
9646,"ohmic dissipation",2,6
9647,"double exponential",2,6
9648,"coherently prepared",2,6
9649,"communication complexity",2,6
9650,"mod phys",2,6
9651,"highest weight",2,6
9652,"bit error rate",3,6
9653,"vacuum energy density fluctuations",4,6
9654,"wzw model",2,6
9655,"his own",2,6
9656,"high finesse",2,6
9657,"arbitrary dimensionality",2,6
9658,"caldeira leggett",2,6
9659,"strong coupling regimes",3,6
9660,"manifest itself",2,6
9661,"quantum gravity phenomenology",3,6
9662,"cos theta",2,6
9663,"interference phenomena",2,6
9664,"input physics",2,6
9665,"covariant phase",2,6
9666,"key exchange",2,6
9667,"clock model",2,6
9668,"nonlinear schrodinger equation",3,6
9669,"impossibility proof",2,6
9670,"stern gerlach",2,6
9671,"coordinate independent",2,6
9672,"momentum transferred",2,6
9673,"time reversed",2,6
9674,"considerably lower",2,6
9675,"harmonic oscillator algebra",3,6
9676,"cnot gate",2,6
9677,"main conclusions",2,6
9678,"approaches asymptotically",2,6
9679,"energy gaps",2,6
9680,"macroscopic superposition",2,6
9681,"electric dipole transitions",3,6
9682,"al nature bf",3,6
9683,"space time domain",3,6
9684,"dirichlet boundary",2,6
9685,"creation operator",2,6
9686,"individual atoms",2,6
9687,"free path",2,6
9688,"lattice vectors",2,6
9689,"apparent discrepancy",2,6
9690,"intrinsic josephson junctions",3,6
9691,"ka cm2",2,6
9692,"low frequency range",3,6
9693,"nishimori line",2,6
9694,"spinning particles",2,6
9695,"quantum fourier",2,6
9696,"doubly degenerate",2,6
9697,"drastically reduce",2,6
9698,"non unital",2,6
9699,"set ups",2,6
9700,"density matrix models",3,6
9701,"time projection",2,6
9702,"electric dipole interaction",3,6
9703,"orthonormal bases",2,6
9704,"carrier recombination",2,6
9705,"arbitrarily large class",3,6
9706,"deformed boson",2,6
9707,"conceptual difficulties",2,6
9708,"physically plausible",2,6
9709,"three mirror",2,6
9710,"statistically independent",2,6
9711,"photo ionized",2,6
9712,"intensity dependent",2,6
9713,"ferroelectric materials",2,6
9714,"many copies",2,6
9715,"semi classically",2,6
9716,"phys.rev lett",2,6
9717,"boolean networks",2,6
9718,"finite automata",2,6
9719,"abelian gauge invariance",3,6
9720,"weak coupling strength",3,6
9721,"non perturbative approaches",3,6
9722,"base points",2,6
9723,"spin projection",2,6
9724,"subtraction scheme",2,6
9725,"spin gap delta",3,6
9726,"approximate analytic",2,6
9727,"strong correlation functions",3,6
9728,"vs fe",2,6
9729,"diluted magnetic impurities",3,6
9730,"carrier induced ferromagnetism",3,6
9731,"room temperature dependence",3,6
9732,"berezinskii kosterlitz thouless transition",4,6
9733,"external magnetic fields",3,6
9734,"spin correlation function",3,6
9735,"extinction law",2,6
9736,"energy released",2,6
9737,"dc magnetic",2,6
9738,"orbital currents",2,6
9739,"glass phase diagram",3,6
9740,"multiple coulomb interaction",3,6
9741,"la sr mno",3,6
9742,"nucleation rate",2,6
9743,"upper critical dimension dc",4,6
9744,"broken power",2,6
9745,"bond alternation",2,6
9746,"kept constant",2,6
9747,"electron phonon coupling",3,6
9748,"korringa kohn rostoker",3,6
9749,"longitudinal structure function",3,6
9750,"almost flat",2,6
9751,"range forces",2,6
9752,"phase transition occurs near",4,6
9753,"rg analysis",2,6
9754,"antiferromagnetic heisenberg chain",3,6
9755,"mn content",2,6
9756,"aqueous solution",2,6
9757,"self dual description",3,6
9758,"structural relaxation time",3,6
9759,"structures emerge",2,6
9760,"quasi free energy",3,6
9761,"geometrically frustrated",2,6
9762,"grows rapidly",2,6
9763,"pinning potential",2,6
9764,"canonical coordinates",2,6
9765,"first appeared",2,6
9766,"monte carlo studies",3,6
9767,"domain growth",2,6
9768,"isotactic polypropylene",2,6
9769,"kac moody algebra",3,6
9770,"lattice relaxation rate t1",4,6
9771,"weakly interacting bose gas",4,6
9772,"monte carlo algorithms",3,6
9773,"london penetration depth",3,6
9774,"ordered phases",2,6
9775,"cu site",2,6
9776,"dilute solution",2,6
9777,"insulating barrier",2,6
9778,"two dimensional 1d",3,6
9779,"phase coherence length",3,6
9780,"thermal conductance",2,6
9781,"deep field theory",3,6
9782,"microscopic theories",2,6
9783,"long range coulomb potential",4,6
9784,"energy density profile",3,6
9785,"massively parallel",2,6
9786,"go up",2,6
9787,"nonlinear oscillators",2,6
9788,"spatially discrete",2,6
9789,"diffusion front",2,6
9790,"electronic densities",2,6
9791,"numerical diagonalization",2,6
9792,"bond length",2,6
9793,"free energy spectrum",3,6
9794,"underdoped regime",2,6
9795,"light emitting diode",3,6
9796,"magnetic resonance esr",3,6
9797,"quasiparticle scattering rate",3,6
9798,"loss spectroscopy",2,6
9799,"charge neutrality",2,6
9800,"strong frustration",2,6
9801,"experimental investigations",2,6
9802,"jahn teller effect",3,6
9803,"driving forces",2,6
9804,"non parametric",2,6
9805,"system size scaling properties",4,6
9806,"coexistence curve",2,6
9807,"continuum random phase",3,6
9808,"lennard jones system",3,6
9809,"tricritical points",2,6
9810,"mc simulations",2,6
9811,"high connectivity",2,6
9812,"time domain wall",3,6
9813,"bond stretching",2,6
9814,"spinor bose einstein condensate",4,6
9815,"polyelectrolyte solutions",2,6
9816,"self affine",2,6
9817,"interparticle interaction",2,6
9818,"dispersion law",2,6
9819,"inter band",2,6
9820,"electron hole doped cuprates",4,6
9821,"nonextensive statistics",2,6
9822,"gutenberg richter",2,6
9823,"scanning tunneling microscopy stm",4,6
9824,"electron phonon modes",3,6
9825,"solid phases",2,6
9826,"boson peak",2,6
9827,"phase segregation",2,6
9828,"organic superconductor kappa",3,6
9829,"hydrodynamic limit",2,6
9830,"nearly zero",2,6
9831,"law tail",2,6
9832,"donley et",2,6
9833,"aharonov bohm interferometer",3,6
9834,"magnetic multilayers",2,6
9835,"axi symmetric",2,6
9836,"slave boson mean field",4,6
9837,"magic numbers",2,6
9838,"carbon content",2,6
9839,"sznajd model",2,6
9840,"muon spin relaxation",3,6
9841,"triplet superconductivity",2,6
9842,"dispersion curves",2,6
9843,"mean square displacement",3,6
9844,"frictional drag",2,6
9845,"left right handed materials",4,6
9846,"superconducting phase coherence",3,6
9847,"learning rule",2,6
9848,"fully frustrated",2,6
9849,"correlated electron systems",3,6
9850,"uniformly spaced",2,6
9851,"cp n-1",2,6
9852,"triangular lattices",2,6
9853,"isotope effect",2,6
9854,"relative variance",2,6
9855,"metal oxide",2,6
9856,"partition function zeros",3,6
9857,"positron annihilation radiation",3,6
9858,"film growth",2,6
9859,"temperature kt",2,6
9860,"low frequency dependent",3,6
9861,"compton profiles",2,6
9862,"finite size scaling",3,6
9863,"cr fe",2,6
9864,"empty space",2,6
9865,"random walkers",2,6
9866,"hurst exponent",2,6
9867,"bose einstein condensed atoms",4,6
9868,"gaas quantum dot",3,6
9869,"pulsed laser deposition",3,6
9870,"total exposure",2,6
9871,"cross linked",2,6
9872,"relaxation time scales",3,6
9873,"real markets",2,6
9874,"fermion sign",2,6
9875,"filling fraction",2,6
9876,"cubic symmetry",2,6
9877,"kardar parisi zhang kpz",4,6
9878,"non conservative",2,6
9879,"varies continuously",2,6
9880,"learning process",2,6
9881,"low energy distribution function",4,6
9882,"actual data",2,6
9883,"atomic force microscope",3,6
9884,"critical point correlation functions",4,6
9885,"boltzmann transport",2,6
9886,"condensed phase transition",3,6
9887,"kelvin helmholtz instability",3,6
9888,"magnetotransport properties",2,6
9889,"crystalline phases",2,6
9890,"paired states",2,6
9891,"bias anomaly",2,6
9892,"sk model",2,6
9893,"kondo like",2,6
9894,"walled carbon nanotubes",3,6
9895,"impurity scattering rate",3,6
9896,"scanning tunneling through",3,6
9897,"ranged correlations",2,6
9898,"induced modification",2,6
9899,"band structure function",3,6
9900,"coherence length xi",3,6
9901,"nematic ordering",2,6
9902,"oscillator strengths",2,6
9903,"kohn sham equations",3,6
9904,"bessel function",2,6
9905,"degenerate fermi",2,6
9906,"1-x mn",2,6
9907,"bohr magnetons",2,6
9908,"strength tensor",2,6
9909,"muffin tin",2,6
9910,"phonon excitations",2,6
9911,"universal scaling limit",3,6
9912,"sensitive enough",2,6
9913,"semi quantitative",2,6
9914,"donor acceptor",2,6
9915,"van hove singularity",3,6
9916,"conductivity sigma",2,6
9917,"bi2 sr2",2,6
9918,"iron group",2,6
9919,"hopping conductivity",2,6
9920,"tc cuprate",2,6
9921,"arbitrary degree distribution",3,6
9922,"cahn hilliard",2,6
9923,"multifractal analysis",2,6
9924,"spatial inhomogeneities",2,6
9925,"mixing occurs",2,6
9926,"ring shaped",2,6
9927,"monte carlo simulation data",4,6
9928,"andreev bound state",3,6
9929,"covalent bonding",2,6
9930,"stripe phases",2,6
9931,"vitreous silica",2,6
9932,"magnetocaloric effect",2,6
9933,"scale structure factor",3,6
9934,"polymer composites",2,6
9935,"double perovskites",2,6
9936,"stripe order",2,6
9937,"see http",2,6
9938,"liquid water",2,6
9939,"hexagonal patterns",2,6
9940,"under hydrostatic",2,6
9941,"single electron impact",3,6
9942,"real space time dependent",4,6
9943,"weak links",2,6
9944,"cellular automaton",2,6
9945,"finite sample",2,6
9946,"dense molecular dynamics",3,6
9947,"transverse components",2,6
9948,"sm like",2,6
9949,"doped antiferromagnets",2,6
9950,"disordered metals",2,6
9951,"self trapping",2,6
9952,"hall coefficient",2,6
9953,"bending rigidity",2,6
9954,"band picture",2,6
9955,"landau gauge",2,6
9956,"nearest neighbor hopping",3,6
9957,"rg approach",2,6
9958,"cigar shaped",2,6
9959,"energy functionals",2,6
9960,"random phase transitions",3,6
9961,"longitudinal velocity",2,6
9962,"cuo planes",2,6
9963,"spin glass phase transition",4,6
9964,"negative specific heat",3,6
9965,"molecular conductors",2,6
9966,"superconducting ring",2,6
9967,"fermi energy spectrum",3,6
9968,"genetic code",2,6
9969,"carrier relaxation",2,6
9970,"information measures",2,6
9971,"dna sequences",2,6
9972,"power law divergence",3,6
9973,"fluctuation exchange",2,6
9974,"valence bands",2,6
9975,"simultaneous measurements",2,6
9976,"jahn teller distortions",3,6
9977,"highly non trivial",3,6
9978,"borel resummation",2,6
9979,"well qw",2,6
9980,"induced nucleation",2,6
9981,"collective coordinates",2,6
9982,"message passing",2,6
9983,"self energy spectrum",3,6
9984,"random media",2,6
9985,"highest weight modules",3,6
9986,"crystal bases",2,6
9987,"enveloping algebras",2,6
9988,"fourier mukai",2,6
9989,"hilbert transform",2,6
9990,"positive answer",2,6
9991,"unit ball",2,6
9992,"bergman kernel",2,6
9993,"alternating knots",2,6
9994,"coxeter groups",2,6
9995,"chow group",2,6
9996,"algebraic varieties over",3,6
9997,"minimal genus",2,6
9998,"closed ideals",2,6
9999,"tamely ramified",2,6
10000,"kodaira dimension",2,6
10001,"gauss map",2,6
10002,"iwahori hecke",2,6
10003,"locally symmetric spaces",3,6
10004,"classifying space",2,6
10005,"torus actions",2,6
10006,"toric surfaces",2,6
10007,"gave rise",2,6
10008,"equivalence relations",2,6
10009,"near infrared background",3,6
10010,"principal bundles over",3,6
10011,"abelian surfaces",2,6
10012,"polarized abelian",2,6
10013,"asymmetric exclusion process",3,6
10014,"julia set",2,6
10015,"double cover",2,6
10016,"xxz spin",2,6
10017,"long enough",2,6
10018,"quiver representations",2,6
10019,"lax pairs",2,6
10020,"varieties over",2,6
10021,"generic hypersurfaces",2,6
10022,"bilinear forms",2,6
10023,"stanley reisner",2,6
10024,"hilbert series",2,6
10025,"complex multiplication",2,6
10026,"lefschetz pencils",2,6
10027,"singular fibres",2,6
10028,"wave front",2,6
10029,"compact oriented",2,6
10030,"tensor category",2,6
10031,"simple roots",2,6
10032,"frobenius algebras",2,6
10033,"level spacing distribution",3,6
10034,"state engineering",2,6
10035,"dimensionless parameters",2,6
10036,"space time averaged",3,6
10037,"word problem",2,6
10038,"new mexico",2,6
10039,"path integration",2,6
10040,"resonance structures",2,6
10041,"gap edge states",3,6
10042,"analytical estimates",2,6
10043,"diffraction pattern",2,6
10044,"transmission grating",2,6
10045,"single mode frequencies",3,6
10046,"odd numbers",2,6
10047,"ioffe pritchard",2,6
10048,"artificial atoms",2,6
10049,"extreme sensitivity",2,6
10050,"fractal like",2,6
10051,"essentially unique",2,6
10052,"experimental signature",2,6
10053,"internal magnetic",2,6
10054,"belief revision",2,6
10055,"favorable conditions",2,6
10056,"few thousand",2,6
10057,"physics chemistry",2,6
10058,"minimum spanning tree",3,6
10059,"pairwise disjoint",2,6
10060,"equation governing",2,6
10061,"data handling",2,6
10062,"helmholtz equation",2,6
10063,"parallel computer",2,6
10064,"sample variance",2,6
10065,"convection diffusion equation",3,6
10066,"new views",2,6
10067,"monoidal categories",2,6
10068,"drastically reduced",2,6
10069,"cpu time",2,6
10070,"briefly outline",2,6
10071,"simple exclusion",2,6
10072,"hard disks",2,6
10073,"absorption against",2,6
10074,"lorentz gas",2,6
10075,"su schrieffer heeger model",4,6
10076,"electromagnetic environment",2,6
10077,"intimately connected",2,6
10078,"gas phase diagram",3,6
10079,"transverse confinement",2,6
10080,"gaussian features",2,6
10081,"blume emery griffiths",3,6
10082,"strongly influences",2,6
10083,"under extreme conditions",3,6
10084,"gaussian white noise",3,6
10085,"relaxation rates",2,6
10086,"delta films",2,6
10087,"mean free electron",3,6
10088,"bifurcation point",2,6
10089,"surface resistance",2,6
10090,"wall carbon nanotubes",3,6
10091,"draw conclusions",2,6
10092,"covalent bonds",2,6
10093,"red shifted",2,6
10094,"interband scattering",2,6
10095,"axis ratios",2,6
10096,"london limit",2,6
10097,"magnetically induced",2,6
10098,"correctly reproduces",2,6
10099,"liquid argon",2,6
10100,"giant magnetoresistance",2,6
10101,"schwinger keldysh",2,6
10102,"conformal maps",2,6
10103,"flory huggins",2,6
10104,"mott transition",2,6
10105,"chemical equilibrium",2,6
10106,"dna molecule",2,6
10107,"spatially uniform",2,6
10108,"charge screening",2,6
10109,"self assembly",2,6
10110,"under shear flow",3,6
10111,"dynamic monte carlo methods",4,6
10112,"particle hole mass",3,6
10113,"spin injection",2,6
10114,"binary alloy",2,6
10115,"positive lyapunov exponents",3,6
10116,"foam models",2,6
10117,"double peaked",2,6
10118,"experimental setups",2,6
10119,"coarse grained description",3,6
10120,"dimensional qed",2,6
10121,"wall solutions",2,6
10122,"field cooled",2,6
10123,"quantitative estimates",2,6
10124,"area preserving",2,6
10125,"molecular fraction",2,6
10126,"direct link",2,6
10127,"elastic moduli",2,6
10128,"balance equations",2,6
10129,"interacting binary systems",3,6
10130,"weak axial",2,6
10131,"levy flights",2,6
10132,"gradient expansion",2,6
10133,"intriguing connection",2,6
10134,"homogeneous turbulence",2,6
10135,"mechanisms leading",2,6
10136,"configurational entropy",2,6
10137,"formal solution",2,6
10138,"three dimensional reduction",3,6
10139,"spike timing",2,6
10140,"four sphere",2,6
10141,"appl phys",2,6
10142,"nuclear matrix",2,6
10143,"heavy fermion superconductor",3,6
10144,"amorphous solids",2,6
10145,"accurate predictions",2,6
10146,"sphere fluid",2,6
10147,"quasi spherical",2,6
10148,"conformal group flow",3,6
10149,"non monotonically",2,6
10150,"weakly bound state",3,6
10151,"vertex degree",2,6
10152,"scanning tunneling",2,6
10153,"intermediate mass function",3,6
10154,"heat current",2,6
10155,"thermal pulse",2,6
10156,"secondary phases",2,6
10157,"magnetic susceptibility chi",3,6
10158,"form factor nu",3,6
10159,"helium atoms",2,6
10160,"ca ii",2,6
10161,"high energy gaps",3,6
10162,"now available data",3,6
10163,"singlet pairing",2,6
10164,"micron scale",2,6
10165,"sized objects",2,6
10166,"transfer q2",2,6
10167,"ladder diagrams",2,6
10168,"hopf bifurcation",2,6
10169,"three dimensional electron",3,6
10170,"system enters",2,6
10171,"spatio temporal chaos",3,6
10172,"basic ingredients",2,6
10173,"feedback mechanism",2,6
10174,"surprising features",2,6
10175,"electric field strength",3,6
10176,"deeply inelastic",2,6
10177,"modified minimal",2,6
10178,"single file",2,6
10179,"special care",2,6
10180,"wavelength regime",2,6
10181,"myr ago",2,6
10182,"starless cores",2,6
10183,"ambipolar diffusion",2,6
10184,"holographic entropy",2,6
10185,"slow roll parameters",3,6
10186,"asteroid belt",2,6
10187,"moderate values",2,6
10188,"outer disk galaxies",3,6
10189,"orbital eccentricity",2,6
10190,"web site",2,6
10191,"pah emission",2,6
10192,"bow shocks",2,6
10193,"repeaters sgrs",2,6
10194,"uk schmidt",2,6
10195,"nuclear environment",2,6
10196,"continuum limits",2,6
10197,"oxygen rich",2,6
10198,"gas infall",2,6
10199,"non compact objects",3,6
10200,"fully ionized",2,6
10201,"spectroscopic binaries",2,6
10202,"colliding wind",2,6
10203,"pulsation cycle",2,6
10204,"grb events",2,6
10205,"synthesis code",2,6
10206,"star spots",2,6
10207,"caustic crossing",2,6
10208,"dynamo theory",2,6
10209,"meridional flow",2,6
10210,"balloon borne telescope",3,6
10211,"common proper motion",3,6
10212,"light travel",2,6
10213,"accretion shocks",2,6
10214,"post newtonian approximation",3,6
10215,"supernova driven",2,6
10216,"gravitationally unstable",2,6
10217,"brown dwarf companion",3,6
10218,"extragalactic jets",2,6
10219,"atoll source",2,6
10220,"tidal debris",2,6
10221,"inner disk",2,6
10222,"near infrared space",3,6
10223,"circumnuclear regions",2,6
10224,"asca observation",2,6
10225,"australia telescope compact array atca",5,6
10226,"early epochs",2,6
10227,"am cvn",2,6
10228,"progenitor wind",2,6
10229,"inner few",2,6
10230,"mv mag",2,6
10231,"ionization fraction",2,6
10232,"double lined",2,6
10233,"radial velocity variations",3,6
10234,"supergiant stars",2,6
10235,"normal outbursts",2,6
10236,"circumstellar nebula",2,6
10237,"luminous blue variables",3,6
10238,"wz sge",2,6
10239,"sample comprises",2,6
10240,"johnson cousins",2,6
10241,"ray telescopes",2,6
10242,"roche lobe",2,6
10243,"long term variability",3,6
10244,"extended period",2,6
10245,"rayleigh taylor instability",3,6
10246,"total hi",2,6
10247,"semi detached",2,6
10248,"southern galactic",2,6
10249,"short duration",2,6
10250,"massive star forming regions",4,6
10251,"low surface brightness profiles",4,6
10252,"deficient stars",2,6
10253,"positive correlation",2,6
10254,"optically dark",2,6
10255,"dredge up",2,6
10256,"phase resolved spectroscopy",3,6
10257,"interplanetary network",2,6
10258,"hi absorption line",3,6
10259,"term variations",2,6
10260,"dust shell",2,6
10261,"sn 1987a",2,6
10262,"shortest orbital period",3,6
10263,"matter searches",2,6
10264,"hole mass accretion onto",4,6
10265,"inner planet",2,6
10266,"viewing angles",2,6
10267,"fast magnetosonic",2,6
10268,"outer magnetosphere",2,6
10269,"globular cluster formation",3,6
10270,"stellar imf",2,6
10271,"passive evolution",2,6
10272,"radial gradient",2,6
10273,"scale lengths",2,6
10274,"compact radio",2,6
10275,"evolutionary status",2,6
10276,"colour magnitude diagram",3,6
10277,"colour diagram",2,6
10278,"tidal interactions",2,6
10279,"galactic winds",2,6
10280,"merger history",2,6
10281,"ogle ii",2,6
10282,"analysis dia",2,6
10283,"period derivative",2,6
10284,"polarimetric observations",2,6
10285,"sight velocity dispersion",3,6
10286,"anisotropic radiation",2,6
10287,"bright knots",2,6
10288,"mdi data",2,6
10289,"prominent features",2,6
10290,"cluster catalog",2,6
10291,"near ir colors",3,6
10292,"alpha line width",3,6
10293,"abundance distribution",2,6
10294,"elemental abundances",2,6
10295,"cobe dmr",2,6
10296,"supernova feedback",2,6
10297,"magnetohydrodynamic mhd turbulence",3,6
10298,"ir luminosity",2,6
10299,"iso lws",2,6
10300,"dust enshrouded",2,6
10301,"rate indicator",2,6
10302,"time scale factor",3,6
10303,"geometrically thin disk",3,6
10304,"cepheid variables",2,6
10305,"south east",2,6
10306,"hi column density",3,6
10307,"brightness profiles",2,6
10308,"quantitative studies",2,6
10309,"metal deficient",2,6
10310,"massive star forming region",4,6
10311,"going muons",2,6
10312,"icecube detector",2,6
10313,"black hole masses",3,6
10314,"adiabatic expansion",2,6
10315,"probing dark",2,6
10316,"her x-1",2,6
10317,"enhancement factors",2,6
10318,"velocity dispersion measure",3,6
10319,"during inflation driven",3,6
10320,"hubble constant h0",3,6
10321,"thin plasma",2,6
10322,"nuclear starburst nucleus",3,6
10323,"galactic foreground",2,6
10324,"observational surveys",2,6
10325,"deep hst",2,6
10326,"einstein ring",2,6
10327,"short bursts grbs",3,6
10328,"metal free",2,6
10329,"hi column",2,6
10330,"critical lines",2,6
10331,"echelle spectra",2,6
10332,"external medium",2,6
10333,"around agb stars",3,6
10334,"vacuum energy cosmic",3,6
10335,"planet search",2,6
10336,"cooling rates",2,6
10337,"narrow components",2,6
10338,"transmission grating spectrometer",3,6
10339,"astrophysical observatory",2,6
10340,"crab pulsar",2,6
10341,"relativistically broadened",2,6
10342,"plasma diagnostics",2,6
10343,"6m telescope",2,6
10344,"inhomogeneous cosmological",2,6
10345,"pulsation models",2,6
10346,"elemental abundance ratios",3,6
10347,"large proportion",2,6
10348,"magnetic fluxes",2,6
10349,"lyman continuum",2,6
10350,"below solar",2,6
10351,"ratios suggest",2,6
10352,"ring spectra",2,6
10353,"diffuse interstellar",2,6
10354,"deep hst wfpc2",3,6
10355,"line fluxes",2,6
10356,"pure luminosity",2,6
10357,"lockman hole",2,6
10358,"noise component",2,6
10359,"damped lyman alpha line",4,6
10360,"explorer fuse",2,6
10361,"wind nebulae",2,6
10362,"spectral fitting",2,6
10363,"matter haloes",2,6
10364,"briefly summarized",2,6
10365,"first overtone",2,6
10366,"covering fraction",2,6
10367,"semimajor axis",2,6
10368,"plasma torus",2,6
10369,"comoving frame",2,6
10370,"mnu ev",2,6
10371,"protoneutron star",2,6
10372,"astrophysical information",2,6
10373,"sersic index",2,6
10374,"stellar winds",2,6
10375,"isotopic ratio",2,6
10376,"face value",2,6
10377,"long slit spectroscopy",3,6
10378,"relativistic flows",2,6
10379,"cosmological models predict",3,6
10380,"electromotive force",2,6
10381,"amanda b10",2,6
10382,"rich phenomenology",2,6
10383,"atmosphere analysis",2,6
10384,"unidentified egret",2,6
10385,"abundance pattern",2,6
10386,"metal poor halo",3,6
10387,"rapid decline",2,6
10388,"powerful radio source",3,6
10389,"electro magnetic",2,6
10390,"spinning black holes",3,6
10391,"red supergiants",2,6
10392,"chandra letgs",2,6
10393,"globular cluster center",3,6
10394,"stringent limits",2,6
10395,"cosmic variance",2,6
10396,"swept up",2,6
10397,"nebulae pne",2,6
10398,"galactocentric distance",2,6
10399,"isaac newton telescope",3,6
10400,"galaxy formation histories",3,6
10401,"dust lanes",2,6
10402,"wfpc2 images",2,6
10403,"new class telescopes",3,6
10404,"large scale jets",3,6
10405,"star ns",2,6
10406,"turbulent pressure",2,6
10407,"free fall",2,6
10408,"spectral response",2,6
10409,"electron positron pair production",4,6
10410,"long time delay",3,6
10411,"eddington luminosity",2,6
10412,"power spectrum normalization",3,6
10413,"sunyaev zel dovich",3,6
10414,"double degenerate dd",3,6
10415,"dla systems dlas",3,6
10416,"loud quasars",2,6
10417,"gravitational lensing effect",3,6
10418,"massive progenitors",2,6
10419,"mass counterparts",2,6
10420,"interstellar reddening",2,6
10421,"outer disc",2,6
10422,"point source population",3,6
10423,"via accretion",2,6
10424,"redshift survey 2dfgrs",3,6
10425,"observing campaign",2,6
10426,"nearly isothermal",2,6
10427,"analysis yielded",2,6
10428,"photometric monitoring",2,6
10429,"lyman alpha",2,6
10430,"strongly favor",2,6
10431,"energy cosmic rays",3,6
10432,"observational evidences",2,6
10433,"theoretical models predict",3,6
10434,"short timescales",2,6
10435,"stellar population studies",3,6
10436,"densities below",2,6
10437,"mass m1",2,6
10438,"6-m telescope",2,6
10439,"expanding shells",2,6
10440,"helium burning",2,6
10441,"high energy distribution",3,6
10442,"css sources",2,6
10443,"supernova sn 1987a",3,6
10444,"neutrino degeneracy",2,6
10445,"chain complexes",2,6
10446,"two disjoint",2,6
10447,"relativistically covariant",2,6
10448,"borel subalgebra",2,6
10449,"parallel transported",2,6
10450,"multiplier ideals",2,6
10451,"brownian motions",2,6
10452,"hele shaw",2,6
10453,"maximal compact",2,6
10454,"main ingredients",2,6
10455,"positive characteristic zero",3,6
10456,"isotopy class",2,6
10457,"quasi hopf algebra",3,6
10458,"grothendieck ring",2,6
10459,"algebraically closed form",3,6
10460,"courant algebroid",2,6
10461,"birational geometry",2,6
10462,"chern classes",2,6
10463,"fusion product",2,6
10464,"dynkin diagram",2,6
10465,"periodic boundary",2,6
10466,"deligne mumford",2,6
10467,"cycle spaces",2,6
10468,"simply laced",2,6
10469,"modular curve",2,6
10470,"locally free",2,6
10471,"stable homotopy theory",3,6
10472,"toric manifolds",2,6
10473,"batalin vilkovisky formalism",3,6
10474,"brill noether",2,6
10475,"springer fibers",2,6
10476,"carries over",2,6
10477,"co homology",2,6
10478,"non compact subgroup",3,6
10479,"mumford curves",2,6
10480,"generated modules",2,6
10481,"dehn surgery",2,6
10482,"singular locus",2,6
10483,"cohen macaulay local ring",4,6
10484,"holomorphic map",2,6
10485,"affine toric",2,6
10486,"twisted tensor product",3,6
10487,"markov chains",2,6
10488,"two higgs field",3,6
10489,"affine surfaces",2,6
10490,"operator valued",2,6
10491,"littlewood richardson",2,6
10492,"structure constant lambda",3,6
10493,"compact orientable",2,6
10494,"partial sums",2,6
10495,"hilbert coefficients",2,6
10496,"order g2",2,6
10497,"experimental program",2,6
10498,"body centered",2,6
10499,"intersection number",2,6
10500,"asymptotically locally",2,6
10501,"expanding spherical",2,6
10502,"geometric engineering",2,6
10503,"observable rates",2,6
10504,"noetherian ring",2,6
10505,"runs through",2,6
10506,"varying alpha",2,6
10507,"instrument control",2,6
10508,"baldwin effect",2,6
10509,"slope parameter",2,6
10510,"large pt",2,6
10511,"mechanical response",2,6
10512,"chi c0",2,6
10513,"long distance behavior",3,6
10514,"vacancy formation",2,6
10515,"pair contact process",3,6
10516,"excellent candidate",2,6
10517,"angle phi",2,6
10518,"metal atoms",2,6
10519,"correlation coefficients",2,6
10520,"qualitative discussion",2,6
10521,"decay constant alpha",3,6
10522,"angular momentum space",3,6
10523,"bias voltages",2,6
10524,"electronic structure formation",3,6
10525,"leading logarithmic",2,6
10526,"intermediate mass ratio",3,6
10527,"spatial distribution function",3,6
10528,"heavy fermion systems",3,6
10529,"stadium billiard",2,6
10530,"reaction diffusion processes",3,6
10531,"spin flavor",2,6
10532,"charge density fluctuations",3,6
10533,"bare vertex",2,6
10534,"ray selected",2,6
10535,"chain lengths",2,6
10536,"anomalous magnetic fields",3,6
10537,"symmetry breaking scheme",3,6
10538,"fano resonances",2,6
10539,"dependent correction",2,6
10540,"fast convergent",2,6
10541,"experimentally observable",2,6
10542,"possess non trivial",3,6
10543,"result agrees well",3,6
10544,"parameters governing",2,6
10545,"galilei group",2,6
10546,"read off",2,6
10547,"volume growth",2,6
10548,"directed graph algebras",3,6
10549,"scaling variable",2,6
10550,"arxiv hep",2,6
10551,"non zero curvature",3,6
10552,"completely consistent",2,6
10553,"splitting functions",2,6
10554,"ricci curvature flow",3,6
10555,"knizhnik zamolodchikov",2,6
10556,"fisher information",2,6
10557,"emitting gas",2,6
10558,"delta scuti stars",3,6
10559,"bl lacertae",2,6
10560,"magnetic braking",2,6
10561,"burst grb duration",3,6
10562,"ray luminosities",2,6
10563,"central supermassive black holes",4,6
10564,"low density profile",3,6
10565,"compact radio galaxies",3,6
10566,"pair production mechanism",3,6
10567,"observational facts",2,6
10568,"tev blazars",2,6
10569,"internal pressure",2,6
10570,"short timescale",2,6
10571,"radiative equilibrium",2,6
10572,"element diffusion",2,6
10573,"sco x-1",2,6
10574,"selection bias",2,6
10575,"circularly symmetric",2,6
10576,"objective prism",2,6
10577,"common envelope phase",3,6
10578,"electron population",2,6
10579,"turbulent state",2,6
10580,"hydrogen plasma",2,6
10581,"reddened star",2,6
10582,"uv absorption lines",3,6
10583,"highly relativistic jets",3,6
10584,"pilot program",2,6
10585,"eccentric orbits",2,6
10586,"orbital angular",2,6
10587,"sax j1808.4-3658",2,6
10588,"accreting neutron star",3,6
10589,"water maser",2,6
10590,"kerr spacetime",2,6
10591,"limb darkening",2,6
10592,"superconducting quark",2,6
10593,"direct urca",2,6
10594,"feedback processes",2,6
10595,"cold gas phase",3,6
10596,"turbulent cascade",2,6
10597,"sterile neutrinos",2,6
10598,"star cs",2,6
10599,"h2 emission",2,6
10600,"higher luminosities",2,6
10601,"color excess",2,6
10602,"magnetic activity",2,6
10603,"pulse profile",2,6
10604,"super star",2,6
10605,"matched filter",2,6
10606,"sub solar",2,6
10607,"interstellar grains",2,6
10608,"motion resonances",2,6
10609,"radioactive decay",2,6
10610,"soft gamma ray bursts",4,6
10611,"spheroidal galaxy",2,6
10612,"lorentz violating",2,6
10613,"polytropic equation",2,6
10614,"accretion powered",2,6
10615,"double clusters",2,6
10616,"star contamination",2,6
10617,"relativistic outflows",2,6
10618,"warm hot",2,6
10619,"braneworld cosmology",2,6
10620,"diffeomorphism invariance",2,6
10621,"dark matter haloes",3,6
10622,"large class telescopes",3,6
10623,"rotating black hole",3,6
10624,"pulse profiles",2,6
10625,"averaged spectra",2,6
10626,"de sitter spaces",3,6
10627,"relativistic cosmology",2,6
10628,"extrasolar planet search",3,6
10629,"metal poor stars",3,6
10630,"high energy cosmic rays",4,6
10631,"power correction",2,6
10632,"geometrical picture",2,6
10633,"h2o masers",2,6
10634,"dense cores",2,6
10635,"tau leptons",2,6
10636,"wide field imager",3,6
10637,"cosmic censorship",2,6
10638,"compton thick",2,6
10639,"hydrostatic equilibrium",2,6
10640,"neutrino beam",2,6
10641,"radio pulsars",2,6
10642,"scale structure functions",3,6
10643,"cosmic microwave background cmb polarization",5,6
10644,"color indices",2,6
10645,"young stellar objects",3,6
10646,"after imposing",2,6
10647,"rotational instability",2,6
10648,"fuse observations",2,6
10649,"dot phi",2,6
10650,"attractor solutions",2,6
10651,"cm sec",2,6
10652,"severely constrained",2,6
10653,"oii emission lines",3,6
10654,"white dwarf novae",3,6
10655,"mediterranean sea",2,6
10656,"photomultiplier tubes",2,6
10657,"pile up",2,6
10658,"trapped surfaces",2,6
10659,"charged rotating",2,6
10660,"imaging atmospheric",2,6
10661,"primordial gas",2,6
10662,"frw cosmologies",2,6
10663,"open membrane",2,6
10664,"mass eigenstates",2,6
10665,"obtain explicit expression",3,6
10666,"external field theories",3,6
10667,"two loop correlators",3,6
10668,"powerful test",2,6
10669,"normalization conditions",2,6
10670,"unique feature",2,6
10671,"salient features",2,6
10672,"profile becomes",2,6
10673,"ginibre ensemble",2,6
10674,"surface reactions",2,6
10675,"approximate scaling",2,6
10676,"scale structure formation",3,6
10677,"new class constraints",3,6
10678,"foldy wouthuysen",2,6
10679,"perfect fluids",2,6
10680,"barotropic equation",2,6
10681,"nonminimally coupled",2,6
10682,"black hole thermodynamics",3,6
10683,"petrov type",2,6
10684,"charged dilaton black holes",4,6
10685,"physics e.g",2,6
10686,"killing vector",2,6
10687,"circular orbits around",3,6
10688,"action angle",2,6
10689,"btz black hole",3,6
10690,"spinning particle",2,6
10691,"fifth coordinate",2,6
10692,"asymptotic de sitter",3,6
10693,"randall sundrum rs model",4,6
10694,"schild metrics",2,6
10695,"gravitational radiation field",3,6
10696,"planck length",2,6
10697,"stephen hawking",2,6
10698,"static spherically symmetric perfect fluid",5,6
10699,"kaluza klein kk",3,6
10700,"warped extra",2,6
10701,"reissner nordstr om",3,6
10702,"bare masses",2,6
10703,"hawking evaporation",2,6
10704,"non rotating black holes",4,6
10705,"killing vector fields",3,6
10706,"lense thirring effect",3,6
10707,"static spherically symmetric spacetimes",4,6
10708,"ads cft conjecture",3,6
10709,"linear stability properties",3,6
10710,"vacuum energy momentum",3,6
10711,"renormalizable quantum",2,6
10712,"critical string",2,6
10713,"charged black holes",3,6
10714,"asymptotically de sitter",3,6
10715,"after subtraction",2,6
10716,"zero age",2,6
10717,"peculiar velocities",2,6
10718,"mirror nuclei",2,6
10719,"relic abundance",2,6
10720,"pion pair production",3,6
10721,"al apj",2,6
10722,"forward jets",2,6
10723,"model atmosphere models",3,6
10724,"symbiotic star",2,6
10725,"gamma ray spectroscopy",3,6
10726,"oxygen isotopes",2,6
10727,"cosmic epochs",2,6
10728,"solar convection",2,6
10729,"non strange",2,6
10730,"rolling down",2,6
10731,"gluon emission",2,6
10732,"integrated luminosities",2,6
10733,"vlt fors2",2,6
10734,"substantially altered",2,6
10735,"relative accuracy",2,6
10736,"storage rings",2,6
10737,"quantum corrected",2,6
10738,"five dimensional spacetime",3,6
10739,"becomes massless",2,6
10740,"higgs triplet",2,6
10741,"double beta decay",3,6
10742,"delphi detector",2,6
10743,"inclusive dis",2,6
10744,"prime meson",2,6
10745,"rho omega phi",3,6
10746,"phi factory",2,6
10747,"z0 decays",2,6
10748,"final states containing",3,6
10749,"yukawa unification",2,6
10750,"difference delta m2",3,6
10751,"transverse mass ratio",3,6
10752,"rapidity gaps",2,6
10753,"dijet production",2,6
10754,"heidelberg moscow",2,6
10755,"flavor conversion",2,6
10756,"pep ii asymmetric",3,6
10757,"fully reconstructed b0",3,6
10758,"scintillation counters",2,6
10759,"de dx",2,6
10760,"lepton nucleon scattering",3,6
10761,"quark gluon string",3,6
10762,"rapidity gap",2,6
10763,"h1 collaboration",2,6
10764,"cabibbo kobayashi maskawa ckm",4,6
10765,"glueball masses",2,6
10766,"heavy flavour",2,6
10767,"exclusive rho0",2,6
10768,"pi ell decays",3,6
10769,"c.m energy",2,6
10770,"hyperon decays",2,6
10771,"v2 pt",2,6
10772,"branching fractions br",3,6
10773,"aleph delphi l3",3,6
10774,"leptonic cp violation",3,6
10775,"color suppressed",2,6
10776,"gluon plasma qgp",3,6
10777,"charged current nc",3,6
10778,"sfermion masses",2,6
10779,"direct cp violating",3,6
10780,"exotic mesons",2,6
10781,"rapidity region",2,6
10782,"longitudinally polarised",2,6
10783,"sin2 theta",2,6
10784,"lepton universality",2,6
10785,"fixed q2",2,6
10786,"weak mixing angle",3,6
10787,"quark gluon distribution function",4,6
10788,"energy momentum spectra",3,6
10789,"deep inelastic neutron scattering",4,6
10790,"two flavours",2,6
10791,"transversely polarized",2,6
10792,"bs meson decays",3,6
10793,"deuteron target",2,6
10794,"moduli stabilization",2,6
10795,"entirely consistent",2,6
10796,"kinematic regions",2,6
10797,"photonic crystal fibers",3,6
10798,"lattice gauge fields",3,6
10799,"smeared links",2,6
10800,"fat link irrelevant operators",4,6
10801,"anomaly free energy",3,6
10802,"number susceptibilities",2,6
10803,"smeared link",2,6
10804,"isgur wise",2,6
10805,"dual superconductivity",2,6
10806,"su lattice gauge theories",4,6
10807,"imaginary chemical potential",3,6
10808,"bosonic string theories",3,6
10809,"chromodynamics qcd",2,6
10810,"four dimensional reduction",3,6
10811,"approx fm",2,6
10812,"two pion nucleon",3,6
10813,"gluon string",2,6
10814,"four fermion action",3,6
10815,"lying spectrum",2,6
10816,"lepton pair",2,6
10817,"invariant mass function",3,6
10818,"isospin dependence",2,6
10819,"down quark mass",3,6
10820,"transverse mass function",3,6
10821,"cdot gev",2,6
10822,"pb reactions",2,6
10823,"relativistic heavy ion collider rhic",5,6
10824,"string fragmentation",2,6
10825,"day night spectra",3,6
10826,"boson exchange",2,6
10827,"pion interferometry",2,6
10828,"elastic scattering amplitudes",3,6
10829,"nuclear modification",2,6
10830,"deeply bound states",3,6
10831,"mass splittings",2,6
10832,"meson exchange currents",3,6
10833,"covariant bethe salpeter equation",4,6
10834,"bethe salpeter formalism",3,6
10835,"majorana mass matrices",3,6
10836,"mb corrections",2,6
10837,"proton stability",2,6
10838,"lsnd anomaly",2,6
10839,"hadronic tau lepton",3,6
10840,"texture zeros",2,6
10841,"momentum space time",3,6
10842,"power suppressed",2,6
10843,"left right handed neutrinos",4,6
10844,"pair production rate",3,6
10845,"minimal sensitivity",2,6
10846,"non linear colliders",3,6
10847,"particle production mechanism",3,6
10848,"dependent parton",2,6
10849,"flavour oscillations",2,6
10850,"universal extra dimension",3,6
10851,"baryogenesis via leptogenesis",3,6
10852,"horizontal symmetry",2,6
10853,"cone qcd",2,6
10854,"box diagram",2,6
10855,"peccei quinn",2,6
10856,"strong coupling constant alpha",4,6
10857,"lepton generations",2,6
10858,"t2 z2 orbifold",3,6
10859,"landau gauge coupling",3,6
10860,"hadron gas",2,6
10861,"excited baryons",2,6
10862,"event generators",2,6
10863,"su flavour symmetry",3,6
10864,"renormalizable operators",2,6
10865,"non supersymmetric standard model mssm",5,6
10866,"anomalous magnetic moments",3,6
10867,"charged higgs boson production",4,6
10868,"fourth generation",2,6
10869,"mediated susy",2,6
10870,"infrared renormalon",2,6
10871,"rapidity distribution",2,6
10872,"majorana fermions",2,6
10873,"effective mass matrix",3,6
10874,"unitarized chiral perturbation theory",4,6
10875,"kk mode",2,6
10876,"ads cft duality",3,6
10877,"topcolor assisted technicolor tc2 models",5,6
10878,"dense qcd",2,6
10879,"gsim gev",2,6
10880,"neutrino sector",2,6
10881,"pati salam",2,6
10882,"nucleon scattering amplitudes",3,6
10883,"conformal anomaly",2,6
10884,"bottom quark mass",3,6
10885,"minimal supersymmetric particles",3,6
10886,"two higgs boson",3,6
10887,"hard exclusive",2,6
10888,"parton saturation",2,6
10889,"perturbative expansion coefficient",3,6
10890,"electroweak phase transition",3,6
10891,"leading logarithms",2,6
10892,"photon momenta",2,6
10893,"off regularization",2,6
10894,"quark squark",2,6
10895,"qcd vacuum energy",3,6
10896,"pionic atoms",2,6
10897,"inverse scattering amplitude",3,6
10898,"massless pseudo",2,6
10899,"mellin moments",2,6
10900,"hooft polyakov",2,6
10901,"limit mb",2,6
10902,"type ii string theory",4,6
10903,"hadron wave functions",3,6
10904,"absorptive part",2,6
10905,"odd nuclei",2,6
10906,"spontaneously broken phases",3,6
10907,"dynamical supersymmetry",2,6
10908,"kalb ramond",2,6
10909,"nlc linac",2,6
10910,"eight dimensional",2,6
10911,"type iib superstring",3,6
10912,"euclidean ads3",2,6
10913,"tadpole cancellation",2,6
10914,"holographic description",2,6
10915,"noncommutativity parameter space",3,6
10916,"universal hypermultiplet",2,6
10917,"d6-branes intersecting",2,6
10918,"dilaton axion",2,6
10919,"wzw models",2,6
10920,"gubser klebanov",2,6
10921,"brst symmetry",2,6
10922,"fine tuning solutions",3,6
10923,"d3 branes",2,6
10924,"normalizable zero mode",3,6
10925,"nielsen olesen vortices",3,6
10926,"neumann coefficients",2,6
10927,"supersymmetric cycles",2,6
10928,"spacelike branes",2,6
10929,"doubly special relativity dsr",4,6
10930,"logarithmic conformal field theory",4,6
10931,"rolling tachyon potential",3,6
10932,"brane intersections",2,6
10933,"3-form flux",2,6
10934,"brane antibrane",2,6
10935,"supergravity approximation",2,6
10936,"orbifold compactifications",2,6
10937,"thouless transition",2,5
10938,"levi civita",2,5
10939,"map lattices",2,5
10940,"gaussian unitary ensemble gue",4,5
10941,"sturm liouville",2,5
10942,"interband transitions",2,5
10943,"power series expansion",3,5
10944,"bi hamiltonian systems",3,5
10945,"correct scaling limit",3,5
10946,"cosmological horizons",2,5
10947,"kolmogorov sinai entropy",3,5
10948,"line bundle over",3,5
10949,"manifestly gauge",2,5
10950,"toda lattice hierarchy",3,5
10951,"harish chandra itzykson zuber",4,5
10952,"pseudo hermiticity",2,5
10953,"pt spectrum",2,5
10954,"algebraic structure functions",3,5
10955,"deformed oscillator algebra",3,5
10956,"fully reducible",2,5
10957,"berry phase space",3,5
10958,"group theoretical description",3,5
10959,"slater determinants",2,5
10960,"pt symmetric hamiltonians",3,5
10961,"pseudo hermitian hamiltonian",3,5
10962,"cat map",2,5
10963,"local unitary operation",3,5
10964,"schur polynomials",2,5
10965,"quasi projective",2,5
10966,"space time derivative",3,5
10967,"geodesic flows",2,5
10968,"compact lie",2,5
10969,"orthogonal polynomial",2,5
10970,"complex scalar field theory",4,5
10971,"phi ne",2,5
10972,"pseudo riemannian geometry",3,5
10973,"equation obeyed",2,5
10974,"gaussian orthogonal ensemble goe",4,5
10975,"self adjointness",2,5
10976,"rarita schwinger",2,5
10977,"6j symbols",2,5
10978,"poincare invariant",2,5
10979,"uq hat",2,5
10980,"dense gas phase",3,5
10981,"dressing chain",2,5
10982,"sigma xy",2,5
10983,"integral quantization",2,5
10984,"dynamical semigroups",2,5
10985,"autocorrelation functions",2,5
10986,"cayley hamilton",2,5
10987,"tight binding models",3,5
10988,"volume preserving",2,5
10989,"schrodinger operators",2,5
10990,"log concave",2,5
10991,"salpeter like",2,5
10992,"bose gas phase transition",4,5
10993,"superselection rules",2,5
10994,"brownian bridge",2,5
10995,"fractional quantum numbers",3,5
10996,"many fermion systems",3,5
10997,"perturbation expansions",2,5
10998,"space time translations",3,5
10999,"sub algebra",2,5
11000,"canonically conjugate variables",3,5
11001,"spring constants",2,5
11002,"instanton density",2,5
11003,"photoelectric effect",2,5
11004,"experimentally verified",2,5
11005,"polarized abelian varieties",3,5
11006,"exterior derivative",2,5
11007,"continuous maps",2,5
11008,"linear elasticity theory",3,5
11009,"translation invariance",2,5
11010,"exponential cut",2,5
11011,"computational economy",2,5
11012,"compact riemannian",2,5
11013,"holomorphic maps",2,5
11014,"square geometry",2,5
11015,"theta vacuum energy",3,5
11016,"adjoint representations",2,5
11017,"simple lie algebras",3,5
11018,"curvature tensors",2,5
11019,"matrix valued functions",3,5
11020,"almost exactly",2,5
11021,"boolean functions",2,5
11022,"dimensional hilbert space",3,5
11023,"unitary gates",2,5
11024,"two dimensional hilbert space",4,5
11025,"schroedinger operator",2,5
11026,"ghz states",2,5
11027,"hilbert space time dependent",4,5
11028,"correcting codes",2,5
11029,"bragg reflections",2,5
11030,"fully entangled states",3,5
11031,"depolarizing channel",2,5
11032,"optical cavity field",3,5
11033,"almost linearly",2,5
11034,"semidefinite programming",2,5
11035,"local unitary transformations",3,5
11036,"decoherence free subspaces",3,5
11037,"down conversion",2,5
11038,"fault tolerance",2,5
11039,"bi partite quantum",3,5
11040,"quantum bit",2,5
11041,"doubly stochastic",2,5
11042,"counter propagating",2,5
11043,"phase matching",2,5
11044,"magneto optical kerr effect",4,5
11045,"nuclear magnetic resonance",3,5
11046,"homogeneous bose einstein condensate",4,5
11047,"third law",2,5
11048,"harmonic oscillator coherent states",4,5
11049,"short ranged correlations",3,5
11050,"dissipation ratio",2,5
11051,"fault tolerant quantum computer",4,5
11052,"theoretical effort",2,5
11053,"non relativistic quantum mechanics",4,5
11054,"boolean algebras",2,5
11055,"optical cavity qed",3,5
11056,"holonomic quantum computation",3,5
11057,"go theorems",2,5
11058,"algorithmic information",2,5
11059,"pair wise",2,5
11060,"wrong sign",2,5
11061,"optimal value problem",3,5
11062,"specific heat coefficient",3,5
11063,"local hidden variables",3,5
11064,"nmr quantum",2,5
11065,"finite duration",2,5
11066,"distillable entanglement distillation",3,5
11067,"einstein podolsky rosen epr paradox",5,5
11068,"level atom interacting",3,5
11069,"time dependent schroedinger equation",4,5
11070,"bloch oscillations",2,5
11071,"stochastic differential equation",3,5
11072,"clauser horne shimony",3,5
11073,"generalized coherent state",3,5
11074,"optical parametric down conversion",4,5
11075,"newly born",2,5
11076,"local lorentz invariance",3,5
11077,"single particle moving",3,5
11078,"strange attractor",2,5
11079,"azimuthal angle phi",3,5
11080,"dynamical casimir effect",3,5
11081,"reduced density operator",3,5
11082,"inverse participation ratio",3,5
11083,"space inversion",2,5
11084,"space time delay",3,5
11085,"theory rmt",2,5
11086,"reduced density matrices",3,5
11087,"approximate analytical solution",3,5
11088,"detailed examination",2,5
11089,"experimentally realizable",2,5
11090,"quantum nondemolition",2,5
11091,"electromagnetically induced transparency",3,5
11092,"asymptotic entanglement",2,5
11093,"communication cost",2,5
11094,"partial wave function",3,5
11095,"storage capacity",2,5
11096,"containing exactly once",3,5
11097,"vector bundles over",3,5
11098,"physically acceptable",2,5
11099,"scalable quantum computer",3,5
11100,"actual value",2,5
11101,"electro optic",2,5
11102,"orthonormal basis",2,5
11103,"critical value problem",3,5
11104,"degenerate ground states",3,5
11105,"phase space time dependent",4,5
11106,"einstein podolsky rosen paradox",4,5
11107,"physical situation",2,5
11108,"twin beam",2,5
11109,"neighbor interactions",2,5
11110,"four qubit",2,5
11111,"separability criterion",2,5
11112,"quantum circuits",2,5
11113,"lamb dicke",2,5
11114,"consistent histories",2,5
11115,"lowest energy gap",3,5
11116,"schrodinger type",2,5
11117,"time dependent observables",3,5
11118,"damped harmonic oscillator",3,5
11119,"ac stark",2,5
11120,"topics concerning",2,5
11121,"bound entangled states",3,5
11122,"multipartite entanglement measures",3,5
11123,"alternative explanations",2,5
11124,"two dimensional minkowski space",4,5
11125,"effective hamiltonian formalism",3,5
11126,"absorption line widths",3,5
11127,"truncation scheme",2,5
11128,"scalable quantum dot",3,5
11129,"cp noninvariant",2,5
11130,"cost function",2,5
11131,"bits per",2,5
11132,"deutsch jozsa",2,5
11133,"optical pumping",2,5
11134,"lorentz boost",2,5
11135,"argument against",2,5
11136,"avalanche photodiode",2,5
11137,"error correcting",2,5
11138,"homogeneous coordinate",2,5
11139,"dimensional subspaces",2,5
11140,"optical lattices",2,5
11141,"nash equilibrium",2,5
11142,"nmr quantum computation",3,5
11143,"master equation describing",3,5
11144,"fault tolerant",2,5
11145,"pulse sequence",2,5
11146,"macroscopic quantum mechanics",3,5
11147,"ann phys",2,5
11148,"approximate analytical",2,5
11149,"resonance nmr",2,5
11150,"bayes theorem",2,5
11151,"aharonov casher",2,5
11152,"fully entangled",2,5
11153,"group contraction",2,5
11154,"vibrationally excited",2,5
11155,"quantum parallelism",2,5
11156,"particle beams",2,5
11157,"unitarity condition",2,5
11158,"success rate",2,5
11159,"conditional phase",2,5
11160,"priori information",2,5
11161,"roles played",2,5
11162,"resonant tunneling through",3,5
11163,"long time resolved",3,5
11164,"external electromagnetic",2,5
11165,"nodal structure",2,5
11166,"non gaussian component",3,5
11167,"fiber optic",2,5
11168,"connected lie algebra",3,5
11169,"circuit theory",2,5
11170,"resonance phenomena",2,5
11171,"double occupancy",2,5
11172,"inelastic scattering processes",3,5
11173,"superconductor kappa",2,5
11174,"anomalous scaling exponents",3,5
11175,"single electron hole",3,5
11176,"metastable configurations",2,5
11177,"x2-y2 symmetry",2,5
11178,"superconductor sr2ruo4",2,5
11179,"hysteresis loop",2,5
11180,"linear elasticity",2,5
11181,"bak sneppen",2,5
11182,"pre heating",2,5
11183,"reparametrization invariance",2,5
11184,"multi scale structure",3,5
11185,"average connectivity",2,5
11186,"high purity",2,5
11187,"electrochemical potentials",2,5
11188,"vortex loops",2,5
11189,"torque magnetometry",2,5
11190,"abrupt change",2,5
11191,"mg 1-x",2,5
11192,"tunneling conductance peak",3,5
11193,"avalanche size",2,5
11194,"large scale invariant",3,5
11195,"mgb2 single",2,5
11196,"wetting layer",2,5
11197,"free energy barrier",3,5
11198,"quadrupole mode",2,5
11199,"electron doped cuprates",3,5
11200,"half filled band",3,5
11201,"order parameter kappa",3,5
11202,"higher pressures",2,5
11203,"viscous fingering",2,5
11204,"ensemble average over",3,5
11205,"spin fluctuation induced",3,5
11206,"dot array",2,5
11207,"multi walled",2,5
11208,"gold nanowires",2,5
11209,"slow relaxation rate",3,5
11210,"heavy quasiparticle",2,5
11211,"pseudogap formation",2,5
11212,"energies below mev",3,5
11213,"electronic transport measurements",3,5
11214,"helmholtz free energy",3,5
11215,"three dimensional ising model",4,5
11216,"ground state potts model",4,5
11217,"angular momentum conservation",3,5
11218,"multiplicative noise",2,5
11219,"hodgkin huxley",2,5
11220,"correlation length scale",3,5
11221,"mott hubbard model",3,5
11222,"sign reversal",2,5
11223,"tricritical ising model",3,5
11224,"lattice mismatch",2,5
11225,"tsallis nonextensive",2,5
11226,"situ reaction",2,5
11227,"fe gaas",2,5
11228,"curie temperatures",2,5
11229,"capacitively coupled",2,5
11230,"cooper pair box",3,5
11231,"energy minimization",2,5
11232,"xy universality class",3,5
11233,"dimensional organic",2,5
11234,"importance sampling",2,5
11235,"spin flip transitions",3,5
11236,"paramagnetic phase",2,5
11237,"corner sharing",2,5
11238,"break junctions",2,5
11239,"optimally doped",2,5
11240,"periodic modulation",2,5
11241,"phase transition metals",3,5
11242,"weakly interacting electrons",3,5
11243,"green kubo",2,5
11244,"bulk material parameters",3,5
11245,"ionic strength",2,5
11246,"amino acid",2,5
11247,"weak localization correction",3,5
11248,"lo phonon",2,5
11249,"joint action",2,5
11250,"exclusion process",2,5
11251,"second virial coefficient",3,5
11252,"vortex lattices",2,5
11253,"structural information",2,5
11254,"quantum critical temperature",3,5
11255,"aslamazov larkin",2,5
11256,"two component plasma",3,5
11257,"naturally explains",2,5
11258,"moving away",2,5
11259,"density matrix renormalization group dmrg",5,5
11260,"transmission coefficient",2,5
11261,"data files",2,5
11262,"stretching mode",2,5
11263,"superconducting phase transition occurs",4,5
11264,"long ranged",2,5
11265,"fully automated",2,5
11266,"ab plane parallel",3,5
11267,"diamond anvil",2,5
11268,"alkali metal",2,5
11269,"face centered cubic lattice",4,5
11270,"detailed numerical simulations",3,5
11271,"nd 2-x",2,5
11272,"strongly correlated materials",3,5
11273,"metal insulator transition mit",4,5
11274,"component bose einstein condensates",4,5
11275,"kinetic energy momentum",3,5
11276,"inelastic neutron",2,5
11277,"homogeneous bose gas",3,5
11278,"under extreme",2,5
11279,"relaxor ferroelectrics",2,5
11280,"neural responses",2,5
11281,"current voltage characteristic",3,5
11282,"thermodynamical quantities",2,5
11283,"per cu",2,5
11284,"theta approx",2,5
11285,"stable circular",2,5
11286,"field musr",2,5
11287,"generalized green",2,5
11288,"aging properties",2,5
11289,"standard bcs",2,5
11290,"sub populations",2,5
11291,"resonant ultrasound",2,5
11292,"molecular magnets",2,5
11293,"vicious walkers",2,5
11294,"nernst effect",2,5
11295,"interchain coupling",2,5
11296,"self interacting via",3,5
11297,"recombination rate",2,5
11298,"measurable quantities",2,5
11299,"slow relaxation processes",3,5
11300,"gaussian component",2,5
11301,"broad range correlations",3,5
11302,"single walled carbon nanotubes",4,5
11303,"virtual crystal",2,5
11304,"secret key exchange",3,5
11305,"non equilibrium green function",4,5
11306,"approximation lsda",2,5
11307,"compression algorithm",2,5
11308,"chaotic flow",2,5
11309,"spin correlation length",3,5
11310,"bond percolation clusters",3,5
11311,"mott insulator transition",3,5
11312,"potential barriers",2,5
11313,"becomes stronger",2,5
11314,"augmented plane wave",3,5
11315,"two dimensional electron hole",4,5
11316,"artificial life",2,5
11317,"length scale factor",3,5
11318,"avoided crossing",2,5
11319,"two dimensional 2d electron",4,5
11320,"lifshitz gilbert",2,5
11321,"solitary wave",2,5
11322,"three dimensional 1d",3,5
11323,"heisenberg antiferromagnet",2,5
11324,"non equilibrium steady",3,5
11325,"ambient pressure",2,5
11326,"diffusive behavior",2,5
11327,"sub leading order",3,5
11328,"type ii superconductivity",3,5
11329,"kinetic monte carlo simulations",4,5
11330,"kardar parisi zhang",3,5
11331,"dynamic monte carlo simulation",4,5
11332,"system 2des",2,5
11333,"under shear stress",3,5
11334,"2d electron systems",3,5
11335,"cylindrical multi",2,5
11336,"manganese oxide",2,5
11337,"solvent quality",2,5
11338,"energy density functional theory",4,5
11339,"driven granular mixture",3,5
11340,"superfluid stiffness",2,5
11341,"double differential",2,5
11342,"principal chiral",2,5
11343,"quenched randomness",2,5
11344,"finite sized",2,5
11345,"transfer rates",2,5
11346,"quasiparticle spectrum",2,5
11347,"lattice gases",2,5
11348,"parabolic confinement",2,5
11349,"finite temperature tc",3,5
11350,"quench condensed",2,5
11351,"preferred direction",2,5
11352,"spin-1 heisenberg antiferromagnet",3,5
11353,"density wave superconductors",3,5
11354,"multi site",2,5
11355,"metallic grains",2,5
11356,"landauer formalism",2,5
11357,"pseudo gap",2,5
11358,"self tuning",2,5
11359,"kondo temperature tk",3,5
11360,"quadrupole deformation",2,5
11361,"ordered phase diagram",3,5
11362,"structural relaxation",2,5
11363,"highly oriented",2,5
11364,"equilibrium steady state",3,5
11365,"spatial dispersion relation",3,5
11366,"steady shear",2,5
11367,"inversion asymmetry",2,5
11368,"spontaneous current",2,5
11369,"trapped bose einstein condensates",4,5
11370,"qed3 theory",2,5
11371,"distinguishing features",2,5
11372,"confining phase transition",3,5
11373,"main peak",2,5
11374,"superconductor insulator transition",3,5
11375,"nonequilibrium steady states",3,5
11376,"electronic structure functions",3,5
11377,"kappa bedt ttf",3,5
11378,"andreev reflections",2,5
11379,"dephasing rate",2,5
11380,"lowest landau",2,5
11381,"occupation numbers",2,5
11382,"probability density fluctuations",3,5
11383,"ray photoemission",2,5
11384,"particle tracking",2,5
11385,"callan symanzik",2,5
11386,"mixed phase space",3,5
11387,"liquid gas phase",3,5
11388,"fluctuation dissipation ratio",3,5
11389,"kinetic roughening",2,5
11390,"lightly doped",2,5
11391,"ferroelectric phase transition",3,5
11392,"organic superconductor",2,5
11393,"superexchange interactions",2,5
11394,"monotonic dependence",2,5
11395,"weak pinning",2,5
11396,"low frequency dependence",3,5
11397,"colloid polymer mixtures",3,5
11398,"pure hydrogen",2,5
11399,"1-x ca",2,5
11400,"bose einstein condensation bec",4,5
11401,"charge density modulations",3,5
11402,"cyclotron resonances",2,5
11403,"incommensurate magnetic",2,5
11404,"inclined plane",2,5
11405,"structure formation rate",3,5
11406,"stretched exponential growth",3,5
11407,"equilibrium position",2,5
11408,"incommensurate magnetic field",3,5
11409,"emission line width",3,5
11410,"superconducting sc",2,5
11411,"fat tailed",2,5
11412,"shubnikov de haas effect",4,5
11413,"biological networks",2,5
11414,"magnetoresistance ratio",2,5
11415,"limited statistics",2,5
11416,"boson propagator",2,5
11417,"falicov kimball",2,5
11418,"cu sites",2,5
11419,"schottky barrier",2,5
11420,"superconducting transition occurs",3,5
11421,"perturbative approaches",2,5
11422,"atoms per",2,5
11423,"caloric curves",2,5
11424,"zero mode coupling",3,5
11425,"stochastic partial differential equation",4,5
11426,"conductance spectra",2,5
11427,"multi gap",2,5
11428,"spectral energy density",3,5
11429,"mgb2 single crystal",3,5
11430,"harmonic traps",2,5
11431,"qualitative picture",2,5
11432,"cylindrical geometry",2,5
11433,"ferroelectric pb",2,5
11434,"rapidly suppressed",2,5
11435,"al ga",2,5
11436,"insulating phase transition",3,5
11437,"momentum conservation laws",3,5
11438,"zero temperature chaos",3,5
11439,"energy ranges",2,5
11440,"factorization approximation",2,5
11441,"non interacting via",3,5
11442,"total length",2,5
11443,"zero temperature dependent",3,5
11444,"wigner molecule",2,5
11445,"quantitatively reproduced",2,5
11446,"steps toward",2,5
11447,"system size scaling exponents",4,5
11448,"physical relevance",2,5
11449,"pseudo euclidean",2,5
11450,"short chains",2,5
11451,"mesa structures",2,5
11452,"bragg peaks",2,5
11453,"opinion spreading",2,5
11454,"highly suppressed",2,5
11455,"seven dimensional",2,5
11456,"excitable systems",2,5
11457,"diffusive transport through",3,5
11458,"approaching zero",2,5
11459,"conjugate gradient",2,5
11460,"nematic phase",2,5
11461,"semiconductor quantum wires",3,5
11462,"polar nanoregions",2,5
11463,"diffraction measurements",2,5
11464,"lower temperatures below",3,5
11465,"residual resistivity",2,5
11466,"synchrotron peak",2,5
11467,"unusually large",2,5
11468,"orbital hubbard model",3,5
11469,"alpha ge",2,5
11470,"field hc2",2,5
11471,"fiber bundles",2,5
11472,"disordered media",2,5
11473,"gaas heterostructures",2,5
11474,"total energy spectrum",3,5
11475,"dipolar interaction",2,5
11476,"ornstein uhlenbeck process",3,5
11477,"diffraction techniques",2,5
11478,"neel state",2,5
11479,"screening length",2,5
11480,"network traffic",2,5
11481,"hole doped cuprates",3,5
11482,"isomorphism classes",2,5
11483,"algebraic combinatorics",2,5
11484,"complex semisimple",2,5
11485,"compact kaehler manifold",3,5
11486,"space spanned",2,5
11487,"first order logic",3,5
11488,"projective curve",2,5
11489,"uniformly continuous",2,5
11490,"bruhat order",2,5
11491,"line index",2,5
11492,"abelian integrals",2,5
11493,"picard fuchs",2,5
11494,"casson gordon",2,5
11495,"heegaard splittings",2,5
11496,"lefschetz fibration",2,5
11497,"amer math",2,5
11498,"polygon spaces",2,5
11499,"graph algebras",2,5
11500,"homotopy types",2,5
11501,"simple geometric construction",3,5
11502,"fourier integral",2,5
11503,"flat minkowski space",3,5
11504,"totally geodesic",2,5
11505,"ramond field theory",3,5
11506,"heun equation",2,5
11507,"hardy space",2,5
11508,"complete riemannian manifold",3,5
11509,"lyapunov function",2,5
11510,"fourth power",2,5
11511,"quasi hopf algebras",3,5
11512,"totally skew symmetric",3,5
11513,"dehn twists",2,5
11514,"diffuse scattering",2,5
11515,"fractal sets",2,5
11516,"triangulated category",2,5
11517,"intersection cohomology",2,5
11518,"hler manifolds",2,5
11519,"bianchi identity",2,5
11520,"nodal curves",2,5
11521,"intersection numbers",2,5
11522,"catalan numbers",2,5
11523,"wiener hopf",2,5
11524,"short time variation",3,5
11525,"continuous mappings",2,5
11526,"modular curves",2,5
11527,"orientable surface",2,5
11528,"projective plane",2,5
11529,"self intersection",2,5
11530,"del pezzo",2,5
11531,"complex projective line",3,5
11532,"moment maps",2,5
11533,"feynman vernon",2,5
11534,"moving observer",2,5
11535,"briefly mentioned",2,5
11536,"spin rotation measure",3,5
11537,"niels bohr",2,5
11538,"singularity free energy",3,5
11539,"phd thesis",2,5
11540,"klein gordon model",3,5
11541,"free energy distribution",3,5
11542,"assumptions concerning",2,5
11543,"non orientable",2,5
11544,"simple combinatorial",2,5
11545,"strange particle",2,5
11546,"repulsive forces",2,5
11547,"atom interacting",2,5
11548,"oscillator basis",2,5
11549,"generalized green functions",3,5
11550,"non singular behavior",3,5
11551,"spin echo",2,5
11552,"relative amplitudes",2,5
11553,"van dam",2,5
11554,"driving fields",2,5
11555,"quantum dots embedded",3,5
11556,"kolmogorov complexity",2,5
11557,"collisional damping",2,5
11558,"fibred over",2,5
11559,"exactly half",2,5
11560,"width difference",2,5
11561,"critical point source",3,5
11562,"isotropic heisenberg",2,5
11563,"quantum spheres",2,5
11564,"eight dimensions",2,5
11565,"combinatorial auctions",2,5
11566,"mutually non",2,5
11567,"science goals",2,5
11568,"language processing",2,5
11569,"dynamic programming",2,5
11570,"artificial neural network",3,5
11571,"temporal patterns",2,5
11572,"low coverage",2,5
11573,"likelihood function",2,5
11574,"spatial domains",2,5
11575,"readily available",2,5
11576,"non negative integer",3,5
11577,"parametric form",2,5
11578,"fine tuned",2,5
11579,"web services",2,5
11580,"multiagent systems",2,5
11581,"information technology",2,5
11582,"information retrieval",2,5
11583,"counter term",2,5
11584,"convection diffusion",2,5
11585,"solution rbf",2,5
11586,"extra information",2,5
11587,"diagnostic tools",2,5
11588,"too weak",2,5
11589,"spatial clustering",2,5
11590,"exciting new",2,5
11591,"time sampling",2,5
11592,"unitary minimal",2,5
11593,"anisotropy xi",2,5
11594,"planar lattices",2,5
11595,"fermi pasta ulam",3,5
11596,"stochastic differential",2,5
11597,"immediate vicinity",2,5
11598,"metal electrodes",2,5
11599,"charge transport measurements",3,5
11600,"lagrange multiplier",2,5
11601,"micro structure",2,5
11602,"chi square",2,5
11603,"developments concerning",2,5
11604,"depletion layer",2,5
11605,"fold degenerate",2,5
11606,"mn concentration",2,5
11607,"copper oxygen",2,5
11608,"hessian matrix",2,5
11609,"pairing force",2,5
11610,"dzyaloshinskii moriya interaction",3,5
11611,"decreases linearly",2,5
11612,"unconventional superconductivity",2,5
11613,"surface density fluctuations",3,5
11614,"current density jc",3,5
11615,"quasi particle hole",3,5
11616,"plasma resonance",2,5
11617,"ohm cm",2,5
11618,"thermal activation",2,5
11619,"containing exactly",2,5
11620,"zero point contacts",3,5
11621,"critical temperature tc superconductors",4,5
11622,"limiting curve",2,5
11623,"squid magnetometry",2,5
11624,"domain wall motion",3,5
11625,"inter dot",2,5
11626,"non zero modes",3,5
11627,"elastic waves",2,5
11628,"neutrons ucn",2,5
11629,"poor solvent",2,5
11630,"spin relaxation process",3,5
11631,"shear free",2,5
11632,"micro photoluminescence",2,5
11633,"staggered magnetic field",3,5
11634,"spatially resolved spectroscopy",3,5
11635,"dynamic monte carlo simulations",4,5
11636,"long range forces",3,5
11637,"reveals itself",2,5
11638,"thermal loops",2,5
11639,"fractional charges",2,5
11640,"spherical harmonic",2,5
11641,"tilt angle",2,5
11642,"bilayer quantum",2,5
11643,"electrical breakdown",2,5
11644,"orthorhombic phase transition",3,5
11645,"diffusion constants",2,5
11646,"reversal symmetry",2,5
11647,"highly disordered",2,5
11648,"mittag leffler",2,5
11649,"nonextensive statistical mechanics",3,5
11650,"ultracold fermionic atoms",3,5
11651,"potential linearized augmented plane wave",5,5
11652,"nano scale",2,5
11653,"phi derivable",2,5
11654,"system behaves like",3,5
11655,"model porous",2,5
11656,"integer valued",2,5
11657,"low pressures",2,5
11658,"approximation lda",2,5
11659,"josephson junction arrays",3,5
11660,"erd os",2,5
11661,"basal plane",2,5
11662,"blue shift",2,5
11663,"hypercubic lattice",2,5
11664,"key steps",2,5
11665,"nonanalytic behaviour",2,5
11666,"detrended fluctuation analysis",3,5
11667,"driven granular media",3,5
11668,"size scaling properties",3,5
11669,"sodium atoms",2,5
11670,"fractional brownian motion",3,5
11671,"intermediate steps",2,5
11672,"constrained variational",2,5
11673,"survival probability distribution",3,5
11674,"rough phase transition",3,5
11675,"melting behavior",2,5
11676,"probably related",2,5
11677,"nuclear quadrupole",2,5
11678,"rashba spin orbit coupling",4,5
11679,"sum rule approach",3,5
11680,"gibbs measure",2,5
11681,"helix coil",2,5
11682,"infinite rank",2,5
11683,"passage time",2,5
11684,"orientational ordering",2,5
11685,"yakonov perel",2,5
11686,"exposure time",2,5
11687,"shape memory",2,5
11688,"elastic neutron",2,5
11689,"thermal expansion coefficient",3,5
11690,"diagrammatic perturbation theory",3,5
11691,"exponentially decaying",2,5
11692,"higher spins",2,5
11693,"careful consideration",2,5
11694,"kappa symmetric",2,5
11695,"theta ij",2,5
11696,"few million",2,5
11697,"fermi liquid behaviour",3,5
11698,"nested fermi surface",3,5
11699,"spherical symmetry breaking",3,5
11700,"generalized heisenberg model",3,5
11701,"closely matches",2,5
11702,"transverse momentum distribution functions",4,5
11703,"arbitrary pattern",2,5
11704,"arpes data",2,5
11705,"behave similarly",2,5
11706,"non decoupling",2,5
11707,"vogel fulcher",2,5
11708,"coherence peak",2,5
11709,"torque exerted",2,5
11710,"energy density perturbations",3,5
11711,"intermediate valence",2,5
11712,"non gaussian tails",3,5
11713,"magnetic field hc2",3,5
11714,"non gaussian features",3,5
11715,"lagrange multipliers",2,5
11716,"negative binomial",2,5
11717,"non linear sigma",3,5
11718,"highly localized states",3,5
11719,"bar nu alpha",3,5
11720,"body rotation",2,5
11721,"latent heat",2,5
11722,"spin reorientation",2,5
11723,"hole mass accretion disks",4,5
11724,"entropy perturbations",2,5
11725,"rotation rate",2,5
11726,"vela pulsar",2,5
11727,"circular velocity",2,5
11728,"galactic disk galaxies",3,5
11729,"bright end",2,5
11730,"imager esi",2,5
11731,"empirical relations",2,5
11732,"deep halpha",2,5
11733,"local bubble",2,5
11734,"hundred parsecs",2,5
11735,"accretion disk galaxies",3,5
11736,"speckle interferometry",2,5
11737,"automated search",2,5
11738,"unresolved source",2,5
11739,"agn unification",2,5
11740,"low luminosity agns llagns",4,5
11741,"remaining gas",2,5
11742,"few days",2,5
11743,"marginally resolved",2,5
11744,"orbital modulation",2,5
11745,"large trans neptunian",3,5
11746,"3d mhd",2,5
11747,"mira variables",2,5
11748,"water vapour",2,5
11749,"william herschel",2,5
11750,"telescope vlt",2,5
11751,"exotic dark matter",3,5
11752,"initial mass distribution function",4,5
11753,"massive bhs",2,5
11754,"blank fields",2,5
11755,"spectral fits",2,5
11756,"loss rate mdot",3,5
11757,"nearby starburst",2,5
11758,"violent relaxation",2,5
11759,"ultraviolet spectroscopic",2,5
11760,"galaxy mrk",2,5
11761,"redshift distribution function",3,5
11762,"radiative cooling rate",3,5
11763,"arkani hamed",2,5
11764,"ionizing sources",2,5
11765,"extragalactic radio galaxies",3,5
11766,"dwarf companions",2,5
11767,"sub galactic",2,5
11768,"hydrodynamics code",2,5
11769,"ultra high energy spectrum",4,5
11770,"modified dispersion relation",3,5
11771,"strong gravitational radiation",3,5
11772,"non equilibrium ionization",3,5
11773,"virial mass",2,5
11774,"weakly ionized",2,5
11775,"square arcminutes",2,5
11776,"canada france",2,5
11777,"ii asymmetric",2,5
11778,"chandrasekhar mass",2,5
11779,"reaction network",2,5
11780,"barred spiral",2,5
11781,"deep field north",3,5
11782,"inner halo",2,5
11783,"accurate determinations",2,5
11784,"flat friedmann equation",3,5
11785,"supernovae sne",2,5
11786,"color gradients",2,5
11787,"prandtl number",2,5
11788,"old open clusters",3,5
11789,"multicolor photometry",2,5
11790,"photometric accuracy",2,5
11791,"mass accretion flow",3,5
11792,"poynting flux",2,5
11793,"dipole transitions",2,5
11794,"active galactic nuclei agns",4,5
11795,"lightest supersymmetric particle lsp",4,5
11796,"full width half line",4,5
11797,"damped lyman alpha absorbers",4,5
11798,"burst grb events",3,5
11799,"envelope phase",2,5
11800,"brightness distribution",2,5
11801,"kuiper belt objects",3,5
11802,"cobe dirbe",2,5
11803,"interstellar absorption line",3,5
11804,"neutrino annihilation",2,5
11805,"emission dominates",2,5
11806,"alpha viscosity",2,5
11807,"hot bubble",2,5
11808,"cosmic star forming galaxies",4,5
11809,"baryonic matter halos",3,5
11810,"abundance anomalies",2,5
11811,"surface abundances",2,5
11812,"born again",2,5
11813,"plausible explanation",2,5
11814,"absorbing gas",2,5
11815,"commissioning data",2,5
11816,"merger event",2,5
11817,"light cylinder",2,5
11818,"stars belonging",2,5
11819,"passively evolving",2,5
11820,"ir surveys",2,5
11821,"methanol maser sources",3,5
11822,"halo substructure",2,5
11823,"lambda cdm",2,5
11824,"rest frame optical",3,5
11825,"strongly magnetized plasma",3,5
11826,"extragalactic distance",2,5
11827,"synchrotron nebula",2,5
11828,"continuum polarization",2,5
11829,"diffuse interstellar medium",3,5
11830,"analysis confirms",2,5
11831,"av mag",2,5
11832,"massive elliptical galaxies",3,5
11833,"loud active",2,5
11834,"damped lya",2,5
11835,"least partially",2,5
11836,"primary star hd",3,5
11837,"doppler shifted",2,5
11838,"de vaucouleurs",2,5
11839,"onboard xmm newton",3,5
11840,"aperture photometry",2,5
11841,"eclipsing binary",2,5
11842,"globular cluster omega cen",4,5
11843,"dwarf spheroidal",2,5
11844,"circumstellar envelopes",2,5
11845,"evolutionary stage",2,5
11846,"bal quasar",2,5
11847,"ghz water vapor",3,5
11848,"faber jackson",2,5
11849,"helium like ions",3,5
11850,"higher velocities",2,5
11851,"ray emission mechanism",3,5
11852,"specific angular",2,5
11853,"proportional counter array",3,5
11854,"solar units",2,5
11855,"damped lyman alpha dla",4,5
11856,"keplerian rotation",2,5
11857,"expanding shell",2,5
11858,"galactocentric radius",2,5
11859,"host galaxy formation",3,5
11860,"medium icm",2,5
11861,"ray surveys",2,5
11862,"navarro frenk white",3,5
11863,"low redshift distribution",3,5
11864,"deep field south",3,5
11865,"spectral energy distribution sed",4,5
11866,"lyman alpha line",3,5
11867,"mass fractions",2,5
11868,"space distortions",2,5
11869,"probing dark matter",3,5
11870,"stellar coronae",2,5
11871,"reflection grating spectrometer",3,5
11872,"australia telescope compact array",4,5
11873,"distant clusters",2,5
11874,"radiation damping",2,5
11875,"parameter alpha beta",3,5
11876,"nordic optical",2,5
11877,"highly obscured",2,5
11878,"radio source population",3,5
11879,"antimatter asymmetry",2,5
11880,"chandra satellite",2,5
11881,"cosmic ray spectra",3,5
11882,"radial velocity dispersion",3,5
11883,"detailed abundance ratios",3,5
11884,"hydrogen burning",2,5
11885,"highly unusual",2,5
11886,"ionized hydrogen",2,5
11887,"mcdonald observatory",2,5
11888,"hi imaging",2,5
11889,"significant amounts",2,5
11890,"dusty torus",2,5
11891,"ray emitting",2,5
11892,"symbiotic binary",2,5
11893,"late type dwarf galaxies",4,5
11894,"cosmic coincidence",2,5
11895,"accreting white dwarf",3,5
11896,"minkowski functionals",2,5
11897,"cold dark matter fields",4,5
11898,"brightness temperatures",2,5
11899,"background rejection",2,5
11900,"net baryon",2,5
11901,"scientific motivation",2,5
11902,"circumnuclear star",2,5
11903,"nearby spiral",2,5
11904,"structure formation history",3,5
11905,"cosmologically significant",2,5
11906,"v4334 sgr",2,5
11907,"post agb star",3,5
11908,"plasma oscillations",2,5
11909,"hst stis spectra",3,5
11910,"triggered star formation",3,5
11911,"palomar observatory",2,5
11912,"sdb stars",2,5
11913,"band colours",2,5
11914,"atmospheric cherenkov",2,5
11915,"gravitationally lensed system",3,5
11916,"lcdm model",2,5
11917,"galactic microquasar",2,5
11918,"bulk lorentz factors",3,5
11919,"cluster formation epoch",3,5
11920,"galactic microquasar grs",3,5
11921,"accretion disk corona",3,5
11922,"kalman filter",2,5
11923,"velocity gradients",2,5
11924,"submillimeter wavelengths",2,5
11925,"solar corona",2,5
11926,"magellanic cloud",2,5
11927,"magnification bias",2,5
11928,"old stellar",2,5
11929,"hipparcos parallaxes",2,5
11930,"ray timing",2,5
11931,"post main sequence",3,5
11932,"mini halos",2,5
11933,"ksec chandra acis",3,5
11934,"high enough",2,5
11935,"mid plane",2,5
11936,"microwave background radiation",3,5
11937,"planetary transits",2,5
11938,"12c 13c",2,5
11939,"weakly magnetized",2,5
11940,"collisional ionization",2,5
11941,"hidden agn",2,5
11942,"quasar pairs",2,5
11943,"bvi photometry",2,5
11944,"xmm newton epic mos",4,5
11945,"time varying speed",3,5
11946,"integral techniques",2,5
11947,"galaxy formation rates",3,5
11948,"alpha cen",2,5
11949,"accreting black hole",3,5
11950,"radio source 3eg",3,5
11951,"optical monitor",2,5
11952,"hardness intensity",2,5
11953,"third peak",2,5
11954,"telescope hst observations",3,5
11955,"optical identifications",2,5
11956,"member galaxies",2,5
11957,"infrared space observatory",3,5
11958,"magnitude limited sample",3,5
11959,"ccd imaging",2,5
11960,"solar convection zone",3,5
11961,"quasi periodic oscillations qpo",4,5
11962,"state university",2,5
11963,"riemann solvers",2,5
11964,"collapsed objects",2,5
11965,"broad absorption lines",3,5
11966,"parent star",2,5
11967,"extra solar masses",3,5
11968,"warm absorber",2,5
11969,"limiting flux",2,5
11970,"marginally significant",2,5
11971,"brane world cosmologies",3,5
11972,"baryon scattering",2,5
11973,"near ir imaging survey",4,5
11974,"constant throughout",2,5
11975,"multipole range",2,5
11976,"digitized sky survey",3,5
11977,"single dish data",3,5
11978,"flat rotation curves",3,5
11979,"heavily reddened",2,5
11980,"iso sws",2,5
11981,"small scale factor",3,5
11982,"sgr b2",2,5
11983,"young stellar population",3,5
11984,"geometrical origin",2,5
11985,"ray illuminated",2,5
11986,"highly magnetized",2,5
11987,"highly luminous",2,5
11988,"colour magnitude",2,5
11989,"thick disk",2,5
11990,"core collapse supernova explosions",4,5
11991,"galactic bar",2,5
11992,"ursae majoris",2,5
11993,"resource letter",2,5
11994,"ray binary pulsar",3,5
11995,"hierarchical galaxy clustering",3,5
11996,"statistical treatment",2,5
11997,"lensing surveys",2,5
11998,"deep chandra observations",3,5
11999,"fisher matrix",2,5
12000,"ray sources ulxs",3,5
12001,"massive ellipticals",2,5
12002,"alpha line emitting",3,5
12003,"heavy element",2,5
12004,"ly alpha elements",3,5
12005,"tidal fields",2,5
12006,"omegab h2",2,5
12007,"accreting onto",2,5
12008,"semi simple analytical",3,5
12009,"mass loss rate",3,5
12010,"gamma ray flux",3,5
12011,"feii lines",2,5
12012,"twenty five",2,5
12013,"gravitational microlensing",2,5
12014,"clearly visible",2,5
12015,"virial temperature",2,5
12016,"radius rc",2,5
12017,"sunyaev zel dovich sz",4,5
12018,"ms chandra observation",3,5
12019,"burning limit",2,5
12020,"radial velocity curves",3,5
12021,"lightest supersymmetric",2,5
12022,"central star surrounded",3,5
12023,"builds up",2,5
12024,"enrichment history",2,5
12025,"object spectrograph",2,5
12026,"wide field camera",3,5
12027,"mg fe",2,5
12028,"particle physicists",2,5
12029,"analytical formulae",2,5
12030,"deflection angle",2,5
12031,"uhe cosmic rays uhecr",4,5
12032,"matter halo",2,5
12033,"galaxy clusters containing",3,5
12034,"picard group",2,5
12035,"chow groups",2,5
12036,"artin groups",2,5
12037,"lie superalgebras",2,5
12038,"parabolic subgroup",2,5
12039,"preserving diffeomorphisms",2,5
12040,"cohomology modules",2,5
12041,"vector bundle map",3,5
12042,"banach algebra",2,5
12043,"mordell weil",2,5
12044,"hermitian matrix models",3,5
12045,"averaged spectrum",2,5
12046,"algebraic integers",2,5
12047,"tilting modules",2,5
12048,"rational homology",2,5
12049,"isometric embedding",2,5
12050,"picard lefschetz",2,5
12051,"newton polytopes",2,5
12052,"dimensional analogue",2,5
12053,"smooth projective scheme",3,5
12054,"comm math",2,5
12055,"complete intersections",2,5
12056,"isotropic subspaces",2,5
12057,"ricci flat manifolds",3,5
12058,"semi stable rank",3,5
12059,"teichm uller",2,5
12060,"complex projective plane",3,5
12061,"pointed curves",2,5
12062,"integer sequences",2,5
12063,"davey stewartson",2,5
12064,"affine lie algebras",3,5
12065,"purely algebraic",2,5
12066,"reciprocity law",2,5
12067,"holomorphic vector bundle",3,5
12068,"hamiltonian circle actions",3,5
12069,"witten map",2,5
12070,"pointwise convergence",2,5
12071,"coideal subalgebras",2,5
12072,"infinite dimensional analogue",3,5
12073,"linearly ordered",2,5
12074,"krichever novikov",2,5
12075,"integral closure",2,5
12076,"newtonian potential",2,5
12077,"semi stable",2,5
12078,"projective scheme",2,5
12079,"irreducible component",2,5
12080,"baum connes conjecture",3,5
12081,"equivariant quantization",2,5
12082,"sphere packings",2,5
12083,"hirzebruch surfaces",2,5
12084,"galois group",2,5
12085,"model category",2,5
12086,"elliptic surfaces",2,5
12087,"transformation laws",2,5
12088,"gauss manin",2,5
12089,"algebraic curvature tensors",3,5
12090,"spectral sequences",2,5
12091,"braid monodromy",2,5
12092,"self organizing",2,5
12093,"initial boundary value problem",4,5
12094,"spherical degree",2,5
12095,"exactly once",2,5
12096,"kz equations",2,5
12097,"smooth projective varieties",3,5
12098,"adic sheaves",2,5
12099,"isometrically embedded",2,5
12100,"well constrained systems",3,5
12101,"local cohomology modules",3,5
12102,"neumann boundary conditions",3,5
12103,"range coulomb",2,5
12104,"cw complexes",2,5
12105,"dynamical yang baxter equation",4,5
12106,"over s1",2,5
12107,"euclidian space",2,5
12108,"pathological behavior",2,5
12109,"tangent spaces",2,5
12110,"pseudodifferential operator",2,5
12111,"limiting fragmentation",2,5
12112,"del pezzo surfaces",3,5
12113,"bloch kato",2,5
12114,"analytically continued",2,5
12115,"historical introduction",2,5
12116,"momentum transfers",2,5
12117,"nearly spherical",2,5
12118,"spin flip scattering",3,5
12119,"derivative interactions",2,5
12120,"rotational frequency",2,5
12121,"von karman",2,5
12122,"controlled growth",2,5
12123,"high twist",2,5
12124,"multiple scattering processes",3,5
12125,"mu1 mu2",2,5
12126,"inductively coupled",2,5
12127,"saffman taylor",2,5
12128,"globally coupled oscillators",3,5
12129,"thermal broadening",2,5
12130,"point contact spectroscopy",3,5
12131,"spatio temporal patterns",3,5
12132,"exchange term",2,5
12133,"metastable helium",2,5
12134,"phenomenological features",2,5
12135,"liquid drop",2,5
12136,"superconducting phase transitions",3,5
12137,"exactly cancelled",2,5
12138,"lambda lambdac",2,5
12139,"remain unchanged",2,5
12140,"exponent theta",2,5
12141,"microscopy stm",2,5
12142,"seismic data",2,5
12143,"southern california",2,5
12144,"three dimensional turbulence",3,5
12145,"cutoff lambda",2,5
12146,"power law slope",3,5
12147,"two dimensional 2d electron systems",5,5
12148,"pade approximants",2,5
12149,"monte carlo mc simulation",4,5
12150,"low lying spectrum",3,5
12151,"young diagram",2,5
12152,"carrier induced",2,5
12153,"time dependent variational",3,5
12154,"clausius mossotti",2,5
12155,"remarkable similarity",2,5
12156,"logarithmic approximation",2,5
12157,"electron positron annihilation radiation",4,5
12158,"theoretical assumptions",2,5
12159,"energy momentum dependent",3,5
12160,"per unit length",3,5
12161,"ising models",2,5
12162,"adding extra",2,5
12163,"level truncation",2,5
12164,"first order parameter lambda",4,5
12165,"real time evolution",3,5
12166,"slows down",2,5
12167,"planetary atmosphere",2,5
12168,"metric ansatz",2,5
12169,"ladder operators",2,5
12170,"ln q2",2,5
12171,"low temperature gradient",3,5
12172,"analytic treatment",2,5
12173,"virial expansion",2,5
12174,"magnitude higher",2,5
12175,"cubic open",2,5
12176,"mixed characteristic",2,5
12177,"two weeks",2,5
12178,"fusion algebra",2,5
12179,"kinematical constraints",2,5
12180,"conditional probability distribution",3,5
12181,"type ii string",3,5
12182,"finite dimensional reduction",3,5
12183,"commutative geometry",2,5
12184,"many respects",2,5
12185,"oscillator algebra",2,5
12186,"seeing conditions",2,5
12187,"external galaxies",2,5
12188,"distant radio galaxies",3,5
12189,"caii triplet",2,5
12190,"intermediate luminosity",2,5
12191,"monitoring campaign",2,5
12192,"near infrared camera",3,5
12193,"truncation radius",2,5
12194,"greatly improved",2,5
12195,"ne mg si",3,5
12196,"flavor transformation",2,5
12197,"mikheyev smirnov wolfenstein",3,5
12198,"emission mechanisms",2,5
12199,"source catalogue",2,5
12200,"macho database",2,5
12201,"magnitudes brighter",2,5
12202,"ultrahigh energy cosmic",3,5
12203,"zz ceti",2,5
12204,"cmb maps",2,5
12205,"luminous supersoft",2,5
12206,"seed photons",2,5
12207,"pre supernova sn",3,5
12208,"rotation measures",2,5
12209,"steward observatory",2,5
12210,"around evolved",2,5
12211,"around agb",2,5
12212,"type ia supernova explosions",4,5
12213,"collapsar model",2,5
12214,"gps sources",2,5
12215,"viewing geometry",2,5
12216,"warm component",2,5
12217,"intervening large",2,5
12218,"model building blocks",3,5
12219,"galactic synchrotron",2,5
12220,"outer ring",2,5
12221,"large array vla observations",4,5
12222,"telescope gmrt",2,5
12223,"aql x-1",2,5
12224,"imaging spectrometer",2,5
12225,"photon showers",2,5
12226,"roche lobe filling",3,5
12227,"lensed quasar",2,5
12228,"gamma ray emission",3,5
12229,"sne ia supernovae",3,5
12230,"hole growth",2,5
12231,"evolutionary stages",2,5
12232,"deep hst observations",3,5
12233,"color superconductor",2,5
12234,"projected rotational",2,5
12235,"wolf rayet stars",3,5
12236,"mpc omegam",2,5
12237,"total integrated",2,5
12238,"moderately high",2,5
12239,"kerr black hole solutions",4,5
12240,"small scale structures",3,5
12241,"ms stars",2,5
12242,"lambda aa",2,5
12243,"rotational transitions",2,5
12244,"smoothed particle hydrodynamics sph",4,5
12245,"dust grain",2,5
12246,"galactic disc",2,5
12247,"ray transient xte",3,5
12248,"recurrent nova",2,5
12249,"ci aql",2,5
12250,"radiation domination",2,5
12251,"space time varying",3,5
12252,"brans dicke theory",3,5
12253,"ngc reveals",2,5
12254,"electron positron pairs",3,5
12255,"coherent radio emission",3,5
12256,"wimp mass",2,5
12257,"cascade decay",2,5
12258,"rx j1713.7-3946",2,5
12259,"local density rho",3,5
12260,"supernova rate",2,5
12261,"overdense regions",2,5
12262,"intermediate redshift",2,5
12263,"imaging spectrograph stis",3,5
12264,"circumstellar dust continuum",3,5
12265,"inertial frame",2,5
12266,"modified newtonian dynamics",3,5
12267,"optical transient",2,5
12268,"he ii regions",3,5
12269,"mid infrared mir",3,5
12270,"three wavelengths",2,5
12271,"carbon monoxide",2,5
12272,"galactic potential",2,5
12273,"material surrounding",2,5
12274,"sgr dsph",2,5
12275,"ads radius",2,5
12276,"structure formation epoch",3,5
12277,"central bh",2,5
12278,"heavy element abundance",3,5
12279,"rxte pca observations",3,5
12280,"peaked spectrum",2,5
12281,"explorer rxte",2,5
12282,"universe containing",2,5
12283,"galaxies bcgs",2,5
12284,"astrophysical phenomena",2,5
12285,"uv bright",2,5
12286,"neutrino mass matrix",3,5
12287,"air shower development",3,5
12288,"isocurvature perturbation",2,5
12289,"tev gamma ray",3,5
12290,"galactic magnetic",2,5
12291,"black hole evaporation",3,5
12292,"helicity flux",2,5
12293,"kpc away",2,5
12294,"bifurcation diagram",2,5
12295,"high redshift distribution",3,5
12296,"rapidly expanding",2,5
12297,"ii supernovae",2,5
12298,"full sky",2,5
12299,"sunyaev zeldovich",2,5
12300,"poor halo",2,5
12301,"strong lensing",2,5
12302,"zenith angle",2,5
12303,"keplerian disk",2,5
12304,"systems dlas",2,5
12305,"observational constraint",2,5
12306,"habitable zone",2,5
12307,"numerical integrations",2,5
12308,"color maps",2,5
12309,"hole binaries",2,5
12310,"bi directional",2,5
12311,"reaction zone",2,5
12312,"inflationary phase",2,5
12313,"synchrotron emission mechanism",3,5
12314,"fifth order",2,5
12315,"multi wavelength region",3,5
12316,"redshift space",2,5
12317,"mg al si",3,5
12318,"periodic box",2,5
12319,"warm molecular gas",3,5
12320,"agn like",2,5
12321,"cygnus x-3",2,5
12322,"lte analysis",2,5
12323,"multipole moment",2,5
12324,"starburst galaxy m82",3,5
12325,"counter jet",2,5
12326,"ir luminosities",2,5
12327,"timing properties",2,5
12328,"quintessence field theory",3,5
12329,"solar neutrino flux",3,5
12330,"event shape",2,5
12331,"high signal events",3,5
12332,"energy cosmic microwave background",4,5
12333,"nobeyama millimeter array",3,5
12334,"interstellar turbulence",2,5
12335,"soft gamma ray",3,5
12336,"galactic bulge microlensing events",4,5
12337,"pulsar wind bubbles",3,5
12338,"pulsar magnetosphere",2,5
12339,"space interferometry mission",3,5
12340,"equatorial region",2,5
12341,"red clump stars",3,5
12342,"upper half",2,5
12343,"hipparcos satellite",2,5
12344,"residual gauge theory",3,5
12345,"nonthermal particles",2,5
12346,"narrow band images",3,5
12347,"supersymmetric nonlinear sigma model",4,5
12348,"data acquisition system",3,5
12349,"scale free energy",3,5
12350,"longitudinal structure",2,5
12351,"center vortex lattice",3,5
12352,"three body systems",3,5
12353,"chaotic attractor",2,5
12354,"lying excited",2,5
12355,"wigner transform",2,5
12356,"scattering rates",2,5
12357,"squared difference",2,5
12358,"transient phenomena",2,5
12359,"orbital excitations",2,5
12360,"intense laser beam",3,5
12361,"computational cost",2,5
12362,"periodic boundary condition",3,5
12363,"numerical evaluations",2,5
12364,"logarithmically divergent",2,5
12365,"purely gravitational",2,5
12366,"robinson trautman",2,5
12367,"adm mass",2,5
12368,"massive scalar fields",3,5
12369,"post newtonian dynamics",3,5
12370,"cauchy horizon",2,5
12371,"schwarzschild geometry",2,5
12372,"hole evaporation",2,5
12373,"lageos ii",2,5
12374,"cosmic censorship conjecture",3,5
12375,"static spherically",2,5
12376,"radial infall",2,5
12377,"gauss bonnet term",3,5
12378,"spacelike singularity",2,5
12379,"cosmological relic",2,5
12380,"hawking entropy",2,5
12381,"non commutative spacetime",3,5
12382,"test bed",2,5
12383,"bogomol nyi",2,5
12384,"kidder scheel",2,5
12385,"cosmological horizon problem",3,5
12386,"gravity phenomenology",2,5
12387,"gravitational wave background",3,5
12388,"conical singularity",2,5
12389,"newton observations",2,5
12390,"trace anomaly",2,5
12391,"three dimensional spacetime",3,5
12392,"inflaton potential",2,5
12393,"mode sum",2,5
12394,"cosmological applications",2,5
12395,"matter candidate",2,5
12396,"isolated black holes",3,5
12397,"initial data set",3,5
12398,"hawking temperature",2,5
12399,"extremal black",2,5
12400,"global monopole solutions",3,5
12401,"ever expanding universe",3,5
12402,"covariant symplectic form",3,5
12403,"soon after",2,5
12404,"fundamental planck length scale",4,5
12405,"axisymmetric perturbations",2,5
12406,"black hole mass ratio",4,5
12407,"real scalar field",3,5
12408,"gravitational wave function",3,5
12409,"yukawa interaction",2,5
12410,"gauss bonnet gravity",3,5
12411,"energy momentum conservation",3,5
12412,"schwinger equation",2,5
12413,"free energy momentum tensor",4,5
12414,"massless scalar fields",3,5
12415,"imaginary parts",2,5
12416,"brans dicke parameter",3,5
12417,"beta decay constant",3,5
12418,"water vapor",2,5
12419,"blue shifted",2,5
12420,"poynting robertson",2,5
12421,"archival hst wfpc2",3,5
12422,"breakup reactions",2,5
12423,"cherenkov telescope",2,5
12424,"lep collaborations",2,5
12425,"dark matter searches",3,5
12426,"optically thin disk",3,5
12427,"spin-2 fields",2,5
12428,"big bang nucleosynthesis bbn",4,5
12429,"galactic hii",2,5
12430,"hubble constant lambda",3,5
12431,"simultaneous differential imaging",3,5
12432,"pion pole",2,5
12433,"initial mass loss rates",4,5
12434,"inflationary paradigm",2,5
12435,"hadronic phase transition",3,5
12436,"numu nutau oscillations",3,5
12437,"subsequent cooling",2,5
12438,"absorption systems dlas",3,5
12439,"visible matter",2,5
12440,"angular power",2,5
12441,"generalized chaplygin gas",3,5
12442,"de madrid",2,5
12443,"non local universe",3,5
12444,"stand alone",2,5
12445,"pi0 nu",2,5
12446,"accurate analytic",2,5
12447,"four dimensional minkowski space",4,5
12448,"isotopic composition",2,5
12449,"preliminary upper limit",3,5
12450,"linear accelerator",2,5
12451,"graceful exit",2,5
12452,"asymptotic symmetries",2,5
12453,"marginally bound",2,5
12454,"electromagnetic fine",2,5
12455,"regge pole",2,5
12456,"lepton flavor violating",3,5
12457,"stanford linear accelerator center",4,5
12458,"minimal supersymmetric standard model sm",5,5
12459,"charged higgs bosons",3,5
12460,"forward angles",2,5
12461,"gluon densities",2,5
12462,"section sigma",2,5
12463,"neutral kaon decays",3,5
12464,"mixing angle theta",3,5
12465,"baseline neutrino oscillation",3,5
12466,"structure function f2gamma",3,5
12467,"pion pairs",2,5
12468,"missing transverse",2,5
12469,"branching fraction br",3,5
12470,"decay vertices",2,5
12471,"sin beta",2,5
12472,"data storage ring",3,5
12473,"virtual photon virtualities",3,5
12474,"preliminary upper limits",3,5
12475,"wandzura wilczek",2,5
12476,"high pt gev",3,5
12477,"proton antiproton collisions",3,5
12478,"rare decay mode",3,5
12479,"prompt photons",2,5
12480,"non accelerator",2,5
12481,"pomeron exchange",2,5
12482,"msugra model",2,5
12483,"open charm quark",3,5
12484,"deep inelastic scattering dis",4,5
12485,"relativistic heavy ion collider",4,5
12486,"counting rate",2,5
12487,"pi mp",2,5
12488,"d0 mixing",2,5
12489,"ep interactions",2,5
12490,"charged pions",2,5
12491,"invariant mass energies",3,5
12492,"experimental searches",2,5
12493,"doubly cabibbo",2,5
12494,"nmc data",2,5
12495,"rho meson exchange",3,5
12496,"first generation quarks",3,5
12497,"exclusive semileptonic",2,5
12498,"nue bar nu",3,5
12499,"vector meson dominance",3,5
12500,"isospin analysis",2,5
12501,"violating asymmetry",2,5
12502,"inclusive jet",2,5
12503,"squared four momentum transfer",4,5
12504,"pi nu tau",3,5
12505,"shower development",2,5
12506,"monte carlo generator",3,5
12507,"total energy distributions",3,5
12508,"beijing electron positron collider",4,5
12509,"neutrinoless double",2,5
12510,"parity conserving",2,5
12511,"light hadron spectroscopy",3,5
12512,"international space station",3,5
12513,"long baseline neutrino mass",4,5
12514,"heavy water",2,5
12515,"strange sea",2,5
12516,"colliding nuclei",2,5
12517,"upgraded tevatron",2,5
12518,"charged currents",2,5
12519,"standard model sm prediction",4,5
12520,"initial state eos",3,5
12521,"advanced camera",2,5
12522,"compton wavelength",2,5
12523,"landau pomeranchuk migdal",3,5
12524,"missing link",2,5
12525,"mixed event",2,5
12526,"differential equations governing",3,5
12527,"minimum masses",2,5
12528,"enstrophy cascade",2,5
12529,"fermi pasta ulam fpu",4,5
12530,"globally coupled map",3,5
12531,"passive scalar",2,5
12532,"clover flic fermion action",4,5
12533,"witten veneziano",2,5
12534,"non commutative geometry",3,5
12535,"partially quenched chiral perturbation theory",5,5
12536,"antiquark distributions",2,5
12537,"quenched chiral extrapolation",3,5
12538,"ginsparg wilson fermions",3,5
12539,"improved gluon",2,5
12540,"bar ms scheme",3,5
12541,"three flavor singlet",3,5
12542,"static quark gluon",3,5
12543,"vortex lattice gauge theory",4,5
12544,"winding numbers",2,5
12545,"casimir scaling",2,5
12546,"string tensions",2,5
12547,"qcd sum",2,5
12548,"quenched chiral perturbation theory",4,5
12549,"hybrid meson",2,5
12550,"nonzero chemical potential",3,5
12551,"gluon propagators",2,5
12552,"infrared regulator",2,5
12553,"lattice regularization",2,5
12554,"transversity distribution",2,5
12555,"path integral techniques",3,5
12556,"penguin operators",2,5
12557,"hybrid mesons",2,5
12558,"axial vector current",3,5
12559,"flavor symmetry breaking",3,5
12560,"relativistic heavy",2,5
12561,"mass matrix elements",3,5
12562,"cooler synchrotron cosy",3,5
12563,"intermediate mass energies",3,5
12564,"dipole resonances",2,5
12565,"rp process",2,5
12566,"sn isotopes",2,5
12567,"pf shell model",3,5
12568,"two pion production",3,5
12569,"rho omega meson",3,5
12570,"ultra relativistic heavy ion",4,5
12571,"deuteron reactions",2,5
12572,"hadron multiplicities",2,5
12573,"coleman weinberg",2,5
12574,"hadronic matrix",2,5
12575,"approx gev",2,5
12576,"instanton like",2,5
12577,"fermion mass ratio",3,5
12578,"strong cp problem",3,5
12579,"gluon vertex",2,5
12580,"relativistic mean field theory",4,5
12581,"omega meson photoproduction",3,5
12582,"relativistic hartree",2,5
12583,"scalar glueball",2,5
12584,"nambu jona lasinio",3,5
12585,"mass mh gev",3,5
12586,"gluon fusion channel",3,5
12587,"standard model sm like",4,5
12588,"gvd cdp",2,5
12589,"leptonic decay",2,5
12590,"breaking pattern",2,5
12591,"loop electroweak",2,5
12592,"bimaximal mixing",2,5
12593,"solar neutrino problem",3,5
12594,"non leptonic",2,5
12595,"partonic subprocesses",2,5
12596,"warped extra dimension",3,5
12597,"direct cp",2,5
12598,"supersymmetric yang mills theory",4,5
12599,"su flavour",2,5
12600,"nf flavors",2,5
12601,"tan beta decay",3,5
12602,"three generations",2,5
12603,"non factorizable",2,5
12604,"nonrelativistic qcd",2,5
12605,"altarelli parisi",2,5
12606,"parity nonconservation",2,5
12607,"factorization scale",2,5
12608,"generation quarks",2,5
12609,"hadronic vacuum energy",3,5
12610,"herwig event generator",3,5
12611,"triple gauge coupling",3,5
12612,"zero texture",2,5
12613,"neutrino mixing matrix elements",4,5
12614,"new physics e.g",3,5
12615,"endpoint region",2,5
12616,"intrinsic transverse momentum",3,5
12617,"superconformal field theories",3,5
12618,"tachyonic instability",2,5
12619,"soft supersymmetry",2,5
12620,"qed radiative corrections",3,5
12621,"monte carlo generators",3,5
12622,"grand unified theory",3,5
12623,"lepton flavor violation",3,5
12624,"anomaly mediated",2,5
12625,"massive kaluza klein",3,5
12626,"pure qed",2,5
12627,"quark gluon exchange interaction",4,5
12628,"precision electroweak observables",3,5
12629,"mass mh",2,5
12630,"na50 data",2,5
12631,"relativistic impulse approximation",3,5
12632,"fat brane",2,5
12633,"standard model mssm higgs",4,5
12634,"soft susy",2,5
12635,"fermion mass matrices",3,5
12636,"inflaton decay",2,5
12637,"br tau",2,5
12638,"lie below",2,5
12639,"neutrino mass matrix elements",4,5
12640,"yang lee oehme",3,5
12641,"colour glass condensate",3,5
12642,"regularization scheme",2,5
12643,"cheshire cat",2,5
12644,"boson discovery",2,5
12645,"two higgs doublet models",4,5
12646,"fusion channel",2,5
12647,"soft pomeron intercept",3,5
12648,"goldberger wise",2,5
12649,"two higgs mechanism",3,5
12650,"coannihilation channels",2,5
12651,"mellin transform",2,5
12652,"chiral constituent quark",3,5
12653,"unintegrated gluon distribution",3,5
12654,"atmospheric neutrino oscillation solutions",4,5
12655,"subleading logarithmic",2,5
12656,"mediated supersymmetry breaking",3,5
12657,"octet baryon magnetic moments",4,5
12658,"large tan beta decay",4,5
12659,"saturation scale",2,5
12660,"mixing matrix elements",3,5
12661,"color flavor locked cfl",4,5
12662,"su flavor singlet",3,5
12663,"electro production",2,5
12664,"higgs doublet",2,5
12665,"low bjorken",2,5
12666,"slavnov taylor",2,5
12667,"dilepton spectra",2,5
12668,"democratic mass matrices",3,5
12669,"soft collinear effective",3,5
12670,"light higgs",2,5
12671,"diffractive dis",2,5
12672,"electroweak observables",2,5
12673,"ww fusion channel",3,5
12674,"dynamical yang mills",3,5
12675,"spin polarized protons",3,5
12676,"gluon bremsstrahlung",2,5
12677,"universal extra dimensions",3,5
12678,"scherk schwarz supersymmetry breaking",4,5
12679,"green schwarz mechanism",3,5
12680,"jet algorithm",2,5
12681,"baryon antibaryon",2,5
12682,"minimal supergravity models",3,5
12683,"low energy content",3,5
12684,"twist operators",2,5
12685,"particle lkp",2,5
12686,"quarkonium production",2,5
12687,"constrained mssm",2,5
12688,"thermal leptogenesis",2,5
12689,"heavy quarkonia",2,5
12690,"pion nucleon scattering",3,5
12691,"weizs acker williams",3,5
12692,"covariant bethe",2,5
12693,"schwinger equations",2,5
12694,"factorization scales",2,5
12695,"perturbative expansion ope",3,5
12696,"atmospheric neutrino mixing",3,5
12697,"proton nucleus collisions",3,5
12698,"intersecting brane",2,5
12699,"anomaly mediated supersymmetry breaking",4,5
12700,"constituent quark masses",3,5
12701,"massive gravitino",2,5
12702,"electroweak radiative corrections",3,5
12703,"diagrams containing",2,5
12704,"drell yan processes",3,5
12705,"conjugate momenta",2,5
12706,"glauber theory",2,5
12707,"superasymmetric fission",2,5
12708,"lambda hypernuclei",2,5
12709,"relativistic quantum hadrodynamics",3,5
12710,"periodic table",2,5
12711,"light cone hamiltonian",3,5
12712,"student understanding",2,5
12713,"mass function regularization",3,5
12714,"fundamental strings moving",3,5
12715,"type iib string theories",4,5
12716,"adjoint scalar",2,5
12717,"abelian gauge group",3,5
12718,"maximally supersymmetric pp waves",4,5
12719,"brane probes",2,5
12720,"neumann algebra",2,5
12721,"warped compactifications",2,5
12722,"tension branes",2,5
12723,"minimal conformal field theories",4,5
12724,"closed bosonic string theories",4,5
12725,"rolling tachyons",2,5
12726,"marginal deformation",2,5
12727,"resolved conifold",2,5
12728,"pure supergravity",2,5
12729,"2-point function",2,5
12730,"type iib orientifold",3,5
12731,"superconformal field theory",3,5
12732,"string tension brane",3,5
12733,"non supersymmetric yang mills",4,5
12734,"instanton number",2,5
12735,"winding modes",2,5
12736,"rolling tachyon matter",3,5
12737,"renormalizable quantum gravity",3,5
12738,"closed bosonic string theory",4,5
12739,"instanton corrections",2,5
12740,"ads schwarzschild",2,5
12741,"klebanov strassler",2,5
12742,"su wzw model",3,5
12743,"3-form fluxes",2,5
12744,"adjoint chiral superfield",3,5
12745,"pp wave functions",3,5
12746,"leigh strassler",2,5
12747,"holographic renormalization",2,5
12748,"jacobi elliptic",2,4
12749,"chern simons number",3,4
12750,"de rham cohomology",3,4
12751,"neumann equation",2,4
12752,"orientation preserving",2,4
12753,"current density operator",3,4
12754,"empirical value problem",3,4
12755,"periodic cyclic cohomology",3,4
12756,"simple lie superalgebras",3,4
12757,"baxter equations",2,4
12758,"momentum tensors",2,4
12759,"divergence free energy",3,4
12760,"closed bosonic string",3,4
12761,"lie superalgebra",2,4
12762,"ordinary differential",2,4
12763,"kms condition",2,4
12764,"systematically higher order",3,4
12765,"orthochronous lorentz",2,4
12766,"jacobi equation",2,4
12767,"non hermitean",2,4
12768,"non equilibrium green functions",4,4
12769,"low density rho",3,4
12770,"completely integrable",2,4
12771,"hermitian random matrices",3,4
12772,"order pde",2,4
12773,"scale invariant observables",3,4
12774,"auto correlation function",3,4
12775,"fold degenerate ground state",4,4
12776,"bosonic strings",2,4
12777,"two dimensional analogue",3,4
12778,"quasi exactly solvable model",4,4
12779,"ultraviolet radiation field",3,4
12780,"reductive lie algebra",3,4
12781,"non compact symmetric",3,4
12782,"baxter equation",2,4
12783,"thermo field",2,4
12784,"trigonometric polynomials",2,4
12785,"finite difference equations",3,4
12786,"non hermitian pt symmetric",4,4
12787,"constant sectional",2,4
12788,"line segments",2,4
12789,"zeno effect",2,4
12790,"non conservation laws",3,4
12791,"non linear conductance",3,4
12792,"baum connes",2,4
12793,"vacuum fluctuation",2,4
12794,"dissipation theorem",2,4
12795,"puzzling features",2,4
12796,"perturbation series expansions",3,4
12797,"ferromagnetic ising",2,4
12798,"purely imaginary",2,4
12799,"function zeros",2,4
12800,"passive scalar field",3,4
12801,"unitary evolution equations",3,4
12802,"temperley lieb algebra",3,4
12803,"non hermitian operators",3,4
12804,"shape invariant",2,4
12805,"relativistic quantum electrodynamics",3,4
12806,"explicit formula relating",3,4
12807,"braided tensor categories",3,4
12808,"thermodynamic green functions",3,4
12809,"nonabelian gauge theories",3,4
12810,"massive vector fields",3,4
12811,"solid angle subtended",3,4
12812,"poincare symmetry",2,4
12813,"lie algebraic",2,4
12814,"borel summable",2,4
12815,"upper bound states",3,4
12816,"geodesic completeness",2,4
12817,"qualitatively correct",2,4
12818,"uniform distribution functions",3,4
12819,"exceptional lie groups",3,4
12820,"schrodinger operator",2,4
12821,"compact lie algebra",3,4
12822,"dynamical systems possessing",3,4
12823,"functions pdf",2,4
12824,"painleve equations",2,4
12825,"non linear response theory",4,4
12826,"dimensional ising spin",3,4
12827,"unitary equivalence",2,4
12828,"frame bundle",2,4
12829,"critically examined",2,4
12830,"quasi exactly solvable potentials",4,4
12831,"low energy tail",3,4
12832,"dynamical systems admitting",3,4
12833,"long time evolution operator",4,4
12834,"polynomial time evolution",3,4
12835,"quantum computer simulation",3,4
12836,"mixed state preparation",3,4
12837,"quantum computer simulations",3,4
12838,"pulsed optical lattice",3,4
12839,"neutron scattering length",3,4
12840,"quantum information processor",3,4
12841,"superluminal signalling",2,4
12842,"noisy quantum information",3,4
12843,"non universal value",3,4
12844,"fluid elements",2,4
12845,"least action principle",3,4
12846,"aharonov bohm type",3,4
12847,"ehrenfest time",2,4
12848,"diverges logarithmically",2,4
12849,"logical qubit",2,4
12850,"logic gate",2,4
12851,"interatomic distance",2,4
12852,"complex plane wave",3,4
12853,"decoherence free subspace",3,4
12854,"non demolition",2,4
12855,"symmetric hamiltonians",2,4
12856,"stochastic schr odinger",3,4
12857,"lattice gauge transformation",3,4
12858,"coding theorem",2,4
12859,"quantum feedback",2,4
12860,"non local hidden variables",4,4
12861,"kerr effect",2,4
12862,"finesse optical cavity",3,4
12863,"approximate analytic expressions",3,4
12864,"high quality factor",3,4
12865,"squeezed light",2,4
12866,"kaehler manifold",2,4
12867,"spontaneous parametric downconversion",3,4
12868,"macroscopic quantum fluctuations",3,4
12869,"space time asymptotics",3,4
12870,"isotropic heisenberg model",3,4
12871,"schr odinger cat",3,4
12872,"quantum information theoretic",3,4
12873,"projective measurement",2,4
12874,"scalable quantum computers",3,4
12875,"bohm type",2,4
12876,"timelike curves",2,4
12877,"high velocity field",3,4
12878,"jordan wigner",2,4
12879,"recurrence time",2,4
12880,"pattern matching",2,4
12881,"mechanical oscillators",2,4
12882,"random vector",2,4
12883,"theoretical treatment",2,4
12884,"adiabatic passage",2,4
12885,"projection postulate",2,4
12886,"spin flip amplitude",3,4
12887,"quantum key distribution qkd",4,4
12888,"polarization entangled states",3,4
12889,"time averaged quantities",3,4
12890,"fully quantized",2,4
12891,"everett interpretation",2,4
12892,"modern quantum mechanics",3,4
12893,"anisotropic harmonic trap",3,4
12894,"entanglement distillation protocol",3,4
12895,"quantum information loss",3,4
12896,"wide class constraints",3,4
12897,"two dimensional qed",3,4
12898,"nonlinear optical kerr nonlinearity",4,4
12899,"two dimensional photonic crystals",4,4
12900,"generalized green function",3,4
12901,"epr pairs",2,4
12902,"renyi entropy",2,4
12903,"high energy dissipation",3,4
12904,"atiyah singer index",3,4
12905,"homodyne detection efficiency",3,4
12906,"precise measurement process",3,4
12907,"largely independent",2,4
12908,"kicked rotor",2,4
12909,"optical parametric oscillator",3,4
12910,"linear response function",3,4
12911,"logarithmic negativity",2,4
12912,"shot noise ratio",3,4
12913,"single photon counting",3,4
12914,"quantum processor",2,4
12915,"impurity center",2,4
12916,"pump beam",2,4
12917,"square law",2,4
12918,"atomic hydrogen atom",3,4
12919,"electron wavefunctions",2,4
12920,"arbitrary input states",3,4
12921,"dinger equations",2,4
12922,"anharmonic oscillators",2,4
12923,"integral formulation",2,4
12924,"fairly large number",3,4
12925,"brain states",2,4
12926,"combinatorial optimization algorithm",3,4
12927,"ion traps",2,4
12928,"energy momentum transfers",3,4
12929,"quantum bit commitment",3,4
12930,"continuous measurement process",3,4
12931,"fermi energy distributions",3,4
12932,"quantum monte carlo simulation",4,4
12933,"einstein de",2,4
12934,"stabilizer codes over",3,4
12935,"zeroth order",2,4
12936,"non rotating wave",3,4
12937,"digital signal",2,4
12938,"quantum games",2,4
12939,"adiabatic geometric",2,4
12940,"identity matrix",2,4
12941,"boson mean",2,4
12942,"imaginary time dependent",3,4
12943,"infinite volume limit",3,4
12944,"effective mass distribution",3,4
12945,"linear schr",2,4
12946,"modified dispersion",2,4
12947,"under control over",3,4
12948,"bell decomposable",2,4
12949,"euclidean distance",2,4
12950,"discrete versions",2,4
12951,"chsh inequality",2,4
12952,"single particle species",3,4
12953,"path integral quantization",3,4
12954,"long wires",2,4
12955,"zero resistance",2,4
12956,"lie derivative",2,4
12957,"unit cells",2,4
12958,"magneto optical lattice",3,4
12959,"binary decision diagrams",3,4
12960,"parameter zeta",2,4
12961,"generalized uncertainty relations",3,4
12962,"constant alpha particles",3,4
12963,"binding energy levels",3,4
12964,"partial wave functions",3,4
12965,"exclusion principle",2,4
12966,"photonic bandgap",2,4
12967,"glass condensate",2,4
12968,"real analytic methods",3,4
12969,"experimentally measurable",2,4
12970,"fabry perot cavity",3,4
12971,"mirror image",2,4
12972,"positive operator algebras",3,4
12973,"bit commitment",2,4
12974,"momentum transport",2,4
12975,"evolutionary minority game",3,4
12976,"shastry sutherland model",3,4
12977,"exact diagonalization techniques",3,4
12978,"colloid polymer",2,4
12979,"tomonaga luttinger",2,4
12980,"ac drive",2,4
12981,"order disorder strength",3,4
12982,"inherent structures",2,4
12983,"renormalisation group flow",3,4
12984,"quasi free electron",3,4
12985,"optimum doping",2,4
12986,"nonmagnetic impurity",2,4
12987,"magnetic field musr",3,4
12988,"roughening transition",2,4
12989,"size scaling laws",3,4
12990,"spatial inhomogeneity",2,4
12991,"superfluid density fluctuations",3,4
12992,"pr ca mno",3,4
12993,"size scaling behavior",3,4
12994,"barrier heights",2,4
12995,"ising like",2,4
12996,"time reversal invariant",3,4
12997,"base pair",2,4
12998,"random boolean networks",3,4
12999,"continuum elasticity",2,4
13000,"upper critical temperature dependent",4,4
13001,"almeida thouless line",3,4
13002,"replica symmetry",2,4
13003,"allen dynes",2,4
13004,"closure theory",2,4
13005,"spectral energy momentum",3,4
13006,"mean square lattice",3,4
13007,"salt free",2,4
13008,"liquid crystalline",2,4
13009,"nd 2-x ce",3,4
13010,"crystal structure function",3,4
13011,"ga 1-x",2,4
13012,"finite doping",2,4
13013,"3d ising",2,4
13014,"harmonically trapped bose gas",4,4
13015,"trapped bose einstein condensate bec",5,4
13016,"lambda ab",2,4
13017,"oxygen isotope effect",3,4
13018,"sub yield",2,4
13019,"constitutive equations",2,4
13020,"parallel tempering",2,4
13021,"multicanonical monte carlo simulations",4,4
13022,"1-x pb",2,4
13023,"protein folding process",3,4
13024,"weakly disordered",2,4
13025,"nonlinear sigma models",3,4
13026,"nmr studies",2,4
13027,"critical point correlation function",4,4
13028,"ising chain",2,4
13029,"de almeida",2,4
13030,"local density wave",3,4
13031,"higher dimensional reduction",3,4
13032,"single particle hopping",3,4
13033,"liquid crystal structure",3,4
13034,"ferroelectric phase transitions",3,4
13035,"factorization hypothesis",2,4
13036,"dirty limit",2,4
13037,"quantum pumps",2,4
13038,"hartree fock bogoliubov hfb",4,4
13039,"goes back",2,4
13040,"simple geometric properties",3,4
13041,"unit area",2,4
13042,"gaas quantum dots",3,4
13043,"pseudo critical point",3,4
13044,"nonmagnetic impurity scattering",3,4
13045,"umklapp scattering",2,4
13046,"hall constant",2,4
13047,"spin relaxation time",3,4
13048,"exponential decay constant",3,4
13049,"forest fire model",3,4
13050,"amorphous carbon",2,4
13051,"reaction diffusion controlled",3,4
13052,"fermi energy bands",3,4
13053,"bardeen cooper pairing",3,4
13054,"majority spin",2,4
13055,"antisymmetric part",2,4
13056,"nesting vector",2,4
13057,"ring exchange",2,4
13058,"insulator regime",2,4
13059,"doped fullerenes",2,4
13060,"low temperature superconductors",3,4
13061,"charge stripes",2,4
13062,"tunnel splittings",2,4
13063,"bilayer quantum hall",3,4
13064,"fermion sign problem",3,4
13065,"theoretical challenge",2,4
13066,"charge ordered phases",3,4
13067,"gross pitaevskii equations",3,4
13068,"hole doping concentration",3,4
13069,"hydrodynamic interaction",2,4
13070,"short time dependence",3,4
13071,"spacing distribution",2,4
13072,"tunnel barriers",2,4
13073,"exponential growth process",3,4
13074,"spin ice",2,4
13075,"distribution function pdf",3,4
13076,"cluster aggregation",2,4
13077,"size scaling exponents",3,4
13078,"underdoped samples",2,4
13079,"superconducting phase shift",3,4
13080,"free energy distribution function",4,4
13081,"direct numerical computations",3,4
13082,"monte carlo sampling",3,4
13083,"path integral monte carlo",4,4
13084,"oscillator strength",2,4
13085,"hole doping dependence",3,4
13086,"solid immersion lens",3,4
13087,"generalized gradient approximation",3,4
13088,"temperature interval",2,4
13089,"tsallis nonextensive statistics",3,4
13090,"vortex nucleation",2,4
13091,"charged colloidal",2,4
13092,"poisson boltzmann",2,4
13093,"infinite dilution",2,4
13094,"analytically solvable model",3,4
13095,"superconducting gaps",2,4
13096,"mgb2 single crystalline",3,4
13097,"damped oscillatory",2,4
13098,"mean field theory dmft",4,4
13099,"lower dimensional electron",3,4
13100,"commutation technique",2,4
13101,"free energy minimization",3,4
13102,"finite dimensional hubbard model",4,4
13103,"orbital fluctuations",2,4
13104,"interlayer phase",2,4
13105,"dimensional electron phonon",3,4
13106,"superconducting phase diagrams",3,4
13107,"full counting statistics",3,4
13108,"two sublattices",2,4
13109,"vortex lattice melting",3,4
13110,"homogeneous electric field",3,4
13111,"abrikosov vortex lattice",3,4
13112,"velocity distribution function",3,4
13113,"two dimensional hydrodynamic",3,4
13114,"island size",2,4
13115,"low temperature tc superconductors",4,4
13116,"two component bose einstein condensate",5,4
13117,"long time domain",3,4
13118,"osmotic pressure",2,4
13119,"nearest neighbours",2,4
13120,"antiferromagnetic ising",2,4
13121,"direct comparisons",2,4
13122,"1d optical lattice",3,4
13123,"rotating wave functions",3,4
13124,"non integer values",3,4
13125,"intrinsic josephson junction",3,4
13126,"angle resolved photoemission spectra",4,4
13127,"matrix renormalization group",3,4
13128,"conduction electron systems",3,4
13129,"strongly interacting electrons",3,4
13130,"resistive transition",2,4
13131,"half metallic ground state",4,4
13132,"short range attraction",3,4
13133,"large aspect",2,4
13134,"superconductor kappa bedt ttf",4,4
13135,"apparent conflict",2,4
13136,"full counting",2,4
13137,"correlation length xi",3,4
13138,"electrical conductance",2,4
13139,"fermionic excitations",2,4
13140,"pyrochlore oxide",2,4
13141,"energy density wave function",4,4
13142,"long wavelength limit",3,4
13143,"group velocity dispersion relation",4,4
13144,"plane wave superconductor",3,4
13145,"tonks girardeau",2,4
13146,"infinite square",2,4
13147,"effective temperature dependent",3,4
13148,"space time derivatives",3,4
13149,"injection rates",2,4
13150,"bose einstein condensate confined",4,4
13151,"edwards wilkinson",2,4
13152,"restricted solid rsos",3,4
13153,"velocity dispersion relations",3,4
13154,"kpz equation",2,4
13155,"antiferromagnetic ising model",3,4
13156,"order parameter theta",3,4
13157,"inas quantum dot",3,4
13158,"duration distribution",2,4
13159,"poisson ratio",2,4
13160,"quantum interference phenomena",3,4
13161,"isotropic nematic phases",3,4
13162,"cooling time dependent",3,4
13163,"marked contrast",2,4
13164,"spin density fluctuations",3,4
13165,"nonmonotonic behavior",2,4
13166,"single crystal structures",3,4
13167,"ti cr",2,4
13168,"mn fe zn",3,4
13169,"theoretical investigation",2,4
13170,"particle diffusing",2,4
13171,"transition occurs near",3,4
13172,"monte carlo simulations indicate",4,4
13173,"muffin tin orbital",3,4
13174,"2d hubbard model",3,4
13175,"na atoms",2,4
13176,"consistent hartree fock",3,4
13177,"low energy density matrix",4,4
13178,"angle resolved photoemission spectroscopy",4,4
13179,"power law tails",3,4
13180,"magnetic field hc",3,4
13181,"glassy systems",2,4
13182,"emptiness formation",2,4
13183,"optimal investment",2,4
13184,"time span",2,4
13185,"fat tails",2,4
13186,"bethe lattices",2,4
13187,"macroscopic quantities",2,4
13188,"interlayer coupling",2,4
13189,"common proper",2,4
13190,"summed over",2,4
13191,"transverse spin rotation",3,4
13192,"simple geometric interpretation",3,4
13193,"put forth",2,4
13194,"classically forbidden",2,4
13195,"density correlators",2,4
13196,"electrical transport measurements",3,4
13197,"site energies",2,4
13198,"two oppositely charged",3,4
13199,"third order cumulants",3,4
13200,"polymer mixtures",2,4
13201,"relaxation mechanisms",2,4
13202,"unstable periodic orbits",3,4
13203,"living cells",2,4
13204,"ferromagnetic ising spin chain",4,4
13205,"ii superconductor",2,4
13206,"minority games",2,4
13207,"distinguishing feature",2,4
13208,"charge density wave superconductor",4,4
13209,"neel temperature",2,4
13210,"considerably higher order",3,4
13211,"rate coefficients",2,4
13212,"lattice gas phase",3,4
13213,"high frequency dependence",3,4
13214,"near tc superconductors",3,4
13215,"mutual learning",2,4
13216,"threshold value problem",3,4
13217,"lessons learned",2,4
13218,"largest cluster size",3,4
13219,"tricritical point",2,4
13220,"crossing approximation",2,4
13221,"alkaline earth",2,4
13222,"dow jones",2,4
13223,"dilute bose",2,4
13224,"apparent contradiction",2,4
13225,"percolation problem",2,4
13226,"deterministic diffusion",2,4
13227,"current density functional",3,4
13228,"quenched disorder strength",3,4
13229,"self affine surfaces",3,4
13230,"crosses over",2,4
13231,"triplet pairing interaction",3,4
13232,"gor kov",2,4
13233,"vortex antivortex",2,4
13234,"melting temperatures",2,4
13235,"dna denaturation",2,4
13236,"arrhenius behavior",2,4
13237,"profile rho",2,4
13238,"large scale structure function",4,4
13239,"correlation coefficient",2,4
13240,"periodic anderson model",3,4
13241,"hartree bogoliubov",2,4
13242,"ph coupling",2,4
13243,"metallic ground states",3,4
13244,"critically dependent",2,4
13245,"discontinuous transition",2,4
13246,"anisotropic triangular lattice",3,4
13247,"atom interferometer",2,4
13248,"1-x sr",2,4
13249,"electron transistor",2,4
13250,"unstable periodic",2,4
13251,"anomalously high",2,4
13252,"full width half maximum",4,4
13253,"average connectivity distribution",3,4
13254,"vertically vibrated granular",3,4
13255,"colossal magnetoresistance cmr",3,4
13256,"pulsed laser deposition pld",4,4
13257,"edwards anderson model",3,4
13258,"condensed phase",2,4
13259,"long range coulomb",3,4
13260,"bogoliubov de gennes equations",4,4
13261,"remanent magnetization",2,4
13262,"strongly correlated electron",3,4
13263,"superconducting gap nodes",3,4
13264,"microscope stm",2,4
13265,"high velocity distribution",3,4
13266,"residual resistivity ratio",3,4
13267,"bulk mgb2 superconductor",3,4
13268,"single impurity scattering",3,4
13269,"term induces",2,4
13270,"continuously varying",2,4
13271,"negative pressure induced",3,4
13272,"rapidly evolving",2,4
13273,"nearest neighbour interactions",3,4
13274,"orientational order parameter",3,4
13275,"unstable periodic orbit",3,4
13276,"fluid mixtures",2,4
13277,"real scalar field theory",4,4
13278,"band edges",2,4
13279,"density functionals",2,4
13280,"broad line profiles",3,4
13281,"highly excited state",3,4
13282,"localization correction",2,4
13283,"granular matter",2,4
13284,"rotational degrees",2,4
13285,"dilute bose einstein condensate",4,4
13286,"bond percolation problem",3,4
13287,"light scattering matrix",3,4
13288,"nu propto",2,4
13289,"artificial molecule",2,4
13290,"spin texture",2,4
13291,"chain molecules",2,4
13292,"absorbing boundary conditions",3,4
13293,"kosterlitz thouless",2,4
13294,"coherent states containing",3,4
13295,"treated perturbatively",2,4
13296,"quasiparticle scattering processes",3,4
13297,"josephson junction array",3,4
13298,"quantum interference device squid",4,4
13299,"atoms per unit cell",4,4
13300,"site coulomb repulsion",3,4
13301,"kohn theorem",2,4
13302,"considerable simplification",2,4
13303,"closely resemble",2,4
13304,"extended hubbard models",3,4
13305,"gross neveu",2,4
13306,"single vortex line",3,4
13307,"thermal equilibrium configurations",3,4
13308,"virial coefficient",2,4
13309,"glass freezing",2,4
13310,"dc magnetization measurements",3,4
13311,"strongly correlated electron systems",4,4
13312,"intermediate step",2,4
13313,"pi junctions",2,4
13314,"layering transitions",2,4
13315,"london penetration",2,4
13316,"cusp singularity",2,4
13317,"spin-1 ising model",3,4
13318,"economic systems",2,4
13319,"chebyshev polynomials",2,4
13320,"hopping regime",2,4
13321,"few moments",2,4
13322,"ferromagnet normal",2,4
13323,"magnetic semiconductors",2,4
13324,"renormalization group theoretical",3,4
13325,"integer spin",2,4
13326,"time dependent forces",3,4
13327,"molecular dynamics md simulation",4,4
13328,"kohn luttinger",2,4
13329,"strong disorder induced",3,4
13330,"intra grain",2,4
13331,"electronic transport phenomena",3,4
13332,"higher harmonics",2,4
13333,"sandpile models",2,4
13334,"multiplicative functions",2,4
13335,"direct sums",2,4
13336,"directed graphs",2,4
13337,"compact riemann surfaces",3,4
13338,"bi hamiltonian structures",3,4
13339,"geometric constructions",2,4
13340,"torsion free subgroups",3,4
13341,"bounded derived category",3,4
13342,"homological mirror symmetry",3,4
13343,"dimensional hilbert",2,4
13344,"weaker condition",2,4
13345,"purely combinatorial",2,4
13346,"permutation groups",2,4
13347,"numerical invariants",2,4
13348,"module categories",2,4
13349,"unified treatment",2,4
13350,"birkhoff normal form",3,4
13351,"skein modules",2,4
13352,"algebraic closure",2,4
13353,"flag varieties",2,4
13354,"bundle over s1",3,4
13355,"spinc structure",2,4
13356,"terminal singularities",2,4
13357,"differential graded commutative",3,4
13358,"via chebyshev polynomials",3,4
13359,"recurrence relation",2,4
13360,"connected reductive",2,4
13361,"fock spaces",2,4
13362,"simple lie group",3,4
13363,"solvable lie groups",3,4
13364,"purely geometrical",2,4
13365,"root mean",2,4
13366,"non compact lie algebra",4,4
13367,"calabi yau 3-fold",3,4
13368,"conformally flat manifolds",3,4
13369,"symplectic leaf",2,4
13370,"oriented 3-manifold",2,4
13371,"strictly pseudoconvex",2,4
13372,"integral curves",2,4
13373,"alexander polynomial invariants",3,4
13374,"odd prime",2,4
13375,"fano varieties",2,4
13376,"bounded derived categories",3,4
13377,"least two body",3,4
13378,"theoretical modelling",2,4
13379,"self linking",2,4
13380,"multivariate polynomial",2,4
13381,"generalized riemann hypothesis",3,4
13382,"upper triangular",2,4
13383,"line bundles over",3,4
13384,"spinor field theory",3,4
13385,"ballistic deposition",2,4
13386,"dyck paths",2,4
13387,"rationally connected varieties",3,4
13388,"hypergeometric function",2,4
13389,"locally lipschitz",2,4
13390,"toric fano varieties",3,4
13391,"deformation parameter family",3,4
13392,"totally real",2,4
13393,"network traffic flow",3,4
13394,"connected reductive group",3,4
13395,"cumulant expansion",2,4
13396,"exponentially suppressed",2,4
13397,"wave decomposition",2,4
13398,"generalized uncertainty principle",3,4
13399,"edge barriers",2,4
13400,"monte carlo scheme",3,4
13401,"moving mirror",2,4
13402,"trapped ultra cold",3,4
13403,"high temperature dependent",3,4
13404,"turing machine",2,4
13405,"semi direct product",3,4
13406,"relativistic quantum mechanical",3,4
13407,"conceptually simple",2,4
13408,"lie groups gl",3,4
13409,"stirling numbers",2,4
13410,"hydrogen molecule",2,4
13411,"magneto optical trap",3,4
13412,"high altitude",2,4
13413,"universal scaling properties",3,4
13414,"trapped atom",2,4
13415,"carry information",2,4
13416,"mathematical tools",2,4
13417,"priori probability",2,4
13418,"spontaneous decay rate",3,4
13419,"aharonov bohm ab",3,4
13420,"classical limit hbar",3,4
13421,"fluctuation dissipation",2,4
13422,"abelian discrete",2,4
13423,"systematically higher dimensions",3,4
13424,"continuous time evolution",3,4
13425,"physical explanation",2,4
13426,"upside down",2,4
13427,"gaussian distributed",2,4
13428,"decision problems",2,4
13429,"unit time",2,4
13430,"too large number",3,4
13431,"image processing",2,4
13432,"nonmonotonic inference",2,4
13433,"extended logic program",3,4
13434,"performance verification",2,4
13435,"experimental data sets",3,4
13436,"seven dimensions",2,4
13437,"computational resources",2,4
13438,"traveling salesman problem",3,4
13439,"learning algorithms",2,4
13440,"order logic programming",3,4
13441,"unsupervised learning",2,4
13442,"classical logic programs",3,4
13443,"space time scale",3,4
13444,"inductive limit",2,4
13445,"value decomposition",2,4
13446,"dual reciprocity",2,4
13447,"euclidean space time dependent",4,4
13448,"np complete set",3,4
13449,"answer sets",2,4
13450,"free energy density functional",4,4
13451,"tunneling rates",2,4
13452,"relaxation time resolved",3,4
13453,"decreases sharply",2,4
13454,"single walled nanotubes",3,4
13455,"curie temperature dependence",3,4
13456,"strongly localized",2,4
13457,"subcritical bifurcation",2,4
13458,"metallic phase diagram",3,4
13459,"mode coupling regime",3,4
13460,"electronic structure factor",3,4
13461,"exact diagonalizations",2,4
13462,"luttinger liquid behavior",3,4
13463,"numerical modelling",2,4
13464,"temporal gauge theory",3,4
13465,"flux creep",2,4
13466,"half doped",2,4
13467,"dimensional 2d hubbard model",4,4
13468,"thermodynamic instability",2,4
13469,"alpha bedt ttf 2khg scn",5,4
13470,"effective attraction",2,4
13471,"spin accumulation",2,4
13472,"effective mass energies",3,4
13473,"dzyaloshinskii moriya",2,4
13474,"low energy barrier",3,4
13475,"site percolation",2,4
13476,"pulsed laser beam",3,4
13477,"plateau transition",2,4
13478,"parametrically driven",2,4
13479,"rvb state",2,4
13480,"lowest order parameter",3,4
13481,"interface resistance",2,4
13482,"diatomic molecules",2,4
13483,"molecular bose einstein condensate bec",5,4
13484,"spin gap equations",3,4
13485,"van hove singularities",3,4
13486,"heat baths",2,4
13487,"critical exponent nu",3,4
13488,"doped cuprate",2,4
13489,"mn fe",2,4
13490,"two dimensional electron mobility",4,4
13491,"continuum percolation",2,4
13492,"tendency toward",2,4
13493,"bond percolation",2,4
13494,"strongly supports",2,4
13495,"face centered",2,4
13496,"physical mechanisms",2,4
13497,"screened coulomb interaction",3,4
13498,"magnitude higher order",3,4
13499,"third order parameter",3,4
13500,"asymptotically exact solution",3,4
13501,"optically trapped",2,4
13502,"financial crashes",2,4
13503,"sin phi",2,4
13504,"superfluid helium",2,4
13505,"per atom",2,4
13506,"non equilibrium steady state",4,4
13507,"hartree fock space",3,4
13508,"wigner molecules",2,4
13509,"inhomogeneous broadening",2,4
13510,"weakly correlated",2,4
13511,"action functional form",3,4
13512,"portfolio optimization",2,4
13513,"optimum values",2,4
13514,"per unit cell",3,4
13515,"total energy scales",3,4
13516,"photoluminescence spectra",2,4
13517,"angle variables",2,4
13518,"cmr manganites",2,4
13519,"clausius inequality",2,4
13520,"uniformly hyperbolic",2,4
13521,"spinless particles",2,4
13522,"single particle physics",3,4
13523,"inverse participation",2,4
13524,"spin susceptibility chi",3,4
13525,"topological charge fluctuations",3,4
13526,"electric charge quantization",3,4
13527,"space time domain wall",4,4
13528,"finite size scaling behavior",4,4
13529,"zero temperature superconductors",3,4
13530,"dephasing time",2,4
13531,"moderately strong",2,4
13532,"mott insulator regime",3,4
13533,"phonon frequency",2,4
13534,"fermi liquid gas",3,4
13535,"local rings",2,4
13536,"electron occupation",2,4
13537,"angle coordinates",2,4
13538,"current density profile",3,4
13539,"free energy barriers",3,4
13540,"physical mechanism responsible",3,4
13541,"total energy conservation",3,4
13542,"two step like",3,4
13543,"diblock copolymers",2,4
13544,"chain compound",2,4
13545,"displacement vector",2,4
13546,"topologically non",2,4
13547,"fine structure functions",3,4
13548,"collision term",2,4
13549,"dielectric breakdown",2,4
13550,"four lectures",2,4
13551,"sin theta",2,4
13552,"theta vacuum",2,4
13553,"conjugated polymers",2,4
13554,"truncation procedure",2,4
13555,"liquid behaviour",2,4
13556,"nash equilibria",2,4
13557,"hall resistivity",2,4
13558,"self duality transformation",3,4
13559,"iv absorption",2,4
13560,"magnetoresistance mr",2,4
13561,"isothermal magnetization data",3,4
13562,"covering factor",2,4
13563,"smoking gun",2,4
13564,"highly elongated",2,4
13565,"range coulomb interaction",3,4
13566,"phase gate voltage",3,4
13567,"rich phase transitions",3,4
13568,"local density wave superconductor",4,4
13569,"weak ferromagnetism",2,4
13570,"coulomb dissociation",2,4
13571,"single stranded",2,4
13572,"consistently reproduced",2,4
13573,"small angle theta",3,4
13574,"step edge barriers",3,4
13575,"absorbing medium",2,4
13576,"ferromagnetic resonance",2,4
13577,"non perturbative treatment",3,4
13578,"low temperature tn",3,4
13579,"mg ii",2,4
13580,"simple analytical solutions",3,4
13581,"remain finite dimensional",3,4
13582,"charge transport phenomena",3,4
13583,"lowest weight",2,4
13584,"anderson impurity",2,4
13585,"systematic trends",2,4
13586,"purely bosonic",2,4
13587,"high frequency omega",3,4
13588,"disc like",2,4
13589,"seemingly unrelated",2,4
13590,"spin triplet superconductivity",3,4
13591,"feshbach resonances",2,4
13592,"coulomb staircase",2,4
13593,"matrix inversion",2,4
13594,"gaussian approximation scheme",3,4
13595,"tunnel splitting",2,4
13596,"weakly damped",2,4
13597,"scissors mode",2,4
13598,"drift velocity",2,4
13599,"naively expected",2,4
13600,"roughly twice",2,4
13601,"strong correlation coefficient",3,4
13602,"chaotic scattering",2,4
13603,"transfer code",2,4
13604,"reaction diffusion constant",3,4
13605,"shock excited",2,4
13606,"slit spectroscopy",2,4
13607,"galactic disk wind",3,4
13608,"anglo australian telescope",3,4
13609,"galaxy m82",2,4
13610,"mag arcsec2",2,4
13611,"large galactocentric",2,4
13612,"radio emission lines",3,4
13613,"colour information",2,4
13614,"multi band filters",3,4
13615,"high precision radial",3,4
13616,"tracing simulations",2,4
13617,"supernovae feedback",2,4
13618,"fully 3-d",2,4
13619,"highly non linear",3,4
13620,"special astrophysical",2,4
13621,"intergalactic space",2,4
13622,"central source population",3,4
13623,"reflection nebulae",2,4
13624,"pulsars axps",2,4
13625,"fall back",2,4
13626,"field south",2,4
13627,"galactic pole",2,4
13628,"sio maser emission",3,4
13629,"sio maser",2,4
13630,"circumnuclear region",2,4
13631,"pulse timing explorer",3,4
13632,"gaseous disk galaxies",3,4
13633,"angular velocities",2,4
13634,"star formation histories",3,4
13635,"ursa minor dwarf galaxies",4,4
13636,"stellar activity",2,4
13637,"soft gamma ray transient",4,4
13638,"formation event",2,4
13639,"rotating neutron star",3,4
13640,"count rates",2,4
13641,"hole mass accretion",3,4
13642,"spectrum gps",2,4
13643,"sn ia supernovae",3,4
13644,"moderate resolution",2,4
13645,"north survey",2,4
13646,"exponential disk",2,4
13647,"low surface brightness lsb",4,4
13648,"outer halo",2,4
13649,"cold dark matter haloes",4,4
13650,"parsec scale jets",3,4
13651,"central star formation rates",4,4
13652,"dwarf irregular galaxy formation",4,4
13653,"gamma ray astronomy",3,4
13654,"blue stragglers",2,4
13655,"warm inflation",2,4
13656,"centrally peaked",2,4
13657,"astrophysical consequences",2,4
13658,"angular momentum distributions",3,4
13659,"ultraviolet spectroscopic explorer fuse",4,4
13660,"compact dwarf galaxy",3,4
13661,"common user",2,4
13662,"bolometer array",2,4
13663,"lyman break galaxies lbgs",4,4
13664,"volume limited",2,4
13665,"ergs cm2",2,4
13666,"deep field north survey",4,4
13667,"gas removal",2,4
13668,"seyfert galaxy mcg",3,4
13669,"peak flux density",3,4
13670,"matter cdm models",3,4
13671,"accreting white dwarfs",3,4
13672,"photometric data set",3,4
13673,"quasi steady state",3,4
13674,"interstellar medium resolution",3,4
13675,"wfpc2 camera",2,4
13676,"intracluster stars",2,4
13677,"angular momentum loss",3,4
13678,"high redshift estimates",3,4
13679,"gravitational settling",2,4
13680,"upper atmosphere",2,4
13681,"tidal features",2,4
13682,"total integrated luminosity",3,4
13683,"gyr old open",3,4
13684,"star cluster members",3,4
13685,"m31 globular clusters gcs",4,4
13686,"alpha line broadening",3,4
13687,"eddington rate",2,4
13688,"neutron stars ns",3,4
13689,"grb duration",2,4
13690,"functions lfs",2,4
13691,"kev band width",3,4
13692,"exotic dark matter candidate",4,4
13693,"ionizing background",2,4
13694,"emission originates",2,4
13695,"balmer decrement",2,4
13696,"spectral energy injection",3,4
13697,"chandra deep field south",4,4
13698,"jupiter family comets",3,4
13699,"near infrared space telescope",4,4
13700,"near infrared counterpart",3,4
13701,"tidal forces",2,4
13702,"draco dwarf galaxy",3,4
13703,"accreting white dwarf companion",4,4
13704,"cloud material",2,4
13705,"tw hya",2,4
13706,"inward migration",2,4
13707,"bright elliptical galaxies",3,4
13708,"mid infrared background",3,4
13709,"gaseous component",2,4
13710,"probe snap",2,4
13711,"jupiter masses",2,4
13712,"thermal emission originating",3,4
13713,"extinction corrected",2,4
13714,"dust cloud cores",3,4
13715,"inclination angle",2,4
13716,"cluster cl",2,4
13717,"deep chandra observation",3,4
13718,"nearly face",2,4
13719,"line shifts",2,4
13720,"positively correlated",2,4
13721,"low redshift survey",3,4
13722,"ss cyg",2,4
13723,"local group dwarf galaxy",4,4
13724,"dm dt",2,4
13725,"irregular galaxy ngc",3,4
13726,"foreground contamination",2,4
13727,"hydro code",2,4
13728,"black hole growth",3,4
13729,"trigonometric parallaxes",2,4
13730,"time lags",2,4
13731,"radiative cooling time",3,4
13732,"integrated colors",2,4
13733,"nuclear reaction rates",3,4
13734,"infrared counterpart",2,4
13735,"kitt peak",2,4
13736,"flow adaf",2,4
13737,"non thermal bremsstrahlung",3,4
13738,"radio afterglow",2,4
13739,"reflection features",2,4
13740,"non relativistic cosmology",3,4
13741,"high velocity dispersion",3,4
13742,"electromagnetic cascades",2,4
13743,"astronomical community",2,4
13744,"long baseline array vlba",4,4
13745,"inner shell like",3,4
13746,"ionized disc",2,4
13747,"higher ionization",2,4
13748,"arc like",2,4
13749,"per square degree",3,4
13750,"mass accretion flows",3,4
13751,"epic mos",2,4
13752,"spiral galaxy m33",3,4
13753,"highest redshift quasars",3,4
13754,"iras point source",3,4
13755,"type ii regions",3,4
13756,"high energy ranges",3,4
13757,"metal enriched",2,4
13758,"infrared colors",2,4
13759,"blast wave",2,4
13760,"halpha nii",2,4
13761,"orbital cycle",2,4
13762,"dust opacity",2,4
13763,"anglo australian planet search",4,4
13764,"solar nebula",2,4
13765,"jet break",2,4
13766,"vlbi network",2,4
13767,"central engines",2,4
13768,"single burst",2,4
13769,"forbidden transitions",2,4
13770,"almost certainly",2,4
13771,"long period luminosity",3,4
13772,"circular velocities",2,4
13773,"standard slow",2,4
13774,"cosmic star forming",3,4
13775,"ongoing star",2,4
13776,"interferometric gravitational",2,4
13777,"uv continuum",2,4
13778,"spiral bulges",2,4
13779,"geometrically thin",2,4
13780,"gravitational collapse supernovae",3,4
13781,"cluster omega cen",3,4
13782,"remnant snr",2,4
13783,"non uniformity",2,4
13784,"thermal pulses",2,4
13785,"low mass loss",3,4
13786,"low energy distributions",3,4
13787,"detailed computations",2,4
13788,"explosion mechanism",2,4
13789,"stis spectra",2,4
13790,"expectation value problem",3,4
13791,"cmb photons",2,4
13792,"periodic signals",2,4
13793,"nova outbursts",2,4
13794,"highest redshift",2,4
13795,"diffuse gamma ray",3,4
13796,"spherical symmetry axis",3,4
13797,"ne mg fe",3,4
13798,"post newtonian pn",3,4
13799,"median value",2,4
13800,"lens galaxy clusters",3,4
13801,"extragalactic background radiation",3,4
13802,"metallicity distribution",2,4
13803,"compact array",2,4
13804,"unidentified gamma rays",3,4
13805,"map satellite",2,4
13806,"shock velocities",2,4
13807,"emission line seyfert",3,4
13808,"galactic bulges",2,4
13809,"orbital decay",2,4
13810,"lambda cold dark matter",4,4
13811,"fe ratios",2,4
13812,"alpha emission lines",3,4
13813,"stellar photosphere",2,4
13814,"thermal sunyaev zel dovich sz effect",6,4
13815,"gamma ray binaries",3,4
13816,"agb evolution",2,4
13817,"mean occupation",2,4
13818,"central cusp",2,4
13819,"age spread",2,4
13820,"observational program",2,4
13821,"current epoch",2,4
13822,"excess entropy",2,4
13823,"fairly small",2,4
13824,"ultraviolet spectroscopic observations",3,4
13825,"weak lined",2,4
13826,"hi column densities",3,4
13827,"orbital radii",2,4
13828,"cluster rx",2,4
13829,"weighting scheme",2,4
13830,"aperture mass",2,4
13831,"optical depth tau",3,4
13832,"circumstellar matter",2,4
13833,"intense star",2,4
13834,"mhd waves",2,4
13835,"vi absorption lines",3,4
13836,"lensed images",2,4
13837,"young stellar objects ysos",4,4
13838,"ch cyg",2,4
13839,"low redshift quasars",3,4
13840,"radio galaxy 3c",3,4
13841,"large class constraints",3,4
13842,"ray astronomy",2,4
13843,"highly flattened",2,4
13844,"rms noise",2,4
13845,"radio halo",2,4
13846,"faint end slope",3,4
13847,"first few degrees",3,4
13848,"harrison zeldovich",2,4
13849,"fourier modes",2,4
13850,"power spectrum normalization sigma8",4,4
13851,"coronal emission",2,4
13852,"narrow line seyfert galaxies",4,4
13853,"renormalization constants",2,4
13854,"ks chandra observation",3,4
13855,"energy transmission grating spectrometer",4,4
13856,"nuclei agn",2,4
13857,"source count",2,4
13858,"cosmic infrared background cib",4,4
13859,"cosmological constants",2,4
13860,"longer wavelengths",2,4
13861,"persistent emission",2,4
13862,"supernova ejecta",2,4
13863,"starburst galaxy ngc",3,4
13864,"minimum mass function",3,4
13865,"warm absorbers",2,4
13866,"braking index",2,4
13867,"soft gamma ray pulsars",4,4
13868,"iron project",2,4
13869,"radiative recombination processes",3,4
13870,"high temperature profile",3,4
13871,"processed material",2,4
13872,"near ir excesses",3,4
13873,"terminal velocity",2,4
13874,"post shock",2,4
13875,"ultra luminous infrared",3,4
13876,"arc sec",2,4
13877,"raw data",2,4
13878,"energy dissipated",2,4
13879,"angular momentum transfer",3,4
13880,"bl lacertae objects",3,4
13881,"main sequence turnoff",3,4
13882,"gyr old stellar population",4,4
13883,"outflow rate",2,4
13884,"conservative estimate",2,4
13885,"sne ia",2,4
13886,"ks chandra observations",3,4
13887,"radio galaxies lie",3,4
13888,"bulk lorentz factor",3,4
13889,"cdm universe",2,4
13890,"standard cold dark",3,4
13891,"frame optical",2,4
13892,"cross correlating",2,4
13893,"parsec scales",2,4
13894,"radiative shock",2,4
13895,"ultraviolet excess",2,4
13896,"scaled solar",2,4
13897,"background xrb",2,4
13898,"peculiar velocity fields",3,4
13899,"dense molecular line",3,4
13900,"viscosity parameter alpha",3,4
13901,"pulsar magnetospheres",2,4
13902,"alfven waves propagating",3,4
13903,"high precision measurement",3,4
13904,"southern sky survey",3,4
13905,"new luyten two tenths",4,4
13906,"nltt catalog",2,4
13907,"lindblad resonance",2,4
13908,"second incremental",2,4
13909,"four point source",3,4
13910,"spatially flat universe",3,4
13911,"dust free",2,4
13912,"arcminute scales",2,4
13913,"optically thick accretion disk",4,4
13914,"soft gamma rays",3,4
13915,"canada france hawaii telescope",4,4
13916,"critical examination",2,4
13917,"constant lambda term",3,4
13918,"collimated outflows",2,4
13919,"kk spectrum",2,4
13920,"xmm newton rgs",3,4
13921,"barred spiral galaxy ngc",4,4
13922,"virialized halos",2,4
13923,"dwarfs wds",2,4
13924,"narrow line profiles",3,4
13925,"cfl phase locked",3,4
13926,"infalling matter",2,4
13927,"lyman break",2,4
13928,"spectral gaps",2,4
13929,"cluster formation history",3,4
13930,"neutron star formation",3,4
13931,"terminal velocities",2,4
13932,"luminosity scales",2,4
13933,"chandra deep field",3,4
13934,"inhomogeneous cosmological models",3,4
13935,"21-cm line",2,4
13936,"young stellar systems",3,4
13937,"post agb stars",3,4
13938,"red continuum",2,4
13939,"water cherenkov",2,4
13940,"medium ism",2,4
13941,"optical transients",2,4
13942,"heavy element abundances",3,4
13943,"damped lyman alpha elements",4,4
13944,"li depletion",2,4
13945,"early type ic",3,4
13946,"galactic globular cluster",3,4
13947,"cosmic microwave background cmb maps",5,4
13948,"put strong constraints",3,4
13949,"highly structured",2,4
13950,"peculiar velocity",2,4
13951,"million solar",2,4
13952,"peanut shaped",2,4
13953,"time lag",2,4
13954,"ngc abridged",2,4
13955,"board xmm newton",3,4
13956,"late type spirals",3,4
13957,"binary populations",2,4
13958,"solar flare",2,4
13959,"bright spot",2,4
13960,"neutrino reactions",2,4
13961,"isothermal sphere",2,4
13962,"low redshift range",3,4
13963,"equilibrium configuration",2,4
13964,"outflow velocities",2,4
13965,"galactic nucleus",2,4
13966,"scuba galaxies",2,4
13967,"microlensing light",2,4
13968,"extragalactic origin",2,4
13969,"lightest supersymmetric particle",3,4
13970,"single photon index",3,4
13971,"quasi periodic oscillations qpos",4,4
13972,"su uma type dwarf nova",5,4
13973,"cross correlation functions",3,4
13974,"interferometer space",2,4
13975,"bulge microlensing event",3,4
13976,"beaming factor",2,4
13977,"positive cosmological term",3,4
13978,"negative tension brane cosmology",4,4
13979,"earlier findings",2,4
13980,"broad line seyfert galaxies",4,4
13981,"broad line seyfert",3,4
13982,"powerful radio emission",3,4
13983,"higher metallicity",2,4
13984,"gravitational clustering",2,4
13985,"xte j1550-564",2,4
13986,"ovi absorption systems",3,4
13987,"ray irradiation",2,4
13988,"type dwarf nova outbursts",4,4
13989,"ejection instability",2,4
13990,"rxte pca",2,4
13991,"radiative shock wave",3,4
13992,"multi shell model",3,4
13993,"graph theoretic",2,4
13994,"group theoretical framework",3,4
13995,"finite dimensional analogs",3,4
13996,"symplectic 4-manifolds",2,4
13997,"exponential growth rate",3,4
13998,"theoretical descriptions",2,4
13999,"riemann tensor",2,4
14000,"summation formula",2,4
14001,"completely integrable systems",3,4
14002,"lie algebroids",2,4
14003,"absolute minimum",2,4
14004,"ordinary differential forms",3,4
14005,"plurisubharmonic functions",2,4
14006,"word hyperbolic groups",3,4
14007,"rational cherednik algebras",3,4
14008,"left ideal",2,4
14009,"hyperbolic 3-manifold",2,4
14010,"finitely generated subgroup",3,4
14011,"locally compact objects",3,4
14012,"galois theory",2,4
14013,"kac moody lie algebra",4,4
14014,"manifold mn",2,4
14015,"weighted projective spaces",3,4
14016,"symplectic submanifold",2,4
14017,"homogeneous coordinate ring",3,4
14018,"rogers ramanujan",2,4
14019,"galois covers",2,4
14020,"convex polytopes",2,4
14021,"lipschitz continuous",2,4
14022,"quantized enveloping algebra",3,4
14023,"hochschild cohomology rings",3,4
14024,"vector valued",2,4
14025,"yetter drinfeld",2,4
14026,"projective representations",2,4
14027,"convex body",2,4
14028,"left invariant under",3,4
14029,"hard lefschetz theorem",3,4
14030,"lebesgue spaces",2,4
14031,"pseudo differential operator",3,4
14032,"serious challenge",2,4
14033,"impose constraints",2,4
14034,"drinfeld modules",2,4
14035,"tangent vector",2,4
14036,"planar random walk",3,4
14037,"transformation groups",2,4
14038,"twisted tensor",2,4
14039,"compact symmetric spaces",3,4
14040,"constant sectional curvature",3,4
14041,"alpha prime",2,4
14042,"compact lie group",3,4
14043,"algebraically closed subgroup",3,4
14044,"euclidean space time evolution",4,4
14045,"semi simple lie algebra",4,4
14046,"parabolic equation",2,4
14047,"rationally connected",2,4
14048,"kleinian groups",2,4
14049,"finsler geometry",2,4
14050,"circle bundle over",3,4
14051,"motivic integration",2,4
14052,"induced metric spaces",3,4
14053,"fourier algebra",2,4
14054,"complex conjugation",2,4
14055,"eddy viscosity",2,4
14056,"nearly integrable",2,4
14057,"finite dimensional hilbert spaces",4,4
14058,"nilpotent orbits",2,4
14059,"diffeomorphism group",2,4
14060,"quantized enveloping",2,4
14061,"grobner bases",2,4
14062,"infinite cyclic",2,4
14063,"regular initial",2,4
14064,"quasi periodic orbits",3,4
14065,"de la theorie",3,4
14066,"morse index",2,4
14067,"constructive proof",2,4
14068,"circle action",2,4
14069,"turaev invariants",2,4
14070,"deligne cohomology",2,4
14071,"euler lagrange equations",3,4
14072,"integrally closed ideals",3,4
14073,"faithfully flat",2,4
14074,"scale structure function",3,4
14075,"combinatorial structures",2,4
14076,"asymmetric structures",2,4
14077,"lie groupoids",2,4
14078,"open cluster",2,4
14079,"differential equation describing",3,4
14080,"shock speed",2,4
14081,"radon transform",2,4
14082,"careful treatment",2,4
14083,"clebsch gordan",2,4
14084,"loewner evolution",2,4
14085,"non compact orientable",3,4
14086,"global gps network",3,4
14087,"floating point",2,4
14088,"reinforcement learning",2,4
14089,"supervised learning algorithm",3,4
14090,"fermi velocity",2,4
14091,"spectral classification",2,4
14092,"quantum hall plateau transition",4,4
14093,"averaged quantities",2,4
14094,"parameter alpha ge",3,4
14095,"dimensional turbulence",2,4
14096,"conductivity tensor",2,4
14097,"nearly half",2,4
14098,"magnetization reversal",2,4
14099,"rms velocity",2,4
14100,"tunneling resonances",2,4
14101,"perturbative treatment",2,4
14102,"positive muon",2,4
14103,"infinite dimensional 2d",3,4
14104,"transverse breathing",2,4
14105,"floquet theory",2,4
14106,"variational monte carlo",3,4
14107,"semi direct",2,4
14108,"atoms per atom",3,4
14109,"ab initio molecular dynamics",4,4
14110,"negatively charged",2,4
14111,"coherent backscattering",2,4
14112,"turning off",2,4
14113,"energy density functional",3,4
14114,"momentum bf",2,4
14115,"continuous unitary transformations",3,4
14116,"falls off",2,4
14117,"assumptions regarding",2,4
14118,"strongly interacting via",3,4
14119,"circular symmetry",2,4
14120,"evolutionary games",2,4
14121,"chaotic mixing",2,4
14122,"main shock",2,4
14123,"nonlinear optical solitons",3,4
14124,"dynamical mean value",3,4
14125,"spin precession frequency",3,4
14126,"post main",2,4
14127,"spin-1 heisenberg chain",3,4
14128,"space time scale free",4,4
14129,"per night",2,4
14130,"non local realistic",3,4
14131,"back scattering",2,4
14132,"gap amplitude",2,4
14133,"non linearities",2,4
14134,"geometric scaling",2,4
14135,"order cumulants",2,4
14136,"elastic scattering length",3,4
14137,"exponents gamma",2,4
14138,"remain valid",2,4
14139,"experimental facts",2,4
14140,"localized phases",2,4
14141,"ray powder",2,4
14142,"magnitude below tc",3,4
14143,"short wavelength limit",3,4
14144,"e2 values",2,4
14145,"standard thin",2,4
14146,"meta stable",2,4
14147,"sea surface",2,4
14148,"micron sized",2,4
14149,"highly inhomogeneous",2,4
14150,"parity nonconserving",2,4
14151,"shell model independent",3,4
14152,"reflection group",2,4
14153,"average transverse",2,4
14154,"he atom",2,4
14155,"alpha beta decay",3,4
14156,"structure formation rates",3,4
14157,"swift hohenberg",2,4
14158,"data acquisition",2,4
14159,"generic initial conditions",3,4
14160,"commutative associative product",3,4
14161,"non abelian projection",3,4
14162,"two dimensional submanifold",3,4
14163,"goes over",2,4
14164,"coulomb gauge fields",3,4
14165,"space time series",3,4
14166,"eddy simulation",2,4
14167,"non compact object",3,4
14168,"del pezzo surface",3,4
14169,"cartesian product",2,4
14170,"symmetric hyperbolic",2,4
14171,"diagonalization techniques",2,4
14172,"torsion points",2,4
14173,"absolute parallelism",2,4
14174,"non abelian discrete",3,4
14175,"gauged linear sigma model",4,4
14176,"orbital inclination",2,4
14177,"intraday variability",2,4
14178,"quasi simultaneous",2,4
14179,"radiative zone",2,4
14180,"stellar kinematics",2,4
14181,"systemic velocity field",3,4
14182,"observational data set",3,4
14183,"gravitationally lensed images",3,4
14184,"unusually low",2,4
14185,"water masers",2,4
14186,"eso vlt isaac",3,4
14187,"hardness ratio",2,4
14188,"element abundance ratios",3,4
14189,"luminous seyfert galaxies",3,4
14190,"completeness limit",2,4
14191,"spatially unresolved",2,4
14192,"flat rotation curve",3,4
14193,"large scale structure formation",4,4
14194,"single lens",2,4
14195,"stellar pulsation",2,4
14196,"adiabatic index",2,4
14197,"wavelength coverage",2,4
14198,"core collapse supernova",3,4
14199,"discs around",2,4
14200,"double barred",2,4
14201,"central star formation activity",4,4
14202,"telescope wfpc2",2,4
14203,"thomson scattering",2,4
14204,"pulsating sdb stars",3,4
14205,"red wing",2,4
14206,"shorter period",2,4
14207,"toroidal magnetic field strength",4,4
14208,"dust content",2,4
14209,"power law inflation",3,4
14210,"cr electrons",2,4
14211,"almost perfectly",2,4
14212,"trans neptunian objects",3,4
14213,"wise observatory",2,4
14214,"mass companions",2,4
14215,"line shapes",2,4
14216,"weak scale structures",3,4
14217,"hawaii telescope",2,4
14218,"young neutron star",3,4
14219,"crab pulsar wind nebula",4,4
14220,"ray cr",2,4
14221,"distance indicator",2,4
14222,"metallicity distribution function",3,4
14223,"rate sfr",2,4
14224,"astrometric measurements",2,4
14225,"star formation rate sfr",4,4
14226,"lensing potential",2,4
14227,"high redshift survey",3,4
14228,"high precision radial velocity",4,4
14229,"substellar companions",2,4
14230,"matching procedure",2,4
14231,"nltt stars",2,4
14232,"green bank",2,4
14233,"active star forming galaxies",4,4
14234,"lynden bell",2,4
14235,"stringent upper limit",3,4
14236,"broad band images",3,4
14237,"optical afterglow light curve",4,4
14238,"jodrell bank",2,4
14239,"2df galaxy clustering",3,4
14240,"microlensing survey",2,4
14241,"polar caps",2,4
14242,"standard accretion disk",3,4
14243,"density gradients",2,4
14244,"schmidt telescope",2,4
14245,"interstellar dust grains",3,4
14246,"hst stis data",3,4
14247,"full radiative transfer",3,4
14248,"irregular galaxies",2,4
14249,"accretion stream",2,4
14250,"singlet neutrino mass",3,4
14251,"lick observatory",2,4
14252,"rotating magnetized",2,4
14253,"stellar feedback",2,4
14254,"blue compact dwarf galaxies",4,4
14255,"dark energy density fluctuations",4,4
14256,"accreting millisecond",2,4
14257,"accretion events",2,4
14258,"halpha emission lines",3,4
14259,"metal poor population",3,4
14260,"substellar objects",2,4
14261,"magnetohydrodynamic turbulence",2,4
14262,"cataclysmic variable cv",3,4
14263,"thermal sunyaev",2,4
14264,"symbiotic binary systems",3,4
14265,"ly alpha forest",3,4
14266,"dynamically cold",2,4
14267,"star atmospheres",2,4
14268,"shock fronts",2,4
14269,"rotation rates",2,4
14270,"los alamos national",3,4
14271,"shocked region",2,4
14272,"ionizing source",2,4
14273,"metal rich globular clusters gcs",5,4
14274,"oxygen abundance ratio",3,4
14275,"blazar jets",2,4
14276,"infrared excess",2,4
14277,"hi mass",2,4
14278,"two thirds",2,4
14279,"variable cv",2,4
14280,"supermassive black holes smbhs",4,4
14281,"radio loud",2,4
14282,"first error box",3,4
14283,"2df galaxy groups",3,4
14284,"broad absorption features",3,4
14285,"mid infrared space",3,4
14286,"radio maps",2,4
14287,"dwarf irregular",2,4
14288,"powered pulsars",2,4
14289,"velocity dispersion profiles",3,4
14290,"near ir imaging",3,4
14291,"bright compact radio emission",4,4
14292,"deeper observations",2,4
14293,"hydrogen envelopes",2,4
14294,"pre protostellar cores",3,4
14295,"ne mg",2,4
14296,"spectral energy distributions sed",4,4
14297,"astrophysical objects",2,4
14298,"cosmic ray bursts",3,4
14299,"stellar mass outflow",3,4
14300,"cosmic ray background",3,4
14301,"white dwarf nova",3,4
14302,"interstellar dust",2,4
14303,"reduced proper motion",3,4
14304,"day mass",2,4
14305,"randall sundrum type ii",4,4
14306,"mexican hat",2,4
14307,"non relativistic jets",3,4
14308,"ultrahigh energy cosmic rays",4,4
14309,"host stars",2,4
14310,"turbulent diffusion",2,4
14311,"local interstellar medium",3,4
14312,"primordial fluctuation",2,4
14313,"lifetime difference",2,4
14314,"luminosity functions lfs",3,4
14315,"cygnus loop",2,4
14316,"massive progenitor",2,4
14317,"egret source 3eg",3,4
14318,"ultra high energy cosmic ray",5,4
14319,"upsilon andromedae",2,4
14320,"alfv en",2,4
14321,"stellar progenitor",2,4
14322,"small magellanic",2,4
14323,"ideal mhd",2,4
14324,"metallicity dependence",2,4
14325,"total mass function",3,4
14326,"arcsec yr",2,4
14327,"extinction corrections",2,4
14328,"low temperature profile",3,4
14329,"star rx",2,4
14330,"inhomogeneous dust",2,4
14331,"ultra cool",2,4
14332,"cross checked",2,4
14333,"sz effect",2,4
14334,"neutrino component",2,4
14335,"cluster mergers",2,4
14336,"central starburst",2,4
14337,"nebular emission",2,4
14338,"near ir colour",3,4
14339,"monte carlo markov chain",4,4
14340,"virial theorem",2,4
14341,"neutrino propagation",2,4
14342,"singular isothermal",2,4
14343,"magnetorotational instability",2,4
14344,"multi scale structures",3,4
14345,"merger remnant",2,4
14346,"galactic halo substructure",3,4
14347,"meson exchange interactions",3,4
14348,"long grbs",2,4
14349,"star interiors",2,4
14350,"high velocity profiles",3,4
14351,"damped ly",2,4
14352,"latest developments",2,4
14353,"h2 emission line",3,4
14354,"pca observations",2,4
14355,"envelopes around",2,4
14356,"detectable radio galaxies",3,4
14357,"neupert effect",2,4
14358,"keck observatory",2,4
14359,"type dwarf",2,4
14360,"particle antiparticle",2,4
14361,"extragalactic globular clusters",3,4
14362,"archival hst wfpc2 images",4,4
14363,"accurate enough",2,4
14364,"hi features",2,4
14365,"gravitationally lensed quasars",3,4
14366,"isocurvature fluctuations",2,4
14367,"phase referencing",2,4
14368,"shocked gas",2,4
14369,"magnetic reconnection",2,4
14370,"target selection",2,4
14371,"readout electronics",2,4
14372,"cosmic string networks",3,4
14373,"star formation timescale",3,4
14374,"fanaroff riley",2,4
14375,"exciting star",2,4
14376,"spectral analysis yielded",3,4
14377,"standard candle",2,4
14378,"total energy distribution",3,4
14379,"gamma ray pulsars",3,4
14380,"arches cluster center",3,4
14381,"strange quark mass function",4,4
14382,"age differences",2,4
14383,"cherenkov radiation",2,4
14384,"dust shells",2,4
14385,"kuiper belt",2,4
14386,"pulsar kicks",2,4
14387,"silicate feature",2,4
14388,"synchrotron emitting",2,4
14389,"active galactic nuclei agn jets",5,4
14390,"differentially rotating neutron stars",4,4
14391,"proper time scales",3,4
14392,"superluminal motion",2,4
14393,"type ia supernova sn",4,4
14394,"wr stars",2,4
14395,"dark halo stars",3,4
14396,"unphysically large",2,4
14397,"helium abundance",2,4
14398,"serious problem",2,4
14399,"pulsar xte",2,4
14400,"roughly equal",2,4
14401,"flaring activity",2,4
14402,"model atmosphere analysis",3,4
14403,"faint end slope alpha",4,4
14404,"stringent tests",2,4
14405,"type iii lambda",3,4
14406,"geomagnetic field",2,4
14407,"element abundance",2,4
14408,"merger trees",2,4
14409,"mid infrared imaging",3,4
14410,"asymmetric nuclear matter",3,4
14411,"energetic electrons",2,4
14412,"dynamically unstable",2,4
14413,"nearly pure",2,4
14414,"equilibrium green",2,4
14415,"resonant inelastic",2,4
14416,"hydrodynamic calculations",2,4
14417,"excitation functions",2,4
14418,"universal extra",2,4
14419,"inelastic scattering matrix",3,4
14420,"lattice sizes up",3,4
14421,"si inversion",2,4
14422,"complex valued random matrices",4,4
14423,"boltzmann transport equations",3,4
14424,"critical discussion",2,4
14425,"affine toda",2,4
14426,"refractive indices",2,4
14427,"clear physical properties",3,4
14428,"electric quadrupole",2,4
14429,"lorentz symmetry breaking",3,4
14430,"quasinormal modes",2,4
14431,"holographic principle",2,4
14432,"dynamical triangulations",2,4
14433,"two dimensional spacetime dimensions",4,4
14434,"derivative gravity",2,4
14435,"kerr schild",2,4
14436,"induced metric tensor",3,4
14437,"histories approach",2,4
14438,"barrett crane model",3,4
14439,"metric coefficients",2,4
14440,"friedman robertson walker",3,4
14441,"naturally light cone",3,4
14442,"rindler spacetime",2,4
14443,"minkowski vacuum",2,4
14444,"spherically symmetric perfect fluid",4,4
14445,"kantowski sachs",2,4
14446,"charged dilaton",2,4
14447,"homothetic killing vector",3,4
14448,"physical interpretations",2,4
14449,"ii string",2,4
14450,"conformal killing vector",3,4
14451,"finite dimensional spacetime",3,4
14452,"trivial vacuum",2,4
14453,"spin foam model",3,4
14454,"einstein maxwell theory",3,4
14455,"nambu goto string",3,4
14456,"gravitational radiation emitted",3,4
14457,"fully self",2,4
14458,"minimum uncertainty principle",3,4
14459,"gamma le",2,4
14460,"friedmann robertson walker frw",4,4
14461,"asymptotically de sitter spacetimes",4,4
14462,"effective action principle",3,4
14463,"self energy momentum tensor",4,4
14464,"deficit angle",2,4
14465,"rough estimates",2,4
14466,"schwarzschild black hole thermodynamics",4,4
14467,"finite dimensional regularization scheme",4,4
14468,"wick rotation",2,4
14469,"immirzi parameter",2,4
14470,"weyl curvature",2,4
14471,"3d gravity",2,4
14472,"binary black hole",3,4
14473,"einstein hilbert",2,4
14474,"electromagnetic perturbations",2,4
14475,"horizon area law",3,4
14476,"sub picosecond",2,4
14477,"charged rotating black holes",4,4
14478,"dimensional hilbert action",3,4
14479,"holographic entropy principle",3,4
14480,"strong equivalence principle",3,4
14481,"proper time evolution",3,4
14482,"space time dependent backgrounds",4,4
14483,"around hd",2,4
14484,"accelerated charge",2,4
14485,"schroedinger functional",2,4
14486,"electric field theories",3,4
14487,"kappa minkowski space",3,4
14488,"gravitational wave backgrounds",3,4
14489,"photon impact parameter",3,4
14490,"multi soliton solutions",3,4
14491,"higher dimensional spacetime",3,4
14492,"triplet couplings",2,4
14493,"universe expands",2,4
14494,"thick domain wall",3,4
14495,"sachs wolfe",2,4
14496,"local inertial",2,4
14497,"dirac brackets",2,4
14498,"non trivially",2,4
14499,"integration measure",2,4
14500,"effective action functional",3,4
14501,"dark energy cosmic",3,4
14502,"pseudo goldstone boson",3,4
14503,"sz observations",2,4
14504,"wimp direct detection",3,4
14505,"total mass distribution",3,4
14506,"gas surrounding",2,4
14507,"stellar companions",2,4
14508,"primary proton",2,4
14509,"line blanketed",2,4
14510,"explosion energies",2,4
14511,"marginally consistent",2,4
14512,"james clerk maxwell telescope jcmt",5,4
14513,"magnetized accretion disks",3,4
14514,"supranova model",2,4
14515,"laser light scattering",3,4
14516,"spheroidal galaxies",2,4
14517,"oii emission",2,4
14518,"absorption line strengths",3,4
14519,"auger observatory",2,4
14520,"proto planetary nebula",3,4
14521,"ultrahigh energy spectrum",3,4
14522,"small scale structure function",4,4
14523,"rotation powered",2,4
14524,"neutrino antineutrino",2,4
14525,"non thermal emission",3,4
14526,"kinematic components",2,4
14527,"millisecond radio pulsars",3,4
14528,"spectral type dwarf",3,4
14529,"closed box",2,4
14530,"thermonuclear runaway",2,4
14531,"resolved photon",2,4
14532,"deconfined phases",2,4
14533,"singlet neutrino",2,4
14534,"cross section sigma model",4,4
14535,"single trace",2,4
14536,"brightness fluctuations",2,4
14537,"balloon flight",2,4
14538,"peak brightness",2,4
14539,"data reduction techniques",3,4
14540,"energy momentum distributions",3,4
14541,"post core",2,4
14542,"short lifetime",2,4
14543,"bag constant",2,4
14544,"closely resembles",2,4
14545,"dyson equations",2,4
14546,"n-1 dimensional",2,4
14547,"stochastic vacuum energy",3,4
14548,"fundamental fermions coupled",3,4
14549,"fuzzy spheres",2,4
14550,"geometrical meaning",2,4
14551,"stretched horizon",2,4
14552,"angular momentum dependent",3,4
14553,"rare decay modes",3,4
14554,"inclusive jet cross sections",4,4
14555,"beta decay modes",3,4
14556,"packed array",2,4
14557,"strange particles",2,4
14558,"inelastic lepton",2,4
14559,"flavour structure functions",3,4
14560,"electromagnetic calorimeter",2,4
14561,"b0 lifetime",2,4
14562,"semi leptonic decays",3,4
14563,"rare radiative decays",3,4
14564,"c.l upper bound",3,4
14565,"bjorken scaling",2,4
14566,"neutral pion production",3,4
14567,"scintillator photodiode type",3,4
14568,"violating asymmetries",2,4
14569,"flavor violating asymmetry",3,4
14570,"gauge mediated susy breaking",4,4
14571,"large acceptance",2,4
14572,"k0 pi pi0",3,4
14573,"stat syst x10",3,4
14574,"br phi",2,4
14575,"uv fixed",2,4
14576,"deeply virtual compton scattering",4,4
14577,"alternating gradient synchrotron",3,4
14578,"delta md",2,4
14579,"three body baryonic",3,4
14580,"neutrino beams",2,4
14581,"neutral current densities",3,4
14582,"chi c2",2,4
14583,"bbar decays",2,4
14584,"doubly cabibbo suppressed",3,4
14585,"csi tl",2,4
14586,"photon virtualities",2,4
14587,"talk reviews",2,4
14588,"low q2 gev2",3,4
14589,"flavour production",2,4
14590,"perturbation theory chpt",3,4
14591,"eta q2",2,4
14592,"gluon distribution inside",3,4
14593,"positron beam",2,4
14594,"first few gev",3,4
14595,"time dependent cp violating asymmetry",5,4
14596,"momentum per",2,4
14597,"cleo iii",2,4
14598,"hadronic matrix element",3,4
14599,"time dependent cp asymmetry",4,4
14600,"positron colliders",2,4
14601,"aleph delphi",2,4
14602,"b0s bar",2,4
14603,"subsequent decay mode",3,4
14604,"deep inelastic scattering dis data",5,4
14605,"contact term",2,4
14606,"diffractive parton distributions",3,4
14607,"strange baryons",2,4
14608,"single electron positron",3,4
14609,"lambda mb",2,4
14610,"energy momentum loss",3,4
14611,"electroweak penguin",2,4
14612,"strong coupling constant alphas mz",5,4
14613,"pi0 eta mesons",3,4
14614,"charged hadrons",2,4
14615,"tau lepton universality",3,4
14616,"proton decay rates",3,4
14617,"high q2 gev2",3,4
14618,"neutrino oscillation solutions",3,4
14619,"gauge mediated supersymmetry breaking",4,4
14620,"virtual particles",2,4
14621,"hard exclusive reactions",3,4
14622,"proper time dependent",3,4
14623,"shape invariant mass",3,4
14624,"flame front propagation",3,4
14625,"waves emitted",2,4
14626,"charged particle beams",3,4
14627,"string tachyons",2,4
14628,"rolling scalar field",3,4
14629,"scale invariant mass",3,4
14630,"physical observable",2,4
14631,"harry dym",2,4
14632,"kp hierarchy",2,4
14633,"born infeld type",3,4
14634,"two dimensional regularization",3,4
14635,"elliptic flows",2,4
14636,"massive thirring",2,4
14637,"overlap dirac",2,4
14638,"ozi rule",2,4
14639,"chirally broken",2,4
14640,"effective potential mui",3,4
14641,"charmed meson",2,4
14642,"light hadron spectrum",3,4
14643,"brst invariance",2,4
14644,"field strength tensor",3,4
14645,"quark flavours",2,4
14646,"quark mass splitting",3,4
14647,"improved wilson fermion action",4,4
14648,"maximal abelian gauge",3,4
14649,"chromomagnetic fields",2,4
14650,"polyakov loop correlators",3,4
14651,"confinement deconfinement phase transition",4,4
14652,"cp pacs",2,4
14653,"decay bs",2,4
14654,"glueball mass",2,4
14655,"renormalized perturbation",2,4
14656,"fermion doubling",2,4
14657,"charm quarks",2,4
14658,"non compact qed",3,4
14659,"ghost sector",2,4
14660,"supersymmetry breaking pattern",3,4
14661,"light gluino",2,4
14662,"finite baryon density",3,4
14663,"positive parity",2,4
14664,"axial charge",2,4
14665,"wave charmonium",2,4
14666,"bombarding energies",2,4
14667,"pseudo rapidity",2,4
14668,"entrance channel",2,4
14669,"deep inelastic neutron",3,4
14670,"v2 pt charged particle",4,4
14671,"active neutrino oscillations",3,4
14672,"single particle production",3,4
14673,"charged current cc",3,4
14674,"recoil polarization",2,4
14675,"azimuthal correlation",2,4
14676,"antibaryon production",2,4
14677,"fission barrier",2,4
14678,"heavy ion collider rhic",4,4
14679,"mini jets",2,4
14680,"ultrarelativistic heavy ion",3,4
14681,"deuteron breakup",2,4
14682,"transverse mass energies",3,4
14683,"pion correlation functions",3,4
14684,"hadron phase",2,4
14685,"neutron electric dipole moment",4,4
14686,"maximally abelian gauge",3,4
14687,"pion production mechanism",3,4
14688,"strangeness content",2,4
14689,"dense hadronic",2,4
14690,"proton nucleus interactions",3,4
14691,"light neutrino mixing",3,4
14692,"full radiative",2,4
14693,"two body baryonic",3,4
14694,"goldstone boson exchange interaction",4,4
14695,"distributions gpds",2,4
14696,"electromagnetic corrections",2,4
14697,"bjorken sum rules",3,4
14698,"parton distribution function",3,4
14699,"strange quark gluon",3,4
14700,"crystalline color superconductivity",3,4
14701,"pion electroproduction",2,4
14702,"semileptonic rare decays",3,4
14703,"chiral constituent quarks",3,4
14704,"long distance physics",3,4
14705,"qcd pqcd",2,4
14706,"short range repulsion",3,4
14707,"bc meson decays",3,4
14708,"susy guts",2,4
14709,"transverse spin asymmetries",3,4
14710,"charged lepton flavor",3,4
14711,"msw solution",2,4
14712,"wess zumino witten",3,4
14713,"unitarized chiral symmetry",3,4
14714,"large nc expansion",3,4
14715,"inverted hierarchical",2,4
14716,"gluino mass ratio",3,4
14717,"beta function regularization",3,4
14718,"non universal gaugino masses",4,4
14719,"strong coupling constants",3,4
14720,"standard model sm predictions",4,4
14721,"direct cp asymmetry",3,4
14722,"covariant bethe salpeter approach",4,4
14723,"down quark mass matrices",4,4
14724,"isospin violating",2,4
14725,"light scattering processes",3,4
14726,"chargino pair production",3,4
14727,"right handed majorana mass matrices",5,4
14728,"discrete symmetry breaking",3,4
14729,"quadratically divergent",2,4
14730,"two loop electroweak corrections",4,4
14731,"uv divergences",2,4
14732,"lightest neutral higgs",3,4
14733,"cabibbo kobayashi maskawa ckm matrix",5,4
14734,"qcd hamiltonian",2,4
14735,"ghost propagators",2,4
14736,"heavy majorana",2,4
14737,"gluon shadowing",2,4
14738,"light scattering amplitude",3,4
14739,"color dipole picture",3,4
14740,"sin22 theta",2,4
14741,"improved ladder approximation",3,4
14742,"squark masses",2,4
14743,"light bottom squarks",3,4
14744,"neutrino oscillation probability",3,4
14745,"quasielastic scattering",2,4
14746,"quasi elastic electron",3,4
14747,"double logarithmic",2,4
14748,"constrained minimal supersymmetric standard model",5,4
14749,"sno neutral",2,4
14750,"meson systems",2,4
14751,"electroweak phase",2,4
14752,"affleck dine",2,4
14753,"linear collider lc",3,4
14754,"inelastic diffraction",2,4
14755,"kalb ramond field",3,4
14756,"kt factorization",2,4
14757,"soft scalar",2,4
14758,"orbifold guts",2,4
14759,"super yang",2,4
14760,"cp problem",2,4
14761,"brane production",2,4
14762,"adjoint chiral",2,4
14763,"z2 orbifold compactification",3,4
14764,"explicit cp violation",3,4
14765,"pati salam model",3,4
14766,"domain wall solutions",3,4
14767,"perturbative qcd factorization formalism",4,4
14768,"gamma leq gev",3,4
14769,"rare decay bs",3,4
14770,"sterile component",2,4
14771,"hadronization process",2,4
14772,"weak mixing matrix",3,4
14773,"exclusive semileptonic branching ratios",4,4
14774,"right handed majorana",3,4
14775,"charged lepton sector",3,4
14776,"deeply virtual",2,4
14777,"bar partial wave",3,4
14778,"lepton pair production",3,4
14779,"kk states",2,4
14780,"rho ell nu",3,4
14781,"goldstone boson exchange",3,4
14782,"hadron induced",2,4
14783,"favored lma solution",3,4
14784,"g1 gamma",2,4
14785,"neutron electric dipole moments",4,4
14786,"leading order g2",3,4
14787,"polarized parton densities",3,4
14788,"quark sectors",2,4
14789,"supersymmetric standard model sm",4,4
14790,"lambda mb corrections",3,4
14791,"two higgs fields",3,4
14792,"constituent quark mass",3,4
14793,"next linear colliders",3,4
14794,"ckm matrix models",3,4
14795,"tan2 theta",2,4
14796,"dependent cp",2,4
14797,"solar neutrino oscillations",3,4
14798,"gauge coupling unification scale",4,4
14799,"matter antimatter asymmetry",3,4
14800,"expansion ope",2,4
14801,"tev scale free",3,4
14802,"isospin asymmetry",2,4
14803,"susy qcd",2,4
14804,"fermion mass hierarchies",3,4
14805,"leptonic cp violating",3,4
14806,"nlo qcd corrections",3,4
14807,"soft susy breaking",3,4
14808,"dirac yukawa couplings",3,4
14809,"bottom squark",2,4
14810,"minimal supersymmetric standard model independent",5,4
14811,"atomic parity violation",3,4
14812,"topcolor assisted technicolor tc2",4,4
14813,"structure function g1",3,4
14814,"gerasimov drell hearn sum rule",5,4
14815,"virtual photon impact factor",4,4
14816,"deuteron photodisintegration",2,4
14817,"total cross section sigma",4,4
14818,"standard model mssm parameter",4,4
14819,"4-dimensional effective action",3,4
14820,"parton cascade",2,4
14821,"fixing condition",2,4
14822,"diffractive dis off nuclei",4,4
14823,"belle collaboration",2,4
14824,"leading regge",2,4
14825,"large pt gev",3,4
14826,"full radiative corrections",3,4
14827,"higgs mediated",2,4
14828,"susy qcd corrections",3,4
14829,"leptonic mixing",2,4
14830,"decay mode coupling",3,4
14831,"subleading logarithmic corrections",3,4
14832,"electric flux tube",3,4
14833,"nn coupling constants",3,4
14834,"vacuum energy density rho",4,4
14835,"infinite tower",2,4
14836,"linear sigma models",3,4
14837,"lepton flavor violating lfv",4,4
14838,"tev scale factor",3,4
14839,"collider lc",2,4
14840,"interference term",2,4
14841,"superstring field theories",3,4
14842,"time ordered perturbation theory",4,4
14843,"non commutative qed",3,4
14844,"hot hadronic matter",3,4
14845,"doubly magic nuclei",3,4
14846,"faddeev yakubovsky",2,4
14847,"hartree bogoliubov hfb",3,4
14848,"brueckner hartree fock",3,4
14849,"electro disintegration",2,4
14850,"dependent hartree",2,4
14851,"deuteron binding energy",3,4
14852,"fully relativistic mean",3,4
14853,"isobar model",2,4
14854,"quadrupole resonance",2,4
14855,"brane world sheet",3,4
14856,"intense laser field",3,4
14857,"maxwell chern simons term",4,4
14858,"free scalar fields",3,4
14859,"tree level superpotential",3,4
14860,"string compactifications",2,4
14861,"covariantly constant",2,4
14862,"closed string tachyons",3,4
14863,"bps operators",2,4
14864,"tachyon condensate",2,4
14865,"marginal deformations",2,4
14866,"supergravity duals",2,4
14867,"type iia supergravity",3,4
14868,"light cone gauge theories",4,4
14869,"killing spinor equations",3,4
14870,"magnetic duality",2,4
14871,"bps domain wall",3,4
14872,"asymptotic de sitter space",4,4
14873,"left right moving",3,4
14874,"pure yang mills",3,4
14875,"elliptically fibered",2,4
14876,"local group rg flow",4,4
14877,"extended supergravity models",3,4
14878,"spin holonomy",2,4
14879,"cubic open string",3,4
14880,"1+1-dimensional space time",3,4
14881,"killing spinor",2,4
14882,"supersymmetric nonlinear sigma models",4,4
14883,"bogomol nyi prasad sommerfield",4,4
14884,"tachyonic modes",2,4
14885,"freely acting",2,4
14886,"half supersymmetric",2,4
14887,"super yang mills theory",4,4
14888,"small world volume",3,4
14889,"topologically massive",2,4
14890,"supersymmetric pp wave background",4,4
14891,"exactly marginal deformations",3,4
14892,"d3 brane configurations",3,4
14893,"holographic dual description",3,4
14894,"d3 brane",2,4
14895,"supersymmetric pp wave",3,4
14896,"nielsen olesen",2,4
14897,"non supersymmetric pp",3,4
14898,"interacting scalar field theory",4,4
14899,"half plane wave background",4,4
14900,"supersymmetric pp waves",3,4
14901,"disorder operators",2,4
14902,"elementary particle antiparticle",3,4
14903,"null brane",2,4
14904,"four stack",2,4
14905,"ramond sector",2,4
14906,"dynamical systems exhibiting",3,3
14907,"coset conformal",2,3
14908,"laplace operators",2,3
14909,"hubbard stratonovich transformation",3,3
14910,"non compact kaehler manifolds",4,3
14911,"stokes equation",2,3
14912,"group theoretical calculations",3,3
14913,"approximate analytic expression",3,3
14914,"dirac hamiltonian systems",3,3
14915,"linear poisson bracket",3,3
14916,"solvable potentials",2,3
14917,"thermal equilibrium states",3,3
14918,"particles moving observer",3,3
14919,"multiple integral equations",3,3
14920,"non hermitian pt symmetric hamiltonians",5,3
14921,"riemann hilbert spaces",3,3
14922,"matrix ensembles",2,3
14923,"mathematical structure function",3,3
14924,"bounded derived",2,3
14925,"covariant symplectic structure",3,3
14926,"charged dilaton field theory",4,3
14927,"energy stored",2,3
14928,"orthochronous lorentz group",3,3
14929,"modular invariant under",3,3
14930,"theory qft",2,3
14931,"mass squared four dimensions",4,3
14932,"complex valued functions",3,3
14933,"exterior differential",2,3
14934,"marked points",2,3
14935,"decay exponentially small",3,3
14936,"macroscopic quantum mechanical",3,3
14937,"laplace beltrami",2,3
14938,"toeplitz operators",2,3
14939,"self adjoint representation",3,3
14940,"algebraic structure constant",3,3
14941,"spinor formalism",2,3
14942,"functional calculus",2,3
14943,"three mirror symmetric",3,3
14944,"planck equations",2,3
14945,"free scalar product",3,3
14946,"crossing probability distribution",3,3
14947,"shallow water waves",3,3
14948,"kinetic equation describing",3,3
14949,"covariant hamiltonian",2,3
14950,"quasi stationary states",3,3
14951,"klein gordon models",3,3
14952,"non commutative ring",3,3
14953,"feynman kac formula",3,3
14954,"vector potential applications",3,3
14955,"weakly coupled map",3,3
14956,"four momentum space",3,3
14957,"simple analytical formula",3,3
14958,"heat kernels",2,3
14959,"finite dimensional analogue",3,3
14960,"reparametrization invariant",2,3
14961,"closed form factors",3,3
14962,"translation invariant measure",3,3
14963,"non hermitian matrix",3,3
14964,"non linear poisson",3,3
14965,"higher dimensional analogs",3,3
14966,"continuous unitary representations",3,3
14967,"exponentially small values",3,3
14968,"curved spaces",2,3
14969,"higher dimensional analogues",3,3
14970,"fractional quantum mechanics",3,3
14971,"riemann hilbert coefficients",3,3
14972,"hamiltonian systems possessing",3,3
14973,"polar decomposition theorem",3,3
14974,"singular perturbation expansions",3,3
14975,"end point source",3,3
14976,"noise reduction technique",3,3
14977,"linear poisson structures",3,3
14978,"co homology groups",3,3
14979,"gaussian white",2,3
14980,"harish chandra",2,3
14981,"modern quantum mechanical description",4,3
14982,"free absorption systems",3,3
14983,"electromagnetic field lines",3,3
14984,"spin density matrix elements",4,3
14985,"nonadiabatic geometric phase",3,3
14986,"down conversion process",3,3
14987,"history dependent",2,3
14988,"spin flop",2,3
14989,"noisy quantum",2,3
14990,"non separability",2,3
14991,"shot noise reduction",3,3
14992,"fermi energy scales",3,3
14993,"matter waves propagating",3,3
14994,"mode squeezed vacuum state",4,3
14995,"schr odinger cat states",4,3
14996,"process tomography",2,3
14997,"quantum feedback control",3,3
14998,"laser light pulses",3,3
14999,"fire model",2,3
15000,"quantum feedback scheme",3,3
15001,"bipartite quantum nonlocality",3,3
15002,"quantum query complexity",3,3
15003,"laser light emitted",3,3
15004,"cold collisions",2,3
15005,"hermitian operators",2,3
15006,"local inertial frames",3,3
15007,"epr pair",2,3
15008,"local operation",2,3
15009,"horne zeilinger",2,3
15010,"quantum coin flipping",3,3
15011,"mathematical foundations",2,3
15012,"asymptotic entanglement measures",3,3
15013,"oscillator bath",2,3
15014,"next nearest neighbour",3,3
15015,"participation ratio",2,3
15016,"spin isospin symmetry",3,3
15017,"random schr",2,3
15018,"quantum information content",3,3
15019,"deuteron binding",2,3
15020,"intra cavity",2,3
15021,"mode squeezed state",3,3
15022,"random phase coherence",3,3
15023,"wigner transformation",2,3
15024,"entanglement witnesses",2,3
15025,"dimensional hilbert spaces",3,3
15026,"purely classical probabilistic",3,3
15027,"quantum interference fringes",3,3
15028,"total spin singlet",3,3
15029,"polynomial time dependent",3,3
15030,"canonical quantization procedure",3,3
15031,"mixed phase transitions",3,3
15032,"heisenberg model independent",3,3
15033,"interference fringes",2,3
15034,"partially entangled states",3,3
15035,"four body problem",3,3
15036,"scanning tunneling microscope stm",4,3
15037,"ultra cold atoms",3,3
15038,"non adiabatic geometric phase",4,3
15039,"lowest energy levels",3,3
15040,"quasi exactly solvable qes",4,3
15041,"energy density matrix",3,3
15042,"nonlinear optical elements",3,3
15043,"mutually consistent",2,3
15044,"schr odinger equation describing",4,3
15045,"von neumann measurements",3,3
15046,"physically realizable",2,3
15047,"uniform magnetic fields",3,3
15048,"non linear optics",3,3
15049,"key distribution qkd",3,3
15050,"probability density operator",3,3
15051,"triangular hopf algebra",3,3
15052,"internal friction",2,3
15053,"schrodinger equation describing",3,3
15054,"macroscopic quantum superpositions",3,3
15055,"relaxation time interval",3,3
15056,"interferometric gravitational wave detector",4,3
15057,"kinetic energy momentum space",4,3
15058,"entangling two qubit",3,3
15059,"argues against",2,3
15060,"mode squeezed light",3,3
15061,"thereby facilitating",2,3
15062,"quantum channel capacity",3,3
15063,"non local unitary transformations",4,3
15064,"conditional phase shift",3,3
15065,"quantum computer code",3,3
15066,"external laser",2,3
15067,"mathematical structure functions",3,3
15068,"long time evolution equations",4,3
15069,"exchange coupling constants",3,3
15070,"auxiliary field",2,3
15071,"polarization entangled state",3,3
15072,"probability density rho",3,3
15073,"interacting electrons confined",3,3
15074,"non circular motions",3,3
15075,"elevated temperatures",2,3
15076,"collective excitation spectrum",3,3
15077,"direct numerical calculations",3,3
15078,"two photon imaging",3,3
15079,"von neumann boundary conditions",4,3
15080,"length scale transformations",3,3
15081,"projection effect",2,3
15082,"positive operator valued measure",4,3
15083,"surprising result indicates",3,3
15084,"theoretical evaluation",2,3
15085,"free massless particles",3,3
15086,"distorted wave function",3,3
15087,"forward scattering length",3,3
15088,"liouville von neumann",3,3
15089,"thermal equilibrium statistical",3,3
15090,"temperatures below mk",3,3
15091,"base space time",3,3
15092,"phase matching conditions",3,3
15093,"consistent histories approach",3,3
15094,"semiconductor quantum information processing",4,3
15095,"time window",2,3
15096,"density operator formalism",3,3
15097,"oscillator coherent",2,3
15098,"mathematical physics e.g",3,3
15099,"pulsed laser pulse",3,3
15100,"thermal noise level",3,3
15101,"spacelike separated",2,3
15102,"asymptotically free",2,3
15103,"band gap structures",3,3
15104,"positive operator valued measures",4,3
15105,"cavity field theory",3,3
15106,"bipartite quantum channel",3,3
15107,"semiclassical quantization procedure",3,3
15108,"bi partite",2,3
15109,"separability criterion proposed",3,3
15110,"measure preserving",2,3
15111,"optical kerr effect",3,3
15112,"total spin projection",3,3
15113,"fault tolerant quantum computation",4,3
15114,"trace preserving",2,3
15115,"infinite dimensional ising model",4,3
15116,"energy gap edge",3,3
15117,"interestingly enough",2,3
15118,"singular perturbation theory",3,3
15119,"quality factors",2,3
15120,"per unit time",3,3
15121,"optically trapped atoms",3,3
15122,"necklace model",2,3
15123,"external magnetic field strength",4,3
15124,"clear physical interpretation",3,3
15125,"de broglie bohm",3,3
15126,"transit time",2,3
15127,"experimental evidences",2,3
15128,"classical communication complexity",3,3
15129,"resonant cavity field",3,3
15130,"finite automata model",3,3
15131,"mirror symmetric",2,3
15132,"intimate relationship",2,3
15133,"high temperature dependences",3,3
15134,"paramagnetic meissner effect",3,3
15135,"quasi elastic properties",3,3
15136,"spin triplet pairing",3,3
15137,"bcs type ii superconductors",4,3
15138,"fractional charge density",3,3
15139,"common belief",2,3
15140,"peierls transition",2,3
15141,"rotationally invariant",2,3
15142,"marginal fermi liquid",3,3
15143,"two dimensional 2d hubbard model",5,3
15144,"temperature tn",2,3
15145,"magnetoresistance manganites",2,3
15146,"component bose gas",3,3
15147,"exchange interaction strengths",3,3
15148,"fermi surface disorder",3,3
15149,"twisted boundary conditions imposed",4,3
15150,"per unit area",3,3
15151,"hartree fock hf",3,3
15152,"non adiabatic approximation",3,3
15153,"effective hamiltonian structures",3,3
15154,"obey power laws",3,3
15155,"level lll",2,3
15156,"higher landau theory",3,3
15157,"size scaling relation",3,3
15158,"reflection grating",2,3
15159,"zero bias anomaly",3,3
15160,"novel type ii",3,3
15161,"large scale free energy",4,3
15162,"low hard core",3,3
15163,"non inertial",2,3
15164,"noise reduction",2,3
15165,"infinite dimensional electron",3,3
15166,"nonlinear optical lattice",3,3
15167,"rotational diffusion constant",3,3
15168,"irreversibility line",2,3
15169,"visco elastic",2,3
15170,"hydrogen bond network",3,3
15171,"phonon mediated",2,3
15172,"non universal features",3,3
15173,"cubic crystal",2,3
15174,"collective oscillations",2,3
15175,"hydrodynamic equations governing",3,3
15176,"rashba spin precession",3,3
15177,"plane penetration",2,3
15178,"magnetically ordered",2,3
15179,"frequency range correlations",3,3
15180,"two dimensional xy",3,3
15181,"steady shear stress",3,3
15182,"sonine polynomial expansion",3,3
15183,"stress relaxation",2,3
15184,"repulsive hubbard model",3,3
15185,"two dimensional conductors",3,3
15186,"log periodic oscillations",3,3
15187,"fractal dimensions",2,3
15188,"nearly zero point",3,3
15189,"high temperatures below tc",4,3
15190,"3d xy",2,3
15191,"plane wave function",3,3
15192,"hubbard hamiltonian",2,3
15193,"intrinsic josephson",2,3
15194,"abrikosov vortex core",3,3
15195,"atomic scale structures",3,3
15196,"scanning tunneling microscope",3,3
15197,"nonlinear response theory",3,3
15198,"hydrogen bonds",2,3
15199,"jc values",2,3
15200,"free network",2,3
15201,"self trapped",2,3
15202,"potential linearized",2,3
15203,"thomas fermi motion",3,3
15204,"too low temperature",3,3
15205,"condensates becs",2,3
15206,"circular symmetry breaking",3,3
15207,"frenkel kontorova",2,3
15208,"electron beam splitter",3,3
15209,"incident light scattering",3,3
15210,"josephson junction conditions",3,3
15211,"doping dependent",2,3
15212,"tsallis non",2,3
15213,"luttinger liquid ll",3,3
15214,"ii superconductivity",2,3
15215,"conductivity kappa",2,3
15216,"flux pinning properties",3,3
15217,"codimension two dimensional",3,3
15218,"current density fluctuations",3,3
15219,"low density wave superconductor",4,3
15220,"diagonal disorder",2,3
15221,"low temperature dependences",3,3
15222,"many body simulation",3,3
15223,"interlayer phase transition",3,3
15224,"bilayer quantum hall system",4,3
15225,"cr doped",2,3
15226,"magnetic resonance force microscopy mrfm",5,3
15227,"non linear polarization",3,3
15228,"electron phonon interactions",3,3
15229,"clear correlation functions",3,3
15230,"logarithmic divergence",2,3
15231,"stranded dna",2,3
15232,"somewhat higher",2,3
15233,"tunneling magnetoresistance",2,3
15234,"surface fs",2,3
15235,"interference device",2,3
15236,"algaas heterostructures",2,3
15237,"monoclinic phase",2,3
15238,"energetically favored",2,3
15239,"insulating ground state",3,3
15240,"percolation threshold behaviour",3,3
15241,"resonant inelastic scattering",3,3
15242,"phonon branches",2,3
15243,"activation energy",2,3
15244,"self assembling",2,3
15245,"band structure constant",3,3
15246,"molecular dynamics md",3,3
15247,"optimally doped cuprates",3,3
15248,"vanishingly small values",3,3
15249,"spin density wave sdw",4,3
15250,"pseudo spin gap",3,3
15251,"carlo methods",2,3
15252,"ultracold fermionic",2,3
15253,"hermitian random",2,3
15254,"superconductors htsc",2,3
15255,"parameter degeneracies",2,3
15256,"energy conservation laws",3,3
15257,"angle resolved spectroscopy arpes",4,3
15258,"two body rotation",3,3
15259,"driven granular gas",3,3
15260,"wave superconductivity sc",3,3
15261,"third cumulant",2,3
15262,"short distance behavior",3,3
15263,"market indices",2,3
15264,"majority spin polarized",3,3
15265,"maxwell boltzmann equation",3,3
15266,"2d xy",2,3
15267,"spin flips",2,3
15268,"foreign exchange",2,3
15269,"linear poisson boltzmann",3,3
15270,"charged colloidal suspension",3,3
15271,"lattice relaxation rate",3,3
15272,"displays strong",2,3
15273,"composite fermion systems",3,3
15274,"space time window",3,3
15275,"ising spin glass phase",4,3
15276,"binding models",2,3
15277,"fast relaxation",2,3
15278,"non equilibrium green",3,3
15279,"supercooled liquid water",3,3
15280,"abrikosov vortex lattice melting",4,3
15281,"mesoscopic scale",2,3
15282,"frustrated magnets",2,3
15283,"diluted magnetic",2,3
15284,"cooper pairing symmetry",3,3
15285,"dimensional josephson junction",3,3
15286,"relaxation rate t1",3,3
15287,"hole doped cuprate",3,3
15288,"mn fe ni",3,3
15289,"stripe phase",2,3
15290,"zn doped cuprates",3,3
15291,"entangled electrons",2,3
15292,"dark soliton",2,3
15293,"quantum computer architectures",3,3
15294,"nematic phases",2,3
15295,"fermi surface density",3,3
15296,"normal diffusion",2,3
15297,"variational monte carlo methods",4,3
15298,"upper critical point",3,3
15299,"renormalization group rg approach",4,3
15300,"conductivity sigma xx",3,3
15301,"quantizing magnetic field",3,3
15302,"cluster omega",2,3
15303,"fermi surface fs",3,3
15304,"neutron diffraction measurements",3,3
15305,"cubic lattices",2,3
15306,"gap opens",2,3
15307,"real world average",3,3
15308,"heavy fermion superconductor cecoin5",4,3
15309,"anomalous diffusion processes",3,3
15310,"hopping matrix elements",3,3
15311,"saturation magnetization measurements",3,3
15312,"dimensional hubbard",2,3
15313,"macroscopic quantum coherence",3,3
15314,"kawasaki dynamics simulations",3,3
15315,"current density jc values",4,3
15316,"strong pinning force",3,3
15317,"upper critical behavior",3,3
15318,"pseudogap phase diagram",3,3
15319,"thermodynamic green",2,3
15320,"la pr ca mno",4,3
15321,"inelastic maxwell",2,3
15322,"topological string theory",3,3
15323,"layered structures",2,3
15324,"oscillatory behaviour",2,3
15325,"effective hamiltonian describing",3,3
15326,"temperature tg",2,3
15327,"continuous time domain",3,3
15328,"nodal direction",2,3
15329,"paramagnetic phase diagram",3,3
15330,"internal energy distribution",3,3
15331,"ferroelectric phase",2,3
15332,"interacting bose einstein condensates",4,3
15333,"stochastic sandpile models",3,3
15334,"inter chain length",3,3
15335,"energy density functional calculations",4,3
15336,"gilbert equation",2,3
15337,"negative pressure dependence",3,3
15338,"periodic potential barriers",3,3
15339,"self energy distribution function",4,3
15340,"local density functional calculations",4,3
15341,"zero bias voltage",3,3
15342,"zero frequency dependent",3,3
15343,"bose condensed",2,3
15344,"oxide superconductors",2,3
15345,"large scale factor",3,3
15346,"simple cubic lattices",3,3
15347,"momentum loss",2,3
15348,"fine structure function",3,3
15349,"defect free",2,3
15350,"oxygen atoms",2,3
15351,"antiferromagnetic af order parameter",4,3
15352,"path integral equations",3,3
15353,"equilibrium statistical physics",3,3
15354,"agree reasonably",2,3
15355,"technological applications",2,3
15356,"thomas fermi gases",3,3
15357,"molecular motors",2,3
15358,"onsite coulomb interactions",3,3
15359,"generating functionals",2,3
15360,"finite dimensional xy model",4,3
15361,"bragg glass phase",3,3
15362,"low energy loss",3,3
15363,"self consistent hartree fock",4,3
15364,"filled band structure",3,3
15365,"spatially distributed",2,3
15366,"rich phase transition",3,3
15367,"molecular bose gas",3,3
15368,"density wave ddw",3,3
15369,"free electron systems",3,3
15370,"dimensionless conductance",2,3
15371,"resolution numerical simulations",3,3
15372,"energy injection",2,3
15373,"force microscopy",2,3
15374,"casimir forces",2,3
15375,"excitation gap delta",3,3
15376,"scattering matrix models",3,3
15377,"surface anchoring",2,3
15378,"paramagnetic phase transitions",3,3
15379,"path length scale",3,3
15380,"finite dimensional electron systems",4,3
15381,"nonequilibrium steady state",3,3
15382,"minimal length scale",3,3
15383,"non local minimum",3,3
15384,"slab geometry",2,3
15385,"corresponding fokker planck equation",4,3
15386,"liquid he",2,3
15387,"fractional quantum hall system",4,3
15388,"sodium clusters",2,3
15389,"geometric optics",2,3
15390,"ordered phase transition occurs",4,3
15391,"variational procedure",2,3
15392,"wannier functions",2,3
15393,"neutral gas phase",3,3
15394,"shell absorption",2,3
15395,"dot lead",2,3
15396,"spin flip flop",3,3
15397,"optimal doping",2,3
15398,"order parameter lambda",3,3
15399,"tunneling conductance oscillations",3,3
15400,"doped semiconductors",2,3
15401,"mn spins",2,3
15402,"magnetic hysteresis",2,3
15403,"hexagonal lattice constants",3,3
15404,"crystalline mgb2 single crystal",4,3
15405,"cuo2 plane resistivity",3,3
15406,"self energy gap",3,3
15407,"bogoliubov de gennes theory",4,3
15408,"la 1-x ca mno",4,3
15409,"pr ca",2,3
15410,"la ca mno3",3,3
15411,"gas 2deg",2,3
15412,"quantum mechanical stability",3,3
15413,"scanning tunnelling",2,3
15414,"ca sr ruo",3,3
15415,"spinless electrons",2,3
15416,"augmented plane",2,3
15417,"ion collision",2,3
15418,"shear stress tensor",3,3
15419,"chiral symmetry breaking pattern",4,3
15420,"fully self consistently",3,3
15421,"spinor bose einstein condensates",4,3
15422,"mgb2 thin film",3,3
15423,"kinetic ising",2,3
15424,"quantum dot arrays",3,3
15425,"single vortex core",3,3
15426,"golden mean",2,3
15427,"spin singlet ground states",4,3
15428,"thermodynamic averages",2,3
15429,"time domain walls",3,3
15430,"layered organic",2,3
15431,"longstanding problem",2,3
15432,"spin stiffness",2,3
15433,"charge ordered",2,3
15434,"2d xy model",3,3
15435,"electrochemical potential",2,3
15436,"scattering rate decreases",3,3
15437,"antiferromagnetic heisenberg antiferromagnet",3,3
15438,"crystal samples",2,3
15439,"orthorhombic phase",2,3
15440,"slightly overdoped",2,3
15441,"antiferromagnetic spin-1 heisenberg",3,3
15442,"colloidal glass",2,3
15443,"unequal masses",2,3
15444,"wave superconductor insulator",3,3
15445,"order parameter space time",4,3
15446,"vector machine",2,3
15447,"balance condition",2,3
15448,"conductance distribution function",3,3
15449,"restitution coefficients",2,3
15450,"mixed valent",2,3
15451,"overdoped regime",2,3
15452,"renormalization group theoretic",3,3
15453,"shares many",2,3
15454,"cu ncs",2,3
15455,"two stream instability",3,3
15456,"monoclinic phase boundary",3,3
15457,"cu nuclear quadrupole",3,3
15458,"square root system",3,3
15459,"exponential relaxation time",3,3
15460,"long time scales like",4,3
15461,"length scales like",3,3
15462,"non markovian dynamics",3,3
15463,"la ca",2,3
15464,"square lattice melting",3,3
15465,"low temperature lanczos",3,3
15466,"high frequency dependent",3,3
15467,"semiflexible polymer",2,3
15468,"critical temperature tg",3,3
15469,"characteristic time scales",3,3
15470,"sequential tunneling",2,3
15471,"vicious walker",2,3
15472,"particles per particle",3,3
15473,"kardar parisi zhang equation",4,3
15474,"total spin dependent",3,3
15475,"electron pump",2,3
15476,"adiabatic pumping amplitude",3,3
15477,"deeply bound state",3,3
15478,"hard sphere fluid",3,3
15479,"spin chain compound",3,3
15480,"range hopping regime",3,3
15481,"periodic pinning",2,3
15482,"preformed pairs",2,3
15483,"orbitally degenerate",2,3
15484,"crystalline electric field",3,3
15485,"symmetry breaking rsb",3,3
15486,"pasta ulam",2,3
15487,"bilayer cuprates",2,3
15488,"kondo screening effect",3,3
15489,"pumping amplitude",2,3
15490,"josephson plasma frequency",3,3
15491,"magnetic resonance region",3,3
15492,"maxwell boltzmann",2,3
15493,"gaussian thermostat",2,3
15494,"mathematical model independent",3,3
15495,"non gaussian orthogonal polynomials",4,3
15496,"asymmetric exclusion",2,3
15497,"two dimensional electron densities",4,3
15498,"kohn sham ks",3,3
15499,"kondo resonance",2,3
15500,"saturation magnetization plateau",3,3
15501,"order parameter epsilon",3,3
15502,"highly frustrated",2,3
15503,"decay constant lambda",3,3
15504,"kinetic operator",2,3
15505,"dilute bose einstein condensates",4,3
15506,"scale linearly",2,3
15507,"aharonov bohm oscillations",3,3
15508,"system size corrections",3,3
15509,"resolved photoelectron",2,3
15510,"contact line",2,3
15511,"quasi periodic orbit",3,3
15512,"flow resistivity measurements",3,3
15513,"mutually non isomorphic",3,3
15514,"magic number",2,3
15515,"absolute value problem",3,3
15516,"circle actions",2,3
15517,"quantized universal enveloping algebra",4,3
15518,"minimal conformal blocks",3,3
15519,"sufficient conditions hold",3,3
15520,"non vanishing theorem",3,3
15521,"higher homotopy theory",3,3
15522,"rational homotopy",2,3
15523,"affine hecke",2,3
15524,"dihedral group",2,3
15525,"closed oriented surface",3,3
15526,"seifert manifolds",2,3
15527,"local cohomology class",3,3
15528,"equivariant vector",2,3
15529,"rational homology spheres",3,3
15530,"colored jones polynomial invariants",4,3
15531,"projective planes",2,3
15532,"fano varieties over",3,3
15533,"finite dimensional hilbert",3,3
15534,"direct sum over",3,3
15535,"finite dimensional subspace",3,3
15536,"residue field theory",3,3
15537,"non compact hausdorff",3,3
15538,"mixed hodge structure",3,3
15539,"affine lie algebroids",3,3
15540,"volume filling",2,3
15541,"riemannian manifold mn",3,3
15542,"vanishing theorems",2,3
15543,"vertex operator product",3,3
15544,"least two dimensions",3,3
15545,"yau zaslow",2,3
15546,"conformal killing",2,3
15547,"systems admitting",2,3
15548,"special lagrangian approach",3,3
15549,"non associative algebra",3,3
15550,"lattice relaxation time",3,3
15551,"smooth toric",2,3
15552,"compact riemannian manifolds",3,3
15553,"nonnegative integer",2,3
15554,"group sn",2,3
15555,"commutative associative algebras",3,3
15556,"commutative associative algebra",3,3
15557,"locally compact symmetric",3,3
15558,"higher homotopy groups",3,3
15559,"abel jacobi",2,3
15560,"completely integrable hamiltonian systems",4,3
15561,"first order parameter space",4,3
15562,"quantum cohomology ring",3,3
15563,"higher homotopy",2,3
15564,"trace deformations",2,3
15565,"reflection coefficient",2,3
15566,"compact riemann surface",3,3
15567,"multiple polylogarithms",2,3
15568,"odd prime number",3,3
15569,"rubidium atoms",2,3
15570,"explicit analytic solutions",3,3
15571,"short laser pulses",3,3
15572,"time resolved spectroscopy",3,3
15573,"continuous time series",3,3
15574,"moyal star",2,3
15575,"energy spread",2,3
15576,"negative differential equation",3,3
15577,"crystalline electric",2,3
15578,"metal free energy",3,3
15579,"magneto optical trap mot",4,3
15580,"pseudo riemannian manifolds",3,3
15581,"largest eigenvalue",2,3
15582,"anharmonic oscillator potential",3,3
15583,"quantum critical phenomena",3,3
15584,"random phase modulation",3,3
15585,"lorentz covariance",2,3
15586,"stochastic quantization",2,3
15587,"atomic parity",2,3
15588,"real time reversal",3,3
15589,"explicit analytic expression",3,3
15590,"random error",2,3
15591,"multi instanton",2,3
15592,"fast fourier transform",3,3
15593,"transverse electric",2,3
15594,"zero mode frequencies",3,3
15595,"slight modification",2,3
15596,"low lying excited",3,3
15597,"irrelevant operators",2,3
15598,"logic programming",2,3
15599,"non negative values",3,3
15600,"constraint logic programs",3,3
15601,"default logic",2,3
15602,"leaves open question",3,3
15603,"folding time",2,3
15604,"broad line ratios",3,3
15605,"motion planning",2,3
15606,"rbf collocation",2,3
15607,"available data base",3,3
15608,"binary trees",2,3
15609,"time delayed",2,3
15610,"multiple reciprocity",2,3
15611,"hidden markov",2,3
15612,"artificial boundary knot",3,3
15613,"extended logic programs",3,3
15614,"basic ideas behind",3,3
15615,"maximum value problems",3,3
15616,"information theoretic approach",3,3
15617,"doubly charged",2,3
15618,"rotating bose einstein condensates",4,3
15619,"self organized criticality soc",4,3
15620,"weakly interacting bose",3,3
15621,"sandpile model",2,3
15622,"sphere fluid mixtures",3,3
15623,"radial distribution functions",3,3
15624,"gate voltage characteristic",3,3
15625,"ga mn spins",3,3
15626,"phonon mediated superconductivity",3,3
15627,"hopping amplitudes",2,3
15628,"special importance",2,3
15629,"electrical transport through",3,3
15630,"quantum hall ferromagnet",3,3
15631,"conduction bands",2,3
15632,"jahn teller distorted",3,3
15633,"gold wires",2,3
15634,"low temperature dependent magnetoresistance",4,3
15635,"wall carbon nanotube",3,3
15636,"interatomic interactions",2,3
15637,"charge pumping",2,3
15638,"3nb2 o3",2,3
15639,"schwinger boson mean",3,3
15640,"magnetic dipole interaction",3,3
15641,"berry phase transitions",3,3
15642,"non equilibrium situation",3,3
15643,"landau fermi liquid behavior",4,3
15644,"non local moment",3,3
15645,"low temperature tk",3,3
15646,"weakly coupled channel",3,3
15647,"functional calculations",2,3
15648,"spin-1 heisenberg",2,3
15649,"reduced density fluctuations",3,3
15650,"dilute bose gas phase transition",5,3
15651,"phase transition rates",3,3
15652,"isotropic nematic phase",3,3
15653,"site coulomb",2,3
15654,"exactly half filling",3,3
15655,"analytic approximations",2,3
15656,"phonon mode frequencies",3,3
15657,"spin flipping",2,3
15658,"falls below",2,3
15659,"electron doped semiconductors",3,3
15660,"antiferromagnetic spin-1 heisenberg model",4,3
15661,"josephson vortex",2,3
15662,"dynamically generated during",3,3
15663,"universal scaling laws",3,3
15664,"moderately metal",2,3
15665,"back scattering length",3,3
15666,"dissipation mechanisms",2,3
15667,"anderson localization length",3,3
15668,"long wavelength regime",3,3
15669,"electrical resistivity rho",3,3
15670,"shubnikov de haas",3,3
15671,"single layer thickness",3,3
15672,"assembled inas",2,3
15673,"self energy distribution",3,3
15674,"stochastic resonance peak",3,3
15675,"stochastic sandpile",2,3
15676,"differential resistance",2,3
15677,"current nc",2,3
15678,"doped mott insulators",3,3
15679,"ion anisotropy",2,3
15680,"step replica symmetry breaking",4,3
15681,"statistical mechanical system",3,3
15682,"diluted magnetic susceptibility",3,3
15683,"anomalously large number",3,3
15684,"electromagnetic response",2,3
15685,"urn model",2,3
15686,"orbital liquid",2,3
15687,"low energy landscape",3,3
15688,"quantum monte carlo studies",4,3
15689,"higher genus zero",3,3
15690,"peak lies",2,3
15691,"glassy behavior",2,3
15692,"space time reversal",3,3
15693,"strongly disordered systems",3,3
15694,"stranded dna denaturation",3,3
15695,"si mosfet",2,3
15696,"jordan wigner transformation",3,3
15697,"free energy bands",3,3
15698,"weakly anisotropic",2,3
15699,"third order parameter space",4,3
15700,"lennard jones liquid",3,3
15701,"step edge",2,3
15702,"paramagnetic resonance esr",3,3
15703,"group velocity gradient",3,3
15704,"spin density functional calculations",4,3
15705,"stiffness exponent theta",3,3
15706,"x2-y2 wave",2,3
15707,"next nearest neighbor hopping",4,3
15708,"self energy functionals",3,3
15709,"second order disorder",3,3
15710,"survival probability density rho",4,3
15711,"waiting time",2,3
15712,"bond angle",2,3
15713,"free energy density functional form",5,3
15714,"slave boson mean field theory",5,3
15715,"vortex glass",2,3
15716,"dc conductivity sigma",3,3
15717,"lowest landau fermi level",4,3
15718,"low mass transfer",3,3
15719,"diagrammatic perturbation",2,3
15720,"nanometer scale structure",3,3
15721,"near infrared fir",3,3
15722,"gap solitons",2,3
15723,"effective action functional theory",4,3
15724,"inter site",2,3
15725,"bright soliton",2,3
15726,"regulatory networks",2,3
15727,"delta resonance peak",3,3
15728,"kinetic monte carlo",3,3
15729,"self sustained",2,3
15730,"growth exponent alpha beta",4,3
15731,"reaction force",2,3
15732,"two dimensional josephson junctions",4,3
15733,"computer resources",2,3
15734,"lennard jones fluid",3,3
15735,"squid magnetometer",2,3
15736,"landau parameters",2,3
15737,"anomalous magnetic susceptibility",3,3
15738,"cloud edges",2,3
15739,"exact diagonalization calculations",3,3
15740,"box counting",2,3
15741,"em ab initio",3,3
15742,"emerge after",2,3
15743,"reciprocal lattice",2,3
15744,"wetting transition",2,3
15745,"spin polarization phenomena",3,3
15746,"correlation lengths",2,3
15747,"wavelet analysis dea",3,3
15748,"non local moments",3,3
15749,"lattice gas phase diagram",4,3
15750,"globular protein",2,3
15751,"added salt concentration",3,3
15752,"flat continuum",2,3
15753,"phase slip",2,3
15754,"euclidean path",2,3
15755,"simple analytical estimates",3,3
15756,"added salt",2,3
15757,"leakage current",2,3
15758,"continuum random",2,3
15759,"resonant tunneling barriers",3,3
15760,"electron diffraction measurements",3,3
15761,"gaas algaas heterostructures",3,3
15762,"simple analytical formulae",3,3
15763,"transverse velocity fields",3,3
15764,"room temperature tc",3,3
15765,"two dimensional electron spins",4,3
15766,"diffraction limit",2,3
15767,"charged particles moving",3,3
15768,"reverse shock wave",3,3
15769,"bose einstein condensates becs",4,3
15770,"strong disorder driven",3,3
15771,"2d granular",2,3
15772,"normal ordered phase transition",4,3
15773,"briefly reviewing",2,3
15774,"low temperature tg",3,3
15775,"single molecule magnets",3,3
15776,"percolating cluster",2,3
15777,"band structure factor",3,3
15778,"current biased josephson junction",4,3
15779,"step replica",2,3
15780,"large aspect ratios",3,3
15781,"spin polarized currents",3,3
15782,"single domain wall",3,3
15783,"multi wall",2,3
15784,"time scale structure function",4,3
15785,"strong constraints imposed",3,3
15786,"excitation energies below",3,3
15787,"financial time",2,3
15788,"spontaneous chiral",2,3
15789,"pitch angle",2,3
15790,"isotropic nematic liquid crystalline",4,3
15791,"landau fermi liquid",3,3
15792,"debye screening",2,3
15793,"angular momentum per particle",4,3
15794,"magnetically trapped atoms",3,3
15795,"two dimensional electron gas 2deg",5,3
15796,"superfluid he ii",3,3
15797,"experimental data reduction",3,3
15798,"point contact interaction",3,3
15799,"nonzero temperature dependence",3,3
15800,"thermal loop corrections",3,3
15801,"fortuin kasteleyn clusters",3,3
15802,"epitaxial growth rate",3,3
15803,"na mg",2,3
15804,"remain almost",2,3
15805,"coherence length scale",3,3
15806,"exchange de",2,3
15807,"co doped sample",3,3
15808,"totally asymmetric exclusion process",4,3
15809,"transverse profile",2,3
15810,"ab initio molecular dynamics simulations",5,3
15811,"organized criticality",2,3
15812,"magnetic induction",2,3
15813,"spin gap nodes",3,3
15814,"multi soliton",2,3
15815,"defect free energy",3,3
15816,"angular momentum per",3,3
15817,"length scale lengths",3,3
15818,"non negative pressure",3,3
15819,"field theory dft",3,3
15820,"aspect ratios",2,3
15821,"kinetic gaussian",2,3
15822,"particle hole doping",3,3
15823,"simple combinatorial structure",3,3
15824,"principles calculation",2,3
15825,"mott insulating",2,3
15826,"saccharomyces cerevisiae",2,3
15827,"conduction band structure",3,3
15828,"surface density functional theory",4,3
15829,"charge density wave superconductivity",4,3
15830,"ideal gas confined",3,3
15831,"pinned vortex lattice",3,3
15832,"structural disorder",2,3
15833,"commensurate incommensurate magnetic field",4,3
15834,"higher landau levels",3,3
15835,"scale heights",2,3
15836,"critical exponents nu",3,3
15837,"gaussian tails",2,3
15838,"vortex configurations",2,3
15839,"phase transition occurring",3,3
15840,"infinite randomness",2,3
15841,"numerical modeling",2,3
15842,"scaling limit theorem",3,3
15843,"time ordered phase transition",4,3
15844,"scaling exponents gamma",3,3
15845,"film plane",2,3
15846,"energy density wave",3,3
15847,"highly conducting",2,3
15848,"mgb2 single electron",3,3
15849,"three dimensional ising spin glasses",5,3
15850,"peak elements",2,3
15851,"under pressure dependence",3,3
15852,"real world networks",3,3
15853,"critical temperature profile",3,3
15854,"formation efficiencies",2,3
15855,"total length scale",3,3
15856,"young open",2,3
15857,"comoving density",2,3
15858,"stellar surface layers",3,3
15859,"ray tracing",2,3
15860,"gravitational lensing signal",3,3
15861,"cosmic shear surveys",3,3
15862,"proper time scale",3,3
15863,"shear correlation function",3,3
15864,"s0 galaxy",2,3
15865,"telescope vlt uves spectrograph",4,3
15866,"microlensing event rate",3,3
15867,"visible light curves",3,3
15868,"imaging cherenkov",2,3
15869,"binary inclination",2,3
15870,"bulge microlensing events",3,3
15871,"width half maximum",3,3
15872,"initial mass segregation",3,3
15873,"time scale structure",3,3
15874,"grand design",2,3
15875,"nuclear starburst galaxy",3,3
15876,"ir wavelengths",2,3
15877,"soft gamma ray binaries",4,3
15878,"galactic hii region",3,3
15879,"isobaric cooling",2,3
15880,"kinetic energy distributions",3,3
15881,"photometric observations suggest",3,3
15882,"high velocity fields",3,3
15883,"visual light curve",3,3
15884,"ic supernovae",2,3
15885,"nearby elliptical galaxy",3,3
15886,"million solar masses",3,3
15887,"tentative detection",2,3
15888,"beat frequency",2,3
15889,"hertzsprung russell diagram",3,3
15890,"error box",2,3
15891,"relativistic ejecta",2,3
15892,"column density profiles",3,3
15893,"short period luminosity",3,3
15894,"perseus cluster center",3,3
15895,"point source catalog",3,3
15896,"jefferson laboratory measurements",3,3
15897,"rapidly spinning",2,3
15898,"three dimensional hydrodynamical simulations",4,3
15899,"free energy density fluctuations",4,3
15900,"background cmb anisotropy",3,3
15901,"crystalline silicates",2,3
15902,"circumstellar dust opacity",3,3
15903,"ray lightcurves",2,3
15904,"pattern speeds",2,3
15905,"ghz peaked",2,3
15906,"high resolution numerical solution",4,3
15907,"low mass companions",3,3
15908,"baryonic matter haloes",3,3
15909,"ghz peaked spectrum gps sources",5,3
15910,"collapse supernovae",2,3
15911,"local interstellar clouds",3,3
15912,"periodic variation",2,3
15913,"evolution equations governing",3,3
15914,"law decay rate",3,3
15915,"supernova searches",2,3
15916,"synchrotron emitting region",3,3
15917,"low energy release",3,3
15918,"local interstellar",2,3
15919,"remnant associations",2,3
15920,"short wavelength spectrometer",3,3
15921,"seyfert 1s",2,3
15922,"redshift space telescope",3,3
15923,"total number counts",3,3
15924,"cooling sequence",2,3
15925,"broad line width",3,3
15926,"dark haloes",2,3
15927,"cobe normalized",2,3
15928,"gamma doradus",2,3
15929,"gravitational instabilities",2,3
15930,"simple analytical predictions",3,3
15931,"ultra high energy cosmic rays uhecrs",6,3
15932,"band filters",2,3
15933,"emission line profile",3,3
15934,"red giant component",3,3
15935,"star formation mechanisms",3,3
15936,"star formation epoch",3,3
15937,"trace element abundance",3,3
15938,"core collapse supernovae sne",4,3
15939,"dark energy cosmic microwave background",5,3
15940,"hei lines",2,3
15941,"observing run",2,3
15942,"turbulent molecular cloud cores",4,3
15943,"hole mass accretion disk",4,3
15944,"total column",2,3
15945,"narrow line index",3,3
15946,"energy distributions sed",3,3
15947,"total energy cosmic",3,3
15948,"thermally pulsing agb star",4,3
15949,"ray fluxes",2,3
15950,"spectral shapes",2,3
15951,"shells surrounding",2,3
15952,"thermally stable",2,3
15953,"galactic nuclei agns",3,3
15954,"weakly interacting massive particles",4,3
15955,"minor merger",2,3
15956,"excited electronic",2,3
15957,"slowly rising",2,3
15958,"large trans",2,3
15959,"detectable radio emission",3,3
15960,"law slope",2,3
15961,"velocity dispersion sigmav",3,3
15962,"thermally unstable",2,3
15963,"low enough",2,3
15964,"mid ir excess",3,3
15965,"khz qpo",2,3
15966,"air showers eas",3,3
15967,"egret source",2,3
15968,"positron plasma",2,3
15969,"irregular galaxy clusters",3,3
15970,"fuse survey",2,3
15971,"intermediate redshift range",3,3
15972,"weaker lines",2,3
15973,"multi band image",3,3
15974,"er uma",2,3
15975,"donor star",2,3
15976,"central supermassive",2,3
15977,"crab like",2,3
15978,"probability density profile",3,3
15979,"ms chandra",2,3
15980,"ir excess",2,3
15981,"uv optical spectroscopy",3,3
15982,"peak flux ratios",3,3
15983,"hot interstellar",2,3
15984,"ray emission dominates",3,3
15985,"mpc omegam omegalambda",3,3
15986,"total mass fractions",3,3
15987,"spectral energy cosmic microwave background photons",6,3
15988,"circumbinary disk",2,3
15989,"lte line",2,3
15990,"sunyaev zel dovich effect",4,3
15991,"luminous agns",2,3
15992,"normal state eos",3,3
15993,"cold dense nuclear matter",4,3
15994,"brightness profile fitting",3,3
15995,"rotation powered pulsars",3,3
15996,"ir luminosity function",3,3
15997,"gamma ray emission line",4,3
15998,"iv absorption systems",3,3
15999,"group theoretical analysis",3,3
16000,"sdss early types",3,3
16001,"oxygen neon",2,3
16002,"faraday rotation measures",3,3
16003,"tidal field",2,3
16004,"group velocity clouds",3,3
16005,"neutral hydrogen like",3,3
16006,"strong gravitational wave",3,3
16007,"ca fe ii",3,3
16008,"color superconducting",2,3
16009,"cosmic star formation",3,3
16010,"spin periods",2,3
16011,"intermediate polars",2,3
16012,"3d mhd simulations",3,3
16013,"deep long slit",3,3
16014,"type iin",2,3
16015,"helium rich",2,3
16016,"time series photometry",3,3
16017,"impact excitation",2,3
16018,"lens statistics",2,3
16019,"ever expanding",2,3
16020,"mid infrared space observatory iso survey",6,3
16021,"electromagnetic pulse",2,3
16022,"fe xvii",2,3
16023,"breit pauli",2,3
16024,"chromospheric activity",2,3
16025,"bondi accretion",2,3
16026,"mass accretion disc",3,3
16027,"radio loud quasars",3,3
16028,"blackbody component",2,3
16029,"iron line width",3,3
16030,"omega m0",2,3
16031,"galaxies span",2,3
16032,"cataclysmic variable stars",3,3
16033,"kolmogorov smirnov test",3,3
16034,"alpha fluxes",2,3
16035,"absorption line index",3,3
16036,"astronomical objects",2,3
16037,"hubble space telescope wfpc2",4,3
16038,"thermal component plasma",3,3
16039,"colour magnitude diagrams cmds",4,3
16040,"morphological classification",2,3
16041,"strongly absorbed power spectrum",4,3
16042,"big blue bump",3,3
16043,"reflection nebula",2,3
16044,"population iii stars",3,3
16045,"sub stellar",2,3
16046,"orion nebula cluster",3,3
16047,"single lens system",3,3
16048,"column density nh cm",4,3
16049,"young stellar disks",3,3
16050,"north east",2,3
16051,"thermal gradient",2,3
16052,"third dredge up",3,3
16053,"parsec scale",2,3
16054,"thick disc",2,3
16055,"diffuse extragalactic",2,3
16056,"imaging cherenkov telescope",3,3
16057,"primordial magnetic field",3,3
16058,"highly energetic",2,3
16059,"oi line",2,3
16060,"locked phase transition",3,3
16061,"heated dust",2,3
16062,"absorption line intensities",3,3
16063,"mass deposition",2,3
16064,"radiative recombination continua",3,3
16065,"xmm newton reflection grating spectrometer",5,3
16066,"gas inflow",2,3
16067,"template spectra",2,3
16068,"publicly available data",3,3
16069,"low redshift surveys",3,3
16070,"rrab stars",2,3
16071,"galactic chemical abundances",3,3
16072,"low altitude",2,3
16073,"cluster membership",2,3
16074,"sigma orionis",2,3
16075,"blue variables",2,3
16076,"cooler temperatures",2,3
16077,"spectral type ia supernovae",4,3
16078,"near infrared excess",3,3
16079,"dust shell model",3,3
16080,"broad maximum amplitude",3,3
16081,"digital sky survey",3,3
16082,"agb phase",2,3
16083,"slit spectra",2,3
16084,"stis echelle",2,3
16085,"propto nu alpha",3,3
16086,"clear signs",2,3
16087,"sub solar masses",3,3
16088,"progenitor star formation",3,3
16089,"light element abundances",3,3
16090,"ksec chandra observations",3,3
16091,"wolf rayet binary",3,3
16092,"quasi periodic oscillation qpo",4,3
16093,"ross fabian",2,3
16094,"xmm newton observatory",3,3
16095,"colour excess",2,3
16096,"solar photospheric abundances",3,3
16097,"exploratory chandra observations",3,3
16098,"central supermassive black hole",4,3
16099,"toroidal magnetic field configurations",4,3
16100,"hydrodynamic instabilities",2,3
16101,"decaying vacuum energy",3,3
16102,"compact radio sources",3,3
16103,"pulsar wind nebulae",3,3
16104,"tully fisher tf",3,3
16105,"high spatial distribution",3,3
16106,"multi epoch",2,3
16107,"classical novae",2,3
16108,"inertial modes",2,3
16109,"arcmin corresponding",2,3
16110,"perseus cluster",2,3
16111,"surface brightness distribution",3,3
16112,"type spirals",2,3
16113,"anomalous magnetic field strength",4,3
16114,"high frequency qpos",3,3
16115,"ray binary xte j1550-564",4,3
16116,"narrow band photometry",3,3
16117,"surface brightness fluctuations",3,3
16118,"zodiacal light",2,3
16119,"velocity dispersion spectrograph",3,3
16120,"periastron passage",2,3
16121,"spectrograph stis",2,3
16122,"ionized gas phase",3,3
16123,"compact steep",2,3
16124,"spectral energy cosmic rays",4,3
16125,"semi analytic methods",3,3
16126,"smoothed particle hydrodynamics sph simulations",5,3
16127,"rapidly rotating neutron stars",4,3
16128,"parkes radio galaxies",3,3
16129,"strange stars",2,3
16130,"nuclear magnetic field strength",4,3
16131,"epic pn camera",3,3
16132,"photometric precision",2,3
16133,"2df qso sample",3,3
16134,"baryon loading",2,3
16135,"non relativistic outflows",3,3
16136,"local lorentz factor",3,3
16137,"line seyfert",2,3
16138,"compton thin",2,3
16139,"alpha line seyfert galaxies",4,3
16140,"general relativistic mhd",3,3
16141,"omega cen",2,3
16142,"spectroscopic factors",2,3
16143,"space telescope hst observations",4,3
16144,"internal shock",2,3
16145,"doppler factor",2,3
16146,"seyfert nuclei agn",3,3
16147,"median redshift surveys",3,3
16148,"ray emissions",2,3
16149,"general relativistic jets",3,3
16150,"heavier elements",2,3
16151,"power law continuum flux",4,3
16152,"coronal emission lines",3,3
16153,"xte j1118+480",2,3
16154,"relic neutrinos",2,3
16155,"neutrino oscillation parameters inferred",4,3
16156,"ray timing explorer",3,3
16157,"cosmic star formation history",4,3
16158,"spectral type iii",3,3
16159,"direct numerical investigation",3,3
16160,"nearby spiral galaxy",3,3
16161,"observational data indicate",3,3
16162,"standard big bang nucleosynthesis bbn",5,3
16163,"galactic bulge microlensing event",4,3
16164,"marginalizing over",2,3
16165,"double lined spectroscopic binary system",5,3
16166,"long baseline interferometry",3,3
16167,"density profile fitting",3,3
16168,"deep halpha emission",3,3
16169,"high reynolds numbers",3,3
16170,"kt kev band",3,3
16171,"baryonic dark",2,3
16172,"isospin symmetric nuclear matter",4,3
16173,"smoothly distributed",2,3
16174,"well collimated jet",3,3
16175,"photometric redshift survey",3,3
16176,"cluster peculiar velocity",3,3
16177,"differential rotation rate",3,3
16178,"super eddington rate",3,3
16179,"giant hii",2,3
16180,"intrinsic absorption lines",3,3
16181,"halo objects",2,3
16182,"early type spirals",3,3
16183,"planetary science",2,3
16184,"internal energy distributions",3,3
16185,"ia supernova",2,3
16186,"bolometric light curves",3,3
16187,"galaxy 3c",2,3
16188,"radial variation",2,3
16189,"fast wind nebula",3,3
16190,"low luminosity agns",3,3
16191,"soft gamma ray repeaters",4,3
16192,"clusters containing",2,3
16193,"weak lensing signal",3,3
16194,"effective mass loss",3,3
16195,"spherical accretion onto",3,3
16196,"strong gravitational interaction",3,3
16197,"sigma confidence",2,3
16198,"deep chandra acis",3,3
16199,"stellar mass accretion",3,3
16200,"pre protostellar",2,3
16201,"massive star clusters",3,3
16202,"cluster formation rate",3,3
16203,"scale invariant under",3,3
16204,"white dwarf wd",3,3
16205,"super eddington luminosity",3,3
16206,"molecular outflow",2,3
16207,"star surrounded",2,3
16208,"stellar objects ysos",3,3
16209,"local ism",2,3
16210,"affleck dine seiberg",3,3
16211,"ogle ii regions",3,3
16212,"burning phase",2,3
16213,"ray timing analysis",3,3
16214,"new class telescope",3,3
16215,"first excited state",3,3
16216,"bulge microlensing",2,3
16217,"sigma models predict",3,3
16218,"solar metallicity relation",3,3
16219,"secondary anisotropies",2,3
16220,"sub stellar objects",3,3
16221,"initial mass function imf",4,3
16222,"old stellar parameters",3,3
16223,"vela pulsar psr",3,3
16224,"hi content",2,3
16225,"neutral atomic hydrogen",3,3
16226,"westerbork synthesis radio galaxies",4,3
16227,"power spectrum normalization sigma8 omegam",5,3
16228,"cosmic shear correlation function",4,3
16229,"progenitor survey spy",3,3
16230,"time varying fine",3,3
16231,"low column",2,3
16232,"peaked bl lac objects",4,3
16233,"after inflation driven",3,3
16234,"flux limited sample",3,3
16235,"diffuse extragalactic background",3,3
16236,"local supercluster",2,3
16237,"interstellar dust continuum",3,3
16238,"intermediate mass distribution",3,3
16239,"decreasing mass",2,3
16240,"spectral type supergiant",3,3
16241,"iso satellite",2,3
16242,"class telescopes",2,3
16243,"numerical magnetohydrodynamic",2,3
16244,"photon flux ratio",3,3
16245,"low temperature variations",3,3
16246,"solar photosphere",2,3
16247,"hobby eberly telescope",3,3
16248,"external shock",2,3
16249,"baryonic component",2,3
16250,"dwarf nova like",3,3
16251,"magnetic cataclysmic variable",3,3
16252,"broad absorption line bal quasar",5,3
16253,"energies below ev",3,3
16254,"magnitude diagrams",2,3
16255,"substellar mass",2,3
16256,"free floating",2,3
16257,"disk galaxies span",3,3
16258,"sagittarius dwarf galaxy",3,3
16259,"blandford znajek mechanism",3,3
16260,"ursa minor",2,3
16261,"tidal radius",2,3
16262,"coma cluster center",3,3
16263,"hole mass loss",3,3
16264,"schwarzschild radii",2,3
16265,"three dimensional magnetohydrodynamic",3,3
16266,"ray observatories",2,3
16267,"heavily absorbed",2,3
16268,"non linear stability properties",4,3
16269,"periodic oscillation",2,3
16270,"keplerian rotation curve",3,3
16271,"surrounding ism",2,3
16272,"maximum entropy production",3,3
16273,"optically thick accretion disks",4,3
16274,"2df galaxy clusters",3,3
16275,"star cluster centre",3,3
16276,"compact steep spectrum",3,3
16277,"elliptical galaxy formation",3,3
16278,"compton reflection component",3,3
16279,"morita equivalence relation",3,3
16280,"betti number",2,3
16281,"automorphic representations",2,3
16282,"alternating link",2,3
16283,"compact kaehler",2,3
16284,"semisimple lie group",3,3
16285,"sur la",2,3
16286,"complex projective planes",3,3
16287,"zeta function zeros",3,3
16288,"projective line bundles",3,3
16289,"equivariant cohomology ring",3,3
16290,"solvable lie algebra",3,3
16291,"adding new class",3,3
16292,"algebraic structure function",3,3
16293,"deformation parameter space time",4,3
16294,"real analytic solutions",3,3
16295,"lefschetz theorem",2,3
16296,"affine toric varieties",3,3
16297,"classifying spaces",2,3
16298,"kernel coefficients",2,3
16299,"motivic integration over",3,3
16300,"equivariant sheaves",2,3
16301,"dimensional minkowski space",3,3
16302,"local cohomology modules over",4,3
16303,"partition lambda",2,3
16304,"untwisted affine",2,3
16305,"tutte polynomial",2,3
16306,"g2 holonomy group",3,3
16307,"compact oriented surface",3,3
16308,"finite dimensional analogues",3,3
16309,"nearly integrable system",3,3
16310,"simply connected lie groups",4,3
16311,"imaginary axis",2,3
16312,"3-manifold groups",2,3
16313,"dimensional subspace",2,3
16314,"local monodromy",2,3
16315,"curvature tensor product",3,3
16316,"unit disc",2,3
16317,"similar fashion",2,3
16318,"hamiltonian circle action",3,3
16319,"doubly special case",3,3
16320,"compact kaehler manifolds",3,3
16321,"functionally independent",2,3
16322,"moduli stack",2,3
16323,"flows onto",2,3
16324,"eisenstein series",2,3
16325,"maximal abelian",2,3
16326,"action angle coordinates",3,3
16327,"sutherland model",2,3
16328,"regular local group",3,3
16329,"temperley lieb",2,3
16330,"complex projective curve",3,3
16331,"projective schemes",2,3
16332,"shimura varieties over",3,3
16333,"non abelian higgs field",4,3
16334,"generically finite number",3,3
16335,"stochastic loewner evolution",3,3
16336,"positive operator product",3,3
16337,"witten curve",2,3
16338,"dirac bracket",2,3
16339,"gaussian initial",2,3
16340,"cauchy riemann",2,3
16341,"vassiliev invariant",2,3
16342,"time consuming",2,3
16343,"noncommutative projective",2,3
16344,"leaves open",2,3
16345,"area preserving diffeomorphisms",3,3
16346,"local group sn",3,3
16347,"hochschild homology",2,3
16348,"connes conjecture",2,3
16349,"related topics concerning",3,3
16350,"periodic cyclic homology",3,3
16351,"cyclic subgroup",2,3
16352,"schubert calculus",2,3
16353,"dirac operator algebras",3,3
16354,"positively curved",2,3
16355,"scalar curvature invariants",3,3
16356,"calabi yau zaslow",3,3
16357,"geometric realization",2,3
16358,"inductive limit theorem",3,3
16359,"smooth toric varieties",3,3
16360,"kostka polynomials",2,3
16361,"group theoretic framework",3,3
16362,"quasi integrable",2,3
16363,"maximal cp",2,3
16364,"homotopy equivalence",2,3
16365,"spectrum normalization",2,3
16366,"complex semisimple lie algebra",4,3
16367,"area preserving maps",3,3
16368,"linear poisson structure",3,3
16369,"multiple integral representations",3,3
16370,"volume preserving diffeomorphisms",3,3
16371,"two dimensional hilbert",3,3
16372,"tilting modules over",3,3
16373,"totally real numbers",3,3
16374,"algebro geometric construction",3,3
16375,"gromov hausdorff",2,3
16376,"non triviality",2,3
16377,"regular local rings",3,3
16378,"his collaborators",2,3
16379,"planar random",2,3
16380,"compact orientable surface",3,3
16381,"simply connected lie algebra",4,3
16382,"non empty set",3,3
16383,"regular poisson",2,3
16384,"af order",2,3
16385,"cuntz krieger",2,3
16386,"legendre transformation",2,3
16387,"bundle map",2,3
16388,"vector solitons",2,3
16389,"digital signal processing",3,3
16390,"galois module",2,3
16391,"line arrangements",2,3
16392,"bi maximal",2,3
16393,"theoretic framework",2,3
16394,"systematic search algorithm",3,3
16395,"gps network",2,3
16396,"long time varying",3,3
16397,"observer dependent",2,3
16398,"partial reconstruction",2,3
16399,"unsupervised learning algorithm",3,3
16400,"machine learning algorithm",3,3
16401,"line defects",2,3
16402,"low energy bands",3,3
16403,"single site cluster",3,3
16404,"polarized currents",2,3
16405,"rashba spin rotation",3,3
16406,"law tails",2,3
16407,"la pr",2,3
16408,"spin fluctuation dissipation relations",4,3
16409,"initial boundary conditions",3,3
16410,"heavy ion irradiation",3,3
16411,"striking similarity",2,3
16412,"gilbert damping",2,3
16413,"1-x pb mg1 3nb2 o3",5,3
16414,"moderately fast",2,3
16415,"crossing time dependence",3,3
16416,"hard axis",2,3
16417,"strong pinning",2,3
16418,"low frequency omega",3,3
16419,"non stationarity",2,3
16420,"functional integration",2,3
16421,"multiple scattering length",3,3
16422,"resistivity ratio",2,3
16423,"energies per",2,3
16424,"time dependent hartree fock approximation",5,3
16425,"dynamical timescale",2,3
16426,"ferromagnetic metal electrodes",3,3
16427,"extra absorption",2,3
16428,"finite temperature tc superconductors",4,3
16429,"cohesive energy",2,3
16430,"structural transformations",2,3
16431,"bulk sensitive photoemission spectra",4,3
16432,"2d electron gas",3,3
16433,"boson exchange interaction",3,3
16434,"bond stretching mode",3,3
16435,"critical current density wave",4,3
16436,"order parameter family",3,3
16437,"world cosmology",2,3
16438,"semi analytically",2,3
16439,"scaling property",2,3
16440,"laser deposition",2,3
16441,"forming liquids",2,3
16442,"magnetic islands",2,3
16443,"surface density functional",3,3
16444,"binary collision",2,3
16445,"conjugated polymer",2,3
16446,"spin density functional theory",4,3
16447,"anderson transition",2,3
16448,"interlayer exchange",2,3
16449,"environmental conditions",2,3
16450,"paramagnetic meissner",2,3
16451,"temperature t0",2,3
16452,"order parameter regimes",3,3
16453,"ion irradiation",2,3
16454,"lattice hierarchy",2,3
16455,"linear conductance peaks",3,3
16456,"hydrogen bond",2,3
16457,"remain bound state",3,3
16458,"scale invariant quantities",3,3
16459,"ultra cold collisions",3,3
16460,"vortex loop",2,3
16461,"power law decay exponentially",4,3
16462,"nu bar partial",3,3
16463,"available data reduction",3,3
16464,"trial function",2,3
16465,"fermi sea",2,3
16466,"non overlapping",2,3
16467,"reaction diffusion equations",3,3
16468,"angle resolved photoemission spectroscopy arpes",5,3
16469,"theta term",2,3
16470,"spin transistor",2,3
16471,"density modulations",2,3
16472,"unusually strong",2,3
16473,"stretched exponential relaxation time",4,3
16474,"extended thomas fermi",3,3
16475,"hard core repulsion",3,3
16476,"ac electric",2,3
16477,"h2 formation rate",3,3
16478,"modulational instability",2,3
16479,"off centered",2,3
16480,"near tc cuprates",3,3
16481,"charge ordered state",3,3
16482,"exciton band width",3,3
16483,"electronic structure constant",3,3
16484,"conserve energy",2,3
16485,"minimal subtraction scheme",3,3
16486,"angular momentum transferred",3,3
16487,"mass hierarchy",2,3
16488,"two dimensional gross pitaevskii equation",5,3
16489,"soliton antisoliton",2,3
16490,"dependent dielectric",2,3
16491,"polarized light scattering",3,3
16492,"four dimensional 2d",3,3
16493,"luttinger liquid gas",3,3
16494,"backward wave",2,3
16495,"newly acquired",2,3
16496,"neutron diffraction data",3,3
16497,"coulomb potential barrier",3,3
16498,"linear schr odinger",3,3
16499,"vector current density",3,3
16500,"exchange correlation functions",3,3
16501,"xxz model",2,3
16502,"inverse square lattice",3,3
16503,"neutron scattering matrix",3,3
16504,"intra day",2,3
16505,"non interacting massive",3,3
16506,"surface density profile",3,3
16507,"low density operator",3,3
16508,"sigma upper",2,3
16509,"contact spectroscopy",2,3
16510,"current density rho",3,3
16511,"chemical compositions",2,3
16512,"chiral unitary ensemble",3,3
16513,"grain surfaces",2,3
16514,"self consistent hartree fock calculations",5,3
16515,"anomalous diffusion constant",3,3
16516,"evolving under pressure",3,3
16517,"emission mechanism responsible",3,3
16518,"mn sites",2,3
16519,"shot noise level",3,3
16520,"inter chain",2,3
16521,"lennard jones system size",4,3
16522,"dependent hartree fock approximation",4,3
16523,"multiple scattering matrix",3,3
16524,"biochemical reactions",2,3
16525,"stringent test",2,3
16526,"finite volumes",2,3
16527,"classical limit theorem",3,3
16528,"field theoretic approach",3,3
16529,"faraday rotation measure",3,3
16530,"numerical findings",2,3
16531,"self assembled inas",3,3
16532,"lorentz force fields",3,3
16533,"closed strings",2,3
16534,"spectral triple",2,3
16535,"hitchin system",2,3
16536,"generalized riemann surfaces",3,3
16537,"dehn filling",2,3
16538,"rees algebra",2,3
16539,"hodge theory",2,3
16540,"outer boundary",2,3
16541,"laplace operators acting",3,3
16542,"real vector fields",3,3
16543,"absolute galois groups",3,3
16544,"adjoint extensions",2,3
16545,"rational cohomology",2,3
16546,"gromov witten",2,3
16547,"turaev viro",2,3
16548,"complete riemannian geometry",3,3
16549,"negative feedback",2,3
16550,"two dimensional minkowski",3,3
16551,"focal point",2,3
16552,"irreducible unitary",2,3
16553,"countably infinite number",3,3
16554,"bisectional curvature",2,3
16555,"summing over",2,3
16556,"optimal portfolio",2,3
16557,"chebyshev polynomial",2,3
16558,"non abelian integrals",3,3
16559,"deterministic diffusion processes",3,3
16560,"explicit cp",2,3
16561,"elliptic calogero moser",3,3
16562,"infinite dimensional reduction",3,3
16563,"twistor space",2,3
16564,"asymptotically de",2,3
16565,"scalar electrodynamics",2,3
16566,"remaining three dimensional",3,3
16567,"via feedback control",3,3
16568,"noncommutative tori",2,3
16569,"iras point source catalog",4,3
16570,"narrow line seyfert",3,3
16571,"damped lyman break galaxies",4,3
16572,"post outburst",2,3
16573,"proto planetary nebulae pne",4,3
16574,"semimajor axes",2,3
16575,"oh ir",2,3
16576,"hubble space telescope wfpc2 observations",5,3
16577,"dark matter content",3,3
16578,"high velocity difference",3,3
16579,"millimeter wavelengths",2,3
16580,"age metallicity degeneracy",3,3
16581,"near infrared space telescope hst",5,3
16582,"thick discs",2,3
16583,"general relativistic hydrodynamics code",4,3
16584,"local conservation laws",3,3
16585,"total angular scales",3,3
16586,"cosmological constant h0",3,3
16587,"circumstellar accretion disks",3,3
16588,"compton scattered",2,3
16589,"narrow gap",2,3
16590,"sunyaev zel dovich sz observations",5,3
16591,"mass accretion rates",3,3
16592,"hot gas surrounding",3,3
16593,"electron neutrino antineutrino",3,3
16594,"bi large mixing matrix",4,3
16595,"host galaxy clusters",3,3
16596,"per unit mass",3,3
16597,"gyr old metal rich",4,3
16598,"ultraluminous infrared",2,3
16599,"proto neutron stars",3,3
16600,"neutron star detector",3,3
16601,"rayleigh scattering",2,3
16602,"visible wavelengths",2,3
16603,"ir flux",2,3
16604,"four point like",3,3
16605,"mode pulsation modes",3,3
16606,"real time resolved",3,3
16607,"evolutionary phases",2,3
16608,"ia supernovae sne ib",4,3
16609,"alpha luminosities",2,3
16610,"slope beta",2,3
16611,"available observational constraints",3,3
16612,"corotation radius",2,3
16613,"metallicity gradients",2,3
16614,"lindblad resonances",2,3
16615,"low inclination",2,3
16616,"thirty eight",2,3
16617,"parkes multibeam pulsar survey",4,3
16618,"si fe ni",3,3
16619,"highest redshift range",3,3
16620,"orbital frequency",2,3
16621,"emission line profiles",3,3
16622,"type ic supernova sn 2002ap",5,3
16623,"sn 2002ap",2,3
16624,"spectroscopic observations suggest",3,3
16625,"eddington limited",2,3
16626,"accretion disc around",3,3
16627,"metal rich environment",3,3
16628,"relativistically expanding",2,3
16629,"magnetohydrodynamic mhd equations",3,3
16630,"absorption line profiles",3,3
16631,"keplerian motion",2,3
16632,"nearly circular orbit",3,3
16633,"narrow fe",2,3
16634,"young stars belonging",3,3
16635,"statistical precision",2,3
16636,"sio maser sources",3,3
16637,"kilohertz quasi periodic oscillations qpos",5,3
16638,"radio pulsar magnetosphere",3,3
16639,"deuterium fractionation",2,3
16640,"rosat asca observations",3,3
16641,"wide field spectrograph",3,3
16642,"propto exp beta",3,3
16643,"fall below",2,3
16644,"planet formation",2,3
16645,"early type dwarf galaxies",4,3
16646,"thin disk corona",3,3
16647,"filamentary structure",2,3
16648,"galaxy m33",2,3
16649,"column density profile",3,3
16650,"formation rate sfr",3,3
16651,"self energy distributions",3,3
16652,"interstellar extinction av mag",4,3
16653,"comoving coordinates",2,3
16654,"ray sources brighter",3,3
16655,"molecular cloud complex",3,3
16656,"hot gas inflow",3,3
16657,"angular momentum transport properties",4,3
16658,"standard accretion disks",3,3
16659,"photon indices",2,3
16660,"moderately high energies",3,3
16661,"microwave background anisotropies",3,3
16662,"hundred mev",2,3
16663,"nut space",2,3
16664,"double lined spectroscopic observations",4,3
16665,"white dwarf primary",3,3
16666,"radio flares",2,3
16667,"active star forming region",4,3
16668,"real space distortions",3,3
16669,"radio lobe",2,3
16670,"kalpha emission line",3,3
16671,"distance moduli",2,3
16672,"urca processes",2,3
16673,"internal extinction",2,3
16674,"blue compact dwarf",3,3
16675,"deep long slit spectroscopy",4,3
16676,"abell clusters",2,3
16677,"burst grb host",3,3
16678,"gamma rays uhecr",3,3
16679,"near infrared wavelengths",3,3
16680,"intergalactic magnetic field",3,3
16681,"spectropolarimetric observations",2,3
16682,"afterglow emission",2,3
16683,"line blanketing",2,3
16684,"cm wavelength",2,3
16685,"cosmic rays uhecrs",3,3
16686,"data reduction pipeline",3,3
16687,"common user bolometer",3,3
16688,"collimated jet axis",3,3
16689,"young stellar wind",3,3
16690,"old metal",2,3
16691,"array scuba",2,3
16692,"line opacity",2,3
16693,"photospheric abundances",2,3
16694,"relative strengths",2,3
16695,"globular cluster m15",3,3
16696,"half life time",3,3
16697,"mach numbers",2,3
16698,"international space telescope",3,3
16699,"virialized systems",2,3
16700,"large scale structure functions",4,3
16701,"gravitational wave astronomy",3,3
16702,"orion nebula cluster members",4,3
16703,"smoothed particle hydrodynamics",3,3
16704,"supernova sn 1998bw",3,3
16705,"local group velocity",3,3
16706,"halo nucleus",2,3
16707,"broken power spectrum",3,3
16708,"free neutrons",2,3
16709,"westerbork synthesis",2,3
16710,"distribution function lf",3,3
16711,"pair annihilation process",3,3
16712,"redshift dependence",2,3
16713,"near ir luminosity",3,3
16714,"polytropic index",2,3
16715,"dense molecular hydrogen",3,3
16716,"photoionization model",2,3
16717,"intermediate resolution",2,3
16718,"hi cloud",2,3
16719,"gravitational heating",2,3
16720,"einstein de sitter space",4,3
16721,"protostellar disks",2,3
16722,"host galaxy 3c",3,3
16723,"two planets orbiting",3,3
16724,"element synthesis",2,3
16725,"stellar dynamics simulations",3,3
16726,"normally distributed",2,3
16727,"field imager",2,3
16728,"interstellar absorption systems",3,3
16729,"absorption line opacity",3,3
16730,"southern sky",2,3
16731,"extrasolar planets around",3,3
16732,"apsidal motion",2,3
16733,"soft gamma ray emission",4,3
16734,"external shear",2,3
16735,"star cluster formation history",4,3
16736,"cooled gas",2,3
16737,"apparent magnitudes",2,3
16738,"ly alpha emission",3,3
16739,"color magnitude diagram cmd",4,3
16740,"dark cloud lmc",3,3
16741,"rotationally symmetric",2,3
16742,"molecular gas kinematics",3,3
16743,"schmidt law",2,3
16744,"bare strange quark stars",4,3
16745,"radio quiet quasars",3,3
16746,"crab pulsar psr",3,3
16747,"ir color",2,3
16748,"hole mass function",3,3
16749,"blue compact",2,3
16750,"compact radio jets",3,3
16751,"optical spectropolarimetry",2,3
16752,"polarized emission lines",3,3
16753,"strongly magnetized neutron star",4,3
16754,"powered pulsars axps",3,3
16755,"small scale invariant",3,3
16756,"background cmb anisotropies",3,3
16757,"dense nuclear",2,3
16758,"soft gamma ray bursts grbs",5,3
16759,"transient xte j1550-564",3,3
16760,"long term variations",3,3
16761,"hd 209458b",2,3
16762,"array vla",2,3
16763,"terrestrial planet search",3,3
16764,"photopion production",2,3
16765,"strong gravitational interactions",3,3
16766,"ultra high energy cosmic ray sources",6,3
16767,"compressible mhd turbulence",3,3
16768,"free energy loss",3,3
16769,"trans neptunian",2,3
16770,"neutrino observatory",2,3
16771,"inhomogeneous cosmological parameters",3,3
16772,"mass ejection",2,3
16773,"surface brightness temperature profiles",4,3
16774,"thin disc models",3,3
16775,"microquasar xte j1550-564",3,3
16776,"hi absorption lines",3,3
16777,"visual light",2,3
16778,"hot gas phase",3,3
16779,"small array vsa",3,3
16780,"circular motions",2,3
16781,"nearby spiral galaxy ngc",4,3
16782,"abundance profiles",2,3
16783,"blank field",2,3
16784,"rigidly rotating",2,3
16785,"hst key project",3,3
16786,"cluster peculiar",2,3
16787,"rest frame uv optical",4,3
16788,"pc away",2,3
16789,"type ib",2,3
16790,"ne cm",2,3
16791,"large number counts",3,3
16792,"cosmic microwave background radiation cmbr",5,3
16793,"thermal sunyaev zel dovich effect",5,3
16794,"shear surveys",2,3
16795,"dust lane",2,3
16796,"few hours",2,3
16797,"induced air showers",3,3
16798,"dark energy cosmic microwave background radiation",6,3
16799,"water maser emission",3,3
16800,"statistical physics e.g",3,3
16801,"galactic halo objects eros",4,3
16802,"precision cosmology",2,3
16803,"body simulation",2,3
16804,"lambda cdm universe",3,3
16805,"dense stellar objects",3,3
16806,"astronomical observation",2,3
16807,"hydrodynamical calculations",2,3
16808,"cosmic ray cr",3,3
16809,"2.2m telescope",2,3
16810,"superdense matter",2,3
16811,"thin disk thickness",3,3
16812,"intermediate band photometry",3,3
16813,"hot molecular gas",3,3
16814,"ob associations",2,3
16815,"dust extinction corrected",3,3
16816,"south east west",3,3
16817,"quasi stellar objects",3,3
16818,"pre main sequence pms stars",5,3
16819,"point sources having",3,3
16820,"distance determinations",2,3
16821,"colour magnitude diagram cmd",4,3
16822,"broad absorption line seyfert galaxy",5,3
16823,"arches cluster",2,3
16824,"spectroscopic monitoring",2,3
16825,"hot intergalactic medium",3,3
16826,"turbulent mixing",2,3
16827,"neutrino mass ratio",3,3
16828,"infrared space observatory iso sws",5,3
16829,"galactic globular",2,3
16830,"ssp models",2,3
16831,"energy tail",2,3
16832,"active galactic nucleus agn",4,3
16833,"accretion disc models",3,3
16834,"blandford znajek",2,3
16835,"helium like",2,3
16836,"sources ulxs",2,3
16837,"rotating disk galaxies",3,3
16838,"blue compact dwarf galaxy ngc",5,3
16839,"lensed quasars",2,3
16840,"transit time sampling",3,3
16841,"singular isothermal sphere",3,3
16842,"bepposax lecs",2,3
16843,"least four dimensional",3,3
16844,"velocity dispersion profile",3,3
16845,"baseline interferometry vlbi",3,3
16846,"confusion noise",2,3
16847,"ram pressure stripping",3,3
16848,"post asymptotic",2,3
16849,"dwarf ellipticals",2,3
16850,"star cluster center",3,3
16851,"diffuse emission line",3,3
16852,"long time intervals",3,3
16853,"hydrogen column densities",3,3
16854,"circumstellar shell",2,3
16855,"dense molecular",2,3
16856,"new luyten",2,3
16857,"time scale invariant",3,3
16858,"proportional counter",2,3
16859,"three dimensional hydrodynamic",3,3
16860,"red shifts",2,3
16861,"southern galactic plane",3,3
16862,"hst nicmos",2,3
16863,"circumstellar discs",2,3
16864,"radio selected",2,3
16865,"occupation distribution",2,3
16866,"nearby seyfert nuclei",3,3
16867,"inferred mass distribution",3,3
16868,"exotic dark",2,3
16869,"mdot msun yr",3,3
16870,"pierre auger observatory",3,3
16871,"highest energy cosmic ray",4,3
16872,"radiative transfer rate",3,3
16873,"median redshift distribution",3,3
16874,"embedded young stellar",3,3
16875,"flame front",2,3
16876,"after subtracting",2,3
16877,"superhump period",2,3
16878,"spinning down",2,3
16879,"strong gravitational lens",3,3
16880,"deep long",2,3
16881,"improved upper limit",3,3
16882,"charge exchange interaction",3,3
16883,"damped ly alpha elements",4,3
16884,"iras point sources",3,3
16885,"non thermal component",3,3
16886,"high velocity distributions",3,3
16887,"accretion disk like",3,3
16888,"cold neutral",2,3
16889,"neutral hydrogen rich",3,3
16890,"imaging cherenkov telescopes",3,3
16891,"weakly interacting massive",3,3
16892,"radial velocity difference",3,3
16893,"accurate analytic formulae",3,3
16894,"lensing studies",2,3
16895,"tev gamma ray emission",4,3
16896,"highly degenerate",2,3
16897,"quintessence field theories",3,3
16898,"survey 2dfgrs",2,3
16899,"cold fronts",2,3
16900,"extinction av",2,3
16901,"two sided jet",3,3
16902,"intermediate resolution spectra",3,3
16903,"radial velocity distribution",3,3
16904,"mass accretion rate",3,3
16905,"astroparticle physics",2,3
16906,"total energy levels",3,3
16907,"ca ti cr",3,3
16908,"positron pairs",2,3
16909,"low energy cosmic rays",4,3
16910,"ultra high frequency",3,3
16911,"galactic magnetic fields",3,3
16912,"hubble space telescope compact",4,3
16913,"qpo frequency",2,3
16914,"innermost stable circular orbit",4,3
16915,"junction resistance",2,3
16916,"damping mechanisms",2,3
16917,"experimental data files",3,3
16918,"higher order cumulants",3,3
16919,"resonance line width",3,3
16920,"non commutative sphere",3,3
16921,"evolutionary minority",2,3
16922,"self energy conservation",3,3
16923,"diffusion front propagation",3,3
16924,"shot noise spectra",3,3
16925,"hybrid monte carlo algorithm",4,3
16926,"large scale invariance",3,3
16927,"wave vector potential",3,3
16928,"left handed material",3,3
16929,"lipid bilayers",2,3
16930,"short dna",2,3
16931,"chern simons like",3,3
16932,"hybrid structures",2,3
16933,"strongly coupled cluster",3,3
16934,"almost unchanged",2,3
16935,"homogeneous electric",2,3
16936,"momentum conservation law",3,3
16937,"ambient conditions",2,3
16938,"hole candidate",2,3
16939,"acoustic waves",2,3
16940,"ginzburg landau gauge theory",4,3
16941,"gaussian effective potential",3,3
16942,"magneto optic",2,3
16943,"purely geometrical construction",3,3
16944,"spiral pattern",2,3
16945,"external perturbation theory",3,3
16946,"scattering length xi",3,3
16947,"principal axes",2,3
16948,"low energy momentum distribution function",5,3
16949,"ordered phase space",3,3
16950,"gibbs distribution",2,3
16951,"publicly available",2,3
16952,"nervous system",2,3
16953,"proper treatment",2,3
16954,"focal length",2,3
16955,"empty space time",3,3
16956,"group theoretical models",3,3
16957,"chebyshev polynomial expansion",3,3
16958,"multi particle physics",3,3
16959,"test particle hole",3,3
16960,"angular momentum space time",4,3
16961,"vacuum degeneracy",2,3
16962,"homothetic killing vectors",3,3
16963,"thomas precession",2,3
16964,"negative cosmological constant lambda",4,3
16965,"hartle hawking",2,3
16966,"gravitational waves propagating",3,3
16967,"apparent horizons",2,3
16968,"planckian physics",2,3
16969,"non baryonic matter",3,3
16970,"singularity free parameters",3,3
16971,"spin foam models",3,3
16972,"reissner nordstrom black holes",4,3
16973,"frw cosmology",2,3
16974,"hyperbolic formulations",2,3
16975,"total energy radiated during",4,3
16976,"einstein cartan",2,3
16977,"space time evolution equations",4,3
16978,"gravitational wave fronts",3,3
16979,"generalized chaplygin gas phase",4,3
16980,"positive cosmological constant alpha",4,3
16981,"jackiw teitelboim",2,3
16982,"friedmann robertson walker frw universe",5,3
16983,"planck length scale",3,3
16984,"null vector",2,3
16985,"minimum mass loss",3,3
16986,"asymptotically flat space time",4,3
16987,"pure radiation reaction",3,3
16988,"after briefly reviewed",3,3
16989,"energy radiated",2,3
16990,"eccentric orbits around",3,3
16991,"spinning particle moving",3,3
16992,"kalb ramond fields",3,3
16993,"pp wave vector",3,3
16994,"energy cosmic censorship",3,3
16995,"4th order",2,3
16996,"near extremal black holes",4,3
16997,"brick wall",2,3
16998,"kerr black hole mass",4,3
16999,"event horizon geometry",3,3
17000,"gauge invariant bilinear",3,3
17001,"modern quantum gravity",3,3
17002,"string coupling constants",3,3
17003,"single brane embedded",3,3
17004,"relativistic random",2,3
17005,"horizon radius",2,3
17006,"magnetic flux tube",3,3
17007,"gauge fixing condition",3,3
17008,"apparent horizon geometry",3,3
17009,"momentum content",2,3
17010,"detecting gravitational wave",3,3
17011,"interacting scalar",2,3
17012,"gravitomagnetic field theory",3,3
17013,"thin shell like",3,3
17014,"late time scale",3,3
17015,"weyl fermions",2,3
17016,"superheavy particles",2,3
17017,"wave spacetimes",2,3
17018,"flat spacetime dimensions",3,3
17019,"relative motion resonances",3,3
17020,"conformal anomaly induced",3,3
17021,"steep power law",3,3
17022,"principal null",2,3
17023,"varying fine",2,3
17024,"turning points",2,3
17025,"bulk viscosity parameter",3,3
17026,"test particle moving",3,3
17027,"lense thirring",2,3
17028,"michelson morley",2,3
17029,"particle irreducible representation",3,3
17030,"real scalar fields",3,3
17031,"free scalar field theories",4,3
17032,"marginal stability",2,3
17033,"null vector fields",3,3
17034,"weak gravitational potential",3,3
17035,"spherically reduced",2,3
17036,"laser interferometric gravitational wave",4,3
17037,"upper end",2,3
17038,"4-dimensional effective mass",3,3
17039,"conformally flat space",3,3
17040,"vacuum energy levels",3,3
17041,"structure constant alpha",3,3
17042,"angular momentum tensor",3,3
17043,"flat friedmann robertson walker",4,3
17044,"gibbons hawking",2,3
17045,"five dimensional reduction",3,3
17046,"particle wimp",2,3
17047,"lightest neutralino annihilation",3,3
17048,"stellar wind properties",3,3
17049,"large array vla",3,3
17050,"super star formation",3,3
17051,"magnetic diffusivity",2,3
17052,"solar supergranulation",2,3
17053,"current density profiles",3,3
17054,"photometric data reduction",3,3
17055,"non vanishing cosmological constant",4,3
17056,"oh maser",2,3
17057,"goldreich julian",2,3
17058,"dwarf primary",2,3
17059,"bl lacs",2,3
17060,"rho oph",2,3
17061,"absorption line ratios",3,3
17062,"ir colors",2,3
17063,"sub millimetre",2,3
17064,"per pixel",2,3
17065,"galactic halo objects",3,3
17066,"ray binaries lmxbs",3,3
17067,"accretion flow adaf",3,3
17068,"cluster merger shocks",3,3
17069,"radial expansion velocities",3,3
17070,"constrained minimal supersymmetric",3,3
17071,"ovi absorption lines",3,3
17072,"eccentric orbit",2,3
17073,"wfpc2 observations",2,3
17074,"superfluid neutron stars",3,3
17075,"three mirror image",3,3
17076,"non relativistic regime",3,3
17077,"turbulent convection",2,3
17078,"relative abundance ratios",3,3
17079,"giant elliptical galaxy ngc",4,3
17080,"lyman alpha absorbers",3,3
17081,"lightest supersymmetric standard model",4,3
17082,"energies below kev",3,3
17083,"millisecond radio pulsar psr j1740-5340",5,3
17084,"two photon index",3,3
17085,"inverse compton ic",3,3
17086,"nuclear reaction rate",3,3
17087,"broad band filters",3,3
17088,"jet ejection",2,3
17089,"vlba observations suggest",3,3
17090,"ray transients",2,3
17091,"orbital solution",2,3
17092,"particle physics e.g",3,3
17093,"normal nuclear medium",3,3
17094,"accretion rates",2,3
17095,"poisson noise",2,3
17096,"giant molecular cloud",3,3
17097,"mass m1 m2",3,3
17098,"morphological type spirals",3,3
17099,"smoothed particle hydrodynamics code",4,3
17100,"survival probability density",3,3
17101,"hickson compact",2,3
17102,"imaging surveys",2,3
17103,"transiting planet search",3,3
17104,"weighted mean",2,3
17105,"galactic open clusters",3,3
17106,"considerably lower bound",3,3
17107,"detailed numerical simulation",3,3
17108,"self enrichment",2,3
17109,"nova like",2,3
17110,"empirical relationship",2,3
17111,"gigahertz peaked",2,3
17112,"metallicity distributions",2,3
17113,"selection efficiency",2,3
17114,"emission line widths",3,3
17115,"cosmic ray flux",3,3
17116,"fast wind nebulae",3,3
17117,"uhe cosmic ray",3,3
17118,"color magnitude diagrams cmd",4,3
17119,"missing energy spectrum",3,3
17120,"background cmb",2,3
17121,"central cd galaxy clusters",4,3
17122,"hole bh",2,3
17123,"bimodal color distributions",3,3
17124,"young massive star cluster formation",5,3
17125,"optical potential applications",3,3
17126,"circular orbits near",3,3
17127,"mpc omegam omega lambda",4,3
17128,"vacuum energy cosmic rays",4,3
17129,"los alamos",2,3
17130,"hubble parameter space",3,3
17131,"drift velocity fields",3,3
17132,"cosmic lens systems",3,3
17133,"m1 m2 msun",3,3
17134,"probe snap mission",3,3
17135,"nir imaging",2,3
17136,"gas content",2,3
17137,"few selected topics",3,3
17138,"strongly lensed",2,3
17139,"mbh sigma",2,3
17140,"differential cross",2,3
17141,"band limited sample",3,3
17142,"photometric redshift surveys",3,3
17143,"negative cosmological horizon",3,3
17144,"cluster formation histories",3,3
17145,"warm hot component",3,3
17146,"massive white dwarfs",3,3
17147,"abundance variations",2,3
17148,"chemical reaction network",3,3
17149,"abundance gradients",2,3
17150,"sdb star pg",3,3
17151,"gzk cut",2,3
17152,"self interacting scalar field theory",5,3
17153,"non thermal expansion",3,3
17154,"btz black hole solutions",4,3
17155,"cosmological horizon area",3,3
17156,"parametric form factor",3,3
17157,"einstein equations governing",3,3
17158,"plane wave spacetimes",3,3
17159,"single brane world",3,3
17160,"wall solution",2,3
17161,"de sitter black hole entropy",5,3
17162,"inhomogeneous dust cloud",3,3
17163,"general relativistic flows",3,3
17164,"linear sigma model independent",4,3
17165,"circular orbit around",3,3
17166,"non abelian gauge group",4,3
17167,"inflaton mass",2,3
17168,"tau lepton flavor violating processes",5,3
17169,"cornell electron storage ring",4,3
17170,"integrated luminosity functions",3,3
17171,"omega meson decays",3,3
17172,"pi pi0 eta",3,3
17173,"lep ii",2,3
17174,"four lep collider",3,3
17175,"triple gauge boson",3,3
17176,"fragment mass fragments",3,3
17177,"differential decay channel",3,3
17178,"million bbbar",2,3
17179,"charged pion decay",3,3
17180,"million bbbar pairs",3,3
17181,"electron positron collider",3,3
17182,"charged pion production",3,3
17183,"reconstructed b0 lifetime",3,3
17184,"bar partial reconstruction",3,3
17185,"high q2 dependence",3,3
17186,"cross section sigma tot",4,3
17187,"fermilab tevatron run",3,3
17188,"isospin symmetric",2,3
17189,"time dependent cp asymmetries",4,3
17190,"pep ii asymmetric energy distributions",5,3
17191,"solar neutrino deficit",3,3
17192,"experimental data exclude",3,3
17193,"impact parameter lambda",3,3
17194,"proton beam line",3,3
17195,"small angular distributions",3,3
17196,"differential decay rate",3,3
17197,"super heavy ion",3,3
17198,"two pion decay",3,3
17199,"dijet cross section",3,3
17200,"hadron spectroscopy",2,3
17201,"burkhardt cottingham",2,3
17202,"minimal supergravity msugra model",4,3
17203,"too heavy",2,3
17204,"running coupling constant alphas",4,3
17205,"quark jets",2,3
17206,"event shape variables",3,3
17207,"four fermion sign",3,3
17208,"tensor meson",2,3
17209,"anomaly mediated susy breaking",4,3
17210,"nucleon scattering rate",3,3
17211,"lep2 data recorded",3,3
17212,"upgraded tevatron collider",3,3
17213,"flavour basis",2,3
17214,"cornell electron storage ring cesr",5,3
17215,"pi pi0 production",3,3
17216,"stringent upper limits",3,3
17217,"gut magnetic monopoles",3,3
17218,"fraction br",2,3
17219,"heavy flavour production",3,3
17220,"leq gev",2,3
17221,"event shapes",2,3
17222,"charge asymmetries",2,3
17223,"cabibbo kobayashi maskawa matrix element",5,3
17224,"pi nu nubar",3,3
17225,"kekb asymmetric energy",3,3
17226,"absolute scale setting",3,3
17227,"hard scattering amplitude",3,3
17228,"ionization potential",2,3
17229,"direct cp violating asymmetries",4,3
17230,"standard model mssm higgs bosons",5,3
17231,"partial reconstruction technique",3,3
17232,"positive muon g-2",3,3
17233,"polarized proton collisions",3,3
17234,"phase difference delta",3,3
17235,"lambdab lambda lambdac",3,3
17236,"tan beta function",3,3
17237,"higgs boson discovery",3,3
17238,"non relativistic heavy ion",4,3
17239,"heavy ion beam",3,3
17240,"neutrino mass energies",3,3
17241,"charged current density",3,3
17242,"cp odd higgs boson production",5,3
17243,"multiplicity correlations",2,3
17244,"electron neutrino oscillations",3,3
17245,"main injector",2,3
17246,"total angular distributions",3,3
17247,"jefferson laboratory",2,3
17248,"four fermion masses",3,3
17249,"heavy ion collider",3,3
17250,"photoabsorption cross sections",3,3
17251,"tritium beta decay",3,3
17252,"isovector channel",2,3
17253,"hard exclusive electroproduction",3,3
17254,"nnlo qcd",2,3
17255,"decay rate asymmetry",3,3
17256,"active neutrino component",3,3
17257,"observatory sno neutral",3,3
17258,"spin polarized proton beam",4,3
17259,"diffractive parton",2,3
17260,"active neutrino oscillation",3,3
17261,"muon anomalous magnetic field theory",5,3
17262,"fermilab tevatron run ii",4,3
17263,"lepton flavour violation",3,3
17264,"leptonic decay channel",3,3
17265,"high energy momentum transfers",4,3
17266,"significant deviation",2,3
17267,"multi jet production",3,3
17268,"three flavor violation",3,3
17269,"tev scale jets",3,3
17270,"schwarzschild black hole mass",4,3
17271,"ultra cold dark matter",4,3
17272,"degenerate neutrinos",2,3
17273,"strongly nonlinear regime",3,3
17274,"single photon flux",3,3
17275,"interstellar absorption",2,3
17276,"rich nuclei",2,3
17277,"lightest supersymmetric models",3,3
17278,"ultrahigh energy",2,3
17279,"density rho parameter",3,3
17280,"light travel time",3,3
17281,"distant supernovae",2,3
17282,"showers eas",2,3
17283,"sn ia",2,3
17284,"local lorentz symmetry",3,3
17285,"scale free parameters",3,3
17286,"diquark condensation",2,3
17287,"neutrino transport",2,3
17288,"chaotic inflation",2,3
17289,"forward direction",2,3
17290,"neutralino dark",2,3
17291,"large area law",3,3
17292,"finite dimensional turbulence",3,3
17293,"lie algebraic structure",3,3
17294,"non commutative limit",3,3
17295,"logistic maps",2,3
17296,"chaotic flows",2,3
17297,"exponent beta function",3,3
17298,"operator product expansions",3,3
17299,"gordon equation",2,3
17300,"dispersionless toda",2,3
17301,"large eddy",2,3
17302,"neumann boundary value problems",4,3
17303,"spontaneous breakdown",2,3
17304,"plot analysis",2,3
17305,"breit wigner function",3,3
17306,"de excitation",2,3
17307,"exotic hybrid",2,3
17308,"cp violating interactions",3,3
17309,"kobayashi maskawa ckm matrix",4,3
17310,"fermion antifermion",2,3
17311,"eta prime meson",3,3
17312,"baryon chemical",2,3
17313,"finite isospin chemical",3,3
17314,"lattice spacings",2,3
17315,"pion nucleon interaction",3,3
17316,"sigma deviation",2,3
17317,"quenched chiral symmetry",3,3
17318,"schr odinger functional theory",4,3
17319,"low energy momentum transfer",4,3
17320,"maximal abelian gauge fixing",4,3
17321,"staggered quarks",2,3
17322,"nonzero chemical",2,3
17323,"full qcd vacuum",3,3
17324,"lattice qcd corrections",3,3
17325,"quark propagators",2,3
17326,"improved gauge",2,3
17327,"domain wall fermion mass",4,3
17328,"modified minimal subtraction scheme",4,3
17329,"sea quark masses",3,3
17330,"fat link clover",3,3
17331,"hadron wave",2,3
17332,"flavour violating",2,3
17333,"kogut susskind fermions",3,3
17334,"topological sectors",2,3
17335,"clover fermion action",3,3
17336,"lattice gauge coupling",3,3
17337,"wavefunction renormalization",2,3
17338,"pseudo goldstone",2,3
17339,"polyakov loops",2,3
17340,"finite dimensional georgi glashow model",5,3
17341,"functional integral",2,3
17342,"confinement deconfinement transition",3,3
17343,"small scale setting",3,3
17344,"adjoint higgs",2,3
17345,"rg improved",2,3
17346,"deconfining transition",2,3
17347,"heavy quark mass matrix elements",5,3
17348,"kaon physics",2,3
17349,"fat link irrelevant clover flic",5,3
17350,"compact qed",2,3
17351,"sigma pole",2,3
17352,"projected su gluodynamics",3,3
17353,"pion correlation function",3,3
17354,"parton saturation scale",3,3
17355,"pion pair",2,3
17356,"distorted wave impulse approximation",4,3
17357,"nuclear breakup",2,3
17358,"double radiative",2,3
17359,"total energy momentum",3,3
17360,"charged particle multiplicity correlations",4,3
17361,"le gev",2,3
17362,"strangeness enhancement",2,3
17363,"transverse spin dependent",3,3
17364,"bound states containing",3,3
17365,"compound nucleus",2,3
17366,"minimum mass squared",3,3
17367,"non conserving",2,3
17368,"neutron electric charge",3,3
17369,"longitudinally polarized electrons",3,3
17370,"hyperfine structure",2,3
17371,"energies around gev",3,3
17372,"space time projection",3,3
17373,"non local density fluctuations",4,3
17374,"single particle beams",3,3
17375,"partial differential cross sections",4,3
17376,"mean transverse momentum",3,3
17377,"pion production mechanisms",3,3
17378,"chiral lagrangian approach",3,3
17379,"octet baryon magnetic moment",4,3
17380,"schr odinger functional",3,3
17381,"quark mass ratio",3,3
17382,"quark matter fields",3,3
17383,"charged higgs mechanism",3,3
17384,"vector meson photoproduction",3,3
17385,"poincare covariant",2,3
17386,"perturbative qcd factorization theorem",4,3
17387,"skyrme hartree",2,3
17388,"absorbing boundary condition",3,3
17389,"nuclear spin orbit",3,3
17390,"skyrme hartree fock",3,3
17391,"sigma meson photoproduction",3,3
17392,"double pomeron",2,3
17393,"solar neutrino deuteron reactions",4,3
17394,"three nucleon forces",3,3
17395,"neutron skin",2,3
17396,"static quark diquark",3,3
17397,"deuteron breakup reactions",3,3
17398,"double radiative decays",3,3
17399,"hadronization phase transition",3,3
17400,"valence quark gluon",3,3
17401,"higgs mechanism responsible",3,3
17402,"transversity distributions",2,3
17403,"kaon form factors",3,3
17404,"mass mt",2,3
17405,"z3 orbifold compactification",3,3
17406,"non perturbative regime",3,3
17407,"heavy quarkonium production",3,3
17408,"virtuality q2",2,3
17409,"quark gluon exchange",3,3
17410,"antiquark pair production",3,3
17411,"coulomb gauge theories",3,3
17412,"model sm like",3,3
17413,"generalized parton distribution",3,3
17414,"sm prediction",2,3
17415,"strange particle production",3,3
17416,"hadronization phase",2,3
17417,"doubly charged higgs bosons",4,3
17418,"active neutrino mass",3,3
17419,"supersymmetric grand unified",3,3
17420,"right handed majorana neutrinos",4,3
17421,"cp odd order",3,3
17422,"baseline neutrino oscillation parameters",4,3
17423,"sparticle masses",2,3
17424,"family replicated gauge group",4,3
17425,"cfl phase",2,3
17426,"gluon distribution functions",3,3
17427,"low mass matrices",3,3
17428,"gluon radiation",2,3
17429,"light higgs mechanism",3,3
17430,"cpt invariant under",3,3
17431,"unstable particle antiparticle",3,3
17432,"msbar scheme",2,3
17433,"nnlo qcd corrections",3,3
17434,"deep inelastic lepton",3,3
17435,"entropy production mechanism",3,3
17436,"gluino mass",2,3
17437,"large tan beta enhanced",4,3
17438,"charmless two",2,3
17439,"su flavor problem",3,3
17440,"two loop htl",3,3
17441,"tau lepton flavour violation",4,3
17442,"omega phi meson exchange",4,3
17443,"meson dominance",2,3
17444,"inelastic hard",2,3
17445,"composite higgs boson",3,3
17446,"fermion mass hierarchy problem",4,3
17447,"universal soft supersymmetry breaking",4,3
17448,"scale mc",2,3
17449,"s1 z2 orbifold fixed",4,3
17450,"weinberg salam",2,3
17451,"wick cutkosky model",3,3
17452,"neutrino mass hierarchies",3,3
17453,"averaged branching ratio",3,3
17454,"forward scattering amplitudes",3,3
17455,"mssm higgs mechanism",3,3
17456,"ghost propagator",2,3
17457,"hard scattering amplitudes",3,3
17458,"psi production mechanism",3,3
17459,"thermalized quark gluon plasma",4,3
17460,"disoriented chiral symmetry",3,3
17461,"renormalization schemes",2,3
17462,"three nucleon systems",3,3
17463,"deeply virtual photon",3,3
17464,"weak mixing angle sin2 thetaw",5,3
17465,"color flavor problem",3,3
17466,"baryon magnetic moments",3,3
17467,"open charm production",3,3
17468,"supersymmetric standard model mssm",4,3
17469,"xi gauge fields",3,3
17470,"longitudinal polarization asymmetries",3,3
17471,"helicity flip",2,3
17472,"fermion mass hierarchy",3,3
17473,"visible sector",2,3
17474,"nonrelativistic qcd factorization",3,3
17475,"polarized pp collisions",3,3
17476,"chargino neutralino relic",3,3
17477,"quark mass matrices",3,3
17478,"constrained mssm parameter space",4,3
17479,"pati salam gauge group",4,3
17480,"double logarithmic corrections",3,3
17481,"leading order nnlo qcd",4,3
17482,"hard diffraction",2,3
17483,"large mixing angle msw solution",5,3
17484,"psi production rates",3,3
17485,"transverse momentum dependent",3,3
17486,"d0 bar k0",3,3
17487,"dark energy spectrum",3,3
17488,"leptonic mixing angles",3,3
17489,"neutrinoless double beta decay rate",5,3
17490,"perturbative qcd factorization",3,3
17491,"fermion mass matrix",3,3
17492,"toroidally compactified",2,3
17493,"neutral kaon system",3,3
17494,"international conference summary",3,3
17495,"constituent quark gluon",3,3
17496,"semi analytical description",3,3
17497,"heavy baryons containing",3,3
17498,"direct numerical evaluation",3,3
17499,"large mixing occurs",3,3
17500,"high intensity proton",3,3
17501,"weakly coupled heterotic string",4,3
17502,"transverse momentum distribution",3,3
17503,"angle msw solution",3,3
17504,"direct cp asymmetries",3,3
17505,"debye screening masses",3,3
17506,"higher landau",2,3
17507,"quark gluon fields",3,3
17508,"rho nn gev",3,3
17509,"model sm prediction",3,3
17510,"kaluza klein kk states",4,3
17511,"bar k0 pi",3,3
17512,"leptonic mixing angle",3,3
17513,"cern large hadron",3,3
17514,"differential cross section sigma",4,3
17515,"tan beta enhanced",3,3
17516,"radion field",2,3
17517,"tau lepton flavor mixing",4,3
17518,"supersymmetric grand unified theories",4,3
17519,"power counting rules",3,3
17520,"deep inelastic hard scattering processes",5,3
17521,"replicated gauge theory",3,3
17522,"two loop electroweak",3,3
17523,"ma gev",2,3
17524,"singlet neutrino masses",3,3
17525,"existing experimental errors",3,3
17526,"charmonium production",2,3
17527,"logarithmic accuracy",2,3
17528,"reggeized gluons",2,3
17529,"nutau oscillations",2,3
17530,"sno neutral current",3,3
17531,"leptonic decay rates",3,3
17532,"high energy density matrix",4,3
17533,"mssm higgs boson production",4,3
17534,"charged lepton asymmetry",3,3
17535,"mass matrix models",3,3
17536,"non equilibrium statistical hadronization",4,3
17537,"squark sector",2,3
17538,"cp violating couplings",3,3
17539,"model mssm higgs boson",4,3
17540,"definite predictions",2,3
17541,"affleck dine baryogenesis via",4,3
17542,"collinear factorization",2,3
17543,"su flavor symmetry breaking",4,3
17544,"cabibbo kobayashi maskawa matrix",4,3
17545,"lepton flavor violating processes",4,3
17546,"dimensional superconformal",2,3
17547,"radiative dileptonic",2,3
17548,"effective potential applications",3,3
17549,"profound consequences",2,3
17550,"energy momentum distribution function",4,3
17551,"s1 z2 orbifold fixed points",5,3
17552,"higgs boson fusion",3,3
17553,"light cone sum rule",4,3
17554,"gauge coupling regime",3,3
17555,"few tev scale",3,3
17556,"twist corrections",2,3
17557,"orbifold fixed points",3,3
17558,"usual gut symmetry",3,3
17559,"qcd sum rule approach",4,3
17560,"two body nonleptonic",3,3
17561,"quark mass mt",3,3
17562,"lightest neutral",2,3
17563,"gravitino mass",2,3
17564,"below tev",2,3
17565,"inflaton decay products",3,3
17566,"cp eigenstates",2,3
17567,"mass squared difference",3,3
17568,"dirac yukawa coupling",3,3
17569,"diffractive vector mesons",3,3
17570,"quark gluon fusion",3,3
17571,"qed radiative correction",3,3
17572,"perturbative qcd factorization approach",4,3
17573,"diffractive higgs",2,3
17574,"constrained minimal",2,3
17575,"effective mass eigenstates",3,3
17576,"bjorken sum rule",3,3
17577,"triple gauge theory",3,3
17578,"coupling constant alphas",3,3
17579,"net baryon number",3,3
17580,"thermo field theory",3,3
17581,"unitarized chiral unitary",3,3
17582,"pomeron intercept",2,3
17583,"real compton",2,3
17584,"right handed neutrino",3,3
17585,"linearly polarized photons",3,3
17586,"sm predictions",2,3
17587,"universal gaugino",2,3
17588,"two flavour violation",3,3
17589,"global minimum mass",3,3
17590,"two loop integrals",3,3
17591,"three nucleon scattering",3,3
17592,"majorana mass",2,3
17593,"nearly zero texture",3,3
17594,"transversely polarized proton",3,3
17595,"cold dark matter candidate",4,3
17596,"isgur wise function",3,3
17597,"five loop correction",3,3
17598,"rho omega mixing",3,3
17599,"collective coordinate",2,3
17600,"quark soliton",2,3
17601,"color superconducting phase transition",4,3
17602,"free energy scales",3,3
17603,"lma region",2,3
17604,"higgs scalars",2,3
17605,"su nc expansion",3,3
17606,"hadronic vacuum polarization",3,3
17607,"two pion pole",3,3
17608,"dual ginzburg landau",3,3
17609,"ultra high energy uhe",4,3
17610,"chi cj",2,3
17611,"weinberg salam model",3,3
17612,"scalar nonet",2,3
17613,"monte carlo event generators",4,3
17614,"heavy quark gluon distribution",4,3
17615,"minimal flavour",2,3
17616,"rg equations",2,3
17617,"charged lepton universality",3,3
17618,"logarithmic conformal",2,3
17619,"atomic parity nonconservation",3,3
17620,"large nc gauge theory",4,3
17621,"perturbative qcd pqcd approach",4,3
17622,"supersymmetric seesaw model",3,3
17623,"charm quark masses",3,3
17624,"chiral multiplet",2,3
17625,"axion like",2,3
17626,"integro differential equations",3,3
17627,"decoupling theorem",2,3
17628,"burkhardt cottingham sum rules",4,3
17629,"boson fusion",2,3
17630,"left right symmetric group",4,3
17631,"universal higgs boson",3,3
17632,"gaugino condensation",2,3
17633,"higgs doublets",2,3
17634,"tau lepton pair production",4,3
17635,"heterotic superstring theory",3,3
17636,"non linear collider",3,3
17637,"bethe salpeter like",3,3
17638,"dependent parton densities",3,3
17639,"glashow model",2,3
17640,"quasiparticle rpa",2,3
17641,"isospin dependent",2,3
17642,"three nucleon force",3,3
17643,"doubly heavy",2,3
17644,"mass fragments",2,3
17645,"drip lines",2,3
17646,"proton nucleus elastic",3,3
17647,"partial wave decomposition",3,3
17648,"hadronic transport",2,3
17649,"loosely bound",2,3
17650,"relativistic heavy ion collision",4,3
17651,"two pion photoproduction",3,3
17652,"closed shell model",3,3
17653,"nambu goldstone modes",3,3
17654,"pairing gaps",2,3
17655,"renormalization group rg flow",4,3
17656,"meson exchange mechanism",3,3
17657,"parity violating interactions",3,3
17658,"heat capacities",2,3
17659,"casimir energies",2,3
17660,"isospin asymmetric nuclear matter",4,3
17661,"low energy theorems",3,3
17662,"quark diquark condensation",3,3
17663,"three body forces",3,3
17664,"non abelian gauge theory",4,3
17665,"strong coupling unification",3,3
17666,"brane tensions",2,3
17667,"symmetry relates",2,3
17668,"second chern simons",3,3
17669,"magneto optic trap",3,3
17670,"intense laser pulses",3,3
17671,"noble gases",2,3
17672,"radiation reaction force",3,3
17673,"dirac fock calculations",3,3
17674,"ionization potentials",2,3
17675,"local ether",2,3
17676,"laser cooled",2,3
17677,"pacs nos",2,3
17678,"self interacting scalar fields",4,3
17679,"minimal length xi",3,3
17680,"z3 orbifold",2,3
17681,"pure ads",2,3
17682,"light cone superstring",3,3
17683,"heterotic string compactifications",3,3
17684,"moduli space time",3,3
17685,"dp branes wrapped",3,3
17686,"closed string ncos",3,3
17687,"pure spinor formalism",3,3
17688,"ten dimensional spacetime",3,3
17689,"asymptotically de sitter spaces",4,3
17690,"su wzw models",3,3
17691,"tachyon mass",2,3
17692,"radion field theory",3,3
17693,"vacuum superstring field theory",4,3
17694,"asymptotically ads cft",3,3
17695,"ward takahashi",2,3
17696,"totally symmetric",2,3
17697,"double scaling limits",3,3
17698,"non supersymmetric yang mills theories",5,3
17699,"toroidal compactification",2,3
17700,"cardy verlinde",2,3
17701,"dirac born infeld",3,3
17702,"seiberg witten curves",3,3
17703,"green schwarz supersymmetry",3,3
17704,"brst operator",2,3
17705,"physical reasons why",3,3
17706,"type ii superstrings",3,3
17707,"iib supergravity solutions",3,3
17708,"maximally supersymmetric pp wave",4,3
17709,"string coupling constant",3,3
17710,"abelian gauge symmetries",3,3
17711,"flat space time dependent",4,3
17712,"exact renormalisation group flow",4,3
17713,"contracting universe",2,3
17714,"crosscap states",2,3
17715,"analytic continuations",2,3
17716,"rotating black",2,3
17717,"type ii string theories",4,3
17718,"orbifold fixed",2,3
17719,"georgi glashow model",3,3
17720,"d6 branes",2,3
17721,"d6-branes intersecting branes wrapping",4,3
17722,"de sitter black hole",4,3
17723,"open string theories",3,3
17724,"d5 branes",2,3
17725,"iia string theory",3,3
17726,"bps domain walls",3,3
17727,"supersymmetric quantum groups",3,3
17728,"massive thirring model",3,3
17729,"non linear dilaton",3,3
17730,"georgi glashow",2,3
17731,"modular transformation",2,3
17732,"holographic duals",2,3
17733,"single trace operators",3,3
17734,"gravitational field theories",3,3
17735,"brst invariant mass",3,3
17736,"supersymmetric yang mills equations",4,3
17737,"weyl anomaly",2,3
17738,"standard inflationary cosmology",3,3
17739,"coset conformal field theories",4,3
17740,"asymptotically ads cft correspondence",4,3
17741,"non supersymmetric pp wave background",5,3
17742,"free abelian gauge theories",4,3
17743,"susy yang mills",3,3
17744,"d5 branes wrapped",3,3
17745,"deformed conifold",2,3
17746,"eleven dimensional reduction",3,3
17747,"ramond fields",2,3
17748,"information paradox",2,3
17749,"mills equations",2,3
17750,"intersecting branes wrapping",3,3
17751,"hyper kahler",2,3
17752,"maximally supersymmetric extension",3,3
17753,"virasoro generators",2,3
17754,"big crunch",2,3
17755,"gauged supergravity duals",3,3
17756,"magnetically charged",2,3
17757,"near extremal black",3,3
17758,"3-form field theory",3,3
17759,"lower dimensional reduction",3,3
17760,"2d dilaton gravity",3,3
17761,"non commutative nc",3,3
17762,"order g22",2,3
17763,"pure spinor",2,3
17764,"chiral primary operators",3,3
17765,"double trace operators",3,3
17766,"adjoint chiral multiplets",3,3
17767,"maxwell chern simons",3,3
17768,"string amplitudes",2,3
17769,"adjoint higgs field theory",4,3
17770,"light cone time dependent backgrounds",5,3
17771,"tracial state",2,2
17772,"covariant symplectic",2,2
17773,"frobenius manifolds",2,2
17774,"superintegrable systems",2,2
17775,"canonically conjugate",2,2
17776,"letter phys",2,2
17777,"coadjoint orbit",2,2
17778,"stochastic schr",2,2
17779,"pseudo hermitian operators",3,2
17780,"single particle hilbert space",4,2
17781,"algebraic bethe",2,2
17782,"temporal gauge",2,2
17783,"unified picture",2,2
17784,"product expansions",2,2
17785,"spontaneous parametric",2,2
17786,"zeeman energy",2,2
17787,"modern quantum information",3,2
17788,"quantum rotor model",3,2
17789,"smoluchowski equation",2,2
17790,"bohmian mechanics",2,2
17791,"parametric down",2,2
17792,"clauser horne",2,2
17793,"bohm interferometer",2,2
17794,"partite quantum",2,2
17795,"non local unitary",3,2
17796,"relativistic quantum information processing",4,2
17797,"quantum zeno",2,2
17798,"highly entangled",2,2
17799,"physical entity",2,2
17800,"stabilizer codes",2,2
17801,"quantum information capacity",3,2
17802,"quantum secret",2,2
17803,"sign matrices",2,2
17804,"remote state",2,2
17805,"quantum information transfer",3,2
17806,"polarization entangled",2,2
17807,"xy universality",2,2
17808,"arbitrarily long",2,2
17809,"bloch waves",2,2
17810,"quantized hall",2,2
17811,"counter array",2,2
17812,"distillation protocol",2,2
17813,"communication locc",2,2
17814,"relativistic quantum communication",3,2
17815,"einstein podolsky rosen epr pair",5,2
17816,"quantum fourier transform",3,2
17817,"photonic band",2,2
17818,"fine grained",2,2
17819,"single photon pairs",3,2
17820,"level crossings",2,2
17821,"pt invariant",2,2
17822,"lorentz invariant under",3,2
17823,"pseudo hermitian pt symmetric",4,2
17824,"pure gaussian",2,2
17825,"symmetric perfect",2,2
17826,"cat states",2,2
17827,"combinatorial optimization",2,2
17828,"classical communication channel",3,2
17829,"quantum information technology",3,2
17830,"degenerate ground",2,2
17831,"quantum information concerning",3,2
17832,"ultra relativistic quantum",3,2
17833,"spin polarizations",2,2
17834,"bipartite mixed",2,2
17835,"hall regime",2,2
17836,"negative integers",2,2
17837,"numerical resolution",2,2
17838,"maximally entangled photons",3,2
17839,"fault tolerant quantum information",4,2
17840,"bipartite mixed state",3,2
17841,"experimentally feasible",2,2
17842,"quantum logic gate",3,2
17843,"bohm effect",2,2
17844,"non technical",2,2
17845,"unit time dependent",3,2
17846,"automata model",2,2
17847,"completely positive operator",3,2
17848,"quantum information paradox",3,2
17849,"bi partite entanglement",3,2
17850,"ohmic decay",2,2
17851,"abelian gauge transformation",3,2
17852,"exchange integrals",2,2
17853,"two oppositely",2,2
17854,"quantum brownian",2,2
17855,"homogeneous bose",2,2
17856,"boson mean field theory",4,2
17857,"spin-1 chains",2,2
17858,"strongly interacting bose einstein",4,2
17859,"copper oxide superconductors",3,2
17860,"stratonovich transformation",2,2
17861,"critical indices",2,2
17862,"critical temperature interval",3,2
17863,"knight shift",2,2
17864,"surface nesting",2,2
17865,"diagonalization calculations",2,2
17866,"nonlinear optical response",3,2
17867,"alternating sign",2,2
17868,"correlated metals",2,2
17869,"orbital ordered",2,2
17870,"force microscopy mrfm",3,2
17871,"thouless line",2,2
17872,"linearized boltzmann",2,2
17873,"strain relations",2,2
17874,"obey power",2,2
17875,"resonance esr",2,2
17876,"photonic crystal",2,2
17877,"thin film plane",3,2
17878,"random vector potential",3,2
17879,"monte carlo markov",3,2
17880,"superconducting gap equation",3,2
17881,"wave fronts",2,2
17882,"larmor frequency",2,2
17883,"magneto transport through",3,2
17884,"specific heat coefficient gamma",4,2
17885,"paramagnetic resonance",2,2
17886,"ca mno",2,2
17887,"voltage characteristic",2,2
17888,"exactly marginal",2,2
17889,"magneto optical spectra",3,2
17890,"shaped bose",2,2
17891,"glassy phase",2,2
17892,"external driving",2,2
17893,"vs temperature dependence",3,2
17894,"current density functional theory",4,2
17895,"ca cu",2,2
17896,"crystalline mgb2",2,2
17897,"fractal structure function",3,2
17898,"low energy density functional theory",5,2
17899,"shastry sutherland",2,2
17900,"phonon assisted",2,2
17901,"hubbard operators",2,2
17902,"shear thinning",2,2
17903,"social sciences",2,2
17904,"canonical value problem",3,2
17905,"participation ratios",2,2
17906,"face centered cubic",3,2
17907,"high tc cuprate",3,2
17908,"approaching zero temperature",3,2
17909,"local maxima",2,2
17910,"crystal structure factor",3,2
17911,"crossing time dependent",3,2
17912,"thermoelectric properties",2,2
17913,"defect density",2,2
17914,"metallic ground",2,2
17915,"conduction electron hole",3,2
17916,"scaling exponents nu",3,2
17917,"hubbard stratonovich",2,2
17918,"energy momentum bf",3,2
17919,"vortex rings",2,2
17920,"bond percolation threshold",3,2
17921,"d-1 dimensional",2,2
17922,"lattice distortions",2,2
17923,"giant vortex",2,2
17924,"quarter filled",2,2
17925,"nonlinear fokker",2,2
17926,"mn atoms",2,2
17927,"single electron pump",3,2
17928,"dimensional conductors",2,2
17929,"berezinskii kosterlitz",2,2
17930,"spin fluctuation exchange interaction",4,2
17931,"long time scale free",4,2
17932,"exponent sigma",2,2
17933,"cut offs",2,2
17934,"lowest landau theory",3,2
17935,"linearized augmented",2,2
17936,"tin orbital",2,2
17937,"linear muffin",2,2
17938,"peierls hubbard model",3,2
17939,"transverse ising",2,2
17940,"theory dft",2,2
17941,"rate t1",2,2
17942,"bose einstein condensate fraction",4,2
17943,"dimensional edwards",2,2
17944,"contact angle",2,2
17945,"range attraction",2,2
17946,"dependent magnetoresistance",2,2
17947,"fundamentally charged",2,2
17948,"einstein condensates",2,2
17949,"open bosonic",2,2
17950,"superfluid density matrix",3,2
17951,"short laser",2,2
17952,"abelian gauge symmetry breaking",4,2
17953,"flip flop",2,2
17954,"liquid crystal structures",3,2
17955,"thermal conductivities",2,2
17956,"landau fermi liquids",3,2
17957,"multiple coulomb",2,2
17958,"nanometer size",2,2
17959,"linearly unstable",2,2
17960,"centered cubic",2,2
17961,"oxygen isotope",2,2
17962,"fully chaotic",2,2
17963,"non local density operator",4,2
17964,"rotating bose",2,2
17965,"stiffness exponent",2,2
17966,"probability density functional",3,2
17967,"stripe phase transition",3,2
17968,"bedt ttf cu ncs",4,2
17969,"vibrated granular",2,2
17970,"kondo screening",2,2
17971,"energy gap formation",3,2
17972,"trial wave",2,2
17973,"doped mott hubbard model",4,2
17974,"superconductors hts",2,2
17975,"spin-1 bose",2,2
17976,"energy gap opens",3,2
17977,"high pressures",2,2
17978,"site percolation threshold",3,2
17979,"vertically vibrated",2,2
17980,"damped harmonic",2,2
17981,"2d electron hole",3,2
17982,"quasibound states",2,2
17983,"dielectric constants",2,2
17984,"stream instability",2,2
17985,"time evolution operator",3,2
17986,"scaling exponents characterizing",3,2
17987,"structural rearrangements",2,2
17988,"device squid",2,2
17989,"exciton band",2,2
17990,"hopping integral",2,2
17991,"energy momentum conservation laws",4,2
17992,"low density matrix",3,2
17993,"photon assisted",2,2
17994,"resistance vs",2,2
17995,"strong coupling strengths",3,2
17996,"particle hopping",2,2
17997,"bose glass",2,2
17998,"pairing symmetry breaking",3,2
17999,"spin ladders",2,2
18000,"purely thermal",2,2
18001,"time scale invariance",3,2
18002,"2-x ce",2,2
18003,"granular superconductors",2,2
18004,"itinerant electron",2,2
18005,"impact velocity distribution function",4,2
18006,"dilute polymer",2,2
18007,"time scale free",3,2
18008,"kinetic energy loss",3,2
18009,"cigar shaped bose einstein condensate",5,2
18010,"optical lattice melting",3,2
18011,"photoelectron spectroscopy",2,2
18012,"jones system",2,2
18013,"binary alloys",2,2
18014,"site percolation problem",3,2
18015,"quillen homology",2,2
18016,"lie bialgebra",2,2
18017,"valuation ring",2,2
18018,"moser sutherland",2,2
18019,"holomorphic vector",2,2
18020,"toric fano",2,2
18021,"poisson distribution function",3,2
18022,"highly entangled states",3,2
18023,"microscopy mrfm",2,2
18024,"polarized laser",2,2
18025,"quantum information measures",3,2
18026,"information processor",2,2
18027,"curvature representations",2,2
18028,"electromagnetically induced",2,2
18029,"cesium atoms",2,2
18030,"feedback loop",2,2
18031,"reversal invariance",2,2
18032,"hermitian hamiltonian",2,2
18033,"electromagnetic field configurations",3,2
18034,"time reversal breaking",3,2
18035,"conjugate variables",2,2
18036,"screened coulomb",2,2
18037,"theoretical explanations",2,2
18038,"dynamical semigroup",2,2
18039,"internal consistency",2,2
18040,"control problems",2,2
18041,"order logic",2,2
18042,"fast fourier",2,2
18043,"constraint logic programming",3,2
18044,"extended logic",2,2
18045,"sloan digital",2,2
18046,"drude peak",2,2
18047,"antiperiodic boundary conditions",3,2
18048,"wave impulse",2,2
18049,"minimal subtraction",2,2
18050,"doping levels",2,2
18051,"bond centered",2,2
18052,"nmr spectrum",2,2
18053,"parallel tempering monte carlo simulations",5,2
18054,"singlet ground",2,2
18055,"site percolation clusters",3,2
18056,"mixed valence regime",3,2
18057,"deposition pld",2,2
18058,"two dimensional incompressible",3,2
18059,"rashba spin orbit",3,2
18060,"magnetic field theoretic",3,2
18061,"layer separations",2,2
18062,"delocalization transition",2,2
18063,"directed percolation threshold",3,2
18064,"longitudinal correlation functions",3,2
18065,"cdse nanocrystals",2,2
18066,"low energy density operator",4,2
18067,"fully frustrated josephson junction",4,2
18068,"underdoped region",2,2
18069,"many body green function",4,2
18070,"gordon models",2,2
18071,"grand canonical partition function",4,2
18072,"quasiparticle weight",2,2
18073,"field hc1",2,2
18074,"polycrystalline mgb2",2,2
18075,"submillimeter wave",2,2
18076,"colloidal suspension",2,2
18077,"rough phase",2,2
18078,"vertical structure function",3,2
18079,"energy barriers",2,2
18080,"sr mno",2,2
18081,"jack polynomials",2,2
18082,"charge orbital",2,2
18083,"particle hole concentration",3,2
18084,"high frequency distributions",3,2
18085,"coulomb gas phase",3,2
18086,"wave sdw",2,2
18087,"renormalization group rg analysis",4,2
18088,"critical dimension dc",3,2
18089,"magnetic tension",2,2
18090,"low energy dissipation",3,2
18091,"single polymer chains",3,2
18092,"adjustable parameter",2,2
18093,"strong coupling strength",3,2
18094,"lying collective",2,2
18095,"relaxation time dependence",3,2
18096,"band structure formation",3,2
18097,"fe doped",2,2
18098,"secondary electron",2,2
18099,"ga mn concentration",3,2
18100,"glass transitions",2,2
18101,"quenched random phase transition",4,2
18102,"atomic orbitals",2,2
18103,"transverse acoustic",2,2
18104,"silicon inversion",2,2
18105,"density wave sdw",3,2
18106,"total filling factor",3,2
18107,"anisotropic kondo",2,2
18108,"structural distortions",2,2
18109,"negative tension",2,2
18110,"transfer matrix renormalization group",4,2
18111,"two dimensional electron phonon",4,2
18112,"inflection point",2,2
18113,"gaussian orthogonal ensemble",3,2
18114,"lo phonons",2,2
18115,"rotating superfluid",2,2
18116,"jellium model",2,2
18117,"cold gas phase transition",4,2
18118,"high resolution numerical simulation",4,2
18119,"mg1 3nb2",2,2
18120,"inter cluster",2,2
18121,"low density modulations",3,2
18122,"pseudo riemannian",2,2
18123,"multicritical point",2,2
18124,"sustained oscillations",2,2
18125,"pr ca mno3",3,2
18126,"singlet ground states",3,2
18127,"free energy distributions",3,2
18128,"external magnetic field lines",4,2
18129,"junction arrays",2,2
18130,"punctuated equilibrium",2,2
18131,"deposition rate",2,2
18132,"virial coefficients",2,2
18133,"dc resistivity",2,2
18134,"stretched exponential relaxation",3,2
18135,"coulomb drag",2,2
18136,"evanescent waves",2,2
18137,"energy deposition",2,2
18138,"computer code",2,2
18139,"upward curvature",2,2
18140,"shear moduli",2,2
18141,"binary fluid",2,2
18142,"free electron hole",3,2
18143,"charging energy gap",3,2
18144,"integral monte",2,2
18145,"non universal scaling behavior",4,2
18146,"superfluid insulator transition",3,2
18147,"slave boson mean",3,2
18148,"fermi gas phase transition",4,2
18149,"thermodynamically consistent",2,2
18150,"roughness exponent",2,2
18151,"filled band",2,2
18152,"long time scale structure",4,2
18153,"coercive field",2,2
18154,"anisotropic harmonic",2,2
18155,"long time scale factor",4,2
18156,"ultra compact objects",3,2
18157,"inhomogeneous interstellar",2,2
18158,"discrete ordinates",2,2
18159,"rich abell",2,2
18160,"uhe cosmic",2,2
18161,"critical point sources",3,2
18162,"spun up",2,2
18163,"thermal emission lines",3,2
18164,"array atca",2,2
18165,"sdb star",2,2
18166,"hole mass distribution",3,2
18167,"peak fluxes",2,2
18168,"transiting planet",2,2
18169,"short time resolved",3,2
18170,"matter wdm",2,2
18171,"frequency peaked",2,2
18172,"archival hubble",2,2
18173,"strong gravitational lensing effect",4,2
18174,"central star forming",3,2
18175,"convective envelope",2,2
18176,"ray satellites",2,2
18177,"low temperature profiles",3,2
18178,"supersoft sources",2,2
18179,"gaseous disks",2,2
18180,"cloud smc",2,2
18181,"surface brightnesses",2,2
18182,"population synthesis code",3,2
18183,"cluster atmosphere",2,2
18184,"nebula ngc",2,2
18185,"stellar surface density",3,2
18186,"radiation emitted during",3,2
18187,"orphan afterglows",2,2
18188,"single lined",2,2
18189,"kilohertz quasi periodic",3,2
18190,"visual extinction",2,2
18191,"psr b1937+21",2,2
18192,"error budget",2,2
18193,"distributions sed",2,2
18194,"intergalactic magnetic",2,2
18195,"loud active galactic nuclei",4,2
18196,"space telescope hst",3,2
18197,"absorption line seyfert galaxies",4,2
18198,"luminous infrared background",3,2
18199,"compact dwarf galaxy ngc",4,2
18200,"constant alpha fluxes",3,2
18201,"minority spin",2,2
18202,"disc formation",2,2
18203,"co depletion",2,2
18204,"spectroscopic binary hd",3,2
18205,"type dwarf nova",3,2
18206,"wdm model",2,2
18207,"angular correlation function",3,2
18208,"median redshift",2,2
18209,"central star forming regions",4,2
18210,"barred spiral galaxy formation",4,2
18211,"mass accretion disk wind",4,2
18212,"differential reddening",2,2
18213,"black hole mass spectrum",4,2
18214,"observatory iso",2,2
18215,"isolated neutron star",3,2
18216,"soft gamma ray burst",4,2
18217,"spherical accretion",2,2
18218,"via microlensing event",3,2
18219,"fitting formulae",2,2
18220,"onboard xmm",2,2
18221,"bulk lorentz",2,2
18222,"low metallicities",2,2
18223,"doublet triplet",2,2
18224,"unresolved binary",2,2
18225,"las campanas redshift surveys",4,2
18226,"partially ionized",2,2
18227,"kinetic energy cosmic",3,2
18228,"ionization rate",2,2
18229,"low density gradients",3,2
18230,"anglo australian",2,2
18231,"xmm newton epic cameras",4,2
18232,"metal rich gcs",3,2
18233,"planetary companions",2,2
18234,"inner disk galaxies",3,2
18235,"bal quasars",2,2
18236,"ir counterpart",2,2
18237,"black holes pbhs",3,2
18238,"gamma ray background",3,2
18239,"wave detector",2,2
18240,"ir excesses",2,2
18241,"emission originating",2,2
18242,"lyman alpha emission",3,2
18243,"spectral hardness",2,2
18244,"density enhancements",2,2
18245,"nuclear matter fields",3,2
18246,"group velocity dispersion",3,2
18247,"feii emission",2,2
18248,"field north",2,2
18249,"maximum likelihood technique",3,2
18250,"velocity shifts",2,2
18251,"navarro frenk",2,2
18252,"spectrum estimation",2,2
18253,"plasma frequency dependence",3,2
18254,"accretes onto",2,2
18255,"ionizing continuum",2,2
18256,"absorption line profile",3,2
18257,"coalescence rate",2,2
18258,"ray burst",2,2
18259,"pixel size",2,2
18260,"precision radial",2,2
18261,"sonic point",2,2
18262,"near infrared nir imaging",4,2
18263,"interacting galaxy",2,2
18264,"super eddington",2,2
18265,"infrared extragalactic",2,2
18266,"low mass ratio",3,2
18267,"uv absorption line",3,2
18268,"radial pulsation modes",3,2
18269,"age horizontal",2,2
18270,"unstable nuclei",2,2
18271,"circumstellar environment",2,2
18272,"wind nebula pn",3,2
18273,"width ew",2,2
18274,"intrinsic absorption line",3,2
18275,"central star clusters",3,2
18276,"ray emission line seyfert",4,2
18277,"arcsecond scales",2,2
18278,"angular resolutions",2,2
18279,"strongly concentrated",2,2
18280,"stellar contents",2,2
18281,"tp agb",2,2
18282,"later type ii",3,2
18283,"quiescent galaxies",2,2
18284,"neutron stars nss",3,2
18285,"ionized species",2,2
18286,"active galactic plane",3,2
18287,"spectral coverage",2,2
18288,"nearly flat",2,2
18289,"detailed abundance",2,2
18290,"archival hubble space telescope",4,2
18291,"observational errors",2,2
18292,"survey spy",2,2
18293,"white dwarf progenitor",3,2
18294,"omegam omega",2,2
18295,"acoustic peak",2,2
18296,"uves observations",2,2
18297,"instrumental noise",2,2
18298,"inflationary period",2,2
18299,"lambda cold dark",3,2
18300,"antennae galaxies",2,2
18301,"ray emission mechanisms",3,2
18302,"multiwavelength data",2,2
18303,"co added",2,2
18304,"innermost stable",2,2
18305,"high eccentricity",2,2
18306,"alpha line shape",3,2
18307,"abundance patterns",2,2
18308,"lambdacdm model",2,2
18309,"shear rates",2,2
18310,"alpha line widths",3,2
18311,"viewing angle",2,2
18312,"strongly absorbed",2,2
18313,"north west",2,2
18314,"narrow line seyfert nucleus",4,2
18315,"space telescope hst wfpc2",4,2
18316,"grb host",2,2
18317,"spectral slopes",2,2
18318,"bright compact objects",3,2
18319,"salpeter initial",2,2
18320,"mass function imf",3,2
18321,"ks chandra",2,2
18322,"absorbing column density",3,2
18323,"ray binary black holes",4,2
18324,"pseudo newtonian",2,2
18325,"relaxed clusters",2,2
18326,"frequency qpos",2,2
18327,"uv radiation field",3,2
18328,"standard cold",2,2
18329,"rays uhecrs",2,2
18330,"optics imaging",2,2
18331,"linear augmented",2,2
18332,"coordinate rings",2,2
18333,"pseudo hermitian",2,2
18334,"countably infinite",2,2
18335,"complex ginzburg",2,2
18336,"simple lie superalgebra",3,2
18337,"braided tensor category",3,2
18338,"complex semisimple lie groups",4,2
18339,"first order parameter family",4,2
18340,"quasi steady",2,2
18341,"atiyah singer",2,2
18342,"valued measure",2,2
18343,"2d euler equations",3,2
18344,"cohomology rings",2,2
18345,"exceptional groups",2,2
18346,"affine lie",2,2
18347,"power series expansions",3,2
18348,"semi simple proof",3,2
18349,"kam theory",2,2
18350,"coherent sheaf",2,2
18351,"arakelov geometry",2,2
18352,"rational cherednik",2,2
18353,"compact hausdorff",2,2
18354,"lagrangian submanifold",2,2
18355,"lefschetz fibrations",2,2
18356,"higher dimensional analogue",3,2
18357,"semi infinite dimensional",3,2
18358,"smooth projective plane",3,2
18359,"obtain explicit form",3,2
18360,"lie algebroid",2,2
18361,"borel subgroup",2,2
18362,"standard big",2,2
18363,"gauge theoretic",2,2
18364,"odd poisson",2,2
18365,"log terminal",2,2
18366,"schubert classes",2,2
18367,"half width",2,2
18368,"reduction techniques",2,2
18369,"smooth projective varieties over",4,2
18370,"lyapunov spectrum",2,2
18371,"weighted projective",2,2
18372,"hecke algebras",2,2
18373,"hochschild cohomology groups",3,2
18374,"equation ut",2,2
18375,"action functional theory",3,2
18376,"non compact riemann surfaces",4,2
18377,"quantum cohomology modules",3,2
18378,"nls equation",2,2
18379,"trace element",2,2
18380,"finitely generated modules",3,2
18381,"spectral weights",2,2
18382,"projective line bundle",3,2
18383,"crystal graphs",2,2
18384,"cyclic homology",2,2
18385,"witten curves",2,2
18386,"hilbert term",2,2
18387,"spanning trees",2,2
18388,"reflection groups",2,2
18389,"parallel computer simulation",3,2
18390,"noise ratios",2,2
18391,"supervised learning",2,2
18392,"clear trend",2,2
18393,"single site repulsion",3,2
18394,"low energy deposition",3,2
18395,"fermi liquid ll",3,2
18396,"length scale invariance",3,2
18397,"quenched random matrix",3,2
18398,"resonance nmr quantum",3,2
18399,"orthogonal ensemble goe",3,2
18400,"neel order",2,2
18401,"zero point correlation function",4,2
18402,"interaction networks",2,2
18403,"translational symmetry breaking",3,2
18404,"gap structures",2,2
18405,"cuo2 plane",2,2
18406,"stress strain induced",3,2
18407,"linear augmented plane wave",4,2
18408,"quantum monte carlo techniques",4,2
18409,"junction array",2,2
18410,"few hundreds",2,2
18411,"tc2 models",2,2
18412,"orbital hubbard",2,2
18413,"high concentrations",2,2
18414,"metamagnetic transition",2,2
18415,"co2 laser",2,2
18416,"renormalization group velocity",3,2
18417,"bethe salpeter approach",3,2
18418,"glassy phase transition",3,2
18419,"tight binding energy spectrum",4,2
18420,"vertex correction",2,2
18421,"condensation energy density",3,2
18422,"multi shell",2,2
18423,"grain sizes",2,2
18424,"spacing distributions",2,2
18425,"electron phonon frequency",3,2
18426,"dimensional gross",2,2
18427,"raman active",2,2
18428,"bedt ttf cu",3,2
18429,"antiferromagnetic spin-1 chains",3,2
18430,"dc magnetization",2,2
18431,"2-x sr",2,2
18432,"excess conductivity",2,2
18433,"mass segregation",2,2
18434,"single electron transistors",3,2
18435,"fermionic atoms confined",3,2
18436,"artificial boundary",2,2
18437,"dimensional gross pitaevskii equation",4,2
18438,"consistent hartree",2,2
18439,"charge density wave vector",4,2
18440,"mesoscopic rings",2,2
18441,"doped mott insulator",3,2
18442,"empirical data set",3,2
18443,"spin density wave",3,2
18444,"impurity scattering processes",3,2
18445,"ic sn",2,2
18446,"density wave superconductor",3,2
18447,"total spin flip",3,2
18448,"electron doped manganites",3,2
18449,"inversion layers",2,2
18450,"critical point correlation",3,2
18451,"single crystal structure",3,2
18452,"ca ti",2,2
18453,"low density waves",3,2
18454,"resonance nmr spectrum",3,2
18455,"bose einstein condensed",3,2
18456,"density wave functions",3,2
18457,"long time averaged",3,2
18458,"non negative specific",3,2
18459,"nematic elastomers",2,2
18460,"insulator transitions",2,2
18461,"first order parameter alpha",4,2
18462,"dynamically stable",2,2
18463,"critical temperature dependences",3,2
18464,"electron phonon mode",3,2
18465,"quantized hall systems",3,2
18466,"trapped ultra",2,2
18467,"density functional calculations indicate",4,2
18468,"phonon frequencies",2,2
18469,"quenched random lattices",3,2
18470,"agree qualitatively",2,2
18471,"real time scales",3,2
18472,"self energy density functional theory",5,2
18473,"co planar",2,2
18474,"velocity vector potential",3,2
18475,"equilibrium situation",2,2
18476,"high energy distribution function",4,2
18477,"phase slips",2,2
18478,"integer filling",2,2
18479,"ring exchange interaction",3,2
18480,"positively charged particles",3,2
18481,"free carriers",2,2
18482,"square root mean value",4,2
18483,"absorption edges",2,2
18484,"anisotropic triangular",2,2
18485,"wave cdw",2,2
18486,"current density wave",3,2
18487,"total energy density functional calculations",5,2
18488,"lateral distribution",2,2
18489,"global optimization",2,2
18490,"charge distribution function",3,2
18491,"time dependent gross pitaevskii",4,2
18492,"temperatures below tc",3,2
18493,"dense gas phase transition",4,2
18494,"elastic scattering rate",3,2
18495,"repulsive coulomb",2,2
18496,"space time reversal invariance",4,2
18497,"time dependent variational approach",4,2
18498,"semisimple lie groups",3,2
18499,"groups gl",2,2
18500,"semi simple lie groups",4,2
18501,"split reductive group",3,2
18502,"commutative noetherian",2,2
18503,"fiber bundle over",3,2
18504,"left hand",2,2
18505,"noncommutative projective spaces",3,2
18506,"ast algebras",2,2
18507,"noncommutative geometries",2,2
18508,"witten invariants",2,2
18509,"riemannian metric tensor",3,2
18510,"direct summand",2,2
18511,"hopf modules",2,2
18512,"connected lie",2,2
18513,"hyperelliptic curves",2,2
18514,"dimensional submanifold",2,2
18515,"extra space time",3,2
18516,"non abelian varieties over",4,2
18517,"sixth order",2,2
18518,"regular local cohomology",3,2
18519,"transfer operators acting",3,2
18520,"mild conditions",2,2
18521,"abelian projection",2,2
18522,"conditional expectation",2,2
18523,"asymptotic de",2,2
18524,"extended thomas",2,2
18525,"mixed hodge",2,2
18526,"quantization schemes",2,2
18527,"kac moody lie algebras",4,2
18528,"coherence lengths",2,2
18529,"deep hst stis",3,2
18530,"thermal sz effect",3,2
18531,"meridional flows",2,2
18532,"accretion ejection",2,2
18533,"bimodal color",2,2
18534,"galaxy m81",2,2
18535,"planck lfi",2,2
18536,"evolutionary calculations",2,2
18537,"accreting black",2,2
18538,"baryonic mass",2,2
18539,"hot intergalactic",2,2
18540,"total cross",2,2
18541,"infrared background cib",3,2
18542,"thin disk surrounding",3,2
18543,"accretion history",2,2
18544,"gravitationally induced",2,2
18545,"lambda simeq",2,2
18546,"ghz water",2,2
18547,"point source counts",3,2
18548,"nuclear rings",2,2
18549,"stellar surface photometry",3,2
18550,"dust obscuration",2,2
18551,"active star forming",3,2
18552,"many body simulations",3,2
18553,"mass losing",2,2
18554,"unresolved point source",3,2
18555,"stability analysis reproduces",3,2
18556,"cold dark matter halo",4,2
18557,"poorly constrained",2,2
18558,"positron pair",2,2
18559,"astrophysical jets",2,2
18560,"ion cyclotron",2,2
18561,"nearby seyfert galaxy ngc",4,2
18562,"high reynolds",2,2
18563,"arcsecond resolution",2,2
18564,"pms stars",2,2
18565,"collapse supernova",2,2
18566,"array vlba",2,2
18567,"spectroscopic confirmation",2,2
18568,"compressible turbulence",2,2
18569,"termination shock",2,2
18570,"ms chandra observations",3,2
18571,"frame dragging",2,2
18572,"weak lensing surveys",3,2
18573,"lyman limit",2,2
18574,"planck satellite",2,2
18575,"stars nss",2,2
18576,"compton ssc",2,2
18577,"kalpha emission",2,2
18578,"current cmb",2,2
18579,"large aperture",2,2
18580,"eclipsing binary systems",3,2
18581,"binary millisecond",2,2
18582,"narrow line width",3,2
18583,"vela pulsar magnetosphere",3,2
18584,"nearby seyfert",2,2
18585,"compact hii regions",3,2
18586,"dust destruction",2,2
18587,"emission coming",2,2
18588,"varying fine structure",3,2
18589,"intrinsic scatter",2,2
18590,"galactic magnetic field",3,2
18591,"criticality soc",2,2
18592,"dwarf companion",2,2
18593,"binned data",2,2
18594,"zeldovich effect",2,2
18595,"binary pulsars",2,2
18596,"low extinction",2,2
18597,"selected bl lac",3,2
18598,"azimuthally averaged",2,2
18599,"external compton",2,2
18600,"nuclear starburst galaxy ngc",4,2
18601,"interstellar cloud",2,2
18602,"james clerk",2,2
18603,"resolving power",2,2
18604,"spectral ranges",2,2
18605,"rotational diffusion",2,2
18606,"precession frequency",2,2
18607,"warm dust",2,2
18608,"space telescope wfpc2 images",4,2
18609,"cd galaxy",2,2
18610,"remain bound",2,2
18611,"2df galaxy formation",3,2
18612,"energy scales like",3,2
18613,"neutrino puzzle",2,2
18614,"cluster disruption",2,2
18615,"wind nebula pwn",3,2
18616,"hot dust",2,2
18617,"feii emission lines",3,2
18618,"hot gas rich clusters",4,2
18619,"hot white dwarfs",3,2
18620,"bolometric corrections",2,2
18621,"ks band images",3,2
18622,"shedding limit",2,2
18623,"near infrared colours",3,2
18624,"surface densities below",3,2
18625,"salpeter imf",2,2
18626,"surface gravities",2,2
18627,"tidal radii",2,2
18628,"gamma ray lightcurves",3,2
18629,"sterile neutrino",2,2
18630,"type supergiant",2,2
18631,"type iip",2,2
18632,"equipartition value",2,2
18633,"primary star formation",3,2
18634,"damped lyman",2,2
18635,"open cluster members",3,2
18636,"induced air shower",3,2
18637,"ionized material",2,2
18638,"internal structure constant",3,2
18639,"active galactic bulge",3,2
18640,"virial temperatures",2,2
18641,"pop iii",2,2
18642,"reynolds stress",2,2
18643,"background imager",2,2
18644,"spectral break",2,2
18645,"synchrotron self",2,2
18646,"type ii asymmetric",3,2
18647,"dark matter cdm models",4,2
18648,"strong gravitational lens system",4,2
18649,"taylor couette",2,2
18650,"quiet neutron",2,2
18651,"wave telescope",2,2
18652,"theoretical ideas",2,2
18653,"unidentified egret source",3,2
18654,"soft gamma ray flux",4,2
18655,"normalization sigma8 omegam",3,2
18656,"dwarf starburst",2,2
18657,"owens valley",2,2
18658,"time averaged spectra",3,2
18659,"two body simulation",3,2
18660,"highly collimated",2,2
18661,"quasi periodic variation",3,2
18662,"masers around",2,2
18663,"m31 globular cluster",3,2
18664,"star formation efficiency",3,2
18665,"gamma ray telescopes",3,2
18666,"electromagnetic showers",2,2
18667,"pomeranchuk migdal",2,2
18668,"young open clusters",3,2
18669,"shell like ions",3,2
18670,"supernova sn 1993j",3,2
18671,"grb host galaxy",3,2
18672,"inner boundary",2,2
18673,"radio arc",2,2
18674,"virgo cluster formation",3,2
18675,"high frequency peaked",3,2
18676,"electron neutrino degeneracy",3,2
18677,"strong gravitational lenses",3,2
18678,"starburst driven",2,2
18679,"non gaussianity",2,2
18680,"galactic globular clusters gcs",4,2
18681,"dark side",2,2
18682,"bh masses",2,2
18683,"grating spectrometers",2,2
18684,"adaptive mesh",2,2
18685,"ionization corrections",2,2
18686,"formation histories",2,2
18687,"iii lambda",2,2
18688,"vi absorption line",3,2
18689,"blue variable",2,2
18690,"ultraviolet spectroscopic explorer",3,2
18691,"outer boundary conditions",3,2
18692,"accreted matter",2,2
18693,"source catalogues",2,2
18694,"baryonic matter cdm",3,2
18695,"young planetary",2,2
18696,"supernova sn 2002ap",3,2
18697,"ionised gas",2,2
18698,"luyten two",2,2
18699,"pop ii",2,2
18700,"cno cycle",2,2
18701,"hodge structure",2,2
18702,"friedmann lemaitre",2,2
18703,"local interstellar absorption line",4,2
18704,"wavelength spectrometer",2,2
18705,"radio astronomy",2,2
18706,"too faint",2,2
18707,"isotopic ratios",2,2
18708,"interstellar absorption lines",3,2
18709,"confidence interval",2,2
18710,"dust depletion",2,2
18711,"symbiotic binary system",3,2
18712,"ring galaxies",2,2
18713,"moderate redshifts",2,2
18714,"ionization species",2,2
18715,"ray missions",2,2
18716,"non compact radio source",4,2
18717,"white dwarfs wds",3,2
18718,"too small scale",3,2
18719,"lensing probability",2,2
18720,"defect conformal",2,2
18721,"eddington accretion",2,2
18722,"kev band structure",3,2
18723,"boundary layers",2,2
18724,"column depth",2,2
18725,"gigahertz peaked spectrum",3,2
18726,"massive black",2,2
18727,"vi absorption",2,2
18728,"magnitude diagram cmd",3,2
18729,"collisionally excited",2,2
18730,"underlying host galaxy",3,2
18731,"solar circle",2,2
18732,"type supergiants",2,2
18733,"non compact array atca",4,2
18734,"total angular resolution",3,2
18735,"electron beam driven",3,2
18736,"scale outflow",2,2
18737,"phonon mode",2,2
18738,"elevated temperature",2,2
18739,"data visualization",2,2
18740,"beam facilities",2,2
18741,"local group flows",3,2
18742,"quantum critical lines",3,2
18743,"first principles calculations suggest",4,2
18744,"current density matrix",3,2
18745,"pair box",2,2
18746,"non equilibrium configurations",3,2
18747,"superfluid density wave",3,2
18748,"dc conductance",2,2
18749,"substantial population",2,2
18750,"tonks gas",2,2
18751,"sinai entropy",2,2
18752,"spin triplet superconductors",3,2
18753,"parametric oscillator",2,2
18754,"bulk viscous",2,2
18755,"nyquist noise",2,2
18756,"kinetic energy distribution",3,2
18757,"alpha relaxation",2,2
18758,"exclusion processes",2,2
18759,"skin depth",2,2
18760,"ac electric field",3,2
18761,"space time evolutions",3,2
18762,"kondo correlations",2,2
18763,"shear rate",2,2
18764,"alternating heisenberg chain",3,2
18765,"folding rates",2,2
18766,"antiparallel spin",2,2
18767,"gas phase shifts",3,2
18768,"photoabsorption cross section",3,2
18769,"3d xy model",3,2
18770,"el temperature",2,2
18771,"charge transport equation",3,2
18772,"central black",2,2
18773,"md simulations",2,2
18774,"integro differential",2,2
18775,"translational diffusion",2,2
18776,"small world average",3,2
18777,"inverse scattering matrix",3,2
18778,"neumann entropy",2,2
18779,"highly non equilibrium",3,2
18780,"molecular gas phase transition",4,2
18781,"two body recombination",3,2
18782,"electron gas phase",3,2
18783,"wilson relation",2,2
18784,"quasi periodic modulation",3,2
18785,"exponent omega",2,2
18786,"scattering length scale",3,2
18787,"transmission electron diffraction",3,2
18788,"linearized einstein",2,2
18789,"arm cavities",2,2
18790,"charged dust",2,2
18791,"angular momentum tensors",3,2
18792,"laser ranged",2,2
18793,"fluid bodies",2,2
18794,"oscillations qpos",2,2
18795,"robertson walker metric",3,2
18796,"second riemann",2,2
18797,"jordan frame",2,2
18798,"space time scale invariant",4,2
18799,"total energy radiated",3,2
18800,"flat friedmann",2,2
18801,"5d spacetime",2,2
18802,"covariant phase space",3,2
18803,"time translations",2,2
18804,"scalar hair",2,2
18805,"gravitational force acting",3,2
18806,"simple analytical solution",3,2
18807,"conformally flat spacetime",3,2
18808,"negligibly small",2,2
18809,"negative curvature singularity",3,2
18810,"third post",2,2
18811,"primordial power",2,2
18812,"causal sets",2,2
18813,"mass shedding",2,2
18814,"european space",2,2
18815,"leaving behind",2,2
18816,"detecting gravitational",2,2
18817,"astrophysical situations",2,2
18818,"space time variation",3,2
18819,"three dimensional minkowski space",4,2
18820,"fresh inflation",2,2
18821,"formal power",2,2
18822,"deceleration parameter",2,2
18823,"xmm newton telescope",3,2
18824,"low density omegam",3,2
18825,"matter cdm model",3,2
18826,"lacertae objects",2,2
18827,"peaked bl lac",3,2
18828,"mdot msun",2,2
18829,"cyclotron lines",2,2
18830,"unresolved point",2,2
18831,"galaxy formation rate",3,2
18832,"activity cycle",2,2
18833,"magellanic stream",2,2
18834,"parkes radio pulsar",3,2
18835,"mid infrared bands",3,2
18836,"via accretion disks",3,2
18837,"highly non relativistic",3,2
18838,"ray detections",2,2
18839,"magnetized plasmas",2,2
18840,"double lined spectroscopic binary",4,2
18841,"solid body",2,2
18842,"ray background radiation",3,2
18843,"dynamo action",2,2
18844,"decreasing metallicity",2,2
18845,"hot interstellar clouds",3,2
18846,"later stages",2,2
18847,"equilibrium steady",2,2
18848,"normal elliptical",2,2
18849,"stellar wind nebula",3,2
18850,"large magellanic clouds",3,2
18851,"epic cameras",2,2
18852,"space observatory",2,2
18853,"angular velocity field",3,2
18854,"accreting compact",2,2
18855,"merger rate",2,2
18856,"second virial",2,2
18857,"composite stellar population",3,2
18858,"nebular emission lines",3,2
18859,"ionization front",2,2
18860,"decreasing mass ratio",3,2
18861,"fe kalpha",2,2
18862,"red clump",2,2
18863,"telescope wfpc2 images",3,2
18864,"baryon content",2,2
18865,"valley radio",2,2
18866,"redshift zf",2,2
18867,"digital sky",2,2
18868,"energy momentum conservation law",4,2
18869,"nuclear absorption line",3,2
18870,"hickson compact dwarf",3,2
18871,"genetic algorithms",2,2
18872,"absorbed power law",3,2
18873,"short bursts",2,2
18874,"wimp nucleon",2,2
18875,"gamma ray binary",3,2
18876,"ray emission comes",3,2
18877,"mag below",2,2
18878,"am herculis",2,2
18879,"energy theorems",2,2
18880,"photo ionization",2,2
18881,"cent confidence",2,2
18882,"earth objects",2,2
18883,"progenitor stars",2,2
18884,"jeans mass",2,2
18885,"oscillations qpo",2,2
18886,"fixed point correlation function",4,2
18887,"active nucleus agn",3,2
18888,"near ir luminosities",3,2
18889,"shock ionization",2,2
18890,"polarization maps",2,2
18891,"molecular gas rich regions",4,2
18892,"tidal dwarf galaxies",3,2
18893,"intensity ratios",2,2
18894,"outer gap",2,2
18895,"angular momentum distribution function",4,2
18896,"standard model atmosphere",3,2
18897,"energy transmission",2,2
18898,"outer atmosphere",2,2
18899,"metal rich globular cluster",4,2
18900,"accreting white dwarf wd",4,2
18901,"bare strange",2,2
18902,"temperature tp",2,2
18903,"colour magnitude diagrams",3,2
18904,"high redshift dependence",3,2
18905,"disk blackbody",2,2
18906,"soft gamma ray spectra",4,2
18907,"highest energy spectrum",3,2
18908,"clouds mcs",2,2
18909,"self lensing",2,2
18910,"extrasolar planet hd 209458b",4,2
18911,"hot ism",2,2
18912,"thermally pulsing",2,2
18913,"superfluid neutron",2,2
18914,"diffusion tensor",2,2
18915,"few body",2,2
18916,"si fe ii",3,2
18917,"obscured agns",2,2
18918,"magnetohydrodynamic mhd simulations",3,2
18919,"conformal factor",2,2
18920,"break galaxies lbgs",3,2
18921,"si ii",2,2
18922,"soft gamma ray repeaters sgrs",5,2
18923,"gaussian orthogonal",2,2
18924,"rotating magnetized accretion disk",4,2
18925,"loss episodes",2,2
18926,"cmb radiation",2,2
18927,"nearly circular",2,2
18928,"cosmic coincidence problem",3,2
18929,"spatial curvature",2,2
18930,"frw metric",2,2
18931,"relaxation time evolution equations",4,2
18932,"hubble types",2,2
18933,"non zero pressure",3,2
18934,"fireball evolution",2,2
18935,"transfer modeling",2,2
18936,"non equilibrium configuration",3,2
18937,"field camera",2,2
18938,"main sequence lifetime",3,2
18939,"highly eccentric",2,2
18940,"sne ib",2,2
18941,"quasar activity",2,2
18942,"bulk viscous fluid",3,2
18943,"free paths",2,2
18944,"diffuse extragalactic gamma rays",4,2
18945,"neutral scalar field theory",4,2
18946,"black hole entropy bounds",4,2
18947,"radial null",2,2
18948,"optical kerr",2,2
18949,"leptonic decay constant",3,2
18950,"solar axions",2,2
18951,"cold dark side",3,2
18952,"electron positron colliders",3,2
18953,"partially reconstructed",2,2
18954,"relative branching ratio",3,2
18955,"photon virtuality q2 dependence",4,2
18956,"light neutrino oscillation",3,2
18957,"strange quark antiquark",3,2
18958,"transverse momentum fraction",3,2
18959,"total mass spectrum",3,2
18960,"central pb",2,2
18961,"higgs boson decaying",3,2
18962,"ep collider",2,2
18963,"storage ring cesr",3,2
18964,"bbbar pairs",2,2
18965,"quark mass function",3,2
18966,"inelastic ep",2,2
18967,"ep scattering",2,2
18968,"momentum squared",2,2
18969,"semi leptonic",2,2
18970,"nuclear spin flip",3,2
18971,"xs ell",2,2
18972,"gut magnetic flux",3,2
18973,"monte carlo event",3,2
18974,"chi c1",2,2
18975,"semileptonic branching",2,2
18976,"improved upper limits",3,2
18977,"rich environment",2,2
18978,"z0 boson",2,2
18979,"ionizing photons",2,2
18980,"hadronic z0",2,2
18981,"weak mixing matrix elements",4,2
18982,"cherenkov detector",2,2
18983,"supergravity msugra",2,2
18984,"sterile neutrino mass",3,2
18985,"flavor mixing matrix element",4,2
18986,"rp violating",2,2
18987,"recombination continua",2,2
18988,"strongly clustered",2,2
18989,"intergalactic medium whim",3,2
18990,"australia telescope compact",3,2
18991,"quasi periodic oscillation frequency",4,2
18992,"light echo",2,2
18993,"alpha emitting",2,2
18994,"energy budget",2,2
18995,"full sky survey",3,2
18996,"supernova remnant associations",3,2
18997,"mass accretion onto",3,2
18998,"molecular abundances",2,2
18999,"poor population",2,2
19000,"strong gravitational waves",3,2
19001,"systemic velocity",2,2
19002,"locked up",2,2
19003,"ir colour",2,2
19004,"supersymmetric particle lsp",3,2
19005,"sagittarius dwarf galaxies",3,2
19006,"rest mass distribution function",4,2
19007,"quiet quasar",2,2
19008,"ksec chandra",2,2
19009,"space antenna",2,2
19010,"planck scale structure",3,2
19011,"ideal gas phase",3,2
19012,"vlasov poisson",2,2
19013,"proper time interval",3,2
19014,"nucleon bremsstrahlung",2,2
19015,"space time scale factor",4,2
19016,"jet physics",2,2
19017,"inverted mass spectrum",3,2
19018,"trace formulae",2,2
19019,"under control parameter",3,2
19020,"cubic nonlinearity",2,2
19021,"incompressible euler equations",3,2
19022,"boussinesq equation",2,2
19023,"saddle node",2,2
19024,"incompressible euler",2,2
19025,"symplectic ensemble",2,2
19026,"explicit analytic solution",3,2
19027,"heavy quark pair",3,2
19028,"local density operator",3,2
19029,"isospin chemical",2,2
19030,"su gluodynamics",2,2
19031,"partially quenched chiral",3,2
19032,"strength correlators",2,2
19033,"wave function regularization",3,2
19034,"cpt invariant",2,2
19035,"binding energy spectrum",3,2
19036,"thermal loop approximation",3,2
19037,"pure gauge coupling",3,2
19038,"antiquark pair",2,2
19039,"wilson fermion",2,2
19040,"imaginary chemical",2,2
19041,"quark mass matrix elements",4,2
19042,"chemical potential mui",3,2
19043,"three flavors",2,2
19044,"static quark mass",3,2
19045,"finite dimensional qed",3,2
19046,"transverse area",2,2
19047,"mid rapidity distributions",3,2
19048,"ultra peripheral",2,2
19049,"electron neutrino reactions",3,2
19050,"neutrino oscillation hypothesis",3,2
19051,"mid rapidity region",3,2
19052,"peripheral heavy ion",3,2
19053,"statistical multifragmentation",2,2
19054,"baryon magnetic",2,2
19055,"geometric cross section",3,2
19056,"spin polarizabilities",2,2
19057,"roughly half",2,2
19058,"hyperon polarization",2,2
19059,"energies around mev",3,2
19060,"pure su lattice",3,2
19061,"valence quark mass",3,2
19062,"sea quark mass",3,2
19063,"color electric field",3,2
19064,"double beta decay rates",4,2
19065,"giant dipole",2,2
19066,"sigma meson production",3,2
19067,"strange quark diquark",3,2
19068,"saturation density rho",3,2
19069,"sterile neutrino component",3,2
19070,"breaking scheme",2,2
19071,"momentum transfer q2 dependence",4,2
19072,"low mass squared",3,2
19073,"active neutrino mixing",3,2
19074,"low q2 dependence",3,2
19075,"free energy gaps",3,2
19076,"inclusive ep",2,2
19077,"lma msw",2,2
19078,"improved ladder",2,2
19079,"plasma qgp",2,2
19080,"neutral higgs doublet",3,2
19081,"charmed hadron",2,2
19082,"four dimensional regularization",3,2
19083,"solar neutrino sector",3,2
19084,"flavor dependent",2,2
19085,"angle lma",2,2
19086,"chiral logarithms",2,2
19087,"semileptonic rare",2,2
19088,"diffractive vector",2,2
19089,"real time evolution equations",4,2
19090,"dirac yukawa",2,2
19091,"pseudoscalar higgs boson",3,2
19092,"pqcd approach",2,2
19093,"chargino pair",2,2
19094,"qcd factorization formalism",3,2
19095,"pati salam gauge coupling",4,2
19096,"least two loop",3,2
19097,"higgsino mass",2,2
19098,"lepton flavor violation lfv",4,2
19099,"meson exchanges",2,2
19100,"squark mass ratio",3,2
19101,"neutralino relic",2,2
19102,"bottom squarks",2,2
19103,"supersymmetric particle physics",3,2
19104,"flavor mixing matrix",3,2
19105,"maximal mixing matrix",3,2
19106,"unbinned maximum likelihood",3,2
19107,"heterotic superstring",2,2
19108,"neutrino mass matrix models",4,2
19109,"exclusive electroproduction",2,2
19110,"reheat temperature",2,2
19111,"c.m energies",2,2
19112,"alpha beta plane",3,2
19113,"lightest supersymmetric particles",3,2
19114,"topcolor assisted technicolor",3,2
19115,"effective mass squared",3,2
19116,"axial vector potential",3,2
19117,"electron neutrino fluxes",3,2
19118,"two higgs sector",3,2
19119,"unification scale structure",3,2
19120,"heavy ion collider energies",4,2
19121,"strong cp asymmetry",3,2
19122,"majorana particles",2,2
19123,"radio relic",2,2
19124,"kilometer scale",2,2
19125,"diffractive higgs boson",3,2
19126,"higher twist two",3,2
19127,"momentum transfer q2",3,2
19128,"baryogenesis via",2,2
19129,"kaluza klein kk excitations",4,2
19130,"nearly bimaximal",2,2
19131,"relativistic quantum mechanical systems",4,2
19132,"squark mass matrices",3,2
19133,"nu tau lepton flavor",4,2
19134,"non zero temperature dependence",4,2
19135,"three flavor symmetry breaking",4,2
19136,"violating phases",2,2
19137,"scattering dis",2,2
19138,"br tau lepton",3,2
19139,"long baseline neutrino oscillations",4,2
19140,"cp violating processes",3,2
19141,"large mixing angle theta",4,2
19142,"standard model mssm parameter space",5,2
19143,"doublet model sm",3,2
19144,"polarized protons",2,2
19145,"gravitino problem",2,2
19146,"massive majorana",2,2
19147,"multi higgs",2,2
19148,"amanda ii",2,2
19149,"pure sterile",2,2
19150,"large mixing matrix elements",4,2
19151,"compton scattering amplitude",3,2
19152,"struck quark",2,2
19153,"lepton flavor dependent",3,2
19154,"technicolor models",2,2
19155,"charged scalar field",3,2
19156,"free streaming",2,2
19157,"z3 orbifold fixed points",4,2
19158,"large tan",2,2
19159,"color charges",2,2
19160,"light front formalism",3,2
19161,"chiral constituent",2,2
19162,"quark gluon distribution functions",4,2
19163,"charged particle multiplicity distributions",4,2
19164,"effective mass matrix elements",4,2
19165,"diffraction dissociation",2,2
19166,"mssm parameter",2,2
19167,"rho ell decays",3,2
19168,"improved gauge theories",3,2
19169,"diffractive vector meson production",4,2
19170,"vector manifestation",2,2
19171,"brane production rate",3,2
19172,"pseudo goldstone bosons",3,2
19173,"quark mass gap equation",4,2
19174,"riemann sheet",2,2
19175,"psi dissociation",2,2
19176,"favored lma",2,2
19177,"minimal supersymmetric version",3,2
19178,"salpeter formalism",2,2
19179,"hadron phase space time",4,2
19180,"neutralino relic density",3,2
19181,"relative branching",2,2
19182,"minimal supersymmetric seesaw model",4,2
19183,"improved wilson coefficients",3,2
19184,"sno nc",2,2
19185,"non strange quark",3,2
19186,"hierarchical neutrino mass",3,2
19187,"vacuum energy theorems",3,2
19188,"quark gluon exchange interactions",4,2
19189,"net charge",2,2
19190,"cosmological gravitino",2,2
19191,"relic neutralinos",2,2
19192,"tau lepton flavour structure",4,2
19193,"two flavour oscillations",3,2
19194,"yukawa matrices",2,2
19195,"light higgs boson production",4,2
19196,"hierarchical neutrino oscillations",3,2
19197,"gauge coupling strength",3,2
19198,"minimal flavour violation",3,2
19199,"non leptonic cp violation",4,2
19200,"tachyon field",2,2
19201,"boson discovery potential",3,2
19202,"sin theta pi",3,2
19203,"parameter lambda qcd",3,2
19204,"higgs strahlung",2,2
19205,"massless scalar field theory",4,2
19206,"flavor violating processes",3,2
19207,"flavour symmetry",2,2
19208,"boson production rates",3,2
19209,"hooft coupling constant",3,2
19210,"two loop corrected",3,2
19211,"isospin symmetry breaking",3,2
19212,"three flavor mixing",3,2
19213,"octet baryons",2,2
19214,"wall fermion",2,2
19215,"integrated intensity",2,2
19216,"rho nn",2,2
19217,"light neutrino masses",3,2
19218,"tau lepton flavor violation",4,2
19219,"external magnetic moment",3,2
19220,"rho omega photoproduction",3,2
19221,"unbroken gauge theory",3,2
19222,"neutrino oscillation phenomena",3,2
19223,"non supersymmetric particles",3,2
19224,"flavor violating phases",3,2
19225,"curvaton mechanism",2,2
19226,"high precision electroweak",3,2
19227,"klein modes",2,2
19228,"lightest kaluza",2,2
19229,"absolute neutrino mass",3,2
19230,"neutrino mass m1",3,2
19231,"internal structure functions",3,2
19232,"intersecting brane world",3,2
19233,"purely phenomenological",2,2
19234,"mssm higgs bosons",3,2
19235,"lightest kk",2,2
19236,"compton scattering amplitudes",3,2
19237,"virtual photon virtuality",3,2
19238,"transverse mass spectrum",3,2
19239,"urca process",2,2
19240,"particle lsp",2,2
19241,"current fcnc",2,2
19242,"deep inelastic hard",3,2
19243,"lightest higgs boson",3,2
19244,"charmed meson decays",3,2
19245,"hermitian matrix elements",3,2
19246,"unitarized chiral",2,2
19247,"non supersymmetric extensions",3,2
19248,"non perturbative gravitational",3,2
19249,"front formalism",2,2
19250,"sm particles",2,2
19251,"mirror matter",2,2
19252,"transverse spin asymmetry",3,2
19253,"goldstone theorem",2,2
19254,"light cone time dependent",4,2
19255,"t2 z2",2,2
19256,"spin polarized pp collisions",4,2
19257,"decaying vacuum",2,2
19258,"four dimensional hilbert",3,2
19259,"quartic self",2,2
19260,"rapid convergence",2,2
19261,"fermion pair production",3,2
19262,"spin isospin dependence",3,2
19263,"boson exchange currents",3,2
19264,"relativistic hartree bogoliubov",3,2
19265,"bethe salpeter equations",3,2
19266,"pion exchange interaction",3,2
19267,"density rho omega meson",4,2
19268,"binding energy barriers",3,2
19269,"pf shell",2,2
19270,"quark interchange",2,2
19271,"isospin asymmetric",2,2
19272,"binding energy distribution",3,2
19273,"exotic nuclei",2,2
19274,"roper resonance",2,2
19275,"scale transformations",2,2
19276,"neutron scattering amplitude",3,2
19277,"sigma omega lambda",3,2
19278,"dirac brueckner",2,2
19279,"baryon scattering amplitudes",3,2
19280,"quark cluster",2,2
19281,"quantum hadrodynamics",2,2
19282,"phase transition amplitudes",3,2
19283,"graviton exchange",2,2
19284,"nuclear reactors",2,2
19285,"dirac fock",2,2
19286,"stochastic vacuum",2,2
19287,"space time sampling",3,2
19288,"entire temperature",2,2
19289,"global gps",2,2
19290,"isaac newton",2,2
19291,"total reflection",2,2
19292,"cold collision",2,2
19293,"resonance line shape",3,2
19294,"spurious solutions",2,2
19295,"intense laser",2,2
19296,"dynamical instabilities",2,2
19297,"diagonalization technique",2,2
19298,"trap mot",2,2
19299,"abelian gauge fixing",3,2
19300,"dimensional georgi",2,2
19301,"visible brane world",3,2
19302,"commutative nc",2,2
19303,"closed string coupling constant",4,2
19304,"perturbative gravitational",2,2
19305,"qcd hamiltonian formulation",3,2
19306,"type iib matrix",3,2
19307,"special holonomy group",3,2
19308,"brst quantization",2,2
19309,"coupled heterotic",2,2
19310,"multiple integral representation",3,2
19311,"minimal conformal field theory",4,2
19312,"hagedorn temperature",2,2
19313,"iib string theory",3,2
19314,"complex scalar fields",3,2
19315,"commutative spacetime",2,2
19316,"toda type",2,2
19317,"super liouville",2,2
19318,"space time resolved",3,2
19319,"superconformal field",2,2
19320,"primary operators",2,2
19321,"holographic rg",2,2
19322,"hawking page",2,2
19323,"orbifold s1",2,2
19324,"tensor multiplet",2,2
19325,"multi trace",2,2
19326,"non abelian higgs",3,2
19327,"plane wave backgrounds",3,2
19328,"11-dimensional supergravity",2,2
19329,"finite dimensional regularization",3,2
19330,"hpp wave background",3,2
19331,"multiresolution analysis",2,2
19332,"dp brane",2,2
19333,"sinh gordon",2,2
19334,"kalb ramond field theory",4,2
19335,"defect conformal field theory",4,2
19336,"eleven dimensional spacetime",3,2
19337,"non supersymmetric yang mills theory",5,2
19338,"renormalisation group flows",3,2
19339,"tightly packed",2,2
19340,"pp wave function",3,2
19341,"warp factor",2,2
19342,"space time span",3,2
19343,"visible brane",2,2
19344,"containing exactly solvable",3,2
19345,"universe undergoes",2,2
19346,"chiral superfield",2,2
19347,"deformed poincare",2,2
19348,"finite dimensional minkowski space",4,2
19349,"iib matrix",2,2
19350,"susy yang mills theories",4,2
19351,"type iib orientifold models",4,2
19352,"higgs sectors",2,2
19353,"dynamical yang",2,2
19354,"ordered perturbation",2,2
19355,"casimir operators",2,2
19356,"non linear sigma models",4,2
19357,"reissner nordstrom black hole",4,2
19358,"type iib superstring theory",4,2
19359,"dimensional minkowski",2,2
19360,"scalar curvature singularity",3,2
19361,"conformal group flows",3,2
19362,"superstring field",2,2
19363,"infinite extra dimension",3,2
19364,"single brane tension",3,2
19365,"ns5 branes",2,2
19366,"cft duality",2,2
19367,"btz black holes",3,2
19368,"chern simons couplings",3,2
19369,"time dependent orbifolds",3,2
19370,"ir fixed",2,2
19371,"super higgs",2,2
19372,"singularity free scalar",3,2
19373,"gauge coupling constants",3,2
19374,"rolling tachyon field theory",4,2
19375,"dimensional spacetime dimensions",3,2
19376,"type ii superstring theory",4,2
19377,"vacuum superstring",2,2
19378,"compactification scale structure",3,2
19379,"open superstring theory",3,2
19380,"de wit",2,2
19381,"nc gauge coupling",3,2
19382,"bmn correspondence",2,2
19383,"adjoint chiral superfields",3,2
19384,"quantum hall fluid",3,2
19385,"bosonic string amplitudes",3,2
19386,"curved backgrounds",2,2
19387,"particle irreducible representations",3,2
19388,"calabi yau three manifolds",4,2
19389,"light cone gauge coupling",4,2
19390,"quiver gauge theories",3,2
19391,"thermodynamic bethe",2,2
19392,"type iib string coupling",4,2
19393,"supersymmetric pp",2,2
19394,"ads cft description",3,2
19395,"ii superstrings",2,2
19396,"phase portraits",2,1
19397,"calogero sutherland",2,1
19398,"electrodynamics qed",2,1
19399,"wise function",2,1
19400,"algebraic curvature",2,1
19401,"ermakov systems",2,1
19402,"grained description",2,1
19403,"quasi hopf",2,1
19404,"nambu mechanics",2,1
19405,"feynman kac",2,1
19406,"holonomic quantum",2,1
19407,"resonance nmr quantum information",4,1
19408,"finesse optical",2,1
19409,"magnetic resonance force microscopy",4,1
19410,"atom interferometers",2,1
19411,"traveling salesman",2,1
19412,"exactly solvable qes",3,1
19413,"quantum factoring",2,1
19414,"non differentiable",2,1
19415,"decomposable states",2,1
19416,"quantum query",2,1
19417,"particle hilbert",2,1
19418,"podolsky rosen",2,1
19419,"backward asymmetry",2,1
19420,"superselection rule",2,1
19421,"einstein correlations",2,1
19422,"partially entangled",2,1
19423,"parametric downconversion",2,1
19424,"melting point",2,1
19425,"exceptional lie",2,1
19426,"isothermal magnetization",2,1
19427,"single walled",2,1
19428,"doped mott",2,1
19429,"right moving",2,1
19430,"density matrix renormalization",3,1
19431,"field hc",2,1
19432,"insulator transition occurs",3,1
19433,"improved upper",2,1
19434,"multicanonical monte",2,1
19435,"dot qd",2,1
19436,"analysis dea",2,1
19437,"quantum hall resistivity rho",4,1
19438,"available electronically",2,1
19439,"total filling",2,1
19440,"pauli exclusion",2,1
19441,"korteweg de",2,1
19442,"avoiding walk",2,1
19443,"einstein condensed",2,1
19444,"nematic liquid",2,1
19445,"kolmogorov sinai",2,1
19446,"carlo simulations",2,1
19447,"moriya interaction",2,1
19448,"dynamical heterogeneities",2,1
19449,"square displacement",2,1
19450,"gaussian signals",2,1
19451,"nuclear spin relaxation rate",4,1
19452,"pumped charge",2,1
19453,"ideal glass",2,1
19454,"time dependences",2,1
19455,"singlet superconductivity",2,1
19456,"abrikosov vortex",2,1
19457,"tilted magnetic",2,1
19458,"tunnelling microscopy",2,1
19459,"random boolean",2,1
19460,"unconventional superconductors",2,1
19461,"analytical derivation",2,1
19462,"dependent backgrounds",2,1
19463,"zero temperature dependences",3,1
19464,"stokes equations",2,1
19465,"2-x cexcuo4",2,1
19466,"dimensional xy",2,1
19467,"la pr ca",3,1
19468,"nonequilibrium steady",2,1
19469,"andreev bound",2,1
19470,"alpha relaxation time",3,1
19471,"quantum dot array",3,1
19472,"quantum hall plateau",3,1
19473,"random matrix renormalization group",4,1
19474,"ca mno thin films",4,1
19475,"hybrid monte",2,1
19476,"schottky like",2,1
19477,"adiabatic corrections",2,1
19478,"maxwellian distribution function",3,1
19479,"annihilation rate",2,1
19480,"electron gas 2deg",3,1
19481,"boltzmann langevin",2,1
19482,"density functional dependence",3,1
19483,"ising spin glass transition",4,1
19484,"double stranded",2,1
19485,"critical point correlation length",4,1
19486,"totally asymmetric exclusion",3,1
19487,"ising model independent",3,1
19488,"real materials",2,1
19489,"theoretical grounds",2,1
19490,"single wall",2,1
19491,"mgb2 superconductor kappa",3,1
19492,"colored jones",2,1
19493,"jones polynomials",2,1
19494,"closed timelike",2,1
19495,"nmr quantum information",3,1
19496,"nonadiabatic geometric",2,1
19497,"quantum coin",2,1
19498,"epr paradox",2,1
19499,"resonance nmr quantum computer",4,1
19500,"photon fock",2,1
19501,"quantum channel capacities",3,1
19502,"carlo integration",2,1
19503,"quantum monte",2,1
19504,"valued measures",2,1
19505,"quantum communications",2,1
19506,"stark shifts",2,1
19507,"analytically solvable",2,1
19508,"decision diagrams",2,1
19509,"automaton model",2,1
19510,"extended logic programming",3,1
19511,"reasons why",2,1
19512,"mesh refinement",2,1
19513,"fragment mass",2,1
19514,"ultra thin film",3,1
19515,"insulating ground",2,1
19516,"normal metals",2,1
19517,"3d electron systems",3,1
19518,"thouless transition occurs",3,1
19519,"bardeen cooper",2,1
19520,"longitudinal correlation",2,1
19521,"core repulsion",2,1
19522,"magnetic polarons",2,1
19523,"blast waves",2,1
19524,"low density functional",3,1
19525,"short time dependent",3,1
19526,"josephson effect",2,1
19527,"spin density functional",3,1
19528,"forest fire",2,1
19529,"large scale free network",4,1
19530,"monte carlo mc simulations",4,1
19531,"differential conductivity",2,1
19532,"neutron electric dipole",3,1
19533,"kondo physics",2,1
19534,"range repulsion",2,1
19535,"phonon dispersion",2,1
19536,"polymer segments",2,1
19537,"nonzero temperatures",2,1
19538,"isotropic nematic liquid",3,1
19539,"kt transition",2,1
19540,"repulsive hubbard",2,1
19541,"mode squeezed",2,1
19542,"potential linearized augmented",3,1
19543,"liquid ll",2,1
19544,"doped mott insulator transition",4,1
19545,"josephson plasma",2,1
19546,"gordon model",2,1
19547,"transistor set",2,1
19548,"voltage drop",2,1
19549,"periodic anderson",2,1
19550,"component bose einstein condensate",4,1
19551,"spin valves",2,1
19552,"avalanche sizes",2,1
19553,"entangled coherent",2,1
19554,"high temperature variations",3,1
19555,"ising spin glass",3,1
19556,"magneto conductance",2,1
19557,"neutron powder",2,1
19558,"hubbard bands",2,1
19559,"ferromagnetically ordered",2,1
19560,"depth lambda",2,1
19561,"alpha bedt ttf",3,1
19562,"macroscopic quantum information",3,1
19563,"double perovskite",2,1
19564,"high temperature tc cuprates",4,1
19565,"strongly overdoped",2,1
19566,"random phase space time",4,1
19567,"electrostatic persistence",2,1
19568,"dimensional ising",2,1
19569,"fermion superconductor",2,1
19570,"dimensional 2d electron",3,1
19571,"temporal chaos",2,1
19572,"mn concentrations",2,1
19573,"three dimensional ising spin",4,1
19574,"micrometer scale",2,1
19575,"spin chain length",3,1
19576,"sigma xx",2,1
19577,"shaped bose einstein condensate",4,1
19578,"interband coupling",2,1
19579,"breathing mode",2,1
19580,"negative refractive",2,1
19581,"bragg glass",2,1
19582,"quantum hall conductivity",3,1
19583,"charged colloidal suspensions",3,1
19584,"correctly predicts",2,1
19585,"wiedemann franz",2,1
19586,"stock markets",2,1
19587,"mechanical stability",2,1
19588,"resonant absorption line",3,1
19589,"parameter wq",2,1
19590,"iras point",2,1
19591,"quadrupole moment",2,1
19592,"tidal dwarf",2,1
19593,"dust particle",2,1
19594,"accretion proceeds",2,1
19595,"erg sec",2,1
19596,"dust attenuation",2,1
19597,"velocity ellipsoid",2,1
19598,"galaxy mcg",2,1
19599,"long time variation",3,1
19600,"accreted onto",2,1
19601,"rich envelope",2,1
19602,"million stars",2,1
19603,"dissipation relations",2,1
19604,"balmer line",2,1
19605,"apparently normal",2,1
19606,"baseline array",2,1
19607,"collision strengths",2,1
19608,"chandra hrc",2,1
19609,"dense circumstellar",2,1
19610,"globular cluster center region",4,1
19611,"inactive galaxies",2,1
19612,"gamma ray flashes",3,1
19613,"infrared background photons",3,1
19614,"mildly relativistic",2,1
19615,"xmm newton reflection grating",4,1
19616,"halpha luminosity",2,1
19617,"ionizing flux",2,1
19618,"oh absorption",2,1
19619,"observatory iso sws",3,1
19620,"magellanic cloud smc",3,1
19621,"law inflation",2,1
19622,"collimated outflow",2,1
19623,"hertzsprung russell",2,1
19624,"lorentzian components",2,1
19625,"draco dwarf galaxies",3,1
19626,"starbursting galaxies",2,1
19627,"ray emission line driven",4,1
19628,"white nfw",2,1
19629,"compton ic",2,1
19630,"magnetic helicity",2,1
19631,"cdm cosmogony",2,1
19632,"extragalactic gamma",2,1
19633,"spectral signatures",2,1
19634,"merger histories",2,1
19635,"particle hydrodynamics sph",3,1
19636,"cold dark energy",3,1
19637,"planet hd",2,1
19638,"massive white",2,1
19639,"low latitude",2,1
19640,"lithium abundances",2,1
19641,"fossil disk",2,1
19642,"metal rich globular",3,1
19643,"normal spirals",2,1
19644,"cluster m67",2,1
19645,"angular clustering",2,1
19646,"long time span",3,1
19647,"black hole mass distribution",4,1
19648,"self interacting dark matter",4,1
19649,"likelihood technique",2,1
19650,"rr lyrae stars",3,1
19651,"detectable radio",2,1
19652,"gamma ray burst sources",4,1
19653,"he like ions",3,1
19654,"lte model",2,1
19655,"disk corona",2,1
19656,"invariant bilinear",2,1
19657,"local calabi",2,1
19658,"unit transverse",2,1
19659,"stable homotopy",2,1
19660,"hilbert schmidt",2,1
19661,"complete riemannian",2,1
19662,"cone sum",2,1
19663,"non degenerated",2,1
19664,"connected sums",2,1
19665,"yau 3-fold",2,1
19666,"split reductive",2,1
19667,"complex projective varieties",3,1
19668,"gluing conditions",2,1
19669,"lie algebra uq",3,1
19670,"triangular hopf",2,1
19671,"affine bundles over",3,1
19672,"binary decision",2,1
19673,"function rbf",2,1
19674,"projective toric",2,1
19675,"hopf galois",2,1
19676,"smooth projective schemes",3,1
19677,"smooth projective line bundle",4,1
19678,"minimum spanning",2,1
19679,"cone time",2,1
19680,"positive correlation function",3,1
19681,"critical slowing",2,1
19682,"random walker",2,1
19683,"pinning force",2,1
19684,"phase lags",2,1
19685,"multiple zeta",2,1
19686,"intrinsic josephson effect",3,1
19687,"glassy materials",2,1
19688,"monoclinic phase transition",3,1
19689,"iron peak",2,1
19690,"reciprocal space",2,1
19691,"gennes equations",2,1
19692,"high energy transmission",3,1
19693,"band structure functions",3,1
19694,"renormalized stress",2,1
19695,"ising spin stiffness",3,1
19696,"neighbor hopping",2,1
19697,"pb mg1",2,1
19698,"spatial derivative",2,1
19699,"resonance nmr measurements",3,1
19700,"nearby clusters",2,1
19701,"low mobility",2,1
19702,"non gaussian orthogonal ensemble",4,1
19703,"interatomic potentials",2,1
19704,"low energy density functional",4,1
19705,"quantum hall resistivity",3,1
19706,"single electron microscopy",3,1
19707,"next nearest",2,1
19708,"triplet pairing symmetry",3,1
19709,"charge density matrix",3,1
19710,"fermion pair",2,1
19711,"assembled quantum",2,1
19712,"theory dmft",2,1
19713,"random antiferromagnetic",2,1
19714,"spin-1 ising",2,1
19715,"dicke theory",2,1
19716,"condensed gas",2,1
19717,"hove singularity",2,1
19718,"fermi surface density rho",4,1
19719,"bedt ttf 2khg scn",4,1
19720,"fluid membranes",2,1
19721,"hall qh",2,1
19722,"dc magnetization data",3,1
19723,"ideal bose",2,1
19724,"depth lambda aa",3,1
19725,"higher dimensional 2d",3,1
19726,"intensity profiles",2,1
19727,"depth tau",2,1
19728,"non relativistic mean",3,1
19729,"shear stress relaxation process",4,1
19730,"quantum hall constant",3,1
19731,"nonextensive thermostatistics",2,1
19732,"dependent ginzburg",2,1
19733,"gaas algaas quantum dot",4,1
19734,"clustering strength",2,1
19735,"granular gases",2,1
19736,"hall conductivity",2,1
19737,"space time scales",3,1
19738,"valence regime",2,1
19739,"dimensional gross pitaevskii",3,1
19740,"magnetization plateaus",2,1
19741,"beam epitaxy",2,1
19742,"spin pumping",2,1
19743,"disorder induced ferromagnetism",3,1
19744,"normal diffusion equation",3,1
19745,"dimensional photonic",2,1
19746,"paramagnetic resonance nmr",3,1
19747,"peierls hubbard",2,1
19748,"weight modules",2,1
19749,"commutative associative",2,1
19750,"word hyperbolic",2,1
19751,"closed orientable",2,1
19752,"non associative",2,1
19753,"yau manifold",2,1
19754,"affine kac moody",3,1
19755,"quantitative version",2,1
19756,"braided tensor",2,1
19757,"exceptional lie algebra",3,1
19758,"white noises",2,1
19759,"roch theorem",2,1
19760,"yau manifolds",2,1
19761,"symplectic leaves",2,1
19762,"non compact 3-manifold",3,1
19763,"simons theory",2,1
19764,"dimensional analogs",2,1
19765,"laurent polynomial",2,1
19766,"hodge numbers",2,1
19767,"heegaard splitting",2,1
19768,"cone hamiltonian",2,1
19769,"symplectic foliation",2,1
19770,"regular poisson structure",3,1
19771,"stochastic loewner",2,1
19772,"takahashi identities",2,1
19773,"complex projective line bundles",4,1
19774,"sided jet",2,1
19775,"radio pulsar psr j1740-5340",4,1
19776,"gravitomagnetic field",2,1
19777,"millisecond radio pulsar",3,1
19778,"mode pulsation",2,1
19779,"low energy budget",3,1
19780,"virialized halo",2,1
19781,"hubble deep hst observations",4,1
19782,"normal sne",2,1
19783,"loud agns",2,1
19784,"nicmos observations",2,1
19785,"sight velocity field",3,1
19786,"shower array",2,1
19787,"strong gravitational lens galaxy",4,1
19788,"ray binary black hole",4,1
19789,"su uma type dwarf",4,1
19790,"steep power",2,1
19791,"objects eros",2,1
19792,"cosmic microwave background cmb temperature anisotropies",6,1
19793,"adaptive optics imaging",3,1
19794,"photon index gamma ray",4,1
19795,"alpha line fluxes",3,1
19796,"long exposure",2,1
19797,"ic supernova sn",3,1
19798,"pn camera",2,1
19799,"ubvri broad",2,1
19800,"rotating neutron",2,1
19801,"absorbed power",2,1
19802,"medium igm",2,1
19803,"russell diagram",2,1
19804,"mass estimator",2,1
19805,"electron neutrino pairs",3,1
19806,"sne ii",2,1
19807,"rotational period",2,1
19808,"decreasing mass function",3,1
19809,"binary lenses",2,1
19810,"inverse square root",3,1
19811,"armed spiral",2,1
19812,"oppositely directed",2,1
19813,"warm dark",2,1
19814,"infrared nir",2,1
19815,"blue hb",2,1
19816,"telescope compact radio source",4,1
19817,"four point correlation function",4,1
19818,"interstellar polarization",2,1
19819,"kalpha line",2,1
19820,"iron abundance ratios",3,1
19821,"pre supernova",2,1
19822,"binary hd",2,1
19823,"turbulent motions",2,1
19824,"projected correlation",2,1
19825,"belt objects",2,1
19826,"selected bl",2,1
19827,"uves spectrograph",2,1
19828,"array vsa",2,1
19829,"single burst grb",3,1
19830,"methanol maser",2,1
19831,"poloidal field",2,1
19832,"relativistic beaming",2,1
19833,"radio lobes",2,1
19834,"cherenkov telescopes",2,1
19835,"varying constants",2,1
19836,"terrestrial planet",2,1
19837,"northern sky",2,1
19838,"disk winds",2,1
19839,"ray emission line ratios",4,1
19840,"post starburst",2,1
19841,"sized dust",2,1
19842,"atacama large",2,1
19843,"relativistic magnetohydrodynamics",2,1
19844,"decreasing effective temperature",3,1
19845,"cluster omega centauri",3,1
19846,"black hole mass function",4,1
19847,"intensity proton",2,1
19848,"wr star",2,1
19849,"yr ago",2,1
19850,"bolometric light",2,1
19851,"neutrino astronomy",2,1
19852,"coma cluster formation",3,1
19853,"wimp direct",2,1
19854,"spectroscopic binary system",3,1
19855,"ionic column",2,1
19856,"massive star cluster formation",4,1
19857,"spectral resolutions",2,1
19858,"telescope compact radio emission",4,1
19859,"warm molecular",2,1
19860,"cold dark halo",3,1
19861,"ionizing photon",2,1
19862,"uma type",2,1
19863,"cluster environment",2,1
19864,"type ic supernova sn",4,1
19865,"unidentified egret sources",3,1
19866,"temporal variation",2,1
19867,"relic neutrino",2,1
19868,"extragalactic hii",2,1
19869,"background radiation field",3,1
19870,"absorbing column",2,1
19871,"surface brightness distribution function",4,1
19872,"times10 erg",2,1
19873,"magnetic cataclysmic",2,1
19874,"ab initio molecular",3,1
19875,"distant radio",2,1
19876,"m31 globular",2,1
19877,"contact discontinuity",2,1
19878,"abundance gradient",2,1
19879,"space time scale structure",4,1
19880,"electron neutrino induced",3,1
19881,"gravitational microlensing event",3,1
19882,"wind momentum",2,1
19883,"organized critical",2,1
19884,"kawasaki dynamics",2,1
19885,"photoemission spectroscopy arpes",3,1
19886,"time elapsed",2,1
19887,"md simulation",2,1
19888,"dynamics md",2,1
19889,"superfluid insulator",2,1
19890,"scaling behaviors",2,1
19891,"kardar parisi",2,1
19892,"charge qubit",2,1
19893,"non ergodicity",2,1
19894,"spin diffusion",2,1
19895,"rapidly rotating bose einstein",4,1
19896,"angular coordinate",2,1
19897,"field theory dmft",3,1
19898,"staggered magnetic",2,1
19899,"reversal breaking",2,1
19900,"non magnetized",2,1
19901,"magnetic traps",2,1
19902,"vortex array",2,1
19903,"non local density functional",4,1
19904,"granular temperatures",2,1
19905,"gas phase space",3,1
19906,"linearly dependent",2,1
19907,"quantum hall coefficient",3,1
19908,"phonon coupling constant",3,1
19909,"hierarchical clustering properties",3,1
19910,"density wave pairing",3,1
19911,"device squid magnetometry",3,1
19912,"self energy density matrix",4,1
19913,"dependent gross pitaevskii",3,1
19914,"goldstone mode",2,1
19915,"minority spin polarized",3,1
19916,"bose hubbard model",3,1
19917,"non uniform magnetic field",4,1
19918,"phase transition mit",3,1
19919,"strongly correlated metals",3,1
19920,"geometric phase transition",3,1
19921,"tsallis entropy principle",3,1
19922,"semiconductor quantum information",3,1
19923,"absorbing boundary",2,1
19924,"peak spacing",2,1
19925,"meissner state",2,1
19926,"positively charged",2,1
19927,"insulator transition mit",3,1
19928,"alpha dla",2,1
19929,"highly correlated electron",3,1
19930,"absorbing phase",2,1
19931,"mg1 3nb2 o3",3,1
19932,"charged particle antiparticle",3,1
19933,"fermi edge",2,1
19934,"inas quantum",2,1
19935,"hubbard chains",2,1
19936,"shear stress strain rate",4,1
19937,"doped anatase",2,1
19938,"quantized vortex",2,1
19939,"massless minimally",2,1
19940,"fibre bundles over",3,1
19941,"nordstr om",2,1
19942,"radiation cmbr",2,1
19943,"spin foams",2,1
19944,"quantization rule",2,1
19945,"doubly special",2,1
19946,"noncommutative spacetimes",2,1
19947,"birkhoff normal",2,1
19948,"sitter universe",2,1
19949,"relativistic quantum interference",3,1
19950,"strong gravitational field theory",4,1
19951,"time varying fine structure",4,1
19952,"thirring effect",2,1
19953,"merger remnants",2,1
19954,"crane model",2,1
19955,"gravitationally bound",2,1
19956,"constant lambda cold dark",4,1
19957,"objects ysos",2,1
19958,"young neutron",2,1
19959,"proto neutron",2,1
19960,"oh absorption line",3,1
19961,"gamma ray emitting",3,1
19962,"fast wind",2,1
19963,"diffusive shock",2,1
19964,"fast rotators",2,1
19965,"two dimensional magnetohydrodynamic",3,1
19966,"radial pulsation",2,1
19967,"ray luminosity scales",3,1
19968,"type ia progenitor",3,1
19969,"small angular power spectrum",4,1
19970,"low energy transmission grating",4,1
19971,"galactic bulge microlensing",3,1
19972,"prandtl numbers",2,1
19973,"nonlinear magneto",2,1
19974,"rate mdot",2,1
19975,"diagrams cmds",2,1
19976,"tauri star formation",3,1
19977,"angular sizes",2,1
19978,"maxwellian distribution",2,1
19979,"accretion disk winds",3,1
19980,"globular cluster omega",3,1
19981,"radio halos",2,1
19982,"cosmic infrared",2,1
19983,"spiral wave",2,1
19984,"galaxy ngc abridged",3,1
19985,"cross correlate",2,1
19986,"black holes smbhs",3,1
19987,"tidal tail",2,1
19988,"sub keplerian",2,1
19989,"parameter lambda cold dark",4,1
19990,"standard friedmann",2,1
19991,"blue bump",2,1
19992,"empirical calibrations",2,1
19993,"magnitude diagrams cmds",3,1
19994,"line emitting",2,1
19995,"nebula cluster",2,1
19996,"dish data",2,1
19997,"uhe cosmic rays",3,1
19998,"recombination line",2,1
19999,"dovich sz",2,1
20000,"gyr old metal poor",4,1
20001,"high inclination",2,1
20002,"iv absorption lines",3,1
20003,"magnetic poles",2,1
20004,"relativistic blast",2,1
20005,"angle subtended",2,1
20006,"peaked bl",2,1
20007,"absorption line bal quasar",4,1
20008,"giant molecular",2,1
20009,"stellar substellar",2,1
20010,"dimensional magnetohydrodynamic",2,1
20011,"su uma",2,1
20012,"bare strange quark",3,1
20013,"stars ns",2,1
20014,"circumstellar accretion",2,1
20015,"bolometer array scuba",3,1
20016,"broad band structure",3,1
20017,"total energy output",3,1
20018,"large magellanic stream",3,1
20019,"single electron population",3,1
20020,"low energy radiated",3,1
20021,"central star cluster",3,1
20022,"spinning black hole",3,1
20023,"substellar mass function",3,1
20024,"extragalactic magnetic field",3,1
20025,"dla systems",2,1
20026,"enough temperatures",2,1
20027,"2mass data release",3,1
20028,"relativistic mhd",2,1
20029,"energy uhe",2,1
20030,"archival rosat",2,1
20031,"imf slope",2,1
20032,"non maxwellian",2,1
20033,"solar radii",2,1
20034,"cluster m15",2,1
20035,"evolutionary histories",2,1
20036,"break frequency",2,1
20037,"cosmic microwave frequencies",3,1
20038,"stellar population ii regions",4,1
20039,"large collecting",2,1
20040,"compact hii",2,1
20041,"radiative transfer rates",3,1
20042,"residual nucleus",2,1
20043,"progenitor survey",2,1
20044,"giant ellipticals",2,1
20045,"old open cluster center",4,1
20046,"stellar population ii",3,1
20047,"broad line widths",3,1
20048,"primary nitrogen",2,1
20049,"large millimeter",2,1
20050,"snap mission",2,1
20051,"hobby eberly",2,1
20052,"interacting galaxy formation",3,1
20053,"maser spots",2,1
20054,"central oxygen",2,1
20055,"neutrino driven",2,1
20056,"interacting binaries",2,1
20057,"microquasar xte",2,1
20058,"asca rxte",2,1
20059,"activity levels",2,1
20060,"low mass accretion disk",4,1
20061,"dust temperatures",2,1
20062,"black holes bhs",3,1
20063,"jet cross",2,1
20064,"compact radio selected",3,1
20065,"gamma ray emissions",3,1
20066,"background cmb temperature",3,1
20067,"double lined spectroscopic",3,1
20068,"li abundance",2,1
20069,"slow roll inflation driven",4,1
20070,"core collapse supernova sn",4,1
20071,"lensed system",2,1
20072,"bohm flux",2,1
20073,"gamma ray timing properties",4,1
20074,"pierre auger",2,1
20075,"orbital motions",2,1
20076,"anomalous hall",2,1
20077,"totally asymmetric",2,1
20078,"reciprocal space time",3,1
20079,"cold dark energy density",4,1
20080,"btz black",2,1
20081,"canonical commutation",2,1
20082,"time reversal invariant under",4,1
20083,"world cosmologies",2,1
20084,"thin disks",2,1
20085,"spin foam",2,1
20086,"spatially flat friedmann",3,1
20087,"large mixing angle msw",4,1
20088,"proton cyclotron",2,1
20089,"gamma ray pulses",3,1
20090,"cornell electron",2,1
20091,"ring cesr",2,1
20092,"virtualities q2",2,1
20093,"transfer squared",2,1
20094,"cabibbo favored",2,1
20095,"ionizing particles",2,1
20096,"syst x10",2,1
20097,"unbinned maximum",2,1
20098,"momentum fractions",2,1
20099,"stanford linear accelerator",3,1
20100,"coupling constant alphas mz",4,1
20101,"cb model",2,1
20102,"gluon polarization",2,1
20103,"low energy cosmic",3,1
20104,"muon anomalous magnetic field",4,1
20105,"ppbar collisions",2,1
20106,"alternating gradient",2,1
20107,"accelerator center",2,1
20108,"indirect searches",2,1
20109,"shear correlation",2,1
20110,"lateral distribution function",3,1
20111,"geometrically thick",2,1
20112,"giant elliptical",2,1
20113,"symbiotic system",2,1
20114,"strong gravitational lensing statistics",4,1
20115,"real time domain",3,1
20116,"galaxies lbgs",2,1
20117,"gamma ray satellites",3,1
20118,"line driven outflows",3,1
20119,"optical depths",2,1
20120,"nucleosynthesis bbn",2,1
20121,"formation episodes",2,1
20122,"host galaxy formation rates",4,1
20123,"laser interferometric",2,1
20124,"interferometry vlbi",2,1
20125,"sze surveys",2,1
20126,"index gamma ray",3,1
20127,"galactic longitude",2,1
20128,"sagittarius dwarf",2,1
20129,"isolated black",2,1
20130,"wind termination",2,1
20131,"cloud lmc",2,1
20132,"non linear schr odinger",4,1
20133,"international space",2,1
20134,"twist two dimensional",3,1
20135,"natural outcome",2,1
20136,"circumstellar medium",2,1
20137,"lmc clusters",2,1
20138,"afterglow light",2,1
20139,"abundance profile",2,1
20140,"self absorption",2,1
20141,"multi jet",2,1
20142,"gamma ray flux density",4,1
20143,"dark halo white",3,1
20144,"strongly magnetized neutron stars",4,1
20145,"high energy injection",3,1
20146,"shocked material",2,1
20147,"ionization balance",2,1
20148,"sdss edr",2,1
20149,"australian telescope",2,1
20150,"cluster centre",2,1
20151,"shell ions",2,1
20152,"molecular torus",2,1
20153,"temporal resolution",2,1
20154,"spin rotation axis",3,1
20155,"21cm line",2,1
20156,"initial boundary value",3,1
20157,"group dwarf",2,1
20158,"tev gamma ray flux",4,1
20159,"rayleigh taylor",2,1
20160,"pressure gradients",2,1
20161,"shocked wind",2,1
20162,"deuterated species",2,1
20163,"near ir color",3,1
20164,"extended press schechter",3,1
20165,"galaxies lie",2,1
20166,"lenticular galaxies",2,1
20167,"dsph galaxies",2,1
20168,"forbidden line",2,1
20169,"infrared camera",2,1
20170,"function imf",2,1
20171,"soft gamma ray pulsars axps",5,1
20172,"lsb galaxies",2,1
20173,"ratio br",2,1
20174,"two armed",2,1
20175,"gravitationally lensed qso",3,1
20176,"constant lambda cdm model",4,1
20177,"star pg",2,1
20178,"virial radii",2,1
20179,"dovich effect",2,1
20180,"doppler shifts",2,1
20181,"third dredge",2,1
20182,"sio masers",2,1
20183,"baryons containing",2,1
20184,"interacting dark",2,1
20185,"ionized plasma",2,1
20186,"rr lyr",2,1
20187,"reduction pipeline",2,1
20188,"ion acoustic",2,1
20189,"total baryonic",2,1
20190,"generalized chaplygin",2,1
20191,"few myr",2,1
20192,"entropy profile",2,1
20193,"alpha line profiles",3,1
20194,"clusters gcs",2,1
20195,"cosmic lens",2,1
20196,"particle hydrodynamics code",3,1
20197,"interstellar clouds mcs",3,1
20198,"anomalous scaling behavior",3,1
20199,"light cone time",3,1
20200,"liouville field",2,1
20201,"theoretic renormalization",2,1
20202,"dependent schroedinger",2,1
20203,"de vries",2,1
20204,"spin orbit around",3,1
20205,"gas phase space time",4,1
20206,"ensemble goe",2,1
20207,"dimensional incompressible",2,1
20208,"self energy density functional",4,1
20209,"kpz universality",2,1
20210,"vries equation",2,1
20211,"hybrid monte carlo",3,1
20212,"ising spin correlation function",4,1
20213,"quark condensates",2,1
20214,"multicanonical monte carlo",3,1
20215,"tension sigma",2,1
20216,"quark deconfinement phase transition",4,1
20217,"preliminary upper",2,1
20218,"screening masses",2,1
20219,"fat links",2,1
20220,"chiral log",2,1
20221,"dependent observables",2,1
20222,"density functional renormalization group",4,1
20223,"residual gauge",2,1
20224,"le tc",2,1
20225,"finite isospin",2,1
20226,"domain wall fermion action",4,1
20227,"ginzburg wilson",2,1
20228,"sigma tot",2,1
20229,"projection chamber",2,1
20230,"alpha element",2,1
20231,"fisher relation",2,1
20232,"vapor emission",2,1
20233,"peripheral heavy",2,1
20234,"disoriented chiral",2,1
20235,"rapidity densities",2,1
20236,"sheds new",2,1
20237,"dbw2 gauge",2,1
20238,"clover fermion",2,1
20239,"massless thirring",2,1
20240,"energy momentum transferred",3,1
20241,"charge density functional",3,1
20242,"photoabsorption cross",2,1
20243,"nonperturbative corrections",2,1
20244,"dimensional hydrodynamical",2,1
20245,"teller effect",2,1
20246,"strange quark condensate",3,1
20247,"higher spin flip",3,1
20248,"free abelian gauge",3,1
20249,"kobayashi maskawa",2,1
20250,"order nnlo",2,1
20251,"minimal supersymmetric dark matter",4,1
20252,"antiproton collisions",2,1
20253,"spin polarized proton collisions",4,1
20254,"wall fermions",2,1
20255,"put strong",2,1
20256,"nu tau leptons",3,1
20257,"sfermion mass",2,1
20258,"quark gluon propagator",3,1
20259,"model sm predictions",3,1
20260,"rays uhecr",2,1
20261,"chern simons number violation",4,1
20262,"black hole production rate",4,1
20263,"exact renormalisation",2,1
20264,"function g1",2,1
20265,"underlying host",2,1
20266,"anomaly mediation",2,1
20267,"long baselines",2,1
20268,"scale structure constant lambda",4,1
20269,"contained introduction",2,1
20270,"lorentz invariant mass",3,1
20271,"electric charge asymmetry",3,1
20272,"precision electroweak corrections",3,1
20273,"infrared renormalons",2,1
20274,"pion exchange",2,1
20275,"landau pole",2,1
20276,"quark gluon vertex",3,1
20277,"total energy density functional",4,1
20278,"totally skew",2,1
20279,"zero recoil",2,1
20280,"handed majorana",2,1
20281,"non universal soft",3,1
20282,"universal higgs",2,1
20283,"standard model mssm higgs boson",5,1
20284,"family replicated",2,1
20285,"cosmological constant alpha",3,1
20286,"nu nubar",2,1
20287,"improved gauge coupling",3,1
20288,"pair production mechanisms",3,1
20289,"quark gluon distribution",3,1
20290,"standard model mssm higgs boson masses",6,1
20291,"equilibrium situations",2,1
20292,"composite higgs",2,1
20293,"triple gauge",2,1
20294,"coset spaces",2,1
20295,"radiative recombination",2,1
20296,"higgs boson production rate",4,1
20297,"light cone qcd corrections",4,1
20298,"galactic open",2,1
20299,"active neutrino",2,1
20300,"large mixing matrix element",4,1
20301,"tau lepton flavor",3,1
20302,"weakly coupled heterotic",3,1
20303,"baseline neutrino mass",3,1
20304,"time dependent parton distributions",4,1
20305,"neutrino mass splittings",3,1
20306,"quark mass distribution function",4,1
20307,"neutral higgs boson masses",4,1
20308,"planck equation describing",3,1
20309,"flavor mixing matrix elements",4,1
20310,"minimal supersymmetric pp decays",4,1
20311,"neutrino pairs",2,1
20312,"quark gluon bremsstrahlung",3,1
20313,"pi ell",2,1
20314,"lightest supersymmetric dark matter",4,1
20315,"photon impact",2,1
20316,"sterile neutrino oscillation",3,1
20317,"violating lfv",2,1
20318,"pseudo differential equation",3,1
20319,"reggeon exchange",2,1
20320,"neutrino nucleus",2,1
20321,"level superpotential",2,1
20322,"tensor meson decays",3,1
20323,"function regularization",2,1
20324,"neutral higgs sector",3,1
20325,"salam gauge",2,1
20326,"hubble time dependent",3,1
20327,"radiated during",2,1
20328,"solar neutrino mass squared",4,1
20329,"dis off",2,1
20330,"mass eigenstate",2,1
20331,"proton decay constant",3,1
20332,"deeply inelastic scattering",3,1
20333,"lepton numbers",2,1
20334,"weakly interacting dark matter",4,1
20335,"parton distributions gpds",3,1
20336,"salpeter equations",2,1
20337,"oscillation hypothesis",2,1
20338,"elastic scattering matrix",3,1
20339,"charge conservation",2,1
20340,"large hadron induced",3,1
20341,"unification scale free",3,1
20342,"doublet model independent",3,1
20343,"bc meson",2,1
20344,"mssm higgs multiplets",3,1
20345,"analytical evaluation",2,1
20346,"angle lma solution",3,1
20347,"spontaneous cp",2,1
20348,"bimaximal neutrino",2,1
20349,"handed neutrinos",2,1
20350,"color glass",2,1
20351,"theoretical expectation",2,1
20352,"compton scattering dvcs",3,1
20353,"single photon collision",3,1
20354,"lightest neutrino mass",3,1
20355,"nambu goldstone boson",3,1
20356,"order nlo",2,1
20357,"rare radiative",2,1
20358,"model sm particles",3,1
20359,"bosonic string tension",3,1
20360,"luminosity weighted",2,1
20361,"herwig event",2,1
20362,"parton showers",2,1
20363,"supersymmetric quantum gravity",3,1
20364,"neutrino mixing angle",3,1
20365,"hundred gev",2,1
20366,"angular momentum luminosity",3,1
20367,"spin flip scattering amplitude",4,1
20368,"lightest higgs",2,1
20369,"mass insertions",2,1
20370,"vector meson decays",3,1
20371,"baseline neutrino",2,1
20372,"hierarchical neutrino oscillation",3,1
20373,"hierarchical neutrino mixing",3,1
20374,"lightest supersymmetric extension",3,1
20375,"ell bar",2,1
20376,"cp odd higgs boson",4,1
20377,"abelian gauge coupling",3,1
20378,"stringent bound",2,1
20379,"drell hearn",2,1
20380,"neutrino mass eigenstates",3,1
20381,"wick cutkosky",2,1
20382,"omega mixing",2,1
20383,"collinear factorization approach",3,1
20384,"cloudy bag",2,1
20385,"sterile neutrino mixing",3,1
20386,"separable hilbert",2,1
20387,"nambu jona",2,1
20388,"lasinio njl",2,1
20389,"ising type",2,1
20390,"pion nucleon scattering matrix",4,1
20391,"pion correlation",2,1
20392,"axial ratio",2,1
20393,"brueckner hartree",2,1
20394,"salpeter amplitude",2,1
20395,"fock bogoliubov",2,1
20396,"projected correlation functions",3,1
20397,"range coulomb potential",3,1
20398,"nearly exact",2,1
20399,"harmonic oscillator strength",3,1
20400,"m2 m3",2,1
20401,"level spacing distributions",3,1
20402,"deeply bound",2,1
20403,"hadronic vacuum",2,1
20404,"der waals",2,1
20405,"perturbative qcd sum rules",4,1
20406,"process pp collisions",3,1
20407,"error bars",2,1
20408,"collision rates",2,1
20409,"neutron drip",2,1
20410,"strange quark gluon plasma",4,1
20411,"nn coupling",2,1
20412,"cu nuclear",2,1
20413,"flic fermion action",3,1
20414,"fat link irrelevant clover",4,1
20415,"core collapse supernova explosion",4,1
20416,"chiral primary",2,1
20417,"fock approximation rpa",3,1
20418,"light hadron masses",3,1
20419,"theory eft",2,1
20420,"dressed quark",2,1
20421,"parity violating asymmetry",3,1
20422,"bottom quark masses",3,1
20423,"perturbative qcd vacuum",3,1
20424,"neutral higgs boson production",4,1
20425,"right handed neutrino oscillation",4,1
20426,"cardassian model",2,1
20427,"meson spectroscopy",2,1
20428,"cosmic string scale structure",4,1
20429,"loop corrected",2,1
20430,"virtual compton scattering amplitudes",4,1
20431,"polarized gluons",2,1
20432,"geometric cross",2,1
20433,"quark mass hierarchy",3,1
20434,"bimaximal neutrino mass",3,1
20435,"simple lie within",3,1
20436,"ultrarelativistic heavy",2,1
20437,"ww fusion",2,1
20438,"aa collisions",2,1
20439,"chiral logs",2,1
20440,"salpeter approach",2,1
20441,"non universal extra dimension",4,1
20442,"inelastic scattering dis",3,1
20443,"two higgs boson masses",4,1
20444,"indirect cp",2,1
20445,"relativistic quantum corrections",3,1
20446,"science bf",2,1
20447,"jones fluid",2,1
20448,"scintillator photodiode",2,1
20449,"first brillouin",2,1
20450,"ultrashort laser",2,1
20451,"pulsed fraction",2,1
20452,"lower ionization",2,1
20453,"reorientation transition",2,1
20454,"immersion lens",2,1
20455,"squared q2",2,1
20456,"cluster sizes",2,1
20457,"solid immersion",2,1
20458,"law divergence",2,1
20459,"finite size scaling exponents",4,1
20460,"optic trap",2,1
20461,"sequence pms",2,1
20462,"sudbury neutrino oscillations",3,1
20463,"law behaviour",2,1
20464,"high temperature profiles",3,1
20465,"bragg reflection",2,1
20466,"dispersion profile",2,1
20467,"induced transparency eit",3,1
20468,"self energy density fluctuations",4,1
20469,"phase lag",2,1
20470,"poloidal magnetic",2,1
20471,"energy momentum space time",4,1
20472,"iib orientifold",2,1
20473,"cutkosky model",2,1
20474,"chiral potts model",3,1
20475,"dimensional analogues",2,1
20476,"higgs multiplets",2,1
20477,"schwarzschild black",2,1
20478,"flip scattering",2,1
20479,"detrended fluctuation",2,1
20480,"baseline interferometry",2,1
20481,"interacting bose einstein",3,1
20482,"rsos models",2,1
20483,"abelian gauge bosons",3,1
20484,"ir fixed point",3,1
20485,"mass hierarchies",2,1
20486,"fibered calabi yau",3,1
20487,"closed string vacua",3,1
20488,"four dimensional superconformal",3,1
20489,"chromomagnetic field",2,1
20490,"quasinormal mode",2,1
20491,"roll inflation",2,1
20492,"parameter zeta function",3,1
20493,"antibrane systems",2,1
20494,"semiclassical trace",2,1
20495,"relativistic quantum mechanical system",4,1
20496,"vanishing cosmological",2,1
20497,"positive tension",2,1
20498,"polarized pp",2,1
20499,"supersymmetric qed",2,1
20500,"einstein hilbert space",3,1
20501,"weak gravitational field theory",4,1
20502,"flavor symmetries",2,1
20503,"toroidal magnetic flux",3,1
20504,"field redefinition",2,1
20505,"non abelian born infeld",4,1
20506,"non local hidden",3,1
20507,"hopping matrix",2,1
20508,"ds cft",2,1
20509,"jacobi formalism",2,1
20510,"3-form field",2,1
20511,"dynamical fermions coupled",3,1
20512,"mass eigenvalues",2,1
20513,"exact renormalisation group",3,1
20514,"brst charges",2,1
20515,"gauged wzw",2,1
20516,"abrikosov state",2,1
20517,"non supersymmetric quantum corrections",4,1
20518,"supersymmetric yang",2,1
20519,"near extremal",2,1
20520,"exactly marginal deformation",3,1
20521,"klein reduction",2,1
20522,"massive kaluza",2,1
20523,"sn 1997ff",2,1
20524,"positive cosmological models",3,1
20525,"supersymmetric kink",2,1
20526,"field redefinitions",2,1
20527,"local calabi yau",3,1
20528,"nonrelativistic quantum",2,1
20529,"instability sets",2,1
20530,"de sitter spacetime dimensions",4,1
20531,"iia string",2,1
20532,"eleven dimensions",2,1
20533,"minimal supersymmetric extensions",3,1
20534,"conformal symmetry breaking",3,1
20535,"background anisotropies",2,1
20536,"conformal group rg flow",4,1
20537,"iib superstring",2,1
20538,"closed string compactifications",3,1
20539,"hpp wave",2,1
20540,"gauged linear",2,1
20541,"dirichlet boundary value",3,1
20542,"circle bundle",2,1
20543,"high tan",2,1
20544,"fermion compound",2,1
20545,"extra coordinate",2,1
20546,"rank antisymmetric",2,1
20547,"black strings",2,1
20548,"einstein gauss bonnet",3,1
20549,"wheeler dewitt",2,1
20550,"loop correlators",2,1
20551,"brst invariant",2,1
20552,"electrically charged black",3,1
20553,"takahashi identity",2,1
20554,"thin wall",2,1
20555,"quantum hall qh",3,1
20556,"poynting vector",2,1
20557,"xi gauge",2,1
20558,"maldacena nastase",2,1
20559,"supersymmetric quantum mechanical",3,1
20560,"negative tension brane",3,1
20561,"vacuum energy distribution",3,1
20562,"odd higgs",2,1
20563,"super liouville field theory",4,1
20564,"tensor multiplets",2,1
20565,"yang mills theories living",4,1
20566,"noncommutativity parameter space time",4,1
20567,"special lagrangian submanifold",3,1
20568,"pure ads cft",3,1
20569,"microscopic black hole",3,1
20570,"self energy scales",3,1
20571,"abelian gauge invariant under",4,1
20572,"self interacting scalar field",4,1
20573,"ramond field",2,1
20574,"rolling scalar",2,1
20575,"adjoint matter",2,1
20576,"tricritical ising",2,1
20577,"chiral potts",2,1
20578,"homothetic killing",2,1
20579,"iia supergravity solutions",3,1
20580,"hawking radiation field theory",4,1
20581,"parameter family replicated",3,1
20582,"2d dilaton",2,1
20583,"noncommutative yang",2,1
20584,"dispersionless toda lattice",3,1
20585,"geometric transition",2,1
20586,"nc gauge",2,1
20587,"vector multiplet",2,1
20588,"elliptically fibered calabi yau",4,1
20589,"two dimensional subspaces",3,1
20590,"salam model",2,1
20591,"mills theory",2,1
20592,"electric field theory compactified",4,1
20593,"two dimensional ising spin",4,1
20594,"double trace",2,1
20595,"abelian gauge invariant",3,1
