rank,term,n_tokens,freq
1,"two dimensional",2,577
2,"standard model",2,562
3,"field theory",2,396
4,"phase transition",2,351
5,"experimental data",2,332
6,"first order",2,321
7,"quantum field",2,309
8,"low energy",2,293
9,"ground state",2,290
10,"high energy",2,279
11,"finite dimensional",2,268
12,"second order",2,254
13,"low temperature",2,253
14,"effective action",2,233
15,"low mass",2,230
16,"phase space",2,229
17,"wave function",2,226
18,"cross section",2,226
19,"cross sections",2,224
20,"large number",2,221
21,"leading order",2,221
22,"numerical simulations",2,220
23,"two dimensions",2,215
24,"perturbation theory",2,210
25,"power law",2,208
26,"string theory",2,204
27,"quantum field theory",3,203
28,"non linear",2,202
29,"magnetic field",2,202
30,"energy spectrum",2,198
31,"space time",2,192
32,"new approach",2,190
33,"higher order",2,187
34,"effective potential",2,187
35,"new physics",2,178
36,"energy density",2,171
37,"model independent",2,169
38,"quantum mechanics",2,167
39,"three dimensional",2,167
40,"bound state",2,166
41,"black holes",2,166
42,"non perturbative",2,163
43,"zero temperature",2,157
44,"structure functions",2,154
45,"cosmological models",2,153
46,"gauge theories",2,152
47,"symmetry breaking",2,149
48,"finite temperature",2,147
49,"mean field",2,145
50,"non local",2,143
51,"self consistent",2,141
52,"parameter space",2,141
53,"free energy",2,140
54,"structure function",2,140
55,"order parameter",2,138
56,"general relativity",2,138
57,"cp violation",2,138
58,"quark mass",2,138
59,"time dependent",2,136
60,"boundary conditions",2,133
61,"time evolution",2,133
62,"matrix theory",2,132
63,"high energies",2,131
64,"moduli space",2,131
65,"matrix elements",2,127
66,"new class",2,126
67,"mass spectrum",2,125
68,"high resolution",2,125
69,"non zero",2,123
70,"coupling constant",2,123
71,"perturbative qcd",2,122
72,"special case",2,121
73,"monte carlo simulations",3,121
74,"phys rev",2,120
75,"monte carlo",2,119
76,"final state",2,118
77,"gauge theory",2,118
78,"exact solutions",2,117
79,"renormalization group",2,117
80,"dynamical systems",2,116
81,"long range",2,115
82,"total energy",2,115
83,"heavy quark",2,115
84,"classical limit",2,114
85,"initial conditions",2,114
86,"gauge symmetry",2,114
87,"four dimensional",2,112
88,"two component",2,112
89,"distribution function",2,112
90,"non trivial",2,111
91,"ground states",2,110
92,"system size",2,110
93,"strong interactions",2,110
94,"gauge invariant",2,107
95,"fixed point",2,107
96,"specific heat",2,107
97,"weak coupling",2,106
98,"matter fields",2,106
99,"distribution functions",2,104
100,"statistical properties",2,104
101,"correlation functions",2,104
102,"sigma model",2,104
103,"black hole",2,104
104,"numerical calculations",2,103
105,"large scale",2,103
106,"dynamical properties",2,102
107,"single particle",2,100
108,"low frequency",2,99
109,"quantum fluctuations",2,99
110,"exact solution",2,99
111,"tree level",2,98
112,"two loop",2,98
113,"neutron stars",2,98
114,"dark matter",2,98
115,"continuum limit",2,97
116,"angular momentum",2,95
117,"two photon",2,94
118,"high temperature",2,94
119,"bound states",2,93
120,"probability distribution",2,92
121,"critical behavior",2,92
122,"form factor",2,92
123,"quantum gravity",2,91
124,"correlation function",2,91
125,"four dimensions",2,91
126,"strong coupling",2,91
127,"lattice qcd",2,91
128,"non relativistic",2,90
129,"gravitational field",2,90
130,"pair production",2,90
131,"form factors",2,90
132,"finite size",2,89
133,"type ii",2,89
134,"spherically symmetric",2,89
135,"galaxy formation",2,89
136,"initial state",2,88
137,"evolution equations",2,88
138,"two body",2,88
139,"two types",2,88
140,"beta function",2,87
141,"small scale",2,87
142,"yang mills",2,86
143,"three dimensions",2,86
144,"critical value",2,86
145,"field equations",2,85
146,"radiative corrections",2,84
147,"early universe",2,84
148,"redshift survey",2,83
149,"spectral properties",2,82
150,"meson decays",2,82
151,"supersymmetric gauge theories",3,82
152,"detailed analysis",2,81
153,"hera data",2,81
154,"coherent state",2,79
155,"low density",2,79
156,"theoretical predictions",2,79
157,"large class",2,78
158,"theoretical models",2,78
159,"group su",2,77
160,"wave functions",2,77
161,"invariant under",2,77
162,"loop level",2,77
163,"high redshift",2,77
164,"non abelian",2,76
165,"magnetic fields",2,76
166,"monte carlo simulation",3,76
167,"lie algebra",2,75
168,"many body",2,75
169,"quantum groups",2,74
170,"number density",2,74
171,"decay rate",2,74
172,"power spectrum",2,74
173,"physical properties",2,73
174,"critical temperature",2,73
175,"effective lagrangian",2,73
176,"galaxy clusters",2,73
177,"available data",2,73
178,"self dual",2,72
179,"coupling constants",2,72
180,"seiberg witten",2,71
181,"excited states",2,70
182,"new mechanism",2,70
183,"low energies",2,70
184,"electron system",2,70
185,"phase diagram",2,70
186,"chiral lagrangian",2,70
187,"chiral limit",2,70
188,"correlation length",2,70
189,"ray emission",2,70
190,"deep inelastic scattering",3,70
191,"lowest order",2,69
192,"quantum mechanical",2,69
193,"scaling behavior",2,69
194,"explicit form",2,69
195,"matrix models",2,67
196,"spin wave",2,67
197,"ray luminosity",2,67
198,"nearby galaxies",2,67
199,"light quarks",2,67
200,"coulomb interaction",2,66
201,"branching ratio",2,66
202,"wilson action",2,66
203,"hilbert space",2,65
204,"phase transitions",2,65
205,"arbitrary number",2,64
206,"spectral function",2,64
207,"point like",2,64
208,"light curves",2,64
209,"temperature dependence",2,64
210,"non equilibrium",2,63
211,"spin chain",2,63
212,"hubbard model",2,63
213,"spontaneously broken",2,63
214,"shell model",2,63
215,"elliptical galaxies",2,63
216,"gravitational radiation",2,63
217,"density fluctuations",2,63
218,"sum rules",2,62
219,"scalar field",2,62
220,"seyfert galaxies",2,62
221,"mass distribution",2,62
222,"stellar evolution",2,62
223,"structure formation",2,62
224,"chaotic dynamics",2,61
225,"spontaneous symmetry breaking",3,61
226,"lower bound",2,61
227,"chemical potential",2,61
228,"time dependence",2,61
229,"decay rates",2,61
230,"conformal field theory",3,61
231,"vector fields",2,61
232,"ising model",2,61
233,"disk galaxies",2,61
234,"closed form",2,60
235,"quantum computation",2,60
236,"large enough",2,60
237,"delta function",2,60
238,"real space",2,60
239,"charged particles",2,60
240,"off shell",2,60
241,"square lattice",2,60
242,"radio galaxies",2,60
243,"qcd corrections",2,60
244,"fermi surface",2,59
245,"general relativistic",2,59
246,"high temperatures",2,59
247,"body simulations",2,59
248,"large amplitude",2,59
249,"particle physics",2,58
250,"path integral",2,58
251,"velocity field",2,58
252,"magnetic field theory",3,58
253,"critical point",2,58
254,"lower limit",2,58
255,"mean field theory",3,58
256,"existing data",2,58
257,"complete set",2,57
258,"decay width",2,57
259,"light cone",2,57
260,"data set",2,57
261,"solar models",2,57
262,"effective hamiltonian",2,57
263,"momentum space",2,56
264,"hamiltonian formalism",2,56
265,"scaling properties",2,56
266,"superconducting state",2,56
267,"left right",2,56
268,"local density",2,56
269,"world volume",2,56
270,"moduli spaces",2,56
271,"ginzburg landau",2,56
272,"solar masses",2,56
273,"final states",2,56
274,"coherent states",2,55
275,"magnetic flux",2,55
276,"least two",2,55
277,"irreducible representations",2,55
278,"heisenberg model",2,55
279,"chern simons",2,55
280,"domain walls",2,55
281,"loop corrections",2,55
282,"star formation",2,55
283,"bar nu",2,55
284,"dirac equation",2,54
285,"binary system",2,54
286,"configuration space",2,54
287,"spin correlations",2,54
288,"functional theory",2,54
289,"classical level",2,54
290,"two sets",2,54
291,"semi classical",2,54
292,"strongly coupled",2,54
293,"weak scale",2,54
294,"short distance",2,54
295,"momentum distribution",2,54
296,"upper bounds",2,53
297,"integrable models",2,53
298,"density matrix",2,53
299,"discrete time",2,53
300,"self interaction",2,53
301,"spatial distribution",2,53
302,"infinite dimensional",2,53
303,"differential equations",2,53
304,"particle number",2,53
305,"bps states",2,53
306,"chiral symmetry breaking",3,53
307,"chiral symmetry",2,53
308,"stellar mass",2,53
309,"nuclear matter",2,53
310,"linear response",2,52
311,"new phenomena",2,52
312,"scattering amplitude",2,52
313,"statistical mechanics",2,52
314,"time scale",2,52
315,"charged particle",2,52
316,"parton model",2,52
317,"thermodynamic limit",2,52
318,"hole solutions",2,52
319,"yukawa couplings",2,52
320,"spin dependent",2,52
321,"fermion mass",2,52
322,"local group",2,52
323,"higgs boson",2,52
324,"radio sources",2,52
325,"vector mesons",2,52
326,"quantum numbers",2,51
327,"field theories",2,51
328,"double well",2,51
329,"point source",2,51
330,"galaxy ngc",2,51
331,"magnetic moment",2,51
332,"transverse momentum",2,51
333,"near threshold",2,51
334,"interacting particles",2,50
335,"scattering amplitudes",2,50
336,"momentum dependence",2,50
337,"heavy ion collisions",3,50
338,"theoretical framework",2,50
339,"steady state",2,50
340,"zero modes",2,50
341,"charged current",2,50
342,"model predicts",2,50
343,"self energy",2,50
344,"star clusters",2,50
345,"luminosity function",2,50
346,"upper limits",2,50
347,"proton collisions",2,50
348,"pb collisions",2,50
349,"molecular dynamics",2,50
350,"precision measurements",2,49
351,"theoretical calculations",2,49
352,"particle production",2,49
353,"interaction strength",2,49
354,"rich clusters",2,49
355,"faint galaxies",2,49
356,"supersymmetry breaking",2,49
357,"deep inelastic",2,49
358,"computer simulations",2,48
359,"special emphasis",2,48
360,"upper bound",2,48
361,"vector like",2,48
362,"electric fields",2,48
363,"green function",2,48
364,"dynamical fermions",2,48
365,"critical exponents",2,48
366,"einstein gravity",2,48
367,"gamma ray bursts",3,48
368,"electron systems",2,48
369,"anomalous couplings",2,48
370,"relaxation time",2,47
371,"approximation scheme",2,47
372,"non interacting",2,47
373,"free parameters",2,47
374,"dense matter",2,47
375,"short range",2,47
376,"exact diagonalization",2,47
377,"sum over",2,47
378,"long distance",2,47
379,"upper limit",2,47
380,"cold dark matter",3,47
381,"optical depth",2,47
382,"rest frame",2,47
383,"master equation",2,46
384,"pure state",2,46
385,"random phase",2,46
386,"systematic errors",2,46
387,"physical quantities",2,46
388,"general features",2,46
389,"asymptotic expansion",2,46
390,"real time",2,46
391,"differential equation",2,46
392,"gauge field",2,46
393,"low energy spectrum",3,46
394,"cosmic strings",2,46
395,"weakly coupled",2,46
396,"neutron star",2,46
397,"binary systems",2,46
398,"total cross section",3,46
399,"parton distributions",2,46
400,"short time",2,45
401,"line region",2,45
402,"canonical quantization",2,45
403,"quantum field theories",3,45
404,"partition function",2,45
405,"soliton solutions",2,45
406,"supersymmetric qcd",2,45
407,"gravitational collapse",2,45
408,"string theories",2,45
409,"central charge",2,45
410,"topological defects",2,45
411,"universality class",2,45
412,"point correlation",2,45
413,"power spectra",2,45
414,"accretion disk",2,45
415,"large scale structure",3,45
416,"galactic halo",2,45
417,"low temperatures",2,45
418,"lattice gas",2,44
419,"dirac operator",2,44
420,"briefly reviewed",2,44
421,"value problem",2,44
422,"high precision",2,44
423,"infinite number",2,44
424,"exchange interaction",2,44
425,"scalar fields",2,44
426,"dimensional reduction",2,44
427,"schwinger model",2,44
428,"observational data",2,44
429,"inner disk",2,44
430,"near infrared",2,44
431,"thermal equilibrium",2,44
432,"pion nucleon",2,44
433,"finite volume",2,43
434,"open systems",2,43
435,"infinite set",2,43
436,"non gaussian",2,43
437,"localized states",2,43
438,"massless scalar",2,43
439,"energy levels",2,43
440,"spectral density",2,43
441,"exact calculation",2,43
442,"internal energy",2,43
443,"kinetic equation",2,43
444,"experimental measurements",2,43
445,"velocity dispersion",2,43
446,"gauge group",2,43
447,"non perturbative qcd",3,43
448,"hot gas",2,43
449,"chiral perturbation theory",3,43
450,"physical interpretation",2,42
451,"kinetic theory",2,42
452,"noncommutative geometry",2,42
453,"scalar curvature",2,42
454,"quantum corrections",2,42
455,"back reaction",2,42
456,"initial data",2,42
457,"non vanishing",2,42
458,"neutron scattering",2,42
459,"self similar",2,42
460,"spin fluctuations",2,42
461,"operator product expansion",3,42
462,"fine tuning",2,42
463,"statistical analysis",2,42
464,"cosmological constant",2,42
465,"solar neutrinos",2,42
466,"ray spectrum",2,42
467,"broad band",2,42
468,"nuclear collisions",2,42
469,"single mode",2,41
470,"quantum information",2,41
471,"single photon",2,41
472,"asymptotic behavior",2,41
473,"sum rule",2,41
474,"electromagnetic fields",2,41
475,"optical potential",2,41
476,"vacuum polarization",2,41
477,"scattering processes",2,41
478,"scalar field theory",3,41
479,"fixed points",2,41
480,"bursts grbs",2,41
481,"interstellar medium",2,41
482,"dispersion relation",2,41
483,"early type",2,41
484,"radial distribution",2,41
485,"thermal fluctuations",2,41
486,"hadron colliders",2,41
487,"harmonic oscillator",2,40
488,"power series",2,40
489,"beam energy",2,40
490,"phase shift",2,40
491,"general formula",2,40
492,"gauge transformations",2,40
493,"dynamical evolution",2,40
494,"parameter family",2,40
495,"ab initio",2,40
496,"critical dimension",2,40
497,"world sheet",2,40
498,"qcd vacuum",2,40
499,"initial mass",2,40
500,"boltzmann equation",2,40
501,"surface brightness",2,40
502,"quark masses",2,40
503,"low temperature dependence",3,40
504,"class constraints",2,39
505,"physical processes",2,39
506,"normal state",2,39
507,"momentum transfer",2,39
508,"vector potential",2,39
509,"operator algebra",2,39
510,"electroweak interactions",2,39
511,"su lattice",2,39
512,"event horizon",2,39
513,"fock space",2,39
514,"feynman diagrams",2,39
515,"special attention",2,39
516,"massive stars",2,39
517,"emission line",2,39
518,"transport through",2,39
519,"meson masses",2,39
520,"electronic structure",2,39
521,"multiple scattering",2,38
522,"periodic potential",2,38
523,"necessary condition",2,38
524,"collective motion",2,38
525,"algebraic structure",2,38
526,"numerical solution",2,38
527,"expectation value",2,38
528,"arbitrary dimension",2,38
529,"electric charge",2,38
530,"integrable systems",2,38
531,"abelian gauge theories",3,38
532,"gauge invariance",2,38
533,"green functions",2,38
534,"ray flux",2,38
535,"flat spectrum",2,38
536,"electron scattering",2,38
537,"integrated luminosity",2,38
538,"neutral current",2,38
539,"semi inclusive",2,38
540,"light mesons",2,38
541,"fermi liquid",2,38
542,"schr odinger",2,37
543,"strong enough",2,37
544,"global symmetries",2,37
545,"direct measurement",2,37
546,"complex plane",2,37
547,"scattering off",2,37
548,"high frequency",2,37
549,"long time",2,37
550,"numerical simulation",2,37
551,"planck scale",2,37
552,"explicit construction",2,37
553,"brane solutions",2,37
554,"super yang mills",3,37
555,"second part",2,37
556,"third order",2,37
557,"mass term",2,37
558,"brane configurations",2,37
559,"light ratio",2,37
560,"kinetic energy",2,37
561,"main sequence stars",3,37
562,"high velocity",2,37
563,"complete calculation",2,37
564,"neutrino oscillations",2,37
565,"transport properties",2,37
566,"hall effect",2,37
567,"critical exponent",2,37
568,"quark gluon plasma",3,37
569,"static spherically symmetric",3,36
570,"off diagonal",2,36
571,"euclidean space",2,36
572,"mean value",2,36
573,"explicit expressions",2,36
574,"physical conditions",2,36
575,"first principles",2,36
576,"integral equation",2,36
577,"vacuum state",2,36
578,"nearest neighbor",2,36
579,"non linear sigma model",4,36
580,"topological charge",2,36
581,"internal structure",2,36
582,"quenched disorder",2,36
583,"emission lines",2,36
584,"galactic center",2,36
585,"physical parameters",2,36
586,"radio source",2,36
587,"half filling",2,36
588,"range interactions",2,36
589,"theoretical analysis",2,36
590,"branching ratios",2,36
591,"minimal supersymmetric standard model",4,36
592,"heavy quark mass",3,36
593,"heavy ion",2,36
594,"standard model mssm",3,36
595,"excitation spectrum",2,35
596,"self interacting",2,35
597,"giving rise",2,35
598,"hadron masses",2,35
599,"simple analytical",2,35
600,"stability analysis",2,35
601,"hawking radiation",2,35
602,"mixing angle",2,35
603,"quenched approximation",2,35
604,"complete sample",2,35
605,"hst observations",2,35
606,"scale structure",2,35
607,"nucleon interaction",2,35
608,"nuclear physics",2,35
609,"running coupling",2,35
610,"disordered systems",2,35
611,"current voltage",2,35
612,"cluster system",2,34
613,"vortex dynamics",2,34
614,"many features",2,34
615,"finite range",2,34
616,"leading term",2,34
617,"group approach",2,34
618,"large numbers",2,34
619,"inverse scattering",2,34
620,"long range interactions",3,34
621,"strongly correlated",2,34
622,"fundamental representation",2,34
623,"unified theories",2,34
624,"non thermal",2,34
625,"stress energy",2,34
626,"nambu jona lasinio model",4,34
627,"parity violating",2,34
628,"light front",2,34
629,"full set",2,34
630,"long wavelength",2,34
631,"sky survey",2,34
632,"invariant mass",2,34
633,"elastic scattering",2,34
634,"nuclear medium",2,34
635,"obtain information",2,33
636,"abelian gauge",2,33
637,"agrees well",2,33
638,"schr odinger equation",3,33
639,"scale invariance",2,33
640,"explicit formula",2,33
641,"mesoscopic systems",2,33
642,"noise ratio",2,33
643,"band structure",2,33
644,"yang mills theory",3,33
645,"dilaton gravity",2,33
646,"curved spacetime",2,33
647,"momentum tensor",2,33
648,"power corrections",2,33
649,"electric field",2,33
650,"non universal",2,33
651,"coma cluster",2,33
652,"electron proton",2,33
653,"surface density",2,33
654,"first detection",2,33
655,"gravitational lensing",2,33
656,"quark gluon",2,33
657,"semileptonic decays",2,33
658,"metal insulator transition",3,33
659,"physical observables",2,32
660,"integral representation",2,32
661,"stochastic process",2,32
662,"periodic boundary conditions",3,32
663,"point correlation function",3,32
664,"functional form",2,32
665,"higher dimensional",2,32
666,"sigma models",2,32
667,"type iib string theory",4,32
668,"spectral index",2,32
669,"external magnetic field",3,32
670,"phase shifts",2,32
671,"models predict",2,32
672,"strong constraints",2,32
673,"ray sources",2,32
674,"higher energies",2,32
675,"type stars",2,32
676,"lattice spacing",2,32
677,"chaotic systems",2,32
678,"contact interactions",2,32
679,"psi production",2,32
680,"weak decays",2,32
681,"lattice gauge",2,32
682,"metal insulator",2,32
683,"statistical errors",2,31
684,"main features",2,31
685,"simple analytic",2,31
686,"theoretical description",2,31
687,"spatial dimensions",2,31
688,"spatial correlations",2,31
689,"absorption system",2,31
690,"charge density",2,31
691,"coupled channel",2,31
692,"generating functions",2,31
693,"fundamental group",2,31
694,"structure constants",2,31
695,"input parameters",2,31
696,"central charges",2,31
697,"zero mode",2,31
698,"differential operators",2,31
699,"topological invariants",2,31
700,"surface gravity",2,31
701,"renormalization group approach",3,31
702,"fine structure",2,31
703,"hole entropy",2,31
704,"electroweak theory",2,31
705,"baryon number",2,31
706,"extended objects",2,31
707,"parameters describing",2,31
708,"self gravitating",2,31
709,"thermodynamic properties",2,31
710,"two flavor",2,31
711,"stellar population",2,31
712,"absorption line",2,31
713,"white dwarf",2,31
714,"preliminary analysis",2,31
715,"gamma ray",2,31
716,"observational constraints",2,31
717,"radio jet",2,31
718,"optical spectroscopy",2,31
719,"standard model independent",3,31
720,"resonance region",2,31
721,"scattering process",2,31
722,"phenomenological models",2,31
723,"standard model sm",3,31
724,"minimal supersymmetric extension",3,31
725,"experimental studies",2,30
726,"impact parameter",2,30
727,"operator product",2,30
728,"negative energy",2,30
729,"nuclear spin",2,30
730,"experimental tests",2,30
731,"expectation values",2,30
732,"analytic expressions",2,30
733,"initial value",2,30
734,"non compact",2,30
735,"mixed state",2,30
736,"energy loss",2,30
737,"consistent description",2,30
738,"too large",2,30
739,"critical points",2,30
740,"unified models",2,30
741,"supersymmetric yang mills",3,30
742,"nonlinear sigma model",3,30
743,"nf flavors",2,30
744,"calabi yau",2,30
745,"flat space",2,30
746,"energy gap",2,30
747,"gravitational waves",2,30
748,"globular cluster",2,30
749,"velocity fields",2,30
750,"red giant",2,30
751,"during inflation",2,30
752,"hubble constant",2,30
753,"compact objects",2,30
754,"cosmic rays",2,30
755,"strong magnetic field",3,30
756,"below tc",2,30
757,"kev range",2,30
758,"production rate",2,30
759,"parity violation",2,30
760,"magnetic moments",2,30
761,"rho meson",2,30
762,"thin films",2,30
763,"many particle",2,29
764,"time scales",2,29
765,"mixed states",2,29
766,"lorentz invariance",2,29
767,"bethe ansatz",2,29
768,"uniform magnetic field",3,29
769,"simple lie algebra",3,29
770,"average value",2,29
771,"equivalence principle",2,29
772,"hall systems",2,29
773,"electromagnetic interactions",2,29
774,"gauge field theory",3,29
775,"line shape",2,29
776,"transfer matrix",2,29
777,"dispersion relations",2,29
778,"flow equations",2,29
779,"antisymmetric tensor",2,29
780,"de sitter",2,29
781,"fermion masses",2,29
782,"ward identities",2,29
783,"heterotic string theory",3,29
784,"experimental value",2,29
785,"stable under",2,29
786,"scalar sector",2,29
787,"domain wall",2,29
788,"well suited",2,29
789,"loop correction",2,29
790,"primordial nucleosynthesis",2,29
791,"inflationary universe",2,29
792,"central region",2,29
793,"open clusters",2,29
794,"mass energies",2,29
795,"massive neutrinos",2,29
796,"self consistently",2,29
797,"total mass",2,29
798,"nucleus collisions",2,29
799,"simeq gev",2,29
800,"imaginary part",2,29
801,"heavy quarks",2,29
802,"axial vector",2,29
803,"total cross sections",3,29
804,"fixed target",2,29
805,"inelastic neutron scattering",3,29
806,"large q2",2,29
807,"high frequencies",2,28
808,"special relativity",2,28
809,"physical origin",2,28
810,"analytical solutions",2,28
811,"annihilation operators",2,28
812,"complex numbers",2,28
813,"riemannian metric",2,28
814,"mode coupling",2,28
815,"soft photons",2,28
816,"saddle point",2,28
817,"maxwell theory",2,28
818,"energy dissipation",2,28
819,"two dimensional reduction",3,28
820,"spin degrees",2,28
821,"square root",2,28
822,"normal form",2,28
823,"size corrections",2,28
824,"dirac fermions",2,28
825,"open string",2,28
826,"asymptotically flat",2,28
827,"length scales",2,28
828,"invariant formulation",2,28
829,"quark antiquark",2,28
830,"stress tensor",2,28
831,"gamma ray flux",3,28
832,"hubble space telescope",3,28
833,"cosmic microwave background anisotropy",4,28
834,"phenomenological analysis",2,28
835,"galaxy clustering",2,28
836,"q2 dependence",2,28
837,"gravitational wave",2,28
838,"pi nu",2,28
839,"two dimensional ising model",4,28
840,"pi scattering",2,28
841,"particle hole",2,28
842,"threshold region",2,28
843,"differential cross sections",3,28
844,"fermilab tevatron",2,28
845,"boson production",2,28
846,"matrix element",2,28
847,"cond mat",2,28
848,"aharonov bohm",2,27
849,"perturbation series",2,27
850,"tensor products",2,27
851,"total number",2,27
852,"spin connection",2,27
853,"phase space time",3,27
854,"gaussian random",2,27
855,"necessary conditions",2,27
856,"integration over",2,27
857,"beta functions",2,27
858,"high ionization",2,27
859,"partition functions",2,27
860,"exact expressions",2,27
861,"limiting case",2,27
862,"hard scattering",2,27
863,"simplified model",2,27
864,"mass differences",2,27
865,"higher dimensions",2,27
866,"spectral functions",2,27
867,"adjoint representation",2,27
868,"background metric",2,27
869,"higgs mechanism",2,27
870,"scale invariant",2,27
871,"perturbation expansion",2,27
872,"universality classes",2,27
873,"hamiltonian formulation",2,27
874,"real part",2,27
875,"finite temperatures",2,27
876,"type iia",2,27
877,"natural explanation",2,27
878,"individual galaxies",2,27
879,"periodic orbits",2,27
880,"radial velocity",2,27
881,"kev band",2,27
882,"column density",2,27
883,"variable stars",2,27
884,"active galaxies",2,27
885,"light curve",2,27
886,"spiral galaxy",2,27
887,"energy scales",2,27
888,"confidence level",2,27
889,"detailed description",2,27
890,"integral over",2,27
891,"scaling exponents",2,27
892,"baryon asymmetry",2,27
893,"random potential",2,27
894,"grand unification",2,27
895,"qcd sum rules",3,27
896,"first moment",2,27
897,"neutrino mass",2,27
898,"electroweak symmetry breaking",3,27
899,"charm production",2,27
900,"single crystals",2,27
901,"eigenvalue problem",2,26
902,"ladder system",2,26
903,"schrodinger equation",2,26
904,"transformation properties",2,26
905,"schroedinger equation",2,26
906,"tight binding",2,26
907,"plane waves",2,26
908,"four manifold",2,26
909,"special geometry",2,26
910,"numerical estimates",2,26
911,"continuous spectrum",2,26
912,"forward backward",2,26
913,"analytical approach",2,26
914,"finite difference",2,26
915,"vacuum expectation values",3,26
916,"relativistic electrons",2,26
917,"scattering length",2,26
918,"average over",2,26
919,"two dimensional electron",3,26
920,"harmonic functions",2,26
921,"extremal black holes",3,26
922,"simplest case",2,26
923,"lie algebras",2,26
924,"coupling strength",2,26
925,"riemann surfaces",2,26
926,"duality symmetries",2,26
927,"conformal invariance",2,26
928,"flux line",2,26
929,"non singular",2,26
930,"invariance under",2,26
931,"four fermion",2,26
932,"gauge bosons",2,26
933,"singlet triplet",2,26
934,"ray binaries",2,26
935,"cooling flow",2,26
936,"asca spectra",2,26
937,"hydrodynamic simulations",2,26
938,"density profile",2,26
939,"asca observations",2,26
940,"chemical evolution",2,26
941,"cosmological parameters",2,26
942,"particle spectra",2,26
943,"neutral gas",2,26
944,"high degree",2,26
945,"large area",2,26
946,"reaction rate",2,26
947,"numerical solutions",2,26
948,"supergravity models",2,26
949,"structure factor",2,26
950,"meson production",2,26
951,"pion production",2,26
952,"constituent quarks",2,26
953,"quantum computers",2,25
954,"photon number",2,25
955,"stationary solutions",2,25
956,"direct observation",2,25
957,"basic features",2,25
958,"isolated system",2,25
959,"auxiliary fields",2,25
960,"magnetic resonance",2,25
961,"long period",2,25
962,"josephson junctions",2,25
963,"experimental observation",2,25
964,"impurity scattering",2,25
965,"einstein condensate",2,25
966,"band gap",2,25
967,"series expansion",2,25
968,"synchrotron radiation",2,25
969,"inverse problem",2,25
970,"adiabatic approximation",2,25
971,"first order parameter",3,25
972,"discrete symmetries",2,25
973,"gap equation",2,25
974,"momentum dependent",2,25
975,"toric varieties",2,25
976,"result agrees",2,25
977,"supergravity theories",2,25
978,"kaluza klein",2,25
979,"experimental values",2,25
980,"new developments",2,25
981,"color singlet",2,25
982,"decay widths",2,25
983,"cluster dynamics",2,25
984,"central source",2,25
985,"mass fraction",2,25
986,"spectroscopic observations",2,25
987,"spectral features",2,25
988,"spiral galaxies",2,25
989,"alpha emission",2,25
990,"central star",2,25
991,"burst grb",2,25
992,"high energy spectrum",3,25
993,"astro ph",2,25
994,"orbital period",2,25
995,"scale lambda",2,25
996,"scale dependence",2,25
997,"diffusion equation",2,25
998,"second order parameter",3,25
999,"penetration depth",2,25
1000,"too small",2,25
1001,"low lying",2,25
1002,"linear collider",2,25
1003,"hadronic final state",3,25
1004,"existing experimental data",3,25
1005,"pairing interaction",2,25
1006,"quantum monte carlo",3,25
1007,"polynomial time",2,24
1008,"mean square",2,24
1009,"equal time",2,24
1010,"standard deviations",2,24
1011,"monte carlo algorithm",3,24
1012,"commutation relations",2,24
1013,"electromagnetic field",2,24
1014,"stationary state",2,24
1015,"nonlinear evolution",2,24
1016,"su yang mills",3,24
1017,"conduction electrons",2,24
1018,"two dimensional electron system",4,24
1019,"mass shift",2,24
1020,"path integral approach",3,24
1021,"stability against",2,24
1022,"excitation spectra",2,24
1023,"transmission through",2,24
1024,"confining potential",2,24
1025,"spin correlation",2,24
1026,"physical mechanism",2,24
1027,"explicit calculation",2,24
1028,"three body",2,24
1029,"repulsive interaction",2,24
1030,"riemann surface",2,24
1031,"string cosmology",2,24
1032,"string tension",2,24
1033,"brane dynamics",2,24
1034,"target space",2,24
1035,"phase transition occurs",3,24
1036,"supersymmetric particles",2,24
1037,"spin chains",2,24
1038,"chiral anomaly",2,24
1039,"vector bundles",2,24
1040,"chern simons theory",3,24
1041,"differential cross section",3,24
1042,"asymptotically free",2,24
1043,"mass matrix",2,24
1044,"deep field",2,24
1045,"flat universe",2,24
1046,"magnetic field strength",3,24
1047,"expansion rate",2,24
1048,"fractal dimension",2,24
1049,"hadronic matter",2,24
1050,"intermediate states",2,24
1051,"full qcd",2,24
1052,"electroweak scale",2,24
1053,"spontaneous symmetry",2,24
1054,"collective modes",2,24
1055,"nonequilibrium dynamics",2,24
1056,"theoretical understanding",2,24
1057,"binding energies",2,24
1058,"proton spin",2,24
1059,"excitation energies",2,24
1060,"cern sps",2,24
1061,"qcd sum rule",3,24
1062,"decay amplitudes",2,24
1063,"virtual photon",2,24
1064,"high q2 events",3,24
1065,"relativistic heavy ion collisions",4,24
1066,"electroweak baryogenesis",2,24
1067,"first principles calculations",3,24
1068,"search algorithm",2,23
1069,"linear combinations",2,23
1070,"lambda sigma",2,23
1071,"wave packet",2,23
1072,"computer simulation",2,23
1073,"vacuum fluctuations",2,23
1074,"neutrino flux",2,23
1075,"symplectic form",2,23
1076,"explicit expression",2,23
1077,"heat bath",2,23
1078,"basis set",2,23
1079,"effective lagrangians",2,23
1080,"radiation field",2,23
1081,"particle creation",2,23
1082,"extended supersymmetry",2,23
1083,"higher derivative",2,23
1084,"quantum chaos",2,23
1085,"angular distribution",2,23
1086,"difference operators",2,23
1087,"conservation laws",2,23
1088,"nonlinear regime",2,23
1089,"dynamical variables",2,23
1090,"lattice gauge theory",3,23
1091,"open strings",2,23
1092,"loop approximation",2,23
1093,"vortex solutions",2,23
1094,"bundle over",2,23
1095,"leading twist",2,23
1096,"anomalous dimensions",2,23
1097,"second class",2,23
1098,"point correlation functions",3,23
1099,"lower limits",2,23
1100,"low redshift",2,23
1101,"radiative transfer",2,23
1102,"active galactic nuclei agn",4,23
1103,"density perturbations",2,23
1104,"gravitational field theory",3,23
1105,"core radius",2,23
1106,"constant lambda",2,23
1107,"extract information",2,23
1108,"molecular clouds",2,23
1109,"high accuracy",2,23
1110,"gravitational potential",2,23
1111,"photometric data",2,23
1112,"charge transfer",2,23
1113,"size scaling",2,23
1114,"gamma ray afterglow",3,23
1115,"temperature dependent",2,23
1116,"agree within",2,23
1117,"lowest energy",2,23
1118,"toy model",2,23
1119,"renormalization scheme",2,23
1120,"critical behaviour",2,23
1121,"anomalous dimension",2,23
1122,"polarized structure",2,23
1123,"light nuclei",2,23
1124,"three phases",2,23
1125,"rare decay",2,23
1126,"pi0 eta",2,23
1127,"spin asymmetries",2,23
1128,"large hadron",2,23
1129,"decay constants",2,23
1130,"ultrarelativistic heavy ion collisions",4,23
1131,"tan beta",2,23
1132,"wave superconductors",2,23
1133,"particles moving",2,22
1134,"uncertainty relation",2,22
1135,"perpendicular magnetic",2,22
1136,"macroscopic quantum",2,22
1137,"average number",2,22
1138,"boundary condition",2,22
1139,"analytic calculations",2,22
1140,"novel features",2,22
1141,"fourier transform",2,22
1142,"accurate measurements",2,22
1143,"theoretical studies",2,22
1144,"fokker planck",2,22
1145,"relativistic quantum",2,22
1146,"combined effect",2,22
1147,"lower bounds",2,22
1148,"nearest neighbour",2,22
1149,"asymptotic freedom",2,22
1150,"zeta function",2,22
1151,"test particle",2,22
1152,"binding energy",2,22
1153,"hartree fock approximation",3,22
1154,"constraint equations",2,22
1155,"spectral curve",2,22
1156,"wide class",2,22
1157,"smooth projective",2,22
1158,"dimensional regularization",2,22
1159,"yang baxter equation",3,22
1160,"black hole entropy",3,22
1161,"consistent picture",2,22
1162,"pure gauge",2,22
1163,"type iia string theory",4,22
1164,"skyrme model",2,22
1165,"instanton induced",2,22
1166,"duality transformation",2,22
1167,"condensed matter",2,22
1168,"supersymmetric gauge",2,22
1169,"chiral condensate",2,22
1170,"molecular cloud",2,22
1171,"galactic rotation",2,22
1172,"absorption lines",2,22
1173,"brown dwarfs",2,22
1174,"high energy density",3,22
1175,"young stars",2,22
1176,"supernova explosion",2,22
1177,"galactic disk",2,22
1178,"evolutionary models",2,22
1179,"expanding universe",2,22
1180,"simple expression",2,22
1181,"emission features",2,22
1182,"host galaxy",2,22
1183,"large angle",2,22
1184,"right handed",2,22
1185,"born approximation",2,22
1186,"rho omega",2,22
1187,"simple phenomenological",2,22
1188,"spectral evolution",2,22
1189,"long lived",2,22
1190,"weyl group",2,22
1191,"perturbative corrections",2,22
1192,"linear sigma model",3,22
1193,"composite fermions",2,22
1194,"numerical methods",2,22
1195,"well separated",2,22
1196,"coordinate space",2,22
1197,"angular distributions",2,22
1198,"banach spaces",2,22
1199,"edge states",2,22
1200,"gev c2",2,22
1201,"transverse energy",2,22
1202,"branching fractions",2,22
1203,"poisson brackets",2,21
1204,"algebraic structures",2,21
1205,"gravitational field equations",3,21
1206,"quantum coherence",2,21
1207,"physical meaning",2,21
1208,"bose gas",2,21
1209,"von neumann",2,21
1210,"lorentz symmetry",2,21
1211,"non abelian gauge",3,21
1212,"transition amplitude",2,21
1213,"angular velocity",2,21
1214,"feynman integrals",2,21
1215,"algebra generated",2,21
1216,"end point",2,21
1217,"model possesses",2,21
1218,"lie group",2,21
1219,"thermodynamic functions",2,21
1220,"small enough",2,21
1221,"supersymmetric extension",2,21
1222,"integral representations",2,21
1223,"sine gordon",2,21
1224,"non commutative",2,21
1225,"self contained",2,21
1226,"vertex operators",2,21
1227,"five dimensions",2,21
1228,"supersymmetry algebra",2,21
1229,"dynamically generated",2,21
1230,"five dimensional",2,21
1231,"duality invariant",2,21
1232,"continuum source",2,21
1233,"semiclassical approach",2,21
1234,"running coupling constant",3,21
1235,"proper time",2,21
1236,"wilson loop",2,21
1237,"critical phenomena",2,21
1238,"vacuum expectation value",3,21
1239,"perturbative calculations",2,21
1240,"bethe lattice",2,21
1241,"massive quarks",2,21
1242,"minkowski space",2,21
1243,"analytic functions",2,21
1244,"bethe salpeter",2,21
1245,"rich cluster",2,21
1246,"beta decay",2,21
1247,"optical counterparts",2,21
1248,"observations confirm",2,21
1249,"optical surveys",2,21
1250,"local universe",2,21
1251,"response functions",2,21
1252,"well correlated",2,21
1253,"ionized gas",2,21
1254,"synchrotron emission",2,21
1255,"position angle",2,21
1256,"intermediate mass",2,21
1257,"high statistics",2,21
1258,"optical counterpart",2,21
1259,"first error",2,21
1260,"cosmological perturbations",2,21
1261,"filling factor",2,21
1262,"absolute magnitude",2,21
1263,"kinematic range",2,21
1264,"post newtonian",2,21
1265,"spin orbit",2,21
1266,"hopf algebra",2,21
1267,"free energies",2,21
1268,"hartree fock",2,21
1269,"pion decay",2,21
1270,"opal detector",2,21
1271,"mh gev",2,21
1272,"magnetic susceptibility",2,21
1273,"improved actions",2,21
1274,"non singlet",2,21
1275,"majorana neutrinos",2,21
1276,"xs gamma",2,21
1277,"unitarity triangle",2,21
1278,"cuprate superconductors",2,21
1279,"superconducting gap",2,21
1280,"third generation",2,20
1281,"massless particles",2,20
1282,"entangled states",2,20
1283,"maximum entropy",2,20
1284,"aharonov bohm effect",3,20
1285,"supersymmetric generalization",2,20
1286,"non locality",2,20
1287,"quasi linear",2,20
1288,"contact interaction",2,20
1289,"quantum computing",2,20
1290,"physical degrees",2,20
1291,"spin glass",2,20
1292,"coupling unification",2,20
1293,"probability distributions",2,20
1294,"probability density",2,20
1295,"canonical transformation",2,20
1296,"physical applications",2,20
1297,"classical electrodynamics",2,20
1298,"symplectic manifolds",2,20
1299,"main theorem",2,20
1300,"bose einstein correlations",3,20
1301,"phi meson",2,20
1302,"analytical expressions",2,20
1303,"bosonic sector",2,20
1304,"infty algebra",2,20
1305,"charge conservation",2,20
1306,"control parameters",2,20
1307,"frequency omega",2,20
1308,"reasonable values",2,20
1309,"long term",2,20
1310,"relative motion",2,20
1311,"free fermions",2,20
1312,"asymptotic analysis",2,20
1313,"elliptic curves",2,20
1314,"generating function",2,20
1315,"treated within",2,20
1316,"central extension",2,20
1317,"model building",2,20
1318,"write down",2,20
1319,"spacetime dimensions",2,20
1320,"vector boson",2,20
1321,"phi pi",2,20
1322,"softly broken",2,20
1323,"dimensionally reduced",2,20
1324,"left right symmetric",3,20
1325,"vector current",2,20
1326,"universal scaling",2,20
1327,"emission rates",2,20
1328,"sensitive probe",2,20
1329,"fundamental strings",2,20
1330,"extended version",2,20
1331,"repulsive interactions",2,20
1332,"metal lines",2,20
1333,"active nucleus",2,20
1334,"cosmic microwave",2,20
1335,"age metallicity",2,20
1336,"transition occurs",2,20
1337,"dwarf galaxies",2,20
1338,"halo stars",2,20
1339,"high resolution spectra",3,20
1340,"density profiles",2,20
1341,"distance scale",2,20
1342,"massive black holes",3,20
1343,"normal metal",2,20
1344,"proper motions",2,20
1345,"high redshifts",2,20
1346,"lensing galaxy",2,20
1347,"atmospheric neutrinos",2,20
1348,"supernova remnant",2,20
1349,"quantitative analysis",2,20
1350,"neutrino problem",2,20
1351,"resolution spectra",2,20
1352,"expansion around",2,20
1353,"flavor mixing",2,20
1354,"flux lines",2,20
1355,"negative values",2,20
1356,"two loop corrections",3,20
1357,"perfect fluid",2,20
1358,"two loops",2,20
1359,"coefficient functions",2,20
1360,"electronic systems",2,20
1361,"two higgs",2,20
1362,"neural network",2,20
1363,"strange quark",2,20
1364,"intermediate regime",2,20
1365,"landau level",2,20
1366,"d0 bar",2,20
1367,"tau decays",2,20
1368,"higgs boson production",3,20
1369,"decay modes",2,20
1370,"pion mass",2,20
1371,"mixing angles",2,20
1372,"single crystal",2,20
1373,"superconducting phase",2,20
1374,"tunneling conductance",2,20
1375,"unified approach",2,19
1376,"half plane",2,19
1377,"phase coherence",2,19
1378,"wigner function",2,19
1379,"constraints imposed",2,19
1380,"second quantization",2,19
1381,"orbital motion",2,19
1382,"parametric resonance",2,19
1383,"density operator",2,19
1384,"optical wavelengths",2,19
1385,"solid state",2,19
1386,"brownian motion",2,19
1387,"algebraic approach",2,19
1388,"rank two",2,19
1389,"highest weight",2,19
1390,"formation process",2,19
1391,"point contact",2,19
1392,"ordinary particles",2,19
1393,"dynamical supersymmetry",2,19
1394,"approx gev",2,19
1395,"elementary particles",2,19
1396,"three generation",2,19
1397,"orthogonal polynomials",2,19
1398,"photons emitted",2,19
1399,"random matrices",2,19
1400,"ii regions",2,19
1401,"brane actions",2,19
1402,"solvable model",2,19
1403,"phase transition form",3,19
1404,"monte carlo technique",3,19
1405,"quantum field equations",3,19
1406,"bethe ansatz equations",3,19
1407,"calabi yau threefolds",3,19
1408,"hard thermal",2,19
1409,"three loop",2,19
1410,"tensor product",2,19
1411,"superstring theory",2,19
1412,"rotating black holes",3,19
1413,"massive fermions",2,19
1414,"cross over",2,19
1415,"covariant formulation",2,19
1416,"thermodynamic quantities",2,19
1417,"elementary excitations",2,19
1418,"transition amplitudes",2,19
1419,"relativistic corrections",2,19
1420,"atrix theory",2,19
1421,"mass formula",2,19
1422,"electroweak phase transition",3,19
1423,"uv emission",2,19
1424,"diffuse galactic",2,19
1425,"luminosity relation",2,19
1426,"dark matter halos",3,19
1427,"high quality",2,19
1428,"molecular hydrogen",2,19
1429,"small angles",2,19
1430,"optically thick",2,19
1431,"gravitational lens",2,19
1432,"sound speed",2,19
1433,"companion star",2,19
1434,"microlensing events",2,19
1435,"molecular gas",2,19
1436,"extragalactic sources",2,19
1437,"baryon density",2,19
1438,"differential geometry",2,19
1439,"level statistics",2,19
1440,"length scale",2,19
1441,"proper motion",2,19
1442,"electron density",2,19
1443,"vacuum einstein",2,19
1444,"chemical abundances",2,19
1445,"strong magnetic",2,19
1446,"general arguments",2,19
1447,"spectral statistics",2,19
1448,"mass gap",2,19
1449,"variational approach",2,19
1450,"discrete symmetry",2,19
1451,"coupled scalar",2,19
1452,"spin period",2,19
1453,"transition form",2,19
1454,"bar b0",2,19
1455,"wilson fermions",2,19
1456,"state potts model",3,19
1457,"projective space",2,19
1458,"broad range",2,19
1459,"heavy nuclei",2,19
1460,"lepton pairs",2,19
1461,"parity violating couplings",3,19
1462,"tevatron collider",2,19
1463,"lightest neutralino",2,19
1464,"rare decays",2,19
1465,"random phase transition",3,19
1466,"light quark",2,19
1467,"drell yan",2,19
1468,"hera anomaly",2,19
1469,"dinger equation",2,18
1470,"hamiltonian structures",2,18
1471,"data sets",2,18
1472,"hydrogen atom",2,18
1473,"white noise",2,18
1474,"structural properties",2,18
1475,"precision observables",2,18
1476,"raman scattering",2,18
1477,"direct determination",2,18
1478,"electromagnetic radiation",2,18
1479,"direct product",2,18
1480,"metastable states",2,18
1481,"well approximated",2,18
1482,"data recorded",2,18
1483,"external force",2,18
1484,"spatially extended",2,18
1485,"microscopic transport",2,18
1486,"poisson structures",2,18
1487,"bounded below",2,18
1488,"new concept",2,18
1489,"sine gordon model",3,18
1490,"simple derivation",2,18
1491,"wave amplitudes",2,18
1492,"sigma term",2,18
1493,"duality transformations",2,18
1494,"geometrical structure",2,18
1495,"yukawa coupling",2,18
1496,"problem onto",2,18
1497,"covariant action",2,18
1498,"superconducting phase transition",3,18
1499,"batalin vilkovisky",2,18
1500,"near extremal black holes",4,18
1501,"current algebra",2,18
1502,"moduli fields",2,18
1503,"coulomb gas",2,18
1504,"global star",2,18
1505,"brans dicke",2,18
1506,"perturbative regime",2,18
1507,"renormalization group methods",3,18
1508,"energy condition",2,18
1509,"type quarks",2,18
1510,"quantum cosmology",2,18
1511,"scale factor",2,18
1512,"dissipative particle",2,18
1513,"minimally coupled",2,18
1514,"apparent horizon",2,18
1515,"natural language",2,18
1516,"duality relations",2,18
1517,"band light",2,18
1518,"analytic continuation",2,18
1519,"mirror symmetry",2,18
1520,"symmetric spaces",2,18
1521,"group theoretical",2,18
1522,"linear stability",2,18
1523,"gaugino masses",2,18
1524,"non perturbatively",2,18
1525,"equal mass",2,18
1526,"radiation emitted",2,18
1527,"radio galaxy",2,18
1528,"radio continuum",2,18
1529,"soft component",2,18
1530,"decay mode",2,18
1531,"within pc",2,18
1532,"massive star",2,18
1533,"experimental constraints",2,18
1534,"zero recoil",2,18
1535,"redshift distribution",2,18
1536,"mechanism responsible",2,18
1537,"sample size",2,18
1538,"charged pions",2,18
1539,"production rates",2,18
1540,"inner regions",2,18
1541,"parameter omega",2,18
1542,"quantum dot",2,18
1543,"cosmic microwave background radiation",4,18
1544,"gamma approx",2,18
1545,"energies below",2,18
1546,"electron positron annihilation",3,18
1547,"abelian groups",2,18
1548,"singular point",2,18
1549,"large nc",2,18
1550,"exactly solvable",2,18
1551,"system undergoes",2,18
1552,"torsion free",2,18
1553,"extended hubbard model",3,18
1554,"physical phenomena",2,18
1555,"least up",2,18
1556,"cp violating",2,18
1557,"phase ordering",2,18
1558,"high tc",2,18
1559,"double exchange",2,18
1560,"series expansions",2,18
1561,"pp collisions",2,18
1562,"jet events",2,18
1563,"muon decay",2,18
1564,"leptonic decays",2,18
1565,"low q2",2,18
1566,"k0 bar",2,18
1567,"jet production",2,18
1568,"linear colliders",2,18
1569,"conductance fluctuations",2,18
1570,"luttinger liquid",2,18
1571,"tc superconductors",2,18
1572,"spin gap",2,18
1573,"anderson model",2,18
1574,"band hubbard model",3,18
1575,"quantum error",2,17
1576,"mechanical systems",2,17
1577,"dirichlet boundary conditions",3,17
1578,"hamiltonian describing",2,17
1579,"berry phase",2,17
1580,"inner product",2,17
1581,"measurement problem",2,17
1582,"constrained system",2,17
1583,"level atom",2,17
1584,"polarized electrons",2,17
1585,"lecture notes",2,17
1586,"wave packets",2,17
1587,"exponential decay",2,17
1588,"positive definite",2,17
1589,"path integral representation",3,17
1590,"experimental limits",2,17
1591,"space time evolution",3,17
1592,"classical trajectories",2,17
1593,"microscopic origin",2,17
1594,"field theoretical",2,17
1595,"scale dependent",2,17
1596,"spatially homogeneous",2,17
1597,"dilute gas",2,17
1598,"coarse grained",2,17
1599,"maxwell equations",2,17
1600,"electron beam",2,17
1601,"mode frequencies",2,17
1602,"multi particle",2,17
1603,"noise level",2,17
1604,"plane wave",2,17
1605,"propagation through",2,17
1606,"variational principle",2,17
1607,"total energy density",3,17
1608,"simple explanation",2,17
1609,"spin ladder",2,17
1610,"fusion rules",2,17
1611,"supersymmetric extensions",2,17
1612,"singular behaviour",2,17
1613,"fundamental representations",2,17
1614,"data reduction",2,17
1615,"hamiltonian constraint",2,17
1616,"reaction diffusion",2,17
1617,"feynman rules",2,17
1618,"born infeld",2,17
1619,"five brane",2,17
1620,"wess zumino model",3,17
1621,"ten dimensions",2,17
1622,"horizon area",2,17
1623,"higgs sector",2,17
1624,"asymptotic form",2,17
1625,"higgs fields",2,17
1626,"quasi particle",2,17
1627,"minkowski spacetime",2,17
1628,"mass eigenstates",2,17
1629,"random matrix",2,17
1630,"orbital angular momentum",3,17
1631,"duality relation",2,17
1632,"tensor multiplets",2,17
1633,"massive scalar",2,17
1634,"spontaneous breaking",2,17
1635,"absorption cross sections",3,17
1636,"configurations generated",2,17
1637,"simple scaling",2,17
1638,"careful analysis",2,17
1639,"first derivative",2,17
1640,"renormalization procedure",2,17
1641,"anomalous magnetic moment",3,17
1642,"mass square",2,17
1643,"infra red",2,17
1644,"normal nuclear",2,17
1645,"perturbative renormalization",2,17
1646,"symmetric phase",2,17
1647,"galactic bar",2,17
1648,"orbital parameters",2,17
1649,"analytic solution",2,17
1650,"wind model",2,17
1651,"color magnitude diagrams",3,17
1652,"detection rate",2,17
1653,"sn 1987a",2,17
1654,"current understanding",2,17
1655,"spin down",2,17
1656,"ray binary",2,17
1657,"peak flux",2,17
1658,"hydrostatic equilibrium",2,17
1659,"high redshift survey",3,17
1660,"entire range",2,17
1661,"hybrid inflation",2,17
1662,"black hole candidate",3,17
1663,"active galactic nuclei",3,17
1664,"stringent constraints",2,17
1665,"ray luminosity lx",3,17
1666,"gamma ray emission",3,17
1667,"scaling analysis",2,17
1668,"globular cluster ngc",3,17
1669,"enhancement factor",2,17
1670,"heavy elements",2,17
1671,"hard core",2,17
1672,"simultaneous observations",2,17
1673,"statistically significant",2,17
1674,"inflationary cosmology",2,17
1675,"cosmic ray",2,17
1676,"absolute values",2,17
1677,"radiative decay",2,17
1678,"theoretical prediction",2,17
1679,"band images",2,17
1680,"production mechanisms",2,17
1681,"surface tension",2,17
1682,"random fields",2,17
1683,"left right handed",3,17
1684,"lower energies",2,17
1685,"meson system",2,17
1686,"replica approach",2,17
1687,"abelian gauge theory",3,17
1688,"asymptotic behaviour",2,17
1689,"quark confinement",2,17
1690,"semi infinite",2,17
1691,"tev gamma",2,17
1692,"strong enhancement",2,17
1693,"vertex function",2,17
1694,"hydrodynamic equations",2,17
1695,"viscous fluid",2,17
1696,"numerical techniques",2,17
1697,"stat syst",2,17
1698,"induced reactions",2,17
1699,"lepton pair production",3,17
1700,"nucleon scattering",2,17
1701,"charged lepton",2,17
1702,"decay channels",2,17
1703,"mixing matrix",2,17
1704,"charge exchange",2,17
1705,"two dimensional disordered",3,17
1706,"antiferromagnetic order",2,17
1707,"exchange correlation",2,17
1708,"quark gluon plasma qgp",4,17
1709,"higgs bosons",2,17
1710,"magnetic impurities",2,17
1711,"underdoped cuprates",2,17
1712,"automorphism group",2,16
1713,"symmetry algebras",2,16
1714,"classical algorithms",2,16
1715,"deformed su",2,16
1716,"noise induced",2,16
1717,"light neutral",2,16
1718,"metallic phase",2,16
1719,"error correction",2,16
1720,"open problems",2,16
1721,"energy eigenvalues",2,16
1722,"quantum computer",2,16
1723,"non ideal",2,16
1724,"multi loop",2,16
1725,"rational solutions",2,16
1726,"general ideas",2,16
1727,"hubbard hamiltonian",2,16
1728,"population dynamics",2,16
1729,"non orthogonal",2,16
1730,"exactly solvable model",3,16
1731,"group methods",2,16
1732,"spectral measure",2,16
1733,"level crossing",2,16
1734,"restricted set",2,16
1735,"thermal bath",2,16
1736,"partial wave",2,16
1737,"lorentz group",2,16
1738,"action principle",2,16
1739,"localization properties",2,16
1740,"coordinate systems",2,16
1741,"numerical investigation",2,16
1742,"constrained systems",2,16
1743,"hbar omega",2,16
1744,"external magnetic",2,16
1745,"integer quantum",2,16
1746,"fluctuation dissipation theorem",3,16
1747,"precise measurement",2,16
1748,"decay kl",2,16
1749,"dominant part",2,16
1750,"intertwining operators",2,16
1751,"poisson bracket",2,16
1752,"integrable hierarchies",2,16
1753,"symplectic structure",2,16
1754,"zero curvature",2,16
1755,"shock waves",2,16
1756,"wess zumino",2,16
1757,"well constrained",2,16
1758,"continuous time",2,16
1759,"hopf algebras",2,16
1760,"heat kernel",2,16
1761,"smooth surfaces",2,16
1762,"vertex operator",2,16
1763,"second class constraints",3,16
1764,"minimal surfaces",2,16
1765,"external momentum",2,16
1766,"result confirms",2,16
1767,"flat direction",2,16
1768,"pair creation",2,16
1769,"general picture",2,16
1770,"methods yield",2,16
1771,"spinor fields",2,16
1772,"quantum electrodynamics",2,16
1773,"bosonic string",2,16
1774,"kosterlitz thouless",2,16
1775,"toroidally compactified",2,16
1776,"homogeneous isotropic",2,16
1777,"supersymmetric gauge theory",3,16
1778,"matter content",2,16
1779,"non trivial topology",3,16
1780,"quantum affine",2,16
1781,"global supersymmetry",2,16
1782,"k3 surfaces",2,16
1783,"virasoro algebra",2,16
1784,"strongly interacting",2,16
1785,"axial anomaly",2,16
1786,"quantum chromodynamics",2,16
1787,"theta angle",2,16
1788,"synthetic spectra",2,16
1789,"electron gas",2,16
1790,"time delay",2,16
1791,"rms amplitude",2,16
1792,"gamma ray luminosity",3,16
1793,"neutrino antineutrino",2,16
1794,"frequency range",2,16
1795,"event rates",2,16
1796,"erg cm",2,16
1797,"peculiar velocities",2,16
1798,"redshift range",2,16
1799,"density fluctuation",2,16
1800,"cosmic microwave background anisotropies",4,16
1801,"spherical collapse",2,16
1802,"number counts",2,16
1803,"rxte observations",2,16
1804,"neutrino induced",2,16
1805,"cosmic string",2,16
1806,"self consistent description",3,16
1807,"narrow range",2,16
1808,"dwarf galaxy",2,16
1809,"schwarzschild geometry",2,16
1810,"transport measurements",2,16
1811,"wide field",2,16
1812,"galactic latitude",2,16
1813,"formation rate",2,16
1814,"inflationary model",2,16
1815,"galaxy formation history",3,16
1816,"observations indicate",2,16
1817,"strongly dependent",2,16
1818,"detailed predictions",2,16
1819,"gr qc",2,16
1820,"power law behavior",3,16
1821,"power law decay",3,16
1822,"electric dipole moment",3,16
1823,"correlated electrons",2,16
1824,"semiclassical approximation",2,16
1825,"strongly suppressed",2,16
1826,"bethe salpeter equation",3,16
1827,"ising spin",2,16
1828,"low energy density",3,16
1829,"weak disorder",2,16
1830,"excited state",2,16
1831,"mean field equations",3,16
1832,"new proofs",2,16
1833,"decay constant",2,16
1834,"traffic flow",2,16
1835,"stochastic resonance",2,16
1836,"non resonant",2,16
1837,"angle gamma",2,16
1838,"filling factors",2,16
1839,"earlier calculations",2,16
1840,"shell structure",2,16
1841,"strange quark mass",3,16
1842,"neutrinoless double beta decay",4,16
1843,"decay channel",2,16
1844,"cleo ii detector",3,16
1845,"q2 gev2",2,16
1846,"heavy flavor",2,16
1847,"ep collisions",2,16
1848,"upsilon 4s",2,16
1849,"tau lepton",2,16
1850,"pseudo scalar",2,16
1851,"spin splitting",2,16
1852,"collective excitations",2,16
1853,"eta mesons",2,16
1854,"lhc energies",2,16
1855,"minimal supersymmetric standard model mssm",5,16
1856,"perturbative qcd corrections",3,16
1857,"forward backward asymmetry",3,16
1858,"lep ii",2,16
1859,"high q2",2,16
1860,"dimensional electron",2,16
1861,"kondo model",2,16
1862,"magnetic excitations",2,16
1863,"lennard jones",2,16
1864,"high tc superconductors",3,16
1865,"coulomb blockade",2,16
1866,"external electromagnetic",2,15
1867,"wave vectors",2,15
1868,"canonical ensemble",2,15
1869,"partial waves",2,15
1870,"poincare group",2,15
1871,"minkowski space time",3,15
1872,"bose einstein condensate",3,15
1873,"conserved quantities",2,15
1874,"revised version",2,15
1875,"detection process",2,15
1876,"data reveals",2,15
1877,"inversely proportional",2,15
1878,"dimension five",2,15
1879,"matrix poles",2,15
1880,"mixing amplitude",2,15
1881,"stochastic processes",2,15
1882,"characteristic time",2,15
1883,"direct sum",2,15
1884,"temperature gradient",2,15
1885,"random walk",2,15
1886,"hidden symmetries",2,15
1887,"quantization procedure",2,15
1888,"ideal gas",2,15
1889,"nearest neighbors",2,15
1890,"continuum radiation",2,15
1891,"deformation parameter",2,15
1892,"stationary states",2,15
1893,"single impurity",2,15
1894,"explicit forms",2,15
1895,"line strength",2,15
1896,"momentum space time",3,15
1897,"phase difference",2,15
1898,"positive curvature",2,15
1899,"waves generated",2,15
1900,"real parts",2,15
1901,"unified description",2,15
1902,"numerical integration",2,15
1903,"lyapunov exponents",2,15
1904,"tau functions",2,15
1905,"initial value problem",3,15
1906,"density functional",2,15
1907,"type singularity",2,15
1908,"difference equations",2,15
1909,"infrared divergences",2,15
1910,"analytical calculation",2,15
1911,"proposed earlier",2,15
1912,"approximate solution",2,15
1913,"lorentz invariant",2,15
1914,"higher orders",2,15
1915,"wheeler dewitt equation",3,15
1916,"nontrivial topological",2,15
1917,"gravitational interaction",2,15
1918,"affine toda",2,15
1919,"differential forms",2,15
1920,"maxwell chern simons",3,15
1921,"massive vector",2,15
1922,"hamiltonian reduction",2,15
1923,"yield consistent",2,15
1924,"free energy density",3,15
1925,"open boundary",2,15
1926,"bps saturated",2,15
1927,"dual pairs",2,15
1928,"fermi level",2,15
1929,"tunneling rate",2,15
1930,"minimal supersymmetric",2,15
1931,"weak coupling regime",3,15
1932,"bps monopoles",2,15
1933,"complex scalar",2,15
1934,"finite element",2,15
1935,"calabi yau manifolds",3,15
1936,"black hole solutions",3,15
1937,"scaling relations",2,15
1938,"superstring models",2,15
1939,"epsilon expansion",2,15
1940,"extra dimensions",2,15
1941,"large radii",2,15
1942,"complete classification",2,15
1943,"loop diagrams",2,15
1944,"down quarks",2,15
1945,"doublet model",2,15
1946,"non zero modes",3,15
1947,"result applies",2,15
1948,"magnitude below",2,15
1949,"significant differences",2,15
1950,"uv background",2,15
1951,"foreground galaxies",2,15
1952,"interstellar dust",2,15
1953,"cluster algorithm",2,15
1954,"substantial fraction",2,15
1955,"density wave",2,15
1956,"linear regime",2,15
1957,"ray variability",2,15
1958,"bepposax satellite",2,15
1959,"put constraints",2,15
1960,"lyman alpha forest",3,15
1961,"stellar populations",2,15
1962,"direct detection",2,15
1963,"rosat pspc data",3,15
1964,"seyfert galaxy ngc",3,15
1965,"redshift surveys",2,15
1966,"cosmic microwave background",3,15
1967,"qualitatively new",2,15
1968,"mg fe",2,15
1969,"rosat pspc",2,15
1970,"next generation",2,15
1971,"spherical symmetry",2,15
1972,"late time",2,15
1973,"non adiabatic",2,15
1974,"galactic bulge",2,15
1975,"galactic nuclei",2,15
1976,"dark halo",2,15
1977,"tensor modes",2,15
1978,"complex phase",2,15
1979,"high sensitivity",2,15
1980,"main sequence",2,15
1981,"selected samples",2,15
1982,"non degenerate",2,15
1983,"external medium",2,15
1984,"soft photon",2,15
1985,"quark matter",2,15
1986,"perpendicular magnetic field",3,15
1987,"central regions",2,15
1988,"narrow line region",3,15
1989,"background radiation",2,15
1990,"gyr old",2,15
1991,"electron positron",2,15
1992,"sigma level",2,15
1993,"merger model",2,15
1994,"decay amplitude",2,15
1995,"compact object",2,15
1996,"numerical computation",2,15
1997,"systematic error",2,15
1998,"energy density fluctuations",3,15
1999,"naked singularities",2,15
2000,"simply connected",2,15
2001,"helicity amplitudes",2,15
2002,"finite temperature dependence",3,15
2003,"parity breaking",2,15
2004,"hidden sector",2,15
2005,"strong coupling constant",3,15
2006,"algebraic geometry",2,15
2007,"integral equations",2,15
2008,"hep ph",2,15
2009,"phase boundary",2,15
2010,"mapped onto",2,15
2011,"potts model",2,15
2012,"pseudoscalar meson",2,15
2013,"result supports",2,15
2014,"schwarzschild black holes",3,15
2015,"delta m2",2,15
2016,"modules over",2,15
2017,"spin glass model",3,15
2018,"rational curves",2,15
2019,"monte carlo techniques",3,15
2020,"candidate events",2,15
2021,"ring like",2,15
2022,"sharp peak",2,15
2023,"photon exchange",2,15
2024,"axial current",2,15
2025,"spin networks",2,15
2026,"impulse approximation",2,15
2027,"delta resonance",2,15
2028,"multiplicity distributions",2,15
2029,"dilepton spectra",2,15
2030,"numu nue",2,15
2031,"color octet",2,15
2032,"zeus detector",2,15
2033,"hadronic final",2,15
2034,"neutral currents",2,15
2035,"surface diffusion",2,15
2036,"type ii superconductors",3,15
2037,"interacting fermions",2,15
2038,"high tc superconductivity",3,15
2039,"finite nuclei",2,15
2040,"susy breaking",2,15
2041,"interacting electrons",2,15
2042,"glass model",2,15
2043,"small polaron",2,15
2044,"gate voltage",2,15
2045,"tc superconductivity",2,15
2046,"correlated electron",2,15
2047,"hall regime",2,15
2048,"squeezed states",2,14
2049,"arbitrarily large",2,14
2050,"path integral formulation",3,14
2051,"relative entropy",2,14
2052,"amplitude damping",2,14
2053,"spiral wave",2,14
2054,"vacuum equal",2,14
2055,"line element",2,14
2056,"massless scalar field",3,14
2057,"many body interactions",3,14
2058,"self adjoint",2,14
2059,"new derivation",2,14
2060,"lie within",2,14
2061,"charge conjugation",2,14
2062,"under development",2,14
2063,"non hermitian",2,14
2064,"consistent histories",2,14
2065,"unitary transformation",2,14
2066,"density operators",2,14
2067,"electronic correlations",2,14
2068,"predictions concerning",2,14
2069,"multi channel",2,14
2070,"random variables",2,14
2071,"oscillation frequency",2,14
2072,"einstein condensation",2,14
2073,"electromagnetic waves",2,14
2074,"dynamic structure",2,14
2075,"factorization approach",2,14
2076,"cpt violation",2,14
2077,"hydrogen like",2,14
2078,"context free",2,14
2079,"analytical solution",2,14
2080,"surrounding matter",2,14
2081,"integral formulation",2,14
2082,"unstable particles",2,14
2083,"quantum kinetic",2,14
2084,"liouville equation",2,14
2085,"rare earth",2,14
2086,"term proportional",2,14
2087,"three loops",2,14
2088,"physical consequences",2,14
2089,"conformal transformations",2,14
2090,"language models",2,14
2091,"blue light",2,14
2092,"gamma matrices",2,14
2093,"characteristic classes",2,14
2094,"exponentially small",2,14
2095,"quantum mechanically",2,14
2096,"irreducible representation",2,14
2097,"electromagnetic current",2,14
2098,"graded lie algebra",3,14
2099,"harmonic approximation",2,14
2100,"partial differential equation",3,14
2101,"affine lie algebra",3,14
2102,"su nc",2,14
2103,"faddeev popov",2,14
2104,"supersymmetric yang mills theory",4,14
2105,"metric perturbations",2,14
2106,"axion dilaton",2,14
2107,"su otimes",2,14
2108,"quark propagators",2,14
2109,"magnetic duality",2,14
2110,"infrared singularities",2,14
2111,"pure gauge theories",3,14
2112,"bekenstein hawking",2,14
2113,"covariant under",2,14
2114,"four manifolds",2,14
2115,"trace anomaly",2,14
2116,"density matrix models",3,14
2117,"born infeld action",3,14
2118,"dynamical mean",2,14
2119,"finite width",2,14
2120,"spectral flow",2,14
2121,"chern simons term",3,14
2122,"brane configuration",2,14
2123,"direct numerical",2,14
2124,"particle moving",2,14
2125,"critical line",2,14
2126,"cohomology class",2,14
2127,"2d ising model",3,14
2128,"vector bosons",2,14
2129,"vector multiplet",2,14
2130,"lagrangian density",2,14
2131,"klein gordon",2,14
2132,"leading order parameter",3,14
2133,"coupling regime",2,14
2134,"cosmological context",2,14
2135,"heterotic string",2,14
2136,"field strength",2,14
2137,"zero temperature dependence",3,14
2138,"cosmic censorship",2,14
2139,"emission line region",3,14
2140,"neutral hydrogen",2,14
2141,"abundance ratios",2,14
2142,"infrared images",2,14
2143,"distant clusters",2,14
2144,"hole formation",2,14
2145,"spherical shell",2,14
2146,"sensitive search",2,14
2147,"model atmospheres",2,14
2148,"original version",2,14
2149,"asymptotic giant",2,14
2150,"current events",2,14
2151,"forming galaxies",2,14
2152,"metal poor",2,14
2153,"first generation",2,14
2154,"sky monitor",2,14
2155,"burst spectra",2,14
2156,"mass splitting",2,14
2157,"resonant scattering",2,14
2158,"integrated spectra",2,14
2159,"mass loss",2,14
2160,"hot component",2,14
2161,"optically selected",2,14
2162,"near ir",2,14
2163,"near half",2,14
2164,"type ia supernovae",3,14
2165,"peculiar velocity",2,14
2166,"gamma ray burst",3,14
2167,"intergalactic medium",2,14
2168,"strong magnetic fields",3,14
2169,"qso spectra",2,14
2170,"small pt",2,14
2171,"information extraction",2,14
2172,"band edge",2,14
2173,"scales below",2,14
2174,"dynamical friction",2,14
2175,"rotating disk",2,14
2176,"distant sources",2,14
2177,"ultra high",2,14
2178,"metal rich",2,14
2179,"band photometry",2,14
2180,"precision determination",2,14
2181,"cmb anisotropy",2,14
2182,"relativistic jet",2,14
2183,"accurate determination",2,14
2184,"integrated over",2,14
2185,"gluon exchange",2,14
2186,"gauge boson production",3,14
2187,"peaks around",2,14
2188,"unstable modes",2,14
2189,"mean curvature",2,14
2190,"wave propagation",2,14
2191,"star formation rate",3,14
2192,"proximity effect",2,14
2193,"new spectroscopic",2,14
2194,"compute numerically",2,14
2195,"bepposax observations",2,14
2196,"white dwarfs",2,14
2197,"like oscillations",2,14
2198,"non rotating",2,14
2199,"qualitative features",2,14
2200,"whipple observatory",2,14
2201,"central object",2,14
2202,"big bang",2,14
2203,"light ratios",2,14
2204,"coulomb interactions",2,14
2205,"large magellanic cloud lmc",4,14
2206,"hydrodynamical model",2,14
2207,"wilson loops",2,14
2208,"index theorem",2,14
2209,"hot qcd",2,14
2210,"tev scale",2,14
2211,"hole pair",2,14
2212,"manifests itself",2,14
2213,"instanton solutions",2,14
2214,"quantum hall effect",3,14
2215,"goldstone bosons",2,14
2216,"building blocks",2,14
2217,"power counting",2,14
2218,"mass difference",2,14
2219,"weakly interacting",2,14
2220,"geometric interpretation",2,14
2221,"control parameter",2,14
2222,"alg geom",2,14
2223,"cellular automaton model",3,14
2224,"star counts",2,14
2225,"protein folding",2,14
2226,"theoretical uncertainty",2,14
2227,"neutrino masses",2,14
2228,"leq gev",2,14
2229,"grand canonical ensemble",3,14
2230,"hard spheres",2,14
2231,"nucleus reactions",2,14
2232,"central rapidity",2,14
2233,"stat syst gev",3,14
2234,"fermilab tevatron collider",3,14
2235,"diquark model",2,14
2236,"inclusive spectra",2,14
2237,"electroweak measurements",2,14
2238,"cern lhc",2,14
2239,"electroweak data",2,14
2240,"large pt",2,14
2241,"fragmentation functions",2,14
2242,"quark mass difference",3,14
2243,"strong disorder",2,14
2244,"bose einstein",2,14
2245,"staggered fermions",2,14
2246,"ordered phase transition",3,14
2247,"quenched qcd",2,14
2248,"chiral symmetry restoration",3,14
2249,"two species",2,14
2250,"bag model",2,14
2251,"copper oxide",2,14
2252,"electromagnetic form factors",3,14
2253,"two gluons",2,14
2254,"psi suppression",2,14
2255,"three nucleon",2,14
2256,"atomic nuclei",2,14
2257,"coupled channels",2,14
2258,"pi nn",2,14
2259,"muon collider",2,14
2260,"exclusive processes",2,14
2261,"squark mass",2,14
2262,"disorder induced",2,14
2263,"high mobility",2,14
2264,"spectral weight",2,14
2265,"anderson localization",2,14
2266,"lowest landau level",3,14
2267,"dimensional disordered",2,14
2268,"yba cu",2,14
2269,"persistent current",2,14
2270,"sandpile model",2,14
2271,"doping dependence",2,14
2272,"quantum hall",2,14
2273,"optical conductivity",2,14
2274,"boltzmann equations",2,13
2275,"schwarzschild solution",2,13
2276,"order parameter space",3,13
2277,"heisenberg picture",2,13
2278,"basic ideas",2,13
2279,"fourier transforms",2,13
2280,"summer school",2,13
2281,"distributed over",2,13
2282,"ion trap",2,13
2283,"harmonic oscillator potential",3,13
2284,"main difference",2,13
2285,"operator valued",2,13
2286,"sheds light",2,13
2287,"simulated data",2,13
2288,"loss rate",2,13
2289,"continuous measurement",2,13
2290,"long enough",2,13
2291,"unitary transformations",2,13
2292,"statistical physics",2,13
2293,"algebraic quantization",2,13
2294,"landau equation",2,13
2295,"modular structure",2,13
2296,"globally hyperbolic",2,13
2297,"hermite polynomials",2,13
2298,"evolution operator",2,13
2299,"fermion operators",2,13
2300,"langevin equation",2,13
2301,"global su",2,13
2302,"pseudo spin",2,13
2303,"stable orbit",2,13
2304,"einstein manifolds",2,13
2305,"interacting boson",2,13
2306,"higgs system",2,13
2307,"geometric quantization",2,13
2308,"two loop correction",3,13
2309,"matter antimatter",2,13
2310,"orbit around",2,13
2311,"self consistency",2,13
2312,"short range interactions",3,13
2313,"superalgebra osp",2,13
2314,"omega phi",2,13
2315,"complex projective",2,13
2316,"wkb approximation",2,13
2317,"deformation parameters",2,13
2318,"simple assumptions",2,13
2319,"spherical coordinates",2,13
2320,"spatial distributions",2,13
2321,"small angular",2,13
2322,"real analytic",2,13
2323,"sufficient condition",2,13
2324,"time series",2,13
2325,"periodic boundary",2,13
2326,"variational approximation",2,13
2327,"kdv equation",2,13
2328,"irreducible modules",2,13
2329,"infinite volume",2,13
2330,"partial differential",2,13
2331,"fluid description",2,13
2332,"non fermi",2,13
2333,"laplace type",2,13
2334,"conserved charges",2,13
2335,"factorization scheme",2,13
2336,"spatial dependence",2,13
2337,"recursion relations",2,13
2338,"calogero sutherland model",3,13
2339,"self duality",2,13
2340,"open boundary conditions",3,13
2341,"topological excitations",2,13
2342,"least over",2,13
2343,"parameter eta",2,13
2344,"iia string theory",3,13
2345,"pre big bang",3,13
2346,"symmetric tensor",2,13
2347,"characteristic features",2,13
2348,"deconfinement phase transition",3,13
2349,"correspondence principle",2,13
2350,"fokker planck equation",3,13
2351,"three torus",2,13
2352,"open string theory",3,13
2353,"screening masses",2,13
2354,"operators acting",2,13
2355,"heterotic strings",2,13
2356,"type ii string theory",4,13
2357,"harmonic superspace",2,13
2358,"bundles over",2,13
2359,"bfkl equation",2,13
2360,"gauge boson",2,13
2361,"left handed",2,13
2362,"gap equations",2,13
2363,"theory compactified",2,13
2364,"neveu schwarz",2,13
2365,"fayet iliopoulos",2,13
2366,"path integral formalism",3,13
2367,"supersymmetric gauge symmetry",3,13
2368,"dimensional supergravity",2,13
2369,"proper treatment",2,13
2370,"direction perpendicular",2,13
2371,"brane picture",2,13
2372,"approaches zero",2,13
2373,"charge densities",2,13
2374,"curved space",2,13
2375,"arbitrary genus",2,13
2376,"material within",2,13
2377,"cohomology ring",2,13
2378,"metric fluctuations",2,13
2379,"composite operators",2,13
2380,"coulomb like",2,13
2381,"minimal supergravity",2,13
2382,"screening currents",2,13
2383,"level spacing",2,13
2384,"integrated light",2,13
2385,"virgo cluster",2,13
2386,"effective radius",2,13
2387,"microlensing event",2,13
2388,"thin layer",2,13
2389,"near infrared images",3,13
2390,"low luminosity",2,13
2391,"well behaved",2,13
2392,"stellar systems",2,13
2393,"crab pulsar",2,13
2394,"timing explorer",2,13
2395,"event rate",2,13
2396,"dust extinction",2,13
2397,"ir observations",2,13
2398,"star forming",2,13
2399,"alpha emission lines",3,13
2400,"non linear regime",3,13
2401,"induced collapse",2,13
2402,"globular clusters",2,13
2403,"galactic disc",2,13
2404,"seyfert galaxy",2,13
2405,"quasar luminosity",2,13
2406,"cdm model",2,13
2407,"observations imply",2,13
2408,"central surface",2,13
2409,"after describing",2,13
2410,"observable universe",2,13
2411,"microwave background",2,13
2412,"small scale structure",3,13
2413,"self similarity",2,13
2414,"peak value",2,13
2415,"solar abundances",2,13
2416,"self consistent treatment",3,13
2417,"shock models",2,13
2418,"bulk motion",2,13
2419,"velocity distribution",2,13
2420,"large magellanic cloud",3,13
2421,"deep rosat",2,13
2422,"coupled cluster",2,13
2423,"plane parallel",2,13
2424,"improved determination",2,13
2425,"angular scale",2,13
2426,"exponential potential",2,13
2427,"observational limits",2,13
2428,"exponent nu",2,13
2429,"high pressure",2,13
2430,"gravitational interactions",2,13
2431,"free massive",2,13
2432,"3he 4he",2,13
2433,"dipole moment",2,13
2434,"half filled",2,13
2435,"weakly nonlinear",2,13
2436,"low surface",2,13
2437,"point sources",2,13
2438,"homogeneous magnetic",2,13
2439,"radiative cooling",2,13
2440,"result indicates",2,13
2441,"asca data",2,13
2442,"relativistic transport",2,13
2443,"zero momentum",2,13
2444,"theta term",2,13
2445,"consistency conditions",2,13
2446,"flat spacetime",2,13
2447,"soft supersymmetry breaking",3,13
2448,"momentum conservation",2,13
2449,"momentum fraction",2,13
2450,"ward identity",2,13
2451,"symmetric phase transition",3,13
2452,"random bond",2,13
2453,"antiferromagnetic heisenberg",2,13
2454,"schwinger dyson equations",3,13
2455,"phi4 model",2,13
2456,"stable against",2,13
2457,"phase diagrams",2,13
2458,"hole spacetimes",2,13
2459,"topology change",2,13
2460,"gap delta",2,13
2461,"normal modes",2,13
2462,"closed manifold",2,13
2463,"topological susceptibility",2,13
2464,"gromov witten invariants",3,13
2465,"metallic phase transition",3,13
2466,"kogut susskind",2,13
2467,"kinematic region",2,13
2468,"plane curves",2,13
2469,"below mev",2,13
2470,"two body interactions",3,13
2471,"small concentration",2,13
2472,"pauli principle",2,13
2473,"nuclear force",2,13
2474,"few mev",2,13
2475,"impact parameters",2,13
2476,"error rate",2,13
2477,"delta sigma",2,13
2478,"fragmentation function",2,13
2479,"ms bar",2,13
2480,"growth rate",2,13
2481,"current carrying",2,13
2482,"energy conservation",2,13
2483,"two higgs boson",3,13
2484,"symmetry breaking parameters",3,13
2485,"transport coefficients",2,13
2486,"open charm",2,13
2487,"nucleon resonances",2,13
2488,"xy model",2,13
2489,"cdf data",2,13
2490,"lepton number",2,13
2491,"monte carlo calculations",3,13
2492,"hadronic final states",3,13
2493,"q2 evolution",2,13
2494,"narrow resonance",2,13
2495,"small bjorken",2,13
2496,"bar ms scheme",3,13
2497,"valence quarks",2,13
2498,"quark distributions",2,13
2499,"ginzburg landau equation",3,13
2500,"crossover region",2,13
2501,"two dimensional hubbard model",4,13
2502,"heavy fermion",2,13
2503,"dominance model",2,13
2504,"gluon condensate",2,13
2505,"vertex corrections",2,13
2506,"heavy ion collision",3,13
2507,"isospin dependence",2,13
2508,"liquid gas",2,13
2509,"electromagnetic form factor",3,13
2510,"virtual photons",2,13
2511,"chiral soliton",2,13
2512,"longitudinally polarized",2,13
2513,"soft gluon",2,13
2514,"polarized deep inelastic scattering",4,13
2515,"ell nu bar",3,13
2516,"minimal supersymmetric gauge",3,13
2517,"ferromagnetic couplings",2,13
2518,"chiral odd",2,13
2519,"heat capacity",2,13
2520,"layered superconductors",2,13
2521,"superconducting order parameter",3,13
2522,"two dimensional electron gas",4,13
2523,"metallic regime",2,13
2524,"orbital degeneracy",2,13
2525,"tc cuprates",2,13
2526,"weak localization",2,13
2527,"josephson junction",2,13
2528,"density matrix renormalization group",4,13
2529,"almost completely",2,12
2530,"jacobi identity",2,12
2531,"quant ph",2,12
2532,"particle trajectories",2,12
2533,"hole physics",2,12
2534,"dirac operators",2,12
2535,"time averaged",2,12
2536,"mathematical framework",2,12
2537,"hamilton jacobi equation",3,12
2538,"vibrational states",2,12
2539,"quasi free",2,12
2540,"density matrix elements",3,12
2541,"laser beam",2,12
2542,"ordinary differential equations",3,12
2543,"spectrum generating",2,12
2544,"fermion representation",2,12
2545,"single atom",2,12
2546,"line broadening",2,12
2547,"ghost fields",2,12
2548,"passage through",2,12
2549,"classical statistical",2,12
2550,"level atoms",2,12
2551,"composite systems",2,12
2552,"fall off",2,12
2553,"time reversal",2,12
2554,"diffusion process",2,12
2555,"localization delocalization",2,12
2556,"adjustable parameters",2,12
2557,"operator algebras",2,12
2558,"toy models",2,12
2559,"internal degrees",2,12
2560,"experimental consequences",2,12
2561,"semiclassical analysis",2,12
2562,"mode expansion",2,12
2563,"free emission",2,12
2564,"physical arguments",2,12
2565,"harmonic analysis",2,12
2566,"su infty",2,12
2567,"toda equations",2,12
2568,"supersymmetric standard",2,12
2569,"toda lattice",2,12
2570,"kac moody",2,12
2571,"higher genus",2,12
2572,"parameter epsilon",2,12
2573,"behave like",2,12
2574,"generalized 2d",2,12
2575,"real line",2,12
2576,"singular points",2,12
2577,"sufficient conditions",2,12
2578,"elementary introduction",2,12
2579,"direct search",2,12
2580,"integral approach",2,12
2581,"supersymmetry transformations",2,12
2582,"quantitative test",2,12
2583,"effective superpotential",2,12
2584,"gauss law",2,12
2585,"gross neveu",2,12
2586,"wheeler dewitt",2,12
2587,"thirring model",2,12
2588,"negative curvature",2,12
2589,"yang mills higgs",3,12
2590,"explicit calculations",2,12
2591,"fractional spin",2,12
2592,"random surfaces",2,12
2593,"vertical structure",2,12
2594,"finite radius",2,12
2595,"ckm matrix",2,12
2596,"infrared behavior",2,12
2597,"manifestly covariant",2,12
2598,"charged black holes",3,12
2599,"ansatz equations",2,12
2600,"three loop level",3,12
2601,"left right moving",3,12
2602,"renormalization group su",3,12
2603,"spin correlation functions",3,12
2604,"uniform background",2,12
2605,"boson fields",2,12
2606,"stable configurations",2,12
2607,"topological solitons",2,12
2608,"brst cohomology",2,12
2609,"curvature singularity",2,12
2610,"reissner nordstrom",2,12
2611,"chiral superfields",2,12
2612,"infrared fixed point",3,12
2613,"green schwarz",2,12
2614,"spin currents",2,12
2615,"atrix model",2,12
2616,"threshold corrections",2,12
2617,"field theory compactified",3,12
2618,"type iib",2,12
2619,"remarkably simple",2,12
2620,"briefly summarize",2,12
2621,"bogoliubov theory",2,12
2622,"supersymmetric standard model",3,12
2623,"primary fields",2,12
2624,"approximate solutions",2,12
2625,"limited range",2,12
2626,"instanton corrections",2,12
2627,"compact connected",2,12
2628,"curvature term",2,12
2629,"susy qcd",2,12
2630,"theta pi",2,12
2631,"schwarzschild black hole",3,12
2632,"two dimensional black holes",4,12
2633,"perturbative treatment",2,12
2634,"gauge field theories",3,12
2635,"direct consequence",2,12
2636,"simple geometrical",2,12
2637,"detailed discussion",2,12
2638,"photoionization models",2,12
2639,"temporal structure",2,12
2640,"two body simulations",3,12
2641,"steep spectrum",2,12
2642,"gravitational instability",2,12
2643,"cosmic structures",2,12
2644,"low resolution",2,12
2645,"non zero temperature",3,12
2646,"burst error box",3,12
2647,"ccd images",2,12
2648,"parameter omega0",2,12
2649,"accretion flow",2,12
2650,"low metallicity",2,12
2651,"spin rotation",2,12
2652,"absorption features",2,12
2653,"turbulent flow",2,12
2654,"infrared background",2,12
2655,"deuterium abundance",2,12
2656,"late type",2,12
2657,"hii galaxies",2,12
2658,"flux ratio",2,12
2659,"bimodal distribution",2,12
2660,"mass distribution function",3,12
2661,"gravitational forces",2,12
2662,"causal structure",2,12
2663,"relative abundances",2,12
2664,"cluster ellipticals",2,12
2665,"resolved spectroscopy",2,12
2666,"gamma rays",2,12
2667,"gaussian form",2,12
2668,"wavelength range",2,12
2669,"rotation axis",2,12
2670,"inflationary models",2,12
2671,"spectral slope",2,12
2672,"below kev",2,12
2673,"deep hst",2,12
2674,"color magnitude",2,12
2675,"osse data",2,12
2676,"gas flows",2,12
2677,"distance estimates",2,12
2678,"cmb maps",2,12
2679,"emitting gas",2,12
2680,"properties e.g",2,12
2681,"chemical composition",2,12
2682,"initial stage",2,12
2683,"first excited",2,12
2684,"scalar perturbations",2,12
2685,"hubble deep field hdf",4,12
2686,"lower redshift",2,12
2687,"co emission",2,12
2688,"ab plane",2,12
2689,"hi cm",2,12
2690,"central velocity",2,12
2691,"momentum distributions",2,12
2692,"einstein de sitter universe",4,12
2693,"transient source",2,12
2694,"quadrupole moments",2,12
2695,"relative velocity",2,12
2696,"now available",2,12
2697,"smooth transition",2,12
2698,"current estimates",2,12
2699,"hipparcos data",2,12
2700,"gamma gg",2,12
2701,"order unity",2,12
2702,"scaling laws",2,12
2703,"precision tests",2,12
2704,"rr lyrae",2,12
2705,"arguments suggest",2,12
2706,"rotation curve",2,12
2707,"quasar pks",2,12
2708,"fireball model",2,12
2709,"significant change",2,12
2710,"large scale invariant",3,12
2711,"agb stars",2,12
2712,"rho propto",2,12
2713,"broad distribution",2,12
2714,"law decay",2,12
2715,"inclusive reaction",2,12
2716,"linear polarization",2,12
2717,"calculations yield",2,12
2718,"dynamic scaling",2,12
2719,"planetary nebulae",2,12
2720,"first sight",2,12
2721,"propagating through",2,12
2722,"neutrino emission",2,12
2723,"higher temperatures",2,12
2724,"tev range",2,12
2725,"briefly comment",2,12
2726,"field configurations",2,12
2727,"spacelike hypersurfaces",2,12
2728,"de sitter space",3,12
2729,"two loop level",3,12
2730,"related topics",2,12
2731,"su lattice gauge theory",4,12
2732,"inertial range",2,12
2733,"high temperature dependence",3,12
2734,"competing interactions",2,12
2735,"alpha particle",2,12
2736,"relativistic quantum field",3,12
2737,"low frequency omega",3,12
2738,"complete intersections",2,12
2739,"cohomology groups",2,12
2740,"branched polymer",2,12
2741,"external momenta",2,12
2742,"constant pressure",2,12
2743,"finitely generated",2,12
2744,"random phase transitions",3,12
2745,"biological systems",2,12
2746,"characteristic zero",2,12
2747,"period doubling",2,12
2748,"quasi particles",2,12
2749,"behaves like",2,12
2750,"three site",2,12
2751,"proportional counter",2,12
2752,"analytic expression",2,12
2753,"charge carriers",2,12
2754,"qualitatively similar",2,12
2755,"reviewed within",2,12
2756,"included via",2,12
2757,"alpha systems",2,12
2758,"realistic values",2,12
2759,"gauge mediated supersymmetry breaking",4,12
2760,"boundary layer",2,12
2761,"analytical predictions",2,12
2762,"null infinity",2,12
2763,"boson masses",2,12
2764,"suppression factor",2,12
2765,"directed percolation",2,12
2766,"sign problem",2,12
2767,"thermodynamical properties",2,12
2768,"cubic lattice",2,12
2769,"fermi gas",2,12
2770,"resonance peak",2,12
2771,"experimental observations",2,12
2772,"transverse momenta",2,12
2773,"cleo measurements",2,12
2774,"diffraction dissociation",2,12
2775,"lepton nucleon",2,12
2776,"transverse momentum distribution",3,12
2777,"polarization asymmetry",2,12
2778,"two higgs doublet",3,12
2779,"cabibbo kobayashi maskawa",3,12
2780,"direct cp violation",3,12
2781,"pi mp",2,12
2782,"diffractive production",2,12
2783,"colour singlet",2,12
2784,"polarization observables",2,12
2785,"cross section sigma",3,12
2786,"forward scattering",2,12
2787,"van hove",2,12
2788,"size scaling behavior",3,12
2789,"latent heat",2,12
2790,"ising models",2,12
2791,"vortex lattice",2,12
2792,"hadron gas",2,12
2793,"heavy quarkonia",2,12
2794,"sheikholeslami wohlert",2,12
2795,"triangular lattice",2,12
2796,"residual interaction",2,12
2797,"next nearest neighbor",3,12
2798,"meson exchange",2,12
2799,"polarized target",2,12
2800,"nucleon system",2,12
2801,"baryon chiral",2,12
2802,"mediated supersymmetry breaking",3,12
2803,"off equilibrium",2,12
2804,"parton densities",2,12
2805,"qed radiative corrections",3,12
2806,"psi ks",2,12
2807,"neutrino oscillation",2,12
2808,"bfkl pomeron",2,12
2809,"highly anisotropic",2,12
2810,"electron hole",2,12
2811,"thermal conductivity",2,12
2812,"lett cond mat",3,12
2813,"spin peierls",2,12
2814,"normal metal superconductor",3,12
2815,"polymer chains",2,12
2816,"trapped bose gas",3,12
2817,"tunnel junctions",2,12
2818,"strongly enhanced",2,11
2819,"lower bound state",3,11
2820,"basic principles",2,11
2821,"coupled oscillators",2,11
2822,"fundamental question",2,11
2823,"coherence length",2,11
2824,"calogero sutherland models",3,11
2825,"arrival time",2,11
2826,"unitary groups",2,11
2827,"classical counterpart",2,11
2828,"quantum error correction",3,11
2829,"nonlinear evolution equations",3,11
2830,"real space time",3,11
2831,"langevin equations",2,11
2832,"polarization direction",2,11
2833,"laser light",2,11
2834,"squeezed state",2,11
2835,"radiation pressure",2,11
2836,"lamb shift",2,11
2837,"special features",2,11
2838,"gel fand",2,11
2839,"unitary evolution",2,11
2840,"resolved photon",2,11
2841,"uncertainty relations",2,11
2842,"wigner functions",2,11
2843,"explicit realization",2,11
2844,"multi mode",2,11
2845,"hilbert spaces",2,11
2846,"energy input",2,11
2847,"cooper pairs",2,11
2848,"canonical formalism",2,11
2849,"zero conformal",2,11
2850,"differential operator",2,11
2851,"function psi",2,11
2852,"anharmonic oscillator",2,11
2853,"general principles",2,11
2854,"second moments",2,11
2855,"real numbers",2,11
2856,"survival probability",2,11
2857,"relativistic quantum mechanics",3,11
2858,"completely integrable",2,11
2859,"space cal",2,11
2860,"hypergeometric functions",2,11
2861,"matching conditions",2,11
2862,"quasi exactly solvable",3,11
2863,"rotational invariance",2,11
2864,"dual descriptions",2,11
2865,"korteweg de vries",3,11
2866,"infinite series",2,11
2867,"general formulae",2,11
2868,"dependent potentials",2,11
2869,"soliton solution",2,11
2870,"geometrical meaning",2,11
2871,"quasi periodic",2,11
2872,"interaction kernel",2,11
2873,"yang baxter",2,11
2874,"highly nonlinear",2,11
2875,"model admits",2,11
2876,"polyakov loops",2,11
2877,"self dual gravity",3,11
2878,"topological charges",2,11
2879,"superstring theories",2,11
2880,"traced back",2,11
2881,"effective actions",2,11
2882,"generalized statistics",2,11
2883,"higher rank",2,11
2884,"continuous family",2,11
2885,"lattice gauge theories",3,11
2886,"natural definition",2,11
2887,"external sources",2,11
2888,"scaling regimes",2,11
2889,"polyakov loop",2,11
2890,"massless spectra",2,11
2891,"renormalization theorem",2,11
2892,"non perturbative calculations",3,11
2893,"multiparticle production",2,11
2894,"selection rules",2,11
2895,"vacuum instability",2,11
2896,"massless scalar fields",3,11
2897,"transverse force",2,11
2898,"topological nature",2,11
2899,"derivative expansion",2,11
2900,"higher order parameter",3,11
2901,"large nf",2,11
2902,"gaugino condensation",2,11
2903,"relative importance",2,11
2904,"anomaly free",2,11
2905,"abelian gauge field theory",4,11
2906,"einstein yang mills",3,11
2907,"current algebras",2,11
2908,"external magnetic flux",3,11
2909,"string theory compactified",3,11
2910,"free bosonic",2,11
2911,"hecke algebra",2,11
2912,"simple lie",2,11
2913,"light front qcd",3,11
2914,"consistent treatment",2,11
2915,"longitudinal expansion",2,11
2916,"overlap formalism",2,11
2917,"area law",2,11
2918,"exactly soluble",2,11
2919,"soft breaking",2,11
2920,"witten model",2,11
2921,"elliptic quantum",2,11
2922,"schematic model",2,11
2923,"kappa symmetry",2,11
2924,"dual pair",2,11
2925,"multi component",2,11
2926,"de la",2,11
2927,"highly non",2,11
2928,"fabry perot",2,11
2929,"s0 galaxies",2,11
2930,"asca observation",2,11
2931,"cluster members",2,11
2932,"ly alpha",2,11
2933,"evolving stars",2,11
2934,"column densities",2,11
2935,"si ii",2,11
2936,"sight through",2,11
2937,"helium core",2,11
2938,"response function",2,11
2939,"significant variations",2,11
2940,"circular velocity",2,11
2941,"cosmological constant lambda",3,11
2942,"tidal disruption",2,11
2943,"ray luminosity function",3,11
2944,"dust reddening",2,11
2945,"exponential disk galaxies",3,11
2946,"metal abundance",2,11
2947,"hb stars",2,11
2948,"produce strong",2,11
2949,"supermassive black hole",3,11
2950,"lyman alpha",2,11
2951,"earlier estimates",2,11
2952,"selection criteria",2,11
2953,"tully fisher relation",3,11
2954,"wolf rayet",2,11
2955,"cluster abundance",2,11
2956,"gas kinematics",2,11
2957,"he ii",2,11
2958,"magellanic clouds",2,11
2959,"host galaxies",2,11
2960,"photo production",2,11
2961,"rotation curves",2,11
2962,"spherical shell model",3,11
2963,"population ii",2,11
2964,"single object",2,11
2965,"relative strength",2,11
2966,"cosmic microwave background cmb",4,11
2967,"tev gamma ray",3,11
2968,"shock wave",2,11
2969,"baryonic dark matter",3,11
2970,"velocity distributions",2,11
2971,"range le",2,11
2972,"rr lyrae variables",3,11
2973,"hierarchical clustering",2,11
2974,"hii regions",2,11
2975,"lambda he",2,11
2976,"kinematical region",2,11
2977,"gravity waves",2,11
2978,"rotating star",2,11
2979,"monte carlo code",3,11
2980,"compton scattering",2,11
2981,"angular scales",2,11
2982,"proton beams",2,11
2983,"bl lac",2,11
2984,"cepheid distance",2,11
2985,"qso absorption line",3,11
2986,"high luminosities",2,11
2987,"faint objects",2,11
2988,"cosmological models predict",3,11
2989,"polar cap",2,11
2990,"discovery potential",2,11
2991,"red shift",2,11
2992,"quadrupole moment",2,11
2993,"spatial variations",2,11
2994,"rxte pca",2,11
2995,"fragmentation process",2,11
2996,"neutral pions",2,11
2997,"electron positron pairs",3,11
2998,"life time",2,11
2999,"delta excitation",2,11
3000,"schwarzschild metric",2,11
3001,"quantum field strength",3,11
3002,"cygnus x-1",2,11
3003,"imaging technique",2,11
3004,"pair potentials",2,11
3005,"unitarity constraints",2,11
3006,"cotangent bundle",2,11
3007,"mode mixing",2,11
3008,"small instantons",2,11
3009,"interacting via",2,11
3010,"frw universe",2,11
3011,"conformally invariant",2,11
3012,"quantitative predictions",2,11
3013,"four fermi",2,11
3014,"universal behaviour",2,11
3015,"groups acting",2,11
3016,"holomorphic curves",2,11
3017,"perturbative renormalization group",3,11
3018,"random walks",2,11
3019,"soft supersymmetry breaking parameters",4,11
3020,"automorphism groups",2,11
3021,"strong coupling regime",3,11
3022,"extreme limit",2,11
3023,"invariant mass spectrum",3,11
3024,"logarithmic corrections",2,11
3025,"particle emission",2,11
3026,"parity conserving",2,11
3027,"universal behavior",2,11
3028,"dual superconductor",2,11
3029,"spin orbit interaction",3,11
3030,"faddeev equations",2,11
3031,"local minimum",2,11
3032,"non renormalizable",2,11
3033,"random matrix theory",3,11
3034,"arbitrary shape",2,11
3035,"quasi real",2,11
3036,"homogeneous spaces",2,11
3037,"self organized criticality",3,11
3038,"open question",2,11
3039,"tev energies",2,11
3040,"x-1 during",2,11
3041,"simulations indicate",2,11
3042,"baryon spectra",2,11
3043,"superconducting order",2,11
3044,"vortex core",2,11
3045,"scaling law",2,11
3046,"long baseline",2,11
3047,"tube model",2,11
3048,"oscillatory behavior",2,11
3049,"light cone sum rule",4,11
3050,"macdonald polynomials",2,11
3051,"per nucleon",2,11
3052,"strangeness production",2,11
3053,"violating interactions",2,11
3054,"structure function f2",3,11
3055,"cabibbo suppressed",2,11
3056,"eta photoproduction",2,11
3057,"charmed baryons",2,11
3058,"inclusive jet production",3,11
3059,"structure functions f2",3,11
3060,"zeus collaborations",2,11
3061,"hard pomeron",2,11
3062,"f0 a0",2,11
3063,"real photons",2,11
3064,"spatiotemporal chaos",2,11
3065,"phenomenological consequences",2,11
3066,"intermediate scale",2,11
3067,"su lattice gauge",3,11
3068,"ordered phases",2,11
3069,"quenched simulation",2,11
3070,"gluon propagator",2,11
3071,"flavor singlet",2,11
3072,"three flavour",2,11
3073,"isgur wise function",3,11
3074,"light quark masses",3,11
3075,"bose einstein condensation",3,11
3076,"meson baryon",2,11
3077,"strange baryon",2,11
3078,"colour octet",2,11
3079,"next linear collider nlc",4,11
3080,"wilson coefficients",2,11
3081,"resummation formalism",2,11
3082,"charmonium states",2,11
3083,"experimental signatures",2,11
3084,"cp odd",2,11
3085,"model mssm",2,11
3086,"two loop diagrams",3,11
3087,"higgs boson masses",3,11
3088,"flavor symmetry",2,11
3089,"nu tau",2,11
3090,"next linear collider",3,11
3091,"composite fermion",2,11
3092,"gluon distribution",2,11
3093,"valence quark",2,11
3094,"cleo collaboration",2,11
3095,"near tc",2,11
3096,"heisenberg antiferromagnet",2,11
3097,"quantum wire",2,11
3098,"antiferromagnetic spin-1",2,11
3099,"resonant tunneling",2,11
3100,"hole doping",2,11
3101,"high tc cuprates",3,11
3102,"non interacting electrons",3,11
3103,"granular materials",2,11
3104,"temperature dependences",2,11
3105,"spinless fermions",2,11
3106,"excluded volume",2,11
3107,"surface relaxation",2,11
3108,"vortex motion",2,11
3109,"phonon interaction",2,11
3110,"fractional quantum hall",3,11
3111,"casimir effect",2,10
3112,"integer quantum field",3,10
3113,"systematic procedure",2,10
3114,"homodyne detection",2,10
3115,"straight line",2,10
3116,"point correlation length",3,10
3117,"quantum entanglement",2,10
3118,"free energy spectrum",3,10
3119,"cauchy problem",2,10
3120,"macroscopic quantum field",3,10
3121,"laser pulse",2,10
3122,"self adjoint extension",3,10
3123,"trapped ions",2,10
3124,"value problems",2,10
3125,"particle hydrodynamics",2,10
3126,"two complementary",2,10
3127,"connected components",2,10
3128,"likelihood function",2,10
3129,"integration measure",2,10
3130,"quantized universal",2,10
3131,"particle tunneling",2,10
3132,"nuclear spins",2,10
3133,"noise term",2,10
3134,"vibrational modes",2,10
3135,"quantum algorithms",2,10
3136,"spin-1 particles",2,10
3137,"wavelength limit",2,10
3138,"thermodynamic variables",2,10
3139,"homogeneous magnetic fields",3,10
3140,"boson representation",2,10
3141,"susy algebra",2,10
3142,"local minima",2,10
3143,"real axis",2,10
3144,"initial singularity",2,10
3145,"mechanical description",2,10
3146,"phenomenological applications",2,10
3147,"initial condition",2,10
3148,"under extreme",2,10
3149,"root system",2,10
3150,"ladder systems",2,10
3151,"dirac delta",2,10
3152,"exactly solvable models",3,10
3153,"draw attention",2,10
3154,"line bundle",2,10
3155,"temperature difference",2,10
3156,"entropy production",2,10
3157,"distributed according",2,10
3158,"parallel transport",2,10
3159,"quantization scheme",2,10
3160,"external periodic",2,10
3161,"free absorption",2,10
3162,"decay exponentially",2,10
3163,"time step",2,10
3164,"cylindrical symmetry",2,10
3165,"root systems",2,10
3166,"holomorphic functions",2,10
3167,"kdv hierarchy",2,10
3168,"higher densities",2,10
3169,"bilinear form",2,10
3170,"liouville theory",2,10
3171,"nonlinear sigma",2,10
3172,"partial differential equations",3,10
3173,"geometric description",2,10
3174,"theta functions",2,10
3175,"stability criterion",2,10
3176,"theoretic description",2,10
3177,"solution describing",2,10
3178,"algebraic curve",2,10
3179,"broken symmetries",2,10
3180,"dyson equations",2,10
3181,"higgs branches",2,10
3182,"potential barrier",2,10
3183,"consistency check",2,10
3184,"spacetime dimension",2,10
3185,"strong coupling strength",3,10
3186,"pedagogical introduction",2,10
3187,"full nonlinear",2,10
3188,"traveling waves",2,10
3189,"gauge invariant formulation",3,10
3190,"diagrammatic approach",2,10
3191,"spacetime supersymmetry",2,10
3192,"single instanton",2,10
3193,"reissner nordstr",2,10
3194,"fermion determinant",2,10
3195,"lambda phi",2,10
3196,"planck length",2,10
3197,"static soliton",2,10
3198,"bps solitons",2,10
3199,"type iib string",3,10
3200,"deconfinement transition",2,10
3201,"electromagnetic processes",2,10
3202,"taub nut",2,10
3203,"alternative formulation",2,10
3204,"finite size scaling",3,10
3205,"charge quantization",2,10
3206,"spatial resolution",2,10
3207,"conformal transformation",2,10
3208,"supersymmetric gauge invariant",3,10
3209,"weak coupling constant",3,10
3210,"spinning particle",2,10
3211,"non local group",3,10
3212,"correctly reproduces",2,10
3213,"coset models",2,10
3214,"global minimum",2,10
3215,"magnetic field theories",3,10
3216,"ckm parameters",2,10
3217,"clifford algebras",2,10
3218,"bekenstein hawking entropy",3,10
3219,"renormalisation group",2,10
3220,"ultra violet",2,10
3221,"eleven dimensions",2,10
3222,"first lecture",2,10
3223,"genus zero",2,10
3224,"heat kernel coefficients",3,10
3225,"momentum frame",2,10
3226,"velocity dependent",2,10
3227,"de rham",2,10
3228,"riemannian geometry",2,10
3229,"dust shell",2,10
3230,"longitudinal components",2,10
3231,"compact dimensions",2,10
3232,"rotational symmetry",2,10
3233,"crossing symmetry",2,10
3234,"topological term",2,10
3235,"de sitter background",3,10
3236,"double scaling",2,10
3237,"semiclassical description",2,10
3238,"scalar field theories",3,10
3239,"nambu goto",2,10
3240,"real forms",2,10
3241,"nonrelativistic limit",2,10
3242,"correctly reproduced",2,10
3243,"cghs model",2,10
3244,"field theory fivebrane",3,10
3245,"baryon number violation",3,10
3246,"eigenvalue correlations",2,10
3247,"clustering properties",2,10
3248,"forming regions",2,10
3249,"evolutionary synthesis",2,10
3250,"similar redshifts",2,10
3251,"months after",2,10
3252,"hubble constant h0",3,10
3253,"multi wavelength",2,10
3254,"iron abundance",2,10
3255,"shear flow",2,10
3256,"maximum likelihood function",3,10
3257,"low viscosity",2,10
3258,"late type stars",3,10
3259,"supernova explosions",2,10
3260,"waves propagating",2,10
3261,"index alpha",2,10
3262,"variable star",2,10
3263,"keck hires",2,10
3264,"force acting",2,10
3265,"absorbed power law",3,10
3266,"kt kev",2,10
3267,"optically thin",2,10
3268,"quasi static",2,10
3269,"metal rich clusters",3,10
3270,"iras jy",2,10
3271,"stellar dynamics",2,10
3272,"perseus pisces",2,10
3273,"tully fisher",2,10
3274,"highly relativistic",2,10
3275,"total number density",3,10
3276,"like object",2,10
3277,"nuclei agn",2,10
3278,"pair correlation",2,10
3279,"continuum emission",2,10
3280,"radial velocities",2,10
3281,"full sky",2,10
3282,"galaxy types",2,10
3283,"within arcsec",2,10
3284,"gas confined",2,10
3285,"sunyaev zel dovich effect",4,10
3286,"star forming regions",3,10
3287,"keck spectra",2,10
3288,"current observational",2,10
3289,"complete samples",2,10
3290,"nuclear activity",2,10
3291,"negative evolution",2,10
3292,"galactic disks",2,10
3293,"core collapse supernovae",3,10
3294,"co lines",2,10
3295,"pointed observations",2,10
3296,"cold dark matter cdm",4,10
3297,"cmb anisotropies",2,10
3298,"inner region",2,10
3299,"galactic plane",2,10
3300,"color magnitude diagram",3,10
3301,"core collapse",2,10
3302,"accretion disk corona",3,10
3303,"cobe normalized",2,10
3304,"multiwavelength campaign",2,10
3305,"bl lac object",3,10
3306,"non uniform",2,10
3307,"galaxy counts",2,10
3308,"cd galaxies",2,10
3309,"common origin",2,10
3310,"low surface brightness",3,10
3311,"pattern formation",2,10
3312,"short period",2,10
3313,"single power",2,10
3314,"analytical approximations",2,10
3315,"weak lensing",2,10
3316,"old stellar population",3,10
3317,"non negligible",2,10
3318,"intermediate scales",2,10
3319,"air shower",2,10
3320,"broad emission lines",3,10
3321,"rho meson masses",3,10
3322,"period luminosity",2,10
3323,"age estimate",2,10
3324,"ray luminosities",2,10
3325,"carbon stars",2,10
3326,"large scale dependence",3,10
3327,"fe ii",2,10
3328,"electroweak symmetry",2,10
3329,"asymptotic limits",2,10
3330,"relativistic jets",2,10
3331,"atmosphere models",2,10
3332,"axially symmetric",2,10
3333,"analytical calculations",2,10
3334,"omega lambda",2,10
3335,"absolute magnitudes",2,10
3336,"air showers",2,10
3337,"peculiar features",2,10
3338,"real world",2,10
3339,"wavelet analysis",2,10
3340,"spectral shape",2,10
3341,"energy bands",2,10
3342,"delayed emission",2,10
3343,"iras galaxies",2,10
3344,"presenting new",2,10
3345,"kinematic regions",2,10
3346,"short time scales",3,10
3347,"pre main sequence stars",4,10
3348,"nuclear burning",2,10
3349,"order m2",2,10
3350,"population synthesis",2,10
3351,"compact binaries",2,10
3352,"narrow band",2,10
3353,"number density fluctuations",3,10
3354,"unstable periodic orbits",3,10
3355,"spherical geometry",2,10
3356,"four jet",2,10
3357,"energy cosmic",2,10
3358,"optical response",2,10
3359,"surprisingly large",2,10
3360,"quasi equilibrium",2,10
3361,"per site",2,10
3362,"chern simons theories",3,10
3363,"two dimensional regularization",3,10
3364,"absorption cross section",3,10
3365,"absolute value",2,10
3366,"associative algebras",2,10
3367,"long range forces",3,10
3368,"group su yang mills",4,10
3369,"finitely many",2,10
3370,"hyperfine structure",2,10
3371,"monopole current",2,10
3372,"parameters characterizing",2,10
3373,"transverse motion",2,10
3374,"kaehler manifolds",2,10
3375,"infrared finite",2,10
3376,"detailed investigation",2,10
3377,"winding number",2,10
3378,"dyson equation",2,10
3379,"violating phases",2,10
3380,"factorization formalism",2,10
3381,"wormhole solution",2,10
3382,"exponentially large",2,10
3383,"thomas fermi",2,10
3384,"after discussing",2,10
3385,"pressure induced",2,10
3386,"toroidal compactification",2,10
3387,"scaling behaviour",2,10
3388,"treated exactly",2,10
3389,"reflection symmetry",2,10
3390,"passive scalar",2,10
3391,"scaling relation",2,10
3392,"composite operator",2,10
3393,"post newtonian approximation",3,10
3394,"landau levels",2,10
3395,"cylindrically symmetric",2,10
3396,"interior region",2,10
3397,"pure gauge theory",3,10
3398,"traditional methods",2,10
3399,"vector bundles over",3,10
3400,"photon gluon",2,10
3401,"thermally induced",2,10
3402,"irreducible background",2,10
3403,"curvature induced",2,10
3404,"tunneling process",2,10
3405,"electric dipole moments",3,10
3406,"homology groups",2,10
3407,"m1 m2",2,10
3408,"analytic calculation",2,10
3409,"learning algorithm",2,10
3410,"spin glasses",2,10
3411,"elementary proof",2,10
3412,"kev blackbody",2,10
3413,"erg cm2",2,10
3414,"strongly reduced",2,10
3415,"radial distance",2,10
3416,"hipparcos parallaxes",2,10
3417,"shot noise",2,10
3418,"cross correlation",2,10
3419,"like feature",2,10
3420,"central value",2,10
3421,"tau eta",2,10
3422,"msw effect",2,10
3423,"probability distribution function",3,10
3424,"computational techniques",2,10
3425,"around gev",2,10
3426,"nearly degenerate",2,10
3427,"next few",2,10
3428,"scheme dependence",2,10
3429,"bubble wall",2,10
3430,"vacuum oscillations",2,10
3431,"cauchy horizon",2,10
3432,"vacuum einstein gravity",3,10
3433,"energy density functional theory",4,10
3434,"perturbative series",2,10
3435,"symmetry axis",2,10
3436,"metastable state",2,10
3437,"ii detector",2,10
3438,"long ranged",2,10
3439,"universal scaling behavior",3,10
3440,"intermediate energies",2,10
3441,"rapidity distributions",2,10
3442,"phonon excitations",2,10
3443,"transverse expansion",2,10
3444,"transverse polarization",2,10
3445,"branching ratio br",3,10
3446,"deep inelastic scattering dis",4,10
3447,"d0 detector",2,10
3448,"trilinear couplings",2,10
3449,"subsequent decay",2,10
3450,"charged leptons",2,10
3451,"dilepton production",2,10
3452,"lepton masses",2,10
3453,"rho parameter",2,10
3454,"spin asymmetry",2,10
3455,"single lepton",2,10
3456,"light hadron",2,10
3457,"monte carlo program",3,10
3458,"high pt",2,10
3459,"nlo qcd",2,10
3460,"hybrid mesons",2,10
3461,"charm quark",2,10
3462,"inelastic scattering",2,10
3463,"transition form factors",3,10
3464,"large tan beta",3,10
3465,"strong coupling constant alphas",4,10
3466,"exclusive semileptonic",2,10
3467,"persistent currents",2,10
3468,"neural networks",2,10
3469,"long range correlations",3,10
3470,"asymptotic scaling",2,10
3471,"tadpole improved",2,10
3472,"bs fb",2,10
3473,"lattice spacings",2,10
3474,"axial vector current",3,10
3475,"coarse lattices",2,10
3476,"anisotropic lattices",2,10
3477,"parameters involved",2,10
3478,"susceptibility chi",2,10
3479,"two flavours",2,10
3480,"finite dimensional ising model",4,10
3481,"mixing matrix elements",3,10
3482,"sea quark",2,10
3483,"quark propagator",2,10
3484,"goldstone boson",2,10
3485,"higher twist",2,10
3486,"relativistic heavy",2,10
3487,"octet baryons",2,10
3488,"realistic nucleon",2,10
3489,"e2 m1 ratio",3,10
3490,"short range repulsion",3,10
3491,"atomic parity violation",3,10
3492,"current conservation",2,10
3493,"nn potentials",2,10
3494,"disoriented chiral condensate",3,10
3495,"processing systems",2,10
3496,"natural language processing",3,10
3497,"transition form factor",3,10
3498,"wilson coefficient",2,10
3499,"messenger sector",2,10
3500,"hard scattering processes",3,10
3501,"experimentally accessible",2,10
3502,"altarelli parisi",2,10
3503,"brodsky lepage",2,10
3504,"pairing symmetry",2,10
3505,"random media",2,10
3506,"glassy systems",2,10
3507,"long chains",2,10
3508,"electronic excitations",2,10
3509,"chain length",2,10
3510,"thin film",2,10
3511,"luttinger liquids",2,10
3512,"states dos",2,10
3513,"j2 j1",2,10
3514,"photoemission spectra",2,10
3515,"domain growth",2,10
3516,"two dimensional electron systems",4,10
3517,"holstein model",2,10
3518,"aging regime",2,10
3519,"zn concentration",2,10
3520,"optimally doped",2,10
3521,"la sr",2,10
3522,"colloidal particles",2,10
3523,"low temperature superconductors",3,10
3524,"clean limit",2,10
3525,"spatial dimension",2,10
3526,"liquid crystal",2,10
3527,"fermi liquid behavior",3,10
3528,"lda calculations",2,10
3529,"stock market",2,10
3530,"hopf bifurcation",2,9
3531,"simplest version",2,9
3532,"channel capacity",2,9
3533,"surprising result",2,9
3534,"geometric phases",2,9
3535,"spacing distribution",2,9
3536,"fault tolerant",2,9
3537,"destructive interference",2,9
3538,"probability interpretation",2,9
3539,"quantum mechanical systems",3,9
3540,"lorentz covariant",2,9
3541,"quantum optics",2,9
3542,"maximum likelihood estimation",3,9
3543,"system goes",2,9
3544,"breit wigner",2,9
3545,"linearly independent",2,9
3546,"geometric phase",2,9
3547,"hidden variables",2,9
3548,"states containing",2,9
3549,"interacting bose",2,9
3550,"many body problem",3,9
3551,"casimir energy",2,9
3552,"schroedinger equations",2,9
3553,"mathematical formalism",2,9
3554,"canonical transformations",2,9
3555,"body problem",2,9
3556,"extreme case",2,9
3557,"long time evolution",3,9
3558,"suitably chosen",2,9
3559,"spontaneous emission",2,9
3560,"measurement errors",2,9
3561,"semiclassical quantization",2,9
3562,"grand canonical",2,9
3563,"dilute bose condensates",3,9
3564,"many ways",2,9
3565,"continuous monitoring",2,9
3566,"supersymmetric partners",2,9
3567,"experimental realization",2,9
3568,"letter phys rev",3,9
3569,"canonical coordinates",2,9
3570,"time reversal symmetry",3,9
3571,"sinh gordon",2,9
3572,"energy density matrix",3,9
3573,"experimental situation",2,9
3574,"magnitude limited",2,9
3575,"wigner crystal",2,9
3576,"coulomb repulsion",2,9
3577,"dielectric medium",2,9
3578,"spatially separated",2,9
3579,"highly efficient",2,9
3580,"spatial correlation",2,9
3581,"go theorem",2,9
3582,"eta invariant",2,9
3583,"observable consequences",2,9
3584,"cartan subalgebra",2,9
3585,"fully relativistic",2,9
3586,"variational calculation",2,9
3587,"covariant quantization",2,9
3588,"corresponding lax",2,9
3589,"numerical computations",2,9
3590,"tetrahedron equation",2,9
3591,"symplectic structures",2,9
3592,"dynamical symmetries",2,9
3593,"geodesic flow",2,9
3594,"wdvv equations",2,9
3595,"selected topics",2,9
3596,"kdv type",2,9
3597,"spectral curves",2,9
3598,"complete integrability",2,9
3599,"simple lie algebras",3,9
3600,"hirota bilinear",2,9
3601,"mathematical physics",2,9
3602,"algebro geometric",2,9
3603,"commuting operators",2,9
3604,"anisotropic heisenberg",2,9
3605,"equivalence theorem",2,9
3606,"reflection equation",2,9
3607,"adjoint matter",2,9
3608,"kinetic equations",2,9
3609,"unstable mode",2,9
3610,"three dimensional black hole",4,9
3611,"conformal factor",2,9
3612,"hartle hawking",2,9
3613,"local symmetries",2,9
3614,"superconformal algebra",2,9
3615,"poincare algebra",2,9
3616,"collective coordinates",2,9
3617,"friedmann robertson walker",3,9
3618,"abelian gauge invariant",3,9
3619,"expanding universes",2,9
3620,"schwinger dyson",2,9
3621,"plasma oscillations",2,9
3622,"internal symmetry",2,9
3623,"supergravity coupled",2,9
3624,"non abelian gauge theories",4,9
3625,"algebraic curves",2,9
3626,"anomaly cancellation",2,9
3627,"invariant definition",2,9
3628,"gauge symmetries",2,9
3629,"five brane configurations",3,9
3630,"topologically massive",2,9
3631,"instanton calculus",2,9
3632,"projective spaces",2,9
3633,"remarkably well",2,9
3634,"greybody factors",2,9
3635,"s1 z2",2,9
3636,"positive integer",2,9
3637,"reduction procedure",2,9
3638,"near extreme",2,9
3639,"non extremal black holes",4,9
3640,"semiclassical limit",2,9
3641,"parameter space time",3,9
3642,"confining phase",2,9
3643,"qualitative behavior",2,9
3644,"bps mass",2,9
3645,"hole thermodynamics",2,9
3646,"gravitino masses",2,9
3647,"toroidal compactifications",2,9
3648,"wilson line",2,9
3649,"parameters appearing",2,9
3650,"boundary value",2,9
3651,"killing vectors",2,9
3652,"witten index",2,9
3653,"wilson lines",2,9
3654,"colliding particles",2,9
3655,"supersymmetric yang mills theories",4,9
3656,"kahler manifolds",2,9
3657,"su yang mills theory",4,9
3658,"euler characteristic",2,9
3659,"schwarzschild radius",2,9
3660,"compact qed",2,9
3661,"bosonic string theory",3,9
3662,"monopole equations",2,9
3663,"vector multiplets",2,9
3664,"local supersymmetry",2,9
3665,"model displays",2,9
3666,"fluctuation induced",2,9
3667,"principal bundle",2,9
3668,"non perturbative corrections",3,9
3669,"superselection sectors",2,9
3670,"instanton size",2,9
3671,"conserved currents",2,9
3672,"intermediate values",2,9
3673,"dynamical supersymmetry breaking",3,9
3674,"space time dependence",3,9
3675,"z2 orbifold",2,9
3676,"bianchi identities",2,9
3677,"lowest lying",2,9
3678,"conformally coupled",2,9
3679,"newtonian gravity",2,9
3680,"superfluid density",2,9
3681,"vanishing theorem",2,9
3682,"dust temperature",2,9
3683,"resolution spectrograph",2,9
3684,"effective radii",2,9
3685,"galactic globular clusters",3,9
3686,"cygnus x-1 during",3,9
3687,"power law inflation",3,9
3688,"inner parts",2,9
3689,"sequence stars",2,9
3690,"ray selected",2,9
3691,"qso absorption system",3,9
3692,"rapidly rotating",2,9
3693,"velocity profiles",2,9
3694,"broad emission line",3,9
3695,"thermal instability",2,9
3696,"emitted during",2,9
3697,"loud quasars",2,9
3698,"burst sources",2,9
3699,"neutrino species",2,9
3700,"hydrodynamical simulations",2,9
3701,"ccd photometry",2,9
3702,"secondary star",2,9
3703,"produce observable",2,9
3704,"intergalactic medium igm",3,9
3705,"line width",2,9
3706,"few kpc",2,9
3707,"galaxy catalogues",2,9
3708,"multiple image",2,9
3709,"damped lyman alpha systems",4,9
3710,"batse 3b catalog",3,9
3711,"standard candle",2,9
3712,"hst imaging",2,9
3713,"evolutionary history",2,9
3714,"radio quiet",2,9
3715,"photon index",2,9
3716,"active star",2,9
3717,"formation rates",2,9
3718,"marginal stability",2,9
3719,"newtonian limit",2,9
3720,"peak position",2,9
3721,"intracluster gas",2,9
3722,"elliptical galaxy",2,9
3723,"metal abundances",2,9
3724,"supermassive black holes",3,9
3725,"dwarf nova",2,9
3726,"pulsar psr",2,9
3727,"gamma ray spectrum",3,9
3728,"hydrodynamical evolution",2,9
3729,"redshift space",2,9
3730,"photometric accuracy",2,9
3731,"abundances derived",2,9
3732,"supernova sn",2,9
3733,"accretion disks",2,9
3734,"halo structure",2,9
3735,"small grains",2,9
3736,"continuum emission lines",3,9
3737,"large scale structures",3,9
3738,"galaxy formation rate",3,9
3739,"gravitational microlensing",2,9
3740,"standard big bang",3,9
3741,"iv absorbers",2,9
3742,"error estimates",2,9
3743,"cosmological baryon",2,9
3744,"neutrino fluxes",2,9
3745,"fe ratio",2,9
3746,"thermal conduction",2,9
3747,"maxwellian distribution",2,9
3748,"nova muscae",2,9
3749,"poor stars",2,9
3750,"almost independent",2,9
3751,"percent level",2,9
3752,"metal line",2,9
3753,"balloon borne",2,9
3754,"few per",2,9
3755,"galaxy catalogs",2,9
3756,"source term",2,9
3757,"colour magnitude",2,9
3758,"broad line",2,9
3759,"gaussian random fields",3,9
3760,"long slit",2,9
3761,"temperature map",2,9
3762,"interstellar gas",2,9
3763,"main conclusion",2,9
3764,"cooling neutron stars",3,9
3765,"slope alpha",2,9
3766,"open universes",2,9
3767,"spectral types",2,9
3768,"analytic approximations",2,9
3769,"strong magnetic field theory",4,9
3770,"eddington limit",2,9
3771,"high excitation",2,9
3772,"open cluster",2,9
3773,"cold dark matter halos",4,9
3774,"jet axis",2,9
3775,"hadron phase transition",3,9
3776,"interstellar medium ism",3,9
3777,"luminosity function lf",3,9
3778,"non detection",2,9
3779,"source grs",2,9
3780,"morphological types",2,9
3781,"highly significant",2,9
3782,"lensing properties",2,9
3783,"mean redshift",2,9
3784,"now being",2,9
3785,"wide field planetary camera",4,9
3786,"lying within",2,9
3787,"azimuthal asymmetry",2,9
3788,"strong shocks",2,9
3789,"dense regions",2,9
3790,"mass accretion rate",3,9
3791,"growth rates",2,9
3792,"peak intensity",2,9
3793,"scale structure functions",3,9
3794,"crab nebula",2,9
3795,"starburst galaxy",2,9
3796,"analysis confirms",2,9
3797,"accurate measurement",2,9
3798,"regular lattice",2,9
3799,"spin orbit coupling",3,9
3800,"theoretical estimates",2,9
3801,"effective area",2,9
3802,"passes through",2,9
3803,"kerr metric",2,9
3804,"alternative interpretation",2,9
3805,"angular correlation",2,9
3806,"slightly lower",2,9
3807,"bar nu tau",3,9
3808,"electrical conductivity",2,9
3809,"position dependent",2,9
3810,"hot electrons",2,9
3811,"stringent limits",2,9
3812,"gamma ray bursts grbs",4,9
3813,"einstein de sitter",3,9
3814,"energy densities",2,9
3815,"per unit",2,9
3816,"relativistic mean",2,9
3817,"fluid turbulence",2,9
3818,"tc approx",2,9
3819,"late stages",2,9
3820,"super kamiokande",2,9
3821,"briefly mentioned",2,9
3822,"supernova remnant snr",3,9
3823,"bar nue",2,9
3824,"weyl tensor",2,9
3825,"worldvolume theory",2,9
3826,"bf theory",2,9
3827,"cohomology classes",2,9
3828,"gravitino mass",2,9
3829,"unbroken supersymmetry",2,9
3830,"killing spinors",2,9
3831,"quadratic order",2,9
3832,"spatial curvature",2,9
3833,"observable sector",2,9
3834,"odd degree",2,9
3835,"effective hamiltonians",2,9
3836,"yang mills theories",3,9
3837,"charged fermions",2,9
3838,"renormalized coupling",2,9
3839,"main attention",2,9
3840,"k3 surface",2,9
3841,"event horizons",2,9
3842,"universal enveloping",2,9
3843,"bogoliubov approximation",2,9
3844,"massive modes",2,9
3845,"reissner nordstr om",3,9
3846,"vector bundle",2,9
3847,"supersymmetric version",2,9
3848,"number conservation",2,9
3849,"complex phase transition",3,9
3850,"fermion propagator",2,9
3851,"conventional approaches",2,9
3852,"missing energy",2,9
3853,"renormalization group rg",3,9
3854,"light cone wave function",4,9
3855,"sums over",2,9
3856,"schwarzschild spacetime",2,9
3857,"three generations",2,9
3858,"internal spaces",2,9
3859,"dynamical nature",2,9
3860,"fractional quantum hall effect",4,9
3861,"light gravitino",2,9
3862,"strong cp problem",3,9
3863,"angular dependence",2,9
3864,"homology classes",2,9
3865,"unexpectedly large",2,9
3866,"spectrum becomes",2,9
3867,"density matrix theory",3,9
3868,"violating processes",2,9
3869,"real eigenvalues",2,9
3870,"vassiliev invariants",2,9
3871,"quark flavors",2,9
3872,"long wavelength limit",3,9
3873,"incident wave",2,9
3874,"euler lagrange",2,9
3875,"dependent part",2,9
3876,"linearly coupled",2,9
3877,"radial flow",2,9
3878,"transverse size",2,9
3879,"soft modes",2,9
3880,"loop anomalous",2,9
3881,"module over",2,9
3882,"four fermion operators",3,9
3883,"fractional charge",2,9
3884,"vertex operator algebra",3,9
3885,"morse theory",2,9
3886,"equivalence classes",2,9
3887,"infinite nuclear",2,9
3888,"crossed product",2,9
3889,"unit ball",2,9
3890,"cubic lattices",2,9
3891,"moderate values",2,9
3892,"system sizes",2,9
3893,"relaxation process",2,9
3894,"schubert polynomials",2,9
3895,"rational points",2,9
3896,"cdm models",2,9
3897,"incident energies",2,9
3898,"positron proton",2,9
3899,"gut scale",2,9
3900,"four orders",2,9
3901,"adiabatic perturbations",2,9
3902,"information content",2,9
3903,"jet physics",2,9
3904,"hierarchical structure",2,9
3905,"dynamical mean field",3,9
3906,"relic density",2,9
3907,"self diffusion",2,9
3908,"latest data",2,9
3909,"factorial moments",2,9
3910,"target nucleus",2,9
3911,"regge calculus",2,9
3912,"conserved quantity",2,9
3913,"film thickness",2,9
3914,"electroweak interaction",2,9
3915,"oscillation parameters",2,9
3916,"quark antiquark pairs",3,9
3917,"lower temperatures",2,9
3918,"event generator",2,9
3919,"cern sps energies",3,9
3920,"gluon plasma",2,9
3921,"transverse momentum dependence",3,9
3922,"meson exchange interaction",3,9
3923,"heavy flavour",2,9
3924,"bottom quark mass",3,9
3925,"semi leptonic",2,9
3926,"diffractive dissociation",2,9
3927,"asymmetry measurements",2,9
3928,"ep collider",2,9
3929,"pseudoscalar mesons",2,9
3930,"meson spectroscopy",2,9
3931,"psi photoproduction",2,9
3932,"bottom quarks",2,9
3933,"chargino production",2,9
3934,"hadronic scale",2,9
3935,"large hadron colliders",3,9
3936,"gluon jets",2,9
3937,"inclusive semileptonic decays",3,9
3938,"gluon density",2,9
3939,"classically chaotic systems",3,9
3940,"chaotic behavior",2,9
3941,"nonlinear response",2,9
3942,"assisted tunneling",2,9
3943,"standard wilson action",3,9
3944,"self avoiding",2,9
3945,"lattice gauge field theory",4,9
3946,"quark mass matrix elements",4,9
3947,"finite size scaling analysis",4,9
3948,"pion decay constant",3,9
3949,"first excited states",3,9
3950,"lattice sizes",2,9
3951,"doubly charged",2,9
3952,"color confinement",2,9
3953,"hadronic matrix elements",3,9
3954,"heavy quarkonium",2,9
3955,"eta prime",2,9
3956,"non relativistic heavy",3,9
3957,"heavy ion reactions",3,9
3958,"long range coulomb",3,9
3959,"sps energies",2,9
3960,"pi scattering amplitudes",3,9
3961,"random potentials",2,9
3962,"tunneling through",2,9
3963,"relativistic mean field theory",4,9
3964,"phenomenological description",2,9
3965,"gluon radiation",2,9
3966,"partial decay widths",3,9
3967,"pion exchange",2,9
3968,"neutral pion",2,9
3969,"anomalous suppression",2,9
3970,"wave vector",2,9
3971,"heavy baryon chiral perturbation theory",5,9
3972,"isospin violation",2,9
3973,"spoken dialogue system",3,9
3974,"single layer",2,9
3975,"nuclear shadowing",2,9
3976,"relativistic heavy quark",3,9
3977,"lightest higgs boson",3,9
3978,"lepton flavor",2,9
3979,"next linear colliders",3,9
3980,"drell yan process",3,9
3981,"deep inelastic scattering process",4,9
3982,"su gut",2,9
3983,"dglap evolution equations",3,9
3984,"phenomenological constraints",2,9
3985,"non leptonic",2,9
3986,"violating asymmetries",2,9
3987,"critical region",2,9
3988,"van der waals",3,9
3989,"directed polymer",2,9
3990,"interchain hopping",2,9
3991,"kubo formula",2,9
3992,"filling factor nu",3,9
3993,"spin relaxation",2,9
3994,"tunnel junction",2,9
3995,"phase ordering kinetics",3,9
3996,"channel kondo model",3,9
3997,"tomonaga luttinger liquid",3,9
3998,"orthogonality catastrophe",2,9
3999,"al prl",2,9
4000,"point contacts",2,9
4001,"phonon coupling",2,9
4002,"insulating state",2,9
4003,"2d electron",2,9
4004,"berezinskii kosterlitz thouless transition",4,9
4005,"insulator transition",2,9
4006,"doping concentration",2,9
4007,"antiferromagnetic exchange",2,9
4008,"de gennes",2,9
4009,"quasi long range",3,9
4010,"brillouin zone",2,9
4011,"conventional superconductors",2,9
4012,"bcs theory",2,9
4013,"numerical diagonalization",2,9
4014,"spin glass models",3,9
4015,"andreev reflection",2,9
4016,"layered superconductor",2,9
4017,"diffeomorphism groups",2,8
4018,"isotropic harmonic oscillator",3,8
4019,"dagger psi",2,8
4020,"hausdorff dimension",2,8
4021,"interference pattern",2,8
4022,"whole class",2,8
4023,"step size",2,8
4024,"rotationally invariant",2,8
4025,"transmission properties",2,8
4026,"cellular automaton",2,8
4027,"stochastic differential",2,8
4028,"symmetric phase space",3,8
4029,"space time steps",3,8
4030,"nonlinear schr odinger equation",4,8
4031,"nonrelativistic quantum mechanics",3,8
4032,"mathematically well",2,8
4033,"projection operator",2,8
4034,"feynman path integral",3,8
4035,"uncertainty principle",2,8
4036,"reason why",2,8
4037,"quantum communication",2,8
4038,"observable quantities",2,8
4039,"logarithmic approximation",2,8
4040,"two photon number",3,8
4041,"hilbert space time",3,8
4042,"classical counterparts",2,8
4043,"semiclassical methods",2,8
4044,"arguments against",2,8
4045,"heisenberg algebra",2,8
4046,"confined bose",2,8
4047,"harmonic trap",2,8
4048,"topologically non trivial",3,8
4049,"junction arrays",2,8
4050,"neutral kaon system",3,8
4051,"uniformly accelerated",2,8
4052,"non crossing",2,8
4053,"lorentz dirac",2,8
4054,"quasiclassical approach",2,8
4055,"cooling rate",2,8
4056,"hot hadronic",2,8
4057,"gross features",2,8
4058,"local moment",2,8
4059,"charged particle spectra",3,8
4060,"wave function psi",3,8
4061,"non extreme",2,8
4062,"gauss decomposition",2,8
4063,"darboux transformation",2,8
4064,"turning points",2,8
4065,"nonlinear schr",2,8
4066,"parameter estimation",2,8
4067,"standard deviation",2,8
4068,"non perturbative series",3,8
4069,"complex eigenvalues",2,8
4070,"time steps",2,8
4071,"phase space time dependent",4,8
4072,"nonzero value",2,8
4073,"evolutionary state",2,8
4074,"generic initial",2,8
4075,"sp 2n",2,8
4076,"alkali atoms",2,8
4077,"off center",2,8
4078,"ray diffraction",2,8
4079,"cyclotron resonance",2,8
4080,"integrability conditions",2,8
4081,"time ago",2,8
4082,"zero frequency",2,8
4083,"baker akhiezer",2,8
4084,"poisson lie algebra",3,8
4085,"kp hierarchy",2,8
4086,"transfer matrices",2,8
4087,"young diagrams",2,8
4088,"geodesic motion",2,8
4089,"loop algebras",2,8
4090,"analytic formulae",2,8
4091,"lax pair",2,8
4092,"elliptic curve",2,8
4093,"surface density functional",3,8
4094,"gaussian curvature",2,8
4095,"heisenberg chain",2,8
4096,"hyperelliptic curves",2,8
4097,"energy theorems",2,8
4098,"null vectors",2,8
4099,"massive schwinger model",3,8
4100,"direct generalization",2,8
4101,"fundamental plane",2,8
4102,"regge trajectories",2,8
4103,"ultraviolet divergent",2,8
4104,"euler number",2,8
4105,"landau gauge",2,8
4106,"boson realization",2,8
4107,"fixing term",2,8
4108,"singular vectors",2,8
4109,"gauge fixing",2,8
4110,"after reviewing",2,8
4111,"new class constraints",3,8
4112,"curved space time",3,8
4113,"iib string",2,8
4114,"fermionic zero modes",3,8
4115,"configuration space time",3,8
4116,"riemannian manifold",2,8
4117,"topics covered",2,8
4118,"enhanced gauge symmetry",3,8
4119,"born oppenheimer",2,8
4120,"functional integral",2,8
4121,"covariant derivatives",2,8
4122,"ahler potential",2,8
4123,"massive schwinger",2,8
4124,"pure gravity",2,8
4125,"planar lattice",2,8
4126,"hole entropy formula",3,8
4127,"singularity free",2,8
4128,"ms scheme",2,8
4129,"closed string theory",3,8
4130,"low energy gap",3,8
4131,"gross neveu model",3,8
4132,"xxz model",2,8
4133,"data base",2,8
4134,"bubble collisions",2,8
4135,"constrained dynamics",2,8
4136,"false vacuum",2,8
4137,"radiation era",2,8
4138,"four dimensional supergravity",3,8
4139,"fermion mass term",3,8
4140,"canonical formulation",2,8
4141,"theory explains",2,8
4142,"hermitian matrix models",3,8
4143,"dilatonic gravity",2,8
4144,"coupled scalars",2,8
4145,"magnetic flux tube",3,8
4146,"physical relevance",2,8
4147,"spatial infinity",2,8
4148,"time evolution equations",3,8
4149,"unitary minimal",2,8
4150,"type ii strings",3,8
4151,"matrix theory compactified",3,8
4152,"simplifying assumptions",2,8
4153,"self dual yang mills",4,8
4154,"consistency condition",2,8
4155,"nontrivial topology",2,8
4156,"theoretic approach",2,8
4157,"kalb ramond",2,8
4158,"consistency checks",2,8
4159,"smooth sections",2,8
4160,"non zero momentum",3,8
4161,"analytically solvable model",3,8
4162,"duality maps",2,8
4163,"particle identification",2,8
4164,"super qcd",2,8
4165,"chiral perturbation",2,8
4166,"arbitrarily high",2,8
4167,"conformal field theories",3,8
4168,"sound velocity",2,8
4169,"moment problem",2,8
4170,"zeta function regularization",3,8
4171,"superconformal field theory",3,8
4172,"short time evolution",3,8
4173,"kinetic term",2,8
4174,"lattice regularization",2,8
4175,"point splitting",2,8
4176,"configuration spaces",2,8
4177,"pseudodifferential operators",2,8
4178,"matter hypermultiplets",2,8
4179,"e8 heterotic",2,8
4180,"critical temperature dependence",3,8
4181,"nambu goldstone",2,8
4182,"gluon polarization",2,8
4183,"closed string",2,8
4184,"gauss bonnet",2,8
4185,"ahler manifold",2,8
4186,"inverse cascade",2,8
4187,"zeta functions",2,8
4188,"lambda phi4 theory",3,8
4189,"gauge symmetry breaking",3,8
4190,"process nucleosynthesis",2,8
4191,"virial radius",2,8
4192,"stringent test",2,8
4193,"net effect",2,8
4194,"hubble space telescope hst imaging",5,8
4195,"millisecond pulsars",2,8
4196,"broad emission",2,8
4197,"transverse velocity",2,8
4198,"halo objects",2,8
4199,"early type ii",3,8
4200,"faint object",2,8
4201,"density inhomogeneities",2,8
4202,"unstable periodic",2,8
4203,"brightness profiles",2,8
4204,"surface photometry",2,8
4205,"body simulation",2,8
4206,"bulk motions",2,8
4207,"hyperfine transition",2,8
4208,"atomic hydrogen",2,8
4209,"limit cycle",2,8
4210,"maximum likelihood",2,8
4211,"velocity dispersion relation",3,8
4212,"mass accretion",2,8
4213,"star formation activity",3,8
4214,"accretion disk instability",3,8
4215,"background quasars",2,8
4216,"count rate",2,8
4217,"quasi periodic oscillations qpos",4,8
4218,"young pulsars",2,8
4219,"sizes up",2,8
4220,"hydrodynamics code",2,8
4221,"keck spectroscopy",2,8
4222,"large scatter",2,8
4223,"anomalous diffusion",2,8
4224,"disk like",2,8
4225,"ring around",2,8
4226,"magnitude higher order",3,8
4227,"astrophysical objects",2,8
4228,"rosat hri",2,8
4229,"luminosity functions",2,8
4230,"fully self consistent",3,8
4231,"uv radiation",2,8
4232,"pair plasma",2,8
4233,"higher redshifts",2,8
4234,"apparent magnitude",2,8
4235,"ray background",2,8
4236,"space telescope",2,8
4237,"hydrogen burning",2,8
4238,"baryon fraction",2,8
4239,"cmb polarization",2,8
4240,"hot dark matter",3,8
4241,"differential rotation",2,8
4242,"flux tube",2,8
4243,"tau neutrino",2,8
4244,"spectral resolution",2,8
4245,"early type stars",3,8
4246,"qso absorption",2,8
4247,"hubble space",2,8
4248,"blue galaxies",2,8
4249,"cobe dmr data",3,8
4250,"tidal interaction",2,8
4251,"primordial black holes",3,8
4252,"galactic globular cluster",3,8
4253,"hri observations",2,8
4254,"al apj",2,8
4255,"astrophysical sources",2,8
4256,"photon flux",2,8
4257,"large scale structure formation",4,8
4258,"blue horizontal",2,8
4259,"galactic halo stars",3,8
4260,"detailed balance",2,8
4261,"metallicity distribution",2,8
4262,"hubble space telescope hst observations",5,8
4263,"central black hole",3,8
4264,"low degree",2,8
4265,"small magellanic cloud smc",4,8
4266,"long wavelengths",2,8
4267,"pulsar gx",2,8
4268,"intensity variations",2,8
4269,"starburst nucleus",2,8
4270,"gravitationally lensed quasar",3,8
4271,"balmer lines",2,8
4272,"emission line width",3,8
4273,"rotating dust",2,8
4274,"strongly affect",2,8
4275,"bremsstrahlung process",2,8
4276,"helium abundance",2,8
4277,"state eos",2,8
4278,"temperature anisotropies",2,8
4279,"intermediate redshifts",2,8
4280,"probably related",2,8
4281,"relative abundance",2,8
4282,"lensed images",2,8
4283,"lens models",2,8
4284,"rotation period",2,8
4285,"angular momentum distributions",3,8
4286,"greatly enhanced",2,8
4287,"dark matter haloes",3,8
4288,"limited sample",2,8
4289,"nearly constant",2,8
4290,"outer part",2,8
4291,"photometric observations",2,8
4292,"white dwarf nova",3,8
4293,"symmetric nuclear matter",3,8
4294,"photon ratio",2,8
4295,"gamma ray pulsars",3,8
4296,"baryonic mass",2,8
4297,"low mass spectrum",3,8
4298,"two apparently",2,8
4299,"primordial gas",2,8
4300,"star forming galaxies",3,8
4301,"integrated intensity",2,8
4302,"monte carlo procedure",3,8
4303,"timing explorer rxte",3,8
4304,"smoothed particle hydrodynamics",3,8
4305,"microwave background anisotropies",3,8
4306,"high velocity field",3,8
4307,"analytical methods",2,8
4308,"egret source",2,8
4309,"decay products",2,8
4310,"hr diagram",2,8
4311,"parallel computers",2,8
4312,"confidence level upper limit",4,8
4313,"sources e.g",2,8
4314,"ultra high energies",3,8
4315,"hipparcos parallax",2,8
4316,"layer thickness",2,8
4317,"inverse compton",2,8
4318,"background xrb",2,8
4319,"distant radio sources",3,8
4320,"hubble space telescope hst",4,8
4321,"metallicity relation",2,8
4322,"astrophysical applications",2,8
4323,"acoustic oscillations",2,8
4324,"consistent determination",2,8
4325,"fireball models",2,8
4326,"las campanas redshift survey",4,8
4327,"debye screening",2,8
4328,"critical phenomenon",2,8
4329,"light profile",2,8
4330,"accreting black holes",3,8
4331,"central part",2,8
4332,"vlbi observations",2,8
4333,"adaptive optics",2,8
4334,"heavy element",2,8
4335,"distance scales",2,8
4336,"solar system",2,8
4337,"temporal behavior",2,8
4338,"electron proton collisions",3,8
4339,"rest mass",2,8
4340,"evolutionary status",2,8
4341,"total energy spectrum",3,8
4342,"proton nucleus",2,8
4343,"rate tau",2,8
4344,"innermost stable orbit",3,8
4345,"scattered light",2,8
4346,"absorbing gas",2,8
4347,"uv flux",2,8
4348,"synthesis models",2,8
4349,"new spectroscopic observations",3,8
4350,"three kinds",2,8
4351,"spectral variations",2,8
4352,"lower dimensional",2,8
4353,"atmospheric neutrino",2,8
4354,"multi gev",2,8
4355,"curve shape",2,8
4356,"technical details",2,8
4357,"loop variables",2,8
4358,"two dimensional supergravity",3,8
4359,"closed surfaces",2,8
4360,"flat space time",3,8
4361,"singular behavior",2,8
4362,"sin2 thetaw",2,8
4363,"finite dimensional reduction",3,8
4364,"five branes",2,8
4365,"double expansion",2,8
4366,"improved perturbation theory",3,8
4367,"dual gravity",2,8
4368,"generating functional",2,8
4369,"corrections coming",2,8
4370,"single particle number",3,8
4371,"brans dicke theory",3,8
4372,"closed strings",2,8
4373,"orbifold compactifications",2,8
4374,"minisuperspace model",2,8
4375,"unruh effect",2,8
4376,"scalar product",2,8
4377,"normal forms",2,8
4378,"wall solutions",2,8
4379,"einstein maxwell",2,8
4380,"intimately related",2,8
4381,"mixed phase transition",3,8
4382,"non linear electrodynamics",3,8
4383,"low energy theorems",3,8
4384,"two loop approximation",3,8
4385,"correlation lengths",2,8
4386,"four fermion mass",3,8
4387,"cp1 model",2,8
4388,"fully covariant",2,8
4389,"modular forms",2,8
4390,"nonlinear sigma models",3,8
4391,"isotropic turbulence",2,8
4392,"longitudinal direction",2,8
4393,"alternative explanation",2,8
4394,"branes wrapped",2,8
4395,"standard picture",2,8
4396,"talk summarizes",2,8
4397,"convergence properties",2,8
4398,"plane wave function",3,8
4399,"killing vector",2,8
4400,"whole range",2,8
4401,"magnetic field configurations",3,8
4402,"imaginary time",2,8
4403,"chiral random",2,8
4404,"fractional quantum field theory",4,8
4405,"donaldson invariants",2,8
4406,"crossing time",2,8
4407,"complex algebraic",2,8
4408,"lattice qcd vacuum",3,8
4409,"nonzero chemical potential",3,8
4410,"abelian higgs",2,8
4411,"perturbation series expansion",3,8
4412,"neutral higgs",2,8
4413,"linear sigma",2,8
4414,"microscopic derivation",2,8
4415,"highly non linear",3,8
4416,"main ingredient",2,8
4417,"fermionic charge",2,8
4418,"stable vector bundles",3,8
4419,"negative parity",2,8
4420,"multipole moments",2,8
4421,"inverse square",2,8
4422,"dilute limit",2,8
4423,"severe constraints",2,8
4424,"constituent quark",2,8
4425,"chern class",2,8
4426,"universal cover",2,8
4427,"symplectic manifold",2,8
4428,"ample line bundle",3,8
4429,"intersection numbers",2,8
4430,"quantum cohomology",2,8
4431,"riemannian metrics",2,8
4432,"multiplicative noise",2,8
4433,"high enough",2,8
4434,"abelian varieties",2,8
4435,"geometric genus",2,8
4436,"universal curve",2,8
4437,"semi analytic",2,8
4438,"algebraically closed",2,8
4439,"polarized structure functions",3,8
4440,"rational numbers",2,8
4441,"low mass energies",3,8
4442,"ligo virgo",2,8
4443,"mixed phase",2,8
4444,"maximum likelihood analysis",3,8
4445,"photon plus",2,8
4446,"spin waves",2,8
4447,"unique information",2,8
4448,"global fits",2,8
4449,"stellar wind",2,8
4450,"diffusion coefficient",2,8
4451,"well controlled",2,8
4452,"axis optical",2,8
4453,"science verification phase",3,8
4454,"solar neutrino flux",3,8
4455,"stable fixed",2,8
4456,"reconstruction technique",2,8
4457,"volume fraction",2,8
4458,"clustering algorithm",2,8
4459,"slope parameter",2,8
4460,"small angle",2,8
4461,"experimental data set",3,8
4462,"chemical reaction",2,8
4463,"linear stability analysis",3,8
4464,"zero bias",2,8
4465,"fluctuation dissipation",2,8
4466,"fairly large",2,8
4467,"tolman bondi",2,8
4468,"chemical potentials",2,8
4469,"circular orbits",2,8
4470,"accurate numerical",2,8
4471,"conservation law",2,8
4472,"m2 q2",2,8
4473,"charged black hole",3,8
4474,"knot invariants",2,8
4475,"thin shells",2,8
4476,"standard model predicts",3,8
4477,"violating couplings",2,8
4478,"frequency dependent",2,8
4479,"charged current events",3,8
4480,"negatively charged",2,8
4481,"double differential",2,8
4482,"quantum molecular dynamics",3,8
4483,"nucleon correlations",2,8
4484,"deuteron structure functions",3,8
4485,"quark gluon jets",3,8
4486,"large rapidity",2,8
4487,"branching fraction",2,8
4488,"polarized deep inelastic",3,8
4489,"inclusive semileptonic",2,8
4490,"deep inelastic scattering processes",4,8
4491,"first generation leptoquarks",3,8
4492,"delta resonances",2,8
4493,"vector meson production",3,8
4494,"kaon decays",2,8
4495,"radiative decays",2,8
4496,"quasi elastic",2,8
4497,"navier stokes turbulence",3,8
4498,"simulated annealing",2,8
4499,"unit cells",2,8
4500,"anomalous transport",2,8
4501,"melting transition",2,8
4502,"spatio temporal",2,8
4503,"localized regime",2,8
4504,"hard sphere",2,8
4505,"localization length",2,8
4506,"flux tube model",3,8
4507,"quantum monte carlo algorithm",4,8
4508,"sw clover",2,8
4509,"lattice nrqcd",2,8
4510,"dynamical triangulation",2,8
4511,"percolation transition",2,8
4512,"tadpole improved actions",3,8
4513,"finite size scaling behavior",4,8
4514,"lattice sizes up",3,8
4515,"leading logarithms",2,8
4516,"hubbard models",2,8
4517,"leq mev",2,8
4518,"light quark mass",3,8
4519,"next nearest neighbour",3,8
4520,"pion photoproduction",2,8
4521,"off nucleons",2,8
4522,"radiative correction",2,8
4523,"elastic scattering amplitude",3,8
4524,"scalar isoscalar",2,8
4525,"fermi motion",2,8
4526,"numerical evaluation",2,8
4527,"pairing correlations",2,8
4528,"quark sector",2,8
4529,"color charge",2,8
4530,"lying excitations",2,8
4531,"pi scattering amplitude",3,8
4532,"isospin breaking",2,8
4533,"peccei quinn",2,8
4534,"factorization approximation",2,8
4535,"heavy higgs bosons",3,8
4536,"gluon fragmentation",2,8
4537,"diffractive dis",2,8
4538,"ckm matrix elements",3,8
4539,"squark masses",2,8
4540,"nc expansion",2,8
4541,"dglap evolution",2,8
4542,"gell mann okubo",3,8
4543,"collider lhc",2,8
4544,"higgs doublet",2,8
4545,"two higgs doublet model",4,8
4546,"leading log approximation",3,8
4547,"parton level",2,8
4548,"two higgs bosons",3,8
4549,"cp asymmetry",2,8
4550,"finite dimensional electron system",4,8
4551,"scattering rate",2,8
4552,"spin flip",2,8
4553,"neutral higgs bosons",3,8
4554,"next linear",2,8
4555,"monte carlo event generator",4,8
4556,"maximal mixing",2,8
4557,"leading order nlo",3,8
4558,"infrared safe",2,8
4559,"single vortex",2,8
4560,"hard thermal loop",3,8
4561,"relaxation rate",2,8
4562,"disorder driven",2,8
4563,"damage spreading",2,8
4564,"non monotonic",2,8
4565,"glass transition",2,8
4566,"dynamic structure factor",3,8
4567,"quantum monte carlo simulations",4,8
4568,"half filled landau level",4,8
4569,"system size scaling behavior",4,8
4570,"density functional theory",3,8
4571,"two leg",2,8
4572,"inter chain",2,8
4573,"finite dimensional electron",3,8
4574,"liquid crystals",2,8
4575,"kondo effect",2,8
4576,"dimensional kondo model",3,8
4577,"anderson impurity",2,8
4578,"replica symmetry breaking",3,8
4579,"spin fluctuation",2,8
4580,"metal insulator transitions",3,8
4581,"hopping term",2,8
4582,"wave superconductor",2,8
4583,"josephson coupling",2,8
4584,"semiconductor quantum field",3,8
4585,"diffusive regime",2,8
4586,"bias voltage",2,8
4587,"nematic liquid crystals",3,8
4588,"correlation length xi",3,8
4589,"dipolar interactions",2,8
4590,"tomonaga luttinger",2,8
4591,"resistively shunted",2,8
4592,"electron phonon",2,8
4593,"spin liquid",2,8
4594,"cuo2 planes",2,8
4595,"kohn sham",2,8
4596,"granular material",2,8
4597,"conduction electron",2,8
4598,"dc current",2,8
4599,"electronic transport",2,8
4600,"high temperature superconductors",3,8
4601,"conjugated polymers",2,8
4602,"optical phonons",2,8
4603,"temperature superconductors",2,8
4604,"self averaging",2,8
4605,"semiflexible polymer",2,8
4606,"polymer solutions",2,8
4607,"superconductor insulator",2,8
4608,"carbon nanotubes",2,8
4609,"electron microscopy",2,8
4610,"gross pitaevskii equation",3,8
4611,"la 2-x sr cuo",4,8
4612,"2d square",2,8
4613,"reflection amplitude",2,7
4614,"off diagonal elements",3,7
4615,"statistical inference",2,7
4616,"local realism",2,7
4617,"classification scheme",2,7
4618,"following topics",2,7
4619,"length exponent",2,7
4620,"magnetic field theoretical",3,7
4621,"statistical measures",2,7
4622,"wavelet transform",2,7
4623,"orbit interaction",2,7
4624,"non relativistic quantum field theory",5,7
4625,"np complete",2,7
4626,"gross pitaevskii",2,7
4627,"physical interpretations",2,7
4628,"alternative proof",2,7
4629,"harmonic oscillators",2,7
4630,"einstein podolsky rosen",3,7
4631,"continuum limits",2,7
4632,"exactly solvable potentials",3,7
4633,"creation rate",2,7
4634,"clebsch gordan coefficients",3,7
4635,"induced decoherence",2,7
4636,"parametric amplification",2,7
4637,"long ago",2,7
4638,"deformed oscillator algebra",3,7
4639,"time derivatives",2,7
4640,"inertial frames",2,7
4641,"fundamental mode",2,7
4642,"fundamental length",2,7
4643,"mutual interaction",2,7
4644,"inversion symmetry",2,7
4645,"order alpha2",2,7
4646,"minimal assumptions",2,7
4647,"unperturbed system",2,7
4648,"electric field theory",3,7
4649,"parametric down conversion",3,7
4650,"single trapped",2,7
4651,"semi classical limit",3,7
4652,"circular polarization",2,7
4653,"after briefly",2,7
4654,"caldeira leggett",2,7
4655,"emerges naturally",2,7
4656,"leading ln",2,7
4657,"law behavior",2,7
4658,"break up",2,7
4659,"magnetic flux lines",3,7
4660,"asymmetric double well",3,7
4661,"physically meaningful",2,7
4662,"relativistic quantum field theory",4,7
4663,"coordinate transformations",2,7
4664,"integro differential equations",3,7
4665,"originally derived",2,7
4666,"supersymmetric partner",2,7
4667,"core potential",2,7
4668,"infinite range",2,7
4669,"bose gas confined",3,7
4670,"greatly improved",2,7
4671,"yangian symmetry",2,7
4672,"bethe ansatz solution",3,7
4673,"algebraic bethe ansatz",3,7
4674,"burgers equation",2,7
4675,"equations governing",2,7
4676,"seiberg witten solution",3,7
4677,"geodesic equations",2,7
4678,"systematic construction",2,7
4679,"trace formula",2,7
4680,"wznw model",2,7
4681,"two dimensional analogue",3,7
4682,"loop correlators",2,7
4683,"conformal field",2,7
4684,"constant electric",2,7
4685,"high velocity dispersion",3,7
4686,"elliptic quantum groups",3,7
4687,"jack polynomials",2,7
4688,"defining relations",2,7
4689,"xy chain",2,7
4690,"commutation rules",2,7
4691,"ricci flat space",3,7
4692,"quark mass spectrum",3,7
4693,"phase spaces",2,7
4694,"thermal loop",2,7
4695,"elliptic algebra",2,7
4696,"intersection rules",2,7
4697,"group su nc",3,7
4698,"jahn teller model",3,7
4699,"principal chiral",2,7
4700,"affleck dine",2,7
4701,"deformed heisenberg algebra",3,7
4702,"local functionals",2,7
4703,"leading logarithm",2,7
4704,"slowly varying",2,7
4705,"solid angle",2,7
4706,"transfer matrix theory",3,7
4707,"inverse powers",2,7
4708,"type ii string",3,7
4709,"euclidean manifold",2,7
4710,"monopole moduli",2,7
4711,"cp n-1",2,7
4712,"area preserving",2,7
4713,"energy supergravity",2,7
4714,"non interacting via",3,7
4715,"adm mass",2,7
4716,"dynamically broken",2,7
4717,"tc simeq",2,7
4718,"dimensional black",2,7
4719,"standard spherical",2,7
4720,"toric geometry",2,7
4721,"abelian gauge symmetry",3,7
4722,"kerr newman",2,7
4723,"classical transport",2,7
4724,"membrane states",2,7
4725,"orbifold singularities",2,7
4726,"term variations",2,7
4727,"bosonic matter fields",3,7
4728,"local group approach",3,7
4729,"highest weight modules",3,7
4730,"coincident branes",2,7
4731,"wess zumino witten",3,7
4732,"threshold bound states",3,7
4733,"infinite momentum frame",3,7
4734,"closed expressions",2,7
4735,"light cone formalism",3,7
4736,"landau pole",2,7
4737,"mirror map",2,7
4738,"bogomol nyi",2,7
4739,"renormalization group flow",3,7
4740,"low mass term",3,7
4741,"prime integers",2,7
4742,"kac moody algebras",3,7
4743,"del pezzo",2,7
4744,"2d black hole",3,7
4745,"correction factor",2,7
4746,"four dimensional reduction",3,7
4747,"fermi liquid fixed point",4,7
4748,"fermionic zero",2,7
4749,"real time evolution",3,7
4750,"elementary particle",2,7
4751,"dp branes",2,7
4752,"low frequency range",3,7
4753,"canonical basis",2,7
4754,"simple roots",2,7
4755,"fano varieties",2,7
4756,"sine gordon models",3,7
4757,"infrared divergence",2,7
4758,"multiplet structure",2,7
4759,"diffeomorphism group",2,7
4760,"coupled map",2,7
4761,"poisson algebra",2,7
4762,"weakly compact",2,7
4763,"three flavors",2,7
4764,"matter multiplets",2,7
4765,"tensor multiplet",2,7
4766,"integer values",2,7
4767,"klein gordon equations",3,7
4768,"chern simons type",3,7
4769,"free energy condition",3,7
4770,"mixing angle theta",3,7
4771,"orientifold plane",2,7
4772,"2d dilaton gravity",3,7
4773,"massless dirac operator",3,7
4774,"surprisingly well",2,7
4775,"normal mode",2,7
4776,"charge ordering",2,7
4777,"ladder approximation",2,7
4778,"direct proof",2,7
4779,"branes wrapped around",3,7
4780,"line ratios",2,7
4781,"external shocks",2,7
4782,"turbulent convection",2,7
4783,"integration time",2,7
4784,"analytic estimates",2,7
4785,"discrete sources",2,7
4786,"spiral arm",2,7
4787,"de vaucouleurs",2,7
4788,"mira variables",2,7
4789,"total magnitudes",2,7
4790,"compton cooling",2,7
4791,"damped lyman",2,7
4792,"kelvin helmholtz instability",3,7
4793,"stellar yields",2,7
4794,"radial profile",2,7
4795,"virial theorem",2,7
4796,"crossing approximation",2,7
4797,"accretion disc",2,7
4798,"galactic nuclei agn",3,7
4799,"cyg x-1",2,7
4800,"slowly rotating",2,7
4801,"bl lacs",2,7
4802,"board bepposax",2,7
4803,"orbital phase",2,7
4804,"friedmann robertson walker universe",4,7
4805,"axis ratio",2,7
4806,"coulomb drag",2,7
4807,"sub arcsecond",2,7
4808,"line emitting",2,7
4809,"volume limited",2,7
4810,"cobe dirbe",2,7
4811,"normal galaxies",2,7
4812,"rest frame ultraviolet",3,7
4813,"local density fluctuations",3,7
4814,"central engine",2,7
4815,"quiet quasars",2,7
4816,"hst wfpc2",2,7
4817,"axis ratios",2,7
4818,"post agb",2,7
4819,"chemical enrichment",2,7
4820,"stretched exponential",2,7
4821,"domain omega",2,7
4822,"driven wind",2,7
4823,"brightest cluster",2,7
4824,"luminous quasars",2,7
4825,"dense molecular",2,7
4826,"outer parts",2,7
4827,"cobe dmr",2,7
4828,"adaptive mesh",2,7
4829,"higher luminosities",2,7
4830,"limit cycles",2,7
4831,"cataclysmic variables",2,7
4832,"cosmic string theory",3,7
4833,"open universe",2,7
4834,"faint end",2,7
4835,"surface brightness profiles",3,7
4836,"radio jets",2,7
4837,"emission mechanisms",2,7
4838,"integrating over",2,7
4839,"wfpc2 images",2,7
4840,"keck telescope",2,7
4841,"optical spectroscopic observations",3,7
4842,"multiply imaged",2,7
4843,"multiple images",2,7
4844,"small scale dependence",3,7
4845,"detailed modelling",2,7
4846,"lyman limit",2,7
4847,"galactic globular",2,7
4848,"mixing length",2,7
4849,"spectroscopic binary",2,7
4850,"solar neighbourhood",2,7
4851,"galactic halos",2,7
4852,"rotating black hole",3,7
4853,"observational consequences",2,7
4854,"primordial deuterium abundance",3,7
4855,"perfect fluids",2,7
4856,"thermal bremsstrahlung",2,7
4857,"sunyaev zeldovich effect",3,7
4858,"remarkably similar",2,7
4859,"low mass distribution function",4,7
4860,"cold dark matter cdm model",5,7
4861,"well sampled",2,7
4862,"oscillation frequencies",2,7
4863,"convection zone",2,7
4864,"hole concentration",2,7
4865,"macho project",2,7
4866,"numerical code",2,7
4867,"reynolds number",2,7
4868,"ell nu",2,7
4869,"interstellar clouds",2,7
4870,"direct test",2,7
4871,"hubble parameter",2,7
4872,"stellar variability",2,7
4873,"gamma ray burst grb",4,7
4874,"bolometric luminosity",2,7
4875,"spatially flat",2,7
4876,"strange quark matter",3,7
4877,"inflaton field",2,7
4878,"small scale structures",3,7
4879,"projected density",2,7
4880,"few seconds",2,7
4881,"accelerated particles",2,7
4882,"exponent alpha",2,7
4883,"strongly peaked",2,7
4884,"energy release",2,7
4885,"partially ionized",2,7
4886,"new mechanisms",2,7
4887,"rapid evolution",2,7
4888,"interstellar absorption",2,7
4889,"color magnitude diagram cmd",4,7
4890,"neutrino interactions",2,7
4891,"precise values",2,7
4892,"statistical significance",2,7
4893,"gas rich",2,7
4894,"core hole",2,7
4895,"density waves",2,7
4896,"hubble deep",2,7
4897,"underlying hard",2,7
4898,"highly ionized",2,7
4899,"narrow line",2,7
4900,"time interval",2,7
4901,"lorentz factor",2,7
4902,"galactic superluminal",2,7
4903,"now available data",3,7
4904,"optical identification",2,7
4905,"lifetime ratio",2,7
4906,"accelerated electrons",2,7
4907,"solar metallicity",2,7
4908,"hydrodynamic flow",2,7
4909,"press schechter function",3,7
4910,"gravitational force",2,7
4911,"few degrees",2,7
4912,"ray emission line",3,7
4913,"trivial topology",2,7
4914,"distance behavior",2,7
4915,"gro j1655-40",2,7
4916,"kerr black holes",3,7
4917,"strong magnetic flux",3,7
4918,"massive halos",2,7
4919,"non parametric",2,7
4920,"highly correlated",2,7
4921,"theoretical interpretation",2,7
4922,"flux limited",2,7
4923,"large number density",3,7
4924,"broad absorption",2,7
4925,"type ii supernovae",3,7
4926,"uniformly distributed",2,7
4927,"hipparcos satellite",2,7
4928,"surrounding medium",2,7
4929,"late type spiral",3,7
4930,"broad peak",2,7
4931,"accreting neutron stars",3,7
4932,"ir emission",2,7
4933,"low mass fraction",3,7
4934,"diffusion limited",2,7
4935,"decreases rapidly",2,7
4936,"luminous matter",2,7
4937,"magnetic field strengths",3,7
4938,"cataclysmic variable",2,7
4939,"stability criteria",2,7
4940,"extragalactic radio sources",3,7
4941,"flux flow",2,7
4942,"non gaussian random",3,7
4943,"robertson walker",2,7
4944,"southern hemisphere",2,7
4945,"canada france redshift survey",4,7
4946,"astronomical objects",2,7
4947,"sound waves",2,7
4948,"galactocentric distance",2,7
4949,"bulk flow",2,7
4950,"starburst region",2,7
4951,"equatorial plane",2,7
4952,"momentum distribution function",3,7
4953,"james clerk maxwell telescope",4,7
4954,"galactic winds",2,7
4955,"distance behaviour",2,7
4956,"polarized electron",2,7
4957,"line intensity",2,7
4958,"sub class",2,7
4959,"binary neutron stars",3,7
4960,"multi band",2,7
4961,"free electrons",2,7
4962,"new cepheids",2,7
4963,"statistical mechanical",2,7
4964,"type ia supernovae sne",4,7
4965,"manifest themselves",2,7
4966,"weakly disordered",2,7
4967,"nucleation theory",2,7
4968,"operator acting",2,7
4969,"kaluza klein monopoles",3,7
4970,"factor nu",2,7
4971,"vector bundle over",3,7
4972,"antifield formalism",2,7
4973,"slow roll inflation",3,7
4974,"ricci flat",2,7
4975,"antisymmetric forms",2,7
4976,"braid group",2,7
4977,"charge distributions",2,7
4978,"initial configuration",2,7
4979,"renormalization constants",2,7
4980,"test particles",2,7
4981,"dimensional analogue",2,7
4982,"soliton equations",2,7
4983,"large scale invariance",3,7
4984,"coupled scalar fields",3,7
4985,"fermi liquids",2,7
4986,"space time dependent",3,7
4987,"type ii superstring",3,7
4988,"discrete subgroup",2,7
4989,"orientifold planes",2,7
4990,"three body problem",3,7
4991,"energy density profiles",3,7
4992,"generic features",2,7
4993,"cp problem",2,7
4994,"interpolating fields",2,7
4995,"physical laws",2,7
4996,"scattering problems",2,7
4997,"ad hoc",2,7
4998,"4-dimensional spacetime",2,7
4999,"renormalization group improved",3,7
5000,"supersymmetric gauge field theory",4,7
5001,"rigorous derivation",2,7
5002,"theory fivebrane",2,7
5003,"partial derivatives",2,7
5004,"riemann tensor",2,7
5005,"slavnov taylor",2,7
5006,"box diagrams",2,7
5007,"terminal singularities",2,7
5008,"conformal anomaly",2,7
5009,"spin wave functions",3,7
5010,"after removing",2,7
5011,"confinement deconfinement phase transition",4,7
5012,"friedman robertson walker",3,7
5013,"odd dimensions",2,7
5014,"chern classes",2,7
5015,"alternating spin chain",3,7
5016,"massless majorana",2,7
5017,"heavy fermions",2,7
5018,"closely connected",2,7
5019,"massive scalar fields",3,7
5020,"exceptional configurations",2,7
5021,"two lectures",2,7
5022,"hawking temperature",2,7
5023,"dimensional black holes",3,7
5024,"electron positron pair production",4,7
5025,"characteristic length",2,7
5026,"large separations",2,7
5027,"canonical singularities",2,7
5028,"laplace transform",2,7
5029,"invited talk",2,7
5030,"like sign",2,7
5031,"satisfactory description",2,7
5032,"surface magnetization",2,7
5033,"rg analysis",2,7
5034,"nc limit",2,7
5035,"unification scale",2,7
5036,"spacetime geometries",2,7
5037,"two dimensional ising spin",4,7
5038,"grand unified",2,7
5039,"integro differential equation",3,7
5040,"spectral dimension",2,7
5041,"theoretical basis",2,7
5042,"axion mass",2,7
5043,"differential calculus",2,7
5044,"linear response function",3,7
5045,"closed formula",2,7
5046,"homotopy type",2,7
5047,"stable vector bundles over",4,7
5048,"homology 3-spheres",2,7
5049,"finite index",2,7
5050,"fourier coefficients",2,7
5051,"absorbing states",2,7
5052,"fitness landscape",2,7
5053,"swift hohenberg",2,7
5054,"bifurcation point",2,7
5055,"flag varieties",2,7
5056,"smooth projective space",3,7
5057,"coherent sheaves",2,7
5058,"blow up",2,7
5059,"bepposax observation",2,7
5060,"absorption systems",2,7
5061,"accurate values",2,7
5062,"numerical errors",2,7
5063,"presently available",2,7
5064,"egret data",2,7
5065,"upper critical",2,7
5066,"inertial frame",2,7
5067,"outer galaxy",2,7
5068,"photometric redshifts",2,7
5069,"hard component",2,7
5070,"single power law",3,7
5071,"positron annihilation",2,7
5072,"deterministic chaos",2,7
5073,"defect models",2,7
5074,"high energy cosmic rays",4,7
5075,"driven winds",2,7
5076,"non stationary",2,7
5077,"stellar system",2,7
5078,"halos around",2,7
5079,"pp scattering",2,7
5080,"power laws",2,7
5081,"kinematical distributions",2,7
5082,"giant resonance",2,7
5083,"friction coefficient",2,7
5084,"su grand unification",3,7
5085,"theoretical expectations",2,7
5086,"late stage",2,7
5087,"range correlations",2,7
5088,"high frequency range",3,7
5089,"computer program",2,7
5090,"multiplicity fluctuations",2,7
5091,"mapping class",2,7
5092,"direct measure",2,7
5093,"search strategies",2,7
5094,"conventional perturbation theory",3,7
5095,"second moment",2,7
5096,"relaxation time scale",3,7
5097,"inflaton potential",2,7
5098,"random medium",2,7
5099,"lepton family",2,7
5100,"hydrodynamic modes",2,7
5101,"enhanced over",2,7
5102,"conformally flat",2,7
5103,"easy plane",2,7
5104,"orbit theory",2,7
5105,"meissner effect",2,7
5106,"goldstone modes",2,7
5107,"gradient expansion",2,7
5108,"pade approximants",2,7
5109,"first successful",2,7
5110,"nucleus elastic",2,7
5111,"reaction plane",2,7
5112,"electron beam energy",3,7
5113,"fusion reactions",2,7
5114,"approx mev",2,7
5115,"bnl ags",2,7
5116,"strong coupling constant alphas mz",5,7
5117,"function g1",2,7
5118,"low q2 gev2",3,7
5119,"boson couplings",2,7
5120,"quantum chromodynamics qcd",3,7
5121,"proton centre",2,7
5122,"events containing",2,7
5123,"section sigma",2,7
5124,"non forward",2,7
5125,"experimental status",2,7
5126,"rho omega phi meson",4,7
5127,"polarized beams",2,7
5128,"sea quarks",2,7
5129,"diffractive photoproduction",2,7
5130,"delta md",2,7
5131,"hadrons containing",2,7
5132,"dijet events",2,7
5133,"f2 gamma",2,7
5134,"upgraded tevatron",2,7
5135,"minimal supersymmetric particles",3,7
5136,"single diffractive",2,7
5137,"scalar mesons",2,7
5138,"z0 decays",2,7
5139,"tau leptons",2,7
5140,"violating phase",2,7
5141,"jet shape",2,7
5142,"strange baryons",2,7
5143,"reasonable description",2,7
5144,"autocorrelation functions",2,7
5145,"quantum wells",2,7
5146,"coupled map lattice",3,7
5147,"complex ginzburg landau equation",4,7
5148,"detailed numerical",2,7
5149,"charge exchange interaction",3,7
5150,"strong coupling constants",3,7
5151,"chiral extrapolation",2,7
5152,"strong coupling expansions",3,7
5153,"tree like",2,7
5154,"phenomenologically viable",2,7
5155,"self avoiding walks",3,7
5156,"beta decay constant",3,7
5157,"domain wall fermions",3,7
5158,"hybrid monte carlo algorithm",4,7
5159,"hadron spectrum",2,7
5160,"discretization errors",2,7
5161,"lowest order parameter",3,7
5162,"isgur wise",2,7
5163,"domain wall problem",3,7
5164,"qcd nrqcd",2,7
5165,"simple cubic lattices",3,7
5166,"flavour singlet",2,7
5167,"exponents beta",2,7
5168,"soft pion",2,7
5169,"gluon fields",2,7
5170,"scaling variable",2,7
5171,"pi scattering length",3,7
5172,"diatomic molecules",2,7
5173,"neutron excess",2,7
5174,"single particle green function",4,7
5175,"relativistic brueckner",2,7
5176,"medium modifications",2,7
5177,"electric dipole",2,7
5178,"delta isobar",2,7
5179,"axial vector mesons",3,7
5180,"meson systems",2,7
5181,"hadron multiplicities",2,7
5182,"baryon chiral perturbation theory",4,7
5183,"photon yield",2,7
5184,"nucleon scattering amplitude",3,7
5185,"collider rhic",2,7
5186,"spinodal instabilities",2,7
5187,"central rapidity region",3,7
5188,"exchange diagrams",2,7
5189,"azimuthal distribution",2,7
5190,"qcd sum rule approach",4,7
5191,"collective mode",2,7
5192,"absolute rest frame",3,7
5193,"theoretical approaches",2,7
5194,"quantitative description",2,7
5195,"quantum dots",2,7
5196,"domain specific",2,7
5197,"lightest supersymmetric",2,7
5198,"qcd pomeron",2,7
5199,"parton hadron",2,7
5200,"coupling expansions",2,7
5201,"bjorken variable",2,7
5202,"cp asymmetries",2,7
5203,"heavy higgs boson",3,7
5204,"parton hadron duality",3,7
5205,"octet baryon",2,7
5206,"quark gluon distribution",3,7
5207,"longitudinal polarization",2,7
5208,"quark gluon distribution functions",4,7
5209,"hadron duality",2,7
5210,"alphas2 corrections",2,7
5211,"clean system",2,7
5212,"almost degenerate",2,7
5213,"fermion mass matrices",3,7
5214,"tree diagrams",2,7
5215,"excellent description",2,7
5216,"hard exclusive processes",3,7
5217,"leading order nlo qcd",4,7
5218,"soft susy",2,7
5219,"quark antiquark annihilation",3,7
5220,"experimental bounds",2,7
5221,"atomic physics",2,7
5222,"parity violating signals",3,7
5223,"factorization theorem",2,7
5224,"hadron collider",2,7
5225,"string unification",2,7
5226,"eta xs",2,7
5227,"grand unified theories",3,7
5228,"elastic constants",2,7
5229,"ckm angle gamma",3,7
5230,"charmed mesons",2,7
5231,"cp violating asymmetries",3,7
5232,"nlo corrections",2,7
5233,"scalar leptoquark",2,7
5234,"constituent quark mass",3,7
5235,"cabibbo kobayashi maskawa ckm",4,7
5236,"etac gamma",2,7
5237,"high energy gap",3,7
5238,"wave superconductivity",2,7
5239,"anderson transition",2,7
5240,"frustrated xy",2,7
5241,"liquid behaviour",2,7
5242,"gated gaas",2,7
5243,"doped antiferromagnets",2,7
5244,"la 2-x srxcuo4",3,7
5245,"long range coulomb interaction",4,7
5246,"conductance peaks",2,7
5247,"commensurate incommensurate",2,7
5248,"binary fluid",2,7
5249,"valence bond",2,7
5250,"cahn hilliard",2,7
5251,"diffusion constant",2,7
5252,"localized spins",2,7
5253,"cluster expansion",2,7
5254,"electronic raman scattering",3,7
5255,"neutron diffraction",2,7
5256,"spin ladders",2,7
5257,"resonant tunneling through",3,7
5258,"type ii superconductor",3,7
5259,"vortex lattice melting",3,7
5260,"valence band",2,7
5261,"pinning potential",2,7
5262,"josephson tunneling",2,7
5263,"spin dependent part",3,7
5264,"gaas algaas",2,7
5265,"ab initio calculations",3,7
5266,"magnetization curve",2,7
5267,"critical exponent nu",3,7
5268,"disordered media",2,7
5269,"extended hubbard hamiltonian",3,7
5270,"kondo lattice",2,7
5271,"system size corrections",3,7
5272,"transition metals",2,7
5273,"percolation threshold",2,7
5274,"roughness exponent",2,7
5275,"peierls systems",2,7
5276,"x2-y2 superconductor",2,7
5277,"unconventional superconductors",2,7
5278,"exact diagonalizations",2,7
5279,"depinning transition",2,7
5280,"quantum hall regime",3,7
5281,"kardar parisi zhang",3,7
5282,"superconducting ground state",3,7
5283,"antiferromagnetic af",2,7
5284,"anisotropic scattering",2,7
5285,"sherrington kirkpatrick",2,7
5286,"parabolic quantum field",3,7
5287,"si mosfets",2,7
5288,"conductance quantization",2,7
5289,"rayleigh benard convection",3,7
5290,"jordanian quantum",2,7
5291,"de broglie bohm",3,6
5292,"generalized coherent states",3,6
5293,"second harmonic",2,6
5294,"perpendicular magnetic flux",3,6
5295,"born infeld theory",3,6
5296,"de broglie",2,6
5297,"biological evolution",2,6
5298,"highly symmetric",2,6
5299,"probability distribution functions",3,6
5300,"quantum error rate",3,6
5301,"computational complexity",2,6
5302,"earlier treatments",2,6
5303,"jaynes cummings",2,6
5304,"shape invariance",2,6
5305,"valued function",2,6
5306,"transmission probability",2,6
5307,"quantum interference",2,6
5308,"computer code",2,6
5309,"les houches",2,6
5310,"correcting codes",2,6
5311,"information theoretic",2,6
5312,"noisy channel",2,6
5313,"ising spins",2,6
5314,"ideal bose gas",3,6
5315,"self adjoint extensions",3,6
5316,"unified treatment",2,6
5317,"volume element",2,6
5318,"doebner goldin",2,6
5319,"electromagnetic field theory",3,6
5320,"cat states",2,6
5321,"least squares",2,6
5322,"particle multiplicity",2,6
5323,"quantum codes",2,6
5324,"free energy levels",3,6
5325,"laser pulses",2,6
5326,"lie groups",2,6
5327,"error box",2,6
5328,"analytically continued",2,6
5329,"geometric phase space",3,6
5330,"artificial neural network",3,6
5331,"experimental errors",2,6
5332,"algebra cal",2,6
5333,"damping rates",2,6
5334,"angle variables",2,6
5335,"harmonic oscillator frequency",3,6
5336,"microscopic interpretation",2,6
5337,"unitary ensemble",2,6
5338,"complex phase space",3,6
5339,"block spin",2,6
5340,"energy equipartition",2,6
5341,"third law",2,6
5342,"semisimple lie group",3,6
5343,"excitations around",2,6
5344,"arbitrarily long",2,6
5345,"fourier transformation",2,6
5346,"los alamos",2,6
5347,"experimentally confirmed",2,6
5348,"general overview",2,6
5349,"massless scalar field theory",4,6
5350,"relaxation time dependence",3,6
5351,"dramatic change",2,6
5352,"linear superposition",2,6
5353,"galilean invariance",2,6
5354,"similarity transformation",2,6
5355,"photon counting",2,6
5356,"perturbative renormalization group approach",4,6
5357,"radiation field theory",3,6
5358,"long time dependent",3,6
5359,"algebraic characterization",2,6
5360,"pauli exclusion principle",3,6
5361,"non relativistic quantum mechanics",4,6
5362,"spatially inhomogeneous",2,6
5363,"resolving power",2,6
5364,"frequency shift",2,6
5365,"fractional quantum field",3,6
5366,"askey wilson",2,6
5367,"non uniqueness",2,6
5368,"dynamical variable",2,6
5369,"physical significance",2,6
5370,"de donder",2,6
5371,"affine kac moody algebra",4,6
5372,"many respects",2,6
5373,"semenov tian shansky",3,6
5374,"fredholm determinant",2,6
5375,"conserved densities",2,6
5376,"lax representation",2,6
5377,"isomonodromic deformations",2,6
5378,"recursion relation",2,6
5379,"coadjoint orbits",2,6
5380,"extrinsic curvature",2,6
5381,"complete analogy",2,6
5382,"half integer spin",3,6
5383,"affine lie algebras",3,6
5384,"ordinary differential",2,6
5385,"affine kac moody",3,6
5386,"asymptotic regimes",2,6
5387,"free propagation",2,6
5388,"simple lie group",3,6
5389,"averaging procedure",2,6
5390,"valued functions",2,6
5391,"heat kernel asymptotics",3,6
5392,"projective representation",2,6
5393,"2d dilaton",2,6
5394,"dyson sd",2,6
5395,"general covariance",2,6
5396,"verma modules",2,6
5397,"heterotic side",2,6
5398,"loop algebra",2,6
5399,"primary operators",2,6
5400,"cone formalism",2,6
5401,"short distance scale",3,6
5402,"magnetic monopoles",2,6
5403,"batalin fradkin",2,6
5404,"dynkin diagrams",2,6
5405,"late time evolution",3,6
5406,"collective behavior",2,6
5407,"power series expansions",3,6
5408,"leading log",2,6
5409,"graceful exit problem",3,6
5410,"energy gain",2,6
5411,"purely magnetic",2,6
5412,"gauged sigma model",3,6
5413,"bogomol nyi bound",3,6
5414,"purely bosonic",2,6
5415,"type ia",2,6
5416,"chan paton",2,6
5417,"ishibashi kawai kitazawa",3,6
5418,"microscopic entropy",2,6
5419,"schwinger boson",2,6
5420,"detailed comparisons",2,6
5421,"coordinate space time",3,6
5422,"schwinger dyson equation",3,6
5423,"nonminimal coupling",2,6
5424,"de sitter universe",3,6
5425,"permutation symmetry",2,6
5426,"string susceptibility",2,6
5427,"gauged supergravity",2,6
5428,"phi4 theory",2,6
5429,"local lorentz",2,6
5430,"nielsen olesen",2,6
5431,"topological bf",2,6
5432,"magnetic monopole",2,6
5433,"bps state",2,6
5434,"electrically charged",2,6
5435,"wick rotation",2,6
5436,"elliptically fibered calabi yau",4,6
5437,"pacs numbers",2,6
5438,"electro weak",2,6
5439,"cartan matrix",2,6
5440,"central extensions",2,6
5441,"symmetric nuclear",2,6
5442,"generalized poisson",2,6
5443,"massive scalar field",3,6
5444,"compton wavelength",2,6
5445,"iib matrix",2,6
5446,"absorption coefficient",2,6
5447,"harish chandra",2,6
5448,"su xu",2,6
5449,"wilson dirac operator",3,6
5450,"simple lie superalgebras",3,6
5451,"fixed point correlation",3,6
5452,"infrared cut",2,6
5453,"simple scaling behavior",3,6
5454,"minimal subtraction",2,6
5455,"mixed boundary conditions",3,6
5456,"projective hilbert space",3,6
5457,"extended supergravities",2,6
5458,"veneziano yankielowicz",2,6
5459,"compact riemannian manifold",3,6
5460,"normal ordering",2,6
5461,"algebra uq",2,6
5462,"ghost number",2,6
5463,"forward direction",2,6
5464,"quantum field configurations",3,6
5465,"algebraic surface",2,6
5466,"dualized standard model",3,6
5467,"extra dimension",2,6
5468,"heterotic string theory compactified",4,6
5469,"supersymmetry transformation",2,6
5470,"simply related",2,6
5471,"bps condition",2,6
5472,"fourth order",2,6
5473,"naively expected",2,6
5474,"spherical membrane",2,6
5475,"orthogonal basis",2,6
5476,"interquark potential",2,6
5477,"rank antisymmetric tensor",3,6
5478,"vanishingly small",2,6
5479,"discrete light cone quantization",4,6
5480,"low mass formula",3,6
5481,"vacuum expectation",2,6
5482,"gauge invariant mass",3,6
5483,"chern simons couplings",3,6
5484,"my lectures",2,6
5485,"total area",2,6
5486,"fundamental group su",3,6
5487,"fixed scalars",2,6
5488,"picard fuchs equations",3,6
5489,"ii string theory",3,6
5490,"type iia string",3,6
5491,"njl model",2,6
5492,"differential renormalization",2,6
5493,"atiyah hitchin",2,6
5494,"inverse power",2,6
5495,"big bang cosmology",3,6
5496,"auxiliary field",2,6
5497,"hyperbolic 3-manifold",2,6
5498,"number conserving",2,6
5499,"curved background",2,6
5500,"microscopic spectral",2,6
5501,"tidal forces",2,6
5502,"positive correlation",2,6
5503,"unusually large",2,6
5504,"spiral galaxy ngc",3,6
5505,"minimum variance",2,6
5506,"forest clouds",2,6
5507,"halpha emission",2,6
5508,"fainter magnitudes",2,6
5509,"quasar like",2,6
5510,"einstein de",2,6
5511,"rotational bands",2,6
5512,"h2 column density",3,6
5513,"lyman alpha systems",3,6
5514,"nearby spiral galaxy",3,6
5515,"fos spectra",2,6
5516,"basic notions",2,6
5517,"non axisymmetric",2,6
5518,"spectral information",2,6
5519,"per day",2,6
5520,"press schechter",2,6
5521,"chi squared",2,6
5522,"birth velocities",2,6
5523,"eccentric orbits",2,6
5524,"halpha emission line",3,6
5525,"low mass accretion",3,6
5526,"central few",2,6
5527,"abundance gradient",2,6
5528,"electron densities",2,6
5529,"fast mode",2,6
5530,"circular orbit",2,6
5531,"infrared excess",2,6
5532,"interstellar dust grains",3,6
5533,"per unit mass",3,6
5534,"unknown parameters",2,6
5535,"alpha particles",2,6
5536,"heavy ions",2,6
5537,"bow shock",2,6
5538,"nearly edge",2,6
5539,"globular cluster system",3,6
5540,"term variability",2,6
5541,"hubble flow",2,6
5542,"galactic rotation curve",3,6
5543,"merging rates",2,6
5544,"spatial clustering",2,6
5545,"hole binaries",2,6
5546,"accreting matter",2,6
5547,"flux limited range",3,6
5548,"hst wfpc2 images",3,6
5549,"individual clusters",2,6
5550,"hardness intensity",2,6
5551,"density cusps",2,6
5552,"central velocity dispersion",3,6
5553,"weak scale structure",3,6
5554,"viscosity parameter",2,6
5555,"three body simulations",3,6
5556,"standard cold dark matter",4,6
5557,"observational selection",2,6
5558,"numerical tests",2,6
5559,"entropy per",2,6
5560,"initial chemical",2,6
5561,"bow shocks",2,6
5562,"high energy scales",3,6
5563,"standard cosmology",2,6
5564,"key feature",2,6
5565,"low latitude",2,6
5566,"adaptive grid",2,6
5567,"bias factor",2,6
5568,"evolutionary calculations",2,6
5569,"fraction expansion",2,6
5570,"cobe normalization",2,6
5571,"metallicity dependence",2,6
5572,"doppler factor",2,6
5573,"flavor oscillations",2,6
5574,"cherenkov detector",2,6
5575,"accretion onto",2,6
5576,"atmospheric cherenkov telescope",3,6
5577,"low ionization",2,6
5578,"large scale structure function",4,6
5579,"qso absorption systems",3,6
5580,"elliptical galaxy clusters",3,6
5581,"energies around",2,6
5582,"gauge invariant under",3,6
5583,"mass distribution functions",3,6
5584,"lens systems",2,6
5585,"fundamental plane fp",3,6
5586,"radial temperature",2,6
5587,"optically thick accretion",3,6
5588,"hydrogen column",2,6
5589,"reaction rates",2,6
5590,"abundance pattern",2,6
5591,"log normal",2,6
5592,"systematically lower",2,6
5593,"stellar interior",2,6
5594,"supernova rate",2,6
5595,"neutron star spin period",4,6
5596,"double peaked",2,6
5597,"old stellar populations",3,6
5598,"cosmological consequences",2,6
5599,"nu tau neutrino",3,6
5600,"orbits around",2,6
5601,"observational data set",3,6
5602,"alpha profile",2,6
5603,"approximate analytical",2,6
5604,"mean metallicity",2,6
5605,"massive black hole",3,6
5606,"observational cosmology",2,6
5607,"magnification bias",2,6
5608,"considerably higher",2,6
5609,"ambient gas",2,6
5610,"schechter function",2,6
5611,"likelihood analysis",2,6
5612,"principal component",2,6
5613,"abell clusters",2,6
5614,"potential wells",2,6
5615,"function imf",2,6
5616,"infrared cutoff",2,6
5617,"stromlo apm",2,6
5618,"lambda aa",2,6
5619,"galactic supernova",2,6
5620,"small angular scales",3,6
5621,"type spiral",2,6
5622,"rapidly varying",2,6
5623,"becomes dominant",2,6
5624,"total integrated",2,6
5625,"primordial magnetic field",3,6
5626,"rosat hri observations",3,6
5627,"cosmic microwave background radiation cmbr",5,6
5628,"bias parameter",2,6
5629,"dominant population",2,6
5630,"becomes negative",2,6
5631,"large magellanic clouds",3,6
5632,"quasi periodic oscillations",3,6
5633,"energy density wave function",4,6
5634,"cepheid variables",2,6
5635,"basic assumptions",2,6
5636,"non lte",2,6
5637,"tev gamma ray emission",4,6
5638,"william herschel telescope",3,6
5639,"pair production rate",3,6
5640,"lorentz factors",2,6
5641,"mg ii",2,6
5642,"empirical relation",2,6
5643,"radiative efficiency",2,6
5644,"positively correlated",2,6
5645,"massive star clusters",3,6
5646,"ray transient",2,6
5647,"tidal debris",2,6
5648,"lyman break galaxies",3,6
5649,"semi analytical",2,6
5650,"extended object",2,6
5651,"surface densities",2,6
5652,"high resolution numerical simulations",4,6
5653,"ray burst sources",3,6
5654,"lower frequencies",2,6
5655,"deconfined phase",2,6
5656,"relic abundance",2,6
5657,"power law behaviour",3,6
5658,"imaging atmospheric",2,6
5659,"theoretical arguments",2,6
5660,"magnetic flux tubes",3,6
5661,"medium ism",2,6
5662,"barred galaxy",2,6
5663,"cosmological distance",2,6
5664,"detailed understanding",2,6
5665,"hot big bang cosmology",4,6
5666,"gravitational lenses",2,6
5667,"after inflation",2,6
5668,"small radii",2,6
5669,"neutrino detection",2,6
5670,"volume averaged",2,6
5671,"completely independent",2,6
5672,"solar core",2,6
5673,"binary pulsar",2,6
5674,"red supergiant",2,6
5675,"local subdwarfs",2,6
5676,"few tev",2,6
5677,"key project",2,6
5678,"optical spectroscopic survey",3,6
5679,"semi empirical",2,6
5680,"broken down",2,6
5681,"unidentified sources",2,6
5682,"individual stars",2,6
5683,"remnants snrs",2,6
5684,"self consistent determination",3,6
5685,"source counts",2,6
5686,"relativistic blast wave",3,6
5687,"after recombination",2,6
5688,"high redshift range",3,6
5689,"cosmological birefringence",2,6
5690,"optical transient",2,6
5691,"energy cosmic rays",3,6
5692,"age metallicity relation",3,6
5693,"tidal radius",2,6
5694,"uv continuum",2,6
5695,"time machine",2,6
5696,"inverse temperature",2,6
5697,"ray emission lines",3,6
5698,"random variable",2,6
5699,"source rx",2,6
5700,"strong clustering",2,6
5701,"locally homogeneous",2,6
5702,"evolutionary synthesis models",3,6
5703,"ionized gas kinematics",3,6
5704,"relativistic kinematics",2,6
5705,"null geodesics",2,6
5706,"accreting onto",2,6
5707,"gas content",2,6
5708,"scale invariant under",3,6
5709,"models incorporating",2,6
5710,"band width",2,6
5711,"short time scale",3,6
5712,"total mass distribution",3,6
5713,"per baryon",2,6
5714,"forward jet",2,6
5715,"radius r0",2,6
5716,"simulation techniques",2,6
5717,"dredge up",2,6
5718,"absorption feature",2,6
5719,"tunneling rates",2,6
5720,"external gravitational",2,6
5721,"polytropic equation",2,6
5722,"longitudinal response",2,6
5723,"neutralino dark matter",3,6
5724,"non commuting",2,6
5725,"strongly constrained",2,6
5726,"tilde nu",2,6
5727,"principal quantum",2,6
5728,"compact expression",2,6
5729,"euler heisenberg",2,6
5730,"finite dimensional ising spin",4,6
5731,"abelian gauge field",3,6
5732,"eleventh dimension",2,6
5733,"gauge mediated",2,6
5734,"induced chern simons term",4,6
5735,"inflationary phase",2,6
5736,"chiral lagrangians",2,6
5737,"yukawa type",2,6
5738,"spin z2",2,6
5739,"eight supercharges",2,6
5740,"classically stable",2,6
5741,"tangent space",2,6
5742,"group acting",2,6
5743,"two dimensional black hole",4,6
5744,"briefly outlined",2,6
5745,"international workshop",2,6
5746,"electromagnetic form",2,6
5747,"su xsu",2,6
5748,"tensor category",2,6
5749,"hodge numbers",2,6
5750,"long distance behaviour",3,6
5751,"ultraviolet cutoff",2,6
5752,"e8 heterotic string theory",4,6
5753,"modular invariant",2,6
5754,"group uq",2,6
5755,"lie algebra gl",3,6
5756,"area preserving diffeomorphism",3,6
5757,"infinite family",2,6
5758,"negative binomial",2,6
5759,"exponent gamma",2,6
5760,"finite size corrections",3,6
5761,"three dimensional electron",3,6
5762,"confining phase space",3,6
5763,"eleven dimensional",2,6
5764,"scaling techniques",2,6
5765,"self affine",2,6
5766,"monopole condensation",2,6
5767,"conformal field equations",3,6
5768,"asymptotically exact",2,6
5769,"negative cosmological constant",3,6
5770,"four graviton",2,6
5771,"three dimensional reduction",3,6
5772,"bosonization techniques",2,6
5773,"cp invariance",2,6
5774,"symmetry restoration",2,6
5775,"aharonov bohm ab",3,6
5776,"d6 branes",2,6
5777,"rational conformal",2,6
5778,"weinberg salam model",3,6
5779,"damping rate",2,6
5780,"dielectric function",2,6
5781,"deformation quantization",2,6
5782,"matrix renormalization",2,6
5783,"semiclassical treatment",2,6
5784,"base manifold",2,6
5785,"levi civita",2,6
5786,"analytical expression",2,6
5787,"geometric objects",2,6
5788,"flux quantization",2,6
5789,"dehn surgery",2,6
5790,"strength correlators",2,6
5791,"lorentz transformations",2,6
5792,"adjoint higgs",2,6
5793,"infrared fixed",2,6
5794,"non perturbative regime",3,6
5795,"individual objects",2,6
5796,"supersymmetry breaking parameters",3,6
5797,"longitudinal momentum",2,6
5798,"scalar qed",2,6
5799,"yangian double dy hbar",4,6
5800,"hubble time",2,6
5801,"angular momenta",2,6
5802,"energy density wave",3,6
5803,"gell mann",2,6
5804,"non perturbative renormalization",3,6
5805,"evaporation process",2,6
5806,"hopf term",2,6
5807,"external periodic potential",3,6
5808,"local observables",2,6
5809,"pinch technique",2,6
5810,"periodic array",2,6
5811,"explicit form factors",3,6
5812,"non relativistic quantum",3,6
5813,"four dimensional black holes",4,6
5814,"scaling arguments",2,6
5815,"flavor number",2,6
5816,"force free",2,6
5817,"classical statistical properties",3,6
5818,"variational ansatz",2,6
5819,"external electromagnetic fields",3,6
5820,"antiferromagnetic correlations",2,6
5821,"null plane",2,6
5822,"nambu jona lasinio",3,6
5823,"quantum boltzmann",2,6
5824,"reflection coefficients",2,6
5825,"map lattice",2,6
5826,"space l2",2,6
5827,"simplicial complex",2,6
5828,"group actions",2,6
5829,"analytic torsion",2,6
5830,"riemann roch",2,6
5831,"flag manifold",2,6
5832,"solvable models",2,6
5833,"triangular matrices",2,6
5834,"soon after",2,6
5835,"hyperbolic manifolds",2,6
5836,"stick slip",2,6
5837,"stochastic differential equations",3,6
5838,"global intersection",2,6
5839,"bruhat order",2,6
5840,"algebraic surfaces",2,6
5841,"complete intersection",2,6
5842,"open subset",2,6
5843,"semisimple lie algebra",3,6
5844,"concentrator spectrometer",2,6
5845,"infrared space",2,6
5846,"multiwavelength observations",2,6
5847,"relativistic hydrodynamics",2,6
5848,"distance modulus",2,6
5849,"dissipation relation",2,6
5850,"first overtone",2,6
5851,"self couplings",2,6
5852,"super alfvenic",2,6
5853,"fully consistent",2,6
5854,"temperature profile",2,6
5855,"ultraviolet spectrum",2,6
5856,"planets around",2,6
5857,"cooper pair",2,6
5858,"low enough",2,6
5859,"short lived",2,6
5860,"nu propto",2,6
5861,"correlations induced",2,6
5862,"fractal correlations",2,6
5863,"gamma ray burst sources",4,6
5864,"field instruments",2,6
5865,"pulsation modes",2,6
5866,"landau damping",2,6
5867,"kerr black hole",3,6
5868,"lya forest",2,6
5869,"free electron",2,6
5870,"neutron rich",2,6
5871,"relativistic mean field",3,6
5872,"photometric properties",2,6
5873,"south pole",2,6
5874,"event shapes",2,6
5875,"magnetic dipole",2,6
5876,"plasma frequency",2,6
5877,"geodesic equation",2,6
5878,"planck mass",2,6
5879,"saturation density",2,6
5880,"millimeter array",2,6
5881,"question raised",2,6
5882,"predictive power",2,6
5883,"heat transport",2,6
5884,"spectral variability",2,6
5885,"extending up",2,6
5886,"vortex pinning",2,6
5887,"chaotic behaviour",2,6
5888,"integral formalism",2,6
5889,"observatory cgro",2,6
5890,"axis oriented",2,6
5891,"density contrast",2,6
5892,"macho collaboration",2,6
5893,"moderately large",2,6
5894,"zero temperature dependent",3,6
5895,"substantial component",2,6
5896,"breaking parameters",2,6
5897,"dynamically unstable",2,6
5898,"bar nu tau neutrino",4,6
5899,"large missing",2,6
5900,"physical quantity",2,6
5901,"magnetic field equations",3,6
5902,"coulomb dissociation",2,6
5903,"external magnetic fields",3,6
5904,"azimuthal angle",2,6
5905,"numerical relativity",2,6
5906,"teukolsky equation",2,6
5907,"unique ground state",3,6
5908,"non abelian black holes",4,6
5909,"negative energy density",3,6
5910,"confirmed numerically",2,6
5911,"gravity wave function",3,6
5912,"exact solution describing",3,6
5913,"boolean algebras",2,6
5914,"analytic arguments",2,6
5915,"quasi hopf algebra",3,6
5916,"vortex lines",2,6
5917,"boson stars",2,6
5918,"relaxation time evolution",3,6
5919,"chaotic inflation",2,6
5920,"navier stokes equations",3,6
5921,"time dependent part",3,6
5922,"halo nuclei",2,6
5923,"coulomb barrier",2,6
5924,"decreasing temperature",2,6
5925,"relativistic heavy ion",3,6
5926,"polarized proton",2,6
5927,"pb reactions",2,6
5928,"lambda hyperons",2,6
5929,"gerasimov drell hearn",3,6
5930,"deep inelastic scattering off",4,6
5931,"quark gluon fragmentation",3,6
5932,"storage ring cesr",3,6
5933,"hadronic z0",2,6
5934,"around mev",2,6
5935,"differential decay",2,6
5936,"aleph detector",2,6
5937,"average transverse momentum",3,6
5938,"partial decay width",3,6
5939,"momentum transfers",2,6
5940,"photon virtuality",2,6
5941,"h1 detector",2,6
5942,"electron beams",2,6
5943,"k0 bar b0",3,6
5944,"pi nu tau",3,6
5945,"jet photoproduction",2,6
5946,"inclusive jet photoproduction",3,6
5947,"strange particles",2,6
5948,"lightest chargino",2,6
5949,"charmed hadrons",2,6
5950,"pi0 reaction",2,6
5951,"average transverse",2,6
5952,"preliminary experimental data",3,6
5953,"elastic region",2,6
5954,"experimental searches",2,6
5955,"disoriented chiral condensates",3,6
5956,"lepton pair",2,6
5957,"short introduction",2,6
5958,"universal soft",2,6
5959,"periodic orbit",2,6
5960,"law behaviour",2,6
5961,"driving force",2,6
5962,"correlated basis",2,6
5963,"exponent lambda",2,6
5964,"defect chaos",2,6
5965,"result agrees well",3,6
5966,"classically chaotic",2,6
5967,"oscillating magnetic field",3,6
5968,"navier stokes",2,6
5969,"analytical studies",2,6
5970,"qualitative understanding",2,6
5971,"occupation number",2,6
5972,"mean square displacement",3,6
5973,"theoretic methods",2,6
5974,"two dimensional disordered systems",4,6
5975,"binder cumulant",2,6
5976,"state potts models",3,6
5977,"approx fm",2,6
5978,"interface tension",2,6
5979,"hep lat",2,6
5980,"quark mass splittings",3,6
5981,"3d ising model",3,6
5982,"exponentially suppressed",2,6
5983,"majorana fermions",2,6
5984,"ghost propagator",2,6
5985,"chiral symmetry breaking parameters",4,6
5986,"lattice gauge invariant",3,6
5987,"cp problems",2,6
5988,"site diluted",2,6
5989,"symmetric phase diagram",3,6
5990,"charm quark mass",3,6
5991,"seesaw mechanism",2,6
5992,"quenched random",2,6
5993,"pion correlation",2,6
5994,"quark gluon propagator",3,6
5995,"next nearest neighbor hopping",4,6
5996,"three loop corrections",3,6
5997,"chiral perturbation theory chpt",4,6
5998,"under control",2,6
5999,"gerasimov drell hearn sum rule",5,6
6000,"pion nucleon interaction",3,6
6001,"deuteron photodisintegration",2,6
6002,"vacuum condensates",2,6
6003,"asymmetric nuclear matter",3,6
6004,"single particle spectra",3,6
6005,"hot hadronic matter",3,6
6006,"photoabsorption cross sections",3,6
6007,"proton pairing",2,6
6008,"exclusive reaction",2,6
6009,"hartree fock calculations",3,6
6010,"ultrarelativistic nucleus collisions",3,6
6011,"experimental findings",2,6
6012,"naive dimensional",2,6
6013,"range coulomb",2,6
6014,"inelastic neutron",2,6
6015,"finite range interactions",3,6
6016,"meson photoproduction",2,6
6017,"hadronic width",2,6
6018,"nucleation rate",2,6
6019,"natural language generation",3,6
6020,"wall street journal",3,6
6021,"strong cp violation",3,6
6022,"heavy baryon",2,6
6023,"susy gut",2,6
6024,"neutral currents fcnc",3,6
6025,"pseudoscalar meson decays",3,6
6026,"leading logarithmic approximation",3,6
6027,"unintegrated gluon",2,6
6028,"heavy baryon chiral lagrangian",4,6
6029,"infrared renormalon",2,6
6030,"gluon distribution functions",3,6
6031,"doublet models",2,6
6032,"anomalous magnetic",2,6
6033,"non linear collider",3,6
6034,"lambda simeq",2,6
6035,"inflaton decay",2,6
6036,"supersymmetric qcd corrections",3,6
6037,"minimal supersymmetric qcd corrections",4,6
6038,"logarithmic correction",2,6
6039,"charm component",2,6
6040,"quark gluon fusion",3,6
6041,"quark diquark",2,6
6042,"intrinsic charm production",3,6
6043,"decuplet baryons",2,6
6044,"cp violating phases",3,6
6045,"neutron electric dipole moment",4,6
6046,"regge phenomenology",2,6
6047,"four fermion contact interactions",4,6
6048,"large nc limit",3,6
6049,"fermion pairs",2,6
6050,"two higgs doublets",3,6
6051,"two higgs doublet models",4,6
6052,"light higgs",2,6
6053,"soft supersymmetry",2,6
6054,"flavor mixing angles",3,6
6055,"nu tau neutrino problem",4,6
6056,"multiple soft",2,6
6057,"leptoquark production",2,6
6058,"eta mixing",2,6
6059,"leptoquark masses",2,6
6060,"collinear singularities",2,6
6061,"polarized photons",2,6
6062,"light gluino",2,6
6063,"parton distribution functions",3,6
6064,"transversity distributions",2,6
6065,"coherent oscillations",2,6
6066,"alphas mz",2,6
6067,"soft gluons",2,6
6068,"perturbative qcd sum rule",4,6
6069,"charge asymmetry",2,6
6070,"four jet events",3,6
6071,"vector boson production",3,6
6072,"bottom quark",2,6
6073,"nu approx",2,6
6074,"quark mass matrices",3,6
6075,"quark pair production",3,6
6076,"nlo qcd corrections",3,6
6077,"intrinsic charm",2,6
6078,"double parton",2,6
6079,"fermion mass hierarchy",3,6
6080,"jet rate",2,6
6081,"heavy quark distributions",3,6
6082,"gluino chargino",2,6
6083,"color dipole",2,6
6084,"desy hera",2,6
6085,"characteristic feature",2,6
6086,"scalar confinement",2,6
6087,"charged higgs boson",3,6
6088,"parity violating susy",3,6
6089,"qcd dipole",2,6
6090,"muon colliders",2,6
6091,"edwards anderson",2,6
6092,"integer quantum hall effect",4,6
6093,"coulomb blockade regime",3,6
6094,"staggered magnetization",2,6
6095,"current voltage characteristic",3,6
6096,"granular media",2,6
6097,"static susceptibility",2,6
6098,"resonating valence bond",3,6
6099,"non fermi surface",3,6
6100,"quantum hall systems",3,6
6101,"system size scaling properties",4,6
6102,"haldane phase",2,6
6103,"complex fluids",2,6
6104,"metallic phase diagram",3,6
6105,"quantum wires",2,6
6106,"gor kov",2,6
6107,"gw approximation",2,6
6108,"exact diagonalization technique",3,6
6109,"interchain coupling",2,6
6110,"bond alternation",2,6
6111,"haldane shastry",2,6
6112,"double layer",2,6
6113,"near half filling",3,6
6114,"antiferromagnetic heisenberg model",3,6
6115,"half filled hubbard model",4,6
6116,"metal surfaces",2,6
6117,"cu 1-x",2,6
6118,"mott insulator",2,6
6119,"localization lengths",2,6
6120,"cuo planes",2,6
6121,"spinless fermion",2,6
6122,"colossal magnetoresistance",2,6
6123,"3d xy",2,6
6124,"atomic clusters",2,6
6125,"critical exponent theta",3,6
6126,"thermoelectric power",2,6
6127,"weak localization correction",3,6
6128,"conduction band",2,6
6129,"easy axis",2,6
6130,"anisotropic traps",2,6
6131,"dilute bose gas",3,6
6132,"peierls transition",2,6
6133,"random phase diagram",3,6
6134,"knight shift",2,6
6135,"tunnel barrier",2,6
6136,"aspect ratio",2,6
6137,"sheet resistance",2,6
6138,"quasiparticle spectrum",2,6
6139,"chain lengths",2,6
6140,"ferromagnetic kondo model",3,6
6141,"liquid behavior",2,6
6142,"josephson junction arrays",3,6
6143,"mechanical stability",2,6
6144,"berezinskii kosterlitz thouless",3,6
6145,"magnetic susceptibility chi",3,6
6146,"co workers",2,6
6147,"wave pairing",2,6
6148,"microscopic details",2,6
6149,"tight binding hamiltonian",3,6
6150,"strong screening",2,6
6151,"sk model",2,6
6152,"barrier distribution",2,6
6153,"filling fractions",2,6
6154,"shear modulus",2,6
6155,"superfluid helium",2,6
6156,"nearest neighbor interactions",3,6
6157,"doped samples",2,6
6158,"electrical resistivity",2,6
6159,"edge channel",2,6
6160,"reversal symmetry",2,6
6161,"copper oxides",2,6
6162,"2d electrons",2,6
6163,"nagel schreckenberg",2,6
6164,"dielectric constant",2,6
6165,"enveloping algebras",2,6
6166,"quantized knizhnik zamolodchikov",3,6
6167,"simple analytic expressions",3,5
6168,"shear viscosity",2,5
6169,"occupation numbers",2,5
6170,"total cross",2,5
6171,"master equations",2,5
6172,"short time dependent",3,5
6173,"quantum computer simulation",3,5
6174,"rapidity region",2,5
6175,"quantum communication channels",3,5
6176,"time dependent potentials",3,5
6177,"infinite sets",2,5
6178,"quantum error correcting codes",4,5
6179,"hilbert space cal",3,5
6180,"quantum molecular",2,5
6181,"nonrelativistic quantum",2,5
6182,"time resolved",2,5
6183,"quasi bound state",3,5
6184,"hubbard stratonovich",2,5
6185,"fast fourier transform",3,5
6186,"euclidean space time",3,5
6187,"linear programming",2,5
6188,"laser field",2,5
6189,"continuous measurements",2,5
6190,"histories approach",2,5
6191,"feedback mechanism",2,5
6192,"interference phenomena",2,5
6193,"non linear realization",3,5
6194,"simplest non",2,5
6195,"direct numerical integration",3,5
6196,"many particle number",3,5
6197,"free induction",2,5
6198,"free fall",2,5
6199,"linear realization",2,5
6200,"convergent series",2,5
6201,"classical statistical mechanics",3,5
6202,"phys.rev lett",2,5
6203,"finite dimensional regularization",3,5
6204,"remarkable success",2,5
6205,"experimentally observable",2,5
6206,"einstein hilbert",2,5
6207,"closed orbits",2,5
6208,"schrodinger equations",2,5
6209,"explicit computation",2,5
6210,"closed analytical",2,5
6211,"casimir operator",2,5
6212,"linear schr",2,5
6213,"oscillator strengths",2,5
6214,"multiply connected",2,5
6215,"two body correlations",3,5
6216,"superposition principle",2,5
6217,"linearly polarized",2,5
6218,"macroscopic quantum mechanics",3,5
6219,"language generation",2,5
6220,"number density matrix",3,5
6221,"statistical tests",2,5
6222,"guiding principle",2,5
6223,"density matrices",2,5
6224,"unconditionally secure",2,5
6225,"kramers kronig",2,5
6226,"positive detection",2,5
6227,"experimental data sets",3,5
6228,"information loss",2,5
6229,"fokker plank",2,5
6230,"fine grained",2,5
6231,"lattice gas automata",3,5
6232,"goes through",2,5
6233,"log periodic",2,5
6234,"bullough dodd",2,5
6235,"manin radul",2,5
6236,"basic ingredients",2,5
6237,"lax operators",2,5
6238,"spin calogero",2,5
6239,"constrained kp hierarchy",3,5
6240,"solv int",2,5
6241,"infinite hierarchy",2,5
6242,"drinfeld sokolov",2,5
6243,"determinant formulae",2,5
6244,"covariant derivative",2,5
6245,"generalized poisson bracket",3,5
6246,"cotangent bundle over",3,5
6247,"pulse propagation",2,5
6248,"purely algebraic",2,5
6249,"solitary waves",2,5
6250,"pulse phase",2,5
6251,"supersymmetric gauge transformations",3,5
6252,"riemann hilbert",2,5
6253,"explicit integration",2,5
6254,"rsos model",2,5
6255,"sine gordon equations",3,5
6256,"equal time dependent",3,5
6257,"transfer matrix models",3,5
6258,"algebra isomorphism",2,5
6259,"spontaneous breakdown",2,5
6260,"kosterlitz thouless transition",3,5
6261,"thermodynamic bethe ansatz",3,5
6262,"conformal rescalings",2,5
6263,"anisotropic kondo model",3,5
6264,"elliptic calabi yau fourfolds",4,5
6265,"einstein hilbert action",3,5
6266,"gravitational wave function",3,5
6267,"manifest lorentz invariance",3,5
6268,"spectral representations",2,5
6269,"superconformal algebras",2,5
6270,"magnetic charges",2,5
6271,"supersymmetric grand unification",3,5
6272,"batalin fradkin fradkina",3,5
6273,"renormalization factors",2,5
6274,"brst charge",2,5
6275,"rational conformal field theory",4,5
6276,"topologically nontrivial",2,5
6277,"spectral classification",2,5
6278,"homogeneous cosmologies",2,5
6279,"low energy scales",3,5
6280,"jahn teller",2,5
6281,"doubly degenerate",2,5
6282,"antisymmetric tensors",2,5
6283,"world lines",2,5
6284,"massive thirring model",3,5
6285,"constraint algebra",2,5
6286,"renormalization group flows",3,5
6287,"twelve dimensions",2,5
6288,"dijkgraaf verlinde",2,5
6289,"s1 z2 orbifold",3,5
6290,"gauge group su",3,5
6291,"string pairs",2,5
6292,"non perturbative superpotentials",3,5
6293,"kappa symmetric",2,5
6294,"scaling hypothesis",2,5
6295,"weyl invariant",2,5
6296,"knizhnik zamolodchikov",2,5
6297,"elliptic calabi yau",3,5
6298,"bertotti robinson",2,5
6299,"semi stable",2,5
6300,"calabi yau threefold",3,5
6301,"curved spacetimes",2,5
6302,"type iia supergravity",3,5
6303,"almost equal",2,5
6304,"iterative solution",2,5
6305,"dirichlet boundary",2,5
6306,"reparametrization invariance",2,5
6307,"vortex configurations",2,5
6308,"frame bundle",2,5
6309,"graceful exit",2,5
6310,"apparent discrepancy",2,5
6311,"symmetry breaking pattern",3,5
6312,"spectral flows",2,5
6313,"scalar electrodynamics",2,5
6314,"external gravitational field",3,5
6315,"orbifold compactification",2,5
6316,"dilaton field theory",3,5
6317,"non abelian gauge invariant",4,5
6318,"near extremal black",3,5
6319,"perturbative heterotic",2,5
6320,"grassmann valued",2,5
6321,"quantization condition",2,5
6322,"perturbative renormalization scheme",3,5
6323,"electron scattering amplitude",3,5
6324,"affine connection",2,5
6325,"front form",2,5
6326,"gluino condensate",2,5
6327,"temperley lieb",2,5
6328,"ruijsenaars schneider",2,5
6329,"coordination number",2,5
6330,"monopole moduli space",3,5
6331,"singular part",2,5
6332,"ten dimensional supergravity",3,5
6333,"type iib string theory compactified",5,5
6334,"zero momentum transfer",3,5
6335,"simple exclusion",2,5
6336,"low energy supergravity",3,5
6337,"geometrical quantities",2,5
6338,"born infeld type",3,5
6339,"periodic boundary condition",3,5
6340,"non abelian bosonization",3,5
6341,"trace class",2,5
6342,"type ii string theories",4,5
6343,"quark hypermultiplets",2,5
6344,"tamm dancoff",2,5
6345,"infinite tower",2,5
6346,"light cone gauge theories",4,5
6347,"geometrical interpretation",2,5
6348,"generic initial conditions",3,5
6349,"pre big bang cosmology",4,5
6350,"minimal supersymmetric left right",4,5
6351,"supersymmetric gauge group",3,5
6352,"direct physical",2,5
6353,"hair conjecture",2,5
6354,"wrapped around",2,5
6355,"automorphic forms",2,5
6356,"induced chern simons",3,5
6357,"callan symanzik",2,5
6358,"breaks supersymmetry breaking",3,5
6359,"magnetically charged",2,5
6360,"simple cubic",2,5
6361,"briefly addressed",2,5
6362,"atiyah patodi",2,5
6363,"chiral condensates",2,5
6364,"hat sl2",2,5
6365,"slowly rotating black holes",4,5
6366,"sum over topologies",3,5
6367,"nahm equations",2,5
6368,"particle green",2,5
6369,"angular momentum distribution",3,5
6370,"curvature invariants",2,5
6371,"after briefly reviewing",3,5
6372,"initial mass spectrum",3,5
6373,"lya absorption",2,5
6374,"covering space",2,5
6375,"square degree",2,5
6376,"barred galaxy ngc",3,5
6377,"spectral index alpha",3,5
6378,"broad band colors",3,5
6379,"structural parameters",2,5
6380,"instability strip",2,5
6381,"brightness distribution",2,5
6382,"hubble diagram",2,5
6383,"distance indicator",2,5
6384,"hb morphology",2,5
6385,"age horizontal",2,5
6386,"wave detector",2,5
6387,"neutrino astronomy",2,5
6388,"radial distribution function",3,5
6389,"momentum conservation laws",3,5
6390,"hi absorption line",3,5
6391,"uniform magnetic flux",3,5
6392,"ray transients",2,5
6393,"central surface brightness",3,5
6394,"bubble open",2,5
6395,"lyman alpha absorption line",4,5
6396,"thin disk",2,5
6397,"morphological type",2,5
6398,"la silla",2,5
6399,"velocity dispersions",2,5
6400,"cluster environment",2,5
6401,"point spread",2,5
6402,"rayleigh taylor",2,5
6403,"tight correlation",2,5
6404,"short timescales",2,5
6405,"cold dark",2,5
6406,"msun yr",2,5
6407,"counter rotating",2,5
6408,"pulse profile",2,5
6409,"high redshift damped lyman",4,5
6410,"astrophysical phenomena",2,5
6411,"sph simulations",2,5
6412,"systemic velocity",2,5
6413,"redshift damped lyman",3,5
6414,"absorption line width",3,5
6415,"highly ionized gas",3,5
6416,"distribution sed",2,5
6417,"few days",2,5
6418,"semi analytical approach",3,5
6419,"brightness profile",2,5
6420,"ray emitting",2,5
6421,"double neutron stars",3,5
6422,"magnitude diagram",2,5
6423,"orion nebula",2,5
6424,"new spectroscopic data",3,5
6425,"ionizing radiation",2,5
6426,"gaussian initial conditions",3,5
6427,"low mass transfer",3,5
6428,"energy released",2,5
6429,"telescope hst observations",3,5
6430,"cold accretion",2,5
6431,"corona models",2,5
6432,"hydrodynamic code",2,5
6433,"piecewise parabolic",2,5
6434,"wide field cameras",3,5
6435,"time scale structure",3,5
6436,"coalescence model",2,5
6437,"cluster centre",2,5
6438,"classical novae",2,5
6439,"early type spirals",3,5
6440,"supernovae sne",2,5
6441,"common envelope",2,5
6442,"doppler shift",2,5
6443,"completeness limit",2,5
6444,"starburst galaxies",2,5
6445,"tidal field",2,5
6446,"differ substantially",2,5
6447,"large galactocentric",2,5
6448,"cosmic infrared background",3,5
6449,"bulk lorentz factors",3,5
6450,"kinetic energy dissipation",3,5
6451,"quiescent state",2,5
6452,"intense star",2,5
6453,"multipole expansion",2,5
6454,"theoretical investigations",2,5
6455,"low redshift survey",3,5
6456,"mpc q0",2,5
6457,"comoving scales",2,5
6458,"quantized hall",2,5
6459,"confidence limits",2,5
6460,"nuclear starburst",2,5
6461,"alfven waves",2,5
6462,"sloan digital sky",3,5
6463,"iron abundance ratios",3,5
6464,"primordial helium",2,5
6465,"intergalactic gas",2,5
6466,"large scale dependent",3,5
6467,"specific angular momentum",3,5
6468,"field theoretical calculations",3,5
6469,"galactic globular cluster system",4,5
6470,"rosat pspc pointed observations",4,5
6471,"semi relativistic",2,5
6472,"nhi cm",2,5
6473,"lyman alpha clouds",3,5
6474,"nucleosynthesis constraints",2,5
6475,"gaseous disk galaxies",3,5
6476,"near infrared spectroscopy",3,5
6477,"uv emission line",3,5
6478,"standard solar models",3,5
6479,"spectral index gamma ray",4,5
6480,"low mass accretion disk",4,5
6481,"vela pulsar",2,5
6482,"angular resolution",2,5
6483,"almost entirely",2,5
6484,"power spectrum estimation",3,5
6485,"intrinsic scatter",2,5
6486,"rate dot",2,5
6487,"transient source grs",3,5
6488,"mirror telescope",2,5
6489,"minkowski functionals",2,5
6490,"satellite missions",2,5
6491,"giant elliptical",2,5
6492,"cloud collisions",2,5
6493,"angular momentum tensor",3,5
6494,"plausible explanation",2,5
6495,"superfluid neutron star",3,5
6496,"planck surveyor",2,5
6497,"tauri stars",2,5
6498,"small angular distribution function",4,5
6499,"cmb temperature",2,5
6500,"infall models",2,5
6501,"synchrotron photons",2,5
6502,"red giants",2,5
6503,"lyman alpha absorbers",3,5
6504,"sunyaev zel dovich",3,5
6505,"infrared background radiation",3,5
6506,"neutral hydrogen column",3,5
6507,"highest energy cosmic rays",4,5
6508,"spectroscopic data",2,5
6509,"elliptical galaxy ngc",3,5
6510,"thick disks",2,5
6511,"dwarf elliptical",2,5
6512,"ionization state",2,5
6513,"blue shifted",2,5
6514,"water maser emission",3,5
6515,"background intensity",2,5
6516,"canada france hawaii",3,5
6517,"progenitor star",2,5
6518,"optical counterpart search",3,5
6519,"generated during",2,5
6520,"iron line",2,5
6521,"ew ev",2,5
6522,"radiated away",2,5
6523,"line strength indices mg2",4,5
6524,"colour magnitude diagrams",3,5
6525,"fractal dimensions",2,5
6526,"rapid change",2,5
6527,"pulsed flux",2,5
6528,"sub keplerian",2,5
6529,"old stellar evolution",3,5
6530,"extragalactic distance scale",3,5
6531,"diffuse galactic plane",3,5
6532,"metal content",2,5
6533,"planetary camera",2,5
6534,"blast wave",2,5
6535,"apparent magnitudes",2,5
6536,"accretion flow adaf",3,5
6537,"alcock et",2,5
6538,"globular cluster center",3,5
6539,"decreasing function",2,5
6540,"hii region",2,5
6541,"iso observations",2,5
6542,"navarro frenk white",3,5
6543,"density functional form",3,5
6544,"neutral atomic",2,5
6545,"beam energy spectrum",3,5
6546,"radio pulsar psr",3,5
6547,"ambipolar diffusion",2,5
6548,"cut offs",2,5
6549,"emitting region",2,5
6550,"full width",2,5
6551,"poisson noise",2,5
6552,"gravitationally lensed",2,5
6553,"luminosity relations",2,5
6554,"temperature kt",2,5
6555,"cbr anisotropy",2,5
6556,"half light",2,5
6557,"salient features",2,5
6558,"duty cycle",2,5
6559,"excitation temperatures",2,5
6560,"redshift distributions",2,5
6561,"source catalogue",2,5
6562,"detection limits",2,5
6563,"dwarf irregular",2,5
6564,"anglo australian",2,5
6565,"hydrodynamical code",2,5
6566,"background anisotropy",2,5
6567,"structure formation process",3,5
6568,"ray bursts",2,5
6569,"ray burst",2,5
6570,"multi resolution",2,5
6571,"starburst regions",2,5
6572,"powerful test",2,5
6573,"high redshift distributions",3,5
6574,"mean square root",3,5
6575,"high velocity distribution",3,5
6576,"compton gamma ray emission",4,5
6577,"rs cvn",2,5
6578,"blue luminosity",2,5
6579,"south galactic pole",3,5
6580,"tev gamma ray flux",4,5
6581,"minor axis",2,5
6582,"parsec scale",2,5
6583,"orbital angular",2,5
6584,"infrared fir",2,5
6585,"gravitational lensing galaxy clusters",4,5
6586,"gamma ray fluxes",3,5
6587,"protoneutron star",2,5
6588,"supernova explosion mechanism",3,5
6589,"strongly magnetized",2,5
6590,"ionizing photons",2,5
6591,"ionization parameter",2,5
6592,"star formation rates",3,5
6593,"trigonometric parallaxes",2,5
6594,"half life",2,5
6595,"sub dominant",2,5
6596,"microwave background anisotropy",3,5
6597,"powerful radio galaxies",3,5
6598,"observational features",2,5
6599,"centrally concentrated",2,5
6600,"deep field hdf",3,5
6601,"broad iron",2,5
6602,"scaled up",2,5
6603,"spiral structure",2,5
6604,"lacertae object",2,5
6605,"faraday rotation",2,5
6606,"binary neutron star",3,5
6607,"type spiral galaxy",3,5
6608,"velocity differences",2,5
6609,"intensity ratio",2,5
6610,"low mass distribution",3,5
6611,"rotation measure",2,5
6612,"sky coverage",2,5
6613,"thermal inflation",2,5
6614,"beppo sax",2,5
6615,"colour magnitude diagram",3,5
6616,"expanding shell",2,5
6617,"charge density wave",3,5
6618,"after correcting",2,5
6619,"warm absorber",2,5
6620,"high energy cosmic",3,5
6621,"cold accretion disk",3,5
6622,"ultra relativistic",2,5
6623,"star product",2,5
6624,"outer disk",2,5
6625,"synchrotron radiation emitted",3,5
6626,"intrinsic variability",2,5
6627,"cosmic star",2,5
6628,"rotating stars",2,5
6629,"hst fos spectra",3,5
6630,"metal enrichment",2,5
6631,"giant elliptical galaxies",3,5
6632,"hubble deep field",3,5
6633,"light element",2,5
6634,"after correction",2,5
6635,"einstein frame",2,5
6636,"time scale factor",3,5
6637,"intermediate redshift",2,5
6638,"unstable against",2,5
6639,"satellite galaxies",2,5
6640,"inverse compton process",3,5
6641,"galactic extinction",2,5
6642,"oscillator algebra",2,5
6643,"sp nc",2,5
6644,"light cone hamiltonian",3,5
6645,"fermion doubling",2,5
6646,"non perturbative heterotic string",4,5
6647,"mirror fermions",2,5
6648,"jackiw teitelboim",2,5
6649,"non perturbative qcd vacuum",4,5
6650,"multi instanton",2,5
6651,"nonlinear integral",2,5
6652,"kinetic energies",2,5
6653,"winter school",2,5
6654,"world line",2,5
6655,"lee yang",2,5
6656,"threshold bound state",3,5
6657,"interaction vertices",2,5
6658,"zel dovich",2,5
6659,"curves describing",2,5
6660,"nonzero temperature",2,5
6661,"nambu goto string theory",4,5
6662,"improved perturbation",2,5
6663,"time development",2,5
6664,"forward scattering amplitude",3,5
6665,"positive correlation functions",3,5
6666,"rg equation",2,5
6667,"twisted sector",2,5
6668,"de sitter space time",4,5
6669,"central singularity",2,5
6670,"many body correlations",3,5
6671,"duality invariant under",3,5
6672,"non perturbative superpotential",3,5
6673,"invariant subspaces",2,5
6674,"physical picture",2,5
6675,"nf expansion",2,5
6676,"rule approach",2,5
6677,"higher loops",2,5
6678,"purely magnetic field",3,5
6679,"betti numbers",2,5
6680,"type ii string theory compactified",5,5
6681,"cdot vec",2,5
6682,"z2 symmetry",2,5
6683,"mass vanishes",2,5
6684,"conformal blocks",2,5
6685,"coordinate transformation",2,5
6686,"identically zero",2,5
6687,"mass splittings",2,5
6688,"bianchi ix",2,5
6689,"bps spectrum",2,5
6690,"independent estimates",2,5
6691,"largest lyapunov exponents",3,5
6692,"globally coupled",2,5
6693,"effective lagrangian describing",3,5
6694,"fermion mass energies",3,5
6695,"two body problem",3,5
6696,"minimal surface",2,5
6697,"body interactions",2,5
6698,"generic initial data",3,5
6699,"covariant gauges",2,5
6700,"spectral densities",2,5
6701,"point green function",3,5
6702,"internal symmetries",2,5
6703,"quark mass term",3,5
6704,"random matrix models",3,5
6705,"mit bag model",3,5
6706,"non holomorphic",2,5
6707,"recurrence relation",2,5
6708,"hilbert scheme",2,5
6709,"factorization hypothesis",2,5
6710,"write up",2,5
6711,"gauge invariance under",3,5
6712,"spinning particles",2,5
6713,"discrete light",2,5
6714,"context free energy",3,5
6715,"eleven dimensional supergravity",3,5
6716,"strong coupling unification",3,5
6717,"colliding plane waves",3,5
6718,"constant imaginary",2,5
6719,"path integral quantization",3,5
6720,"conventional many",2,5
6721,"explicit formulae",2,5
6722,"non relativistic corrections",3,5
6723,"group theoretic",2,5
6724,"multidimensional cosmological",2,5
6725,"saddle points",2,5
6726,"axial charge",2,5
6727,"gaussian variational",2,5
6728,"unstable particle",2,5
6729,"charge conjugate states",3,5
6730,"replica symmetric",2,5
6731,"particle number density",3,5
6732,"hole evaporation",2,5
6733,"fixing procedure",2,5
6734,"density matrix renormalization",3,5
6735,"ordered phase space",3,5
6736,"point correlator",2,5
6737,"hard thermal loop approximation",4,5
6738,"chirally symmetric",2,5
6739,"supersymmetric gauge group su",4,5
6740,"wrong sign",2,5
6741,"mutually consistent",2,5
6742,"doublet triplet",2,5
6743,"maximal abelian gauge",3,5
6744,"functional determinants",2,5
6745,"kontsevich integral",2,5
6746,"sigma model independent",3,5
6747,"qed corrections",2,5
6748,"roughly speaking",2,5
6749,"microscopic spectral correlators",3,5
6750,"triple intersections",2,5
6751,"scale factors",2,5
6752,"chaotic oscillations",2,5
6753,"gribov copies",2,5
6754,"non linear sigma models",4,5
6755,"asymptotic expansions",2,5
6756,"lowest energy spectrum",3,5
6757,"functional methods",2,5
6758,"associative algebra",2,5
6759,"non commutative geometry",3,5
6760,"taylor expansion",2,5
6761,"killing vector fields",3,5
6762,"critical exponent beta",3,5
6763,"growth processes",2,5
6764,"lorentzian manifold",2,5
6765,"hyperbolic 3-manifolds",2,5
6766,"fiber bundle",2,5
6767,"residually finite",2,5
6768,"moment map",2,5
6769,"three jet",2,5
6770,"von neumann algebras",3,5
6771,"splitting functions",2,5
6772,"dg ga",2,5
6773,"pu monopoles",2,5
6774,"separable hilbert space",3,5
6775,"grows exponentially",2,5
6776,"accurate estimates",2,5
6777,"hodge structures",2,5
6778,"brill noether",2,5
6779,"yau zaslow",2,5
6780,"positive integers",2,5
6781,"van der",2,5
6782,"stable maps",2,5
6783,"derived category",2,5
6784,"galois extension",2,5
6785,"somewhat higher",2,5
6786,"algebraic varieties",2,5
6787,"hypergeometric series",2,5
6788,"cold dark matter candidate",4,5
6789,"underlying continuum",2,5
6790,"tev gamma rays",3,5
6791,"averaged spectrum",2,5
6792,"dark cloud",2,5
6793,"frequency distributions",2,5
6794,"crystalline structures",2,5
6795,"young stellar",2,5
6796,"qualitative differences",2,5
6797,"galactic supernova remnants",3,5
6798,"angular size",2,5
6799,"electron scattering off",3,5
6800,"green bank",2,5
6801,"roughly half",2,5
6802,"ratio eta",2,5
6803,"broad band structure",3,5
6804,"ultra high energy cosmic rays",5,5
6805,"telescope egret",2,5
6806,"ion collisions",2,5
6807,"simple analytical approach",3,5
6808,"centrifugal force",2,5
6809,"solar neutrino",2,5
6810,"red clump stars",3,5
6811,"mach number",2,5
6812,"flux limits",2,5
6813,"red horizontal",2,5
6814,"warm ionized",2,5
6815,"period luminosity relation",3,5
6816,"exponent theta",2,5
6817,"growth conditions",2,5
6818,"cluster medium",2,5
6819,"standard model ssm",3,5
6820,"specific angular",2,5
6821,"band photometric",2,5
6822,"cherenkov detector design",3,5
6823,"total mass fraction",3,5
6824,"precision estimate",2,5
6825,"optically thin plasma",3,5
6826,"al 1997a",2,5
6827,"archival rosat",2,5
6828,"closely resembles",2,5
6829,"point defects",2,5
6830,"emitting regions",2,5
6831,"centered around",2,5
6832,"alpha images",2,5
6833,"atomic carbon",2,5
6834,"molecular absorption",2,5
6835,"hubble space time",3,5
6836,"highly polarized",2,5
6837,"gravitationally bound",2,5
6838,"near infrared continuum",3,5
6839,"hot spots",2,5
6840,"velocity field theory",3,5
6841,"imaging survey",2,5
6842,"kaon condensation",2,5
6843,"shocked gas",2,5
6844,"baryonic matter",2,5
6845,"asymmetric double",2,5
6846,"multiple scattering processes",3,5
6847,"accurate enough",2,5
6848,"temporal evolution",2,5
6849,"diffusive shock",2,5
6850,"remarkable features",2,5
6851,"gravitational lens system",3,5
6852,"analytical formula",2,5
6853,"lyman alpha absorption",3,5
6854,"magnitude higher",2,5
6855,"rotating nuclei",2,5
6856,"kinetic energy density",3,5
6857,"two sided",2,5
6858,"arbitrary number density",3,5
6859,"damped ly",2,5
6860,"stokes parameters",2,5
6861,"compton gamma",2,5
6862,"waves emitted",2,5
6863,"newtonian approximation",2,5
6864,"rotation rate",2,5
6865,"black hole formation",3,5
6866,"free path",2,5
6867,"lambda xi",2,5
6868,"near threshold region",3,5
6869,"scale structures",2,5
6870,"self consistent picture",3,5
6871,"boundary value problem",3,5
6872,"super kamiokande detector",3,5
6873,"sub threshold",2,5
6874,"periodic oscillations",2,5
6875,"acoustic waves",2,5
6876,"oscillation amplitude",2,5
6877,"space time series",3,5
6878,"naturally explains",2,5
6879,"massless scalar field equations",4,5
6880,"null hypersurface",2,5
6881,"fluctuation spectrum",2,5
6882,"length xi",2,5
6883,"bianchi type",2,5
6884,"simplified version",2,5
6885,"global monopole",2,5
6886,"detector design",2,5
6887,"jordan brans dicke",3,5
6888,"gravitational radiation reaction",3,5
6889,"initial data sets",3,5
6890,"self energy density",3,5
6891,"ashtekar formulation",2,5
6892,"random graphs",2,5
6893,"markov chain",2,5
6894,"main topic",2,5
6895,"continued fraction",2,5
6896,"fixed point like",3,5
6897,"mass transfer",2,5
6898,"schur functions",2,5
6899,"line lattice",2,5
6900,"infinite momentum",2,5
6901,"rule calculation",2,5
6902,"thomas fermi gas",3,5
6903,"june july",2,5
6904,"greatly simplifies",2,5
6905,"internal structure function",3,5
6906,"angular momentum space",3,5
6907,"numerical investigations",2,5
6908,"verified numerically",2,5
6909,"critical exponent gamma",3,5
6910,"self sustained",2,5
6911,"agree qualitatively",2,5
6912,"agree quantitatively",2,5
6913,"global event",2,5
6914,"inclusive jet",2,5
6915,"dijet angular distributions",3,5
6916,"neutrino nucleon",2,5
6917,"charged hadrons",2,5
6918,"proton spin dependent",3,5
6919,"cp conserving",2,5
6920,"rapidity gap",2,5
6921,"triple pomeron",2,5
6922,"storage ring",2,5
6923,"integrated luminosities",2,5
6924,"wandzura wilczek",2,5
6925,"differential decay width",3,5
6926,"scalar leptoquark production",3,5
6927,"ww gamma",2,5
6928,"prompt photons",2,5
6929,"multiplicity distribution",2,5
6930,"pp interactions",2,5
6931,"proton antiproton",2,5
6932,"deeply inelastic scattering",3,5
6933,"longitudinal polarization asymmetry",3,5
6934,"event shape observables",3,5
6935,"ozi rule",2,5
6936,"triple gauge boson",3,5
6937,"scaling violations",2,5
6938,"higgsino like neutralinos",3,5
6939,"neutral kaons",2,5
6940,"diffractive structure",2,5
6941,"quantum mechanical treatment",3,5
6942,"coupling strengths",2,5
6943,"transmission coefficient",2,5
6944,"time reversal invariance",3,5
6945,"chaotic scattering",2,5
6946,"reynolds numbers",2,5
6947,"ordered phase",2,5
6948,"significant deviations",2,5
6949,"lyapunov exponent",2,5
6950,"quantitative information",2,5
6951,"sub leading",2,5
6952,"phase locking",2,5
6953,"diffusion coefficients",2,5
6954,"periodic chain",2,5
6955,"nu simeq",2,5
6956,"random walk model",3,5
6957,"su lattice sizes",3,5
6958,"monopole currents",2,5
6959,"physical constants",2,5
6960,"static quark",2,5
6961,"shell renormalization scheme",3,5
6962,"beta decay constants",3,5
6963,"3d su lattice",3,5
6964,"bk ndr",2,5
6965,"maximally abelian gauge",3,5
6966,"mq corrections",2,5
6967,"glueball spectrum",2,5
6968,"partially quenched",2,5
6969,"two flavors",2,5
6970,"gluonic excitations",2,5
6971,"cp pacs",2,5
6972,"non hermitean",2,5
6973,"strongly influenced",2,5
6974,"power suppressed",2,5
6975,"anomalous scaling",2,5
6976,"two dimensional ising spins",4,5
6977,"hypercubic lattice",2,5
6978,"loop matching",2,5
6979,"color electric",2,5
6980,"mode coupling constant",3,5
6981,"quark action",2,5
6982,"number violation",2,5
6983,"clover action",2,5
6984,"see saw",2,5
6985,"sum rule calculations",3,5
6986,"radial excitations",2,5
6987,"semileptonic form factors",3,5
6988,"deconfining phase transition",3,5
6989,"tricritical point",2,5
6990,"large hadron masses",3,5
6991,"flavor symmetry breaking",3,5
6992,"fe ni",2,5
6993,"proton rich nuclei",3,5
6994,"considerably lower",2,5
6995,"chain compound",2,5
6996,"shadowing corrections",2,5
6997,"lambda hypernuclei",2,5
6998,"quark gluon degrees",3,5
6999,"infinite nuclear matter",3,5
7000,"pion pairs",2,5
7001,"rho meson dominance model",4,5
7002,"rho omega phi",3,5
7003,"double pomeron",2,5
7004,"sensitive probes",2,5
7005,"heavy ion fusion reactions",4,5
7006,"ultrarelativistic heavy ion",3,5
7007,"time reversed",2,5
7008,"isospin symmetry",2,5
7009,"covariant transport",2,5
7010,"spin isospin",2,5
7011,"chemical equilibration",2,5
7012,"caloric curve",2,5
7013,"event generators",2,5
7014,"kaon production",2,5
7015,"realistic nucleon interaction",3,5
7016,"qcd sum rule calculations",4,5
7017,"energy barriers",2,5
7018,"charge degrees",2,5
7019,"substantially reduced",2,5
7020,"rapidity distribution",2,5
7021,"magic numbers",2,5
7022,"collective flow",2,5
7023,"high energy loss",3,5
7024,"large hadron collider",3,5
7025,"conventional many body",3,5
7026,"electromagnetic probes",2,5
7027,"vector meson decays",3,5
7028,"dilepton invariant",2,5
7029,"colliding nuclei",2,5
7030,"pion nucleon scattering amplitude",4,5
7031,"theoretical developments",2,5
7032,"realistic estimates",2,5
7033,"sectorial lorentz symmetry",3,5
7034,"hadronic gas",2,5
7035,"phonon states",2,5
7036,"quark condensate",2,5
7037,"boson exchange",2,5
7038,"theoretical investigation",2,5
7039,"statistical language",2,5
7040,"machine learning",2,5
7041,"natural language models",3,5
7042,"state transducers",2,5
7043,"rule calculations",2,5
7044,"heavy quark sector",3,5
7045,"color octet mechanism",3,5
7046,"c.m energy",2,5
7047,"light quark gluon",3,5
7048,"meta stable",2,5
7049,"majorana neutrino",2,5
7050,"kinematic cuts",2,5
7051,"majorana neutrino mass",3,5
7052,"simple analytic expression",3,5
7053,"rho meson dominance",3,5
7054,"structure function g1",3,5
7055,"soft susy breaking",3,5
7056,"mediated susy",2,5
7057,"cp violations",2,5
7058,"highly charged",2,5
7059,"large rapidity gap events",4,5
7060,"octet matrix elements",3,5
7061,"qcd vacuum condensates",3,5
7062,"target fragmentation region",3,5
7063,"quark mass distribution",3,5
7064,"polarized drell yan",3,5
7065,"leading logarithmic",2,5
7066,"parity conservation",2,5
7067,"messenger fields",2,5
7068,"superpartner masses",2,5
7069,"third family",2,5
7070,"squark mixing",2,5
7071,"fourth generation",2,5
7072,"gribov lipatov",2,5
7073,"fusion processes",2,5
7074,"ckm matrix models",3,5
7075,"two higgs fields",3,5
7076,"drell yan pair production",4,5
7077,"gottfried sum rule",3,5
7078,"neutrino signal",2,5
7079,"nue bar nu",3,5
7080,"large angle gamma",3,5
7081,"tev scale lambda",3,5
7082,"two generations",2,5
7083,"qcd sum",2,5
7084,"hundred gev",2,5
7085,"collins soper sterman",3,5
7086,"experimental signature",2,5
7087,"majorana particles",2,5
7088,"pseudoscalar meson masses",3,5
7089,"scalar leptoquarks",2,5
7090,"dijet cross sections",3,5
7091,"eta mixing angle",3,5
7092,"tevatron collider lhc",3,5
7093,"partial widths",2,5
7094,"low normalization point",3,5
7095,"two higgs sector",3,5
7096,"cp violating couplings",3,5
7097,"deeply virtual compton",3,5
7098,"right handed neutrinos",3,5
7099,"tilde chi",2,5
7100,"jet cross sections",3,5
7101,"bjorken sum rule",3,5
7102,"low q2 dependence",3,5
7103,"non linear colliders",3,5
7104,"leading order alphas2",3,5
7105,"bfkl dynamics",2,5
7106,"flavor symmetries",2,5
7107,"equiv v2 v1",3,5
7108,"mixing angle gamma",3,5
7109,"resonance f0",2,5
7110,"sum rule calculation",3,5
7111,"minimal supersymmetric standard model sm",5,5
7112,"approximation breaks",2,5
7113,"minimal supersymmetric standard model independent",5,5
7114,"severely constrained",2,5
7115,"discrete ambiguities",2,5
7116,"parameter tan beta",3,5
7117,"lambdab tau",2,5
7118,"inelastic electron",2,5
7119,"kobayashi maskawa",2,5
7120,"higher fock",2,5
7121,"function f2",2,5
7122,"minimal supersymmetric qcd",3,5
7123,"spontaneous symmetry breaking pattern",4,5
7124,"supersymmetric grand",2,5
7125,"transversity distribution functions",3,5
7126,"representations through",2,5
7127,"gravity mediated",2,5
7128,"unified picture",2,5
7129,"vertex correction",2,5
7130,"ansatz solution",2,5
7131,"msw solution",2,5
7132,"isotropic harmonic trap",3,5
7133,"disordered medium",2,5
7134,"chalker coddington",2,5
7135,"high tc materials",3,5
7136,"spin-1 heisenberg",2,5
7137,"paramagnetic phase transition",3,5
7138,"random sequential adsorption",3,5
7139,"hall conductance",2,5
7140,"strongly correlated electrons",3,5
7141,"self organized criticality soc",4,5
7142,"majumdar ghosh",2,5
7143,"bogoliubov de gennes",3,5
7144,"peierls compound",2,5
7145,"non fermi liquid",3,5
7146,"binary fluid mixture",3,5
7147,"charging energy",2,5
7148,"dzyaloshinskii moriya",2,5
7149,"hall conductivity",2,5
7150,"filling fraction",2,5
7151,"peierls system",2,5
7152,"strongly correlated electron",3,5
7153,"quantum antiferromagnets",2,5
7154,"triangular lattices",2,5
7155,"doped mott insulator",3,5
7156,"scanning tunneling microscopy",3,5
7157,"strongly anisotropic",2,5
7158,"short wavelength",2,5
7159,"gaas algaas heterostructure",3,5
7160,"slave boson",2,5
7161,"striped phase",2,5
7162,"epitaxial growth conditions",3,5
7163,"spinodal decomposition",2,5
7164,"antiferromagnetic exchange interaction",3,5
7165,"bak sneppen model",3,5
7166,"bloch equations",2,5
7167,"energy density operator",3,5
7168,"phenylene vinylene",2,5
7169,"nonmagnetic impurity",2,5
7170,"driven diffusive",2,5
7171,"charge density waves",3,5
7172,"muffin tin",2,5
7173,"quasiparticle peak",2,5
7174,"drude weight",2,5
7175,"carrier density",2,5
7176,"spin wave pairing",3,5
7177,"superconducting films",2,5
7178,"3d xy model",3,5
7179,"spin wave vector",3,5
7180,"electron transistor",2,5
7181,"angle resolved photoemission",3,5
7182,"uniform magnetic",2,5
7183,"pairing correlation",2,5
7184,"finite dimensional hubbard model",4,5
7185,"anomalously large",2,5
7186,"magnetic ordering",2,5
7187,"two magnon",2,5
7188,"size scaling analysis",3,5
7189,"alpha nav2o5",2,5
7190,"2h nbse2",2,5
7191,"twin boundary",2,5
7192,"de haas van alphen",4,5
7193,"density wave function",3,5
7194,"freezing transition",2,5
7195,"periodically modulated",2,5
7196,"manganese oxides",2,5
7197,"wigner dyson",2,5
7198,"spin glass transition",3,5
7199,"fully polarized",2,5
7200,"2d hubbard model",3,5
7201,"decreases linearly",2,5
7202,"mixing matrix theory",3,5
7203,"weinberg salam",2,5
7204,"coulomb gap",2,5
7205,"upper critical dimension",3,5
7206,"spin triplet",2,5
7207,"semiconductor quantum",2,5
7208,"brownian particle",2,5
7209,"site coulomb interaction",3,5
7210,"kubo formalism",2,5
7211,"insulating side",2,5
7212,"hopping integral",2,5
7213,"semiconductor superlattices",2,5
7214,"zone center",2,5
7215,"antiferromagnetic heisenberg chain",3,5
7216,"frenkel kontorova",2,5
7217,"actin solutions",2,5
7218,"vortex liquid",2,5
7219,"muon spin rotation",3,5
7220,"per unit cell",3,5
7221,"fluctuation exchange",2,5
7222,"system size scaling",3,5
7223,"integer quantum hall",3,5
7224,"bose condensed",2,5
7225,"long range hopping",3,5
7226,"haldane gap",2,5
7227,"antiferromagnetic spin-1 chain",3,5
7228,"fully frustrated",2,5
7229,"antiferromagnetic background",2,5
7230,"electric field equations",3,5
7231,"condensed atoms",2,5
7232,"disorder strength",2,5
7233,"two leg ladders",3,5
7234,"superfluid 3he",2,5
7235,"dynamical mean field theory",4,5
7236,"tight binding energies",3,5
7237,"shubnikov de haas",3,5
7238,"low temperature dependences",3,5
7239,"second harmonic generation",3,5
7240,"trapped bose einstein condensate",4,5
7241,"pbte wide parabolic",3,5
7242,"varies continuously",2,5
7243,"entropic elasticity",2,5
7244,"nearly antiferromagnetic",2,5
7245,"energy landscape",2,5
7246,"quantum affine superalgebra",3,5
7247,"affine hecke algebras",3,5
7248,"obtain drinfeld",2,5
7249,"non linearities",2,4
7250,"volume preserving",2,4
7251,"quantum kinetic theory",3,4
7252,"large number density matrix",4,4
7253,"casimir energy density",3,4
7254,"number density operator",3,4
7255,"largest eigenvalue",2,4
7256,"basic building blocks",3,4
7257,"second quantized",2,4
7258,"group su otimes",3,4
7259,"high energies below",3,4
7260,"noisy channel capacity",3,4
7261,"three body interactions",3,4
7262,"general relativistic mean field",4,4
7263,"turing machines",2,4
7264,"discrete time evolution",3,4
7265,"path integrals",2,4
7266,"communication channels",2,4
7267,"beam splitters",2,4
7268,"exponential decay exponentially decaying",4,4
7269,"higher order poles",3,4
7270,"trapped ion",2,4
7271,"quantum zeno effect",3,4
7272,"internal energy levels",3,4
7273,"upper bound state",3,4
7274,"completely integrable models",3,4
7275,"unstable periodic potential",3,4
7276,"entropy formula",2,4
7277,"quantum turing machines",3,4
7278,"quantum computations",2,4
7279,"laser cooling",2,4
7280,"closed timelike curves",3,4
7281,"conjugate states",2,4
7282,"squeezed vacuum",2,4
7283,"casimir forces",2,4
7284,"heisenberg uncertainty",2,4
7285,"feynman path integrals",3,4
7286,"quantum brownian",2,4
7287,"non markovian",2,4
7288,"down conversion",2,4
7289,"maximally entangled states",3,4
7290,"generalized coherent state",3,4
7291,"mixed spin",2,4
7292,"riemann hypothesis",2,4
7293,"number variance",2,4
7294,"position angle variables",3,4
7295,"phase coherence length",3,4
7296,"dynamical casimir effect",3,4
7297,"till now",2,4
7298,"density matrix ensembles",3,4
7299,"correlated electron system",3,4
7300,"galilean invariant",2,4
7301,"terminal velocity",2,4
7302,"approaches zero temperature",3,4
7303,"time evolution operator",3,4
7304,"correct asymptotic",2,4
7305,"short distance behaviour",3,4
7306,"fock representations",2,4
7307,"jacobi equation",2,4
7308,"space time resolved",3,4
7309,"continued fraction expansion",3,4
7310,"bit commitment",2,4
7311,"macroscopic quantum field theory",4,4
7312,"phase transition amplitude",3,4
7313,"corresponding lax operators",3,4
7314,"poisson lie groups",3,4
7315,"left hand",2,4
7316,"fairly complete",2,4
7317,"non autonomous",2,4
7318,"static soliton solution",3,4
7319,"nonlinear schrodinger equation",3,4
7320,"exponentially localized",2,4
7321,"grassmann manifolds",2,4
7322,"computer algebra",2,4
7323,"graded lie algebras",3,4
7324,"real valued",2,4
7325,"action angle variables",3,4
7326,"fermi pasta ulam",3,4
7327,"new lax",2,4
7328,"super virasoro",2,4
7329,"nonabelian gauge symmetry",3,4
7330,"translation invariant",2,4
7331,"darboux backlund",2,4
7332,"ordinary differential equation",3,4
7333,"finite dimensional xy",3,4
7334,"affine superalgebra",2,4
7335,"algebraic formulation",2,4
7336,"highest weights",2,4
7337,"resummed perturbation",2,4
7338,"tangential derivatives",2,4
7339,"time dependent ginzburg landau",4,4
7340,"three dimensional supergravity",3,4
7341,"open string theories",3,4
7342,"e8 heterotic string",3,4
7343,"cosmic censorship hypothesis",3,4
7344,"ii string",2,4
7345,"v2 v1",2,4
7346,"pauli villars regularization",3,4
7347,"charged particle moving",3,4
7348,"half integer",2,4
7349,"principal quantum field",3,4
7350,"dilaton field",2,4
7351,"spatially homogeneous cosmologies",3,4
7352,"scherk schwarz",2,4
7353,"superposition rule",2,4
7354,"dilaton field equations",3,4
7355,"non extreme limit",3,4
7356,"rigid body",2,4
7357,"wheeler de witt equation",4,4
7358,"donaldson theory",2,4
7359,"bargmann representations",2,4
7360,"electro magnetic fields",3,4
7361,"microcanonical ensemble",2,4
7362,"z3 orbifold",2,4
7363,"space time uncertainty relation",4,4
7364,"space time scales",3,4
7365,"type iib superstring",3,4
7366,"holomorphic vector",2,4
7367,"general relativistic quantum field theory",5,4
7368,"fock spaces",2,4
7369,"unitary gauge theories",3,4
7370,"gravitational field theories",3,4
7371,"schwinger dewitt",2,4
7372,"bps bound",2,4
7373,"algebra gl",2,4
7374,"ising spin correlation function",4,4
7375,"rg fixed point",3,4
7376,"string vacua",2,4
7377,"translationally invariant",2,4
7378,"four loops",2,4
7379,"dirac spinors",2,4
7380,"interaction strengths",2,4
7381,"non extremal",2,4
7382,"energy minimization",2,4
7383,"witten solution",2,4
7384,"mathematically rigorous",2,4
7385,"seven dimensional",2,4
7386,"generalized 2d dilaton gravity",4,4
7387,"infinite series expansion",3,4
7388,"principal bundles",2,4
7389,"background metric perturbations",3,4
7390,"kerr solution",2,4
7391,"wilson fisher",2,4
7392,"hole pair creation",3,4
7393,"su nc gauge theories",4,4
7394,"lorentz dirac equation",3,4
7395,"gauge groups",2,4
7396,"electric charge quantization",3,4
7397,"type iib matrix theory",4,4
7398,"simply laced",2,4
7399,"ale spaces",2,4
7400,"orthogonally intersecting",2,4
7401,"equal time evolution",3,4
7402,"coset space",2,4
7403,"toda like",2,4
7404,"brane bound states",3,4
7405,"generalized poisson brackets",3,4
7406,"kahler manifold",2,4
7407,"strong cp",2,4
7408,"pole masses",2,4
7409,"minimally coupled scalars",3,4
7410,"ten dimensional",2,4
7411,"conformal weights",2,4
7412,"non local observables",3,4
7413,"poisson lie group",3,4
7414,"bosonic matter",2,4
7415,"unitary gauge invariant",3,4
7416,"su nc expansion",3,4
7417,"super yang mills theory",4,4
7418,"von neumann algebra",3,4
7419,"klein gordon equation",3,4
7420,"quantum mechanical description",3,4
7421,"gravitational back reaction",3,4
7422,"friedmann robertson walker frw universe",5,4
7423,"breaks supersymmetry",2,4
7424,"moduli dependent",2,4
7425,"forward scattering amplitudes",3,4
7426,"flux line region",3,4
7427,"linearly stable",2,4
7428,"rotationally symmetric",2,4
7429,"non perturbative heterotic string theory",5,4
7430,"inner automorphisms",2,4
7431,"short distance scales",3,4
7432,"four fermion masses",3,4
7433,"green schwarz superstring",3,4
7434,"kahler metric",2,4
7435,"power series expansion",3,4
7436,"non perturbative renormalization group",4,4
7437,"quantized universal enveloping",3,4
7438,"semiclassical trace",2,4
7439,"electromagnetic duality",2,4
7440,"field realizations",2,4
7441,"admissible representations",2,4
7442,"uv emission features",3,4
7443,"direct numerical calculations",3,4
7444,"general covariance matrix",3,4
7445,"intra cluster medium",3,4
7446,"rapidly rotating disk galaxies",4,4
7447,"small angular size",3,4
7448,"angular diameter",2,4
7449,"rms scatter",2,4
7450,"kilometer scale",2,4
7451,"powerful radio",2,4
7452,"absorbing material",2,4
7453,"radial infall",2,4
7454,"near infrared colors",3,4
7455,"low mass loss rates",4,4
7456,"near ir observations",3,4
7457,"galaxy clustering properties",3,4
7458,"finite thickness",2,4
7459,"faint object spectrograph",3,4
7460,"lsb galaxies",2,4
7461,"dark matter cdm",3,4
7462,"strongly magnetized neutron stars",4,4
7463,"hi column",2,4
7464,"accretion discs",2,4
7465,"active phase",2,4
7466,"coalescing binary system",3,4
7467,"long term variability",3,4
7468,"uniformly rotating",2,4
7469,"unified schemes",2,4
7470,"maser emission line",3,4
7471,"surface brightness profile",3,4
7472,"redshift interval",2,4
7473,"orbital periods",2,4
7474,"am herculis",2,4
7475,"cosmic microwave background metric",4,4
7476,"cobe dmr data set",4,4
7477,"representative sample",2,4
7478,"doppler tomography",2,4
7479,"source gro j1655-40",3,4
7480,"poor cluster",2,4
7481,"lensed quasar",2,4
7482,"gravitational lensing properties",3,4
7483,"spatial distribution function",3,4
7484,"proto neutron star",3,4
7485,"slow roll",2,4
7486,"galactic nucleus",2,4
7487,"giant hii",2,4
7488,"alpha emission line",3,4
7489,"poorly constrained",2,4
7490,"galactic halo objects",3,4
7491,"log canonical",2,4
7492,"luminosity relationship",2,4
7493,"velocity field equations",3,4
7494,"outer edge",2,4
7495,"sonic point",2,4
7496,"general relativistic hydrodynamics",3,4
7497,"halo globular",2,4
7498,"nearby spiral galaxy ngc",4,4
7499,"physical mechanisms",2,4
7500,"narrow band photometry",3,4
7501,"density omegab",2,4
7502,"quasar host",2,4
7503,"hubble space telescope wfpc2 images",5,4
7504,"stellar component",2,4
7505,"al 1996a",2,4
7506,"collapsed objects",2,4
7507,"adiabatic expansion",2,4
7508,"board bepposax observation",3,4
7509,"hi mass",2,4
7510,"spatial correlation functions",3,4
7511,"relative intensities",2,4
7512,"distance indicators",2,4
7513,"australia telescope compact array",4,4
7514,"multi frequency",2,4
7515,"particle mesh code",3,4
7516,"weak lensing galaxy clusters",4,4
7517,"dust content",2,4
7518,"big bang nucleosynthesis constraints",4,4
7519,"neutral hydrogen column density",4,4
7520,"mass hierarchy",2,4
7521,"few arcseconds",2,4
7522,"galactic latitudes",2,4
7523,"dust grains",2,4
7524,"hopkins ultraviolet",2,4
7525,"la palma",2,4
7526,"scale lengths",2,4
7527,"immediate vicinity",2,4
7528,"giant hii regions",3,4
7529,"deuterium abundances",2,4
7530,"catastrophe theory",2,4
7531,"passed through",2,4
7532,"wide angle",2,4
7533,"broad absorption line quasars",4,4
7534,"butcher oemler",2,4
7535,"uv background intensity",3,4
7536,"critical value problem",3,4
7537,"spatially resolved",2,4
7538,"intra cluster",2,4
7539,"medium icm",2,4
7540,"shock fronts",2,4
7541,"mesh code",2,4
7542,"shock front",2,4
7543,"dwarf novae",2,4
7544,"weakly correlated",2,4
7545,"tev gamma ray bursts",4,4
7546,"binary pulsars",2,4
7547,"dwarf galaxy formation rate",4,4
7548,"electron density matrix",3,4
7549,"positron pairs",2,4
7550,"s0 galaxy",2,4
7551,"mg fe ratio",3,4
7552,"inclination angle",2,4
7553,"singular isothermal",2,4
7554,"omega0 lambda0",2,4
7555,"order parameter omega",3,4
7556,"thin accretion disk",3,4
7557,"massive star formation",3,4
7558,"optical depths",2,4
7559,"irregular galaxy ngc",3,4
7560,"warm ionized gas",3,4
7561,"well matched",2,4
7562,"radial gradients",2,4
7563,"deep ccd images",3,4
7564,"correlates well",2,4
7565,"enrichment history",2,4
7566,"tilted cdm",2,4
7567,"pair production mechanisms",3,4
7568,"short duration",2,4
7569,"total angular momentum",3,4
7570,"gravitational lens models",3,4
7571,"gamma ray emission line",4,4
7572,"line emitting regions",3,4
7573,"noise ratios",2,4
7574,"gamma ray bursters",3,4
7575,"cold dark matter cdm models",5,4
7576,"unit volume",2,4
7577,"lyman continuum",2,4
7578,"hot interstellar medium",3,4
7579,"intracluster medium icm",3,4
7580,"crowded fields",2,4
7581,"lacertae objects",2,4
7582,"chemical yields",2,4
7583,"end slope",2,4
7584,"solar neighborhood",2,4
7585,"radio jet axis",3,4
7586,"band light ratio",3,4
7587,"mass loss rate",3,4
7588,"central surface brightnesses",3,4
7589,"brightness temperature",2,4
7590,"non linear sigma",3,4
7591,"remnant snr",2,4
7592,"ob stars",2,4
7593,"band colors",2,4
7594,"per square",2,4
7595,"lyman break",2,4
7596,"violent relaxation",2,4
7597,"magnetic field dependences",3,4
7598,"two photon ratio",3,4
7599,"density universes",2,4
7600,"energy density perturbations",3,4
7601,"sco x-1",2,4
7602,"kilohertz quasi periodic",3,4
7603,"hubble type",2,4
7604,"dense matter fields",3,4
7605,"cosmic star formation",3,4
7606,"stellar atmospheres",2,4
7607,"3cr radio galaxies",3,4
7608,"compton gamma ray luminosity",4,4
7609,"relativistic transport properties",3,4
7610,"negative energy densities",3,4
7611,"initial mass fraction",3,4
7612,"total angular",2,4
7613,"accretion powered",2,4
7614,"per unit length",3,4
7615,"hi column density",3,4
7616,"strings attached",2,4
7617,"accretion flows",2,4
7618,"loud agn",2,4
7619,"uv flux line",3,4
7620,"mass accretion disc",3,4
7621,"high speed",2,4
7622,"specific frequency",2,4
7623,"projected mass",2,4
7624,"ly alpha clouds",3,4
7625,"co emission line",3,4
7626,"sunyaev zeldovich",2,4
7627,"oscillations qpo frequencies",3,4
7628,"quasi periodic potential",3,4
7629,"ray pulsars",2,4
7630,"velocity gradients",2,4
7631,"gluino mass",2,4
7632,"band light curve",3,4
7633,"mid infrared",2,4
7634,"khz qpos",2,4
7635,"kilo hertz",2,4
7636,"binaries lmxbs",2,4
7637,"quasi periodic oscillations qpo",4,4
7638,"polarization components",2,4
7639,"big bang nucleosynthesis",3,4
7640,"cosmic ray luminosity",3,4
7641,"high velocity widths",3,4
7642,"semi analytical predictions",3,4
7643,"neutron star formation",3,4
7644,"active binary",2,4
7645,"lithium abundances",2,4
7646,"fourier series",2,4
7647,"observational data concerning",3,4
7648,"ob associations",2,4
7649,"highest energy",2,4
7650,"rotational velocity",2,4
7651,"lithium abundance",2,4
7652,"oiii emission",2,4
7653,"local group dwarf galaxies",4,4
7654,"primordial plasma",2,4
7655,"interstellar extinction",2,4
7656,"band light curves",3,4
7657,"sachs wolfe",2,4
7658,"bona fide",2,4
7659,"characteristic time evolution",3,4
7660,"individual cluster",2,4
7661,"point spread function",3,4
7662,"limiting magnitudes",2,4
7663,"molecular cloud cores",3,4
7664,"large magellanic",2,4
7665,"outer halo",2,4
7666,"raymond smith",2,4
7667,"rosat pspc observations",3,4
7668,"limiting magnitude",2,4
7669,"low luminosity function",3,4
7670,"magnitude limited sample",3,4
7671,"detection rates",2,4
7672,"non simply",2,4
7673,"oxygen abundance",2,4
7674,"cd galaxy",2,4
7675,"mass concentrations",2,4
7676,"rapidly rotating star",3,4
7677,"positive cosmological models",3,4
7678,"gaussian random potential",3,4
7679,"neutralino annihilation",2,4
7680,"standard candles",2,4
7681,"warm absorbers",2,4
7682,"pulsar velocities",2,4
7683,"escape detection",2,4
7684,"metal poor clusters",3,4
7685,"non local universe",3,4
7686,"cold disk galaxies",3,4
7687,"laser interferometer",2,4
7688,"systematic biases",2,4
7689,"primordial helium abundance",3,4
7690,"disk material",2,4
7691,"dust obscuration",2,4
7692,"galactic halo globular cluster",4,4
7693,"hydrogen burning limit",3,4
7694,"front end",2,4
7695,"homogeneous magnetic field",3,4
7696,"iron emission",2,4
7697,"accretion induced collapse",3,4
7698,"time ordered",2,4
7699,"double beta",2,4
7700,"falls off",2,4
7701,"einstein correlations",2,4
7702,"cross correlation function",3,4
7703,"phase transition occurring",3,4
7704,"cygnus x-2",2,4
7705,"topological defect",2,4
7706,"circumstellar disk",2,4
7707,"radial velocity variations",3,4
7708,"observational tests",2,4
7709,"baryon density omegab",3,4
7710,"bessel functions",2,4
7711,"lensing galaxy formation",3,4
7712,"reasonable ranges",2,4
7713,"low mass difference",3,4
7714,"stellar content",2,4
7715,"strong constraint",2,4
7716,"near infrared excess",3,4
7717,"broad range interactions",3,4
7718,"telescope egret data",3,4
7719,"diffuse interstellar medium",3,4
7720,"galaxy formation rate sfr",4,4
7721,"isolated galaxies",2,4
7722,"tidal interactions",2,4
7723,"spheroidal galaxy",2,4
7724,"velocity dispersion profiles",3,4
7725,"giant planets",2,4
7726,"extra solar",2,4
7727,"carry away",2,4
7728,"cooling time evolution",3,4
7729,"giant molecular",2,4
7730,"active galactic",2,4
7731,"oscillations qpo",2,4
7732,"high performance",2,4
7733,"lyman continuum limit",3,4
7734,"spatially coincident",2,4
7735,"dwarf ellipticals",2,4
7736,"phase resolved",2,4
7737,"own galaxy",2,4
7738,"earlier analytical",2,4
7739,"evolutionary tracks",2,4
7740,"field equations governing",3,4
7741,"velocity widths",2,4
7742,"compton reflection",2,4
7743,"formation history",2,4
7744,"cluster ngc",2,4
7745,"relative sizes",2,4
7746,"bl lacertae",2,4
7747,"zero age horizontal",3,4
7748,"central few kpc",3,4
7749,"stellar disks",2,4
7750,"zenith angle",2,4
7751,"lorentz force",2,4
7752,"absorption line profiles",3,4
7753,"infrared photometry",2,4
7754,"neutrino telescope",2,4
7755,"cat imaging",2,4
7756,"spherically symmetric phase",3,4
7757,"transverse coordinates",2,4
7758,"plane waves propagating",3,4
7759,"dynamically stable",2,4
7760,"transformation law",2,4
7761,"conductivity tensor",2,4
7762,"su yang mills theories",4,4
7763,"conformally flat space",3,4
7764,"grand unified models",3,4
7765,"free bosonic string theory",4,4
7766,"ale space",2,4
7767,"elliptic calabi yau threefolds",4,4
7768,"rotational symmetry breaking",3,4
7769,"angular momentum dependence",3,4
7770,"cancellation mechanism",2,4
7771,"de witt",2,4
7772,"eight dimensions",2,4
7773,"vanishing cosmological constant",3,4
7774,"higher partial waves",3,4
7775,"renormalization group flow equations",4,4
7776,"neutral black holes",3,4
7777,"highly non trivial",3,4
7778,"frw model",2,4
7779,"type iib supergravity",3,4
7780,"gauge anomalies",2,4
7781,"low lying excitations",3,4
7782,"three dimensional black holes",4,4
7783,"low lying glueball spectrum",4,4
7784,"iia supergravity",2,4
7785,"quasi exactly solvable models",4,4
7786,"overlap formulation",2,4
7787,"qcd dirac",2,4
7788,"scalar field equations",3,4
7789,"iib superstring",2,4
7790,"hyperkaehler manifold",2,4
7791,"su einstein yang mills",4,4
7792,"monopole solution",2,4
7793,"abelian gauge invariance",3,4
7794,"exact solvability",2,4
7795,"short distance behavior",3,4
7796,"euclidean path integral formulation",4,4
7797,"event horizon area",3,4
7798,"lorentz covariant action",3,4
7799,"relativistic quantum gravity",3,4
7800,"supersymmetric gauge field",3,4
7801,"small scale factor",3,4
7802,"expectation value problem",3,4
7803,"massive scalar field theory",4,4
7804,"2d square lattice",3,4
7805,"chiral anomaly cancellation",3,4
7806,"blown up",2,4
7807,"gravitationally induced",2,4
7808,"scalar curvature term",3,4
7809,"dual higgs mechanism",3,4
7810,"unbroken supersymmetry transformation",3,4
7811,"fermionic zero mode",3,4
7812,"d0 branes",2,4
7813,"arbitrarily large number",3,4
7814,"einstein yang mills theory",4,4
7815,"total energy condition",3,4
7816,"gauge independence",2,4
7817,"arbitrary curved spacetime",3,4
7818,"chromodynamics qcd",2,4
7819,"brst exact",2,4
7820,"simple analytic continuation",3,4
7821,"lower dimensional reduction",3,4
7822,"beta simeq",2,4
7823,"dimensional black hole",3,4
7824,"second virial coefficient",3,4
7825,"projective hilbert",2,4
7826,"group gl",2,4
7827,"auxiliary field theory",3,4
7828,"vanishing cosmological",2,4
7829,"ultraviolet divergences",2,4
7830,"principles calculations",2,4
7831,"string frame",2,4
7832,"dirac sea",2,4
7833,"deformed virasoro algebra",3,4
7834,"rg flow",2,4
7835,"de sitter spacetime",3,4
7836,"heisenberg ladders",2,4
7837,"translational order",2,4
7838,"magnetic fluxes",2,4
7839,"rank two dimensional",3,4
7840,"lattice qed",2,4
7841,"kahler potential",2,4
7842,"whole complex plane",3,4
7843,"conformal frame",2,4
7844,"line segment",2,4
7845,"simple scaling properties",3,4
7846,"shell model independent",3,4
7847,"completely integrable systems",3,4
7848,"euler characteristic classes",3,4
7849,"fermion mass spectrum",3,4
7850,"free boson representation",3,4
7851,"gauge field configurations",3,4
7852,"finite temperature dependent",3,4
7853,"end points",2,4
7854,"complex valued",2,4
7855,"field strengths",2,4
7856,"zero momentum space",3,4
7857,"broken time",2,4
7858,"quark mass vanishes",3,4
7859,"lorentz scalar",2,4
7860,"pauli villars",2,4
7861,"su yang mills higgs",4,4
7862,"knizhnik zamolodchikov bernard",3,4
7863,"direct link",2,4
7864,"asymptotically flat space",3,4
7865,"robertson walker universe",3,4
7866,"index variations",2,4
7867,"space time derivatives",3,4
7868,"riemann zeta function",3,4
7869,"dirac brackets",2,4
7870,"generating functionals",2,4
7871,"time dependent variational principle",4,4
7872,"log approximation",2,4
7873,"confining phase transition",3,4
7874,"screening operators",2,4
7875,"goldstone mode",2,4
7876,"constant electromagnetic",2,4
7877,"anomalous magnetic field",3,4
7878,"scale invariant mass",3,4
7879,"two dimensional spacetimes",3,4
7880,"kaehler manifold",2,4
7881,"higgs field",2,4
7882,"cumulant expansion",2,4
7883,"conjugacy classes",2,4
7884,"fibre bundles",2,4
7885,"matrix ensembles",2,4
7886,"qcd dirac operator",3,4
7887,"3d su",2,4
7888,"riemannian manifolds",2,4
7889,"normalization point",2,4
7890,"spectral representations through",3,4
7891,"gauge invariant definition",3,4
7892,"non zero mode",3,4
7893,"decays exponentially",2,4
7894,"homological algebra",2,4
7895,"compact lie group",3,4
7896,"geometric setting",2,4
7897,"amenable groups",2,4
7898,"homology spheres",2,4
7899,"hodge structure",2,4
7900,"totally geodesic",2,4
7901,"many authors",2,4
7902,"complex projective space",3,4
7903,"lambda sigma model",3,4
7904,"semi continuous",2,4
7905,"limiting value",2,4
7906,"initial value problems",3,4
7907,"critical point correlation",3,4
7908,"ising spin glass",3,4
7909,"lattice units",2,4
7910,"globally coupled oscillators",3,4
7911,"non evolving",2,4
7912,"moduli space cal",3,4
7913,"line bundles",2,4
7914,"millisecond pulsar",2,4
7915,"fe ratios",2,4
7916,"diffraction limited",2,4
7917,"radio pulsar",2,4
7918,"intrinsic dispersion",2,4
7919,"asymmetric nuclear",2,4
7920,"high energy cosmic ray",4,4
7921,"high redshift surveys",3,4
7922,"absorption edges",2,4
7923,"radio frequencies",2,4
7924,"projected radius",2,4
7925,"radial extent",2,4
7926,"inner disk material",3,4
7927,"kev continuum source",3,4
7928,"near infrared nir",3,4
7929,"scale structure function",3,4
7930,"convective envelope",2,4
7931,"powerful radio sources",3,4
7932,"south west",2,4
7933,"unstable nuclei",2,4
7934,"tidal tails",2,4
7935,"greisen zatsepin kuzmin",3,4
7936,"extra galactic",2,4
7937,"greisen zatsepin",2,4
7938,"off shell model",3,4
7939,"population synthesis models",3,4
7940,"cepheid period",2,4
7941,"product ansatz",2,4
7942,"source gro",2,4
7943,"sight velocity",2,4
7944,"dark matter cdm model",4,4
7945,"delayed detonation",2,4
7946,"galactic cepheids",2,4
7947,"planetary nebula",2,4
7948,"luminosity densities",2,4
7949,"multi color",2,4
7950,"angular correlation function",3,4
7951,"near infrared background",3,4
7952,"strongly localized",2,4
7953,"short range correlations",3,4
7954,"flux ratios",2,4
7955,"passively evolving",2,4
7956,"available data set",3,4
7957,"reaching consequences",2,4
7958,"high confidence",2,4
7959,"correlation length scales",3,4
7960,"presently available data",3,4
7961,"spherical harmonics",2,4
7962,"zel dovich approximation",3,4
7963,"strikingly similar",2,4
7964,"geometrically thin accretion",3,4
7965,"galaxy formation process",3,4
7966,"confidence intervals",2,4
7967,"cooling rates",2,4
7968,"low density fluctuations",3,4
7969,"thick disk",2,4
7970,"space time evolution equations",4,4
7971,"fractional power",2,4
7972,"few billion",2,4
7973,"phase locked",2,4
7974,"single step",2,4
7975,"injection rate",2,4
7976,"gravitational microlensing events",3,4
7977,"comoving mpc",2,4
7978,"spatially localized",2,4
7979,"gamma ray flux line",4,4
7980,"ia supernova",2,4
7981,"leading edge",2,4
7982,"steidel et",2,4
7983,"quasar pairs",2,4
7984,"frequencies omega",2,4
7985,"function pdf",2,4
7986,"least two photon",3,4
7987,"australia telescope compact array atca",5,4
7988,"magnetic flux ratio",3,4
7989,"internal energy density",3,4
7990,"cluster center",2,4
7991,"superfluid neutron stars",3,4
7992,"bursts originate",2,4
7993,"straight lines",2,4
7994,"oxygen rich",2,4
7995,"hi absorption",2,4
7996,"mm wave",2,4
7997,"superluminal motion",2,4
7998,"ray fluxes",2,4
7999,"inhomogeneous dust",2,4
8000,"double power",2,4
8001,"reheating after inflation",3,4
8002,"unit mass",2,4
8003,"strongly influences",2,4
8004,"non dissipative",2,4
8005,"ideally suited",2,4
8006,"summation over",2,4
8007,"angular momentum transfer",3,4
8008,"clusters per",2,4
8009,"angular correlations",2,4
8010,"simple analytical expression",3,4
8011,"non linear stability",3,4
8012,"burgers turbulence",2,4
8013,"scaling picture",2,4
8014,"orbital radius",2,4
8015,"elementary particle physics",3,4
8016,"line profiles",2,4
8017,"flux densities",2,4
8018,"once corrected",2,4
8019,"fermi dirac",2,4
8020,"condensed gas",2,4
8021,"foreground galaxy",2,4
8022,"dense nuclear",2,4
8023,"large class constraints",3,4
8024,"precise determinations",2,4
8025,"distance physics",2,4
8026,"black hole binaries",3,4
8027,"heat flux",2,4
8028,"mixed dark matter",3,4
8029,"cross product",2,4
8030,"earth orbit",2,4
8031,"neutron scattering processes",3,4
8032,"significant reduction",2,4
8033,"hot dark",2,4
8034,"photon numbers",2,4
8035,"total energy scales",3,4
8036,"neutral pion production",3,4
8037,"electrostatic potential",2,4
8038,"energies below kev",3,4
8039,"gravitational potentials",2,4
8040,"high energy bands",3,4
8041,"resolution numerical",2,4
8042,"velocity gradient",2,4
8043,"reality conditions",2,4
8044,"hole collisions",2,4
8045,"zero cosmological",2,4
8046,"long wavelength modes",3,4
8047,"metric affine gravity",3,4
8048,"chronology protection conjecture",3,4
8049,"traversable wormholes",2,4
8050,"conclusions concerning",2,4
8051,"existing experimental",2,4
8052,"naked singularity",2,4
8053,"piecewise linear",2,4
8054,"su einstein",2,4
8055,"equilibrium configurations",2,4
8056,"nonzero cosmological",2,4
8057,"conjugate momenta",2,4
8058,"non ergodic",2,4
8059,"cardinal invariants",2,4
8060,"symbolic dynamics",2,4
8061,"summation formula",2,4
8062,"closed form factor",3,4
8063,"mixed boundary",2,4
8064,"small scale factors",3,4
8065,"dimensional spacetimes",2,4
8066,"transition occurring",2,4
8067,"multidimensional cosmological models",3,4
8068,"screening mass",2,4
8069,"higher frequency",2,4
8070,"reheating after",2,4
8071,"excitation functions",2,4
8072,"canonical partition",2,4
8073,"apparent contradiction",2,4
8074,"navier stokes equation",3,4
8075,"bar scheme",2,4
8076,"acoustic wave",2,4
8077,"temperature gradients",2,4
8078,"quantitative differences",2,4
8079,"open inflation",2,4
8080,"weakly interacting particles",3,4
8081,"dalitz decays",2,4
8082,"nuclear fission",2,4
8083,"experimental investigations",2,4
8084,"double barrier",2,4
8085,"lying excited states",3,4
8086,"parity violating asymmetries",3,4
8087,"compound nucleus",2,4
8088,"large missing energy",3,4
8089,"invariant mass distribution",3,4
8090,"charged particle multiplicity",3,4
8091,"cornell electron storage ring",4,4
8092,"electron positron pair",3,4
8093,"lattice qcd sum rules",4,4
8094,"hadronic z0 decays",3,4
8095,"ring imaging cherenkov detector",4,4
8096,"nu tau decays",3,4
8097,"ellis jaffe sum rule",4,4
8098,"quark jets",2,4
8099,"cornell electron storage ring cesr",5,4
8100,"two photon virtuality",3,4
8101,"inclusive electron",2,4
8102,"gaugino mass",2,4
8103,"longitudinally polarized electrons",3,4
8104,"jet shape variables",3,4
8105,"ppbar collisions",2,4
8106,"b0d bar",2,4
8107,"valence quark distributions",3,4
8108,"third generation leptoquarks",3,4
8109,"leptoquark pair production",3,4
8110,"tau lepton universality",3,4
8111,"flavour symmetry",2,4
8112,"ep interactions",2,4
8113,"single diffractive production",3,4
8114,"fully self",2,4
8115,"scalar leptoquark pair production",4,4
8116,"gluon fusion",2,4
8117,"deep inelastic ep",3,4
8118,"cern large",2,4
8119,"parton distribution function",3,4
8120,"boson mean",2,4
8121,"final states containing",3,4
8122,"parton density",2,4
8123,"charmed baryon",2,4
8124,"mass matrix element",3,4
8125,"cp violating processes",3,4
8126,"proton beam",2,4
8127,"dijet production",2,4
8128,"pbar collisions",2,4
8129,"pi0 eta mesons",3,4
8130,"target nucleus reactions",3,4
8131,"trilinear gauge",2,4
8132,"polarized proton collisions",3,4
8133,"anomalous scaling behavior",3,4
8134,"mixed phase space",3,4
8135,"spatially periodic",2,4
8136,"non universal scaling",3,4
8137,"non overlapping",2,4
8138,"anomalous scaling properties",3,4
8139,"small scale dependent",3,4
8140,"non interacting particles",3,4
8141,"spatial correlation function",3,4
8142,"chao dyn",2,4
8143,"soliton like",2,4
8144,"directed percolation universality class",4,4
8145,"exponent beta",2,4
8146,"reaction diffusion equation",3,4
8147,"steady states",2,4
8148,"largest lyapunov exponent",3,4
8149,"self diffusion constant",3,4
8150,"conformal mapping",2,4
8151,"cos omega",2,4
8152,"monte carlo simulation techniques",4,4
8153,"hybrid monte carlo simulation",4,4
8154,"weak coupling expansions",3,4
8155,"spontaneous symmetry breaking occurs",4,4
8156,"generating functional theory",3,4
8157,"asymptotic scaling behavior",3,4
8158,"bare coupling",2,4
8159,"xsu xu",2,4
8160,"schr odinger functional",3,4
8161,"heavy quark systems",3,4
8162,"chiral ward identities",3,4
8163,"renormalization factor",2,4
8164,"hyperfine splittings",2,4
8165,"general arguments suggest",3,4
8166,"deconfinement phase",2,4
8167,"weight factor",2,4
8168,"kogut susskind quark mass",4,4
8169,"mean field theories",3,4
8170,"critical exponent alpha",3,4
8171,"baryons containing",2,4
8172,"orbitally excited states",3,4
8173,"lattice schwinger model",3,4
8174,"computer programs",2,4
8175,"hadron spectroscopy",2,4
8176,"static quark antiquark pair",4,4
8177,"standard wilson",2,4
8178,"hadronic spectral",2,4
8179,"size scaling exponents",3,4
8180,"gluon vertex",2,4
8181,"semileptonic form factor",3,4
8182,"state hadrons",2,4
8183,"high precision tests",3,4
8184,"distribution amplitudes",2,4
8185,"phi mesons",2,4
8186,"pion nucleon system",3,4
8187,"nucleon scattering amplitudes",3,4
8188,"strongly coupled channel",3,4
8189,"variational parameters",2,4
8190,"scalar glueball",2,4
8191,"superdeformed bands",2,4
8192,"quasiparticle spectra",2,4
8193,"imaginary parts",2,4
8194,"residual interaction strength",3,4
8195,"nuclear matter fields",3,4
8196,"meson exchange currents",3,4
8197,"fortran program",2,4
8198,"delta resonance region",3,4
8199,"oscillator potential",2,4
8200,"coupling qmc model",3,4
8201,"model sm",2,4
8202,"boson exchange interaction",3,4
8203,"slater determinants",2,4
8204,"sis energies",2,4
8205,"teller model",2,4
8206,"fusion barrier",2,4
8207,"combined branching ratio",3,4
8208,"lippmann schwinger equations",3,4
8209,"highly sensitive",2,4
8210,"cross section sigma model",4,4
8211,"quark gluon condensate",3,4
8212,"nn interaction",2,4
8213,"pion nucleon scattering",3,4
8214,"virtual compton",2,4
8215,"spin wave function",3,4
8216,"hadron nucleus collisions",3,4
8217,"rho meson production",3,4
8218,"scattering off shell",3,4
8219,"three nucleon interaction",3,4
8220,"baryon antibaryon",2,4
8221,"strongly interacting boson",3,4
8222,"transverse momentum distribution functions",4,4
8223,"color transparency",2,4
8224,"ground states containing",3,4
8225,"nuclear medium modifications",3,4
8226,"dipole resonance",2,4
8227,"beta decay mode",3,4
8228,"compositeness scale",2,4
8229,"exchange currents",2,4
8230,"longitudinal beam",2,4
8231,"deformed harmonic oscillator algebras",4,4
8232,"artificial neural networks",3,4
8233,"information retrieval",2,4
8234,"statistical language models",3,4
8235,"machine learning algorithm",3,4
8236,"counting rules",2,4
8237,"octet mechanism",2,4
8238,"psi production rate",3,4
8239,"q2 leq",2,4
8240,"exclusive nonleptonic decays",3,4
8241,"nonleptonic decays",2,4
8242,"rho meson decays",3,4
8243,"supersymmetric gauge mediation",3,4
8244,"heavy higgs",2,4
8245,"lepton universality",2,4
8246,"hyperfine splitting",2,4
8247,"non perturbative qcd corrections",4,4
8248,"electroweak phase",2,4
8249,"resummation technique",2,4
8250,"first order nlo",3,4
8251,"sigmal sigmat",2,4
8252,"two flavor oscillations",3,4
8253,"mediated supersymmetry",2,4
8254,"minimal subtraction scheme",3,4
8255,"charged higgs",2,4
8256,"tan beta decay",3,4
8257,"symmetric phase transitions",3,4
8258,"pseudo goldstone bosons",3,4
8259,"current correlator",2,4
8260,"group su grand unification",4,4
8261,"feynman diagram",2,4
8262,"nambu jona lasinio njl",4,4
8263,"heavy quarkonium production",3,4
8264,"atmospheric neutrino mass",3,4
8265,"diffractive structure functions",3,4
8266,"higher order m2 q2",4,4
8267,"spectator model",2,4
8268,"cos phi",2,4
8269,"intrinsic transverse momenta",3,4
8270,"theoretical assumptions",2,4
8271,"loop integrals",2,4
8272,"form factor nu",3,4
8273,"higgs boson couplings",3,4
8274,"heavy quark antiquark",3,4
8275,"longitudinally polarized photons",3,4
8276,"yukawa coupling constants",3,4
8277,"gauge boson masses",3,4
8278,"scalar glueball mass",3,4
8279,"quark systems",2,4
8280,"vector meson dominance",3,4
8281,"day night",2,4
8282,"lepton polarization",2,4
8283,"flavor asymmetry",2,4
8284,"single particle green",3,4
8285,"baryon chiral lagrangian",3,4
8286,"hera data sets",3,4
8287,"sin phi",2,4
8288,"indirect cp violation",3,4
8289,"neutral higgs boson",3,4
8290,"deep inelastic electron scattering",4,4
8291,"running coupling constant alphas",4,4
8292,"large q2 events",3,4
8293,"non factorizable",2,4
8294,"loop anomalous dimension",3,4
8295,"phase space slicing",3,4
8296,"c.m energies",2,4
8297,"light stop",2,4
8298,"pair production rates",3,4
8299,"nu nubar",2,4
8300,"double logarithmic approximation",3,4
8301,"energetic gamma",2,4
8302,"psi production mechanisms",3,4
8303,"penguin diagrams",2,4
8304,"mass matrices",2,4
8305,"splitting problem",2,4
8306,"double parton distributions",3,4
8307,"leptoquark interpretation",2,4
8308,"bfkl kernel",2,4
8309,"quark antiquark pair production",4,4
8310,"effective hamiltonian describing",3,4
8311,"phi ks",2,4
8312,"supersymmetric standard model sm",4,4
8313,"universal power",2,4
8314,"anomalous magnetic moments",3,4
8315,"large q2 evolution",3,4
8316,"qcd dipole picture",3,4
8317,"cp violating phase",3,4
8318,"hadronic final state hadrons",4,4
8319,"tan beta simeq",3,4
8320,"minimal supersymmetric extensions",3,4
8321,"quasi linear regge trajectories",4,4
8322,"neutralino sector",2,4
8323,"superlight gravitino mass",3,4
8324,"neutrino mass hierarchy",3,4
8325,"neutralino exchange",2,4
8326,"double logarithmic",2,4
8327,"non factorizable corrections",3,4
8328,"exclusive semileptonic decays",3,4
8329,"strong cp asymmetries",3,4
8330,"gluon fusion processes",3,4
8331,"polarized drell yan process",4,4
8332,"collinear divergences",2,4
8333,"flavour violating",2,4
8334,"oblique corrections",2,4
8335,"triple gauge invariant",3,4
8336,"isgur wise functions",3,4
8337,"pion correlation length",3,4
8338,"majorana fermion",2,4
8339,"phi meson decays",3,4
8340,"minimal supergravity models",3,4
8341,"atmospheric neutrino flux",3,4
8342,"generalized factorization approach",3,4
8343,"resummed perturbation theory",3,4
8344,"structure function h1",3,4
8345,"non decoupling",2,4
8346,"massless neutrino",2,4
8347,"large scale lambda",3,4
8348,"soft colour",2,4
8349,"model urqmd",2,4
8350,"singlet channel",2,4
8351,"angle resolved",2,4
8352,"weak dipole",2,4
8353,"precision electroweak data",3,4
8354,"mean free paths",3,4
8355,"fluctuation dissipation relation",3,4
8356,"localization length exponent",3,4
8357,"spin glass phase",3,4
8358,"asymmetric exclusion process",3,4
8359,"inter layer",2,4
8360,"broken time reversal invariance",4,4
8361,"crosses over",2,4
8362,"spin correlation length",3,4
8363,"gap delta function",3,4
8364,"dimerized phase",2,4
8365,"alternating spin chains",3,4
8366,"dynamic scaling exponents",3,4
8367,"local density functional theory",4,4
8368,"finite dimensional xy model",4,4
8369,"overdoped regime",2,4
8370,"generalized hubbard hamiltonian",3,4
8371,"shot noise level",3,4
8372,"lattice melting",2,4
8373,"multicritical point",2,4
8374,"glassy phase transition",3,4
8375,"dimerized phase transition",3,4
8376,"lang firsov",2,4
8377,"glauber dynamics",2,4
8378,"local density matrix",3,4
8379,"cellular automata",2,4
8380,"relaxation time dependent",3,4
8381,"quasi ballistic",2,4
8382,"itinerant ferromagnetism",2,4
8383,"particle hopping",2,4
8384,"glass phase transition",3,4
8385,"exclusion statistics",2,4
8386,"potts models",2,4
8387,"x2-y2 wave superconductor",3,4
8388,"doping level",2,4
8389,"surface acoustic wave",3,4
8390,"differential conductance",2,4
8391,"exact diagonalisation",2,4
8392,"augmented plane wave",3,4
8393,"spin-1 heisenberg model",3,4
8394,"generalized gradient approximation",3,4
8395,"finite dimensional ising spin glass",5,4
8396,"ensemble averaged",2,4
8397,"parabolic quantum",2,4
8398,"state potts",2,4
8399,"electron phonon interaction",3,4
8400,"axis optical response",3,4
8401,"tomonaga luttinger liquids",3,4
8402,"pseudo gap",2,4
8403,"bond percolation thresholds",3,4
8404,"magnetic trap",2,4
8405,"dynamic exponent",2,4
8406,"quantum monte carlo calculations",4,4
8407,"shot noise suppression",3,4
8408,"nonmagnetic impurities",2,4
8409,"strong disorder strength",3,4
8410,"incommensurate phase",2,4
8411,"particle green function",3,4
8412,"nmr relaxation rate",3,4
8413,"charge density matrix renormalization group",5,4
8414,"spectral moments",2,4
8415,"translational symmetry",2,4
8416,"surface impedance",2,4
8417,"leg ladders",2,4
8418,"metallic grains",2,4
8419,"participation ratio",2,4
8420,"free energy minimization",3,4
8421,"bragg glass",2,4
8422,"dc current voltage",3,4
8423,"decays algebraically",2,4
8424,"coulomb interaction strength",3,4
8425,"density matrix renormalization group dmrg",5,4
8426,"simple cubic lattice",3,4
8427,"localization delocalization transition",3,4
8428,"coupled luttinger",2,4
8429,"incommensurate phase diagram",3,4
8430,"relativistic heavy ion collision",4,4
8431,"lepton number violation",3,4
8432,"casimir operators",2,4
8433,"jet observables",2,4
8434,"cos theta",2,4
8435,"parameter kappa",2,4
8436,"current fragmentation region",3,4
8437,"rigorous lower bounds",3,4
8438,"two photon virtualities",3,4
8439,"semi hard",2,4
8440,"range coulomb interaction",3,4
8441,"aging phenomena",2,4
8442,"spin glass phase transition",4,4
8443,"tight binding energy",3,4
8444,"mesoscopic conductors",2,4
8445,"vortex lattice melting transition",4,4
8446,"two dimensional electron density",4,4
8447,"walk model",2,4
8448,"acoustic phonons",2,4
8449,"universal scaling law",3,4
8450,"diagrammatic perturbation theory",3,4
8451,"crystalline electric",2,4
8452,"disorder averaged",2,4
8453,"scanning tunneling",2,4
8454,"unit cell",2,4
8455,"ising chain",2,4
8456,"amino acids",2,4
8457,"charge density wave cdw",4,4
8458,"superconducting phase diagram",3,4
8459,"relaxation rates",2,4
8460,"non hermitian random",3,4
8461,"landau level filling",3,4
8462,"bond lengths",2,4
8463,"screened coulomb interaction",3,4
8464,"persistence exponent theta",3,4
8465,"electronic transport properties",3,4
8466,"ohta jasnow",2,4
8467,"jahn teller effect",3,4
8468,"mobility si",2,4
8469,"pruned enriched rosenbluth",3,4
8470,"tunneling spectra",2,4
8471,"disordered chain",2,4
8472,"conductivity sigma",2,4
8473,"second layer",2,4
8474,"ab plane wave",3,4
8475,"interlayer coupling",2,4
8476,"self trapping",2,4
8477,"asymmetric exclusion",2,4
8478,"protein folding problem",3,4
8479,"lanczos diagonalization",2,4
8480,"insulating phase transition",3,4
8481,"finite dimensional ising spins",4,4
8482,"periodic anderson model",3,4
8483,"bose einstein condensates",3,4
8484,"ising like",2,4
8485,"tunneling conductance peaks",3,4
8486,"energy density functional",3,4
8487,"alternating spin wave",3,4
8488,"quantized hall effect",3,4
8489,"pseudo spin gap",3,4
8490,"nearest neighbour interactions",3,4
8491,"flux line lattice",3,4
8492,"ybco single crystals",3,4
8493,"band structure function",3,4
8494,"holstein primakoff",2,4
8495,"activation energy",2,4
8496,"irreducible modules over",3,4
8497,"finite dimensional hopf algebras",4,4
8498,"coloured quantum",2,4
8499,"noise suppression",2,3
8500,"charged particle trajectories",3,3
8501,"dilute bose gas confined",4,3
8502,"semisimple lie groups",3,3
8503,"energy density matrices",3,3
8504,"heisenberg uncertainty relation",3,3
8505,"spin wave packets",3,3
8506,"error correcting codes",3,3
8507,"schroedinger cat",2,3
8508,"separable hilbert spaces",3,3
8509,"quantum field theoretical",3,3
8510,"joint probability density matrix",4,3
8511,"polynomial time steps",3,3
8512,"number density matrices",3,3
8513,"anharmonic oscillators",2,3
8514,"automaton model",2,3
8515,"free energy loss",3,3
8516,"quantum gates",2,3
8517,"zeno effect",2,3
8518,"conditional probability",2,3
8519,"random errors",2,3
8520,"joint probability distribution",3,3
8521,"wider class",2,3
8522,"three body problems",3,3
8523,"canonical commutation relations",3,3
8524,"einstein condensates",2,3
8525,"bose condensed atoms",3,3
8526,"probability density operator",3,3
8527,"quantum bit commitment",3,3
8528,"partial wave function",3,3
8529,"bethe ansatz technique",3,3
8530,"coarse graining",2,3
8531,"harmonic generation",2,3
8532,"dynamic structure function",3,3
8533,"white noise induced",3,3
8534,"building block",2,3
8535,"neumann boundary",2,3
8536,"free paths",2,3
8537,"time uncertainty",2,3
8538,"dirac operator algebras",3,3
8539,"continuous time dependent",3,3
8540,"moser system",2,3
8541,"nonlinear schroedinger equations",3,3
8542,"electromagnetic radiation reaction",3,3
8543,"anharmonic oscillator potential",3,3
8544,"broad band light",3,3
8545,"exponential decay rate",3,3
8546,"many particle creation",3,3
8547,"classical statistical mechanical",3,3
8548,"nonlinear schrodinger",2,3
8549,"near threshold bound state",4,3
8550,"exclusion principle",2,3
8551,"schr odinger functional theory",4,3
8552,"elliptic calogero moser system",4,3
8553,"lie algebra gl infty",4,3
8554,"toda chain",2,3
8555,"korteweg de vries equation",4,3
8556,"large number conservation laws",4,3
8557,"solitary wave",2,3
8558,"dual yang",2,3
8559,"modified kp hierarchy",3,3
8560,"non linear superposition",3,3
8561,"hamilton jacobi",2,3
8562,"grassmann manifold",2,3
8563,"vertex operator algebras",3,3
8564,"path integral over",3,3
8565,"quasi free parameters",3,3
8566,"functional integral approach",3,3
8567,"pulse propagation through",3,3
8568,"backlund transformations",2,3
8569,"elliptic calogero",2,3
8570,"sutherland models",2,3
8571,"calogero moser",2,3
8572,"elliptic calogero moser",3,3
8573,"quantum lax operators",3,3
8574,"main difference equations",3,3
8575,"dimensional ising",2,3
8576,"lax operator",2,3
8577,"dimensional xy",2,3
8578,"twisted boundary conditions",3,3
8579,"line bundles over",3,3
8580,"asymptotically free parameters",3,3
8581,"extended supersymmetry algebra",3,3
8582,"point green",2,3
8583,"qcd vacuum correlators",3,3
8584,"yangian double dy",3,3
8585,"green schwarz anomaly cancellation",4,3
8586,"brst charge quantization",3,3
8587,"non abelian gauge group su",5,3
8588,"complex scalar fields",3,3
8589,"st uckelberg",2,3
8590,"lagrangian describing",2,3
8591,"compact lie groups",3,3
8592,"functional integrals",2,3
8593,"algebraic quantization scheme",3,3
8594,"type iib superstring theory",4,3
8595,"heterotic string theories",3,3
8596,"elliptically fibered",2,3
8597,"winding modes",2,3
8598,"pure gauge group su lattice",5,3
8599,"wheeler de witt",3,3
8600,"extremal black",2,3
8601,"free energy densities",3,3
8602,"electrically charged black holes",4,3
8603,"dynamical evolution equations",3,3
8604,"bekenstein hawking entropy formula",4,3
8605,"simplest non trivial",3,3
8606,"five brane dynamics",3,3
8607,"effective action principle",3,3
8608,"covariantly constant",2,3
8609,"pure gauge invariant",3,3
8610,"iia superstring",2,3
8611,"calogero sutherland",2,3
8612,"modular invariance",2,3
8613,"fractional quantum numbers",3,3
8614,"e8 heterotic string theory compactified",5,3
8615,"eleven dimensional reduction",3,3
8616,"rarita schwinger",2,3
8617,"many particle production",3,3
8618,"pure yang mills",3,3
8619,"closed loops",2,3
8620,"inflationary phase space",3,3
8621,"low energy loss",3,3
8622,"non abelian gauge transformations",4,3
8623,"spin glass phase space",4,3
8624,"hamiltonian constraint algebra",3,3
8625,"type iib string vacua",4,3
8626,"transverse momentum frame",3,3
8627,"free path integral",3,3
8628,"modular invariance under",3,3
8629,"commutation relation",2,3
8630,"non abelian isometry",3,3
8631,"duality transformation properties",3,3
8632,"non singular behavior",3,3
8633,"infra red fixed point",4,3
8634,"photon exchange interaction",3,3
8635,"hawking entropy",2,3
8636,"solvable lie algebra",3,3
8637,"non simply laced",3,3
8638,"chirally symmetric phase",3,3
8639,"fairly complete classification",3,3
8640,"partially broken",2,3
8641,"magnetic duality relation",3,3
8642,"non singular vectors",3,3
8643,"regge trajectory",2,3
8644,"generalized poisson structures",3,3
8645,"yau fourfolds",2,3
8646,"topological sectors",2,3
8647,"mass matrix theory",3,3
8648,"theta angle gamma",3,3
8649,"string stretched",2,3
8650,"graviton scattering",2,3
8651,"monodromy properties",2,3
8652,"linear electrodynamics",2,3
8653,"calabi yau 3-folds",3,3
8654,"general relativistic quantum mechanics",4,3
8655,"bps black holes",3,3
8656,"spin splitting problem",3,3
8657,"massless dirac fermions",3,3
8658,"renormalization theorems",2,3
8659,"massless scalar confinement",3,3
8660,"iib supergravity",2,3
8661,"type ii superstring theories",4,3
8662,"behave similarly",2,3
8663,"deformed oscillator",2,3
8664,"pure gauge group",3,3
8665,"break supersymmetry",2,3
8666,"seven dimensions",2,3
8667,"left moving",2,3
8668,"ir fixed point",3,3
8669,"discrete time dependence",3,3
8670,"time slicing",2,3
8671,"chern simons theory compactified",4,3
8672,"contour integration",2,3
8673,"global supersymmetry algebra",3,3
8674,"instanton measure",2,3
8675,"component phi4",2,3
8676,"supersymmetric yang mills higgs",4,3
8677,"skyrme model possesses",3,3
8678,"pion mass spectrum",3,3
8679,"four dimensional minkowski space",4,3
8680,"frame dragging",2,3
8681,"abelian gauge field theories",4,3
8682,"integrable boundary",2,3
8683,"radiation reaction",2,3
8684,"central star clusters",3,3
8685,"cosmological baryon density",3,3
8686,"uv background radiation field",4,3
8687,"central surface brightness profiles",4,3
8688,"many body simulations",3,3
8689,"total energy bands",3,3
8690,"band ccd",2,3
8691,"linear polarization components",3,3
8692,"logarithmic slope",2,3
8693,"highest resolution",2,3
8694,"central object camera",3,3
8695,"accretion disk galaxies",3,3
8696,"hot gas flows",3,3
8697,"full nonlinear evolution",3,3
8698,"globular cluster abundance",3,3
8699,"angular momentum conservation",3,3
8700,"hot interstellar",2,3
8701,"international ultraviolet spectrum",3,3
8702,"stellar population synthesis",3,3
8703,"abridged abstract",2,3
8704,"energy loss rate",3,3
8705,"shear layer",2,3
8706,"telescope compact",2,3
8707,"weak lensing properties",3,3
8708,"moderately strong",2,3
8709,"cosmic ray background",3,3
8710,"late time scale",3,3
8711,"peculiar velocity field",3,3
8712,"arc minute",2,3
8713,"opening angle",2,3
8714,"flat rotation curve",3,3
8715,"strong lensing",2,3
8716,"qpo frequency",2,3
8717,"standard cdm",2,3
8718,"ray binary systems",3,3
8719,"fairly low mass",3,3
8720,"massively parallel",2,3
8721,"alpha absorber",2,3
8722,"gravitational waves generated",3,3
8723,"single bubble nucleation",3,3
8724,"high energy tail",3,3
8725,"emission line widths",3,3
8726,"radio galaxy ngc",3,3
8727,"double power law",3,3
8728,"cluster medium icm",3,3
8729,"matter cdm",2,3
8730,"type ia supernova",3,3
8731,"innermost region",2,3
8732,"geometrically thin accretion disks",4,3
8733,"low mass accretion rate",4,3
8734,"blue horizontal branches",3,3
8735,"event shape",2,3
8736,"discrete symmetry breaking",3,3
8737,"differentially rotating neutron star",4,3
8738,"pairwise velocity dispersion",3,3
8739,"tau neutrino mass",3,3
8740,"infrared space observatory iso",4,3
8741,"neutral gas rich",3,3
8742,"input physics",2,3
8743,"lensing galaxy clusters",3,3
8744,"super eddington",2,3
8745,"qso absorption lines",3,3
8746,"low column densities",3,3
8747,"gas rich clusters",3,3
8748,"mid ir",2,3
8749,"compton gamma ray",3,3
8750,"dwarf spheroidals",2,3
8751,"alpha absorbers",2,3
8752,"tev gamma ray astronomy",4,3
8753,"forming stars",2,3
8754,"model independent estimates",3,3
8755,"closed universe",2,3
8756,"extragalactic distance",2,3
8757,"deep rosat pspc",3,3
8758,"radio loud",2,3
8759,"rotating neutron star",3,3
8760,"confidence level upper limits",4,3
8761,"cosmic microwave background cmb maps",5,3
8762,"tidal fields",2,3
8763,"cold dark matter fields",4,3
8764,"projected distance",2,3
8765,"gas rich cluster",3,3
8766,"ia supernovae",2,3
8767,"relative abundances derived",3,3
8768,"free streaming",2,3
8769,"degree angular scales",3,3
8770,"velocity curve",2,3
8771,"gzk cutoff",2,3
8772,"lyman alpha absorption systems",4,3
8773,"thin accretion",2,3
8774,"standard accretion",2,3
8775,"primary cosmic rays",3,3
8776,"salpeter equation",2,3
8777,"host galaxy clusters",3,3
8778,"bulk viscosity",2,3
8779,"indices mg2",2,3
8780,"stellar mass difference",3,3
8781,"spatially flat universe",3,3
8782,"uv light curves",3,3
8783,"kilohertz quasi periodic oscillations qpo",5,3
8784,"thermal comptonization",2,3
8785,"spherical accretion",2,3
8786,"dust shell model",3,3
8787,"stellar mass distribution",3,3
8788,"outer disk galaxies",3,3
8789,"diffuse interstellar",2,3
8790,"line intensity ratio",3,3
8791,"low mass hierarchy",3,3
8792,"sight velocity dispersion",3,3
8793,"young stellar populations",3,3
8794,"structure formation history",3,3
8795,"elliptical galaxy formation",3,3
8796,"supernova remnants",2,3
8797,"hubble sequence",2,3
8798,"cobras samba",2,3
8799,"hubble space telescope hst wfpc2",5,3
8800,"radial velocity profiles",3,3
8801,"error bars",2,3
8802,"expansion velocities",2,3
8803,"ly alpha absorber",3,3
8804,"bright knots",2,3
8805,"giant hii region",3,3
8806,"relative ages",2,3
8807,"absolute magnitude limited",3,3
8808,"accretion disk wind",3,3
8809,"infrared wavelengths",2,3
8810,"2-point correlation",2,3
8811,"asca observations indicate",3,3
8812,"stellar mass distribution function",4,3
8813,"hot dark matter candidate",4,3
8814,"energy resolution",2,3
8815,"burning shell",2,3
8816,"simple analytic approximations",3,3
8817,"analytical solution describing",3,3
8818,"extrasolar giant planets",3,3
8819,"gravitational clustering",2,3
8820,"group flow",2,3
8821,"blue straggler",2,3
8822,"weighted mean",2,3
8823,"young stellar population",3,3
8824,"ray luminosity relationship",3,3
8825,"latest data set",3,3
8826,"multifractal scaling",2,3
8827,"spiral galaxy formation",3,3
8828,"ray novae",2,3
8829,"goddard high resolution spectra",4,3
8830,"nucleon interaction strength",3,3
8831,"simple scaling relations",3,3
8832,"deep ccd",2,3
8833,"ultrahigh energy cosmic rays",4,3
8834,"relativistic hartree fock",3,3
8835,"disk instability",2,3
8836,"string networks",2,3
8837,"sloan digital sky survey",4,3
8838,"sagittarius dwarf",2,3
8839,"deep ccd photometry",3,3
8840,"ionizing flux",2,3
8841,"surface brightnesses",2,3
8842,"small magellanic clouds",3,3
8843,"metal production",2,3
8844,"error boxes",2,3
8845,"scale structure formation",3,3
8846,"lyman alpha forest clouds",4,3
8847,"gro j1744-28",2,3
8848,"delayed emission mechanisms",3,3
8849,"osse observations",2,3
8850,"highly non local",3,3
8851,"digitized sky survey",3,3
8852,"envelope mass",2,3
8853,"compact binary",2,3
8854,"roche lobe",2,3
8855,"confidence levels",2,3
8856,"broad band filters",3,3
8857,"blue compact dwarf galaxy",4,3
8858,"marginally stable",2,3
8859,"analytical investigation",2,3
8860,"velocity field strength",3,3
8861,"lesser extent",2,3
8862,"homogeneous isotropic turbulence",3,3
8863,"radio loud quasars",3,3
8864,"index gamma ray",3,3
8865,"positive correlation function",3,3
8866,"ray timing explorer",3,3
8867,"primary cosmic ray",3,3
8868,"cray t3d",2,3
8869,"sne ia",2,3
8870,"cepheid distance scale",3,3
8871,"cosmic ray production",3,3
8872,"energy cosmic strings",3,3
8873,"bubble nucleation",2,3
8874,"smoothed particle hydrodynamics sph",4,3
8875,"ii absorption",2,3
8876,"deep spectroscopic",2,3
8877,"circumstellar disks",2,3
8878,"sparse sampling",2,3
8879,"standard big bang cosmology",4,3
8880,"negatively curved",2,3
8881,"deep hst imaging",3,3
8882,"forming disk galaxies",3,3
8883,"short time dependence",3,3
8884,"maser emission",2,3
8885,"unusually high",2,3
8886,"ray binary system",3,3
8887,"solar convection zone",3,3
8888,"radiation field equations",3,3
8889,"poor clusters",2,3
8890,"kev continuum emission",3,3
8891,"black hole physics",3,3
8892,"nuclei agns",2,3
8893,"type ii regions",3,3
8894,"hubble space telescope hst wfpc2 images",6,3
8895,"quantized vortex core",3,3
8896,"high frequency distributions",3,3
8897,"via gravitational field",3,3
8898,"distance fluctuations",2,3
8899,"hubble space telescope wfpc2 observations",5,3
8900,"orbital decay",2,3
8901,"co emission lines",3,3
8902,"synchrotron emission line",3,3
8903,"infrared colors",2,3
8904,"special care",2,3
8905,"string network",2,3
8906,"time scale structure formation",4,3
8907,"gravitational field theoretical",3,3
8908,"dark matter fields",3,3
8909,"object camera",2,3
8910,"broad absorption line",3,3
8911,"tev scale factor",3,3
8912,"post shock",2,3
8913,"accretion rate",2,3
8914,"total energy cosmic rays",4,3
8915,"spherical accretion flow",3,3
8916,"dissipated energy dissipation",3,3
8917,"hubble parameter space",3,3
8918,"weak lensing galaxy",3,3
8919,"co emission line region",4,3
8920,"diffuse interstellar dust",3,3
8921,"universal scaling relation",3,3
8922,"helium burning",2,3
8923,"physically reasonable",2,3
8924,"matter cdm models",3,3
8925,"simulated data sets",3,3
8926,"too low mass",3,3
8927,"first order unity",3,3
8928,"standard inflationary cosmology",3,3
8929,"approximate analytic expressions",3,3
8930,"wide class constraints",3,3
8931,"spatial sections",2,3
8932,"hard thermal bremsstrahlung",3,3
8933,"ii supernova remnants",3,3
8934,"mass accretion disk",3,3
8935,"fully self gravitating",3,3
8936,"highly relativistic jets",3,3
8937,"photoionization code",2,3
8938,"big blue bump",3,3
8939,"fully self consistent treatment",4,3
8940,"galactic halo globular cluster ngc",5,3
8941,"extinction toward",2,3
8942,"las campanas",2,3
8943,"molecular weight",2,3
8944,"pulsating stars",2,3
8945,"surface acoustic",2,3
8946,"wolf rayet stars",3,3
8947,"metal poor cluster",3,3
8948,"blue compact",2,3
8949,"age horizontal branches",3,3
8950,"luminosity profile",2,3
8951,"uv photons",2,3
8952,"inner edge",2,3
8953,"direct numerical simulations",3,3
8954,"longer wavelengths",2,3
8955,"mg fe ii",3,3
8956,"low ionization mechanism",3,3
8957,"ray luminosity relation",3,3
8958,"line strengths",2,3
8959,"light radii",2,3
8960,"stellar mass fraction",3,3
8961,"magnitude higher orders",3,3
8962,"fast enough",2,3
8963,"rich nuclei",2,3
8964,"extreme ultraviolet",2,3
8965,"physical processes responsible",3,3
8966,"ultraluminous infrared",2,3
8967,"magnetic white dwarf",3,3
8968,"ly alpha absorption systems",4,3
8969,"press schechter formalism",3,3
8970,"solar neutrino problem",3,3
8971,"small scale invariant",3,3
8972,"space missions",2,3
8973,"microlensing event rate",3,3
8974,"starburst galaxy ngc",3,3
8975,"total mass spectrum",3,3
8976,"micron line",2,3
8977,"adiabatic index",2,3
8978,"extreme conditions",2,3
8979,"angle gamma ray burst",4,3
8980,"delta sigma models",3,3
8981,"stochastic gravitational wave",3,3
8982,"mildly non linear",3,3
8983,"direct physical interpretation",3,3
8984,"flux line profiles",3,3
8985,"kompaneets equation",2,3
8986,"local density perturbations",3,3
8987,"optically thick accretion disk",4,3
8988,"old stellar",2,3
8989,"linear polarization direction",3,3
8990,"large number density fluctuations",4,3
8991,"compact array",2,3
8992,"field theoretical models",3,3
8993,"dwarf galaxy formation",3,3
8994,"spherical harmonic",2,3
8995,"isolated neutron stars",3,3
8996,"galactic pole",2,3
8997,"cl upper limit",3,3
8998,"cherenkov telescope",2,3
8999,"angle gamma rays",3,3
9000,"pre main sequence",3,3
9001,"non linear response",3,3
9002,"small angular momentum",3,3
9003,"parameter space telescope",3,3
9004,"fundamental group approach",3,3
9005,"symmetric phi4 model",3,3
9006,"verma modules over",3,3
9007,"minimally coupled scalar",3,3
9008,"dilaton gravity wave",3,3
9009,"non zero curvature",3,3
9010,"non marginal",2,3
9011,"read off",2,3
9012,"abelian chern simons",3,3
9013,"abelian projection",2,3
9014,"su gluodynamics",2,3
9015,"geometric mean",2,3
9016,"product expansion",2,3
9017,"discretized light front",3,3
9018,"zero cosmological constant",3,3
9019,"five brane picture",3,3
9020,"volume preserving diffeomorphisms",3,3
9021,"long time scale invariant",4,3
9022,"after summarizing",2,3
9023,"simple lie algebra generated",4,3
9024,"abelian higgs fields",3,3
9025,"light cone gauge symmetry",4,3
9026,"dilatonic scalar",2,3
9027,"two dimensional supergravity theories",4,3
9028,"bps monopole",2,3
9029,"functional derivatives",2,3
9030,"bps bound states",3,3
9031,"thermal loop level",3,3
9032,"electromagnetic spectrum",2,3
9033,"filled landau",2,3
9034,"hermitian matrix",2,3
9035,"lower bound states",3,3
9036,"reparameterization invariance",2,3
9037,"background metric fluctuations",3,3
9038,"symmetry enhancement",2,3
9039,"lattice gauge symmetry",3,3
9040,"gauge field equations",3,3
9041,"non abelian gauge theory",4,3
9042,"high precision determination",3,3
9043,"cone wave function",3,3
9044,"compact lie algebra",3,3
9045,"heterotic string vacua",3,3
9046,"del pezzo surfaces",3,3
9047,"scherk schwarz mechanism",3,3
9048,"rg fixed",2,3
9049,"sixth order",2,3
9050,"fisher relation",2,3
9051,"standard hopf algebra",3,3
9052,"calabi yau manifold",3,3
9053,"wznw models",2,3
9054,"nonminimal coupling constant",3,3
9055,"light cone gauge",3,3
9056,"wznw model admits",3,3
9057,"su wznw model",3,3
9058,"ir fixed",2,3
9059,"loop anomalous magnetic moment",4,3
9060,"string theory fivebrane",3,3
9061,"anomaly matching",2,3
9062,"group rg",2,3
9063,"non commutative differential geometry",4,3
9064,"dirac operator algebra",3,3
9065,"geometric engineering",2,3
9066,"abelian isometry",2,3
9067,"constituent quark gluon",3,3
9068,"relative velocity field theory",4,3
9069,"operator valued function",3,3
9070,"ten dimensional reduction",3,3
9071,"antisymmetric tensor multiplets",3,3
9072,"group acts",2,3
9073,"chiral anomaly free",3,3
9074,"rindler spacetime",2,3
9075,"deformed virasoro algebras",3,3
9076,"integral quantization",2,3
9077,"physical explanation",2,3
9078,"particle localization",2,3
9079,"normal bundle",2,3
9080,"noncommutative differential forms",3,3
9081,"static quark antiquark",3,3
9082,"zeeman energy",2,3
9083,"2nd order",2,3
9084,"contour integration over",3,3
9085,"anomaly matching conditions",3,3
9086,"fixed point source",3,3
9087,"unitary gauge theory",3,3
9088,"first excited state",3,3
9089,"general relativistic quantum field theories",5,3
9090,"group theoretical analysis",3,3
9091,"differential operators acting",3,3
9092,"pure yang mills theory",4,3
9093,"single particle identification",3,3
9094,"fiber bundle over",3,3
9095,"transverse momentum space time",4,3
9096,"arbitrary numbers",2,3
9097,"pure su",2,3
9098,"free boson",2,3
9099,"mathematical structure functions",3,3
9100,"moduli space time",3,3
9101,"highly excited",2,3
9102,"maximal abelian gauge field theory",5,3
9103,"poisson lie",2,3
9104,"three dimensional regularization",3,3
9105,"deformation parameter family",3,3
9106,"integer quantum groups",3,3
9107,"hilbert action",2,3
9108,"diffeomorphism invariance",2,3
9109,"fock space time dependent",4,3
9110,"three dimensional xy model",4,3
9111,"su nc limit",3,3
9112,"parameter deformations",2,3
9113,"einstein gravity waves",3,3
9114,"algebraic structure function",3,3
9115,"simplicial gravity",2,3
9116,"dimensional qed",2,3
9117,"non orientable",2,3
9118,"fivebrane configuration",2,3
9119,"dilaton driven",2,3
9120,"high energy condition",3,3
9121,"non singular points",3,3
9122,"type iia superstring",3,3
9123,"light cone gauge invariant",4,3
9124,"neveu model",2,3
9125,"ns five branes",3,3
9126,"second rank",2,3
9127,"d4 branes",2,3
9128,"asymptotically free energy",3,3
9129,"compton scattering amplitude",3,3
9130,"topologically stable configurations",3,3
9131,"xxz chain",2,3
9132,"winding number density",3,3
9133,"group uq hat",3,3
9134,"integer spin",2,3
9135,"diagonal boundary",2,3
9136,"schwarz superstring",2,3
9137,"function regularization",2,3
9138,"green schwarz anomaly cancellation mechanism",5,3
9139,"coupled heterotic string theory",4,3
9140,"self interacting via",3,3
9141,"massive thirring",2,3
9142,"abelian gauge group su",4,3
9143,"light cone quantization",3,3
9144,"level crossing approximation",3,3
9145,"discrete light cone",3,3
9146,"feynman graphs",2,3
9147,"minimally coupled scalar field",4,3
9148,"quark matter fields",3,3
9149,"qcd vacuum expectation value",4,3
9150,"oriented parallel",2,3
9151,"universal amplitude ratios",3,3
9152,"symplectic maps",2,3
9153,"via gravitational",2,3
9154,"diagonal boundary conditions",3,3
9155,"hard core potential",3,3
9156,"two dimensional supergravity coupled",4,3
9157,"theory pt",2,3
9158,"adiabatic limit",2,3
9159,"quenched disorder averaged",3,3
9160,"domain wall solutions",3,3
9161,"fermion antifermion",2,3
9162,"light front quantization",3,3
9163,"collective excitation",2,3
9164,"loop average",2,3
9165,"quantum field theoretical models",4,3
9166,"three dimensional spacetimes",3,3
9167,"particle number conserving",3,3
9168,"collective coordinate",2,3
9169,"chiral symmetry breaking occurs",4,3
9170,"five dimensional supergravity",3,3
9171,"bianchi type ix",3,3
9172,"quark mass matrix theory",4,3
9173,"nonrotating black holes",3,3
9174,"sparticle spectrum",2,3
9175,"spinning black holes",3,3
9176,"spontaneously broken symmetries",3,3
9177,"gromov witten",2,3
9178,"thermodynamic bethe ansatz equations",4,3
9179,"free massive scalar",3,3
9180,"composite fermion operators",3,3
9181,"hermitian matrices",2,3
9182,"big crunch",2,3
9183,"two loop anomalous dimension",4,3
9184,"contact term",2,3
9185,"local parton",2,3
9186,"isometry group",2,3
9187,"equally spaced",2,3
9188,"three loop diagrams",3,3
9189,"electro magnetic",2,3
9190,"locally homogeneous spaces",3,3
9191,"similarity renormalization",2,3
9192,"point green functions",3,3
9193,"detailed numerical simulations",3,3
9194,"principal bundle over",3,3
9195,"witten invariants",2,3
9196,"upper triangular matrices",3,3
9197,"einstein cartan",2,3
9198,"holomorphic vector bundle over",4,3
9199,"seiberg witten invariants",3,3
9200,"connected sums",2,3
9201,"spectral sequence",2,3
9202,"sectional curvature",2,3
9203,"isometry groups",2,3
9204,"geodesic flows",2,3
9205,"preserving maps",2,3
9206,"partial differential operators",3,3
9207,"crossed products",2,3
9208,"operator algebra isomorphism",3,3
9209,"operator valued functions",3,3
9210,"functional forms",2,3
9211,"self organized critical",3,3
9212,"probabilistic cellular automata",3,3
9213,"two dimensional ising models",4,3
9214,"fundamental group acts",3,3
9215,"principal bundles over",3,3
9216,"blowing up",2,3
9217,"picard group",2,3
9218,"schubert varieties",2,3
9219,"coordinate ring",2,3
9220,"critical current",2,3
9221,"non compact connected",3,3
9222,"direct sums",2,3
9223,"real algebraic",2,3
9224,"negative cosmological",2,3
9225,"omega lambda sigma",3,3
9226,"cherenkov telescopes",2,3
9227,"sub mm",2,3
9228,"thermonuclear runaway",2,3
9229,"accreting neutron star",3,3
9230,"core level",2,3
9231,"gamma ray production",3,3
9232,"low temperature dependent",3,3
9233,"supernova remnants snrs",3,3
9234,"galactic magnetic fields",3,3
9235,"stochastic gravitational radiation",3,3
9236,"bag model independent",3,3
9237,"galactic wind model",3,3
9238,"lower frequency",2,3
9239,"baryon number density",3,3
9240,"hi emission line",3,3
9241,"line fluxes",2,3
9242,"galaxy formation histories",3,3
9243,"radio axis",2,3
9244,"overdense regions",2,3
9245,"emission line emitting",3,3
9246,"band filters",2,3
9247,"liquid mirror telescope",3,3
9248,"hubble space telescope compact",4,3
9249,"solar models predict",3,3
9250,"line strength indices",3,3
9251,"compact halo objects",3,3
9252,"bulk lorentz factor",3,3
9253,"color magnitude below",3,3
9254,"stellar mass accretion disk",4,3
9255,"cooling time dependent",3,3
9256,"global star formation",3,3
9257,"low density perturbations",3,3
9258,"black hole collisions",3,3
9259,"small scale lengths",3,3
9260,"band structure formation",3,3
9261,"reionization history",2,3
9262,"low density fluctuation",3,3
9263,"index gamma",2,3
9264,"mg ii absorption systems",4,3
9265,"central parts",2,3
9266,"strong lensing properties",3,3
9267,"simultaneous observations confirm",3,3
9268,"atmospheric neutrino problem",3,3
9269,"infrared continuum",2,3
9270,"dispersion profiles",2,3
9271,"lya absorption system",3,3
9272,"superconducting strings",2,3
9273,"galactic magnetic field strength",4,3
9274,"non zero cosmological constant",4,3
9275,"massive black hole binaries",4,3
9276,"south australia telescope",3,3
9277,"gaussian initial",2,3
9278,"probability density fluctuations",3,3
9279,"point correlation function pdf",4,3
9280,"low mass shift",3,3
9281,"size scaling relation",3,3
9282,"hubble space observatory iso observations",5,3
9283,"non equilibrium ionization",3,3
9284,"early phases",2,3
9285,"deep hst photometry",3,3
9286,"intergalactic magnetic field",3,3
9287,"ray selected samples",3,3
9288,"closed shell",2,3
9289,"seyfert nuclei",2,3
9290,"simeq mev",2,3
9291,"virial mass",2,3
9292,"multifractal scaling behavior",3,3
9293,"batse 3b",2,3
9294,"strong magnetic field theoretical",4,3
9295,"ii supernova",2,3
9296,"damped lyman alpha",3,3
9297,"classical statistical physics",3,3
9298,"spatially flat spectrum",3,3
9299,"cooling time",2,3
9300,"gunn peterson",2,3
9301,"interstellar dust extinction",3,3
9302,"ginga observations",2,3
9303,"long time scales",3,3
9304,"semi amplitude",2,3
9305,"line profile",2,3
9306,"international ultraviolet explorer",3,3
9307,"large scale factor",3,3
9308,"recombination lines",2,3
9309,"kinematical regions",2,3
9310,"non linearity",2,3
9311,"lambda cdm",2,3
9312,"lagrangian density fluctuations",3,3
9313,"closed box",2,3
9314,"concentrated within",2,3
9315,"rotation speed",2,3
9316,"line widths",2,3
9317,"absorbing state",2,3
9318,"small angular resolution",3,3
9319,"two photon plus",3,3
9320,"monte carlo studies",3,3
9321,"simple analytic predictions",3,3
9322,"highly relativistic electrons",3,3
9323,"single particle production",3,3
9324,"conditional probability distribution",3,3
9325,"ray emission features",3,3
9326,"large number counts",3,3
9327,"nearby stars",2,3
9328,"viscous time dependence",3,3
9329,"positive cosmological",2,3
9330,"light curve shape",3,3
9331,"moderately large number",3,3
9332,"break galaxies",2,3
9333,"spectral density perturbations",3,3
9334,"spectroscopic survey",2,3
9335,"optical transient source",3,3
9336,"simple analytic calculations",3,3
9337,"lowest energy levels",3,3
9338,"weighted mean field",3,3
9339,"considerable fraction",2,3
9340,"non local density",3,3
9341,"stellar mass determinations",3,3
9342,"high redshift distribution",3,3
9343,"transmitted through",2,3
9344,"comoving mpc q0",3,3
9345,"pair correlation length",3,3
9346,"continuum emission features",3,3
9347,"metallicity gradients",2,3
9348,"magnitude higher densities",3,3
9349,"loosely bound",2,3
9350,"gamma ray sources",3,3
9351,"polarized electron scattering",3,3
9352,"interacting galaxies",2,3
9353,"bl lac objects",3,3
9354,"small angular distributions",3,3
9355,"lya absorption systems",3,3
9356,"two dimensional electron scattering",4,3
9357,"dust lane",2,3
9358,"fine structure constants",3,3
9359,"telescope hst imaging spectrograph stis",5,3
9360,"round off",2,3
9361,"low pressure",2,3
9362,"companion galaxies",2,3
9363,"via gravitational radiation",3,3
9364,"matter halos",2,3
9365,"alpha absorption",2,3
9366,"mn fe",2,3
9367,"inflationary reheating",2,3
9368,"isothermal sphere",2,3
9369,"fractional power spectra",3,3
9370,"conservative systems",2,3
9371,"exponential decay constant",3,3
9372,"compton gamma ray spectrum",4,3
9373,"primary cosmic",2,3
9374,"statistically significant variations",3,3
9375,"goddard high resolution spectrograph",4,3
9376,"collapse supernovae",2,3
9377,"accurate numerical simulations",3,3
9378,"convective zone",2,3
9379,"enough temperatures",2,3
9380,"internal energy spectrum",3,3
9381,"halpha emission features",3,3
9382,"single power law behaviour",4,3
9383,"star formation process",3,3
9384,"weakly nonlinear regime",3,3
9385,"simple analytic calculation",3,3
9386,"external forcing",2,3
9387,"element abundances",2,3
9388,"shell structure function",3,3
9389,"nearby universe",2,3
9390,"computational effort",2,3
9391,"soft core",2,3
9392,"multiple scattering amplitude",3,3
9393,"energies below mev",3,3
9394,"kilohertz quasi periodic oscillations qpos",5,3
9395,"detailed predictions concerning",3,3
9396,"spanning tree",2,3
9397,"scale invariant formulation",3,3
9398,"standard thin",2,3
9399,"too low",2,3
9400,"planck scale dependent",3,3
9401,"ricci curvature",2,3
9402,"einstein gravity wave",3,3
9403,"black hole thermodynamics",3,3
9404,"static spherically symmetric tensor",4,3
9405,"quantizing gravity",2,3
9406,"coalescing binary",2,3
9407,"via gravitational waves",3,3
9408,"mass inflation",2,3
9409,"functional integration measure",3,3
9410,"interferometric gravitational wave",3,3
9411,"flux tubes",2,3
9412,"quantum field theoretical description",4,3
9413,"unitary evolution operator",3,3
9414,"simplicial quantum",2,3
9415,"spacetime foam",2,3
9416,"hairy black holes",3,3
9417,"asymptotically exact solutions",3,3
9418,"wave numbers",2,3
9419,"post newtonian gravity",3,3
9420,"positive cosmological constant",3,3
9421,"nearly flat",2,3
9422,"canonical quantization procedure",3,3
9423,"laser interferometric",2,3
9424,"axial gauge symmetry",3,3
9425,"energy window",2,3
9426,"black hole spacetimes",3,3
9427,"klein gordon model",3,3
9428,"analytical continuation",2,3
9429,"correct asymptotic behaviour",3,3
9430,"colliding system",2,3
9431,"gl infty",2,3
9432,"periodic orbits around",3,3
9433,"braid group approach",3,3
9434,"upper triangular",2,3
9435,"inspiraling binary system",3,3
9436,"singularity free energy",3,3
9437,"minimally coupled scalar fields",4,3
9438,"lambda phi4",2,3
9439,"negligibly small",2,3
9440,"slowly rotating stars",3,3
9441,"particle irreducible",2,3
9442,"test particles moving",3,3
9443,"near extreme limit",3,3
9444,"geometrical structure functions",3,3
9445,"gravitational wave detector",3,3
9446,"gravity wave",2,3
9447,"spherically symmetric tensor",3,3
9448,"electromagnetic waves propagating",3,3
9449,"spherically symmetric phase space",4,3
9450,"landau lifshitz",2,3
9451,"off shell renormalization",3,3
9452,"processes responsible",2,3
9453,"innermost stable",2,3
9454,"test particle moving",3,3
9455,"golden rule",2,3
9456,"cauchy horizon area",3,3
9457,"equatorial plane waves",3,3
9458,"conventional perturbation",2,3
9459,"mass squared",2,3
9460,"doublet triplet splitting",3,3
9461,"mechanism behind",2,3
9462,"wave propagation through",3,3
9463,"handed neutrinos",2,3
9464,"inflationary stage",2,3
9465,"first order parameter space",4,3
9466,"light element abundances",3,3
9467,"test particle physics",3,3
9468,"high energy densities",3,3
9469,"sub leading order",3,3
9470,"line shapes",2,3
9471,"longitudinal beam energy",3,3
9472,"charged particle multiplicity distributions",4,3
9473,"potential barrier distributions",3,3
9474,"weak coupling constants",3,3
9475,"high energy resolution",3,3
9476,"characteristic time dependence",3,3
9477,"proton nucleus elastic scattering",4,3
9478,"proton spin wave",3,3
9479,"baseline neutrino oscillations",3,3
9480,"run ii",2,3
9481,"ellis jaffe",2,3
9482,"partial decay",2,3
9483,"upsilon 4s resonance",3,3
9484,"light quark flavors",3,3
9485,"least two dimensional",3,3
9486,"high q2 gev2",3,3
9487,"pbarp collisions",2,3
9488,"bar nu tau leptons",4,3
9489,"longitudinally polarized deep",3,3
9490,"double neutron",2,3
9491,"polarised deep inelastic scattering dis",5,3
9492,"trilinear gauge boson",3,3
9493,"quasi real photons",3,3
9494,"violating signals",2,3
9495,"cleo ii",2,3
9496,"branching ratio eta",3,3
9497,"broad resonance",2,3
9498,"function h1",2,3
9499,"off forward",2,3
9500,"current fragmentation",2,3
9501,"quark mass energies",3,3
9502,"dalitz plot",2,3
9503,"monte carlo mc",3,3
9504,"structure functions f2 gamma",4,3
9505,"breit frame",2,3
9506,"bjorken scaling",2,3
9507,"million hadronic z0 decays",4,3
9508,"pseudoscalar meson production",3,3
9509,"ring imaging technique",3,3
9510,"open charm production",3,3
9511,"neutral kaon decays",3,3
9512,"diffractive structure function",3,3
9513,"non diffractive",2,3
9514,"partial width",2,3
9515,"density matrix element",3,3
9516,"three jet shape",3,3
9517,"jet algorithms",2,3
9518,"electro weak scale",3,3
9519,"regge behaviour",2,3
9520,"transverse energy spectrum",3,3
9521,"supersymmetric gauge mediated susy",4,3
9522,"large q2 gev2",3,3
9523,"charged particle production",3,3
9524,"three jet cross sections",4,3
9525,"global event shape variables",4,3
9526,"average value problem",3,3
9527,"polarised deep inelastic scattering",4,3
9528,"non strange quark",3,3
9529,"nu tau lepton",3,3
9530,"bar nu tau decays",4,3
9531,"slepton masses",2,3
9532,"storage rings",2,3
9533,"breaking occurs",2,3
9534,"finite dimensional disordered systems",4,3
9535,"hydrodynamic turbulence",2,3
9536,"order parameter epsilon",3,3
9537,"semiclassical trace formula",3,3
9538,"direct numerical simulation",3,3
9539,"drift velocity",2,3
9540,"spectral rigidity",2,3
9541,"integro differential",2,3
9542,"positive lyapunov exponents",3,3
9543,"almost equal time",3,3
9544,"wavelength modes",2,3
9545,"numerical simulations indicate",3,3
9546,"entropy production rate",3,3
9547,"states ldos",2,3
9548,"chemical reaction rate",3,3
9549,"strange particle",2,3
9550,"external noise",2,3
9551,"square lattice gas",3,3
9552,"non hermitian random matrices",4,3
9553,"hard scattering problems",3,3
9554,"fully nonlinear",2,3
9555,"2d ising",2,3
9556,"stable fixed point",3,3
9557,"qcd sum over",3,3
9558,"heavy fermion mass",3,3
9559,"pion decay amplitude",3,3
9560,"su lattice spacing",3,3
9561,"pi scattering lengths",3,3
9562,"short ranged",2,3
9563,"light hadron masses",3,3
9564,"instanton liquid",2,3
9565,"2d ising spins",3,3
9566,"simple scaling behaviour",3,3
9567,"finite dimensional disordered",3,3
9568,"critical exponents beta",3,3
9569,"simplicial quantum gravity",3,3
9570,"perturbative renormalization factors",3,3
9571,"action angle",2,3
9572,"truncation scheme",2,3
9573,"two loop matching",3,3
9574,"quark mass determinations",3,3
9575,"4d simplicial gravity",3,3
9576,"rare radiative",2,3
9577,"strange quark masses",3,3
9578,"dynamical triangulations",2,3
9579,"lattice qcd dirac operator",4,3
9580,"axial ward identity",3,3
9581,"4d simplicial quantum gravity",4,3
9582,"universal amplitude",2,3
9583,"3d ising",2,3
9584,"3d su lattice gauge invariant",5,3
9585,"ashkin teller",2,3
9586,"fermionic zero temperature",3,3
9587,"grand canonical monte carlo simulation",5,3
9588,"short distance physics",3,3
9589,"full qcd vacuum",3,3
9590,"theory hqet",2,3
9591,"heavy quark mass spectrum",4,3
9592,"system size scaling relation",4,3
9593,"improved clover",2,3
9594,"lying excitation",2,3
9595,"gauge symmetry restoration",3,3
9596,"branched polymers",2,3
9597,"su lattice qcd",3,3
9598,"coupling constant lambda",3,3
9599,"nuclear response function",3,3
9600,"deep inelastic scattering off shell",5,3
9601,"quasi elastic region",3,3
9602,"inclusive electron scattering",3,3
9603,"baryon resonances",2,3
9604,"impact parameter space",3,3
9605,"virtual compton gamma",3,3
9606,"deeply bound state",3,3
9607,"qmc model",2,3
9608,"baryon chiral limit",3,3
9609,"beta decay amplitudes",3,3
9610,"walecka model",2,3
9611,"charged pion",2,3
9612,"general relativistic heavy ion collisions",5,3
9613,"fp shell model",3,3
9614,"microwave absorption",2,3
9615,"second harmonic approximation",3,3
9616,"single particle hole",3,3
9617,"deuteron structure function",3,3
9618,"thermal pions",2,3
9619,"kaon system",2,3
9620,"specific heat capacity",3,3
9621,"self interaction strength",3,3
9622,"double giant resonance",3,3
9623,"pp pi0 reaction",3,3
9624,"particle production rate",3,3
9625,"entrance channel",2,3
9626,"purely hadronic",2,3
9627,"dilepton yield",2,3
9628,"multifractal scaling properties",3,3
9629,"wave impulse approximation",3,3
9630,"collective mode coupling",3,3
9631,"particle production mechanisms",3,3
9632,"simple phenomenological models",3,3
9633,"distorted wave",2,3
9634,"low lying excited states",4,3
9635,"microscopic transport properties",3,3
9636,"goldstone boson exchange interaction",4,3
9637,"random matrix elements",3,3
9638,"soft core potential",3,3
9639,"rapidity distribution function",3,3
9640,"relativistic hartree bogoliubov theory",4,3
9641,"light front form factors",4,3
9642,"pauli blocking",2,3
9643,"ward takahashi identity",3,3
9644,"rho meson photoproduction",3,3
9645,"semi classical transport",3,3
9646,"relativistic brueckner hartree fock calculations",5,3
9647,"data concerning",2,3
9648,"pion exchange currents",3,3
9649,"energies around mev",3,3
9650,"distance scale invariance felt",4,3
9651,"pairing force",2,3
9652,"mixing matrix element",3,3
9653,"translational invariance",2,3
9654,"superfluid neutron",2,3
9655,"particle antiparticle",2,3
9656,"range forces",2,3
9657,"nuclear response",2,3
9658,"deuteron structure",2,3
9659,"lambda phi4 model",3,3
9660,"cluster system size",3,3
9661,"virial expansion",2,3
9662,"charmonium production",2,3
9663,"elastic scattering amplitudes",3,3
9664,"naturally occurring",2,3
9665,"natural language understanding",3,3
9666,"language processing",2,3
9667,"extract information extraction",3,3
9668,"machine learning techniques",3,3
9669,"unsupervised learning",2,3
9670,"nearest neighbor exchange interaction",4,3
9671,"collision term",2,3
9672,"inelastic lepton",2,3
9673,"inclusive jet events",3,3
9674,"gluon distribution function",3,3
9675,"charmonium production rates",3,3
9676,"invariant mass squared",3,3
9677,"polarized electron beams",3,3
9678,"axial vector bosons",3,3
9679,"nrqcd factorization formalism",3,3
9680,"heavy flavor number",3,3
9681,"qcd sum rule calculation",4,3
9682,"hard scattering process",3,3
9683,"supersymmetric gauge mediated",3,3
9684,"symmetry breaking occurs",3,3
9685,"heavy higgs sector",3,3
9686,"non universal soft susy breaking parameters",6,3
9687,"tau oscillations",2,3
9688,"pomeron intercept",2,3
9689,"higgsino like",2,3
9690,"nuclear shadowing corrections",3,3
9691,"heavy quark gluon radiation",4,3
9692,"deeply inelastic",2,3
9693,"soft breaking parameters",3,3
9694,"phase convention",2,3
9695,"longitudinally polarized electron beams",4,3
9696,"nu tau oscillations",3,3
9697,"space time development",3,3
9698,"polarized deep",2,3
9699,"inverse scattering amplitude",3,3
9700,"hard thermal loops",3,3
9701,"electroweak scale invariant",3,3
9702,"sum rule approach",3,3
9703,"vlasov equation",2,3
9704,"sterile neutrino",2,3
9705,"three jet observables",3,3
9706,"dilepton invariant mass distribution",4,3
9707,"gauge symmetry breakings",3,3
9708,"doublet triplet splitting problem",4,3
9709,"transversely polarized",2,3
9710,"constituent quark antiquark",3,3
9711,"magnitude diagrams",2,3
9712,"weak dipole moments",3,3
9713,"quark gluon polarization",3,3
9714,"soft pion nucleon",3,3
9715,"bar ms scheme dependence",4,3
9716,"ell bar",2,3
9717,"conventional wisdom",2,3
9718,"perturbation theory chpt",3,3
9719,"two flavor mixing",3,3
9720,"minimal supersymmetric gauge theories",4,3
9721,"minimal supersymmetric gauge mediated",4,3
9722,"neutron electric dipole moments",4,3
9723,"precision electroweak",2,3
9724,"quark diquark model",3,3
9725,"transversely polarized gluons",3,3
9726,"heavy quark masses",3,3
9727,"unification scale invariant",3,3
9728,"day night effect",3,3
9729,"wall problem",2,3
9730,"scalar isoscalar channel",3,3
9731,"leading logarithm approximation",3,3
9732,"non universal soft",3,3
9733,"supersymmetric gauge mediated supersymmetry breaking",5,3
9734,"mixing matrix models",3,3
9735,"scattering off nucleons",3,3
9736,"target fragmentation functions",3,3
9737,"constituent quark mass spectrum",4,3
9738,"non relativistic heavy quark",4,3
9739,"omega phi meson decays",4,3
9740,"universal soft supersymmetry breaking",4,3
9741,"vector leptoquarks",2,3
9742,"purely hadronic final states",4,3
9743,"bottom production",2,3
9744,"pati salam model",3,3
9745,"ellis jaffe sum rules",4,3
9746,"forward scattering off",3,3
9747,"single leptoquark production",3,3
9748,"doublet model mssm",3,3
9749,"rho omega mixing",3,3
9750,"triplet splitting problem",3,3
9751,"q2 events",2,3
9752,"anomalous triple",2,3
9753,"non diffractive production",3,3
9754,"muon collider lhc",3,3
9755,"plus missing energy",3,3
9756,"gut scale lambda",3,3
9757,"susy particles",2,3
9758,"lightest neutralino dark matter",4,3
9759,"colors nc",2,3
9760,"large number violation",3,3
9761,"exclusive semileptonic form factors",4,3
9762,"effective hamiltonian formalism",3,3
9763,"organized criticality",2,3
9764,"polarized drell hearn sum rule",5,3
9765,"light gluino mass",3,3
9766,"polarized deep inelastic scattering dis",5,3
9767,"mit bag",2,3
9768,"parity violating interactions",3,3
9769,"deep inelastic scattering problems",4,3
9770,"compositeness condition",2,3
9771,"majorana neutrino oscillations",3,3
9772,"higgsino mass",2,3
9773,"quark mass matrix",3,3
9774,"virtual compton scattering",3,3
9775,"dark matter searches",3,3
9776,"lightest neutralino annihilation",3,3
9777,"leading logarithmic corrections",3,3
9778,"intrinsic charm component",3,3
9779,"subleading order",2,3
9780,"large tan beta decay",4,3
9781,"large tan beta mh",4,3
9782,"leading order alphas3",3,3
9783,"gauge mediated susy breaking",4,3
9784,"order alphas2",2,3
9785,"evolution kernels",2,3
9786,"su grand unified theories",4,3
9787,"leptonic decay",2,3
9788,"generalized factorization hypothesis",3,3
9789,"phenomenological form",2,3
9790,"low energy input",3,3
9791,"time dependent hartree",3,3
9792,"four fermion final states",4,3
9793,"screening length",2,3
9794,"three jet production",3,3
9795,"approximate analytic",2,3
9796,"lepton flavor mixing",3,3
9797,"squark mass term",3,3
9798,"low q2 evolution",3,3
9799,"parton hadron colliders",3,3
9800,"landau damping rate",3,3
9801,"differential decay rates",3,3
9802,"dipole picture",2,3
9803,"diagonalization techniques",2,3
9804,"full qcd corrections",3,3
9805,"after presenting",2,3
9806,"break supersymmetry breaking",3,3
9807,"nu tau neutrino oscillations",4,3
9808,"sin2 theta",2,3
9809,"soft pomeron",2,3
9810,"first order parameter epsilon expansion",5,3
9811,"colors nc limit",3,3
9812,"gauge boson couplings",3,3
9813,"inelastic scattering process",3,3
9814,"inelastic scattering processes",3,3
9815,"long baseline neutrino oscillation",4,3
9816,"electron storage ring",3,3
9817,"supersymmetric left right",3,3
9818,"structure function g2",3,3
9819,"exclusive nonleptonic",2,3
9820,"analytical estimates",2,3
9821,"order poles",2,3
9822,"fusion process",2,3
9823,"singlet axial",2,3
9824,"few body",2,3
9825,"charged higgs scalars",3,3
9826,"electron scattering processes",3,3
9827,"large q2 dependence",3,3
9828,"order p6",2,3
9829,"travelling wave",2,3
9830,"light quark propagators",3,3
9831,"bfkl pomeron intercept",3,3
9832,"ccfr data",2,3
9833,"light higgs bosons",3,3
9834,"see saw mechanism",3,3
9835,"constraints coming",2,3
9836,"landau damping rates",3,3
9837,"infrared divergent",2,3
9838,"two loop corrections coming",4,3
9839,"algebraic structure functions",3,3
9840,"light quark mass determinations",4,3
9841,"coupled luttinger liquids",3,3
9842,"three dimensional disordered systems",4,3
9843,"josephson junction array",3,3
9844,"wire connected",2,3
9845,"axis optical conductivity",3,3
9846,"level spacing delta",3,3
9847,"two dimensional ising",3,3
9848,"reaction diffusion limited",3,3
9849,"epitaxial growth",2,3
9850,"molecular beam epitaxy",3,3
9851,"single particle tunneling",3,3
9852,"quantum monte carlo techniques",4,3
9853,"binary mixtures",2,3
9854,"landau level filling factor nu",5,3
9855,"charge density wave function",4,3
9856,"system cugeo3",2,3
9857,"spin relaxation rate",3,3
9858,"surface diffusion constant",3,3
9859,"ising spin flip",3,3
9860,"mobility edge states",3,3
9861,"commensurate incommensurate phase transition",4,3
9862,"gaussian random matrices",3,3
9863,"approximate expression",2,3
9864,"non fermi liquid behaviour",4,3
9865,"rigorous lower",2,3
9866,"slave boson mean field theory",5,3
9867,"long range antiferromagnetic heisenberg",4,3
9868,"peierls system cugeo3",3,3
9869,"susceptibility exponent",2,3
9870,"half filled band",3,3
9871,"static susceptibility chi",3,3
9872,"bose fields",2,3
9873,"antiferromagnetic heisenberg antiferromagnet",3,3
9874,"phase coherence length scales",4,3
9875,"edge excitations",2,3
9876,"next nearest",2,3
9877,"quenched disorder induced",3,3
9878,"range antiferromagnetic",2,3
9879,"energy density contrast",3,3
9880,"number density functional theory",4,3
9881,"antiferromagnetic order parameter",3,3
9882,"non zero bias",3,3
9883,"kinetic theory dft",3,3
9884,"magnetic field theoretical predictions",4,3
9885,"imaginary vector potential",3,3
9886,"strongly interacting particles",3,3
9887,"single particle localization length",4,3
9888,"mobility edge",2,3
9889,"high temperature dependent",3,3
9890,"conduction electron system",3,3
9891,"superconducting phase difference",3,3
9892,"paramagnetic phase",2,3
9893,"valence band structure",3,3
9894,"exponentially decaying",2,3
9895,"strong magnetic impurities",3,3
9896,"nmr relaxation",2,3
9897,"kondo problem",2,3
9898,"large inter",2,3
9899,"electronic transport through",3,3
9900,"mott insulator transitions",3,3
9901,"self organized",2,3
9902,"spin correlations induced",3,3
9903,"semiconductor quantum dots",3,3
9904,"diagonal disorder",2,3
9905,"hall skyrmions",2,3
9906,"pattern forming",2,3
9907,"low energy gap delta",4,3
9908,"hermitian random",2,3
9909,"uniform susceptibility",2,3
9910,"dimensional hubbard",2,3
9911,"bond percolation threshold",3,3
9912,"generalized hubbard model",3,3
9913,"pinning force",2,3
9914,"macroscopic quantum fluctuations",3,3
9915,"dimensional hubbard model",3,3
9916,"nearest neighbor hopping",3,3
9917,"strong magnetic susceptibility",3,3
9918,"ab initio molecular dynamics",4,3
9919,"renormalization group rg flow",4,3
9920,"weak disorder induced",3,3
9921,"interchain interaction",2,3
9922,"exact diagonalization techniques",3,3
9923,"quantized vortex motion",3,3
9924,"density matrix renormalization group approach",5,3
9925,"dense molecular dynamics",3,3
9926,"spin wave superconductivity",3,3
9927,"fractional charge density",3,3
9928,"structural phase transition",3,3
9929,"complex phase diagrams",3,3
9930,"bose condensates",2,3
9931,"trapped bose condensed atoms",4,3
9932,"partially filled",2,3
9933,"ab initio quantum",3,3
9934,"bose liquid",2,3
9935,"inter particle",2,3
9936,"proton drip",2,3
9937,"radiative decay rates",3,3
9938,"wwz couplings",2,3
9939,"pseudo goldstone",2,3
9940,"fermi sea",2,3
9941,"left right handed neutrinos",4,3
9942,"slepton mass",2,3
9943,"transversely polarized deep inelastic",4,3
9944,"strongly correlated basis",3,3
9945,"long baseline neutrino oscillations",4,3
9946,"right handed majorana neutrinos",4,3
9947,"triple pomeron coupling",3,3
9948,"precision electroweak theory",3,3
9949,"solar neutrino oscillations",3,3
9950,"double exchange interaction",3,3
9951,"leptonic decay constant",3,3
9952,"number density profiles",3,3
9953,"survival probability density",3,3
9954,"finite size scaling exponents",4,3
9955,"infinite dimensional hubbard model",4,3
9956,"generalized gradient approximation lda calculations",5,3
9957,"flat bands",2,3
9958,"strongly correlated electron systems",4,3
9959,"dc conductance",2,3
9960,"unique ground states",3,3
9961,"underdoped high temperature",3,3
9962,"behaving like",2,3
9963,"alternating spin ladder",3,3
9964,"exponents characterizing",2,3
9965,"exchange correlation functions",3,3
9966,"log periodic oscillations",3,3
9967,"autocorrelation function",2,3
9968,"active phase transition",3,3
9969,"ferromagnetic kondo lattice",3,3
9970,"nearest neighbor ferromagnetic couplings",4,3
9971,"lattice gases",2,3
9972,"interacting bose liquid",3,3
9973,"critical temperature superconductors",3,3
9974,"strongly correlated electron system",4,3
9975,"scattering lengths",2,3
9976,"energy density wave superconductors",4,3
9977,"quasi exactly",2,3
9978,"semiconductor quantum wire",3,3
9979,"conductance peak",2,3
9980,"multichannel kondo model",3,3
9981,"valence band gap",3,3
9982,"free energy density functional",4,3
9983,"renormalization group dmrg",3,3
9984,"simple exclusion process",3,3
9985,"external magnetic field domains",4,3
9986,"interacting bose gas",3,3
9987,"magnetic penetration depth",3,3
9988,"nearest neighbor couplings",3,3
9989,"mean square lattice",3,3
9990,"non universal behaviour",3,3
9991,"off critical exponent",3,3
9992,"zero bias voltage",3,3
9993,"quantum monte",2,3
9994,"avoiding walk",2,3
9995,"large inter chain",3,3
9996,"electronic raman",2,3
9997,"delocalization transition",2,3
9998,"random phase space",3,3
9999,"anisotropic heisenberg model",3,3
10000,"spin-1 chain",2,3
10001,"fully self interaction",3,3
10002,"quantum wire connected",3,3
10003,"thermal activation",2,3
10004,"room temperature",2,3
10005,"dimensional disordered systems",3,3
10006,"percolation universality",2,3
10007,"rkky interaction",2,3
10008,"weakly interacting bose gas",4,3
10009,"non fermi liquid behavior",4,3
10010,"magnetic flux line lattice",4,3
10011,"learning algorithms",2,3
10012,"random tiling",2,3
10013,"su yang baxter equation",4,3
10014,"moving vortex dynamics",3,3
10015,"bound state potts antiferromagnet",4,3
10016,"spin-1 heisenberg antiferromagnet",3,3
10017,"zeroth order",2,3
10018,"stochastic differential equation",3,3
10019,"three dimensional ising model",4,3
10020,"nearest neighbor exchange",3,3
10021,"bond fluctuation",2,3
10022,"weak disorder strength",3,3
10023,"chain length scales",3,3
10024,"normal metal superconductor junctions",4,3
10025,"shubnikov de haas oscillations",4,3
10026,"level spacing distribution",3,3
10027,"zone boundary",2,3
10028,"pbte wide",2,3
10029,"phase separating",2,3
10030,"x2-y2 wave function",3,3
10031,"fermi surfaces",2,3
10032,"quantum monte carlo simulation",4,3
10033,"coordinate space bethe ansatz equations",5,3
10034,"self diffusion coefficients",3,3
10035,"single particle hopping",3,3
10036,"polariton states",2,3
10037,"electrical transport",2,3
10038,"three dimensional disordered",3,3
10039,"critical distance",2,3
10040,"correlated electron systems",3,3
10041,"spin chain compound",3,3
10042,"antiferromagnetic spin-1 heisenberg chain",4,3
10043,"total energy density functional",4,3
10044,"coherence length xi",3,3
10045,"gaas algaas heterostructures",3,3
10046,"spin wave superconductors",3,3
10047,"spin diffusion",2,3
10048,"linearly polarized electrons",3,3
10049,"boundary layers",2,3
10050,"surface gravity waves",3,3
10051,"orbital ordering",2,3
10052,"usual isotropic",2,3
10053,"peierls compound cugeo",3,3
10054,"line lattice gas",3,3
10055,"oscillator frequency",2,3
10056,"critical distance scale invariance felt",5,3
10057,"semisimple lie",2,3
10058,"super yangian double dy",4,3
10059,"standard hopf algebra cal",4,3
10060,"dunkl operators",2,3
10061,"bicovariant differential calculus",3,3
10062,"algebra uq hat",3,3
10063,"dynamical yang baxter equation",4,3
10064,"uq hat",2,3
10065,"temperley lieb algebra",3,3
10066,"star products",2,3
10067,"universal enveloping algebras",3,3
10068,"vertex operator product",3,3
10069,"standard hopf",2,3
10070,"deformation parameter deformations",3,3
10071,"finite dimensional hopf algebra",4,3
10072,"hypergeometric integrals",2,3
10073,"quantum turing",2,2
10074,"quantum cryptography",2,2
10075,"quantum register",2,2
10076,"many body simulation",3,2
10077,"self adjoint representation",3,2
10078,"reversal invariance",2,2
10079,"mechanical algorithm",2,2
10080,"heterodyne detection",2,2
10081,"laser fields",2,2
10082,"beat frequency",2,2
10083,"state preparation",2,2
10084,"spin wave packet",3,2
10085,"square displacement",2,2
10086,"nonlinear schr odinger",3,2
10087,"feynman path",2,2
10088,"exactly solvable lie algebra",4,2
10089,"ii strings",2,2
10090,"cklund transformations",2,2
10091,"baxter equation",2,2
10092,"deviation equation",2,2
10093,"linear schr odinger equation",4,2
10094,"rank antisymmetric",2,2
10095,"sine gordon equation",3,2
10096,"nine dimensions",2,2
10097,"factorizable corrections",2,2
10098,"strongly coupled heterotic",3,2
10099,"axial gauge",2,2
10100,"brst symmetry",2,2
10101,"abelian gauge fixing",3,2
10102,"smooth calabi yau",3,2
10103,"replica symmetry",2,2
10104,"neumann boundary conditions",3,2
10105,"finite dimensional black holes",4,2
10106,"affine toda field theory",4,2
10107,"five dimensional black holes",4,2
10108,"decompactification limit",2,2
10109,"planck mass spectrum",3,2
10110,"adjoint scalar",2,2
10111,"pure gauge group su",4,2
10112,"pure gauge symmetry",3,2
10113,"gauge theory compactified",3,2
10114,"two dimensional minkowski space",4,2
10115,"nc gauge theories",3,2
10116,"non abelian gauge field theory",5,2
10117,"clifford algebra",2,2
10118,"iib superstrings",2,2
10119,"covariance matrix",2,2
10120,"sigma tot",2,2
10121,"plane fp",2,2
10122,"late type ii",3,2
10123,"non local minimum",3,2
10124,"thin accretion disks",3,2
10125,"uv wavelengths",2,2
10126,"energy budget",2,2
10127,"relaxation timescale",2,2
10128,"age metallicity dependence",3,2
10129,"differential cross",2,2
10130,"per baryon number",3,2
10131,"cloud cores",2,2
10132,"alpha absorption line",3,2
10133,"extinction curve",2,2
10134,"integration time evolution",3,2
10135,"background cmb",2,2
10136,"time dilation",2,2
10137,"21cm line",2,2
10138,"hubble type ia",3,2
10139,"flat rotation",2,2
10140,"strength indices",2,2
10141,"thomson scattering",2,2
10142,"lower redshifts",2,2
10143,"spatial clustering properties",3,2
10144,"spectrum estimation",2,2
10145,"quasar hosts",2,2
10146,"thermal broadening",2,2
10147,"short term",2,2
10148,"starburst driven",2,2
10149,"number density fluctuation",3,2
10150,"emergent spectrum",2,2
10151,"mhd equations",2,2
10152,"stellar kinematics",2,2
10153,"ring imaging",2,2
10154,"imaging atmospheric cherenkov",3,2
10155,"field theoretical framework",3,2
10156,"h2 column densities",3,2
10157,"ray pulsar",2,2
10158,"irregular galaxy",2,2
10159,"peculiar velocity dispersion",3,2
10160,"intracluster medium",2,2
10161,"gamma ray pulsar",3,2
10162,"residence time",2,2
10163,"counterpart search",2,2
10164,"mean radial",2,2
10165,"multiwavelength monitoring",2,2
10166,"parent galaxy",2,2
10167,"irregular galaxy formation",3,2
10168,"optical spectroscopic",2,2
10169,"star forming disk",3,2
10170,"rapidly rotating star formation",4,2
10171,"qpo frequencies",2,2
10172,"dark matter halos around",4,2
10173,"brightness lsb",2,2
10174,"velocity dispersion relations",3,2
10175,"proton rich",2,2
10176,"auto correlation",2,2
10177,"imaging spectrograph",2,2
10178,"cmb photons",2,2
10179,"isothermal spheres",2,2
10180,"radio loud agn",3,2
10181,"dla absorbers",2,2
10182,"gyr old stellar population",4,2
10183,"hubble space telescope wfpc2",4,2
10184,"zero age metallicity",3,2
10185,"kelvin helmholtz",2,2
10186,"agb phase",2,2
10187,"optical thickness",2,2
10188,"nearby clusters",2,2
10189,"absorption line quasars",3,2
10190,"count rates",2,2
10191,"high redshift distribution function",4,2
10192,"high confidence level",3,2
10193,"highly degenerate",2,2
10194,"time scale lambda",3,2
10195,"compton gamma ray bursts",4,2
10196,"degree angular",2,2
10197,"dust lanes",2,2
10198,"gamma ray burst error",4,2
10199,"morphological classification",2,2
10200,"intermediate age",2,2
10201,"highest energy cosmic",3,2
10202,"australia telescope",2,2
10203,"sitter space",2,2
10204,"atmospheric cherenkov",2,2
10205,"dovich effect",2,2
10206,"decaying neutrino",2,2
10207,"cloud smc",2,2
10208,"central black holes",3,2
10209,"lens system",2,2
10210,"emission measure",2,2
10211,"lac objects",2,2
10212,"giant ellipticals",2,2
10213,"ionizing background",2,2
10214,"beam energy density",3,2
10215,"cmb radiation",2,2
10216,"gamma ray selected",3,2
10217,"extreme black hole",3,2
10218,"cloud lmc",2,2
10219,"highest energy cosmic ray",4,2
10220,"flux line ratios",3,2
10221,"photon splitting",2,2
10222,"asymptotic forms",2,2
10223,"color magnetic",2,2
10224,"supernova ejecta",2,2
10225,"stellar remnants",2,2
10226,"line quasars",2,2
10227,"time delays",2,2
10228,"hubble radius",2,2
10229,"emission line profiles",3,2
10230,"cobe satellite",2,2
10231,"binary orbit",2,2
10232,"gravitational field strength",3,2
10233,"too high",2,2
10234,"angular momentum loss",3,2
10235,"cosmic star forming",3,2
10236,"ion fusion",2,2
10237,"newtonian potential",2,2
10238,"energetic gamma ray flux",4,2
10239,"barred galaxies",2,2
10240,"density gradients",2,2
10241,"accreting gas",2,2
10242,"star formation efficiency",3,2
10243,"small magellanic cloud",3,2
10244,"near infrared photometry",3,2
10245,"thin accretion flows",3,2
10246,"index alpha emission",3,2
10247,"medium igm",2,2
10248,"standard solar",2,2
10249,"seyfert nucleus",2,2
10250,"geometrically thin",2,2
10251,"rotating neutron stars",3,2
10252,"broad band images",3,2
10253,"baryonic mass fraction",3,2
10254,"alpha clouds",2,2
10255,"solar wind",2,2
10256,"microwave background radiation",3,2
10257,"vhe gamma ray",3,2
10258,"intense magnetic",2,2
10259,"ray flares",2,2
10260,"many body problems",3,2
10261,"vacuum bubble",2,2
10262,"order parameter family",3,2
10263,"calabi yau fourfold",3,2
10264,"diagonal elements",2,2
10265,"renormalization group rg equation",4,2
10266,"field theoretical analysis",3,2
10267,"spectral indices",2,2
10268,"axion dilaton field theory",4,2
10269,"five brane solutions",3,2
10270,"many particle physics",3,2
10271,"five brane actions",3,2
10272,"scalar hair",2,2
10273,"four dimensional supergravity theories",4,2
10274,"hagedorn temperature",2,2
10275,"manifest lorentz covariant",3,2
10276,"instant form",2,2
10277,"nonrelativistic quantum field",3,2
10278,"purely magnetic field theory",4,2
10279,"subtraction scheme",2,2
10280,"topologically stable",2,2
10281,"regularization schemes",2,2
10282,"two dimensional qed",3,2
10283,"simple scaling arguments",3,2
10284,"weakly coupled heterotic string",4,2
10285,"two dimensional regularization schemes",4,2
10286,"dp brane",2,2
10287,"kaluza klein monopole",3,2
10288,"chern simons cs",3,2
10289,"non relativistic quantum field",4,2
10290,"sym theory",2,2
10291,"t5 z2",2,2
10292,"gauge symmetry enhancement",3,2
10293,"bare coupling constant",3,2
10294,"incident wave function",3,2
10295,"z2 orbifold compactifications",3,2
10296,"confinement deconfinement",2,2
10297,"non perturbative heterotic side",4,2
10298,"light cone gauge field",4,2
10299,"quantization dlcq",2,2
10300,"harmonic oscillator algebra",3,2
10301,"wess zumino term",3,2
10302,"e8 heterotic strings",3,2
10303,"space time uncertainty",3,2
10304,"newman penrose",2,2
10305,"closed string theories",3,2
10306,"functional integration",2,2
10307,"quantum lax",2,2
10308,"weyl groups",2,2
10309,"yang mills higgs system",4,2
10310,"compact riemannian",2,2
10311,"witt equation",2,2
10312,"lie superalgebra",2,2
10313,"fivebrane configuration space",3,2
10314,"dirac eigenvalues",2,2
10315,"fractional quantum",2,2
10316,"twisted boundary",2,2
10317,"gauge field strength",3,2
10318,"vacuum correlators",2,2
10319,"ward takahashi",2,2
10320,"affine kac",2,2
10321,"cone quantization",2,2
10322,"box diagram",2,2
10323,"conical singularity",2,2
10324,"magnetic flux flow",3,2
10325,"non perturbative renormalization theorem",4,2
10326,"real analytic solution",3,2
10327,"massless dirac",2,2
10328,"chiral ward",2,2
10329,"stable fixed points",3,2
10330,"second chern simons",3,2
10331,"second rank antisymmetric",3,2
10332,"euclidean path integral",3,2
10333,"quantized vortex",2,2
10334,"casimir operator algebras",3,2
10335,"hair theorem",2,2
10336,"strongly coupled heterotic string",4,2
10337,"expanded version",2,2
10338,"majorana fermion mass",3,2
10339,"iib string theory",3,2
10340,"zero conformal field theory",4,2
10341,"winding numbers",2,2
10342,"wzw model",2,2
10343,"dyonic black holes",3,2
10344,"super yangian",2,2
10345,"general relativistic quantum field",4,2
10346,"solvable potentials",2,2
10347,"path integral equations",3,2
10348,"string tensions",2,2
10349,"bang cosmology",2,2
10350,"rg fixed points",3,2
10351,"zero temperature expansions",3,2
10352,"non local symmetries",3,2
10353,"abelian gauge transformations",3,2
10354,"angle integrated",2,2
10355,"renormalized coupling constant",3,2
10356,"riemann zeta",2,2
10357,"oppositely charged",2,2
10358,"semiclassical expansion",2,2
10359,"fifth order",2,2
10360,"group flows",2,2
10361,"non linear schr odinger",4,2
10362,"cuntz algebra",2,2
10363,"kernel asymptotics",2,2
10364,"exponential decay width",3,2
10365,"organized critical",2,2
10366,"criticality soc",2,2
10367,"reparametrization invariant",2,2
10368,"stable vector",2,2
10369,"continued fractions",2,2
10370,"string theoretic",2,2
10371,"tangent bundle",2,2
10372,"mean free",2,2
10373,"lie algebra generated",3,2
10374,"weyl vector",2,2
10375,"gamma ray astronomy",3,2
10376,"ray selected bl lac",4,2
10377,"liquid mirror",2,2
10378,"broad line region",3,2
10379,"free energy landscape",3,2
10380,"cherenkov radiation",2,2
10381,"globular cluster ages",3,2
10382,"black body",2,2
10383,"highly collimated",2,2
10384,"early type spiral",3,2
10385,"cepheid period luminosity",3,2
10386,"ionizing source",2,2
10387,"stellar winds",2,2
10388,"type ia supernova sn",4,2
10389,"microlensing searches",2,2
10390,"massive star forming",3,2
10391,"level upper limit",3,2
10392,"flux levels",2,2
10393,"persistent emission",2,2
10394,"inverse compton gamma ray emission",5,2
10395,"electric quadrupole",2,2
10396,"host galaxy formation",3,2
10397,"digitized sky",2,2
10398,"unusual features",2,2
10399,"local group dwarf galaxy",4,2
10400,"galactic supernova remnant",3,2
10401,"magneto hydrodynamic",2,2
10402,"uniformly rotating star",3,2
10403,"dominates over",2,2
10404,"shock heating",2,2
10405,"balmer line region",3,2
10406,"ghrs observations",2,2
10407,"external photon",2,2
10408,"post starburst",2,2
10409,"disk inclination",2,2
10410,"wfpc2 observations",2,2
10411,"star spin",2,2
10412,"lambda approx",2,2
10413,"diffuse galactic center",3,2
10414,"absorption line profile",3,2
10415,"low mass loss",3,2
10416,"uv upturn",2,2
10417,"cold disk",2,2
10418,"lyman alpha absorption lines",4,2
10419,"fornax cluster system",3,2
10420,"south australia",2,2
10421,"highly eccentric",2,2
10422,"imaging cherenkov",2,2
10423,"gamma ray background",3,2
10424,"exponential disk",2,2
10425,"galaxy clusters per",3,2
10426,"observatory iso observations",3,2
10427,"kuzmin cutoff",2,2
10428,"ultra high energy density",4,2
10429,"ca ii",2,2
10430,"soft excess",2,2
10431,"surface density profile",3,2
10432,"supernova 1987a",2,2
10433,"si iv",2,2
10434,"giant molecular clouds",3,2
10435,"water maser",2,2
10436,"uv emission lines",3,2
10437,"uv continuum source",3,2
10438,"field planetary",2,2
10439,"abundance determinations",2,2
10440,"multiple imaging",2,2
10441,"dwarf spheroidal galaxy formation",4,2
10442,"her x-1",2,2
10443,"mass segregation",2,2
10444,"quantitative estimates",2,2
10445,"galactic magnetic flux",3,2
10446,"global minima",2,2
10447,"william herschel",2,2
10448,"standard cold",2,2
10449,"dwarf spheroidal",2,2
10450,"central surface densities",3,2
10451,"ionization mechanism",2,2
10452,"optically thin accretion",3,2
10453,"weakly bound",2,2
10454,"quasar pg",2,2
10455,"self absorption",2,2
10456,"orbital frequency",2,2
10457,"magnetic cataclysmic",2,2
10458,"zero cosmological models",3,2
10459,"matter candidate",2,2
10460,"massive black",2,2
10461,"r0 kpc",2,2
10462,"deep field theory",3,2
10463,"reflection component",2,2
10464,"too weak",2,2
10465,"emission line ratios",3,2
10466,"solar units",2,2
10467,"gravitational field configurations",3,2
10468,"starburst galaxy formation",3,2
10469,"ray timing",2,2
10470,"lambda cdm model",3,2
10471,"noise component",2,2
10472,"sutherland model",2,2
10473,"gamma ray variability",3,2
10474,"explosion mechanism",2,2
10475,"ly alpha forest",3,2
10476,"straight forward",2,2
10477,"hst photometry",2,2
10478,"teller effect",2,2
10479,"radio flares",2,2
10480,"chaotic diffusion",2,2
10481,"solar convection",2,2
10482,"hardness ratio",2,2
10483,"supernova shock",2,2
10484,"few tenths",2,2
10485,"conversion factor",2,2
10486,"lyman edge",2,2
10487,"ultrahigh energy",2,2
10488,"somewhat lower",2,2
10489,"equilibrium ionization",2,2
10490,"galaxy interactions",2,2
10491,"magnus force",2,2
10492,"initial mass loss",3,2
10493,"compact binary system",3,2
10494,"loss rates",2,2
10495,"peak brightness",2,2
10496,"slit spectra",2,2
10497,"galactic wind",2,2
10498,"formation rate sfr",3,2
10499,"ion collision",2,2
10500,"probability distribution function pdf",4,2
10501,"energy density waves propagating",4,2
10502,"solar value",2,2
10503,"accreting black hole",3,2
10504,"polytropic index",2,2
10505,"solar interior",2,2
10506,"general relativistic hydrodynamic",3,2
10507,"off axis",2,2
10508,"oxygen abundance ratios",3,2
10509,"long slit spectra",3,2
10510,"hst imaging spectrograph stis",4,2
10511,"magnetic field domains",3,2
10512,"two photon index",3,2
10513,"angular momentum loss rate",4,2
10514,"alpha absorption system",3,2
10515,"energy interval",2,2
10516,"radio pulsars",2,2
10517,"planetary systems",2,2
10518,"continuum shape",2,2
10519,"low normalization",2,2
10520,"hubble types",2,2
10521,"differentially rotating",2,2
10522,"initial amplitude",2,2
10523,"surface brightness distribution",3,2
10524,"galactic magnetic field",3,2
10525,"cosmic ray sources",3,2
10526,"neutron star spin",3,2
10527,"sigma confidence",2,2
10528,"high latitude",2,2
10529,"rotating disks",2,2
10530,"thin plasma",2,2
10531,"gravity waves emitted",3,2
10532,"impulsive gravitational",2,2
10533,"asymptotically flat space time",4,2
10534,"string cosmologies",2,2
10535,"refined algebraic quantization",3,2
10536,"saturated states",2,2
10537,"clearly indicates",2,2
10538,"energy tail",2,2
10539,"space time averaged",3,2
10540,"asymptotic flatness",2,2
10541,"einstein yang",2,2
10542,"mills higgs field theory",4,2
10543,"coriolis force",2,2
10544,"spin network",2,2
10545,"minimal area",2,2
10546,"oppositely charged particle",3,2
10547,"horizon area law",3,2
10548,"killing symmetry",2,2
10549,"higgs field theory",3,2
10550,"inspiraling binary",2,2
10551,"delta function regularization",3,2
10552,"functions f1",2,2
10553,"diffeomorphism invariant",2,2
10554,"impulsive gravitational wave",3,2
10555,"particle hole collisions",3,2
10556,"gravitating scalar",2,2
10557,"euclidean path",2,2
10558,"field redefinition",2,2
10559,"body problems",2,2
10560,"cauchy horizons",2,2
10561,"inspiraling compact binaries",3,2
10562,"arbitrary curved",2,2
10563,"time slice",2,2
10564,"shell renormalization",2,2
10565,"relativistic hydrodynamic",2,2
10566,"standard inflationary",2,2
10567,"inflaton field theory",3,2
10568,"conformal transformation properties",3,2
10569,"handed neutrino",2,2
10570,"alpha absorption systems",3,2
10571,"masses per",2,2
10572,"relative frequency",2,2
10573,"spacing delta",2,2
10574,"angle beta",2,2
10575,"four body",2,2
10576,"generation leptoquarks",2,2
10577,"total energy gap",3,2
10578,"missing transverse",2,2
10579,"cl upper limits",3,2
10580,"nucleon scattering off",3,2
10581,"nearly independent",2,2
10582,"pati salam",2,2
10583,"hard scattering dis",3,2
10584,"cross section sigma models",4,2
10585,"pomeron exchange",2,2
10586,"semileptonic branching",2,2
10587,"nu tau leptons",3,2
10588,"hermitian random matrices",3,2
10589,"characteristic time scales",3,2
10590,"shape variables",2,2
10591,"mean field induces",3,2
10592,"breaking pattern",2,2
10593,"single particle number density",4,2
10594,"periodic orbit theory",3,2
10595,"characteristic time scale",3,2
10596,"spiral defect",2,2
10597,"highest frequency",2,2
10598,"space time scale",3,2
10599,"density matrix poles",3,2
10600,"spectral density matrix",3,2
10601,"lattice artifacts",2,2
10602,"monte carlo algorithms",3,2
10603,"quantum computer simulations",3,2
10604,"su yang",2,2
10605,"su lattice volumes",3,2
10606,"debye mass",2,2
10607,"quark actions",2,2
10608,"quark mass splitting",3,2
10609,"gaussian random phase transition",4,2
10610,"domain wall quarks",3,2
10611,"pure gauge field theory",4,2
10612,"gluon degrees",2,2
10613,"field theory hqet",3,2
10614,"flavour symmetry breaking",3,2
10615,"lattice gauge fixing",3,2
10616,"analytic predictions",2,2
10617,"two dimensional simplicial gravity",4,2
10618,"su lattice gauge invariant",4,2
10619,"monte carlo simulations indicate",4,2
10620,"clover coefficient",2,2
10621,"quark gluon vertex",3,2
10622,"rotational energy",2,2
10623,"scaling violation",2,2
10624,"analytical arguments",2,2
10625,"composite fermion mass",3,2
10626,"lattice volumes",2,2
10627,"complex conjugation",2,2
10628,"perturbative renormalization factor",3,2
10629,"nonrelativistic quark",2,2
10630,"dilepton spectrum",2,2
10631,"particle interferometry",2,2
10632,"function f2d",2,2
10633,"nucleon scattering processes",3,2
10634,"dependent hartree",2,2
10635,"gamow teller",2,2
10636,"pp pi0",2,2
10637,"symmetric nuclear collisions",3,2
10638,"pair correlation functions",3,2
10639,"general relativistic heavy ion",4,2
10640,"electroweak observables",2,2
10641,"analytically solvable",2,2
10642,"e2 m1",2,2
10643,"coupling qmc",2,2
10644,"quasi bound",2,2
10645,"time dependent hartree fock",4,2
10646,"heavy baryon chiral",3,2
10647,"bond percolation",2,2
10648,"fragmentation region",2,2
10649,"chemical equilibrium",2,2
10650,"non relativistic heavy ion collisions",5,2
10651,"hartree fock bogoliubov theory",4,2
10652,"vector meson",2,2
10653,"external electromagnetic processes",3,2
10654,"double giant",2,2
10655,"relativistic hartree",2,2
10656,"transverse energy density",3,2
10657,"non relativistic hartree fock",4,2
10658,"fp shell",2,2
10659,"diagonalization technique",2,2
10660,"wigner seitz",2,2
10661,"nucleon systems",2,2
10662,"inelastic scattering off",3,2
10663,"meson fields",2,2
10664,"baryon magnetic",2,2
10665,"nonrelativistic quark mass",3,2
10666,"parton cascade",2,2
10667,"giant resonances",2,2
10668,"drip line",2,2
10669,"symmetric nuclear medium",3,2
10670,"dirac brueckner",2,2
10671,"effective lagrangian density",3,2
10672,"dilepton invariant mass spectrum",4,2
10673,"pion nucleon correlations",3,2
10674,"spoken language",2,2
10675,"chiral lagrangian density",3,2
10676,"ultrarelativistic nucleus",2,2
10677,"flipped su",2,2
10678,"beta decay amplitude",3,2
10679,"small bjorken sum rule",4,2
10680,"flavor mixing matrix",3,2
10681,"explosive particle production",3,2
10682,"atmospheric neutrino oscillation",3,2
10683,"high energy minimization",3,2
10684,"dimensional transmutation",2,2
10685,"neutron edm",2,2
10686,"triple gauge",2,2
10687,"scattering off shell model",4,2
10688,"takahashi identity",2,2
10689,"cp violating phase transition",4,2
10690,"neutrino propagation",2,2
10691,"moody algebra",2,2
10692,"kobayashi maskawa matrix elements",4,2
10693,"mediated susy breaking",3,2
10694,"tau neutrino oscillations",3,2
10695,"charm quark gluon",3,2
10696,"like neutralinos",2,2
10697,"supersymmetric gauge boson",3,2
10698,"jet cross section",3,2
10699,"antiquark distributions",2,2
10700,"low mass matrices",3,2
10701,"susy qcd corrections",3,2
10702,"light stops",2,2
10703,"chiral perturbation series",3,2
10704,"renormalization schemes",2,2
10705,"tau simeq",2,2
10706,"polarized protons",2,2
10707,"rhic energies",2,2
10708,"pomeron coupling",2,2
10709,"neutron electric dipole",3,2
10710,"light higgs boson",3,2
10711,"single leptoquark",2,2
10712,"higgs doublets",2,2
10713,"experimental error",2,2
10714,"electric charge density",3,2
10715,"quark antiquark distributions",3,2
10716,"minimal supersymmetric gauge theory",4,2
10717,"invariant mass matrix",3,2
10718,"screened coulomb",2,2
10719,"electron green function",3,2
10720,"higher partial",2,2
10721,"relativistic mean square",3,2
10722,"axial vector fields",3,2
10723,"event shape variables",3,2
10724,"field dependences",2,2
10725,"glueball mass",2,2
10726,"quark pair",2,2
10727,"lepton polarization asymmetry",3,2
10728,"selection rule",2,2
10729,"hadron nucleus",2,2
10730,"bottom quark masses",3,2
10731,"pion electroproduction",2,2
10732,"small angular ordering",3,2
10733,"matrix renormalization group",3,2
10734,"underlying hard scattering",3,2
10735,"infrared stable",2,2
10736,"electroweak scale structure",3,2
10737,"vortex antivortex",2,2
10738,"diffusion constants",2,2
10739,"logarithm approximation",2,2
10740,"valence quark gluon",3,2
10741,"virtual compton scattering amplitude",4,2
10742,"shape observables",2,2
10743,"large logarithms",2,2
10744,"right handed neutrino masses",4,2
10745,"sea quark gluon",3,2
10746,"monte carlo event generators",4,2
10747,"two higgs searches",3,2
10748,"hard exclusive",2,2
10749,"deeply virtual",2,2
10750,"minimal supersymmetric gauge symmetry",4,2
10751,"quark gluon radiation",3,2
10752,"tan beta mh gev",4,2
10753,"infrared regulator",2,2
10754,"vector boson couplings",3,2
10755,"high energies around gev",4,2
10756,"large nc expansion",3,2
10757,"total hadronic",2,2
10758,"transverse momentum distributions",3,2
10759,"nu tau neutrino oscillation",4,2
10760,"dijet cross section",3,2
10761,"dipole moments",2,2
10762,"two flavor symmetry breaking",4,2
10763,"high energy input",3,2
10764,"susy breaking parameters",3,2
10765,"standard model building",3,2
10766,"collider nlc",2,2
10767,"strong cp problems",3,2
10768,"threshold bound",2,2
10769,"non interacting fermions",3,2
10770,"bilayer quantum",2,2
10771,"algaas heterostructures",2,2
10772,"eel temperature",2,2
10773,"binary mixture",2,2
10774,"self organized critical behavior",4,2
10775,"external magnetic field theory",4,2
10776,"free energy barriers",3,2
10777,"low temperature expansions",3,2
10778,"gaussian random matrix theory",4,2
10779,"fractional quantum groups",3,2
10780,"two dimensional josephson",3,2
10781,"mode coupling regime",3,2
10782,"superconductor junctions",2,2
10783,"la 2-x sr",3,2
10784,"two dimensional xy model",4,2
10785,"surface diffusion monte carlo",4,2
10786,"charge density matrix",3,2
10787,"percolation thresholds",2,2
10788,"level repulsion",2,2
10789,"zn doped",2,2
10790,"electron system size",3,2
10791,"impurity concentration",2,2
10792,"abelian bosonization",2,2
10793,"magnetic alloys",2,2
10794,"slave boson mean field",4,2
10795,"hysteresis loop",2,2
10796,"density wave superconductor",3,2
10797,"non gaussian random matrices",4,2
10798,"extended hubbard",2,2
10799,"electron phonon coupling",3,2
10800,"vortex solid",2,2
10801,"thermally activated",2,2
10802,"lowest lying excited states",4,2
10803,"level filling",2,2
10804,"josephson effect",2,2
10805,"orbital elements",2,2
10806,"anisotropic kondo",2,2
10807,"boson mean field",3,2
10808,"coupling constant electromagnetic",3,2
10809,"neutron scattering amplitude",3,2
10810,"whole complex",2,2
10811,"finite range correlations",3,2
10812,"fully relativistic mean field",4,2
10813,"quark gluon exchange interaction",4,2
10814,"ep scattering",2,2
10815,"gravity mediated supersymmetry breaking",4,2
10816,"photon virtualities",2,2
10817,"final state hadrons",3,2
10818,"hadron phase",2,2
10819,"amplitude ratios",2,2
10820,"combined branching",2,2
10821,"gauge mediation",2,2
10822,"su grand",2,2
10823,"bhabha scattering",2,2
10824,"baryon magnetic moments",3,2
10825,"field domains",2,2
10826,"non leptonic decays",3,2
10827,"free energy scales",3,2
10828,"field theoretic",2,2
10829,"fermion mass gap",3,2
10830,"distribution function h1",3,2
10831,"massless neutrinos",2,2
10832,"heavy baryons",2,2
10833,"quarkonium production",2,2
10834,"higgs particles",2,2
10835,"symmetric phi4 theory",3,2
10836,"critical end",2,2
10837,"electron positron collisions",3,2
10838,"superluminal particles",2,2
10839,"gluon fusion process",3,2
10840,"gaussian fixed",2,2
10841,"charm quark masses",3,2
10842,"phonon interactions",2,2
10843,"non fermi surfaces",3,2
10844,"reflection coefficient",2,2
10845,"elementary excitation",2,2
10846,"waiting time dependence",3,2
10847,"chiral luttinger liquid",3,2
10848,"kondo screening",2,2
10849,"density wave superconductors",3,2
10850,"mott hubbard model",3,2
10851,"pair correlation function",3,2
10852,"critical slowing",2,2
10853,"rvb state",2,2
10854,"la 1-x",2,2
10855,"dilute bose einstein condensate",4,2
10856,"doped mott",2,2
10857,"random sequential",2,2
10858,"mean field strength",3,2
10859,"thouless transition",2,2
10860,"point correlation length exponent",4,2
10861,"half filled hubbard hamiltonian",4,2
10862,"multi band hubbard hamiltonian",4,2
10863,"isotropic harmonic",2,2
10864,"sandpile models",2,2
10865,"survival probability distribution",3,2
10866,"superconducting phase space",3,2
10867,"mean free energy",3,2
10868,"compound cugeo3",2,2
10869,"ii superconductors",2,2
10870,"random singlet",2,2
10871,"waiting time",2,2
10872,"dimensional kondo",2,2
10873,"voltage characteristic",2,2
10874,"resolved photoemission",2,2
10875,"long range antiferromagnetic order",4,2
10876,"time scale invariance",3,2
10877,"2d electron system",3,2
10878,"momentum flux",2,2
10879,"nearly antiferromagnetic fermi liquid",4,2
10880,"complex algebraic structure functions",4,2
10881,"electron hole pair",3,2
10882,"tilted magnetic",2,2
10883,"low density matrix",3,2
10884,"quantum hall resistance",3,2
10885,"neighbor interactions",2,2
10886,"perpendicular magnetic field theory",4,2
10887,"random tilings",2,2
10888,"periodic anderson",2,2
10889,"tunnel barriers",2,2
10890,"hall ferromagnets",2,2
10891,"spatial variation",2,2
10892,"long range translational order",4,2
10893,"dirty limit",2,2
10894,"raman spectroscopy",2,2
10895,"umklapp scattering",2,2
10896,"quantum field induces",3,2
10897,"range hopping",2,2
10898,"superconductor insulator transitions",3,2
10899,"harmonic traps",2,2
10900,"discrete breathers",2,2
10901,"antiferromagnetic heisenberg chains",3,2
10902,"forming region",2,2
10903,"loop algorithm",2,2
10904,"approximation lda",2,2
10905,"two dimensional electron hole",4,2
10906,"length scale invariant",3,2
10907,"integrable boundary conditions",3,2
10908,"length scale dependence",3,2
10909,"diffusion monte carlo",3,2
10910,"physical situations",2,2
10911,"grain boundary",2,2
10912,"quantizing magnetic field",3,2
10913,"localization correction",2,2
10914,"hubbard chains",2,2
10915,"experimental data reduction",3,2
10916,"glass forming",2,2
10917,"spiral waves",2,2
10918,"quantum hall liquids",3,2
10919,"field theoretical studies",3,2
10920,"heisenberg chains",2,2
10921,"non ohmic",2,2
10922,"mott hubbard",2,2
10923,"underdoped high energy",3,2
10924,"antiferromagnetically ordered",2,2
10925,"self interacting electrons",3,2
10926,"superconducting gap delta",3,2
10927,"tc materials",2,2
10928,"insulator transitions",2,2
10929,"imaginary vector",2,2
10930,"4s resonance",2,2
10931,"ion beam energy",3,2
10932,"textbook lorentz",2,2
10933,"clebsch gordan",2,2
10934,"deformed virasoro",2,2
10935,"bicovariant differential",2,2
10936,"quasitriangular hopf algebra",3,2
10937,"lie algebra isomorphism",3,2
10938,"hecke algebras",2,2
10939,"integrable highest weight",3,2
10940,"yangian double",2,2
10941,"affine hecke",2,2
10942,"tensor categories",2,2
10943,"communication channel",2,1
10944,"verification phase",2,1
10945,"einstein podolsky",2,1
10946,"basic building",2,1
10947,"ideal bose",2,1
10948,"quantum bit",2,1
10949,"maximally entangled",2,1
10950,"differential difference",2,1
10951,"pasta ulam",2,1
10952,"modified kp",2,1
10953,"adjoint extensions",2,1
10954,"constrained kp",2,1
10955,"matrix valued",2,1
10956,"ns five",2,1
10957,"affine lie",2,1
10958,"brst quantization",2,1
10959,"non perturbative heterotic",3,1
10960,"dewitt equation",2,1
10961,"superconformal symmetry",2,1
10962,"non local supersymmetry",3,1
10963,"hadronic matrix",2,1
10964,"perturbative superpotential",2,1
10965,"iia string theories",3,1
10966,"blue hb",2,1
10967,"horizontal branches",2,1
10968,"si iii",2,1
10969,"non gaussianity",2,1
10970,"air cherenkov",2,1
10971,"forming disk",2,1
10972,"uv background radiation",3,1
10973,"gamma ray transient",3,1
10974,"interferometric gravitational",2,1
10975,"four body simulations",3,1
10976,"flow adaf",2,1
10977,"chromospherically active",2,1
10978,"rich globular",2,1
10979,"global star formation rate",4,1
10980,"burst error",2,1
10981,"elemental abundances",2,1
10982,"cold molecular",2,1
10983,"3cr radio",2,1
10984,"wr stars",2,1
10985,"spheroidal galaxies",2,1
10986,"highly supersonic",2,1
10987,"young radio",2,1
10988,"spectral slopes",2,1
10989,"gravitational binding",2,1
10990,"cold molecular cloud",3,1
10991,"radio emitting",2,1
10992,"relativistic beaming",2,1
10993,"s0 galaxy ngc",3,1
10994,"red clump",2,1
10995,"accretion stream",2,1
10996,"early epoch",2,1
10997,"red shifted",2,1
10998,"absorption troughs",2,1
10999,"ly alpha absorption line",4,1
11000,"ray observatory",2,1
11001,"radio surveys",2,1
11002,"error correcting",2,1
11003,"short burst",2,1
11004,"south galactic",2,1
11005,"spiral arms",2,1
11006,"primordial black hole",3,1
11007,"law inflation",2,1
11008,"surface brightness lsb",3,1
11009,"medium resolution",2,1
11010,"cosmic star formation rate",4,1
11011,"space observatory",2,1
11012,"disk wind",2,1
11013,"radial velocity dispersion",3,1
11014,"post inflationary",2,1
11015,"extrasolar giant",2,1
11016,"star formation history",3,1
11017,"brown dwarf",2,1
11018,"iron emission line",3,1
11019,"background explorer",2,1
11020,"lensed quasar pg",3,1
11021,"alpha absorption cross section",4,1
11022,"lensing cross",2,1
11023,"cosmic star clusters",3,1
11024,"telescope hst photometry",3,1
11025,"broad absorption line region",4,1
11026,"nearby spiral",2,1
11027,"moderate resolution",2,1
11028,"forming activity",2,1
11029,"hi emission",2,1
11030,"hi absorption line region",4,1
11031,"kilohertz qpo",2,1
11032,"type spiral galaxy ngc",4,1
11033,"supersymmetric yang",2,1
11034,"perturbation expansions",2,1
11035,"cone quantization dlcq",3,1
11036,"over topologies",2,1
11037,"light front form",3,1
11038,"iia string",2,1
11039,"schwarzschild black",2,1
11040,"function g2",2,1
11041,"dimensional hopf",2,1
11042,"ghost free",2,1
11043,"gravitational back",2,1
11044,"abelian gauge field equations",4,1
11045,"abelian gauge group",3,1
11046,"cone hamiltonian",2,1
11047,"time averages",2,1
11048,"type iib superstrings",3,1
11049,"walker frw",2,1
11050,"extremal limit",2,1
11051,"frame ultraviolet",2,1
11052,"zumino model",2,1
11053,"target space time",3,1
11054,"smooth calabi",2,1
11055,"iib string theory compactified",4,1
11056,"quantum field theoretic",3,1
11057,"four dimensional black hole",4,1
11058,"discretized light cone",3,1
11059,"field theory explains",3,1
11060,"picard fuchs",2,1
11061,"superconformal field",2,1
11062,"gaugino condensate",2,1
11063,"loop corrected",2,1
11064,"lower dimensional supergravity theories",4,1
11065,"field induces",2,1
11066,"non abelian gauge symmetry",4,1
11067,"microscopic spectral density matrix",4,1
11068,"odd higgs",2,1
11069,"coupled heterotic",2,1
11070,"near extreme black holes",4,1
11071,"fock approximation",2,1
11072,"fock space time",3,1
11073,"near extremal",2,1
11074,"non abelian chern simons",4,1
11075,"second chern",2,1
11076,"su wznw",2,1
11077,"perturbative series expansion",3,1
11078,"perturbative superpotentials",2,1
11079,"nonzero chemical",2,1
11080,"finite dimensional gross neveu",4,1
11081,"nambu jona",2,1
11082,"iia supergravity theories",3,1
11083,"lorentz boost",2,1
11084,"quartic coupling",2,1
11085,"green schwarz mechanism",3,1
11086,"schwarz anomaly",2,1
11087,"enhanced gauge theories",3,1
11088,"eight dimensional",2,1
11089,"metric affine",2,1
11090,"abelian gauge groups",3,1
11091,"super yang",2,1
11092,"brane bound",2,1
11093,"virasoro algebras",2,1
11094,"dual yang mills",3,1
11095,"topologically non",2,1
11096,"abelian dominance",2,1
11097,"lorentz covariant formulation",3,1
11098,"non extremal black",3,1
11099,"brane probes",2,1
11100,"time derivative",2,1
11101,"yau manifolds",2,1
11102,"line bundle over",3,1
11103,"group su lattice",3,1
11104,"preserving diffeomorphisms",2,1
11105,"space time uncertainty relations",4,1
11106,"linear schr odinger",3,1
11107,"ample line",2,1
11108,"non empty",2,1
11109,"induced chern",2,1
11110,"gamma ray emission mechanisms",4,1
11111,"kick velocity",2,1
11112,"central black",2,1
11113,"blue bump",2,1
11114,"fluorescent emission",2,1
11115,"extragalactic radio",2,1
11116,"halpha emission lines",3,1
11117,"lac object",2,1
11118,"group improved",2,1
11119,"dark clouds",2,1
11120,"low column",2,1
11121,"type spirals",2,1
11122,"gamma ray flares",3,1
11123,"dwarf galaxy ngc",3,1
11124,"selected bl",2,1
11125,"spectral coverage",2,1
11126,"liner galaxies",2,1
11127,"energetic gamma ray",3,1
11128,"hst fos",2,1
11129,"uv emission line region",4,1
11130,"observatory iso",2,1
11131,"evolved stars",2,1
11132,"diffuse gamma ray",3,1
11133,"cosmic variance",2,1
11134,"telescope compact array atca",4,1
11135,"sigma upper",2,1
11136,"active galactic magnetic field",4,1
11137,"emission weighted",2,1
11138,"momentum loss",2,1
11139,"waves propagating through",3,1
11140,"distance moduli",2,1
11141,"telescope wfpc2 observations",3,1
11142,"ray nova",2,1
11143,"mass determinations",2,1
11144,"broad band photometry",3,1
11145,"thin accretion disc",3,1
11146,"pspc data",2,1
11147,"fast fourier",2,1
11148,"selected bl lac",3,1
11149,"period luminosity relations",3,1
11150,"ray transient source",3,1
11151,"low mass gap",3,1
11152,"isolated neutron star",3,1
11153,"second lecture",2,1
11154,"walker universe",2,1
11155,"compton gamma ray flux",4,1
11156,"big blue",2,1
11157,"highest energy spectrum",3,1
11158,"redshift distortions",2,1
11159,"infrared spectroscopy",2,1
11160,"ionized medium",2,1
11161,"mg ii absorption",3,1
11162,"blue stragglers",2,1
11163,"iron abundances",2,1
11164,"becomes optically",2,1
11165,"strong curvature",2,1
11166,"radio wavelengths",2,1
11167,"eddington accretion",2,1
11168,"dissipated energy",2,1
11169,"damped lya",2,1
11170,"clump stars",2,1
11171,"index alpha absorption line",4,1
11172,"asca observatory",2,1
11173,"lyman alpha absorber",3,1
11174,"particle mesh",2,1
11175,"cluster ages",2,1
11176,"line blanketing",2,1
11177,"thick accretion",2,1
11178,"ray afterglow",2,1
11179,"barred spiral galaxies",3,1
11180,"magellanic cloud",2,1
11181,"cyg x-2",2,1
11182,"kilohertz quasi",2,1
11183,"chdm models",2,1
11184,"emission originates",2,1
11185,"starburst activity",2,1
11186,"source 2eg",2,1
11187,"mean field theoretical models",4,1
11188,"ii absorption line",3,1
11189,"alfvenic turbulence",2,1
11190,"galactic magnetic",2,1
11191,"spectroscopic surveys",2,1
11192,"thin accretion discs",3,1
11193,"spectral break",2,1
11194,"internal shocks",2,1
11195,"star forming region",3,1
11196,"hyades cluster",2,1
11197,"emission line quasars",3,1
11198,"simple stellar",2,1
11199,"telescope hst imaging",3,1
11200,"canada france",2,1
11201,"galactic centre",2,1
11202,"kev continuum",2,1
11203,"dust depletion",2,1
11204,"spectrograph stis",2,1
11205,"external galaxies",2,1
11206,"compact dwarf",2,1
11207,"vector valued",2,1
11208,"lower luminosities",2,1
11209,"space distortions",2,1
11210,"limited samples",2,1
11211,"formation activity",2,1
11212,"object spectrograph",2,1
11213,"central surface brightness lsb",4,1
11214,"gamma ray burst spectra",4,1
11215,"accretion induced",2,1
11216,"emission line profile",3,1
11217,"likelihood estimation",2,1
11218,"force resolution",2,1
11219,"core radii",2,1
11220,"spinning black hole",3,1
11221,"ii absorbers",2,1
11222,"primordial deuterium",2,1
11223,"burst error boxes",3,1
11224,"polarized flux",2,1
11225,"direct urca",2,1
11226,"distant radio",2,1
11227,"telescope hst",2,1
11228,"strong balmer",2,1
11229,"constant h0",2,1
11230,"board bepposax satellite",3,1
11231,"ii absorption systems",3,1
11232,"fractional rms",2,1
11233,"continuum photons",2,1
11234,"metallicity dependent",2,1
11235,"oiii emission lines",3,1
11236,"radial velocity curve",3,1
11237,"star forming disk galaxies",4,1
11238,"null cone",2,1
11239,"dynamical yang mills",3,1
11240,"chronology protection",2,1
11241,"standard big",2,1
11242,"gordon models",2,1
11243,"refined algebraic",2,1
11244,"lie group actions",3,1
11245,"generalized factorization",2,1
11246,"preserving diffeomorphism",2,1
11247,"dimensional simplicial",2,1
11248,"maximal abelian",2,1
11249,"angular momentum space time",4,1
11250,"lyapunov function",2,1
11251,"stress energy density",3,1
11252,"nut space",2,1
11253,"late time dependent",3,1
11254,"extremal black hole",3,1
11255,"btz black holes",3,1
11256,"static spherically",2,1
11257,"redshift distortion",2,1
11258,"non zero cosmological",3,1
11259,"velocity curves",2,1
11260,"wave impulse",2,1
11261,"einstein yang mills higgs",4,1
11262,"secular evolution",2,1
11263,"timelike curves",2,1
11264,"planck equation",2,1
11265,"extremal black hole entropy",4,1
11266,"physical grounds",2,1
11267,"hole candidate",2,1
11268,"local group su",3,1
11269,"rotating black",2,1
11270,"linear regge",2,1
11271,"ultraviolet explorer",2,1
11272,"ray astronomy",2,1
11273,"galaxy formation activity",3,1
11274,"synchrotron self",2,1
11275,"ly alpha absorption",3,1
11276,"lcdm models",2,1
11277,"uv light",2,1
11278,"type spiral arm",3,1
11279,"metal abundance ratios",3,1
11280,"absorption cross",2,1
11281,"dark matter cdm models",4,1
11282,"seyfert 1s",2,1
11283,"diagram cmd",2,1
11284,"velocity variations",2,1
11285,"planetary companion",2,1
11286,"absorbed power",2,1
11287,"broad line emitting",3,1
11288,"dispersion profile",2,1
11289,"fairly low",2,1
11290,"monte carlo event",3,1
11291,"deep inelastic neutron scattering",4,1
11292,"million hadronic",2,1
11293,"electron positron storage ring",4,1
11294,"hard diffraction",2,1
11295,"largest lyapunov",2,1
11296,"non strange",2,1
11297,"spectral correlators",2,1
11298,"dynamical yang",2,1
11299,"lattice schwinger",2,1
11300,"right symmetric",2,1
11301,"renormalization group su lattice",4,1
11302,"inverse power law",3,1
11303,"heavy ion fusion",3,1
11304,"time reversal symmetry breaking",4,1
11305,"gamma ray emission lines",4,1
11306,"root mean",2,1
11307,"energy spectrum becomes",3,1
11308,"hybrid meson",2,1
11309,"pion exchange interaction",3,1
11310,"final stage",2,1
11311,"hartree bogoliubov",2,1
11312,"quark condensates",2,1
11313,"hundred kev",2,1
11314,"circularly polarized",2,1
11315,"giant dipole",2,1
11316,"isospin dependent",2,1
11317,"mass matrix elements",3,1
11318,"lippmann schwinger",2,1
11319,"nn scattering amplitude",3,1
11320,"isoscalar channel",2,1
11321,"relativistic brueckner hartree fock",4,1
11322,"four body interactions",3,1
11323,"spoken dialogue",2,1
11324,"dialogue system",2,1
11325,"language understanding",2,1
11326,"dark matter candidate",3,1
11327,"jet shapes",2,1
11328,"violating susy",2,1
11329,"deconfined phase transition",3,1
11330,"electric flux",2,1
11331,"experimental upper",2,1
11332,"isospin violating",2,1
11333,"quark antiquark pair",3,1
11334,"relativistic heavy quark mass",4,1
11335,"long baseline neutrino mass",4,1
11336,"inclusive jet cross section",4,1
11337,"gap events",2,1
11338,"energy density waves",3,1
11339,"massive majorana",2,1
11340,"wall fermions",2,1
11341,"neutral kaon",2,1
11342,"nu tau eta",3,1
11343,"background radiation cmbr",3,1
11344,"dilepton invariant mass",3,1
11345,"cp odd higgs boson",4,1
11346,"higgs particle",2,1
11347,"cone gauge",2,1
11348,"order alphas3",2,1
11349,"sea quark mass",3,1
11350,"cl upper",2,1
11351,"infra red fixed points",4,1
11352,"muon spin",2,1
11353,"two loop algorithm",3,1
11354,"tau neutrino masses",3,1
11355,"target fragmentation",2,1
11356,"omega mixing",2,1
11357,"higgs triplets",2,1
11358,"nu tau neutrino mass",4,1
11359,"scalar partners",2,1
11360,"higgs scalars",2,1
11361,"coupling unification scale",3,1
11362,"energy cosmic ray",3,1
11363,"neutrino problems",2,1
11364,"body correlations",2,1
11365,"prompt photon",2,1
11366,"quark gluon density",3,1
11367,"external electromagnetic form factors",4,1
11368,"boson production mechanisms",3,1
11369,"quarkonium production rate",3,1
11370,"dirac neutrinos",2,1
11371,"ii superstring",2,1
11372,"triplet splitting",2,1
11373,"delta sigma model",3,1
11374,"jet rates",2,1
11375,"abelian gauge boson",3,1
11376,"d0 mixing",2,1
11377,"plus missing",2,1
11378,"supersymmetric left",2,1
11379,"quark mass hierarchy",3,1
11380,"fock calculations",2,1
11381,"semileptonic form",2,1
11382,"unitary gauge",2,1
11383,"heavy ion collider rhic",4,1
11384,"off polarized",2,1
11385,"orbitally excited",2,1
11386,"cabibbo kobayashi",2,1
11387,"maskawa matrix",2,1
11388,"q2 evolution equations",3,1
11389,"higgs doublet triplet splitting",4,1
11390,"compton amplitude",2,1
11391,"scattering dis",2,1
11392,"thermal loops",2,1
11393,"letter phys",2,1
11394,"supersymmetry breaking occurs",3,1
11395,"rapidity gaps",2,1
11396,"nu tau neutrino deficit",4,1
11397,"large tan",2,1
11398,"inclusive jet cross sections",4,1
11399,"antiquark pairs",2,1
11400,"two loop corrected",3,1
11401,"short baseline",2,1
11402,"plasma qgp",2,1
11403,"virtual compton scattering off",4,1
11404,"beta mh",2,1
11405,"phase space cal",3,1
11406,"conserving supersymmetric",2,1
11407,"two higgs scalars",3,1
11408,"ckm angle",2,1
11409,"unpolarized structure",2,1
11410,"parameter tan",2,1
11411,"simplest non abelian gauge",4,1
11412,"commensurate phase",2,1
11413,"hall liquids",2,1
11414,"repulsive hubbard",2,1
11415,"ion beam",2,1
11416,"probabilistic cellular automaton",3,1
11417,"metal superconductor",2,1
11418,"resonating valence",2,1
11419,"self organized critical exponents",4,1
11420,"algaas heterostructure",2,1
11421,"quantum hall bar",3,1
11422,"joint probability",2,1
11423,"next nearest neighbor ferromagnetic",4,1
11424,"nonlinear sigma term",3,1
11425,"time dependent ginzburg",3,1
11426,"channel kondo",2,1
11427,"sr cuo",2,1
11428,"parisi zhang",2,1
11429,"photoemission spectroscopy",2,1
11430,"bilayer heisenberg",2,1
11431,"bose glass",2,1
11432,"wise function",2,1
11433,"superconducting ground",2,1
11434,"nn scattering",2,1
11435,"binary neutron",2,1
11436,"relativistic bulk",2,1
11437,"omega phi meson",3,1
11438,"sub solar",2,1
11439,"abelian gauge symmetry breaking",4,1
11440,"higgs sectors",2,1
11441,"positron collisions",2,1
11442,"pi scattering off",3,1
11443,"four jet production",3,1
11444,"parton distribution",2,1
11445,"charge conjugate",2,1
11446,"flavor mixing matrix elements",4,1
11447,"superlight gravitino",2,1
11448,"polarized nucleons",2,1
11449,"salam model",2,1
11450,"cp eigenstates",2,1
11451,"weak dipole moment",3,1
11452,"fermion mass eigenstates",3,1
11453,"mann okubo",2,1
11454,"distribution functions f1",3,1
11455,"beta equiv",2,1
11456,"nu tau neutrino mass matrix",5,1
11457,"inelastic ep",2,1
11458,"vacuum rest",2,1
11459,"ckm matrix theory",3,1
11460,"coupling constant alphas",3,1
11461,"ultrahigh energy cosmic",3,1
11462,"polarized gluons",2,1
11463,"hearn sum rule",3,1
11464,"formation efficiency",2,1
11465,"mills higgs",2,1
11466,"laplace sum rule",3,1
11467,"charm content",2,1
11468,"nrqcd factorization",2,1
11469,"heavy quark gluon",3,1
11470,"longitudinally polarized drell yan",4,1
11471,"polarized dis",2,1
11472,"handed majorana",2,1
11473,"quark gluon exchange",3,1
11474,"gauge kinetic",2,1
11475,"bag constant",2,1
11476,"transversity distribution",2,1
11477,"intrinsic transverse",2,1
11478,"order nlo",2,1
11479,"tau neutrino oscillation",3,1
11480,"beam energies",2,1
11481,"nc gauge",2,1
11482,"tau neutrino anomaly",3,1
11483,"lambda sigma models",3,1
11484,"parity violating processes",3,1
11485,"currents fcnc",2,1
11486,"generation leptoquark",2,1
11487,"di jet",2,1
11488,"lightest higgs",2,1
11489,"ratio br",2,1
11490,"higgs searches",2,1
11491,"cpt invariance",2,1
11492,"model ssm",2,1
11493,"fermion mass matrix elements",4,1
11494,"generalized coherent",2,1
11495,"nu tau neutrino interactions",4,1
11496,"kamiokande detector",2,1
11497,"neutrino flavours",2,1
11498,"neutron electric",2,1
11499,"unpolarized structure functions",3,1
11500,"learning techniques",2,1
11501,"spoken language models",3,1
11502,"small polarons",2,1
11503,"phase slips",2,1
11504,"normal spiral",2,1
11505,"low frequency omega phi",4,1
11506,"quantum hall skyrmions",3,1
11507,"fluid mixture",2,1
11508,"3d ising spin",3,1
11509,"sound wave",2,1
11510,"quasiparticle scattering",2,1
11511,"direct sum rule",3,1
11512,"mixed valence",2,1
11513,"range repulsion",2,1
11514,"molecular beam",2,1
11515,"space time scale invariant",4,1
11516,"symmetric phi4",2,1
11517,"correlation length scale",3,1
11518,"range ising",2,1
11519,"dimensional josephson",2,1
11520,"direction perpendicular magnetic field",4,1
11521,"generalized gradient",2,1
11522,"finite dimensional ising",3,1
11523,"below tc superconductors",3,1
11524,"carlo technique",2,1
11525,"passive evolution",2,1
11526,"kinetic ising model",3,1
11527,"einstein condensed",2,1
11528,"cooling neutron",2,1
11529,"space bethe",2,1
11530,"quantum field theoretical predictions",4,1
11531,"superfluid transition",2,1
11532,"neighbor exchange",2,1
11533,"neighbor hopping",2,1
11534,"glass phase",2,1
11535,"cooling neutron scattering",3,1
11536,"ab initio quantum field",4,1
11537,"sz effect",2,1
11538,"conduction band gap",3,1
11539,"anomalous magnetic flux",3,1
11540,"inelastic electron scattering",3,1
11541,"potts antiferromagnet",2,1
11542,"avoiding walks",2,1
11543,"band hubbard",2,1
11544,"lattice gauge field",3,1
11545,"blockade regime",2,1
11546,"hall bar",2,1
11547,"backward scattering",2,1
11548,"solvable lie",2,1
11549,"elastic scattering length",3,1
11550,"carlo studies",2,1
11551,"persistence exponent",2,1
11552,"monte carlo event shape",4,1
11553,"ising type",2,1
11554,"ii superconductor",2,1
11555,"dilute bose gases",3,1
11556,"hall coefficient",2,1
11557,"square lattice sizes",3,1
11558,"spin polaron",2,1
11559,"non perturbative treatment",3,1
11560,"phonon mediated",2,1
11561,"glassy phase",2,1
11562,"commensurate phase transition",3,1
11563,"atomic parity",2,1
11564,"magnetic field induces",3,1
11565,"local density functional",3,1
11566,"dimensional electron system",3,1
11567,"heisenberg antiferromagnets",2,1
11568,"nematic liquid",2,1
11569,"rare gas",2,1
11570,"electromagnetic response",2,1
11571,"frustrated xy model",3,1
11572,"orbit coupling",2,1
11573,"correct asymptotic analysis",3,1
11574,"site energies",2,1
11575,"schwarz mechanism",2,1
11576,"quantum hall conductivity",3,1
11577,"zero temperature superconductors",3,1
11578,"landau level filling factor",4,1
11579,"electron green",2,1
11580,"finite temperature superconductors",3,1
11581,"glass models",2,1
11582,"sigma xx",2,1
11583,"parametric down",2,1
11584,"junction array",2,1
11585,"liquid fixed",2,1
11586,"gradient approximation",2,1
11587,"long range antiferromagnetic",3,1
11588,"delta hole",2,1
11589,"carlo qmc",2,1
11590,"trapped bose condensed",3,1
11591,"rate t1",2,1
11592,"sequential tunneling",2,1
11593,"hubbard like",2,1
11594,"algebraic bethe",2,1
11595,"ybco single",2,1
11596,"metal absorption",2,1
11597,"second virial",2,1
11598,"hall angle",2,1
11599,"augmented plane",2,1
11600,"superalgebra uq",2,1
11601,"tunneling microscope",2,1
11602,"bak sneppen",2,1
11603,"length exponent nu",3,1
11604,"folding problem",2,1
11605,"single bubble",2,1
11606,"deformed harmonic oscillator",3,1
11607,"critical speed",2,1
11608,"hubbard chain",2,1
11609,"spin wave superconductor",3,1
11610,"vortex lattices",2,1
11611,"preliminary experimental",2,1
11612,"auto correlation function",3,1
11613,"disordered substrate",2,1
11614,"deposition rate",2,1
11615,"finite dimensional holstein model",4,1
11616,"kinetic ising",2,1
11617,"dilute bose",2,1
11618,"theory dft",2,1
11619,"structural phase",2,1
11620,"level upper",2,1
11621,"fock bogoliubov",2,1
11622,"wide field theory",3,1
11623,"lie superalgebras",2,1
11624,"quasi long",2,1
11625,"momentum conservation law",3,1
11626,"harmonic oscillator algebras",3,1
11627,"exit problem",2,1
11628,"nonlinear schroedinger",2,1
11629,"electron storage",2,1
11630,"electron positron pair creation",4,1
11631,"hybrid monte",2,1
11632,"carlo simulation techniques",3,1
11633,"pseudo riemannian",2,1
11634,"hilbert space l2",3,1
11635,"broken time reversal",3,1
11636,"group su einstein",3,1
11637,"differential calculi",2,1
11638,"deformed heisenberg",2,1
11639,"moody algebras",2,1
11640,"enveloping algebra",2,1
11641,"banach space",2,1
11642,"mathematical structure",2,1
11643,"universal cal",2,1
11644,"standard hopf algebras",3,1
