rank,term,n_tokens,freq
1,"two dimensional",2,1127
2,"field theory",2,1000
3,"magnetic field",2,782
4,"standard model",2,746
5,"simple model",2,731
6,"high resolution",2,637
7,"ground state",2,629
8,"experimental data",2,627
9,"low energy",2,587
10,"first order",2,573
11,"phase transition",2,489
12,"large scale",2,484
13,"second order",2,479
14,"new approach",2,479
15,"low temperature",2,444
16,"high energy",2,443
17,"quantum mechanics",2,390
18,"mean field",2,383
19,"power law",2,375
20,"numerical simulations",2,363
21,"phys rev",2,361
22,"three dimensional",2,360
23,"space time",2,355
24,"energy spectrum",2,350
25,"non linear",2,349
26,"finite dimensional",2,348
27,"large number",2,344
28,"effective potential",2,340
29,"time evolution",2,330
30,"phase space",2,330
31,"non local",2,327
32,"dark matter",2,315
33,"dynamical systems",2,309
34,"new physics",2,306
35,"time dependent",2,304
36,"boundary conditions",2,300
37,"cross section",2,296
38,"long range",2,295
39,"ray emission",2,288
40,"wave function",2,286
41,"cosmological constant",2,282
42,"leading order",2,282
43,"self consistent",2,276
44,"special case",2,274
45,"order parameter",2,273
46,"non trivial",2,269
47,"non zero",2,269
48,"low mass",2,268
49,"general relativity",2,263
50,"model independent",2,259
51,"perturbation theory",2,258
52,"spectral properties",2,257
53,"initial conditions",2,255
54,"critical temperature",2,253
55,"two types",2,253
56,"two components",2,248
57,"theoretical analysis",2,247
58,"strong coupling",2,244
59,"energy density",2,240
60,"exact solutions",2,239
61,"physical properties",2,237
62,"quantum information",2,231
63,"free energy",2,229
64,"large class",2,226
65,"two photon",2,225
66,"transition temperature",2,221
67,"galaxy clusters",2,221
68,"higher order",2,220
69,"new class",2,220
70,"statistical properties",2,213
71,"distribution function",2,213
72,"three dimensions",2,212
73,"initial state",2,211
74,"parameter space",2,209
75,"high temperature",2,208
76,"lower bound",2,207
77,"monte carlo simulations",3,207
78,"detailed analysis",2,205
79,"string theory",2,205
80,"angular momentum",2,204
81,"local density",2,202
82,"phase transitions",2,201
83,"real space",2,201
84,"data set",2,201
85,"effective mass",2,201
86,"two dimensions",2,200
87,"type ii",2,199
88,"black hole",2,198
89,"cosmological models",2,198
90,"gauge theory",2,198
91,"einstein equations",2,196
92,"symmetry breaking",2,195
93,"scalar field",2,194
94,"galaxy formation",2,193
95,"system size",2,191
96,"single particle",2,190
97,"correlation function",2,190
98,"magnetic properties",2,189
99,"magnetic fields",2,188
100,"two component",2,188
101,"two body",2,187
102,"time dependence",2,184
103,"black holes",2,183
104,"energy momentum",2,181
105,"near infrared",2,180
106,"final state",2,179
107,"exact solution",2,178
108,"new technique",2,177
109,"wave functions",2,177
110,"matrix elements",2,175
111,"classical limit",2,174
112,"electronic structure",2,173
113,"chandra observations",2,173
114,"particle physics",2,172
115,"higher dimensional",2,171
116,"quantum gravity",2,171
117,"power spectrum",2,171
118,"zero temperature",2,167
119,"fixed point",2,167
120,"upper limit",2,167
121,"electronic states",2,165
122,"specific heat",2,164
123,"hilbert space",2,163
124,"first principles",2,163
125,"coupling constant",2,162
126,"phase diagram",2,162
127,"optical spectra",2,162
128,"invariant under",2,161
129,"pure states",2,160
130,"number density",2,160
131,"arbitrary number",2,159
132,"mean field theory",3,159
133,"form factor",2,159
134,"quark mass",2,159
135,"lattice qcd",2,159
136,"theoretical predictions",2,158
137,"representation theory",2,157
138,"quantum fluctuations",2,157
139,"moduli space",2,157
140,"binary system",2,157
141,"sigma model",2,157
142,"steady state",2,156
143,"sufficient condition",2,156
144,"high energies",2,156
145,"structure functions",2,155
146,"four dimensional",2,154
147,"structure formation",2,151
148,"superconducting state",2,151
149,"short range",2,150
150,"monte carlo",2,150
151,"scalar fields",2,150
152,"mass ratio",2,149
153,"bound state",2,148
154,"probability distribution",2,148
155,"cross sections",2,146
156,"final states",2,145
157,"complete set",2,145
158,"numerical simulation",2,145
159,"low temperatures",2,145
160,"radio emission",2,145
161,"coherent state",2,144
162,"high temperatures",2,144
163,"two qubit",2,143
164,"least two",2,143
165,"effective action",2,143
166,"self interaction",2,142
167,"evolution equations",2,141
168,"thin films",2,141
169,"finite size",2,141
170,"closed form",2,140
171,"dynamics simulations",2,140
172,"bound states",2,140
173,"coherent states",2,139
174,"quantum mechanical",2,139
175,"chemical potential",2,139
176,"form factors",2,139
177,"neutron stars",2,139
178,"xmm newton",2,139
179,"spiral galaxies",2,138
180,"critical point",2,137
181,"differential equation",2,137
182,"self similar",2,137
183,"non equilibrium",2,136
184,"partition function",2,136
185,"critical value",2,136
186,"emission lines",2,136
187,"cp violation",2,136
188,"transport through",2,135
189,"transport properties",2,135
190,"low frequency",2,135
191,"binary systems",2,135
192,"first observation",2,135
193,"strongly coupled",2,133
194,"infinite number",2,133
195,"spin polarization",2,133
196,"symmetry group",2,133
197,"mass function",2,133
198,"quantum computation",2,132
199,"spectral energy",2,132
200,"star formation",2,132
201,"numerical calculations",2,130
202,"charged particles",2,130
203,"zero point",2,129
204,"electric field",2,129
205,"spatial distribution",2,128
206,"spherically symmetric",2,127
207,"upper bounds",2,127
208,"early universe",2,126
209,"optical spectroscopy",2,126
210,"ground states",2,125
211,"effective hamiltonian",2,124
212,"field theories",2,124
213,"non universal",2,124
214,"small values",2,124
215,"general relativistic",2,124
216,"radio galaxies",2,124
217,"external fields",2,123
218,"molecular dynamics",2,123
219,"double well",2,123
220,"early type",2,123
221,"ray spectra",2,123
222,"chiral symmetry",2,123
223,"renormalization group",2,122
224,"optical lattice",2,122
225,"spectroscopic observations",2,122
226,"coulomb interaction",2,121
227,"spin correlations",2,120
228,"spin gap",2,119
229,"dirac equation",2,119
230,"two classes",2,118
231,"matrix models",2,118
232,"sufficient conditions",2,118
233,"non perturbative",2,118
234,"wide field",2,118
235,"gauge fields",2,118
236,"confidence level",2,117
237,"total number",2,117
238,"green function",2,117
239,"low luminosity",2,117
240,"vacuum state",2,116
241,"theoretical models",2,116
242,"statistical analysis",2,116
243,"light curves",2,116
244,"heavy ion collisions",3,116
245,"single mode",2,115
246,"galactic center",2,115
247,"interaction strength",2,114
248,"small amplitude",2,114
249,"finitely generated",2,114
250,"high frequency",2,114
251,"molecular gas",2,114
252,"excited state",2,113
253,"cosmological model",2,113
254,"high redshift",2,113
255,"ray luminosity",2,113
256,"entangled states",2,112
257,"density matrix",2,112
258,"dynamical evolution",2,112
259,"plane wave",2,112
260,"upper bound",2,111
261,"vector field",2,110
262,"theoretical calculations",2,110
263,"central star",2,109
264,"non thermal",2,109
265,"upper limits",2,109
266,"babar detector",2,109
267,"momentum space",2,108
268,"quantum dot",2,108
269,"explicit form",2,107
270,"second part",2,107
271,"weak coupling",2,107
272,"localized states",2,106
273,"two loop",2,106
274,"flat space",2,106
275,"point like",2,106
276,"yang mills",2,106
277,"spin fluctuations",2,105
278,"many body",2,105
279,"algebraic structure",2,105
280,"differential equations",2,105
281,"main sequence",2,105
282,"accretion disk",2,105
283,"long time",2,104
284,"large scale structure",3,103
285,"light scattering",2,103
286,"energy levels",2,103
287,"harmonic oscillator",2,102
288,"time series",2,102
289,"total mass",2,102
290,"correlation functions",2,102
291,"finite temperature",2,102
292,"neutron star",2,102
293,"quark masses",2,102
294,"heavy quark",2,102
295,"branching fraction",2,101
296,"band structure",2,101
297,"wave equation",2,101
298,"mass spectrum",2,101
299,"many particle",2,100
300,"square lattice",2,100
301,"strongly correlated",2,100
302,"main theorem",2,100
303,"time scale",2,99
304,"random walks",2,99
305,"solid state",2,99
306,"lie algebra",2,99
307,"mass distribution",2,99
308,"stellar mass",2,99
309,"gauge couplings",2,99
310,"non interacting",2,98
311,"fermi surface",2,98
312,"growth rate",2,98
313,"structural properties",2,98
314,"euclidean space",2,98
315,"discrete time",2,97
316,"open problem",2,97
317,"scale structure",2,97
318,"explicit formula",2,97
319,"data sets",2,97
320,"non vanishing",2,97
321,"shell model",2,97
322,"non relativistic",2,97
323,"cosmological parameters",2,96
324,"observational data",2,96
325,"sloan digital sky survey",4,96
326,"solar masses",2,96
327,"gauge coupling",2,96
328,"hubbard model",2,95
329,"single crystals",2,95
330,"complex plane",2,95
331,"non compact",2,95
332,"total energy",2,95
333,"nuclear matter",2,95
334,"two dimensional 2d",3,94
335,"point source",2,94
336,"master equation",2,94
337,"spectral analysis",2,94
338,"gauge theories",2,94
339,"energy gap",2,93
340,"mode coupling",2,93
341,"two step",2,93
342,"critical behavior",2,93
343,"branching ratios",2,93
344,"young stars",2,93
345,"mass energies",2,93
346,"perturbative qcd",2,93
347,"mixed states",2,92
348,"large enough",2,92
349,"random variables",2,92
350,"numerical solution",2,92
351,"bose einstein condensates",3,92
352,"decay rate",2,92
353,"interstellar medium",2,92
354,"two species",2,91
355,"explicit construction",2,91
356,"integral over",2,91
357,"phase approximation",2,91
358,"supersymmetry breaking",2,91
359,"formation process",2,90
360,"high quality",2,90
361,"data indicate",2,90
362,"local group",2,90
363,"radial velocity",2,90
364,"thermodynamic limit",2,89
365,"short time",2,89
366,"semi classical",2,89
367,"current voltage",2,89
368,"small scale",2,89
369,"temperature dependence",2,89
370,"continuum limit",2,89
371,"light curve",2,89
372,"quantum interference",2,88
373,"decay rates",2,88
374,"scaling behavior",2,88
375,"lowest order",2,88
376,"model predicts",2,88
377,"de sitter",2,88
378,"psi decays",2,88
379,"fundamental group",2,87
380,"configuration space",2,87
381,"main features",2,87
382,"radio source",2,87
383,"massive stars",2,87
384,"finite volume",2,86
385,"integrable systems",2,86
386,"probability distributions",2,86
387,"existing data",2,86
388,"weakly coupled",2,86
389,"distribution functions",2,86
390,"ray sources",2,86
391,"stellar objects",2,86
392,"models predict",2,86
393,"neutrino mass",2,86
394,"mixed state",2,86
395,"excited states",2,85
396,"continuous time",2,85
397,"electromagnetic fields",2,85
398,"size distribution",2,85
399,"non degenerate",2,85
400,"feshbach resonance",2,85
401,"physical parameters",2,85
402,"frequency range",2,85
403,"free parameters",2,85
404,"type stars",2,85
405,"systematic errors",2,85
406,"quark matter",2,85
407,"precision measurements",2,85
408,"level atoms",2,84
409,"four point",2,84
410,"universality class",2,84
411,"normal form",2,84
412,"non commutative",2,84
413,"irreducible representations",2,84
414,"neutron scattering",2,84
415,"gauge invariant",2,84
416,"massive star",2,84
417,"particle production",2,84
418,"fine structure",2,83
419,"probability density",2,83
420,"dispersion relation",2,83
421,"domain wall",2,83
422,"spectral function",2,83
423,"inelastic scattering",2,83
424,"flux density",2,83
425,"finitely many",2,83
426,"physical conditions",2,83
427,"fixed points",2,83
428,"monte carlo simulation",3,83
429,"high efficiency",2,83
430,"linear collider",2,83
431,"basis set",2,82
432,"asymptotic behavior",2,82
433,"experimental constraints",2,82
434,"thermal equilibrium",2,82
435,"four dimensions",2,82
436,"hole mass",2,82
437,"electric fields",2,82
438,"solar system",2,82
439,"ray absorption",2,82
440,"single crystal",2,81
441,"brownian motion",2,81
442,"ab initio",2,81
443,"symmetric functions",2,81
444,"parameter family",2,81
445,"spectral type",2,81
446,"fermi energy",2,81
447,"low energies",2,81
448,"dark energy",2,81
449,"special relativity",2,80
450,"statistical mechanics",2,80
451,"length scales",2,80
452,"surface density",2,80
453,"discrete spectrum",2,80
454,"sum rules",2,79
455,"thermal fluctuations",2,79
456,"gravitational lensing",2,79
457,"deep survey",2,79
458,"charge density",2,79
459,"decay width",2,79
460,"analytical expressions",2,78
461,"random matrix",2,78
462,"external magnetic field",3,78
463,"electromagnetic field",2,78
464,"network models",2,78
465,"disordered systems",2,78
466,"range interactions",2,78
467,"molecular dynamics simulations",3,78
468,"symmetric group",2,78
469,"numerical solutions",2,78
470,"strong magnetic field",3,78
471,"single photon",2,78
472,"strong correlation",2,78
473,"scalar field theory",3,78
474,"open string",2,78
475,"quantum coherence",2,77
476,"gravitational collapse",2,77
477,"experimental studies",2,77
478,"kinetic energy",2,77
479,"high statistics",2,77
480,"spin dependent",2,77
481,"quantum numbers",2,77
482,"stochastic processes",2,77
483,"complex structures",2,77
484,"nuclear structure",2,77
485,"broad range",2,77
486,"first detection",2,77
487,"combined effect",2,76
488,"scattering processes",2,76
489,"free groups",2,76
490,"electron systems",2,76
491,"conformal field theory",3,76
492,"real time",2,76
493,"compact stars",2,76
494,"meson decays",2,76
495,"tree level",2,76
496,"extra dimensions",2,76
497,"expectation value",2,75
498,"single molecule",2,75
499,"anderson model",2,75
500,"cuprate superconductors",2,75
501,"fundamental physics",2,75
502,"modules over",2,75
503,"einstein gravity",2,75
504,"pi pi0",2,75
505,"vector fields",2,75
506,"special attention",2,74
507,"heisenberg model",2,74
508,"stochastic process",2,74
509,"strongly interacting",2,74
510,"energy distribution",2,74
511,"gas phase",2,74
512,"elastic scattering",2,74
513,"radiation field",2,73
514,"fermi level",2,73
515,"long term",2,73
516,"quantum channel",2,73
517,"theoretical description",2,73
518,"wide class",2,73
519,"simple proof",2,73
520,"numerical methods",2,73
521,"random walk",2,73
522,"experimental observations",2,73
523,"density approximation",2,73
524,"non gaussian",2,73
525,"diffusion equation",2,73
526,"self dual",2,73
527,"flat universe",2,73
528,"redshift survey",2,73
529,"neutrino masses",2,73
530,"ads cft correspondence",3,73
531,"markov chain",2,72
532,"large area",2,72
533,"chaotic systems",2,72
534,"precision measurement",2,72
535,"time domain",2,72
536,"ray scattering",2,72
537,"central regions",2,72
538,"boundary condition",2,72
539,"initial data",2,72
540,"spin chain",2,72
541,"green functions",2,72
542,"xmm newton observations",3,72
543,"central region",2,72
544,"orthogonal polynomials",2,71
545,"interacting via",2,71
546,"wave propagation",2,71
547,"charge transfer",2,71
548,"excitation spectra",2,71
549,"functional theory",2,71
550,"delta function",2,71
551,"complex manifold",2,71
552,"lie group",2,71
553,"point correlation",2,71
554,"high tc",2,71
555,"ginzburg landau",2,71
556,"stellar evolution",2,71
557,"new generation",2,71
558,"stat syst",2,71
559,"pure state",2,70
560,"temperature dependent",2,70
561,"perpendicular magnetic field",3,70
562,"value problem",2,70
563,"now well",2,70
564,"spin polarized",2,70
565,"hot gas",2,70
566,"electronic properties",2,69
567,"spontaneously broken",2,69
568,"high precision",2,69
569,"arbitrary dimension",2,69
570,"scattering length",2,69
571,"correlation length",2,69
572,"scaling properties",2,69
573,"high velocity",2,69
574,"scaling law",2,69
575,"chiral limit",2,69
576,"brane cosmology",2,69
577,"emission line",2,69
578,"dwarf galaxies",2,69
579,"loop corrections",2,69
580,"maxwell equations",2,69
581,"belle detector",2,69
582,"nn gev",2,69
583,"schroedinger equation",2,68
584,"schr odinger",2,68
585,"direct measurement",2,68
586,"nearest neighbor",2,68
587,"tensor product",2,68
588,"infinite dimensional",2,68
589,"non abelian",2,68
590,"abelian group",2,68
591,"full set",2,68
592,"topological properties",2,68
593,"feynman diagrams",2,68
594,"gauge group",2,68
595,"density profiles",2,68
596,"hubble space telescope",3,68
597,"stellar surface",2,68
598,"average value",2,68
599,"luminosity function",2,68
600,"chemical evolution",2,68
601,"effective lagrangian",2,68
602,"differential cross section",3,68
603,"quasi classical",2,67
604,"broad band",2,67
605,"long distance",2,67
606,"normal metal",2,67
607,"degree distribution",2,67
608,"self consistently",2,67
609,"transfer matrix",2,67
610,"higher dimensions",2,67
611,"prime number",2,67
612,"mean value",2,67
613,"self energy",2,67
614,"linear regime",2,67
615,"path integral",2,67
616,"perfect fluid",2,67
617,"kaluza klein",2,67
618,"surface brightness",2,67
619,"star clusters",2,67
620,"galaxy ngc",2,67
621,"rare decays",2,67
622,"short distance",2,67
623,"explicit expressions",2,66
624,"search algorithm",2,66
625,"linear optical",2,66
626,"electric charge",2,66
627,"electron hole",2,66
628,"computer simulations",2,66
629,"density wave",2,66
630,"complex networks",2,66
631,"homogeneous spaces",2,66
632,"kinetic theory",2,66
633,"gravitational field",2,66
634,"coarse grained",2,65
635,"inverse problem",2,65
636,"power law behavior",3,65
637,"thermodynamic properties",2,65
638,"magnetic field theory",3,65
639,"bose gas",2,65
640,"giving rise",2,65
641,"deep inelastic scattering",3,65
642,"hopf algebra",2,65
643,"time scales",2,65
644,"gauge symmetries",2,65
645,"low energy spectrum",3,65
646,"third order",2,65
647,"charged particle",2,65
648,"accelerated expansion",2,65
649,"scalar curvature",2,65
650,"bursts grbs",2,65
651,"star forming",2,65
652,"scattering amplitudes",2,65
653,"explicit expression",2,64
654,"late time",2,64
655,"film thickness",2,64
656,"half filling",2,64
657,"exact diagonalization",2,64
658,"exchange interactions",2,64
659,"asymptotic behaviour",2,64
660,"generating function",2,64
661,"current density",2,64
662,"theoretical framework",2,64
663,"tight binding",2,64
664,"redshift range",2,64
665,"electron beam",2,64
666,"pair production",2,64
667,"novel type",2,63
668,"free electron",2,63
669,"two dimensional electron",3,63
670,"physical interpretation",2,63
671,"multiple scattering",2,63
672,"sum over",2,63
673,"simply connected",2,63
674,"metric spaces",2,63
675,"population dynamics",2,63
676,"structure factor",2,63
677,"toy model",2,63
678,"magnetic flux",2,63
679,"internal structure",2,63
680,"beta function",2,63
681,"stability analysis",2,63
682,"gamma ray emission",3,63
683,"rest frame",2,63
684,"higher spin",2,63
685,"branching ratio",2,63
686,"integrated luminosity",2,63
687,"wmap data",2,63
688,"laser beam",2,62
689,"low lying",2,62
690,"potential barrier",2,62
691,"quantum groups",2,62
692,"fitting parameters",2,62
693,"negative values",2,62
694,"metal insulator",2,62
695,"coulomb interactions",2,62
696,"gravitational waves",2,62
697,"red galaxies",2,62
698,"active galactic nuclei agn",4,62
699,"spectral index",2,62
700,"exchange interaction",2,62
701,"near threshold",2,62
702,"large numbers",2,62
703,"closed under",2,61
704,"antiferromagnetic order",2,61
705,"triangular lattice",2,61
706,"moduli spaces",2,61
707,"characteristic zero",2,61
708,"bose einstein condensate",3,61
709,"binding energy",2,61
710,"zero modes",2,61
711,"noise level",2,60
712,"magnetic resonance",2,60
713,"cold atoms",2,60
714,"odd number",2,60
715,"high degree",2,60
716,"fourier transform",2,60
717,"wave vector",2,60
718,"integral equation",2,60
719,"condensed matter",2,60
720,"physical processes",2,60
721,"length scale",2,60
722,"effective temperature",2,60
723,"host galaxy",2,60
724,"photometric observations",2,60
725,"direct detection",2,60
726,"nearby galaxies",2,60
727,"rotation axis",2,60
728,"next generation",2,60
729,"magnetic moments",2,60
730,"production cross section",3,60
731,"chiral perturbation theory",3,60
732,"quark gluon",2,60
733,"collective excitations",2,59
734,"coupling strength",2,59
735,"fermi liquid",2,59
736,"coulomb potential",2,59
737,"analytical solution",2,59
738,"finite temperatures",2,59
739,"big bang",2,59
740,"brane world",2,59
741,"cold dark matter",3,59
742,"spectroscopic data",2,59
743,"gamma rays",2,59
744,"linear polarization",2,59
745,"photon emission",2,59
746,"branching fractions",2,59
747,"nucleus collisions",2,59
748,"supersymmetric quantum",2,58
749,"physical observables",2,58
750,"critical temperature tc",3,58
751,"quantum information processing",3,58
752,"small perturbations",2,58
753,"potential applications",2,58
754,"bethe ansatz",2,58
755,"angular velocity",2,58
756,"high energy spectrum",3,58
757,"coupling constants",2,58
758,"transverse momentum",2,58
759,"lower limit",2,58
760,"preliminary analysis",2,58
761,"observational constraints",2,58
762,"matter fields",2,58
763,"bar nu",2,58
764,"pb collisions",2,58
765,"quantum computing",2,57
766,"von neumann",2,57
767,"physical mechanism",2,57
768,"dipole interaction",2,57
769,"earlier result",2,57
770,"quantum dots",2,57
771,"time resolved",2,57
772,"low temperature dependence",3,57
773,"energy distributions",2,57
774,"white dwarf",2,57
775,"well suited",2,57
776,"angular momenta",2,56
777,"long range interactions",3,56
778,"charge transport",2,56
779,"linear response",2,56
780,"statistical physics",2,56
781,"point contact",2,56
782,"numerical computation",2,56
783,"density fluctuations",2,56
784,"high resolution spectroscopy",3,56
785,"high pressure",2,56
786,"bundle over",2,56
787,"matrix element",2,56
788,"neutral gas",2,56
789,"interacting fermions",2,56
790,"long lived",2,56
791,"relaxation time",2,56
792,"briefly reviewed",2,56
793,"light cone",2,56
794,"strong constraints",2,56
795,"super yang mills",3,56
796,"thermal radiation",2,56
797,"active galaxies",2,56
798,"optical depth",2,56
799,"lattice gauge",2,56
800,"matter waves",2,55
801,"spin boson",2,55
802,"expectation values",2,55
803,"ising model",2,55
804,"finite difference",2,55
805,"phase transition temperature",3,55
806,"exchange coupling",2,55
807,"periodic boundary conditions",3,55
808,"differential geometry",2,55
809,"open problems",2,55
810,"magnetization measurements",2,55
811,"diffusion process",2,55
812,"complete sample",2,55
813,"harmonic analysis",2,55
814,"stellar masses",2,55
815,"proper motion",2,55
816,"hadron colliders",2,55
817,"tev scale",2,55
818,"invariant mass",2,55
819,"loop level",2,55
820,"proton collisions",2,55
821,"entangled photons",2,54
822,"hartree fock",2,54
823,"polynomial time",2,54
824,"arbitrary values",2,54
825,"transverse magnetic field",3,54
826,"coupled channel",2,54
827,"time delay",2,54
828,"first order parameter",3,54
829,"stationary solutions",2,54
830,"gravitational interaction",2,54
831,"disk galaxies",2,54
832,"high signal",2,54
833,"absorption line",2,54
834,"cosmic ray",2,54
835,"extragalactic sources",2,54
836,"relativistic jets",2,54
837,"globular cluster",2,54
838,"off diagonal",2,54
839,"solar neutrinos",2,54
840,"qcd corrections",2,54
841,"eigenvalue problem",2,54
842,"analytic solution",2,54
843,"threshold value",2,53
844,"necessary condition",2,53
845,"real numbers",2,53
846,"thin film",2,53
847,"strong magnetic",2,53
848,"ab initio calculations",3,53
849,"symplectic manifolds",2,53
850,"central limit",2,53
851,"magnetic moment",2,53
852,"periodic potential",2,53
853,"experimental observation",2,53
854,"power series",2,53
855,"linear stability",2,53
856,"gravitational potential",2,53
857,"deep field",2,53
858,"wavelength range",2,53
859,"ray flux",2,53
860,"cosmic microwave background",3,53
861,"off shell",2,53
862,"neutral current",2,53
863,"higgs boson",2,53
864,"lattice constant",2,53
865,"small angle",2,53
866,"bell inequalities",2,52
867,"spatial dimension",2,52
868,"superconducting phase",2,52
869,"conservation laws",2,52
870,"equivalence classes",2,52
871,"real part",2,52
872,"riemannian manifold",2,52
873,"non negative",2,52
874,"positive integer",2,52
875,"left handed",2,52
876,"gauge field theory",3,52
877,"normal state",2,52
878,"scale factor",2,52
879,"electron density",2,52
880,"ii regions",2,52
881,"galaxy population",2,52
882,"type ia supernovae",3,52
883,"evolutionary models",2,52
884,"spectral resolution",2,52
885,"pp collisions",2,52
886,"phase shifts",2,52
887,"fourth order",2,52
888,"current understanding",2,52
889,"decay modes",2,52
890,"density operator",2,51
891,"spin relaxation",2,51
892,"treated within",2,51
893,"exactly solvable",2,51
894,"phase diagrams",2,51
895,"mathematical structure",2,51
896,"experimental findings",2,51
897,"hall effect",2,51
898,"non orthogonal",2,51
899,"lower temperatures",2,51
900,"spatial dimensions",2,51
901,"stationary state",2,51
902,"single layer",2,51
903,"algebraic curve",2,51
904,"de la",2,51
905,"elliptic curve",2,51
906,"surface tension",2,51
907,"variational approach",2,51
908,"lattice gauge theory",3,51
909,"photometric redshifts",2,51
910,"charged lepton",2,51
911,"rest mass",2,50
912,"quantum communication",2,50
913,"theoretical prediction",2,50
914,"al nature",2,50
915,"particle hole",2,50
916,"geometric structures",2,50
917,"asymptotic expansion",2,50
918,"differential operators",2,50
919,"fine tuning",2,50
920,"energy loss",2,50
921,"special emphasis",2,50
922,"long wavelength",2,50
923,"frequency omega",2,50
924,"density profile",2,50
925,"test particles",2,50
926,"synchrotron radiation",2,50
927,"light nuclei",2,50
928,"minimally coupled",2,50
929,"control over",2,50
930,"chaotic behavior",2,49
931,"spatial correlations",2,49
932,"loop quantum",2,49
933,"nuclear spin",2,49
934,"cond mat",2,49
935,"simplest case",2,49
936,"classical mechanics",2,49
937,"josephson junction",2,49
938,"molecular cloud",2,49
939,"space time evolution",3,49
940,"complete classification",2,49
941,"random graph",2,49
942,"phase shift",2,49
943,"functional form",2,49
944,"sum rule",2,49
945,"velocity fields",2,49
946,"large array",2,49
947,"event horizon",2,49
948,"host galaxies",2,49
949,"red giant",2,49
950,"galactic plane",2,49
951,"distant galaxies",2,49
952,"velocity dispersion",2,49
953,"power spectra",2,49
954,"sky survey",2,49
955,"systematic error",2,49
956,"decay widths",2,49
957,"decay mode",2,49
958,"white noise",2,48
959,"group velocity",2,48
960,"weyl group",2,48
961,"lorentz group",2,48
962,"metastable states",2,48
963,"gaussian random",2,48
964,"square root",2,48
965,"source population",2,48
966,"phase space time",3,48
967,"zero frequency",2,48
968,"geometric description",2,48
969,"schrodinger equation",2,48
970,"transition temperature dependence",3,48
971,"microscopic theory",2,48
972,"significant differences",2,48
973,"frequency dependence",2,48
974,"lorentz invariance",2,48
975,"gravitational wave",2,48
976,"relativistic quantum",2,48
977,"parameter lambda",2,48
978,"uv spectra",2,48
979,"broad line",2,48
980,"electron positron",2,48
981,"scaling analysis",2,48
982,"pseudoscalar meson",2,48
983,"electroweak symmetry breaking",3,48
984,"nonlinear evolution",2,48
985,"minimal supersymmetric standard model",4,48
986,"cosmic rays",2,48
987,"difference equation",2,47
988,"photon number",2,47
989,"number counts",2,47
990,"chiral symmetry breaking",3,47
991,"optical conductivity",2,47
992,"energy eigenvalues",2,47
993,"law behavior",2,47
994,"critical line",2,47
995,"vortex state",2,47
996,"surface layers",2,47
997,"mixing induced",2,47
998,"dynamical mean field theory",4,47
999,"unique up",2,47
1000,"omega lambda",2,47
1001,"limit theorem",2,47
1002,"integral representation",2,47
1003,"linear transformations",2,47
1004,"orbit coupling",2,47
1005,"hard core",2,47
1006,"transport measurements",2,47
1007,"computer simulation",2,47
1008,"kinetic equations",2,47
1009,"shear flow",2,47
1010,"critical temperature dependence",3,47
1011,"algebraic geometry",2,47
1012,"spacetime dimensions",2,47
1013,"xmm newton observation",3,47
1014,"body simulations",2,47
1015,"absolute magnitude",2,47
1016,"relativistic electrons",2,47
1017,"proton decay",2,47
1018,"positive parity",2,47
1019,"coordinate system",2,47
1020,"slow roll inflation",3,47
1021,"non singular",2,47
1022,"short term",2,46
1023,"dinger equation",2,46
1024,"elementary proof",2,46
1025,"large deviation",2,46
1026,"average distance",2,46
1027,"nuclear spins",2,46
1028,"quantum critical",2,46
1029,"room temperature",2,46
1030,"scaling limit",2,46
1031,"collective modes",2,46
1032,"orbit interaction",2,46
1033,"operator algebras",2,46
1034,"unified approach",2,46
1035,"quantum corrections",2,46
1036,"domain walls",2,46
1037,"cluster size",2,46
1038,"field strength",2,46
1039,"laser pulses",2,46
1040,"strong disorder",2,46
1041,"soliton model",2,46
1042,"spatially resolved",2,46
1043,"soft gamma",2,46
1044,"decay constant",2,46
1045,"approximation scheme",2,46
1046,"current fluctuations",2,46
1047,"cross over",2,46
1048,"high sensitivity",2,46
1049,"elementary particles",2,46
1050,"white dwarfs",2,46
1051,"light quarks",2,46
1052,"general expressions",2,46
1053,"seiberg witten",2,46
1054,"total cross section",3,46
1055,"spatial scales",2,46
1056,"particle moving",2,45
1057,"wigner function",2,45
1058,"hamiltonian formalism",2,45
1059,"impurity model",2,45
1060,"low energy density",3,45
1061,"quasi periodic",2,45
1062,"large radii",2,45
1063,"single atom",2,45
1064,"riemannian manifolds",2,45
1065,"zeta functions",2,45
1066,"rational functions",2,45
1067,"integrable system",2,45
1068,"stationary states",2,45
1069,"basic features",2,45
1070,"electromagnetic waves",2,45
1071,"initial condition",2,45
1072,"heat capacity",2,45
1073,"column density",2,45
1074,"detailed description",2,45
1075,"geometric properties",2,45
1076,"light rays",2,45
1077,"dark matter halos",3,45
1078,"light ratio",2,45
1079,"gravitational radiation",2,45
1080,"high accuracy",2,45
1081,"two body interactions",3,45
1082,"mid infrared",2,45
1083,"during inflation",2,45
1084,"point sources",2,45
1085,"lattice spacing",2,45
1086,"direct sum",2,44
1087,"end up",2,44
1088,"two dimensional electron systems",4,44
1089,"driving field",2,44
1090,"thermal conductivity",2,44
1091,"data points",2,44
1092,"experimental realization",2,44
1093,"clustering properties",2,44
1094,"carbon nanotubes",2,44
1095,"numerical estimates",2,44
1096,"bias voltage",2,44
1097,"cosmic string",2,44
1098,"radial distribution",2,44
1099,"active galactic nuclei",3,44
1100,"galactic halo",2,44
1101,"local universe",2,44
1102,"standard model independent",3,44
1103,"beta decay",2,44
1104,"three loop",2,44
1105,"baryon number",2,44
1106,"quant ph",2,44
1107,"bosonic string",2,44
1108,"randall sundrum",2,44
1109,"spontaneous symmetry breaking",3,44
1110,"two micron",2,44
1111,"differential operator",2,43
1112,"cluster environment",2,43
1113,"hydrogen atom",2,43
1114,"parameter regimes",2,43
1115,"topological invariants",2,43
1116,"asymptotic formula",2,43
1117,"unusual properties",2,43
1118,"tunneling current",2,43
1119,"geometrical structure",2,43
1120,"flux densities",2,43
1121,"confining potential",2,43
1122,"high speed",2,43
1123,"size distributions",2,43
1124,"superconducting gap",2,43
1125,"lattice gas",2,43
1126,"analogous result",2,43
1127,"commutative ring",2,43
1128,"calabi yau",2,43
1129,"monte carlo algorithm",3,43
1130,"phase difference",2,43
1131,"pairing interaction",2,43
1132,"analytical expression",2,43
1133,"chemical composition",2,43
1134,"massless scalar field",3,43
1135,"extra dimension",2,43
1136,"vacuum energy",2,43
1137,"formation rate",2,43
1138,"ad hoc",2,43
1139,"data reduction",2,43
1140,"radio sources",2,43
1141,"burst grb",2,43
1142,"scalar tensor",2,43
1143,"nuclear medium",2,43
1144,"momentum transfer",2,43
1145,"scalar mesons",2,43
1146,"brane dynamics",2,43
1147,"parton model",2,43
1148,"relativistic heavy ion collisions",4,43
1149,"decay channels",2,43
1150,"charged current",2,43
1151,"semi infinite",2,43
1152,"classical communication",2,43
1153,"open question",2,43
1154,"self contained",2,43
1155,"entangled state",2,42
1156,"experimental techniques",2,42
1157,"non exponential",2,42
1158,"magnitude below",2,42
1159,"quantum gates",2,42
1160,"neural networks",2,42
1161,"luttinger liquid",2,42
1162,"quantum computer",2,42
1163,"back reaction",2,42
1164,"liquid behavior",2,42
1165,"quantum critical temperature",3,42
1166,"random phase",2,42
1167,"write down",2,42
1168,"spin down",2,42
1169,"neutron rich",2,42
1170,"central charge",2,42
1171,"group actions",2,42
1172,"unit circle",2,42
1173,"maximum value",2,42
1174,"finite element",2,42
1175,"spin orbit",2,42
1176,"maximum likelihood",2,42
1177,"nu tau",2,42
1178,"energy momentum tensor",3,42
1179,"extended objects",2,42
1180,"within kpc",2,42
1181,"main source",2,42
1182,"gamma ray",2,42
1183,"jet structure",2,42
1184,"sigma level",2,42
1185,"kev band",2,42
1186,"solar mass",2,42
1187,"flavor su",2,42
1188,"around gev",2,42
1189,"extra dimensional",2,42
1190,"vector potential",2,42
1191,"upsilon 4s resonance",3,42
1192,"crystal structure",2,42
1193,"wave packet",2,41
1194,"lattice points",2,41
1195,"level atom",2,41
1196,"dynamical response",2,41
1197,"exponential decay",2,41
1198,"periodic potentials",2,41
1199,"lowest energy",2,41
1200,"time interval",2,41
1201,"nonlinear response",2,41
1202,"multi level",2,41
1203,"first principles calculations",3,41
1204,"raman scattering",2,41
1205,"positive definite",2,41
1206,"positive integers",2,41
1207,"lie groups",2,41
1208,"gauge transformations",2,41
1209,"parameter alpha",2,41
1210,"symmetric spaces",2,41
1211,"conduction electrons",2,41
1212,"relative motion",2,41
1213,"physical quantities",2,41
1214,"scattering rate",2,41
1215,"self energies",2,41
1216,"quasi particle",2,41
1217,"loop quantum gravity",3,41
1218,"cmb anisotropies",2,41
1219,"central source",2,41
1220,"density perturbations",2,41
1221,"dust emission",2,41
1222,"stellar populations",2,41
1223,"quark gluon plasma",3,41
1224,"yukawa couplings",2,41
1225,"cp phase",2,41
1226,"non uniform",2,41
1227,"arbitrary dimensions",2,41
1228,"pion nucleon",2,41
1229,"well separated",2,41
1230,"convergence rate",2,41
1231,"orbital period",2,41
1232,"single qubit",2,40
1233,"fermion systems",2,40
1234,"thermal noise",2,40
1235,"topological defects",2,40
1236,"coupling regime",2,40
1237,"quantum wells",2,40
1238,"intermediate states",2,40
1239,"hyperbolic manifolds",2,40
1240,"general situation",2,40
1241,"real line",2,40
1242,"generating functions",2,40
1243,"conformal geometry",2,40
1244,"higgs fields",2,40
1245,"critical current",2,40
1246,"critical dimension",2,40
1247,"hamiltonian formulation",2,40
1248,"ordered state",2,40
1249,"response function",2,40
1250,"line width",2,40
1251,"landau level",2,40
1252,"strongly dependent",2,40
1253,"higher energies",2,40
1254,"induced gravity",2,40
1255,"gravitational field theory",3,40
1256,"cross correlation",2,40
1257,"starburst galaxies",2,40
1258,"chandra observation",2,40
1259,"baryon density",2,40
1260,"hii region",2,40
1261,"spectral features",2,40
1262,"angular distributions",2,40
1263,"relative importance",2,40
1264,"self gravitating",2,40
1265,"well constrained",2,40
1266,"supersymmetric vacua",2,40
1267,"constituent quark",2,40
1268,"qcd sum rules",3,40
1269,"pentaquark states",2,40
1270,"parton distributions",2,40
1271,"structure constant",2,40
1272,"surface area",2,40
1273,"target space",2,40
1274,"matter wave",2,40
1275,"hadronic interactions",2,40
1276,"lower bounds",2,40
1277,"self gravity",2,40
1278,"continuous variable",2,39
1279,"creation operators",2,39
1280,"statistical mechanical",2,39
1281,"positive maps",2,39
1282,"transition rates",2,39
1283,"unitary operators",2,39
1284,"quantum chaos",2,39
1285,"dielectric function",2,39
1286,"electron doped",2,39
1287,"dynamical instability",2,39
1288,"spectral types",2,39
1289,"sign change",2,39
1290,"enhancement factor",2,39
1291,"electron gas",2,39
1292,"direction perpendicular",2,39
1293,"narrow band",2,39
1294,"variational problem",2,39
1295,"mapped onto",2,39
1296,"epsilon expansion",2,39
1297,"chern simons",2,39
1298,"dirichlet boundary conditions",3,39
1299,"rational points",2,39
1300,"mapping class",2,39
1301,"three body",2,39
1302,"positive characteristic",2,39
1303,"mechanical systems",2,39
1304,"emission measure",2,39
1305,"quantum key",2,39
1306,"agrees well",2,39
1307,"phase boundary",2,39
1308,"spectral functions",2,39
1309,"surface gravity",2,39
1310,"initial value",2,39
1311,"total flux",2,39
1312,"optical counterparts",2,39
1313,"planetary nebulae",2,39
1314,"near ir",2,39
1315,"mass fraction",2,39
1316,"outer region",2,39
1317,"detection rate",2,39
1318,"late type",2,39
1319,"massive clusters",2,39
1320,"supersymmetric particles",2,39
1321,"supernova data",2,39
1322,"high energy density",3,39
1323,"three flavor",2,39
1324,"decay b0",2,39
1325,"pentaquark baryons",2,39
1326,"gravitational constant",2,39
1327,"radiative decay",2,39
1328,"five dimensional",2,39
1329,"soliton solutions",2,39
1330,"centrality dependence",2,39
1331,"heavy ion",2,39
1332,"transition probability",2,39
1333,"exponentially small",2,39
1334,"strange quarks",2,39
1335,"perturbative calculations",2,39
1336,"geometric phase",2,38
1337,"diffusion equations",2,38
1338,"unitary transformation",2,38
1339,"inner product",2,38
1340,"free fermions",2,38
1341,"final result",2,38
1342,"invariance under",2,38
1343,"schr odinger equation",3,38
1344,"reduced density",2,38
1345,"system sizes",2,38
1346,"twistor space",2,38
1347,"insulating state",2,38
1348,"dynamic range",2,38
1349,"scale free",2,38
1350,"range correlations",2,38
1351,"non resonant",2,38
1352,"weak localization",2,38
1353,"dynamic structure",2,38
1354,"algebraically closed",2,38
1355,"algebraic varieties",2,38
1356,"exact formula",2,38
1357,"dirac type",2,38
1358,"embedded within",2,38
1359,"space time dependent",3,38
1360,"infinite family",2,38
1361,"disorder induced",2,38
1362,"tunneling through",2,38
1363,"antiferromagnetic ordering",2,38
1364,"new developments",2,38
1365,"polymer chain",2,38
1366,"phenomenological analysis",2,38
1367,"flux limit",2,38
1368,"matter content",2,38
1369,"field lines",2,38
1370,"quasar survey",2,38
1371,"ultra relativistic",2,38
1372,"variable stars",2,38
1373,"background radiation",2,38
1374,"vector meson",2,38
1375,"qcd vacuum",2,38
1376,"mixing angle",2,38
1377,"near horizon",2,38
1378,"intersecting branes",2,38
1379,"imaginary part",2,38
1380,"dark energy density",3,38
1381,"optical cavity",2,37
1382,"quantum bit",2,37
1383,"adiabatic approximation",2,37
1384,"scaling relation",2,37
1385,"quantum optics",2,37
1386,"quantum channels",2,37
1387,"local density approximation",3,37
1388,"path length",2,37
1389,"critical exponents",2,37
1390,"scale free networks",3,37
1391,"crystal structures",2,37
1392,"large deviations",2,37
1393,"effective temperatures",2,37
1394,"three sphere",2,37
1395,"minimal surface",2,37
1396,"smooth projective",2,37
1397,"mean curvature",2,37
1398,"blow up",2,37
1399,"klein gordon",2,37
1400,"simplified model",2,37
1401,"singular points",2,37
1402,"relaxation rate",2,37
1403,"exchange mechanism",2,37
1404,"pattern formation",2,37
1405,"characteristic features",2,37
1406,"dielectric properties",2,37
1407,"hubble parameter",2,37
1408,"expansion rate",2,37
1409,"compact binaries",2,37
1410,"time variation",2,37
1411,"evolutionary model",2,37
1412,"thick disk",2,37
1413,"simulated data",2,37
1414,"multi wavelength",2,37
1415,"noise ratio",2,37
1416,"rapidly rotating",2,37
1417,"within pc",2,37
1418,"multi component",2,37
1419,"low metallicity",2,37
1420,"resonance region",2,37
1421,"point correlation functions",3,37
1422,"rate equations",2,37
1423,"total cross sections",3,37
1424,"strange quark",2,37
1425,"hierarchy problem",2,37
1426,"exotic baryon",2,37
1427,"mixing matrix",2,37
1428,"perturbative expansion",2,37
1429,"radiative corrections",2,37
1430,"full qcd",2,37
1431,"angular dependence",2,37
1432,"whole range",2,37
1433,"test particle",2,37
1434,"biological systems",2,37
1435,"bps solutions",2,37
1436,"dispersion relations",2,37
1437,"central part",2,37
1438,"topological charge",2,37
1439,"wilson fermions",2,37
1440,"dimensional reduction",2,37
1441,"significant signal",2,37
1442,"qcd calculations",2,37
1443,"excitation spectrum",2,37
1444,"cosmological simulations",2,37
1445,"non deterministic",2,36
1446,"continuous variables",2,36
1447,"quantum algorithms",2,36
1448,"error correction",2,36
1449,"pair correlation",2,36
1450,"higher moments",2,36
1451,"einstein radius",2,36
1452,"xy model",2,36
1453,"exchange correlation",2,36
1454,"liquid state",2,36
1455,"equivariant cohomology",2,36
1456,"constraints imposed",2,36
1457,"galois group",2,36
1458,"cauchy problem",2,36
1459,"elliptic curves",2,36
1460,"quenched disorder",2,36
1461,"ray diffraction",2,36
1462,"lyapunov exponent",2,36
1463,"strong enhancement",2,36
1464,"spin chains",2,36
1465,"spherical symmetry",2,36
1466,"weak scale",2,36
1467,"derived analytically",2,36
1468,"spin degrees",2,36
1469,"main sequence stars",3,36
1470,"primary star",2,36
1471,"alpha line",2,36
1472,"generated during",2,36
1473,"supernova sn",2,36
1474,"radiative transfer",2,36
1475,"dwarf galaxy",2,36
1476,"flat spectrum",2,36
1477,"continuum emission",2,36
1478,"neutral hydrogen",2,36
1479,"plasma frequency",2,36
1480,"statistically significant",2,36
1481,"theoretical understanding",2,36
1482,"band imaging",2,36
1483,"accretion disc",2,36
1484,"space telescope",2,36
1485,"minimal supergravity",2,36
1486,"massless particles",2,36
1487,"hadronic interaction",2,36
1488,"massive particles",2,36
1489,"large hadron",2,36
1490,"axial vector",2,36
1491,"seesaw mechanism",2,36
1492,"input parameters",2,36
1493,"scattering amplitude",2,36
1494,"planck scale",2,36
1495,"series expansion",2,36
1496,"stress tensor",2,36
1497,"gauged supergravity",2,36
1498,"deformation quantization",2,36
1499,"cern sps",2,36
1500,"extract information",2,36
1501,"quantum electrodynamics",2,36
1502,"standard model sm",3,36
1503,"angle theta",2,36
1504,"short range interactions",3,36
1505,"boltzmann equation",2,36
1506,"tensor products",2,35
1507,"induced decoherence",2,35
1508,"qualitatively similar",2,35
1509,"parameter estimation",2,35
1510,"fractal structure",2,35
1511,"electron phonon interaction",3,35
1512,"spontaneous emission",2,35
1513,"group theoretical",2,35
1514,"per particle",2,35
1515,"shot noise",2,35
1516,"contact structures",2,35
1517,"glass transition",2,35
1518,"geometrical properties",2,35
1519,"electron phonon",2,35
1520,"higher frequencies",2,35
1521,"cooper pair",2,35
1522,"doping dependence",2,35
1523,"maximum entropy",2,35
1524,"periodic solutions",2,35
1525,"riemann surfaces",2,35
1526,"rational coefficients",2,35
1527,"bundles over",2,35
1528,"cotangent bundle",2,35
1529,"linear combinations",2,35
1530,"automorphism group",2,35
1531,"geometric approach",2,35
1532,"arbitrary degree",2,35
1533,"extended version",2,35
1534,"high intensity",2,35
1535,"absorption systems",2,35
1536,"per unit",2,35
1537,"related phenomena",2,35
1538,"frequency shift",2,35
1539,"temperatures below",2,35
1540,"small enough",2,35
1541,"evolution operator",2,35
1542,"friedmann equation",2,35
1543,"exotic matter",2,35
1544,"inflationary models",2,35
1545,"canonical quantization",2,35
1546,"radio telescopes",2,35
1547,"quantitative analysis",2,35
1548,"hst stis",2,35
1549,"jet events",2,35
1550,"advanced camera",2,35
1551,"dense gas",2,35
1552,"inner radius",2,35
1553,"msun yr",2,35
1554,"long period",2,35
1555,"compact object",2,35
1556,"second generation",2,35
1557,"impact parameter",2,35
1558,"xi pi",2,35
1559,"logarithmic corrections",2,35
1560,"planck mass",2,35
1561,"induced reactions",2,35
1562,"closed strings",2,35
1563,"electromagnetic form factors",3,35
1564,"mathematical physics",2,35
1565,"kev luminosity",2,35
1566,"invariant measure",2,35
1567,"anomalous dimension",2,35
1568,"nucleon interactions",2,35
1569,"break up",2,35
1570,"sloan digital sky",3,35
1571,"selected samples",2,35
1572,"optically thick",2,35
1573,"novel features",2,35
1574,"born approximation",2,34
1575,"intrinsic spin",2,34
1576,"random variable",2,34
1577,"fermionic systems",2,34
1578,"fully relativistic",2,34
1579,"energy bands",2,34
1580,"antiferromagnetic af",2,34
1581,"ferromagnet superconductor",2,34
1582,"boundary layer",2,34
1583,"infrared spectroscopy",2,34
1584,"susceptibility measurements",2,34
1585,"charge carriers",2,34
1586,"single site",2,34
1587,"microscopic level",2,34
1588,"mott insulator",2,34
1589,"shock waves",2,34
1590,"symplectic structure",2,34
1591,"x1 xn",2,34
1592,"symplectic manifold",2,34
1593,"spin susceptibility",2,34
1594,"position dependent",2,34
1595,"slowly varying",2,34
1596,"liquid crystal",2,34
1597,"quantum critical point",3,34
1598,"long range correlations",3,34
1599,"significant change",2,34
1600,"kondo regime",2,34
1601,"superfluid density",2,34
1602,"charge distribution",2,34
1603,"accurate determination",2,34
1604,"electromagnetic radiation",2,34
1605,"orbital motion",2,34
1606,"lagrangian approach",2,34
1607,"expanding universe",2,34
1608,"position velocity",2,34
1609,"variational principle",2,34
1610,"poisson structure",2,34
1611,"giant planets",2,34
1612,"high redshifts",2,34
1613,"seyfert galaxies",2,34
1614,"hierarchical models",2,34
1615,"pulsar psr",2,34
1616,"wolf rayet",2,34
1617,"astrophysical sources",2,34
1618,"now available",2,34
1619,"angular resolution",2,34
1620,"ray spectrum",2,34
1621,"brown dwarf",2,34
1622,"chemical abundances",2,34
1623,"radiative cooling",2,34
1624,"interacting electrons",2,34
1625,"hst images",2,34
1626,"large scale structures",3,34
1627,"non rotating",2,34
1628,"archival data",2,34
1629,"preliminary measurement",2,34
1630,"boson fermion",2,34
1631,"globular clusters",2,34
1632,"pseudoscalar mesons",2,34
1633,"violating asymmetry",2,34
1634,"higgs bosons",2,34
1635,"scale invariant",2,34
1636,"conformal symmetry",2,34
1637,"higgs sector",2,34
1638,"nuclear physics",2,34
1639,"conserved charges",2,34
1640,"negative cosmological constant",3,34
1641,"conformally invariant",2,34
1642,"two dimensional reduction",3,34
1643,"hadron production",2,34
1644,"mid rapidity",2,34
1645,"finite index",2,34
1646,"result indicates",2,34
1647,"low lying states",3,34
1648,"phase transition occurs",3,34
1649,"ordered phase",2,34
1650,"forward backward",2,34
1651,"photon pairs",2,33
1652,"wigner functions",2,33
1653,"quantum memory",2,33
1654,"many body systems",3,33
1655,"simple derivation",2,33
1656,"lie within",2,33
1657,"normal modes",2,33
1658,"high enough",2,33
1659,"quantum wires",2,33
1660,"dimensional electron",2,33
1661,"localized modes",2,33
1662,"intersection theory",2,33
1663,"vector bundles",2,33
1664,"central limit theorem",3,33
1665,"complex torus",2,33
1666,"connected component",2,33
1667,"exact sequence",2,33
1668,"heat kernel",2,33
1669,"locally compact",2,33
1670,"reaction rate",2,33
1671,"berry phase",2,33
1672,"pressure induced",2,33
1673,"repulsive interactions",2,33
1674,"strong magnetic fields",3,33
1675,"wide area",2,33
1676,"plane parallel",2,33
1677,"lie algebras",2,33
1678,"current densities",2,33
1679,"black hole solutions",3,33
1680,"iii stars",2,33
1681,"fundamental plane",2,33
1682,"inner regions",2,33
1683,"core collapse supernovae",3,33
1684,"too small",2,33
1685,"radio pulsars",2,33
1686,"ccd photometry",2,33
1687,"weakly interacting",2,33
1688,"cluster abell",2,33
1689,"strongly suppressed",2,33
1690,"selection criteria",2,33
1691,"blue galaxies",2,33
1692,"velocity distribution",2,33
1693,"vlbi observations",2,33
1694,"contact interaction",2,33
1695,"decay constants",2,33
1696,"fermion masses",2,33
1697,"qcd factorization",2,33
1698,"supersymmetric standard model",3,33
1699,"qed corrections",2,33
1700,"open strings",2,33
1701,"zero mode",2,33
1702,"asymptotically flat",2,33
1703,"action principle",2,33
1704,"dirac operator",2,33
1705,"power laws",2,33
1706,"equivalence principle",2,33
1707,"compact objects",2,33
1708,"chiral condensate",2,33
1709,"nucleon interaction",2,33
1710,"singularity structure",2,33
1711,"hii regions",2,33
1712,"characteristic time",2,33
1713,"type inequalities",2,32
1714,"clifford algebra",2,32
1715,"prime power",2,32
1716,"cellular automata",2,32
1717,"light beams",2,32
1718,"charge qubits",2,32
1719,"time reversal",2,32
1720,"self adjoint",2,32
1721,"trapped particles",2,32
1722,"supersymmetric quantum mechanics",3,32
1723,"numerical investigation",2,32
1724,"numerical renormalization group",3,32
1725,"noise induced",2,32
1726,"boltzmann gibbs",2,32
1727,"saddle point",2,32
1728,"forward scattering",2,32
1729,"bethe lattice",2,32
1730,"small diameter",2,32
1731,"omega pi",2,32
1732,"diagonal elements",2,32
1733,"key distribution",2,32
1734,"system undergoes",2,32
1735,"einstein metrics",2,32
1736,"analytic continuation",2,32
1737,"semi simple",2,32
1738,"unique solution",2,32
1739,"analytic solutions",2,32
1740,"theoretical approaches",2,32
1741,"inversely proportional",2,32
1742,"exactly solvable model",3,32
1743,"current noise",2,32
1744,"landau theory",2,32
1745,"intermediate values",2,32
1746,"vertex corrections",2,32
1747,"unit cell",2,32
1748,"two complementary",2,32
1749,"spin flip",2,32
1750,"half filled",2,32
1751,"sub sample",2,32
1752,"magnetic field lines",3,32
1753,"odd parity",2,32
1754,"manifests itself",2,32
1755,"ising spin",2,32
1756,"significant part",2,32
1757,"weyl tensor",2,32
1758,"moving frame",2,32
1759,"gravitational force",2,32
1760,"wmap observations",2,32
1761,"individual sources",2,32
1762,"stellar wind",2,32
1763,"galactic bulge",2,32
1764,"intracluster medium",2,32
1765,"large magellanic cloud lmc",4,32
1766,"orbital parameters",2,32
1767,"accurate values",2,32
1768,"elliptical galaxy",2,32
1769,"cluster center",2,32
1770,"initial mass",2,32
1771,"limiting case",2,32
1772,"abundance ratios",2,32
1773,"analytic expressions",2,32
1774,"oscillation parameters",2,32
1775,"momentum dependent",2,32
1776,"string tension",2,32
1777,"sigma models",2,32
1778,"hawking radiation",2,32
1779,"ward identities",2,32
1780,"dirac operators",2,32
1781,"noncommutative geometry",2,32
1782,"energy densities",2,32
1783,"multi dimensional",2,32
1784,"massive scalar",2,32
1785,"heavy fermion",2,32
1786,"su yang mills",3,32
1787,"cmb data",2,32
1788,"periodic modulation",2,32
1789,"type inequality",2,31
1790,"probabilistic approach",2,31
1791,"completely positive",2,31
1792,"aspect ratio",2,31
1793,"basic ideas",2,31
1794,"error probability",2,31
1795,"duality relation",2,31
1796,"probability distribution function",3,31
1797,"single photons",2,31
1798,"casimir force",2,31
1799,"coupled oscillators",2,31
1800,"heisenberg group",2,31
1801,"real world",2,31
1802,"higher orders",2,31
1803,"band gap",2,31
1804,"propagating through",2,31
1805,"sensitive probe",2,31
1806,"bosonic atoms",2,31
1807,"atomic gases",2,31
1808,"random phase approximation",3,31
1809,"correction term",2,31
1810,"charge fluctuations",2,31
1811,"transition occurs",2,31
1812,"geometric methods",2,31
1813,"critical points",2,31
1814,"quasi static",2,31
1815,"weight function",2,31
1816,"abelian varieties",2,31
1817,"standard deviation",2,31
1818,"density functional theory",3,31
1819,"loss rate",2,31
1820,"under development",2,31
1821,"alpha fe",2,31
1822,"strong coupling regime",3,31
1823,"einstein condensate",2,31
1824,"cooper pairs",2,31
1825,"local ring",2,31
1826,"quantum dot system",3,31
1827,"temperature tc",2,31
1828,"ideal gas",2,31
1829,"symmetry axis",2,31
1830,"bulk samples",2,31
1831,"minkowski space time",3,31
1832,"multi parameter",2,31
1833,"rotating black hole",3,31
1834,"phase resolved",2,31
1835,"spatially extended",2,31
1836,"erg cm",2,31
1837,"orbital periods",2,31
1838,"rotation velocities",2,31
1839,"off axis",2,31
1840,"semi analytic",2,31
1841,"accretion flow",2,31
1842,"circumstellar disk",2,31
1843,"precise measurement",2,31
1844,"alpha elements",2,31
1845,"ray observatory",2,31
1846,"low redshift",2,31
1847,"electron proton",2,31
1848,"atomic hydrogen",2,31
1849,"cp violating",2,31
1850,"psi production",2,31
1851,"power corrections",2,31
1852,"higgs production",2,31
1853,"sensitive test",2,31
1854,"thermal plasma",2,31
1855,"covariant formulation",2,31
1856,"hilbert spaces",2,31
1857,"q2 gev",2,31
1858,"excitation energies",2,31
1859,"heavy nuclei",2,31
1860,"interpreted within",2,31
1861,"dense matter",2,31
1862,"short proof",2,31
1863,"heavy quarks",2,31
1864,"mirror symmetry",2,31
1865,"delta m2",2,31
1866,"ionized gas",2,31
1867,"pressure dependence",2,31
1868,"fermi gas",2,31
1869,"spin glass",2,31
1870,"atomic motion",2,30
1871,"photons emitted",2,30
1872,"multipartite entanglement",2,30
1873,"completely independent",2,30
1874,"error rate",2,30
1875,"total intensity",2,30
1876,"parameters characterizing",2,30
1877,"dirac hamiltonian",2,30
1878,"feedback control",2,30
1879,"linearly independent",2,30
1880,"bipartite quantum",2,30
1881,"survival probability",2,30
1882,"langevin equation",2,30
1883,"qubit systems",2,30
1884,"random fields",2,30
1885,"equilibrium configurations",2,30
1886,"heat conduction",2,30
1887,"traffic flow",2,30
1888,"phonon modes",2,30
1889,"type ii superconductors",3,30
1890,"hole doped",2,30
1891,"underdoped cuprates",2,30
1892,"monte carlo calculations",3,30
1893,"extended hubbard model",3,30
1894,"periodic orbits",2,30
1895,"deformation parameter",2,30
1896,"bounded below",2,30
1897,"hyperbolic groups",2,30
1898,"independent methods",2,30
1899,"general position",2,30
1900,"explicit calculations",2,30
1901,"real analytic",2,30
1902,"precise values",2,30
1903,"infinite series",2,30
1904,"self duality",2,30
1905,"asymmetric energy",2,30
1906,"valence band",2,30
1907,"direct observation",2,30
1908,"velocity dependent",2,30
1909,"spin splitting",2,30
1910,"gate voltage",2,30
1911,"two possibilities",2,30
1912,"large extra",2,30
1913,"continuous spectrum",2,30
1914,"non adiabatic",2,30
1915,"original version",2,30
1916,"single impurity",2,30
1917,"doppler effect",2,30
1918,"brane worlds",2,30
1919,"spatially homogeneous",2,30
1920,"antisymmetric tensor",2,30
1921,"optical counterpart",2,30
1922,"ray emission lines",3,30
1923,"ultraviolet spectra",2,30
1924,"galactic latitude",2,30
1925,"young stellar",2,30
1926,"age metallicity",2,30
1927,"cooling flow",2,30
1928,"abundance ratio",2,30
1929,"highly significant",2,30
1930,"fe ii",2,30
1931,"sound speed",2,30
1932,"intermediate mass",2,30
1933,"companion star",2,30
1934,"analytical solutions",2,30
1935,"absorption lines",2,30
1936,"imaging survey",2,30
1937,"production rate",2,30
1938,"neutrino nucleon",2,30
1939,"jet like",2,30
1940,"non singlet",2,30
1941,"electromagnetic form factor",3,30
1942,"lorentz symmetry",2,30
1943,"non perturbative qcd",3,30
1944,"navier stokes equations",3,30
1945,"numerically exact",2,30
1946,"axially symmetric",2,30
1947,"complex scalar",2,30
1948,"almost surely",2,30
1949,"tan beta",2,30
1950,"finite radius",2,30
1951,"binding energies",2,30
1952,"elliptic flow",2,30
1953,"infinite volume",2,30
1954,"expansion around",2,30
1955,"standard deviations",2,30
1956,"worst case",2,30
1957,"large nc",2,30
1958,"supermassive black holes",3,30
1959,"small world",2,30
1960,"colloidal particles",2,30
1961,"potts model",2,30
1962,"thermal expansion",2,30
1963,"pion mass",2,30
1964,"vector boson",2,29
1965,"high fidelity",2,29
1966,"storage ring",2,29
1967,"commutation relations",2,29
1968,"composite systems",2,29
1969,"functional calculations",2,29
1970,"decreasing function",2,29
1971,"doping concentration",2,29
1972,"dielectric permittivity",2,29
1973,"quantitative predictions",2,29
1974,"spin singlet",2,29
1975,"rational numbers",2,29
1976,"vertex operator",2,29
1977,"projective varieties",2,29
1978,"higher genus",2,29
1979,"homotopy type",2,29
1980,"locally finite",2,29
1981,"probability measure",2,29
1982,"bounded domain",2,29
1983,"singular behavior",2,29
1984,"viscous fluid",2,29
1985,"relative entropy",2,29
1986,"gaussian noise",2,29
1987,"spin networks",2,29
1988,"power law index",3,29
1989,"lennard jones",2,29
1990,"magnetic ordering",2,29
1991,"resonance peak",2,29
1992,"second order parameter",3,29
1993,"almost independent",2,29
1994,"multi band",2,29
1995,"velocity fluctuations",2,29
1996,"stress energy",2,29
1997,"virial radius",2,29
1998,"material parameters",2,29
1999,"second law",2,29
2000,"spatially separated",2,29
2001,"kondo effect",2,29
2002,"absolute value",2,29
2003,"minimum mass",2,29
2004,"conformally coupled",2,29
2005,"background metric",2,29
2006,"characteristic mass",2,29
2007,"chemical elements",2,29
2008,"iron abundances",2,29
2009,"structural parameters",2,29
2010,"supernova remnant",2,29
2011,"line profiles",2,29
2012,"large scale structure formation",4,29
2013,"accretion rates",2,29
2014,"narrow resonance",2,29
2015,"ray emission line",3,29
2016,"interferometric observations",2,29
2017,"normal distribution",2,29
2018,"minimum value",2,29
2019,"metal rich",2,29
2020,"peak flux",2,29
2021,"spiral galaxy",2,29
2022,"asymptotic giant",2,29
2023,"magnetic field strength",3,29
2024,"vla observations",2,29
2025,"sea quarks",2,29
2026,"superconducting phases",2,29
2027,"mixing angles",2,29
2028,"semi inclusive",2,29
2029,"control parameters",2,29
2030,"mechanism responsible",2,29
2031,"quantum cosmology",2,29
2032,"planar limit",2,29
2033,"relativistic limit",2,29
2034,"lorentz violation",2,29
2035,"momentum distribution",2,29
2036,"run ii",2,29
2037,"minimal supersymmetric standard model mssm",5,29
2038,"below tc",2,29
2039,"transverse momenta",2,29
2040,"pt gev",2,29
2041,"charge exchange",2,29
2042,"whole set",2,29
2043,"density operators",2,29
2044,"universal behavior",2,29
2045,"millisecond pulsars",2,29
2046,"peak structure",2,29
2047,"near infrared imaging",3,29
2048,"stellar kinematics",2,29
2049,"hydrodynamic equations",2,29
2050,"minimum number",2,29
2051,"supersymmetric qcd",2,29
2052,"strong suppression",2,29
2053,"tree amplitudes",2,29
2054,"impact parameters",2,29
2055,"action describing",2,29
2056,"semi analytical",2,29
2057,"highly anisotropic",2,29
2058,"coherent potential",2,29
2059,"dot system",2,29
2060,"containing up",2,29
2061,"information processing",2,28
2062,"output states",2,28
2063,"detection efficiency",2,28
2064,"poisson bracket",2,28
2065,"nonlinear oscillators",2,28
2066,"linearly coupled",2,28
2067,"quadratic term",2,28
2068,"first excited state",3,28
2069,"hyperfine interaction",2,28
2070,"microcanonical ensemble",2,28
2071,"first error",2,28
2072,"simple analytic",2,28
2073,"impurity scattering",2,28
2074,"particle excitations",2,28
2075,"wave superconductor",2,28
2076,"harmonic trap",2,28
2077,"kinetic term",2,28
2078,"spin waves",2,28
2079,"braid groups",2,28
2080,"minimal surfaces",2,28
2081,"difference equations",2,28
2082,"open subset",2,28
2083,"multi particle",2,28
2084,"translation invariant",2,28
2085,"linear forms",2,28
2086,"least four",2,28
2087,"hierarchical structure",2,28
2088,"quasi free",2,28
2089,"fully consistent",2,28
2090,"brillouin zone",2,28
2091,"relative strength",2,28
2092,"thermally activated",2,28
2093,"fokker planck",2,28
2094,"perturbation expansion",2,28
2095,"nearly constant",2,28
2096,"optimization problem",2,28
2097,"connecting two",2,28
2098,"differential forms",2,28
2099,"behaves like",2,28
2100,"real space time",3,28
2101,"hydrodynamic type",2,28
2102,"black hole mass",3,28
2103,"redshift distribution",2,28
2104,"chandra data",2,28
2105,"isolated neutron stars",3,28
2106,"kev mev",2,28
2107,"spatial resolution",2,28
2108,"agb stars",2,28
2109,"frequency dependent",2,28
2110,"line profile",2,28
2111,"halo stars",2,28
2112,"minkowski space",2,28
2113,"region surrounding",2,28
2114,"inverse compton",2,28
2115,"long baseline",2,28
2116,"accurate measurements",2,28
2117,"late type stars",3,28
2118,"galactic disk",2,28
2119,"metal abundances",2,28
2120,"lens galaxy",2,28
2121,"accelerating universe",2,28
2122,"baryon asymmetry",2,28
2123,"proton nucleus collisions",3,28
2124,"rhic energies",2,28
2125,"vector mesons",2,28
2126,"nambu jona lasinio model",4,28
2127,"right handed neutrinos",3,28
2128,"scale invariance",2,28
2129,"explicit calculation",2,28
2130,"direct calculation",2,28
2131,"vacuum polarization",2,28
2132,"relativistic quantum mechanics",3,28
2133,"vacuum fluctuations",2,28
2134,"chiral lagrangian",2,28
2135,"proper time",2,28
2136,"tachyon condensation",2,28
2137,"exponential growth",2,28
2138,"tevatron run ii",3,28
2139,"strong enough",2,28
2140,"bar lambda",2,28
2141,"almost complex",2,28
2142,"natural solution",2,28
2143,"angular power",2,28
2144,"extragalactic radio sources",3,28
2145,"de sitter spacetime",3,28
2146,"cohomology groups",2,28
2147,"alpha particles",2,28
2148,"operator product",2,28
2149,"color glass condensate",3,28
2150,"basic physical",2,28
2151,"thermodynamic functions",2,28
2152,"non fermi",2,28
2153,"fock space",2,28
2154,"minimal coupling",2,28
2155,"spectral energy distributions",3,28
2156,"data release",2,28
2157,"magnetic excitations",2,28
2158,"beam splitter",2,27
2159,"alternative formulation",2,27
2160,"physical meaning",2,27
2161,"atomic ensemble",2,27
2162,"orbital angular momentum",3,27
2163,"tsallis entropy",2,27
2164,"systems containing",2,27
2165,"superconducting transition temperature",3,27
2166,"combinatorial properties",2,27
2167,"simple lie algebra",3,27
2168,"vector bundle",2,27
2169,"combinatorial proof",2,27
2170,"euler characteristic",2,27
2171,"holomorphic functions",2,27
2172,"markov processes",2,27
2173,"poisson process",2,27
2174,"mass splitting",2,27
2175,"dilute gas",2,27
2176,"waves propagating",2,27
2177,"epitaxial thin films",3,27
2178,"propagation direction",2,27
2179,"two body systems",3,27
2180,"information content",2,27
2181,"coulomb blockade",2,27
2182,"individual particles",2,27
2183,"diffusion processes",2,27
2184,"well approximated",2,27
2185,"chiral anomaly",2,27
2186,"quasi elastic",2,27
2187,"intermediate energies",2,27
2188,"exponential potential",2,27
2189,"exact expressions",2,27
2190,"partition functions",2,27
2191,"calculations indicate",2,27
2192,"spin rotation",2,27
2193,"strongly anisotropic",2,27
2194,"static structure",2,27
2195,"constraint equations",2,27
2196,"massless scalar",2,27
2197,"redshift space",2,27
2198,"mass gap",2,27
2199,"sight velocity",2,27
2200,"sigma significance",2,27
2201,"position angle",2,27
2202,"synthetic spectra",2,27
2203,"galactic halos",2,27
2204,"explosion models",2,27
2205,"ultra high",2,27
2206,"obscured agn",2,27
2207,"homogeneous sample",2,27
2208,"cosmic microwave background cmb",4,27
2209,"distance estimate",2,27
2210,"circular orbits",2,27
2211,"reynolds number",2,27
2212,"planet formation",2,27
2213,"rich clusters",2,27
2214,"many authors",2,27
2215,"inner core",2,27
2216,"neutrino scattering",2,27
2217,"redshift surveys",2,27
2218,"cataclysmic variables",2,27
2219,"scalar sector",2,27
2220,"jet production",2,27
2221,"vacuum expectation value",3,27
2222,"neutrino oscillations",2,27
2223,"neutrino oscillation",2,27
2224,"wave background",2,27
2225,"field phi",2,27
2226,"type iib",2,27
2227,"yang mills theory",3,27
2228,"fermilab tevatron collider",3,27
2229,"gauge field",2,27
2230,"power law decay",3,27
2231,"trapping potential",2,27
2232,"differential cross sections",3,27
2233,"leading order parameter",3,27
2234,"spin period",2,27
2235,"dark matter halo",3,27
2236,"metric perturbations",2,27
2237,"born infeld",2,27
2238,"radio jets",2,27
2239,"loop calculations",2,27
2240,"time varying",2,27
2241,"model building",2,27
2242,"deep inelastic",2,27
2243,"pep ii asymmetric energy",4,27
2244,"volume fraction",2,27
2245,"spitzer first",2,27
2246,"lorentz transformations",2,27
2247,"vortex dynamics",2,27
2248,"like feature",2,27
2249,"josephson junctions",2,27
2250,"charge ordering",2,27
2251,"numerical renormalization",2,27
2252,"snn gev",2,27
2253,"planck length",2,26
2254,"resonance condition",2,26
2255,"fractional quantum",2,26
2256,"negligible effect",2,26
2257,"von neumann entropy",3,26
2258,"off resonant",2,26
2259,"simulations suggest",2,26
2260,"spectral statistics",2,26
2261,"imaginary parts",2,26
2262,"like ions",2,26
2263,"spin polarizations",2,26
2264,"sub wavelength",2,26
2265,"al science",2,26
2266,"unitary matrices",2,26
2267,"highly efficient",2,26
2268,"stable against",2,26
2269,"surprisingly small",2,26
2270,"unknown parameters",2,26
2271,"mean square",2,26
2272,"tunnel junction",2,26
2273,"net effect",2,26
2274,"free networks",2,26
2275,"root systems",2,26
2276,"body systems",2,26
2277,"heat bath",2,26
2278,"simple model independent",3,26
2279,"projective line",2,26
2280,"probability measures",2,26
2281,"fragmentation function",2,26
2282,"large number density",3,26
2283,"derived category",2,26
2284,"transport coefficients",2,26
2285,"cohomology classes",2,26
2286,"modular group",2,26
2287,"rational maps",2,26
2288,"toric varieties",2,26
2289,"chemical potentials",2,26
2290,"extending up",2,26
2291,"si ge",2,26
2292,"fabry perot",2,26
2293,"scattered light",2,26
2294,"autocorrelation function",2,26
2295,"linear chain",2,26
2296,"external magnetic",2,26
2297,"surface morphology",2,26
2298,"two body problem",3,26
2299,"elliptic functions",2,26
2300,"sign problem",2,26
2301,"electromagnetic interactions",2,26
2302,"conformal transformations",2,26
2303,"canonical ensemble",2,26
2304,"hot electron",2,26
2305,"jahn teller",2,26
2306,"scattering problems",2,26
2307,"simple analytical",2,26
2308,"radiation pressure",2,26
2309,"significant variation",2,26
2310,"hole spacetimes",2,26
2311,"vacuum energy density",3,26
2312,"newtonian gravity",2,26
2313,"consistent picture",2,26
2314,"schwarzschild black hole",3,26
2315,"naturally lead",2,26
2316,"star product",2,26
2317,"open cluster ngc",3,26
2318,"planetary nebulae pne",3,26
2319,"surrounding medium",2,26
2320,"uniformly distributed",2,26
2321,"bepposax observations",2,26
2322,"differential rotation",2,26
2323,"elliptical galaxies",2,26
2324,"sdss data",2,26
2325,"luminosity functions",2,26
2326,"radial velocities",2,26
2327,"lambda cdm",2,26
2328,"circular polarization",2,26
2329,"eso vlt",2,26
2330,"common origin",2,26
2331,"angular correlations",2,26
2332,"energy dissipation",2,26
2333,"heat transport",2,26
2334,"narrow line",2,26
2335,"globular cluster ngc",3,26
2336,"lhc energies",2,26
2337,"four fermion",2,26
2338,"discrete symmetry",2,26
2339,"high energy momentum",3,26
2340,"running coupling",2,26
2341,"experimental data set",3,26
2342,"exotic baryons",2,26
2343,"analytical studies",2,26
2344,"nuclear magnetic",2,26
2345,"network topology",2,26
2346,"fuzzy sphere",2,26
2347,"ads cft",2,26
2348,"inverse square",2,26
2349,"grand unified",2,26
2350,"second quantization",2,26
2351,"pep ii storage ring",4,26
2352,"gev c2",2,26
2353,"pt symmetric",2,26
2354,"decay channel",2,26
2355,"bottom up",2,26
2356,"negative pressure",2,26
2357,"qualitative behavior",2,26
2358,"simplified models",2,26
2359,"tev gamma",2,26
2360,"quark antiquark",2,26
2361,"pion production",2,26
2362,"three nucleon",2,26
2363,"finite nuclei",2,26
2364,"poor stars",2,26
2365,"natural explanation",2,26
2366,"nearest neighbors",2,26
2367,"dynamically generated",2,26
2368,"electron spins",2,26
2369,"spectral weight",2,26
2370,"de broglie",2,25
2371,"two qubit systems",3,25
2372,"spin-1 particles",2,25
2373,"free resolution",2,25
2374,"theoretical uncertainty",2,25
2375,"optical lattices",2,25
2376,"atomic sample",2,25
2377,"resonance peaks",2,25
2378,"wave signals",2,25
2379,"hawking temperature",2,25
2380,"semiclassical regime",2,25
2381,"coherence length",2,25
2382,"relative orientation",2,25
2383,"diffusion coefficients",2,25
2384,"transmission electron",2,25
2385,"gross pitaevskii equation",3,25
2386,"charge transport through",3,25
2387,"dimer model",2,25
2388,"degree distributions",2,25
2389,"unconventional superconductivity",2,25
2390,"normal mode",2,25
2391,"off center",2,25
2392,"quasiparticle excitations",2,25
2393,"microscopic parameters",2,25
2394,"magnetic susceptibility",2,25
2395,"inhomogeneous systems",2,25
2396,"arbitrarily large",2,25
2397,"coherent sheaves",2,25
2398,"connected components",2,25
2399,"asymptotic expansions",2,25
2400,"fundamental groups",2,25
2401,"non isomorphic",2,25
2402,"numerically compute",2,25
2403,"isolated singularities",2,25
2404,"algebraic topology",2,25
2405,"unified description",2,25
2406,"generating set",2,25
2407,"homology class",2,25
2408,"generalized gradient",2,25
2409,"easy axis",2,25
2410,"wave pairing",2,25
2411,"chemical reactions",2,25
2412,"control parameter",2,25
2413,"fundamental mode",2,25
2414,"non linear regime",3,25
2415,"quantum hall",2,25
2416,"delta resonance",2,25
2417,"vibrational modes",2,25
2418,"superconducting transition",2,25
2419,"exponent alpha",2,25
2420,"temperature decreases",2,25
2421,"classical electrodynamics",2,25
2422,"physical consequences",2,25
2423,"rotational symmetry",2,25
2424,"randall sundrum model",3,25
2425,"geodesic motion",2,25
2426,"black hole entropy",3,25
2427,"homogeneous isotropic",2,25
2428,"lower energies",2,25
2429,"tensor perturbations",2,25
2430,"chern simons theory",3,25
2431,"static spherically symmetric",3,25
2432,"red objects",2,25
2433,"planetary systems",2,25
2434,"cosmic microwave background anisotropies",4,25
2435,"band images",2,25
2436,"standard cosmology",2,25
2437,"hard disk",2,25
2438,"star forming region",3,25
2439,"rxte observations",2,25
2440,"intergalactic medium igm",3,25
2441,"cluster cores",2,25
2442,"temperature gradient",2,25
2443,"agree within",2,25
2444,"adaptive optics",2,25
2445,"entire range",2,25
2446,"uv flux",2,25
2447,"direct numerical simulations",3,25
2448,"passes through",2,25
2449,"hydrodynamic simulations",2,25
2450,"protoplanetary disks",2,25
2451,"he like",2,25
2452,"rotation curves",2,25
2453,"photometric properties",2,25
2454,"half light",2,25
2455,"virgo cluster",2,25
2456,"metal lines",2,25
2457,"turbulent velocity",2,25
2458,"isolated galaxies",2,25
2459,"atmospheric parameters",2,25
2460,"susy searches",2,25
2461,"neutralino dark matter",3,25
2462,"narrow resonances",2,25
2463,"non markovian",2,25
2464,"mh gev",2,25
2465,"minkowski spacetime",2,25
2466,"generalized parton distributions",3,25
2467,"electroweak measurements",2,25
2468,"minimal supersymmetric",2,25
2469,"two body decays",3,25
2470,"atomic physics",2,25
2471,"fine structure constant",3,25
2472,"refractive index",2,25
2473,"model atmosphere",2,25
2474,"experimental investigation",2,25
2475,"yang mills theories",3,25
2476,"brane configurations",2,25
2477,"spatial coordinates",2,25
2478,"super yang mills theory",4,25
2479,"two flavors",2,25
2480,"meson production",2,25
2481,"pure su",2,25
2482,"solitary waves",2,25
2483,"two branches",2,25
2484,"dynamical variables",2,25
2485,"alpha particle",2,25
2486,"pauli principle",2,25
2487,"optimal control",2,25
2488,"classification scheme",2,25
2489,"galaxy groups",2,25
2490,"cluster members",2,25
2491,"crab nebula",2,25
2492,"equivalence relation",2,25
2493,"neutrinoless double beta decay",4,25
2494,"existing experimental data",3,25
2495,"fragmentation functions",2,25
2496,"well behaved",2,25
2497,"semiclassical approximation",2,25
2498,"end point",2,25
2499,"coordinate systems",2,25
2500,"polarized emission",2,25
2501,"nonlinear regime",2,25
2502,"many areas",2,25
2503,"electron densities",2,25
2504,"spatio temporal",2,25
2505,"navier stokes",2,25
2506,"ga mn",2,25
2507,"multi mode",2,25
2508,"stellar population",2,25
2509,"microwave induced",2,25
2510,"physical arguments",2,24
2511,"classical capacity",2,24
2512,"atomic levels",2,24
2513,"orientation dependent",2,24
2514,"self adjoint operators",3,24
2515,"shape invariant",2,24
2516,"laser pulse",2,24
2517,"particle numbers",2,24
2518,"optical elements",2,24
2519,"bipartite entanglement",2,24
2520,"classical trajectories",2,24
2521,"superfluid phase transition",3,24
2522,"self avoiding",2,24
2523,"electron phonon coupling",3,24
2524,"raman spectroscopy",2,24
2525,"ideal fluid",2,24
2526,"transverse components",2,24
2527,"gross pitaevskii",2,24
2528,"spectral energy distribution",3,24
2529,"singlet triplet",2,24
2530,"collective flow",2,24
2531,"transition metals",2,24
2532,"resistivity rho",2,24
2533,"orbital degrees",2,24
2534,"nonlinear sigma model",3,24
2535,"unit sphere",2,24
2536,"topological interpretation",2,24
2537,"elliptic surfaces",2,24
2538,"highest weight",2,24
2539,"lp spaces",2,24
2540,"series expansions",2,24
2541,"positive answer",2,24
2542,"gauge transformation",2,24
2543,"two loops",2,24
2544,"uniformly bounded",2,24
2545,"projective space",2,24
2546,"proposed earlier",2,24
2547,"adjoint representation",2,24
2548,"peak position",2,24
2549,"ring like",2,24
2550,"magnetization reversal",2,24
2551,"high mobility",2,24
2552,"monte carlo methods",3,24
2553,"ginzburg landau theory",3,24
2554,"transition frequencies",2,24
2555,"al cond mat",3,24
2556,"superfluid phase",2,24
2557,"theoretical treatment",2,24
2558,"andreev reflection",2,24
2559,"parameter space time",3,24
2560,"self similarity",2,24
2561,"small world networks",3,24
2562,"diatomic molecules",2,24
2563,"localized spins",2,24
2564,"schwarzschild black holes",3,24
2565,"skyrme model",2,24
2566,"wall motion",2,24
2567,"black hole thermodynamics",3,24
2568,"van der waals",3,24
2569,"schwarzschild spacetime",2,24
2570,"luminous quasars",2,24
2571,"non stationary",2,24
2572,"too large",2,24
2573,"gamma ray bursts",3,24
2574,"heavy elements",2,24
2575,"mass estimates",2,24
2576,"magnitude relation",2,24
2577,"gamma ray burst",3,24
2578,"least squares",2,24
2579,"agn activity",2,24
2580,"magnetic field strengths",3,24
2581,"cluster merger",2,24
2582,"hydrodynamical simulations",2,24
2583,"energy cosmic",2,24
2584,"dark matter haloes",3,24
2585,"massive halos",2,24
2586,"core radius",2,24
2587,"supernova explosion",2,24
2588,"arbitrary shape",2,24
2589,"air shower",2,24
2590,"photon absorption",2,24
2591,"star forming regions",3,24
2592,"star formation rate",3,24
2593,"brighter galaxies",2,24
2594,"low mass ratio",3,24
2595,"zeeman effect",2,24
2596,"polarization transfer",2,24
2597,"expected performance",2,24
2598,"two sided",2,24
2599,"brown dwarfs",2,24
2600,"experimentally accessible",2,24
2601,"angular distribution",2,24
2602,"nucleon resonances",2,24
2603,"point correlation function",3,24
2604,"below mev",2,24
2605,"selection rules",2,24
2606,"pion decay",2,24
2607,"lattice qcd calculations",3,24
2608,"computer science",2,24
2609,"frequency domain",2,24
2610,"highly nonlinear",2,24
2611,"world sheet",2,24
2612,"modular forms",2,24
2613,"direct product",2,24
2614,"virasoro algebra",2,24
2615,"special features",2,24
2616,"making up",2,24
2617,"parity violating",2,24
2618,"partial differential equations",3,24
2619,"kinetic equation",2,24
2620,"novel mechanism",2,24
2621,"computational complexity",2,24
2622,"nonlinear media",2,24
2623,"partial waves",2,24
2624,"complete intersection",2,24
2625,"heterotic string",2,24
2626,"supersymmetric particle",2,24
2627,"density functional",2,24
2628,"effective radius",2,24
2629,"optical wavelengths",2,24
2630,"few gev",2,24
2631,"finite width",2,24
2632,"proximity effect",2,24
2633,"spherical particles",2,24
2634,"metallic regime",2,24
2635,"correct description",2,24
2636,"metal insulator transition temperature",4,24
2637,"single domain",2,24
2638,"dark matter candidate",3,24
2639,"decoherence process",2,23
2640,"shannon entropy",2,23
2641,"structural information",2,23
2642,"canonical variables",2,23
2643,"unitary transformations",2,23
2644,"correspondence principle",2,23
2645,"grows exponentially",2,23
2646,"statistical interpretation",2,23
2647,"force acting",2,23
2648,"entropy formula",2,23
2649,"rotational band",2,23
2650,"periodic array",2,23
2651,"density functional calculations",3,23
2652,"node degree",2,23
2653,"curie temperatures",2,23
2654,"underlying lattice",2,23
2655,"metal insulator transition",3,23
2656,"susceptibility chi",2,23
2657,"highly correlated",2,23
2658,"laser cooling",2,23
2659,"wide field theory",3,23
2660,"cubic symmetry",2,23
2661,"elastic constant",2,23
2662,"weakly nonlinear",2,23
2663,"crystal field",2,23
2664,"higher rank",2,23
2665,"chern classes",2,23
2666,"sur les",2,23
2667,"isomorphism classes",2,23
2668,"his proof",2,23
2669,"data base",2,23
2670,"critical exponent",2,23
2671,"open cluster",2,23
2672,"riemannian metric",2,23
2673,"uncertainty principle",2,23
2674,"rare earth",2,23
2675,"external noise",2,23
2676,"sound velocity",2,23
2677,"non diagonal",2,23
2678,"site repulsion",2,23
2679,"growth rates",2,23
2680,"semiclassical analysis",2,23
2681,"oscillation amplitude",2,23
2682,"glassy dynamics",2,23
2683,"mesoscopic systems",2,23
2684,"collective behavior",2,23
2685,"finite size scaling",3,23
2686,"co cu",2,23
2687,"response functions",2,23
2688,"bcs bec crossover",3,23
2689,"numerical techniques",2,23
2690,"curved space time",3,23
2691,"charged black holes",3,23
2692,"kerr black hole",3,23
2693,"line broadening",2,23
2694,"radio telescope",2,23
2695,"direct test",2,23
2696,"outer disk",2,23
2697,"ob stars",2,23
2698,"soft component",2,23
2699,"angular power spectrum",3,23
2700,"kerr metric",2,23
2701,"interstellar medium ism",3,23
2702,"eta carinae",2,23
2703,"star hd",2,23
2704,"planetary system",2,23
2705,"nearby spiral galaxies",3,23
2706,"metal abundance",2,23
2707,"thermal component",2,23
2708,"dipole moment",2,23
2709,"after inflation",2,23
2710,"extrasolar planet",2,23
2711,"pre main sequence",3,23
2712,"state eos",2,23
2713,"precise value",2,23
2714,"luminous infrared",2,23
2715,"special values",2,23
2716,"experimental tests",2,23
2717,"fixed target",2,23
2718,"hep ph",2,23
2719,"collider lhc",2,23
2720,"parity violation",2,23
2721,"heavy quark mass",3,23
2722,"muon anomalous magnetic moment",4,23
2723,"higgs mechanism",2,23
2724,"gauge invariance",2,23
2725,"linear sigma model",3,23
2726,"right symmetric",2,23
2727,"open charm",2,23
2728,"elastic properties",2,23
2729,"resonant transmission",2,23
2730,"uniform magnetic field",3,23
2731,"casimir effect",2,23
2732,"type iib string",3,23
2733,"sine gordon",2,23
2734,"explicit formulae",2,23
2735,"dynamical quarks",2,23
2736,"central extension",2,23
2737,"stat sys",2,23
2738,"rho meson",2,23
2739,"short range correlations",3,23
2740,"amino acids",2,23
2741,"non monotonic",2,23
2742,"fully nonlinear",2,23
2743,"internal energy",2,23
2744,"complete characterization",2,23
2745,"two photon pairs",3,23
2746,"systematic search",2,23
2747,"complex numbers",2,23
2748,"uniqueness theorem",2,23
2749,"non thermal equilibrium",3,23
2750,"radial direction",2,23
2751,"radius relation",2,23
2752,"ray binaries",2,23
2753,"cluster core",2,23
2754,"dust continuum",2,23
2755,"strong gravitational",2,23
2756,"ordinary matter",2,23
2757,"bulk spacetime",2,23
2758,"automorphism groups",2,23
2759,"highly non",2,23
2760,"bose einstein correlations",3,23
2761,"interaction strengths",2,23
2762,"geometric interpretation",2,23
2763,"mass difference",2,23
2764,"partially quenched",2,23
2765,"near infrared spectroscopy",3,23
2766,"detection limit",2,23
2767,"evolutionary history",2,23
2768,"percolation threshold",2,23
2769,"high tc cuprates",3,23
2770,"unstable modes",2,23
2771,"inner disk",2,23
2772,"fuse observations",2,23
2773,"plasma parameters",2,23
2774,"right handed",2,23
2775,"spitzer space telescope",3,23
2776,"stochastic resonance",2,22
2777,"continuous measurement",2,22
2778,"bell inequality",2,22
2779,"relative error",2,22
2780,"time evolution equations",3,22
2781,"coherent control",2,22
2782,"temporal behavior",2,22
2783,"tree like",2,22
2784,"question raised",2,22
2785,"natural definition",2,22
2786,"non locality",2,22
2787,"independent determination",2,22
2788,"colloidal suspensions",2,22
2789,"hydrodynamic approach",2,22
2790,"thermal loop",2,22
2791,"polarized light",2,22
2792,"yukawa interactions",2,22
2793,"first passage",2,22
2794,"solvable models",2,22
2795,"anderson localization",2,22
2796,"occurs via",2,22
2797,"phase coherence",2,22
2798,"nearest neighbor interaction",3,22
2799,"conjugacy classes",2,22
2800,"binomial coefficients",2,22
2801,"chain complex",2,22
2802,"hochschild cohomology",2,22
2803,"looks like",2,22
2804,"random matrix models",3,22
2805,"spectral sequence",2,22
2806,"vertex set",2,22
2807,"homotopy theory",2,22
2808,"quadratic forms",2,22
2809,"simplicial complex",2,22
2810,"algebraic relations",2,22
2811,"valued functions",2,22
2812,"zeta function",2,22
2813,"unit ball",2,22
2814,"vortex lattice",2,22
2815,"simple consequence",2,22
2816,"monte carlo techniques",3,22
2817,"glass like",2,22
2818,"range hopping",2,22
2819,"real world networks",3,22
2820,"scaling exponents",2,22
2821,"weak ferromagnetic",2,22
2822,"preferential attachment",2,22
2823,"angle alpha",2,22
2824,"unified treatment",2,22
2825,"semiconductor quantum",2,22
2826,"emerges naturally",2,22
2827,"electrons confined",2,22
2828,"invariance principle",2,22
2829,"electrical resistivity",2,22
2830,"self consistency",2,22
2831,"driving force",2,22
2832,"incident energies",2,22
2833,"ab initio calculation",3,22
2834,"reaction diffusion",2,22
2835,"autonomous system",2,22
2836,"potential profile",2,22
2837,"electrical transport",2,22
2838,"effect transistors",2,22
2839,"quantitative description",2,22
2840,"systematic procedure",2,22
2841,"si surface",2,22
2842,"building blocks",2,22
2843,"behave like",2,22
2844,"vacuum spacetimes",2,22
2845,"rotation rate",2,22
2846,"ordinary differential equation",3,22
2847,"area law",2,22
2848,"related topics",2,22
2849,"quantization procedure",2,22
2850,"hard scattering",2,22
2851,"similar redshifts",2,22
2852,"careful analysis",2,22
2853,"gaseous disk",2,22
2854,"echelle spectra",2,22
2855,"optical afterglow",2,22
2856,"temperature profile",2,22
2857,"line strengths",2,22
2858,"multi object",2,22
2859,"primordial power spectrum",3,22
2860,"group velocity dispersion",3,22
2861,"near uv",2,22
2862,"variable sources",2,22
2863,"within mpc",2,22
2864,"lower limits",2,22
2865,"diffuse interstellar",2,22
2866,"galactic globular cluster",3,22
2867,"theoretical developments",2,22
2868,"direct imaging",2,22
2869,"co emission lines",3,22
2870,"he ii",2,22
2871,"cataclysmic variable",2,22
2872,"optically thin",2,22
2873,"solar metallicity",2,22
2874,"down quarks",2,22
2875,"uv ir",2,22
2876,"stringent constraints",2,22
2877,"large extent",2,22
2878,"population synthesis",2,22
2879,"temporal evolution",2,22
2880,"existing experimental",2,22
2881,"numerical evaluation",2,22
2882,"memory effect",2,22
2883,"production mechanism",2,22
2884,"vacuum expectation values",3,22
2885,"loop approximation",2,22
2886,"phenomenological description",2,22
2887,"neutrino flux",2,22
2888,"ward identity",2,22
2889,"gluon propagator",2,22
2890,"dyson schwinger equations",3,22
2891,"large extra dimensions",3,22
2892,"semileptonic decay",2,22
2893,"grand unification",2,22
2894,"cp asymmetries",2,22
2895,"hybrid inflation",2,22
2896,"protein folding",2,22
2897,"lagrangian formulation",2,22
2898,"analytic expression",2,22
2899,"wess zumino",2,22
2900,"hamilton jacobi",2,22
2901,"closed string",2,22
2902,"type iia",2,22
2903,"anomalous dimensions",2,22
2904,"de sitter space",3,22
2905,"causal structure",2,22
2906,"world volume",2,22
2907,"computer program",2,22
2908,"events recorded",2,22
2909,"minimal length",2,22
2910,"flavor qcd",2,22
2911,"transverse momentum pt",3,22
2912,"neutral pion",2,22
2913,"radial profile",2,22
2914,"hidden variables",2,22
2915,"riemann hilbert",2,22
2916,"scaling laws",2,22
2917,"lower redshift",2,22
2918,"underlying mechanism",2,22
2919,"cosmic microwave anisotropy",3,22
2920,"extreme case",2,22
2921,"high pt",2,22
2922,"gauge symmetry",2,22
2923,"quark sector",2,22
2924,"rho omega",2,22
2925,"thermal emission",2,22
2926,"fundamental representation",2,22
2927,"candidate events",2,22
2928,"quenched approximation",2,22
2929,"quantum chromodynamics",2,22
2930,"dust extinction",2,22
2931,"free electrons",2,22
2932,"spatial solitons",2,22
2933,"dna sequences",2,22
2934,"diffusion coefficient",2,22
2935,"external force",2,22
2936,"correlated electron",2,22
2937,"potential wells",2,22
2938,"degenerate fermi",2,22
2939,"hadron spectra",2,22
2940,"wilson coefficients",2,22
2941,"discrete variable",2,21
2942,"game theory",2,21
2943,"link invariant",2,21
2944,"gate operation",2,21
2945,"nonlinear evolution equations",3,21
2946,"convex sets",2,21
2947,"group flow",2,21
2948,"np hard",2,21
2949,"exciton states",2,21
2950,"lowest landau level",3,21
2951,"system behaves",2,21
2952,"self organized",2,21
2953,"la 2-x sr",3,21
2954,"oscillation period",2,21
2955,"mott insulators",2,21
2956,"kohn sham",2,21
2957,"hartree fock approximation",3,21
2958,"pump probe",2,21
2959,"hole doping",2,21
2960,"illustrated through",2,21
2961,"complete answer",2,21
2962,"pairing correlations",2,21
2963,"thermodynamic quantities",2,21
2964,"simulations confirm",2,21
2965,"theoretical arguments",2,21
2966,"hyperelliptic curves",2,21
2967,"linearly related",2,21
2968,"strong shocks",2,21
2969,"nearest neighbour",2,21
2970,"regular lattice",2,21
2971,"laplace operator",2,21
2972,"von neumann algebra",3,21
2973,"lecture notes",2,21
2974,"bar partial",2,21
2975,"problems concerning",2,21
2976,"gamma approx",2,21
2977,"remarkably well",2,21
2978,"basis sets",2,21
2979,"line bundle",2,21
2980,"rotation periods",2,21
2981,"calabi yau manifolds",3,21
2982,"semi stable",2,21
2983,"vertical structure",2,21
2984,"cos theta",2,21
2985,"elastic collisions",2,21
2986,"hot electrons",2,21
2987,"heavy fermions",2,21
2988,"reach values",2,21
2989,"numerical integration",2,21
2990,"deformation parameters",2,21
2991,"neural network",2,21
2992,"polarized electrons",2,21
2993,"loop diagrams",2,21
2994,"unitarity limit",2,21
2995,"penetration depth",2,21
2996,"theoretical estimates",2,21
2997,"adiabatic limit",2,21
2998,"long ranged",2,21
2999,"detailed numerical",2,21
3000,"scattering off",2,21
3001,"liquid like",2,21
3002,"exponent gamma",2,21
3003,"fundamental constants",2,21
3004,"universe filled",2,21
3005,"orbital angular",2,21
3006,"early type stars",3,21
3007,"host stars",2,21
3008,"highly relativistic",2,21
3009,"large amounts",2,21
3010,"accretion onto",2,21
3011,"microlensing event",2,21
3012,"galactic winds",2,21
3013,"core collapse",2,21
3014,"kinematic properties",2,21
3015,"current observational",2,21
3016,"inner region",2,21
3017,"well sampled",2,21
3018,"intracluster medium icm",3,21
3019,"below kev",2,21
3020,"galactic nucleus",2,21
3021,"kt kev",2,21
3022,"metal line",2,21
3023,"local minima",2,21
3024,"galactic centre",2,21
3025,"background cmb",2,21
3026,"quintessence model",2,21
3027,"cosmological perturbations",2,21
3028,"mass accretion",2,21
3029,"evolved stars",2,21
3030,"young massive",2,21
3031,"intermediate age",2,21
3032,"variable star",2,21
3033,"spectroscopic redshifts",2,21
3034,"significant variability",2,21
3035,"relativistic jet",2,21
3036,"dust grains",2,21
3037,"realistic values",2,21
3038,"forming region",2,21
3039,"process nucleosynthesis",2,21
3040,"square degree",2,21
3041,"quadrupole moment",2,21
3042,"type iib string theory",4,21
3043,"transverse momentum distribution",3,21
3044,"cp asymmetry",2,21
3045,"flux tube",2,21
3046,"model mssm",2,21
3047,"mssm parameter space",3,21
3048,"discovery potential",2,21
3049,"ghost propagators",2,21
3050,"leptonic decays",2,21
3051,"doublet model",2,21
3052,"pair production cross section",4,21
3053,"strange quark matter",3,21
3054,"poincare group",2,21
3055,"operating system",2,21
3056,"partial differential equation",3,21
3057,"absolute values",2,21
3058,"closely spaced",2,21
3059,"harmonic approximation",2,21
3060,"entropy principle",2,21
3061,"integrable models",2,21
3062,"energy momentum space time",4,21
3063,"noncommutative deformation",2,21
3064,"time intervals",2,21
3065,"lattice gauge theories",3,21
3066,"irreducible representation",2,21
3067,"peripheral collisions",2,21
3068,"distributed computing",2,21
3069,"production cross sections",3,21
3070,"low energy momentum",3,21
3071,"fock states",2,21
3072,"off resonance",2,21
3073,"third generation",2,21
3074,"proton induced",2,21
3075,"bulk scalar field",3,21
3076,"mass shift",2,21
3077,"lyapunov exponents",2,21
3078,"hopf algebras",2,21
3079,"parameters namely",2,21
3080,"cohen macaulay",2,21
3081,"decomposition theorem",2,21
3082,"discrete nonlinear",2,21
3083,"abelian groups",2,21
3084,"infinite sequence",2,21
3085,"atmospheric neutrino oscillations",3,21
3086,"put constraints",2,21
3087,"relic density",2,21
3088,"local observables",2,21
3089,"event rate",2,21
3090,"single trace",2,21
3091,"genetic algorithms",2,21
3092,"local environment",2,21
3093,"proper motions",2,21
3094,"iron lines",2,21
3095,"alpha emission",2,21
3096,"two dimensional electron gas",4,21
3097,"size scaling",2,21
3098,"quantum monte carlo",3,21
3099,"kondo lattice",2,21
3100,"strongly enhanced",2,21
3101,"linear optics",2,21
3102,"canonical transformations",2,21
3103,"coma cluster",2,21
3104,"fokker planck equation",3,21
3105,"flat spacetime",2,21
3106,"schr odinger operators",3,21
3107,"gromov witten invariants",3,21
3108,"mott gap",2,21
3109,"ferromagnetic semiconductor",2,21
3110,"pep ii",2,21
3111,"distributed over",2,21
3112,"photo induced",2,20
3113,"dissipative environment",2,20
3114,"bell states",2,20
3115,"direct photons",2,20
3116,"energy eigenstates",2,20
3117,"problem oriented",2,20
3118,"mixed phase",2,20
3119,"concentration parameter",2,20
3120,"limiting value",2,20
3121,"dimensional regularization",2,20
3122,"complex reflection",2,20
3123,"density fluctuation",2,20
3124,"spin relaxation rate",3,20
3125,"dimensional 2d",2,20
3126,"slightly below",2,20
3127,"ferromagnetic fm",2,20
3128,"limit cycle",2,20
3129,"low energy gap",3,20
3130,"equilibrium measure",2,20
3131,"competing interactions",2,20
3132,"inverse scattering",2,20
3133,"two qubit gates",3,20
3134,"bose einstein condensates bec",4,20
3135,"ordinary differential equations",3,20
3136,"variational formulation",2,20
3137,"perturbative renormalization",2,20
3138,"equivalence relations",2,20
3139,"finite depth",2,20
3140,"closed formula",2,20
3141,"result supports",2,20
3142,"bond percolation",2,20
3143,"natural numbers",2,20
3144,"number theoretic",2,20
3145,"factorization theorem",2,20
3146,"von neumann algebras",3,20
3147,"cohomology ring",2,20
3148,"homogeneous ideal",2,20
3149,"base points",2,20
3150,"topological entropy",2,20
3151,"approximate solutions",2,20
3152,"odd dimensions",2,20
3153,"mathematical description",2,20
3154,"hilbert scheme",2,20
3155,"braid group",2,20
3156,"ideal generated",2,20
3157,"banach space",2,20
3158,"dimension five",2,20
3159,"dynamical stability",2,20
3160,"clusters containing",2,20
3161,"collective motion",2,20
3162,"dc conductivity",2,20
3163,"disorder strength",2,20
3164,"ultracold atomic",2,20
3165,"mott transition",2,20
3166,"quantum hall effect",3,20
3167,"binary mixture",2,20
3168,"yba cu",2,20
3169,"nearest neighbor interactions",3,20
3170,"disk inclination",2,20
3171,"bose einstein condensation",3,20
3172,"transmitted through",2,20
3173,"fluid mixtures",2,20
3174,"directed percolation",2,20
3175,"diffusion constant",2,20
3176,"coupled map",2,20
3177,"standard model predicts",3,20
3178,"electron correlations",2,20
3179,"dynamical exponent",2,20
3180,"electronic excitations",2,20
3181,"fermionic matter",2,20
3182,"anomalous magnetic field",3,20
3183,"mg si",2,20
3184,"adjustable parameters",2,20
3185,"degree correlations",2,20
3186,"aharonov bohm effect",3,20
3187,"bianchi type",2,20
3188,"radiation emitted",2,20
3189,"general covariance",2,20
3190,"extra galactic",2,20
3191,"reaction rates",2,20
3192,"few orders",2,20
3193,"transport equations",2,20
3194,"result agrees",2,20
3195,"powerful probe",2,20
3196,"strong gravitational lensing",3,20
3197,"galactic disc",2,20
3198,"positive correlation",2,20
3199,"nu alpha",2,20
3200,"cold dust",2,20
3201,"micron images",2,20
3202,"jet axis",2,20
3203,"whole sample",2,20
3204,"resolution spectroscopy",2,20
3205,"near optimal",2,20
3206,"intergalactic medium",2,20
3207,"erg cm2",2,20
3208,"transient source",2,20
3209,"hubble space telescope hst",4,20
3210,"egret sources",2,20
3211,"keck ii",2,20
3212,"integral spi",2,20
3213,"tev range",2,20
3214,"forming regions",2,20
3215,"preliminary result",2,20
3216,"limited sample",2,20
3217,"galaxy clustering",2,20
3218,"lower frequencies",2,20
3219,"data processing",2,20
3220,"after reviewing",2,20
3221,"data imply",2,20
3222,"after having",2,20
3223,"masses below",2,20
3224,"cross correlations",2,20
3225,"upsilon 4s",2,20
3226,"soft modes",2,20
3227,"baryon octet",2,20
3228,"detailed investigation",2,20
3229,"analytical formula",2,20
3230,"cubic lattice",2,20
3231,"massless quarks",2,20
3232,"theta term",2,20
3233,"supersymmetric standard",2,20
3234,"electroweak corrections",2,20
3235,"simeq gev",2,20
3236,"force extension",2,20
3237,"cylindrically symmetric",2,20
3238,"half line",2,20
3239,"general considerations",2,20
3240,"derivative expansion",2,20
3241,"flux compactifications",2,20
3242,"single brane",2,20
3243,"wilson loop",2,20
3244,"well posed",2,20
3245,"fermion action",2,20
3246,"supersymmetric extension",2,20
3247,"hidden symmetry",2,20
3248,"surprising result",2,20
3249,"color confinement",2,20
3250,"semileptonic decays",2,20
3251,"nlo qcd",2,20
3252,"neutralino mass",2,20
3253,"global fits",2,20
3254,"light hadrons",2,20
3255,"strong coupling constant",3,20
3256,"non zero point",3,20
3257,"fine tuning problem",3,20
3258,"density matrices",2,20
3259,"magnetic charges",2,20
3260,"algebraic structures",2,20
3261,"decay products",2,20
3262,"pseudorapidity eta",2,20
3263,"formation occurs",2,20
3264,"phase gate",2,20
3265,"localization length",2,20
3266,"entanglement measures",2,20
3267,"maximally entangled states",3,20
3268,"success probability",2,20
3269,"first excited",2,20
3270,"column densities",2,20
3271,"entire system",2,20
3272,"planets around",2,20
3273,"ultra high energy cosmic ray",5,20
3274,"approaches lead",2,20
3275,"euler lagrange",2,20
3276,"transverse magnetic",2,20
3277,"leading twist",2,20
3278,"pauli blocking",2,20
3279,"isospin symmetry",2,20
3280,"optimal solution",2,20
3281,"fault tolerant",2,20
3282,"doublet models",2,20
3283,"q2 gev2",2,20
3284,"tauri stars",2,20
3285,"light ratios",2,20
3286,"highly ionized",2,20
3287,"photoionization models",2,20
3288,"oxygen abundance",2,20
3289,"exponent nu",2,20
3290,"edge states",2,20
3291,"brownian particle",2,20
3292,"mutual information",2,20
3293,"number conservation",2,20
3294,"galactic nuclei",2,20
3295,"vector field theory",3,20
3296,"lattice relaxation",2,20
3297,"split supersymmetry",2,20
3298,"annihilation through",2,19
3299,"heisenberg models",2,19
3300,"generic feature",2,19
3301,"squeezed light",2,19
3302,"fourier modes",2,19
3303,"experimental verification",2,19
3304,"finite dimensional hilbert space",4,19
3305,"ion trap",2,19
3306,"new variant",2,19
3307,"two subsystems",2,19
3308,"broad maximum",2,19
3309,"half integer",2,19
3310,"polarization entanglement",2,19
3311,"polar molecules",2,19
3312,"canonical transformation",2,19
3313,"measurement apparatus",2,19
3314,"three qubit",2,19
3315,"atomic scale",2,19
3316,"optimally doped",2,19
3317,"mott hubbard",2,19
3318,"vortex line",2,19
3319,"electron transistor",2,19
3320,"electrostatic interactions",2,19
3321,"strain induced",2,19
3322,"orbital phases",2,19
3323,"ferromagnetic ordering",2,19
3324,"abelian categories",2,19
3325,"solid surfaces",2,19
3326,"bounded geometry",2,19
3327,"normal subgroup",2,19
3328,"affine lie algebra",3,19
3329,"ordered set",2,19
3330,"hypergeometric functions",2,19
3331,"bilinear form",2,19
3332,"knot theory",2,19
3333,"dirichlet boundary",2,19
3334,"maximal value",2,19
3335,"vector valued",2,19
3336,"exactly equal",2,19
3337,"series representations",2,19
3338,"natural language",2,19
3339,"kahler manifolds",2,19
3340,"result applies",2,19
3341,"complete list",2,19
3342,"self affine",2,19
3343,"value problems",2,19
3344,"pseudo spin",2,19
3345,"upper critical temperature",3,19
3346,"ab plane",2,19
3347,"topological solitons",2,19
3348,"lorentzian metric",2,19
3349,"gap equation",2,19
3350,"tunneling hamiltonian",2,19
3351,"josephson effect",2,19
3352,"resonant tunneling",2,19
3353,"anharmonic oscillator",2,19
3354,"detection rates",2,19
3355,"higher temperatures",2,19
3356,"hard spheres",2,19
3357,"poisson statistics",2,19
3358,"paramagnetic state",2,19
3359,"tunneling spectra",2,19
3360,"stochastic stability",2,19
3361,"numerical computations",2,19
3362,"few mev",2,19
3363,"network growth",2,19
3364,"coupled cluster",2,19
3365,"soft core",2,19
3366,"microwave frequencies",2,19
3367,"a1 a2",2,19
3368,"wave packets",2,19
3369,"lorentz invariant",2,19
3370,"thin shell",2,19
3371,"cpt violating",2,19
3372,"black hole masses",3,19
3373,"long slit",2,19
3374,"too low",2,19
3375,"vlt uves",2,19
3376,"selection effect",2,19
3377,"event rates",2,19
3378,"improved understanding",2,19
3379,"active galactic nucleus",3,19
3380,"vlt isaac",2,19
3381,"analytic calculations",2,19
3382,"central star formation",3,19
3383,"background anisotropies",2,19
3384,"imaging spectrograph",2,19
3385,"quasi periodic oscillations",3,19
3386,"tauri star",2,19
3387,"photometric variability",2,19
3388,"microlensing events",2,19
3389,"metallicity relation",2,19
3390,"mass loss",2,19
3391,"gravity probe",2,19
3392,"metal poor",2,19
3393,"delta phi",2,19
3394,"soft excess",2,19
3395,"subaru telescope",2,19
3396,"astronomical data",2,19
3397,"space observatory",2,19
3398,"simultaneous measurements",2,19
3399,"stokes parameters",2,19
3400,"color magnitude",2,19
3401,"accretion disks",2,19
3402,"isotope effect",2,19
3403,"line ratios",2,19
3404,"continuum flux",2,19
3405,"gravitational instability",2,19
3406,"gamma ray flux",3,19
3407,"spectroscopic studies",2,19
3408,"filling factor",2,19
3409,"time ago",2,19
3410,"conclusions drawn",2,19
3411,"strong lensing",2,19
3412,"low ionization",2,19
3413,"integration over",2,19
3414,"tidal field",2,19
3415,"short time scales",3,19
3416,"shear viscosity",2,19
3417,"peak intensity",2,19
3418,"quasar spectra",2,19
3419,"de sitter background",3,19
3420,"second half",2,19
3421,"quiescent state",2,19
3422,"non ideal",2,19
3423,"halo mass",2,19
3424,"magnetized plasmas",2,19
3425,"threshold corrections",2,19
3426,"comparative analysis",2,19
3427,"theta production",2,19
3428,"ell nu",2,19
3429,"cronin effect",2,19
3430,"neutral pions",2,19
3431,"rho omega pi",3,19
3432,"helicity amplitudes",2,19
3433,"eta meson",2,19
3434,"chiral symmetry restoration",3,19
3435,"number violation",2,19
3436,"strongly asymmetric",2,19
3437,"charge asymmetry",2,19
3438,"m1 m2",2,19
3439,"mass matrix",2,19
3440,"gauge coupling unification",3,19
3441,"electron positron annihilation",3,19
3442,"feynman rules",2,19
3443,"flat direction",2,19
3444,"compton scattering",2,19
3445,"many body problem",3,19
3446,"scaling behaviour",2,19
3447,"dimensionally reduced",2,19
3448,"five dimensions",2,19
3449,"conformal invariance",2,19
3450,"projection operator",2,19
3451,"traditional methods",2,19
3452,"ricci flat",2,19
3453,"gauge coupling constant",3,19
3454,"zeus detector",2,19
3455,"phi meson",2,19
3456,"transition temperature tc",3,19
3457,"baryon resonances",2,19
3458,"radio frequency",2,19
3459,"emission mechanism",2,19
3460,"beam energies",2,19
3461,"weakly bound",2,19
3462,"calculations predict",2,19
3463,"hot spots",2,19
3464,"kerr medium",2,19
3465,"local unitary",2,19
3466,"improved version",2,19
3467,"pair creation",2,19
3468,"physical degrees",2,19
3469,"semiclassical limit",2,19
3470,"algebraic bethe ansatz",3,19
3471,"pair potentials",2,19
3472,"monoidal category",2,19
3473,"gas rich",2,19
3474,"simplest form",2,19
3475,"massive black holes",3,19
3476,"short introduction",2,19
3477,"physical origin",2,19
3478,"operator acting",2,19
3479,"groups acting",2,19
3480,"dynamically stable",2,19
3481,"susy breaking",2,19
3482,"unified picture",2,19
3483,"muon flux",2,19
3484,"molecular hydrogen",2,19
3485,"higgsless models",2,19
3486,"cosmic strings",2,19
3487,"maximal mixing",2,19
3488,"electroweak baryogenesis",2,19
3489,"pressure equilibrium",2,19
3490,"covariant derivatives",2,19
3491,"sky maps",2,19
3492,"observing time",2,19
3493,"layer thickness",2,19
3494,"strong variations",2,19
3495,"astro ph",2,19
3496,"single ion",2,19
3497,"short period",2,19
3498,"initial value problem",3,19
3499,"dna molecules",2,19
3500,"ising chain",2,19
3501,"neutron diffraction",2,19
3502,"hall regime",2,19
3503,"stress strain",2,19
3504,"quantum wire",2,19
3505,"longitudinal polarization",2,19
3506,"entropy production",2,19
3507,"local moment",2,19
3508,"weak mixing",2,19
3509,"kinematic region",2,19
3510,"energy momentum space",3,18
3511,"elementary introduction",2,18
3512,"teleportation scheme",2,18
3513,"ionization equilibrium",2,18
3514,"state tomography",2,18
3515,"rabi frequency",2,18
3516,"ray optics",2,18
3517,"time projection",2,18
3518,"normal ordering",2,18
3519,"quantum mechanically",2,18
3520,"non convex",2,18
3521,"magneto resistance",2,18
3522,"quantum hall regime",3,18
3523,"kondo temperature",2,18
3524,"high temperature dependence",3,18
3525,"empirical relations",2,18
3526,"underlying network",2,18
3527,"band hubbard model",3,18
3528,"solid phases",2,18
3529,"external electric field",3,18
3530,"statistics connection",2,18
3531,"self organization",2,18
3532,"time reversal symmetry",3,18
3533,"cluster expansion",2,18
3534,"directed graph",2,18
3535,"torsion free groups",3,18
3536,"global minimum",2,18
3537,"random graphs",2,18
3538,"combinatorial description",2,18
3539,"torsion free",2,18
3540,"weak convergence",2,18
3541,"integral representations",2,18
3542,"continued fraction",2,18
3543,"compact lie group",3,18
3544,"finite variance",2,18
3545,"iterative algorithm",2,18
3546,"h1 h2",2,18
3547,"null result",2,18
3548,"ahler manifolds",2,18
3549,"geodesic boundary",2,18
3550,"young tableaux",2,18
3551,"hecke algebras",2,18
3552,"irreducible characters",2,18
3553,"projective spaces",2,18
3554,"riemann surface",2,18
3555,"integrability conditions",2,18
3556,"kac moody algebras",3,18
3557,"holomorphic maps",2,18
3558,"external perturbations",2,18
3559,"thermodynamic stability",2,18
3560,"partial wave",2,18
3561,"decreases linearly",2,18
3562,"microscopic calculation",2,18
3563,"angle dependent",2,18
3564,"phonon interaction",2,18
3565,"core level",2,18
3566,"oxygen atmosphere",2,18
3567,"sr cacu",2,18
3568,"random matrices",2,18
3569,"external magnetic field theory",4,18
3570,"oscillatory behavior",2,18
3571,"temperature profiles",2,18
3572,"persistent currents",2,18
3573,"collective excitation",2,18
3574,"scaling relations",2,18
3575,"wave mixing",2,18
3576,"reproduced within",2,18
3577,"computational cost",2,18
3578,"shubnikov de haas oscillations",4,18
3579,"quasi normal",2,18
3580,"transport phenomena",2,18
3581,"constituent particles",2,18
3582,"verified experimentally",2,18
3583,"computational techniques",2,18
3584,"fluctuation dissipation theorem",3,18
3585,"charge degrees",2,18
3586,"electrical transport properties",3,18
3587,"dc magnetization",2,18
3588,"polycrystalline samples",2,18
3589,"naked singularity",2,18
3590,"quasinormal modes",2,18
3591,"binary collisions",2,18
3592,"singularity free",2,18
3593,"post newtonian",2,18
3594,"area spectrum",2,18
3595,"serious problem",2,18
3596,"interacting scalar",2,18
3597,"core accretion",2,18
3598,"stellar photospheric",2,18
3599,"spectral variability",2,18
3600,"bright end",2,18
3601,"flux ratio",2,18
3602,"rotation curve",2,18
3603,"primordial origin",2,18
3604,"box size",2,18
3605,"low mass function",3,18
3606,"fast detector",2,18
3607,"accreting black holes",3,18
3608,"flows around",2,18
3609,"accreting black hole",3,18
3610,"southern hemisphere",2,18
3611,"lcdm model",2,18
3612,"lx erg",2,18
3613,"gamma ray spectra",3,18
3614,"spectroscopic surveys",2,18
3615,"radio wavelengths",2,18
3616,"around kev",2,18
3617,"spatial correlation",2,18
3618,"cluster ngc",2,18
3619,"systematically derived",2,18
3620,"statistical significance",2,18
3621,"running spectral index",3,18
3622,"weak gravitational lensing",3,18
3623,"black hole binaries",3,18
3624,"poisson structures",2,18
3625,"nuclear burning",2,18
3626,"absorption feature",2,18
3627,"kinetic energies",2,18
3628,"steep spectrum",2,18
3629,"probe beam",2,18
3630,"flux variations",2,18
3631,"vary over",2,18
3632,"massive neutrinos",2,18
3633,"analysis confirms",2,18
3634,"secondary star",2,18
3635,"circumstellar disks",2,18
3636,"solar wind",2,18
3637,"slope gamma",2,18
3638,"cold dark",2,18
3639,"scaling form",2,18
3640,"cooling core",2,18
3641,"intra cluster",2,18
3642,"photon energies",2,18
3643,"consistent explanation",2,18
3644,"flux ratios",2,18
3645,"small scale structure",3,18
3646,"telescope compact",2,18
3647,"secondary structure",2,18
3648,"neutrino signal",2,18
3649,"primary particle",2,18
3650,"statistical accuracy",2,18
3651,"grand unified theories",3,18
3652,"radiative correction",2,18
3653,"radiative transitions",2,18
3654,"goldstone bosons",2,18
3655,"proton nucleus",2,18
3656,"hadronic tau",2,18
3657,"electromagnetic decays",2,18
3658,"polarization observables",2,18
3659,"lepton sector",2,18
3660,"nearly degenerate",2,18
3661,"direct connection",2,18
3662,"infrared divergences",2,18
3663,"charged leptons",2,18
3664,"kamland data",2,18
3665,"negative parity",2,18
3666,"two higgs",2,18
3667,"valence quark",2,18
3668,"direct cp violation",3,18
3669,"low q2",2,18
3670,"wilson line",2,18
3671,"chiral soliton model",3,18
3672,"exact treatment",2,18
3673,"dominates over",2,18
3674,"qualitative analysis",2,18
3675,"internal space",2,18
3676,"point contacts",2,18
3677,"configuration mixing",2,18
3678,"global symmetries",2,18
3679,"kinematical region",2,18
3680,"em i.e",2,18
3681,"spherical shell",2,18
3682,"simple explanation",2,18
3683,"non linear sigma model",4,18
3684,"sheds light",2,18
3685,"noncommutative spacetime",2,18
3686,"spacetime symmetries",2,18
3687,"two sides",2,18
3688,"yang mills equations",3,18
3689,"non bps",2,18
3690,"reissner nordstrom",2,18
3691,"noncommutative spaces",2,18
3692,"hot qcd",2,18
3693,"multi photon",2,18
3694,"periodic orbit",2,18
3695,"collision centrality",2,18
3696,"proton beam",2,18
3697,"reaction pp",2,18
3698,"difference delta",2,18
3699,"jefferson lab",2,18
3700,"realistic nucleon",2,18
3701,"classical counterpart",2,18
3702,"quantum mechanical systems",3,18
3703,"information theoretic",2,18
3704,"spin orbit coupling",3,18
3705,"turbulent flows",2,18
3706,"governing equations",2,18
3707,"coalescence model",2,18
3708,"alpha leq",2,18
3709,"total energy density",3,18
3710,"heat flux",2,18
3711,"algebraic curves",2,18
3712,"al cite",2,18
3713,"uniform convergence",2,18
3714,"integer lattice",2,18
3715,"flavor symmetry",2,18
3716,"light higgs boson",3,18
3717,"lepton flavor",2,18
3718,"finite temperature dependent",3,18
3719,"electroweak interactions",2,18
3720,"linear sigma",2,18
3721,"fully reconstructed",2,18
3722,"drell yan process",3,18
3723,"boson masses",2,18
3724,"sub leading",2,18
3725,"second moment",2,18
3726,"production rates",2,18
3727,"asymmetry parameter",2,18
3728,"directed flow",2,18
3729,"holographic dual",2,18
3730,"higher densities",2,18
3731,"sdss dr1",2,18
3732,"mode oscillations",2,18
3733,"astronomical observations",2,18
3734,"approximate analytic",2,18
3735,"rotating disk",2,18
3736,"accretion rate",2,18
3737,"electromagnetic field theory",3,18
3738,"liquid water",2,18
3739,"phase separated",2,18
3740,"gaas algaas",2,18
3741,"two dimensional ising model",4,18
3742,"energy landscape",2,18
3743,"rabi oscillations",2,18
3744,"conduction band",2,18
3745,"local moments",2,18
3746,"sound waves",2,18
3747,"doping level",2,18
3748,"direct numerical",2,18
3749,"physical picture",2,18
3750,"wavelet analysis",2,18
3751,"functional dependence",2,18
3752,"simple scaling",2,18
3753,"gluon plasma",2,18
3754,"during quiescence",2,18
3755,"narrow peak",2,18
3756,"projective measurements",2,17
3757,"arbitrarily many",2,17
3758,"trapped ion",2,17
3759,"spectral representation",2,17
3760,"levy processes",2,17
3761,"effective lagrangian approach",3,17
3762,"ghz state",2,17
3763,"experimental signatures",2,17
3764,"existing theories",2,17
3765,"new integrable",2,17
3766,"dimension 2n",2,17
3767,"fall off",2,17
3768,"bps states",2,17
3769,"bloch equations",2,17
3770,"maximum likelihood estimation",3,17
3771,"real parts",2,17
3772,"metal ions",2,17
3773,"wavelength regime",2,17
3774,"heterogeneous networks",2,17
3775,"infinite cluster",2,17
3776,"early type ii",3,17
3777,"conductance peak",2,17
3778,"low temperatures below",3,17
3779,"real time evolution",3,17
3780,"weight distribution",2,17
3781,"symmetry breaking pattern",3,17
3782,"einstein condensates",2,17
3783,"polarized proton",2,17
3784,"composite operators",2,17
3785,"pi band",2,17
3786,"average degree",2,17
3787,"oriented surface",2,17
3788,"effective conductivity",2,17
3789,"analytic treatment",2,17
3790,"glass transition temperature",3,17
3791,"topological classification",2,17
3792,"projective plane",2,17
3793,"negative index",2,17
3794,"simplified version",2,17
3795,"homotopy invariant",2,17
3796,"greatly enhanced",2,17
3797,"precise estimates",2,17
3798,"lagrangian submanifolds",2,17
3799,"graded rings",2,17
3800,"real zeros",2,17
3801,"banach algebra",2,17
3802,"conditions imposed",2,17
3803,"circular symmetry",2,17
3804,"hausdorff measure",2,17
3805,"pull back",2,17
3806,"k3 surfaces",2,17
3807,"novel concept",2,17
3808,"moment map",2,17
3809,"rational function",2,17
3810,"reflection symmetry",2,17
3811,"julia set",2,17
3812,"geometrical interpretation",2,17
3813,"fourier transforms",2,17
3814,"age distributions",2,17
3815,"discrete time evolution",3,17
3816,"current drive",2,17
3817,"detailed discussion",2,17
3818,"embedded clusters",2,17
3819,"inversion symmetry",2,17
3820,"magnetic impurities",2,17
3821,"uniaxial anisotropy",2,17
3822,"occupation number",2,17
3823,"liquid gas",2,17
3824,"space spanned",2,17
3825,"conventional superconductors",2,17
3826,"space time scale",3,17
3827,"grand canonical ensemble",3,17
3828,"thomas fermi",2,17
3829,"non gaussianity",2,17
3830,"bulk superconductivity",2,17
3831,"bare mass",2,17
3832,"highly sensitive",2,17
3833,"odd dimensional",2,17
3834,"thermal instability",2,17
3835,"topological methods",2,17
3836,"spin-1 chains",2,17
3837,"topological nature",2,17
3838,"nonequilibrium steady state",3,17
3839,"hamiltonian constraint",2,17
3840,"energy release",2,17
3841,"saturation regime",2,17
3842,"level crossing",2,17
3843,"atom molecule",2,17
3844,"bcs crossover",2,17
3845,"precise calculation",2,17
3846,"pair correlation function",3,17
3847,"hybrid structures",2,17
3848,"spin precession",2,17
3849,"homogeneous medium",2,17
3850,"equilibrium condition",2,17
3851,"high frequency range",3,17
3852,"robust under",2,17
3853,"space time scales",3,17
3854,"holographic principle",2,17
3855,"lorentz force",2,17
3856,"radial coordinate",2,17
3857,"interferometric measurements",2,17
3858,"curvature corrections",2,17
3859,"dust cloud",2,17
3860,"step like",2,17
3861,"accurately measure",2,17
3862,"omega phi",2,17
3863,"closed expression",2,17
3864,"dilaton gravity",2,17
3865,"late time evolution",3,17
3866,"duality transformation",2,17
3867,"spin asymmetry",2,17
3868,"renormalization group flow",3,17
3869,"gr qc",2,17
3870,"einstein maxwell",2,17
3871,"variability properties",2,17
3872,"terrestrial planets",2,17
3873,"rotating stars",2,17
3874,"bl lac objects",3,17
3875,"theoretical expectations",2,17
3876,"multiple images",2,17
3877,"lyman alpha",2,17
3878,"teff log",2,17
3879,"research areas",2,17
3880,"forming galaxies",2,17
3881,"pulse profile",2,17
3882,"normal galaxies",2,17
3883,"characteristic feature",2,17
3884,"seyfert galaxy",2,17
3885,"nearly complete",2,17
3886,"absorption features",2,17
3887,"peculiar velocities",2,17
3888,"dynamical mean",2,17
3889,"solar value",2,17
3890,"explorer fuse",2,17
3891,"indicating strong",2,17
3892,"supernova remnants",2,17
3893,"open clusters",2,17
3894,"hubble constant",2,17
3895,"total volume",2,17
3896,"faraday rotation",2,17
3897,"cell simulations",2,17
3898,"solar activity",2,17
3899,"complete understanding",2,17
3900,"alpha element",2,17
3901,"al si",2,17
3902,"co ni",2,17
3903,"quintessence models",2,17
3904,"quadratic form",2,17
3905,"paths through",2,17
3906,"few per",2,17
3907,"effective mass function",3,17
3908,"gyr old",2,17
3909,"quasi particles",2,17
3910,"following features",2,17
3911,"nuclear environment",2,17
3912,"spectroscopic measurements",2,17
3913,"strong cp violation",3,17
3914,"cp odd",2,17
3915,"ms bar",2,17
3916,"mixing matrix elements",3,17
3917,"color suppressed",2,17
3918,"neutrino nucleus",2,17
3919,"family symmetry",2,17
3920,"susy su",2,17
3921,"hermitian hamiltonian",2,17
3922,"relativistic kinematics",2,17
3923,"charmed mesons",2,17
3924,"exclusive processes",2,17
3925,"consistency check",2,17
3926,"parameter epsilon",2,17
3927,"few degrees",2,17
3928,"hermitian matrices",2,17
3929,"first chapter",2,17
3930,"supersymmetric extensions",2,17
3931,"color flavor",2,17
3932,"dyson schwinger equation",3,17
3933,"fermionic sector",2,17
3934,"s1 s2",2,17
3935,"isospin breaking",2,17
3936,"physics program",2,17
3937,"cylindrical geometry",2,17
3938,"detection algorithm",2,17
3939,"dense plasma",2,17
3940,"rate coefficients",2,17
3941,"su structures",2,17
3942,"ahler metric",2,17
3943,"maximally supersymmetric",2,17
3944,"neveu schwarz",2,17
3945,"noncommutative parameter",2,17
3946,"dilatation operator",2,17
3947,"big rip",2,17
3948,"three generations",2,17
3949,"global sections",2,17
3950,"topological string",2,17
3951,"closed string theory",3,17
3952,"beta functions",2,17
3953,"power counting",2,17
3954,"invariant mass spectrum",3,17
3955,"kekb asymmetric",2,17
3956,"boson decays",2,17
3957,"clear signal",2,17
3958,"evolutionary dynamics",2,17
3959,"em et",2,17
3960,"highly excited",2,17
3961,"kinematic range",2,17
3962,"fermi gases",2,17
3963,"theoretical modeling",2,17
3964,"trade off",2,17
3965,"two parties",2,17
3966,"nonlinear schr",2,17
3967,"boltzmann equations",2,17
3968,"three kinds",2,17
3969,"arbitrary rank",2,17
3970,"operators acting",2,17
3971,"iso data",2,17
3972,"model belongs",2,17
3973,"low mass spectrum",3,17
3974,"active galactic",2,17
3975,"power dissipation",2,17
3976,"gravitational corrections",2,17
3977,"kerr effect",2,17
3978,"conformally flat",2,17
3979,"klein gordon equation",3,17
3980,"coefficient functions",2,17
3981,"associative algebras",2,17
3982,"irreducible components",2,17
3983,"two categories",2,17
3984,"prime numbers",2,17
3985,"order unity",2,17
3986,"banach spaces",2,17
3987,"locally symmetric",2,17
3988,"calabi yau threefolds",3,17
3989,"infrared behavior",2,17
3990,"lambda qcd",2,17
3991,"neutrino mass hierarchy",3,17
3992,"tau lepton",2,17
3993,"solar neutrino",2,17
3994,"long lifetime",2,17
3995,"term inflation",2,17
3996,"gauge bosons",2,17
3997,"gaugino masses",2,17
3998,"collective mode",2,17
3999,"detailed calculation",2,17
4000,"around mev",2,17
4001,"index theorem",2,17
4002,"field theory qft",3,17
4003,"million upsilon 4s",3,17
4004,"galaxy mergers",2,17
4005,"nh cm",2,17
4006,"consistent treatment",2,17
4007,"young stellar objects",3,17
4008,"molecular clouds",2,17
4009,"small grains",2,17
4010,"eclipsing binary",2,17
4011,"markov process",2,17
4012,"ultra high energy",3,17
4013,"rapid variability",2,17
4014,"optically induced",2,17
4015,"water molecules",2,17
4016,"turbulent flow",2,17
4017,"clustering coefficient",2,17
4018,"sharp peaks",2,17
4019,"dimensional 1d",2,17
4020,"weak disorder",2,17
4021,"superconducting qubits",2,17
4022,"electron doped cuprates",3,17
4023,"states dos",2,17
4024,"around ev",2,17
4025,"orbits around",2,17
4026,"model atmospheres",2,17
4027,"directed graphs",2,17
4028,"heavy fermion compound",3,17
4029,"power law tail",3,17
4030,"zero temperature dependence",3,17
4031,"flux pinning",2,17
4032,"tau leptons",2,17
4033,"jet quenching",2,17
4034,"unitary representations",2,17
4035,"coarse graining",2,17
4036,"lockman hole",2,17
4037,"qso spectra",2,17
4038,"easily generalized",2,17
4039,"meissner effect",2,17
4040,"condensate fraction",2,17
4041,"electric field theory",3,17
4042,"optical parametric oscillator",3,16
4043,"confining potentials",2,16
4044,"gaussian features",2,16
4045,"two party",2,16
4046,"isomorphism problem",2,16
4047,"qualitatively new",2,16
4048,"singular value",2,16
4049,"np complete",2,16
4050,"spherical harmonics",2,16
4051,"completely positive maps",3,16
4052,"breit wigner",2,16
4053,"discrete version",2,16
4054,"fokker planck equations",3,16
4055,"source drain",2,16
4056,"dipolar coupled",2,16
4057,"cross product",2,16
4058,"device applications",2,16
4059,"activity level",2,16
4060,"magneto optical",2,16
4061,"temperature superconductors",2,16
4062,"alkali metal",2,16
4063,"solid solutions",2,16
4064,"screening length",2,16
4065,"remarkable result",2,16
4066,"stripe order",2,16
4067,"itinerant electrons",2,16
4068,"anomalous diffusion",2,16
4069,"phonon coupling",2,16
4070,"energy density functional calculations",4,16
4071,"resistance states",2,16
4072,"resonant cavity",2,16
4073,"intensity ratio",2,16
4074,"confined within",2,16
4075,"hard disks",2,16
4076,"full control",2,16
4077,"pressures up",2,16
4078,"spectroscopic information",2,16
4079,"electronic devices",2,16
4080,"effect transistor",2,16
4081,"traced back",2,16
4082,"molecular species",2,16
4083,"base pair",2,16
4084,"defining equations",2,16
4085,"splitting functions",2,16
4086,"natural setting",2,16
4087,"alternative proof",2,16
4088,"almost maximal",2,16
4089,"integral transform",2,16
4090,"flat space time",3,16
4091,"modular curves",2,16
4092,"de rham",2,16
4093,"weak topology",2,16
4094,"principal bundles",2,16
4095,"explicit constructions",2,16
4096,"alternative description",2,16
4097,"lattice paths",2,16
4098,"associative algebra",2,16
4099,"polynomial rings",2,16
4100,"hecke algebra",2,16
4101,"disjoint union",2,16
4102,"poisson brackets",2,16
4103,"crossed product",2,16
4104,"characteristic polynomials",2,16
4105,"earlier estimates",2,16
4106,"pseudodifferential operators",2,16
4107,"odd prime",2,16
4108,"local minimum",2,16
4109,"self assembled",2,16
4110,"local density functional calculations",4,16
4111,"vertex models",2,16
4112,"j1 j2",2,16
4113,"novel feature",2,16
4114,"double barrier",2,16
4115,"dilute limit",2,16
4116,"dusty plasmas",2,16
4117,"theoretical investigation",2,16
4118,"energy momentum distribution",3,16
4119,"critical temperature superconductors",3,16
4120,"linear stability analysis",3,16
4121,"supercooled liquids",2,16
4122,"ordered phases",2,16
4123,"tc superconductors",2,16
4124,"precise description",2,16
4125,"layered structures",2,16
4126,"compute analytically",2,16
4127,"band edge",2,16
4128,"ab initio methods",3,16
4129,"fermionic atoms",2,16
4130,"off equilibrium",2,16
4131,"rb atoms",2,16
4132,"structural disorder",2,16
4133,"selection mechanism",2,16
4134,"density matrix renormalization group",4,16
4135,"holstein model",2,16
4136,"microwave cavity",2,16
4137,"solutions admit",2,16
4138,"phonon scattering",2,16
4139,"coordinate transformations",2,16
4140,"braneworld models",2,16
4141,"gauss bonnet",2,16
4142,"static universe",2,16
4143,"hamilton jacobi equation",3,16
4144,"light deflection",2,16
4145,"frw universe",2,16
4146,"friedmann robertson walker",3,16
4147,"vector potentials",2,16
4148,"apparent horizon",2,16
4149,"observable consequences",2,16
4150,"detection threshold",2,16
4151,"well adapted",2,16
4152,"robertson walker",2,16
4153,"numerical relativity",2,16
4154,"horizon geometry",2,16
4155,"quiet quasars",2,16
4156,"electromagnetic form",2,16
4157,"loud agn",2,16
4158,"magnitude limited",2,16
4159,"ks band",2,16
4160,"angular size",2,16
4161,"projected distance",2,16
4162,"timing explorer",2,16
4163,"lorentz factor",2,16
4164,"electrons accelerated",2,16
4165,"optically bright",2,16
4166,"variable objects",2,16
4167,"progenitor star",2,16
4168,"accreting matter",2,16
4169,"turbulent transport",2,16
4170,"optical colors",2,16
4171,"ionization state",2,16
4172,"potential profiles",2,16
4173,"light emitting",2,16
4174,"ray transient",2,16
4175,"diffuse soft",2,16
4176,"extrasolar planets",2,16
4177,"timing analysis",2,16
4178,"north south",2,16
4179,"band magnitudes",2,16
4180,"infrared photometry",2,16
4181,"primordial perturbations",2,16
4182,"factorization formalism",2,16
4183,"synchrotron emission",2,16
4184,"long term variability",3,16
4185,"protostellar cores",2,16
4186,"lac objects",2,16
4187,"sources ulxs",2,16
4188,"radiation transfer",2,16
4189,"instability strip",2,16
4190,"field strengths",2,16
4191,"young massive star formation",4,16
4192,"sdss data release",3,16
4193,"orion nebula",2,16
4194,"new member",2,16
4195,"alternative interpretation",2,16
4196,"inflationary phase",2,16
4197,"weighted average",2,16
4198,"thin accretion disk",3,16
4199,"binary fraction",2,16
4200,"bolometric luminosity",2,16
4201,"massive star clusters",3,16
4202,"infrared wavelengths",2,16
4203,"nuclear activity",2,16
4204,"circumstellar dust",2,16
4205,"fluctuation induced",2,16
4206,"accelerated particles",2,16
4207,"objects having",2,16
4208,"non linear response",3,16
4209,"massive star formation",3,16
4210,"cooling mechanism",2,16
4211,"ultraviolet fuv",2,16
4212,"rotational transitions",2,16
4213,"vlba observations",2,16
4214,"fast rotating",2,16
4215,"neutral atoms",2,16
4216,"noise intensity",2,16
4217,"neutral currents",2,16
4218,"muon neutrinos",2,16
4219,"mixing angle theta",3,16
4220,"higgs production cross sections",4,16
4221,"two loop diagrams",3,16
4222,"three flavour",2,16
4223,"xs gamma",2,16
4224,"two loop level",3,16
4225,"neutrino propagation",2,16
4226,"nuclear shadowing",2,16
4227,"significant signals",2,16
4228,"cern lhc",2,16
4229,"discrete symmetries",2,16
4230,"su xu",2,16
4231,"renormalization scheme",2,16
4232,"precision observables",2,16
4233,"stringent bounds",2,16
4234,"exotic particles",2,16
4235,"dominant mechanism",2,16
4236,"experimental situation",2,16
4237,"functional integral",2,16
4238,"strange quark mass",3,16
4239,"rare decay",2,16
4240,"susy gut",2,16
4241,"primordial nucleosynthesis",2,16
4242,"schwinger dyson",2,16
4243,"precision electroweak",2,16
4244,"propagation speed",2,16
4245,"schwarzschild metric",2,16
4246,"horizon problem",2,16
4247,"acoustic modes",2,16
4248,"nonlinear optics",2,16
4249,"correlation coefficients",2,16
4250,"charge conjugation",2,16
4251,"mathematical framework",2,16
4252,"vector current",2,16
4253,"inflaton potential",2,16
4254,"universality classes",2,16
4255,"integrable spin chain",3,16
4256,"big bang nucleosynthesis",3,16
4257,"proper description",2,16
4258,"d0 branes",2,16
4259,"curved spacetime",2,16
4260,"dijkgraaf vafa",2,16
4261,"adjoint operators",2,16
4262,"seiberg witten map",3,16
4263,"dirichlet problem",2,16
4264,"type iib supergravity",3,16
4265,"uniformly over",2,16
4266,"tensor theories",2,16
4267,"s5 background",2,16
4268,"chern simons term",3,16
4269,"curved background",2,16
4270,"constrained systems",2,16
4271,"cleo iii detector",3,16
4272,"gamma d0",2,16
4273,"continuous wave",2,16
4274,"compact riemannian manifold",3,16
4275,"nonlinear schroedinger equation",3,16
4276,"brookhaven national",2,16
4277,"star detector",2,16
4278,"model expectations",2,16
4279,"minimum distance",2,16
4280,"per nucleon",2,16
4281,"band maximum",2,16
4282,"level spacing",2,16
4283,"ordered structures",2,16
4284,"second derivative",2,16
4285,"decision making",2,16
4286,"protein sequences",2,16
4287,"trapped ions",2,16
4288,"logical qubits",2,16
4289,"particle duality",2,16
4290,"pulse propagation",2,16
4291,"test problems",2,16
4292,"inhomogeneous magnetic field",3,16
4293,"computer algebra",2,16
4294,"non lte",2,16
4295,"high energy cosmic ray",4,16
4296,"total error",2,16
4297,"cmb temperature",2,16
4298,"computational power",2,16
4299,"long ago",2,16
4300,"direct consequence",2,16
4301,"structural stability",2,16
4302,"stable maps",2,16
4303,"purely algebraic",2,16
4304,"non crossing",2,16
4305,"set theoretic",2,16
4306,"riemann hypothesis",2,16
4307,"polynomial growth",2,16
4308,"quiver representations",2,16
4309,"continuous symmetries",2,16
4310,"partial differential",2,16
4311,"non commutative geometry",3,16
4312,"body problem",2,16
4313,"dense subset",2,16
4314,"connected sum",2,16
4315,"fourier analysis",2,16
4316,"isotropic medium",2,16
4317,"sin2 theta",2,16
4318,"opal data",2,16
4319,"atmospheric neutrino",2,16
4320,"tricritical point",2,16
4321,"diquark model",2,16
4322,"spin singlet triplet",3,16
4323,"line shape",2,16
4324,"particle yields",2,16
4325,"rare events",2,16
4326,"population size",2,16
4327,"main ideas",2,16
4328,"two photon number",3,16
4329,"ba sr",2,16
4330,"lyman alpha forest",3,16
4331,"near infrared photometry",3,16
4332,"supermassive black hole",3,16
4333,"bl lacs",2,16
4334,"almost completely",2,16
4335,"nuclei agn",2,16
4336,"non parametric",2,16
4337,"multi scale",2,16
4338,"physical mechanisms",2,16
4339,"random phase transition",3,16
4340,"antiferromagnetic heisenberg model",3,16
4341,"single wall",2,16
4342,"electrostatic potential",2,16
4343,"time averaged",2,16
4344,"bias conductance",2,16
4345,"electron paramagnetic",2,16
4346,"inverse power law",3,16
4347,"photoluminescence pl",2,16
4348,"loss rates",2,16
4349,"two successive",2,16
4350,"oscillation modes",2,16
4351,"hi cm",2,16
4352,"low mass distribution",3,16
4353,"conserved quantities",2,16
4354,"operator valued",2,16
4355,"codimension two",2,16
4356,"strongly reduced",2,16
4357,"operator product expansion",3,16
4358,"ultrarelativistic heavy ion collisions",4,16
4359,"earth gravity",2,16
4360,"pbar collisions",2,16
4361,"standard model expectations",3,16
4362,"otimes su",2,16
4363,"parametric resonance",2,16
4364,"gaussian channels",2,16
4365,"two dimensional torus",3,16
4366,"composite particles",2,16
4367,"dipole approximation",2,16
4368,"presently available",2,16
4369,"time integrated",2,16
4370,"plasma physics",2,16
4371,"dalitz plot",2,16
4372,"liquid metal",2,16
4373,"dimensional analog",2,15
4374,"x1 x2",2,15
4375,"formal framework",2,15
4376,"galois extensions",2,15
4377,"born oppenheimer",2,15
4378,"parallel plate",2,15
4379,"covariance matrix",2,15
4380,"rapid change",2,15
4381,"pt symmetry",2,15
4382,"heisenberg chain",2,15
4383,"yang baxter equation",3,15
4384,"holomorphic representation",2,15
4385,"strength lambda",2,15
4386,"double slit",2,15
4387,"stochastic differential equations",3,15
4388,"vortex lines",2,15
4389,"electron positron pairs",3,15
4390,"coding theory",2,15
4391,"real photons",2,15
4392,"cubic lattices",2,15
4393,"charge density wave",3,15
4394,"two neighboring",2,15
4395,"classical counterparts",2,15
4396,"electron transistor set",3,15
4397,"pulse amplitude",2,15
4398,"followed up",2,15
4399,"internal gravity",2,15
4400,"maximum entropy principle",3,15
4401,"lower bound state",3,15
4402,"disordered media",2,15
4403,"dominant part",2,15
4404,"molecular device",2,15
4405,"insulator transition",2,15
4406,"electric dipole moment",3,15
4407,"world networks",2,15
4408,"wave superconductors",2,15
4409,"pseudogap state",2,15
4410,"simple cubic",2,15
4411,"conceptual framework",2,15
4412,"wave turbulence",2,15
4413,"ferromagnetic semiconductors",2,15
4414,"covering spaces",2,15
4415,"integer sequences",2,15
4416,"congruence subgroups",2,15
4417,"limiting process",2,15
4418,"closed geodesics",2,15
4419,"betti numbers",2,15
4420,"specific angular momentum",3,15
4421,"search tree",2,15
4422,"maximal compact",2,15
4423,"valued function",2,15
4424,"reduction procedure",2,15
4425,"underlying continuum",2,15
4426,"naturally interpreted",2,15
4427,"locally flat",2,15
4428,"cauchy riemann",2,15
4429,"kahler geometry",2,15
4430,"log epsilon",2,15
4431,"linear subspaces",2,15
4432,"function f2",2,15
4433,"factorization approach",2,15
4434,"uniquely up",2,15
4435,"almost everywhere",2,15
4436,"quasi harmonic",2,15
4437,"quasi spherical",2,15
4438,"affirmative answer",2,15
4439,"read off",2,15
4440,"fourier series",2,15
4441,"nodal curves",2,15
4442,"symmetric hyperbolic",2,15
4443,"critical behaviour",2,15
4444,"mesoscopic fluctuations",2,15
4445,"polymer solutions",2,15
4446,"electron concentration",2,15
4447,"dynamical mean field",3,15
4448,"single crystalline",2,15
4449,"approximate analytical",2,15
4450,"spin glasses",2,15
4451,"slightly lower",2,15
4452,"event horizons",2,15
4453,"uniform rotation",2,15
4454,"blue shift",2,15
4455,"relaxation process",2,15
4456,"nambu goldstone",2,15
4457,"critical phenomena",2,15
4458,"tc cuprates",2,15
4459,"weak link",2,15
4460,"almost periodic",2,15
4461,"adiabatic expansion",2,15
4462,"kagome antiferromagnet",2,15
4463,"glassy behavior",2,15
4464,"quantum criticality",2,15
4465,"self organized criticality",3,15
4466,"superconductivity sc",2,15
4467,"relaxation processes",2,15
4468,"well accounted",2,15
4469,"front dynamics",2,15
4470,"large scale free",3,15
4471,"markovian dynamics",2,15
4472,"evolving under",2,15
4473,"few pc",2,15
4474,"ultra cold atoms",3,15
4475,"adequate description",2,15
4476,"universal scaling",2,15
4477,"relative strengths",2,15
4478,"single species",2,15
4479,"quantum monte carlo calculations",4,15
4480,"specific details",2,15
4481,"body simulation",2,15
4482,"q2 behavior",2,15
4483,"renormalization procedure",2,15
4484,"aharonov bohm ring",3,15
4485,"monte carlo technique",3,15
4486,"dispersive medium",2,15
4487,"packing fraction",2,15
4488,"plane resistivity",2,15
4489,"superconducting phase transition",3,15
4490,"social network",2,15
4491,"full nonlinear",2,15
4492,"ballistic transport",2,15
4493,"perturbative series",2,15
4494,"superconducting phase diagram",3,15
4495,"saturation magnetization",2,15
4496,"optimal value",2,15
4497,"null infinity",2,15
4498,"schwarzschild solution",2,15
4499,"frw cosmology",2,15
4500,"anisotropy parameter",2,15
4501,"ricci curvature",2,15
4502,"surprisingly large",2,15
4503,"emitted during",2,15
4504,"red supergiant",2,15
4505,"coincidence problem",2,15
4506,"fainter magnitudes",2,15
4507,"ray selected",2,15
4508,"spatial variations",2,15
4509,"pole structure",2,15
4510,"few days",2,15
4511,"weak lensing surveys",3,15
4512,"kev luminosities",2,15
4513,"wind nebula",2,15
4514,"primordial density",2,15
4515,"integrated spectra",2,15
4516,"form factor nu",3,15
4517,"circular disk",2,15
4518,"level populations",2,15
4519,"break galaxies",2,15
4520,"hours after",2,15
4521,"new diagnostic",2,15
4522,"kaon nucleon",2,15
4523,"ia supernovae",2,15
4524,"maximum likelihood analysis",3,15
4525,"unified view",2,15
4526,"fireball model",2,15
4527,"thin disk",2,15
4528,"parameter sets",2,15
4529,"type ia supernovae sne",4,15
4530,"coefficient alpha",2,15
4531,"dwarf nova",2,15
4532,"weak gravitational",2,15
4533,"star formation history",3,15
4534,"harmonic maps",2,15
4535,"single dish",2,15
4536,"solar flares",2,15
4537,"relative errors",2,15
4538,"fermi motion",2,15
4539,"power law component",3,15
4540,"solar type",2,15
4541,"individual objects",2,15
4542,"weak lensing",2,15
4543,"dramatic effect",2,15
4544,"moderately large",2,15
4545,"convection zone",2,15
4546,"herbig ae",2,15
4547,"beam line",2,15
4548,"ca ti",2,15
4549,"dark energy spectrum",3,15
4550,"angular scales",2,15
4551,"momentum distributions",2,15
4552,"spectral shape",2,15
4553,"type agn",2,15
4554,"ages myr",2,15
4555,"radio emission line",3,15
4556,"almost entirely",2,15
4557,"ambient gas",2,15
4558,"galaxy formation history",3,15
4559,"dark matter fields",3,15
4560,"closely resembles",2,15
4561,"bayesian approach",2,15
4562,"total stellar",2,15
4563,"angle resolved",2,15
4564,"observational techniques",2,15
4565,"primary fields",2,15
4566,"yukawa coupling",2,15
4567,"large tan beta",3,15
4568,"electroweak scale",2,15
4569,"matching conditions",2,15
4570,"see saw",2,15
4571,"phi mesons",2,15
4572,"spin polarized proton",3,15
4573,"distant sources",2,15
4574,"massless fermions",2,15
4575,"domain growth",2,15
4576,"covariant under",2,15
4577,"bar k0",2,15
4578,"interacting bosons",2,15
4579,"transverse momentum spectra",3,15
4580,"arbitrarily high",2,15
4581,"missing energy",2,15
4582,"charmonium state",2,15
4583,"proton antiproton",2,15
4584,"atmospheric neutrinos",2,15
4585,"annihilation cross section",3,15
4586,"magnitude higher orders",3,15
4587,"qualitative description",2,15
4588,"tracking system",2,15
4589,"step edge",2,15
4590,"primitive model",2,15
4591,"body interactions",2,15
4592,"vibrational spectra",2,15
4593,"periodic boundary",2,15
4594,"instanton solutions",2,15
4595,"vertex operators",2,15
4596,"harmonic superspace",2,15
4597,"riemann tensor",2,15
4598,"pp wave",2,15
4599,"noncommutative plane",2,15
4600,"transition amplitudes",2,15
4601,"briefly outline",2,15
4602,"free fermion",2,15
4603,"brane embedded",2,15
4604,"target spaces",2,15
4605,"schwinger model",2,15
4606,"bosonic sector",2,15
4607,"killing spinors",2,15
4608,"cost function",2,15
4609,"logic programs",2,15
4610,"tevatron collider",2,15
4611,"hadronic final states",3,15
4612,"direct determination",2,15
4613,"stable nuclei",2,15
4614,"separates two",2,15
4615,"schr odinger operator",3,15
4616,"semiclassical approach",2,15
4617,"detector response",2,15
4618,"accurate measurement",2,15
4619,"difference scheme",2,15
4620,"rapidity distributions",2,15
4621,"squeezed states",2,15
4622,"medium modifications",2,15
4623,"computational resources",2,15
4624,"magnetic dipole",2,15
4625,"centered around",2,15
4626,"single cell",2,15
4627,"complex interplay",2,15
4628,"action functional",2,15
4629,"gene expression",2,15
4630,"exponential map",2,15
4631,"ghz states",2,15
4632,"convex hull",2,15
4633,"atomic configurations",2,15
4634,"internal degrees",2,15
4635,"input states",2,15
4636,"maximally entangled state",3,15
4637,"regularity conditions",2,15
4638,"decays exponentially",2,15
4639,"local duality",2,15
4640,"genus zero",2,15
4641,"non hermitian",2,15
4642,"absolutely continuous",2,15
4643,"supernova explosions",2,15
4644,"mapping technique",2,15
4645,"nearby universe",2,15
4646,"initial mass function",3,15
4647,"physically reasonable",2,15
4648,"surfaces i.e",2,15
4649,"flag varieties",2,15
4650,"euler class",2,15
4651,"graded ring",2,15
4652,"geometrically finite",2,15
4653,"torus knots",2,15
4654,"non strange",2,15
4655,"adjoint action",2,15
4656,"alexander polynomial",2,15
4657,"central issue",2,15
4658,"piecewise linear",2,15
4659,"elementary processes",2,15
4660,"enhanced relative",2,15
4661,"weak assumptions",2,15
4662,"anomaly free",2,15
4663,"subleading corrections",2,15
4664,"electroweak symmetry",2,15
4665,"perturbative regime",2,15
4666,"microwave background",2,15
4667,"bulk silicon",2,15
4668,"smooth transition",2,15
4669,"gluon distribution",2,15
4670,"quark gluon plasma qgp",4,15
4671,"decay amplitudes",2,15
4672,"large nc limit",3,15
4673,"kac moody",2,15
4674,"topology change",2,15
4675,"classical fluids",2,15
4676,"nonlinear sigma",2,15
4677,"gauged supergravities",2,15
4678,"perturbations around",2,15
4679,"energy cutoff",2,15
4680,"hausdorff dimension",2,15
4681,"aharonov bohm",2,15
4682,"uncertainty relation",2,15
4683,"manifestly covariant",2,15
4684,"genetic algorithm",2,15
4685,"c.l upper limit",3,15
4686,"significant reduction",2,15
4687,"co emission",2,15
4688,"cosmology astrophysics",2,15
4689,"magellanic clouds",2,15
4690,"atmosphere models",2,15
4691,"empirical processes",2,15
4692,"candidate members",2,15
4693,"force free",2,15
4694,"monitoring campaign",2,15
4695,"sharp peak",2,15
4696,"manifest themselves",2,15
4697,"publicly available",2,15
4698,"infra red",2,15
4699,"dust temperature",2,15
4700,"dielectric constant",2,15
4701,"theory dft",2,15
4702,"well modelled",2,15
4703,"atoms confined",2,15
4704,"spatially varying",2,15
4705,"stock market",2,15
4706,"lambda hypernuclei",2,15
4707,"random environment",2,15
4708,"na coo",2,15
4709,"polarized current",2,15
4710,"metallic phase transition",3,15
4711,"excluded volume",2,15
4712,"oxygen content",2,15
4713,"metal surfaces",2,15
4714,"external driving",2,15
4715,"bcs theory",2,15
4716,"josephson coupling",2,15
4717,"superconducting transition temperature tc",4,15
4718,"double exchange",2,15
4719,"orbital plane",2,15
4720,"electronic structures",2,15
4721,"coherent structures",2,15
4722,"half metallic",2,15
4723,"factor nu",2,15
4724,"zeeman splitting",2,15
4725,"improved bounds",2,15
4726,"asymptotically optimal",2,15
4727,"reduced density matrix",3,15
4728,"square integrable",2,15
4729,"inner parts",2,15
4730,"radiation reaction",2,15
4731,"metal atoms",2,15
4732,"infrared colors",2,15
4733,"stationary axisymmetric",2,15
4734,"ergodic theory",2,15
4735,"smooth maps",2,15
4736,"co dimension",2,15
4737,"exact analytic",2,15
4738,"medium modified",2,15
4739,"reduction technique",2,15
4740,"relative position",2,15
4741,"uniform magnetization",2,15
4742,"electrical properties",2,15
4743,"qualitative features",2,15
4744,"ultracold bosons",2,15
4745,"neutral higgs bosons",3,15
4746,"relativistic heavy",2,15
4747,"highly charged",2,15
4748,"calogero model",2,15
4749,"curved space",2,15
4750,"quantity related",2,15
4751,"improved wilson",2,15
4752,"statistical tests",2,15
4753,"polymer chains",2,15
4754,"superconductor insulator",2,15
4755,"analytical treatment",2,15
4756,"hadron spectroscopy",2,15
4757,"exact supersymmetry",2,15
4758,"half plane",2,15
4759,"velocity dispersions",2,15
4760,"spitzer mips",2,15
4761,"k1 k2",2,14
4762,"functional perturbation",2,14
4763,"two dimensional hilbert space",4,14
4764,"rydberg atoms",2,14
4765,"deeply embedded",2,14
4766,"homodyne detection",2,14
4767,"quantitative information",2,14
4768,"nonlinear electrodynamics",2,14
4769,"intensity correlations",2,14
4770,"surface plasmons",2,14
4771,"force microscopy",2,14
4772,"driven diffusive",2,14
4773,"envelope function",2,14
4774,"conduction channels",2,14
4775,"inverse temperature",2,14
4776,"asymptotic freedom",2,14
4777,"dielectric constants",2,14
4778,"system size distribution",3,14
4779,"semi classical limit",3,14
4780,"hole pairs",2,14
4781,"cuo delta",2,14
4782,"materials science",2,14
4783,"interference patterns",2,14
4784,"specific choice",2,14
4785,"nodal quasiparticles",2,14
4786,"glassy systems",2,14
4787,"spin-1 systems",2,14
4788,"hydrodynamic limit",2,14
4789,"quantitative calculations",2,14
4790,"electron impact",2,14
4791,"renormalization group rg",3,14
4792,"semi realistic",2,14
4793,"stock markets",2,14
4794,"cell shape",2,14
4795,"magnetically ordered",2,14
4796,"na coo cdot",3,14
4797,"intimately related",2,14
4798,"crossed products",2,14
4799,"survey covers",2,14
4800,"my talk",2,14
4801,"skew symmetric",2,14
4802,"smooth projective curve",3,14
4803,"blowing up",2,14
4804,"homological algebra",2,14
4805,"hyperbolic 3-manifold",2,14
4806,"permutation groups",2,14
4807,"differential graded",2,14
4808,"space filling",2,14
4809,"see cite",2,14
4810,"formal power series",3,14
4811,"direct products",2,14
4812,"central extensions",2,14
4813,"tangent spaces",2,14
4814,"unital simple",2,14
4815,"representation pi",2,14
4816,"holomorphic curve",2,14
4817,"catalan numbers",2,14
4818,"dimensional torus",2,14
4819,"hermite polynomials",2,14
4820,"contact process",2,14
4821,"markov models",2,14
4822,"underlying graph",2,14
4823,"wave packet dynamics",3,14
4824,"strong coupling strength",3,14
4825,"single peaked",2,14
4826,"mgb2 superconductor",2,14
4827,"adiabatic regime",2,14
4828,"liquid interface",2,14
4829,"landau levels",2,14
4830,"inner boundary",2,14
4831,"colossal magnetoresistance",2,14
4832,"random phase diagram",3,14
4833,"energy momentum transfer",3,14
4834,"xxz model",2,14
4835,"exact mapping",2,14
4836,"dielectric response",2,14
4837,"rate onto",2,14
4838,"counting statistics",2,14
4839,"spontaneous magnetization",2,14
4840,"next nearest neighbor",3,14
4841,"reaction diffusion equation",3,14
4842,"spontaneous decay",2,14
4843,"shear flows",2,14
4844,"transition temperature decreases",3,14
4845,"numerical investigations",2,14
4846,"lattice distortions",2,14
4847,"strong correlation function",3,14
4848,"two dimensional 2d electron",4,14
4849,"random force",2,14
4850,"hydrodynamic turbulence",2,14
4851,"quantum monte carlo simulations",4,14
4852,"point contact spectroscopy",3,14
4853,"heavy fermion systems",3,14
4854,"elastic electron",2,14
4855,"rotational dynamics",2,14
4856,"stern gerlach",2,14
4857,"hydrodynamic interactions",2,14
4858,"protein interaction",2,14
4859,"feshbach resonances",2,14
4860,"free path",2,14
4861,"momentum spectra",2,14
4862,"solid like",2,14
4863,"semiconducting carbon nanotubes",3,14
4864,"stabilization mechanism",2,14
4865,"coulomb repulsion",2,14
4866,"transfer matrices",2,14
4867,"dc bias",2,14
4868,"ion irradiation",2,14
4869,"levi civita",2,14
4870,"quantum mechanics qm",3,14
4871,"external regions",2,14
4872,"multi channel",2,14
4873,"brane world volume",3,14
4874,"stark effect",2,14
4875,"conventional approaches",2,14
4876,"schwarzschild radius",2,14
4877,"spacetime manifold",2,14
4878,"lense thirring effect",3,14
4879,"ads cft duality",3,14
4880,"ricci tensor",2,14
4881,"rotating black holes",3,14
4882,"following hep",2,14
4883,"cosmic microwave background radiation",4,14
4884,"circumstellar environment",2,14
4885,"hot spot",2,14
4886,"hb stars",2,14
4887,"modern cosmology",2,14
4888,"hierarchical clustering",2,14
4889,"astrophysical observatory",2,14
4890,"light front",2,14
4891,"balmer lines",2,14
4892,"ambient pressure",2,14
4893,"infrared fir",2,14
4894,"neutrino telescopes",2,14
4895,"pulsar magnetosphere",2,14
4896,"blast wave",2,14
4897,"ultra luminous",2,14
4898,"alpha emission line",3,14
4899,"longer period",2,14
4900,"type ib",2,14
4901,"neutralino annihilation",2,14
4902,"rgb stars",2,14
4903,"velocity curves",2,14
4904,"heating processes",2,14
4905,"quasar absorption",2,14
4906,"collision induced",2,14
4907,"few months",2,14
4908,"emitting galaxies",2,14
4909,"southern sky",2,14
4910,"massive star forming",3,14
4911,"phantom cosmology",2,14
4912,"image reveals",2,14
4913,"cosmic ray sources",3,14
4914,"index gamma",2,14
4915,"iron line",2,14
4916,"short lived",2,14
4917,"carbon oxygen",2,14
4918,"central engine",2,14
4919,"secure against",2,14
4920,"limiting magnitude",2,14
4921,"photometric measurements",2,14
4922,"iso observations",2,14
4923,"environmental dependence",2,14
4924,"nearly independent",2,14
4925,"intensity modulation",2,14
4926,"least kpc",2,14
4927,"adiabatic evolution",2,14
4928,"stellar atmospheres",2,14
4929,"phenomenological consequences",2,14
4930,"raman spectra",2,14
4931,"spectral curve",2,14
4932,"equatorial plane",2,14
4933,"masses per",2,14
4934,"colour magnitude",2,14
4935,"mm wavelengths",2,14
4936,"early afterglow",2,14
4937,"gamma ray burst grb",4,14
4938,"velocity distributions",2,14
4939,"galaxy bias",2,14
4940,"empirical relation",2,14
4941,"alphas mz",2,14
4942,"nonzero value",2,14
4943,"super kamiokande",2,14
4944,"multiplicity distributions",2,14
4945,"hubble time",2,14
4946,"violating phases",2,14
4947,"atlas detector",2,14
4948,"split fermions",2,14
4949,"experimental uncertainty",2,14
4950,"leading logarithmic corrections",3,14
4951,"master integrals",2,14
4952,"standard picture",2,14
4953,"vacuum decay",2,14
4954,"polarized photons",2,14
4955,"balitsky kovchegov equation",3,14
4956,"parton densities",2,14
4957,"neutrino mixing",2,14
4958,"slepton masses",2,14
4959,"feynman graphs",2,14
4960,"eta problem",2,14
4961,"four lep",2,14
4962,"hadron collider",2,14
4963,"gauge symmetry breaking",3,14
4964,"gravitational forces",2,14
4965,"supergravity coupled",2,14
4966,"two loop corrections",3,14
4967,"via spontaneous",2,14
4968,"total angular momentum",3,14
4969,"cooper pairing",2,14
4970,"bethe salpeter",2,14
4971,"photonic crystals",2,14
4972,"density waves",2,14
4973,"equal probability",2,14
4974,"interference pattern",2,14
4975,"aqueous solution",2,14
4976,"semi empirical",2,14
4977,"acoustic oscillations",2,14
4978,"software package",2,14
4979,"highly polarized",2,14
4980,"kaluza klein reduction",3,14
4981,"pp wave background",3,14
4982,"plane wave background",3,14
4983,"softly broken",2,14
4984,"supersymmetry algebra",2,14
4985,"external electric",2,14
4986,"current sheet",2,14
4987,"free energies",2,14
4988,"dual geometries",2,14
4989,"born infeld action",3,14
4990,"turing machine",2,14
4991,"pattern recognition",2,14
4992,"observable properties",2,14
4993,"million upsilon 4s resonance",4,14
4994,"mev c2",2,14
4995,"delphi detector",2,14
4996,"near infinity",2,14
4997,"axial vector currents",3,14
4998,"improved estimates",2,14
4999,"four quark",2,14
5000,"form exp",2,14
5001,"conservation law",2,14
5002,"turbulent viscosity",2,14
5003,"finite difference equations",3,14
5004,"modulational instability",2,14
5005,"amplitude modulated",2,14
5006,"spatially periodic",2,14
5007,"collider rhic",2,14
5008,"spin polarized current",3,14
5009,"individual events",2,14
5010,"particle antiparticle",2,14
5011,"spherical nuclei",2,14
5012,"heavy ions",2,14
5013,"error estimates",2,14
5014,"relativistic corrections",2,14
5015,"community structure",2,14
5016,"magnetic monopoles",2,14
5017,"initially prepared",2,14
5018,"degenerate ground state",3,14
5019,"electromagnetically induced transparency eit",4,14
5020,"key distribution protocol",3,14
5021,"absorption process",2,14
5022,"oscillation frequency",2,14
5023,"state preparation",2,14
5024,"logic gates",2,14
5025,"basic principles",2,14
5026,"naturally occurring",2,14
5027,"population transfer",2,14
5028,"entanglement transfer",2,14
5029,"basic notions",2,14
5030,"hard sphere",2,14
5031,"incompressible flow",2,14
5032,"noether theorem",2,14
5033,"young diagrams",2,14
5034,"uv continuum",2,14
5035,"higher luminosities",2,14
5036,"rolling tachyon",2,14
5037,"after correcting",2,14
5038,"states remain",2,14
5039,"atomic species",2,14
5040,"characteristic luminosity",2,14
5041,"infrared spectrograph",2,14
5042,"naked singularities",2,14
5043,"small radii",2,14
5044,"weakly compact",2,14
5045,"self gravitating systems",3,14
5046,"nilpotent orbits",2,14
5047,"closed 3-manifold",2,14
5048,"second harmonic",2,14
5049,"nonlinear schr odinger equation",4,14
5050,"asymptotically exact",2,14
5051,"tensor category",2,14
5052,"enveloping algebra",2,14
5053,"contact manifold",2,14
5054,"relative version",2,14
5055,"arithmetic properties",2,14
5056,"graph states",2,14
5057,"measure preserving",2,14
5058,"charged higgs",2,14
5059,"standard model mssm",3,14
5060,"time dependent cp violation",4,14
5061,"decay chains",2,14
5062,"black hole evaporation",3,14
5063,"pseudo scalar",2,14
5064,"bottom quarks",2,14
5065,"instanton induced",2,14
5066,"cosmological consequences",2,14
5067,"main feature",2,14
5068,"relativistic mean field",3,14
5069,"wavelength modes",2,14
5070,"spacetime dimension",2,14
5071,"topological strings",2,14
5072,"mathematical tools",2,14
5073,"optimization problems",2,14
5074,"learning algorithms",2,14
5075,"bes ii",2,14
5076,"high significance",2,14
5077,"energy momentum spectra",3,14
5078,"averaging procedure",2,14
5079,"deconfinement phase transition",3,14
5080,"fermion determinant",2,14
5081,"high redshift range",3,14
5082,"higher redshifts",2,14
5083,"bow shock",2,14
5084,"radial component",2,14
5085,"gravitational instabilities",2,14
5086,"model independent determination",3,14
5087,"accurate predictions",2,14
5088,"radio quiet",2,14
5089,"continuum emission lines",3,14
5090,"peak luminosity",2,14
5091,"naturally explains",2,14
5092,"three year",2,14
5093,"air showers",2,14
5094,"dielectric medium",2,14
5095,"markov chains",2,14
5096,"charge distributions",2,14
5097,"many particle physics",3,14
5098,"full 3d",2,14
5099,"patterns generated",2,14
5100,"master equations",2,14
5101,"low temperature tc",3,14
5102,"current voltage characteristic",3,14
5103,"hard core bosons",3,14
5104,"detailed balance",2,14
5105,"ii vi",2,14
5106,"ac magnetic field",3,14
5107,"composite fermions",2,14
5108,"single shot noise",3,14
5109,"upper critical",2,14
5110,"zero bias",2,14
5111,"carbon nanotube",2,14
5112,"single wall carbon nanotubes",4,14
5113,"thermoelectric power",2,14
5114,"gapless excitations",2,14
5115,"per site",2,14
5116,"glass phase",2,14
5117,"trapped fermi",2,14
5118,"spin orbit interaction",3,14
5119,"valid up",2,14
5120,"two variants",2,14
5121,"classical knot",2,14
5122,"joint analysis",2,14
5123,"dynamical friction",2,14
5124,"stable orbit",2,14
5125,"driven wind",2,14
5126,"two epochs",2,14
5127,"active nucleus",2,14
5128,"left invariant",2,14
5129,"identities related",2,14
5130,"elliptic integrals",2,14
5131,"modular invariant",2,14
5132,"double cover",2,14
5133,"infinite cyclic",2,14
5134,"k3 surface",2,14
5135,"fermi liquid behavior",3,14
5136,"new node",2,14
5137,"metastable state",2,14
5138,"optical trap",2,14
5139,"multi agent",2,14
5140,"loop amplitudes",2,14
5141,"higher twist",2,14
5142,"electrical transport measurements",3,14
5143,"current carrying",2,14
5144,"experimental signature",2,14
5145,"optical parametric",2,14
5146,"superfluid phases",2,14
5147,"consistency test",2,14
5148,"drell yan",2,14
5149,"qq bar",2,14
5150,"rho0 gamma",2,14
5151,"soft gluon",2,14
5152,"dominant source",2,14
5153,"two dimensional supergravity",3,14
5154,"sin2 thetaw",2,14
5155,"physical significance",2,14
5156,"dna sequence",2,14
5157,"least two dimensional",3,14
5158,"non polar",2,14
5159,"source counts",2,14
5160,"cantor set",2,14
5161,"rotation rates",2,14
5162,"generalized parton distributions gpds",4,14
5163,"fermi statistics",2,14
5164,"long time evolution",3,14
5165,"distinguish three",2,13
5166,"concrete model",2,13
5167,"canonical commutation relations",3,13
5168,"single mode coupling",3,13
5169,"theoretic analysis",2,13
5170,"parallel processing",2,13
5171,"quantum jump",2,13
5172,"localized moment",2,13
5173,"coincide exactly",2,13
5174,"laser interferometers",2,13
5175,"calogero sutherland model",3,13
5176,"magnetically induced",2,13
5177,"invariant probability",2,13
5178,"multi atom",2,13
5179,"atomic ensembles",2,13
5180,"bound entanglement",2,13
5181,"singlet pairing",2,13
5182,"configuration space time",3,13
5183,"born rule",2,13
5184,"reason why",2,13
5185,"acts like",2,13
5186,"weakly interacting bose gas",4,13
5187,"predator prey",2,13
5188,"existing nodes",2,13
5189,"main topics",2,13
5190,"ballistic regime",2,13
5191,"crystalline phases",2,13
5192,"electrical conduction",2,13
5193,"tilted magnetic field",3,13
5194,"spin statistics",2,13
5195,"energy density functional theory",4,13
5196,"many social",2,13
5197,"correlation length scales",3,13
5198,"right after",2,13
5199,"double occupancy",2,13
5200,"electronic correlations",2,13
5201,"harmonic generation",2,13
5202,"back action",2,13
5203,"under shear",2,13
5204,"conductance peaks",2,13
5205,"transfer integral",2,13
5206,"stock price",2,13
5207,"momentum distribution function",3,13
5208,"data compression",2,13
5209,"refined analysis",2,13
5210,"exp pi",2,13
5211,"lattice boltzmann",2,13
5212,"low temperature dependent",3,13
5213,"stable reduction",2,13
5214,"continuum random",2,13
5215,"elementary proofs",2,13
5216,"north east",2,13
5217,"laurent polynomials",2,13
5218,"derived categories",2,13
5219,"monodromy groups",2,13
5220,"geometric quantization",2,13
5221,"cone over",2,13
5222,"wireless communication",2,13
5223,"cohomology theories",2,13
5224,"infty algebras",2,13
5225,"invariant measures",2,13
5226,"giant component",2,13
5227,"faithful representation",2,13
5228,"summation formula",2,13
5229,"stability criteria",2,13
5230,"parabolic subgroups",2,13
5231,"revised version",2,13
5232,"locally convex",2,13
5233,"combinatorial interpretation",2,13
5234,"heisenberg algebra",2,13
5235,"global regularity",2,13
5236,"flag manifold",2,13
5237,"landau lifshitz",2,13
5238,"polynomial ring",2,13
5239,"floer homology",2,13
5240,"end points",2,13
5241,"convex bodies",2,13
5242,"conserved quantity",2,13
5243,"connected lie group",3,13
5244,"diffeomorphism invariant",2,13
5245,"holomorphic curves",2,13
5246,"reasonable assumptions",2,13
5247,"universal property",2,13
5248,"anomalous hall effect",3,13
5249,"non axisymmetric",2,13
5250,"kinetic monte carlo simulations",4,13
5251,"being equal",2,13
5252,"isotropic turbulence",2,13
5253,"non zero modes",3,13
5254,"relative positions",2,13
5255,"satisfiability problems",2,13
5256,"crossover region",2,13
5257,"confirmed numerically",2,13
5258,"half maximum",2,13
5259,"phase synchronization",2,13
5260,"ambient conditions",2,13
5261,"dramatic change",2,13
5262,"narrow peaks",2,13
5263,"bi large",2,13
5264,"multiple phases",2,13
5265,"fe ions",2,13
5266,"pulsed laser deposition",3,13
5267,"condensate bec",2,13
5268,"local density approximation lda",4,13
5269,"economic systems",2,13
5270,"friction force",2,13
5271,"qualitatively consistent",2,13
5272,"granular materials",2,13
5273,"oscillating behavior",2,13
5274,"substantial fraction",2,13
5275,"percent accuracy",2,13
5276,"processing techniques",2,13
5277,"resonant tunneling current",3,13
5278,"many body interactions",3,13
5279,"nonlinear map",2,13
5280,"ultra short",2,13
5281,"below tn",2,13
5282,"quantized vortices",2,13
5283,"multi stage",2,13
5284,"pseudogap regime",2,13
5285,"outer layers",2,13
5286,"quantitative understanding",2,13
5287,"steady states",2,13
5288,"filling factors",2,13
5289,"microwave conductivity",2,13
5290,"peaks corresponding",2,13
5291,"ferromagnetic superconductors",2,13
5292,"static structure factor",3,13
5293,"electrical currents",2,13
5294,"small amounts",2,13
5295,"liouville theory",2,13
5296,"3he 4he",2,13
5297,"virtual photons",2,13
5298,"organic molecular",2,13
5299,"sampling technique",2,13
5300,"strongly correlated materials",3,13
5301,"linear conductance",2,13
5302,"magnetic susceptibility measurements",3,13
5303,"spiral waves",2,13
5304,"photoemission spectra",2,13
5305,"granular media",2,13
5306,"atoms embedded",2,13
5307,"annealed samples",2,13
5308,"path integral representation",3,13
5309,"material becomes",2,13
5310,"theory compactified",2,13
5311,"multipole moments",2,13
5312,"preferred frame",2,13
5313,"loop quantum corrections",3,13
5314,"negative cosmological",2,13
5315,"regge approach",2,13
5316,"astrophysical phenomena",2,13
5317,"comoving frame",2,13
5318,"junction conditions",2,13
5319,"conserved currents",2,13
5320,"curved backgrounds",2,13
5321,"binary pulsar",2,13
5322,"equally spaced",2,13
5323,"star crust",2,13
5324,"gravitational lens",2,13
5325,"gravitationally lensed",2,13
5326,"common envelope",2,13
5327,"quasar activity",2,13
5328,"resonance line",2,13
5329,"running coupling constant",3,13
5330,"central black hole",3,13
5331,"large scatter",2,13
5332,"slope alpha",2,13
5333,"hst acs",2,13
5334,"accretion flows",2,13
5335,"multifrequency observations",2,13
5336,"inclination angle",2,13
5337,"pre stellar",2,13
5338,"rotation measure",2,13
5339,"stellar surface brightness",3,13
5340,"ir luminosity",2,13
5341,"tev gamma ray emission",4,13
5342,"gamma ray sources",3,13
5343,"oxygen abundances",2,13
5344,"multi frequency",2,13
5345,"under reasonable",2,13
5346,"cataclysmic variables cvs",3,13
5347,"magellanic cloud lmc",3,13
5348,"color magnitude diagrams",3,13
5349,"satellite galaxies",2,13
5350,"outer part",2,13
5351,"sample comprises",2,13
5352,"distance determination",2,13
5353,"surface densities",2,13
5354,"ly alpha",2,13
5355,"jet formation",2,13
5356,"improved description",2,13
5357,"scuba galaxies",2,13
5358,"planet search",2,13
5359,"astronomical research",2,13
5360,"subsequent evolution",2,13
5361,"light emitted",2,13
5362,"per degree",2,13
5363,"co survey",2,13
5364,"2df galaxy",2,13
5365,"rxte pca",2,13
5366,"inflaton field",2,13
5367,"scalar field phi",3,13
5368,"available observational data",3,13
5369,"individual components",2,13
5370,"thermal diffusion",2,13
5371,"band luminosities",2,13
5372,"period luminosity",2,13
5373,"significant deviations",2,13
5374,"three months",2,13
5375,"spin torque",2,13
5376,"new discoveries",2,13
5377,"significant errors",2,13
5378,"kpc scales",2,13
5379,"band photometry",2,13
5380,"spectroscopically confirmed",2,13
5381,"full width",2,13
5382,"right angles",2,13
5383,"metal poor stars",3,13
5384,"carbon star",2,13
5385,"main peak",2,13
5386,"simulated clusters",2,13
5387,"narrow line width",3,13
5388,"raw data",2,13
5389,"bepposax observation",2,13
5390,"accreting neutron stars",3,13
5391,"polarimetric observations",2,13
5392,"massive black hole",3,13
5393,"metal enrichment",2,13
5394,"external pressure",2,13
5395,"stochastic background",2,13
5396,"equilibrium positions",2,13
5397,"al discussion",2,13
5398,"contrast imaging",2,13
5399,"bs bar",2,13
5400,"baryogenesis mechanism",2,13
5401,"quark confinement",2,13
5402,"strange baryons",2,13
5403,"meson photoproduction",2,13
5404,"quark pair production",3,13
5405,"anomalous couplings",2,13
5406,"heavy quarkonia",2,13
5407,"infrared singularities",2,13
5408,"majorana neutrinos",2,13
5409,"quark flavors",2,13
5410,"lorentz violating",2,13
5411,"tevatron collider lhc",3,13
5412,"few tev",2,13
5413,"scalar resonances",2,13
5414,"effective lagrangians",2,13
5415,"hadronic showers",2,13
5416,"virtual photon",2,13
5417,"direct searches",2,13
5418,"heavy quark masses",3,13
5419,"correlation coefficient",2,13
5420,"ckm unitarity",2,13
5421,"scherk schwarz",2,13
5422,"add up",2,13
5423,"h1 collaboration",2,13
5424,"percent level",2,13
5425,"higgs boson decays",3,13
5426,"pion form factor",3,13
5427,"rigorous proof",2,13
5428,"vortex formation",2,13
5429,"function regularization",2,13
5430,"linearly polarized",2,13
5431,"optimal choice",2,13
5432,"side information",2,13
5433,"total angular",2,13
5434,"spatially correlated",2,13
5435,"near side",2,13
5436,"rough surface",2,13
5437,"perpendicular magnetic",2,13
5438,"rotating frame",2,13
5439,"dust grain",2,13
5440,"current world",2,13
5441,"bifurcation analysis",2,13
5442,"d1 d2",2,13
5443,"massive graviton",2,13
5444,"restrict ourselves",2,13
5445,"spinning strings",2,13
5446,"expansion technique",2,13
5447,"ads backgrounds",2,13
5448,"spin observables",2,13
5449,"global star",2,13
5450,"renormalisation group",2,13
5451,"vector multiplets",2,13
5452,"consistency conditions",2,13
5453,"superconformal field theory",3,13
5454,"quantum integrability",2,13
5455,"de sitter spaces",3,13
5456,"kaehler manifolds",2,13
5457,"pure gauge",2,13
5458,"dimensionless parameter",2,13
5459,"harmonic oscillators",2,13
5460,"isometry group",2,13
5461,"thermodynamically stable",2,13
5462,"massive scalar field",3,13
5463,"bosonic string theory",3,13
5464,"contact interactions",2,13
5465,"neutron background",2,13
5466,"pep ii asymmetric",3,13
5467,"l3 detector",2,13
5468,"staggered fermions",2,13
5469,"topological susceptibility",2,13
5470,"anisotropic lattices",2,13
5471,"two flavours",2,13
5472,"chiral extrapolation",2,13
5473,"baryon chemical potential",3,13
5474,"conformal field theories",3,13
5475,"scalar product",2,13
5476,"direct generalization",2,13
5477,"time projection chamber tpc",4,13
5478,"nuclear deformation",2,13
5479,"reaction channel",2,13
5480,"large acceptance",2,13
5481,"half lives",2,13
5482,"coupled channels",2,13
5483,"energies below",2,13
5484,"exponentially decaying",2,13
5485,"neuron model",2,13
5486,"hydrogen bond",2,13
5487,"formation rates",2,13
5488,"mathematical formulation",2,13
5489,"periodically driven",2,13
5490,"fluctuation spectrum",2,13
5491,"parametric down conversion",3,13
5492,"phase locked",2,13
5493,"after discussing",2,13
5494,"fault tolerant quantum computation",4,13
5495,"data collection",2,13
5496,"lambda configuration",2,13
5497,"recursion relations",2,13
5498,"schroedinger operators",2,13
5499,"dense molecular gas",3,13
5500,"pulsar system",2,13
5501,"analytic formula",2,13
5502,"absorption bands",2,13
5503,"intrinsic variability",2,13
5504,"flat rotation",2,13
5505,"polytropic equation",2,13
5506,"extragalactic background",2,13
5507,"planetary nebula",2,13
5508,"galactic center gc",3,13
5509,"higher derivative",2,13
5510,"red shift",2,13
5511,"super massive",2,13
5512,"gauss bonnet gravity",3,13
5513,"second rank",2,13
5514,"null geodesic",2,13
5515,"regular representation",2,13
5516,"purely geometric",2,13
5517,"spatial curvature",2,13
5518,"trace formula",2,13
5519,"theoretic methods",2,13
5520,"separable state",2,13
5521,"consistency condition",2,13
5522,"tangent space",2,13
5523,"poisson distribution",2,13
5524,"affine lie",2,13
5525,"carry over",2,13
5526,"obstruction theory",2,13
5527,"fragmentation process",2,13
5528,"particle sizes",2,13
5529,"direct proof",2,13
5530,"lebesgue measure",2,13
5531,"jones polynomial",2,13
5532,"regularity properties",2,13
5533,"sobolev spaces",2,13
5534,"normal bundle",2,13
5535,"continuity equation",2,13
5536,"del pezzo surfaces",3,13
5537,"frame independent",2,13
5538,"completely consistent",2,13
5539,"root system",2,13
5540,"local hidden",2,13
5541,"low temperature decreases",3,13
5542,"hadronic final state",3,13
5543,"soft supersymmetry breaking",3,13
5544,"jaffe wilczek",2,13
5545,"longitudinal momentum",2,13
5546,"gut scale",2,13
5547,"quartic potential",2,13
5548,"h0 a0",2,13
5549,"azimuthal asymmetry",2,13
5550,"integrable su",2,13
5551,"forward rapidities",2,13
5552,"deformed nuclei",2,13
5553,"densities rho",2,13
5554,"nearly linear",2,13
5555,"string amplitudes",2,13
5556,"final stage",2,13
5557,"iib string",2,13
5558,"unitary irreducible representations",3,13
5559,"supersymmetric generalization",2,13
5560,"planar graphs",2,13
5561,"matrix renormalization",2,13
5562,"black hole bh",3,13
5563,"lies below",2,13
5564,"briefly comment",2,13
5565,"leading logarithmic",2,13
5566,"hyperbolic spaces",2,13
5567,"integrated over",2,13
5568,"polyakov loop",2,13
5569,"thermal conduction",2,13
5570,"orbit interactions",2,13
5571,"bona fide",2,13
5572,"evolutionary state",2,13
5573,"monte carlo code",3,13
5574,"star formation rates",3,13
5575,"assumed distance",2,13
5576,"mid ir",2,13
5577,"magnetohydrodynamic mhd",2,13
5578,"sigma detection",2,13
5579,"extreme conditions",2,13
5580,"stellar winds",2,13
5581,"metallicity distribution",2,13
5582,"massive star forming region",4,13
5583,"dense cores",2,13
5584,"wavelet transform",2,13
5585,"year wmap data",3,13
5586,"circularly polarized",2,13
5587,"perfectly conducting",2,13
5588,"underground laboratory",2,13
5589,"laser cooled",2,13
5590,"second harmonic generation",3,13
5591,"detection probability",2,13
5592,"atomic fermi",2,13
5593,"molecular bose gas",3,13
5594,"highest energies",2,13
5595,"suppressed relative",2,13
5596,"lattice distortion",2,13
5597,"strong magnetic field theory",4,13
5598,"becomes independent",2,13
5599,"mach zehnder interferometer",3,13
5600,"elastic moduli",2,13
5601,"ac driven",2,13
5602,"conformal mapping",2,13
5603,"periodic oscillations",2,13
5604,"sherrington kirkpatrick model",3,13
5605,"coexisting phases",2,13
5606,"fully self",2,13
5607,"microscopic origin",2,13
5608,"pair breaking",2,13
5609,"perturbation series",2,13
5610,"angle resolved photoemission",3,13
5611,"fisher information",2,13
5612,"wilson loops",2,13
5613,"q2 dependence",2,13
5614,"center vortices",2,13
5615,"quantum critical behavior",3,13
5616,"uncertainty relations",2,13
5617,"basic physical properties",3,13
5618,"ray emission measure",3,13
5619,"extrinsic curvature",2,13
5620,"sne ia supernovae",3,13
5621,"neutrino emission",2,13
5622,"galaxy formation rates",3,13
5623,"total mass distribution",3,13
5624,"gunn peterson",2,13
5625,"obtain excellent",2,13
5626,"keck hires",2,13
5627,"synthesis models",2,13
5628,"total energy spectrum",3,13
5629,"optically selected",2,13
5630,"dominant over",2,13
5631,"taub nut",2,13
5632,"self trapped",2,13
5633,"black hole spacetimes",3,13
5634,"asymptotically free",2,13
5635,"negative real",2,13
5636,"noetherian ring",2,13
5637,"kahler manifold",2,13
5638,"main ingredients",2,13
5639,"integer coefficients",2,13
5640,"surfaces immersed",2,13
5641,"insulating phases",2,13
5642,"reaction kinetics",2,13
5643,"sun like",2,13
5644,"competing order",2,13
5645,"single walled carbon nanotubes",4,13
5646,"empirical studies",2,13
5647,"dimensional electron systems",3,13
5648,"half life",2,13
5649,"perturbative corrections",2,13
5650,"wilson lines",2,13
5651,"scattering lengths",2,13
5652,"deuteron gold",2,13
5653,"pi0 production",2,13
5654,"polarized beams",2,13
5655,"flows through",2,13
5656,"mass transfer",2,13
5657,"anomalous magnetic",2,13
5658,"orientifold models",2,13
5659,"complex projective spaces",3,13
5660,"fluctuation analysis",2,13
5661,"solvable model",2,13
5662,"k0 pi",2,13
5663,"driven cavity",2,13
5664,"indefinite metric",2,13
5665,"prominent feature",2,13
5666,"solar neighbourhood",2,13
5667,"absolute zero",2,13
5668,"closed universe",2,13
5669,"hi clouds",2,13
5670,"asymptotic stability",2,13
5671,"mild conditions",2,13
5672,"local cohomology",2,13
5673,"sol gel",2,13
5674,"double layer",2,13
5675,"pairing symmetry",2,13
5676,"spin asymmetries",2,13
5677,"gluon condensate",2,13
5678,"quantum chromodynamics qcd",3,13
5679,"heat flow",2,13
5680,"bar b0",2,13
5681,"consensus model",2,13
5682,"three loops",2,13
5683,"light higgs",2,13
5684,"amino acid",2,13
5685,"free energy density",3,13
5686,"set ups",2,12
5687,"bell like",2,12
5688,"hidden variable",2,12
5689,"ultrafast optical",2,12
5690,"mutually unbiased bases",3,12
5691,"pseudo random",2,12
5692,"perturbation expansions",2,12
5693,"non markovian dynamics",3,12
5694,"black box",2,12
5695,"covariance matrices",2,12
5696,"global entanglement",2,12
5697,"density matrix elements",3,12
5698,"finite difference equation",3,12
5699,"adjacency matrix",2,12
5700,"logic gate",2,12
5701,"entropy change",2,12
5702,"volume limited",2,12
5703,"state vectors",2,12
5704,"long term stability",3,12
5705,"lowest order parameter",3,12
5706,"random errors",2,12
5707,"gaussian beam",2,12
5708,"optical path",2,12
5709,"entire network",2,12
5710,"magnetoresistance mr",2,12
5711,"scaled up",2,12
5712,"exchange rates",2,12
5713,"moves through",2,12
5714,"josephson junction arrays",3,12
5715,"transient network",2,12
5716,"electric dipole",2,12
5717,"lattice vibrations",2,12
5718,"multifractal model",2,12
5719,"bending modes",2,12
5720,"single impurity model",3,12
5721,"charge transport properties",3,12
5722,"triplet superconductivity",2,12
5723,"adiabatic change",2,12
5724,"precession period",2,12
5725,"planck equations",2,12
5726,"molecular beam epitaxy",3,12
5727,"polaron formation",2,12
5728,"length xi",2,12
5729,"quasiparticle dispersion",2,12
5730,"empirical findings",2,12
5731,"couette flow",2,12
5732,"contact angle",2,12
5733,"under discussion",2,12
5734,"organic conductors",2,12
5735,"regular sequence",2,12
5736,"wreath product",2,12
5737,"reflection algebra",2,12
5738,"closed subsets",2,12
5739,"precise numerical",2,12
5740,"spectral synthesis",2,12
5741,"diophantine approximation",2,12
5742,"bessel functions",2,12
5743,"wess zumino model",3,12
5744,"infinite sets",2,12
5745,"koszul duality",2,12
5746,"noncompact type",2,12
5747,"residue theorem",2,12
5748,"symplectic form",2,12
5749,"essentially unique",2,12
5750,"closed oriented",2,12
5751,"lensed images",2,12
5752,"kodaira dimension",2,12
5753,"arithmetic progressions",2,12
5754,"isomorphism conjecture",2,12
5755,"saddle points",2,12
5756,"matrix integrals",2,12
5757,"cluster algebras",2,12
5758,"minimum length",2,12
5759,"absolute galois group",3,12
5760,"combinatorial objects",2,12
5761,"continued fraction expansion",3,12
5762,"triple product",2,12
5763,"intermediate step",2,12
5764,"higher derivatives",2,12
5765,"omega log",2,12
5766,"compact riemannian manifolds",3,12
5767,"line bundles",2,12
5768,"spectral flow",2,12
5769,"local rings",2,12
5770,"non trivial extension",3,12
5771,"elastic response",2,12
5772,"reversal symmetry",2,12
5773,"dephasing time",2,12
5774,"infinite chain",2,12
5775,"large scale free networks",4,12
5776,"longitudinal direction",2,12
5777,"site energies",2,12
5778,"charge qubit",2,12
5779,"hard wall",2,12
5780,"n-1 dimensional",2,12
5781,"message passing",2,12
5782,"rotational bands",2,12
5783,"numerical modeling",2,12
5784,"pulse duration",2,12
5785,"two leg ladder",3,12
5786,"qualitative change",2,12
5787,"transfer efficiency",2,12
5788,"glass phase transition",3,12
5789,"generalized entropies",2,12
5790,"lipid bilayer",2,12
5791,"financial markets",2,12
5792,"physical principles",2,12
5793,"singular behaviour",2,12
5794,"short ranged",2,12
5795,"glauber dynamics",2,12
5796,"approximate treatment",2,12
5797,"magnesium diboride",2,12
5798,"approximate expressions",2,12
5799,"correlated disorder",2,12
5800,"basic ingredients",2,12
5801,"magnetic field tuned",3,12
5802,"four fold",2,12
5803,"overlap region",2,12
5804,"system undergoing",2,12
5805,"carrier density",2,12
5806,"structural features",2,12
5807,"glass formers",2,12
5808,"nonextensive parameter",2,12
5809,"tsallis statistics",2,12
5810,"near criticality",2,12
5811,"three dimensional electron",3,12
5812,"cuo planes",2,12
5813,"double beta",2,12
5814,"direct computation",2,12
5815,"lee yang",2,12
5816,"composite materials",2,12
5817,"correctly reproduce",2,12
5818,"local density fluctuations",3,12
5819,"lightly doped",2,12
5820,"plane wave functions",3,12
5821,"microwave anisotropy",2,12
5822,"heavy fermion superconductor",3,12
5823,"euclidean distance",2,12
5824,"numerically exact solution",3,12
5825,"predictive power",2,12
5826,"sub micron",2,12
5827,"quasiclassical theory",2,12
5828,"layered superconductors",2,12
5829,"poisson equation",2,12
5830,"leading candidate",2,12
5831,"conceptual problems",2,12
5832,"free network",2,12
5833,"main conclusion",2,12
5834,"translational symmetry",2,12
5835,"ising spin glass",3,12
5836,"four manifolds",2,12
5837,"well posedness",2,12
5838,"helicity states",2,12
5839,"result confirms",2,12
5840,"vanishing vacuum",2,12
5841,"canonical formalism",2,12
5842,"arnowitt deser misner",3,12
5843,"boundary value problem",3,12
5844,"arbitrary precision",2,12
5845,"sphere s2",2,12
5846,"gravitational wave signal",3,12
5847,"wheeler dewitt",2,12
5848,"pauli group",2,12
5849,"standard big bang",3,12
5850,"hr diagram",2,12
5851,"xmm newton observatory",3,12
5852,"plasma flows",2,12
5853,"early epochs",2,12
5854,"nearby groups",2,12
5855,"biological evolution",2,12
5856,"epic data",2,12
5857,"pulse shape",2,12
5858,"around ngc",2,12
5859,"rotational velocity",2,12
5860,"unified scheme",2,12
5861,"radial velocity variations",3,12
5862,"nearly edge",2,12
5863,"merger remnants",2,12
5864,"hard bremsstrahlung",2,12
5865,"circumstellar medium",2,12
5866,"millimeter array",2,12
5867,"low latitudes",2,12
5868,"merger remnant",2,12
5869,"strongly magnetized",2,12
5870,"two stream",2,12
5871,"clear detection",2,12
5872,"ray emitting",2,12
5873,"direct probe",2,12
5874,"produce significant",2,12
5875,"parkes multibeam",2,12
5876,"clustering methods",2,12
5877,"archival search",2,12
5878,"telescope beam",2,12
5879,"broad band images",3,12
5880,"cosmic microwave",2,12
5881,"high redshift survey",3,12
5882,"gas accretion",2,12
5883,"two photon energies",3,12
5884,"time scale factor",3,12
5885,"post shock",2,12
5886,"solar neighborhood",2,12
5887,"near infrared wavelengths",3,12
5888,"emitting region",2,12
5889,"limiting distributions",2,12
5890,"brightness temperature",2,12
5891,"faraday rotation measure",3,12
5892,"ray timing",2,12
5893,"population synthesis models",3,12
5894,"high ionization",2,12
5895,"three epochs",2,12
5896,"ray pulsar",2,12
5897,"distributed around",2,12
5898,"unlike many",2,12
5899,"polar cap",2,12
5900,"bl lac object",3,12
5901,"survey iv",2,12
5902,"stellar collisions",2,12
5903,"near half",2,12
5904,"parsec scales",2,12
5905,"hydrostatic equilibrium",2,12
5906,"binaries lmxbs",2,12
5907,"field north",2,12
5908,"problems remain",2,12
5909,"concordance model",2,12
5910,"cross correlated",2,12
5911,"cm diameter",2,12
5912,"composite spectrum",2,12
5913,"new prescription",2,12
5914,"sample variance",2,12
5915,"reached via",2,12
5916,"intermediate scale",2,12
5917,"near ir photometry",3,12
5918,"multi epoch",2,12
5919,"population iii",2,12
5920,"type ia",2,12
5921,"surface roughness",2,12
5922,"central object",2,12
5923,"electron population",2,12
5924,"flux limits",2,12
5925,"frequency shifts",2,12
5926,"cosmic star",2,12
5927,"white dwarf nova",3,12
5928,"hipparcos data",2,12
5929,"narrow line seyfert",3,12
5930,"mn fe",2,12
5931,"monitoring program",2,12
5932,"sn ia",2,12
5933,"inflation driven",2,12
5934,"bright quasars",2,12
5935,"xmm newton rgs",3,12
5936,"stars brighter",2,12
5937,"short overview",2,12
5938,"cold nuclear",2,12
5939,"transmission lines",2,12
5940,"strongly localized",2,12
5941,"supersonic turbulence",2,12
5942,"dust attenuation",2,12
5943,"liquid helium",2,12
5944,"three dimensional reduction",3,12
5945,"center vortex",2,12
5946,"falls off",2,12
5947,"chiral condensates",2,12
5948,"correction factor",2,12
5949,"heavy quark gluon",3,12
5950,"soft collinear effective",3,12
5951,"flavour structure",2,12
5952,"inclusive semileptonic decay",3,12
5953,"hadron resonance",2,12
5954,"hadronic matter",2,12
5955,"boson production",2,12
5956,"effective 4d",2,12
5957,"phenomenological constraints",2,12
5958,"gluon saturation",2,12
5959,"wkb approximation",2,12
5960,"soft susy",2,12
5961,"target nucleus",2,12
5962,"dipole moments",2,12
5963,"gluon jets",2,12
5964,"liouville equation",2,12
5965,"qcd sum rule",3,12
5966,"bulk scalar fields",3,12
5967,"bar nu tau",3,12
5968,"bar bf",2,12
5969,"phenomenological applications",2,12
5970,"linear collider lhc lc",4,12
5971,"coherence properties",2,12
5972,"source positions",2,12
5973,"simple modification",2,12
5974,"ring shaped",2,12
5975,"quality factor",2,12
5976,"elementary particle",2,12
5977,"collisionless plasma",2,12
5978,"unique decomposition",2,12
5979,"lax pair",2,12
5980,"abelian higgs",2,12
5981,"effective charges",2,12
5982,"penrose limit",2,12
5983,"non evolving",2,12
5984,"modern physics",2,12
5985,"kerr spacetime",2,12
5986,"monopole solutions",2,12
5987,"tangent bundle",2,12
5988,"empty space",2,12
5989,"sums over",2,12
5990,"cosmological singularity",2,12
5991,"lattice gauge field",3,12
5992,"nambu goto",2,12
5993,"topological charges",2,12
5994,"new integrable systems",3,12
5995,"giant gravitons",2,12
5996,"heterotic string theory",3,12
5997,"observer independent",2,12
5998,"wess zumino witten",3,12
5999,"nonlinear schrodinger equation",3,12
6000,"coordinate transformation",2,12
6001,"regularization procedure",2,12
6002,"topologically massive",2,12
6003,"nearly equal",2,12
6004,"randall sundrum type",3,12
6005,"closed timelike curves",3,12
6006,"fortran code",2,12
6007,"model checking",2,12
6008,"south east",2,12
6009,"high q2",2,12
6010,"electrons positrons",2,12
6011,"minimal supersymmetric particle",3,12
6012,"selection process",2,12
6013,"charmonium states",2,12
6014,"approx mev",2,12
6015,"finite size scaling analysis",4,12
6016,"abelian gauge",2,12
6017,"bogomol nyi",2,12
6018,"main differences",2,12
6019,"soliton like",2,12
6020,"magnetohydrodynamic turbulence",2,12
6021,"cluster approximation",2,12
6022,"high energy loss",3,12
6023,"lower levels",2,12
6024,"fusion process",2,12
6025,"wave lengths",2,12
6026,"off nuclei",2,12
6027,"exponential tail",2,12
6028,"color superconductivity",2,12
6029,"random phase approximation rpa",4,12
6030,"flow pattern",2,12
6031,"optical fiber",2,12
6032,"interacting boson",2,12
6033,"damped harmonic oscillator",3,12
6034,"via cavity",2,12
6035,"amplitude damping",2,12
6036,"commuting variables",2,12
6037,"quantum game",2,12
6038,"conversion efficiency",2,12
6039,"next step",2,12
6040,"entanglement swapping",2,12
6041,"bb84 protocol",2,12
6042,"collective spin",2,12
6043,"two photon emission",3,12
6044,"non perturbatively",2,12
6045,"path information",2,12
6046,"experimental feasibility",2,12
6047,"schrodinger operator",2,12
6048,"subgroup problem",2,12
6049,"quasi degenerate",2,12
6050,"min max",2,12
6051,"warm gas",2,12
6052,"morphology density",2,12
6053,"surrounding gas",2,12
6054,"bar nue",2,12
6055,"age estimates",2,12
6056,"faint radio galaxies",3,12
6057,"pulsar wind nebulae",3,12
6058,"magnification effect",2,12
6059,"sky survey 2mass",3,12
6060,"third law",2,12
6061,"axial symmetry",2,12
6062,"detailed characterization",2,12
6063,"inhomogeneous media",2,12
6064,"core size",2,12
6065,"curvature tensors",2,12
6066,"old problem",2,12
6067,"minkowski metric",2,12
6068,"exp alpha",2,12
6069,"reductive algebraic",2,12
6070,"technical result",2,12
6071,"volume conjecture",2,12
6072,"logarithmic singularities",2,12
6073,"full classification",2,12
6074,"elementary symmetric",2,12
6075,"dynkin diagram",2,12
6076,"twisted boundary conditions",3,12
6077,"algebraic closure",2,12
6078,"classical limit theorem",3,12
6079,"minimization problem",2,12
6080,"compact subgroup",2,12
6081,"birational geometry",2,12
6082,"second quantized",2,12
6083,"complex projective",2,12
6084,"partially ordered set",3,12
6085,"gaudin model",2,12
6086,"rotation invariant",2,12
6087,"heat transfer",2,12
6088,"gaussian curvature",2,12
6089,"number projection",2,12
6090,"rational map",2,12
6091,"linear programming",2,12
6092,"light scalars",2,12
6093,"inflationary cosmology",2,12
6094,"sigma term",2,12
6095,"squared differences",2,12
6096,"ultra high energy cosmic rays",5,12
6097,"reactor neutrino",2,12
6098,"research program",2,12
6099,"chiral perturbation",2,12
6100,"mass formulae",2,12
6101,"physical reason",2,12
6102,"relativistic mean field theory",4,12
6103,"fourier coefficients",2,12
6104,"heavy ion collision",3,12
6105,"nn interaction",2,12
6106,"calculations confirm",2,12
6107,"nuclear forces",2,12
6108,"poincare invariant",2,12
6109,"open string theory",3,12
6110,"dark energy cosmic",3,12
6111,"physical situations",2,12
6112,"noncommutative version",2,12
6113,"full next",2,12
6114,"hilbert action",2,12
6115,"brane charges",2,12
6116,"immediate consequence",2,12
6117,"hybrid systems",2,12
6118,"inference systems",2,12
6119,"triple gauge couplings",3,12
6120,"marginal stability",2,12
6121,"preliminary step",2,12
6122,"improved staggered",2,12
6123,"overlap fermions",2,12
6124,"reasonable values",2,12
6125,"type ia supernova sn",4,12
6126,"cosmic reionization",2,12
6127,"integrated spectrum",2,12
6128,"heating rate",2,12
6129,"null hypothesis",2,12
6130,"third component",2,12
6131,"alternative explanation",2,12
6132,"non negligible",2,12
6133,"ir bands",2,12
6134,"reaching up",2,12
6135,"ultra cold",2,12
6136,"dwarf companion",2,12
6137,"powerful means",2,12
6138,"hydrodynamical models",2,12
6139,"2mass photometry",2,12
6140,"kinematical properties",2,12
6141,"spatial distributions",2,12
6142,"mhd turbulence",2,12
6143,"mm sources",2,12
6144,"characteristic time evolution",3,12
6145,"forces acting",2,12
6146,"interacting scalar field",3,12
6147,"mean free path",3,12
6148,"newtonian dynamics",2,12
6149,"spatial distribution function",3,12
6150,"integral formalism",2,12
6151,"static sources",2,12
6152,"toy models",2,12
6153,"direction perpendicular magnetic field",4,12
6154,"cellular automaton",2,12
6155,"artificial neural networks",3,12
6156,"decision theory",2,12
6157,"granular material",2,12
6158,"strongly disordered",2,12
6159,"point defects",2,12
6160,"approximation schemes",2,12
6161,"atomic clusters",2,12
6162,"doppler shift",2,12
6163,"grain boundary",2,12
6164,"solid solution",2,12
6165,"semiconductor quantum dot",3,12
6166,"wide angle",2,12
6167,"dependent conductance",2,12
6168,"ferroelectric materials",2,12
6169,"electron nucleus",2,12
6170,"power suppressed",2,12
6171,"hydrogen atoms",2,12
6172,"high temperature superconductors",3,12
6173,"simple phenomenological",2,12
6174,"similar conclusion",2,12
6175,"slows down",2,12
6176,"enhanced symmetry",2,12
6177,"ii superconductors",2,12
6178,"quasiparticle spectrum",2,12
6179,"symmetric domains",2,12
6180,"spatially modulated",2,12
6181,"world average",2,12
6182,"low enough",2,12
6183,"decreases exponentially",2,12
6184,"individual molecules",2,12
6185,"shear modulus",2,12
6186,"strange particles",2,12
6187,"remain stable",2,12
6188,"closed shell",2,12
6189,"optical microscopy",2,12
6190,"below ev",2,12
6191,"superposition principle",2,12
6192,"entanglement length",2,12
6193,"relativistic mean",2,12
6194,"transition occurring",2,12
6195,"moving average",2,12
6196,"active galactic nuclei agns",4,12
6197,"remnants snrs",2,12
6198,"tight constraints",2,12
6199,"transverse velocity",2,12
6200,"dynamo action",2,12
6201,"ranges over",2,12
6202,"recombination lines",2,12
6203,"astrophysical parameters",2,12
6204,"hardness ratio",2,12
6205,"cold dense",2,12
6206,"redshift dependence",2,12
6207,"multiwavelength observations",2,12
6208,"soft gamma ray emission",4,12
6209,"conformal maps",2,12
6210,"spherical symmetric",2,12
6211,"schubert varieties",2,12
6212,"embedding theorem",2,12
6213,"classified up",2,12
6214,"injective dimension",2,12
6215,"compact calabi",2,12
6216,"briefly summarize",2,12
6217,"fractal dimension",2,12
6218,"fundamental strings",2,12
6219,"turned off",2,12
6220,"ising models",2,12
6221,"debye screening",2,12
6222,"negative magnetoresistance mr",3,12
6223,"landau zener",2,12
6224,"acoustic phonons",2,12
6225,"kondo peak",2,12
6226,"pati salam",2,12
6227,"constituent quarks",2,12
6228,"charm production",2,12
6229,"delta resonance region",3,12
6230,"strangeness production",2,12
6231,"gluon vertex",2,12
6232,"kappa symmetric",2,12
6233,"broken down",2,12
6234,"transmission coefficients",2,12
6235,"diagonal action",2,12
6236,"software components",2,12
6237,"machine learning",2,12
6238,"plaquette gauge",2,12
6239,"negative refraction",2,12
6240,"bounded derived",2,12
6241,"random perturbations",2,12
6242,"magnetic permeability",2,12
6243,"charged hadrons",2,12
6244,"bose hubbard model",3,12
6245,"mixing scheme",2,12
6246,"integral satellite",2,12
6247,"big rip singularity",3,12
6248,"geometric transition",2,12
6249,"functional integrals",2,12
6250,"galois representations",2,12
6251,"consistency relation",2,12
6252,"entire functions",2,12
6253,"similarity transformation",2,12
6254,"activation energy",2,12
6255,"high tc superconductors",3,12
6256,"fitting procedure",2,12
6257,"multi orbital",2,12
6258,"day technology",2,12
6259,"neutrino mass matrices",3,12
6260,"small bjorken",2,12
6261,"asymmetric nuclear matter",3,12
6262,"goldstone boson",2,12
6263,"normal forms",2,12
6264,"building up",2,12
6265,"active stars",2,12
6266,"wide ranges",2,12
6267,"pseudo riemannian manifolds",3,12
6268,"laboratory conditions",2,12
6269,"fourier transformed",2,12
6270,"euclidean space time",3,12
6271,"boundary value",2,12
6272,"lamb shift",2,12
6273,"methods agree",2,12
6274,"conductance oscillations",2,12
6275,"central potentials",2,12
6276,"arguments against",2,11
6277,"critically examined",2,11
6278,"rotor model",2,11
6279,"quantum nonlocality",2,11
6280,"effective hamiltonian formalism",3,11
6281,"ionized plasma",2,11
6282,"projection technique",2,11
6283,"separable states",2,11
6284,"cnot gate",2,11
6285,"many copies",2,11
6286,"wide interval",2,11
6287,"point correlation length",3,11
6288,"systems exhibiting",2,11
6289,"joint measurement",2,11
6290,"heisenberg euler",2,11
6291,"artificial intelligence",2,11
6292,"atomic clock",2,11
6293,"arbitrary initial conditions",3,11
6294,"error correcting codes",3,11
6295,"nmr quantum",2,11
6296,"qubit gates",2,11
6297,"free energy spectrum",3,11
6298,"quantum information paradox",3,11
6299,"bloch sphere",2,11
6300,"noisy channels",2,11
6301,"ergodic properties",2,11
6302,"cavity qed",2,11
6303,"testable predictions",2,11
6304,"insulating barrier",2,11
6305,"spin valve",2,11
6306,"price returns",2,11
6307,"simulations indicate",2,11
6308,"flux penetration",2,11
6309,"oxide superconductor",2,11
6310,"unrestricted hartree fock",3,11
6311,"negative index materials",3,11
6312,"transmission electron microscopy",3,11
6313,"duration gamma",2,11
6314,"eigenvalue distribution",2,11
6315,"kinetic energy density",3,11
6316,"sr ruo",2,11
6317,"amorphous silicon",2,11
6318,"zone center",2,11
6319,"force constants",2,11
6320,"shock fronts",2,11
6321,"site coulomb interaction",3,11
6322,"orbital degenerate",2,11
6323,"strongly correlated electron",3,11
6324,"co adsorption",2,11
6325,"vibrational properties",2,11
6326,"unit interval",2,11
6327,"metal contacts",2,11
6328,"type gaas",2,11
6329,"double layers",2,11
6330,"nearest neighbor sites",3,11
6331,"quantum information loss",3,11
6332,"film growth",2,11
6333,"post annealing",2,11
6334,"real materials",2,11
6335,"pure hydrogen",2,11
6336,"armchair carbon nanotubes",3,11
6337,"symplectic reduction",2,11
6338,"smooth projective varieties",3,11
6339,"macdonald polynomials",2,11
6340,"integer points",2,11
6341,"south west",2,11
6342,"colored jones polynomial",3,11
6343,"van der",2,11
6344,"exponential sums",2,11
6345,"sobolev space",2,11
6346,"properly embedded",2,11
6347,"orthogonal basis",2,11
6348,"borel subalgebra",2,11
6349,"flat lambda",2,11
6350,"ruled surface",2,11
6351,"closed orbits",2,11
6352,"wave front",2,11
6353,"fall within",2,11
6354,"prime factors",2,11
6355,"gamma subset",2,11
6356,"alpha simeq",2,11
6357,"three body systems",3,11
6358,"nontrivial topology",2,11
6359,"universal covering",2,11
6360,"type tilde",2,11
6361,"translation operators",2,11
6362,"commutative rings",2,11
6363,"ann probab",2,11
6364,"connected reductive algebraic",3,11
6365,"morita theory",2,11
6366,"matrix factorizations",2,11
6367,"go over",2,11
6368,"endomorphism ring",2,11
6369,"link invariants",2,11
6370,"jacobi polynomials",2,11
6371,"key observation",2,11
6372,"kaehler metrics",2,11
6373,"character formula",2,11
6374,"boolean algebras",2,11
6375,"real valued",2,11
6376,"homogeneous polynomial",2,11
6377,"natural extensions",2,11
6378,"original definition",2,11
6379,"closed curve",2,11
6380,"affine plane",2,11
6381,"model categories",2,11
6382,"expanding maps",2,11
6383,"orientation preserving",2,11
6384,"structural relaxation",2,11
6385,"quasi homogeneous",2,11
6386,"charge ordered",2,11
6387,"sr mno",2,11
6388,"persistence length",2,11
6389,"dynamical localization",2,11
6390,"long wavelength modes",3,11
6391,"scaling arguments",2,11
6392,"recombination rate",2,11
6393,"ion collisions",2,11
6394,"quantum chemistry",2,11
6395,"charge carrier",2,11
6396,"square grid",2,11
6397,"long time dependent",3,11
6398,"finite fraction",2,11
6399,"vortex core",2,11
6400,"liquid crystals",2,11
6401,"highly oriented",2,11
6402,"mean field strength",3,11
6403,"brown et",2,11
6404,"electrostatic interaction",2,11
6405,"coordination number",2,11
6406,"bloch functions",2,11
6407,"landau damping",2,11
6408,"qualitative picture",2,11
6409,"inversion asymmetry",2,11
6410,"two dimensional electron density",4,11
6411,"structural distortions",2,11
6412,"intense laser",2,11
6413,"two dimensional ising spin",4,11
6414,"epidemic spreading",2,11
6415,"ray diffraction studies",3,11
6416,"noise reduction",2,11
6417,"experimental protocol",2,11
6418,"sign reversal",2,11
6419,"subtle differences",2,11
6420,"wave superconductivity",2,11
6421,"antiferromagnetic heisenberg",2,11
6422,"conductance values",2,11
6423,"spin singlet ground state",4,11
6424,"slave boson",2,11
6425,"accurate value",2,11
6426,"gauss law",2,11
6427,"lda dmft",2,11
6428,"conduction bands",2,11
6429,"systematic differences",2,11
6430,"geometrical constraints",2,11
6431,"kinetically constrained",2,11
6432,"magnetic field cooled",3,11
6433,"single grain",2,11
6434,"universal amplitude",2,11
6435,"muon spin relaxation",3,11
6436,"keldysh formalism",2,11
6437,"superconducting gaps",2,11
6438,"local density functional",3,11
6439,"damping term",2,11
6440,"fiber bundle",2,11
6441,"kappa bedt ttf",3,11
6442,"ordered phase transition",3,11
6443,"grand canonical",2,11
6444,"instability leading",2,11
6445,"magnitude stronger",2,11
6446,"newly derived",2,11
6447,"hysteresis loop",2,11
6448,"globally hyperbolic spacetimes",3,11
6449,"space time variation",3,11
6450,"local lorentz",2,11
6451,"solutions representing",2,11
6452,"strong repulsive",2,11
6453,"edge lengths",2,11
6454,"newtonian potential",2,11
6455,"brans dicke theory",3,11
6456,"unit vector",2,11
6457,"linearized gravity",2,11
6458,"second derivatives",2,11
6459,"propagation vector",2,11
6460,"field theory living",3,11
6461,"horizon area",2,11
6462,"smooth hypersurfaces",2,11
6463,"false vacuum",2,11
6464,"core surrounded",2,11
6465,"young massive star",3,11
6466,"nucleosynthesis calculations",2,11
6467,"short time evolution",3,11
6468,"reflection nebula",2,11
6469,"field spirals",2,11
6470,"hydrogen rich",2,11
6471,"multi colour",2,11
6472,"cepheid distance",2,11
6473,"critical curves",2,11
6474,"companions around",2,11
6475,"ir images",2,11
6476,"la palma",2,11
6477,"multi site",2,11
6478,"light element",2,11
6479,"tidal stream",2,11
6480,"mag arcsec",2,11
6481,"lick indices",2,11
6482,"clear excess",2,11
6483,"computational geometry",2,11
6484,"burst grb afterglows",3,11
6485,"green bank",2,11
6486,"reionization history",2,11
6487,"high redshift distribution",3,11
6488,"selected agns",2,11
6489,"significant scatter",2,11
6490,"log normal",2,11
6491,"within arcsec",2,11
6492,"representative sample",2,11
6493,"excess entropy",2,11
6494,"galactic synchrotron",2,11
6495,"blackbody plus",2,11
6496,"circular velocity",2,11
6497,"radial profiles",2,11
6498,"bar driven",2,11
6499,"joint distribution",2,11
6500,"filamentary structures",2,11
6501,"move through",2,11
6502,"sky coverage",2,11
6503,"spiral arms",2,11
6504,"continuum maps",2,11
6505,"rr lyrae",2,11
6506,"fast evaluation",2,11
6507,"supernovae sne",2,11
6508,"diffraction limited",2,11
6509,"northern hemisphere",2,11
6510,"physics community",2,11
6511,"shock wave",2,11
6512,"lambda aa",2,11
6513,"apparent brightness",2,11
6514,"inertial mass",2,11
6515,"line shapes",2,11
6516,"full sky",2,11
6517,"deep inside",2,11
6518,"opening angle",2,11
6519,"envelope around",2,11
6520,"degenerate neutrinos",2,11
6521,"months after",2,11
6522,"studies concerning",2,11
6523,"las campanas",2,11
6524,"well matched",2,11
6525,"iron emission lines",3,11
6526,"dust collapse",2,11
6527,"accreting gas",2,11
6528,"separate regions",2,11
6529,"telescope vlt",2,11
6530,"soft gamma repeaters",3,11
6531,"small magellanic cloud smc",4,11
6532,"redshift survey 2dfgrs",3,11
6533,"fine tuned",2,11
6534,"superstring theories",2,11
6535,"solar corona",2,11
6536,"stellar content",2,11
6537,"near earth",2,11
6538,"hst wfpc2",2,11
6539,"clean limit",2,11
6540,"classical nova",2,11
6541,"roughly constant",2,11
6542,"accreting white dwarfs",3,11
6543,"gamma ray astronomy",3,11
6544,"spectra consist",2,11
6545,"spectroscopic binaries",2,11
6546,"stellar atmosphere",2,11
6547,"modified friedmann equation",3,11
6548,"exposure time",2,11
6549,"inner edge",2,11
6550,"sub dominant",2,11
6551,"trapped surface",2,11
6552,"ray bursts",2,11
6553,"ionization states",2,11
6554,"highest redshift",2,11
6555,"galactic disks",2,11
6556,"observable quantities",2,11
6557,"radiative transfer code",3,11
6558,"substellar objects",2,11
6559,"rr lyrae stars",3,11
6560,"phase averaged",2,11
6561,"starburst galaxy",2,11
6562,"hst acs images",3,11
6563,"supernova neutrinos",2,11
6564,"neutrino mass matrix",3,11
6565,"fermilab tevatron",2,11
6566,"leading order nlo",3,11
6567,"transfer reactions",2,11
6568,"impact parameter space",3,11
6569,"isospin violation",2,11
6570,"model independent methods",3,11
6571,"theory scet",2,11
6572,"via leptogenesis",2,11
6573,"cp violating asymmetry",3,11
6574,"transition temperature dependent",3,11
6575,"light cone sum rules",4,11
6576,"radon transform",2,11
6577,"short range attraction",3,11
6578,"partial widths",2,11
6579,"kaon decays",2,11
6580,"precise predictions",2,11
6581,"chiral soliton",2,11
6582,"high precision measurements",3,11
6583,"collinear effective",2,11
6584,"instanton liquid",2,11
6585,"particle irreducible",2,11
6586,"dglap evolution",2,11
6587,"experimental bounds",2,11
6588,"electro weak",2,11
6589,"upsilon 1s",2,11
6590,"transverse momentum dependent",3,11
6591,"belle collaboration",2,11
6592,"quark pair",2,11
6593,"appl phys",2,11
6594,"phi factory",2,11
6595,"running time",2,11
6596,"anomalous magnetic moment",3,11
6597,"positive feedback",2,11
6598,"effective area",2,11
6599,"ultra violet",2,11
6600,"input physics",2,11
6601,"laser beams",2,11
6602,"resonance lines",2,11
6603,"main attention",2,11
6604,"inverse power",2,11
6605,"hartree fock hf",3,11
6606,"earlier approaches",2,11
6607,"improved treatment",2,11
6608,"arbitrary number density",3,11
6609,"inner shell",2,11
6610,"doubly charged",2,11
6611,"super yang mills sym",4,11
6612,"dilaton field",2,11
6613,"effective superpotentials",2,11
6614,"explicit realization",2,11
6615,"dilaton background",2,11
6616,"les houches",2,11
6617,"equations relating",2,11
6618,"analytical continuation",2,11
6619,"ultraviolet cutoff",2,11
6620,"poincare invariance",2,11
6621,"superfield formalism",2,11
6622,"goes through",2,11
6623,"pick up",2,11
6624,"superstring theory",2,11
6625,"kink solution",2,11
6626,"high energy cosmic rays",4,11
6627,"chiral unitary",2,11
6628,"string side",2,11
6629,"green schwarz",2,11
6630,"noncommutative nc",2,11
6631,"ten dimensional",2,11
6632,"arkani hamed",2,11
6633,"warp factor",2,11
6634,"lagrangian density",2,11
6635,"metric affine",2,11
6636,"closed bosonic string",3,11
6637,"poincare algebra",2,11
6638,"fermionic degrees",2,11
6639,"fayet iliopoulos",2,11
6640,"superconformal algebra",2,11
6641,"de sitter space time",4,11
6642,"programming languages",2,11
6643,"minimal assumptions",2,11
6644,"na49 collaboration",2,11
6645,"moment edm",2,11
6646,"electric dipole moments",3,11
6647,"gamma stat syst",3,11
6648,"energy conservation",2,11
6649,"induced representations",2,11
6650,"wide applicability",2,11
6651,"statistical errors",2,11
6652,"imaginary chemical potential",3,11
6653,"lattice gauge fields",3,11
6654,"averages over",2,11
6655,"quantum fourier",2,11
6656,"invariant subspaces",2,11
6657,"geq sigma",2,11
6658,"lower bound states",3,11
6659,"under rotations",2,11
6660,"singular values",2,11
6661,"legendre transform",2,11
6662,"surface integrals",2,11
6663,"single vortex",2,11
6664,"beam width",2,11
6665,"commuting operators",2,11
6666,"killing vectors",2,11
6667,"mean square root",3,11
6668,"chaos synchronization",2,11
6669,"too long",2,11
6670,"pt invariant",2,11
6671,"central pb collisions",3,11
6672,"cooler synchrotron cosy",3,11
6673,"multiparticle production",2,11
6674,"star collaboration",2,11
6675,"neutron rich isotopes",3,11
6676,"classical trajectory",2,11
6677,"assumptions underlying",2,11
6678,"functional forms",2,11
6679,"reconstruction algorithm",2,11
6680,"non hermitian hamiltonian",3,11
6681,"trap geometry",2,11
6682,"entanglement assisted",2,11
6683,"local realistic",2,11
6684,"electromagnetically induced transparency",3,11
6685,"combinatorial approach",2,11
6686,"interference phenomena",2,11
6687,"theorem says",2,11
6688,"computational effort",2,11
6689,"considerably reduced",2,11
6690,"non relativistic quantum mechanics",4,11
6691,"information concerning",2,11
6692,"maximal entropy",2,11
6693,"unconditional security",2,11
6694,"theta phi",2,11
6695,"heisenberg uncertainty principle",3,11
6696,"de excitation",2,11
6697,"cavity mode",2,11
6698,"branched coverings",2,11
6699,"self averaging",2,11
6700,"special choice",2,11
6701,"green bank telescope",3,11
6702,"bipolar outflow",2,11
6703,"highly connected",2,11
6704,"mid ir images",3,11
6705,"ogle ii",2,11
6706,"black body",2,11
6707,"gamma ray absorption",3,11
6708,"seyfert nucleus",2,11
6709,"selection biases",2,11
6710,"gravitational wave emission",3,11
6711,"carbon monoxide",2,11
6712,"thin wall",2,11
6713,"cartesian coordinates",2,11
6714,"initial singularity",2,11
6715,"gravitating systems",2,11
6716,"spinor field theory",3,11
6717,"scalar tensor theories",3,11
6718,"relative velocities",2,11
6719,"math ph",2,11
6720,"geometric optics",2,11
6721,"conservative systems",2,11
6722,"tight contact structures",3,11
6723,"sectional curvature",2,11
6724,"simple lie algebras",3,11
6725,"riemann zeta functions",3,11
6726,"connected sums",2,11
6727,"hamiltonian paths",2,11
6728,"simple lie group",3,11
6729,"total curvature",2,11
6730,"reductive group",2,11
6731,"cat spaces",2,11
6732,"isolated singularity",2,11
6733,"gorenstein algebras",2,11
6734,"gel fand",2,11
6735,"dense quark matter",3,11
6736,"cp violating phases",3,11
6737,"general mssm",2,11
6738,"pp decays",2,11
6739,"large logarithms",2,11
6740,"experimental data sets",3,11
6741,"ckm matrix element",3,11
6742,"linear colliders",2,11
6743,"accelerating cosmologies",2,11
6744,"einstein podolsky rosen",3,11
6745,"neutral gauge bosons",3,11
6746,"life time",2,11
6747,"complementary information",2,11
6748,"cp phases",2,11
6749,"detector acceptance",2,11
6750,"non abelian group",3,11
6751,"extended defects",2,11
6752,"multi color",2,11
6753,"active neutrinos",2,11
6754,"picture emerging",2,11
6755,"wider class",2,11
6756,"majorana neutrino",2,11
6757,"experimental errors",2,11
6758,"lepton number",2,11
6759,"lepton flavor violation",3,11
6760,"neutron rich nuclei",3,11
6761,"toward higher",2,11
6762,"medium modification",2,11
6763,"hole excitations",2,11
6764,"lattice sizes",2,11
6765,"excitation functions",2,11
6766,"hartree fock bogoliubov",3,11
6767,"total variation",2,11
6768,"residual interaction",2,11
6769,"eikonal model",2,11
6770,"heavy ion reactions",3,11
6771,"fluctuation dissipation",2,11
6772,"moduli stabilization",2,11
6773,"superconformal symmetry",2,11
6774,"spherical coordinates",2,11
6775,"free massless",2,11
6776,"parameter kappa",2,11
6777,"world line",2,11
6778,"epsilon regime",2,11
6779,"sine gordon model",3,11
6780,"information extraction",2,11
6781,"data mining",2,11
6782,"complicated problems",2,11
6783,"complex adaptive",2,11
6784,"million psi decays",3,11
6785,"besii detector",2,11
6786,"iterative procedure",2,11
6787,"reionization epoch",2,11
6788,"inertial frame",2,11
6789,"strongly affects",2,11
6790,"apparent magnitude",2,11
6791,"fully self consistent",3,11
6792,"rr lyrae variables",3,11
6793,"diffraction peak",2,11
6794,"adaptive mesh refinement",3,11
6795,"optical depths",2,11
6796,"dense environments",2,11
6797,"total stellar evolution",3,11
6798,"absolute calibration",2,11
6799,"large areas",2,11
6800,"heavy hole",2,11
6801,"fourier transformation",2,11
6802,"processes involved",2,11
6803,"multiple pulse",2,11
6804,"atomic force",2,11
6805,"feynman propagator",2,11
6806,"hydrodynamic simulation",2,11
6807,"three fold",2,11
6808,"go like",2,11
6809,"experimental investigations",2,11
6810,"resonant raman scattering",3,11
6811,"quantization condition",2,11
6812,"navier stokes equation",3,11
6813,"topological features",2,11
6814,"solution tends",2,11
6815,"type antiferromagnetic",2,11
6816,"splitting delta",2,11
6817,"high temperatures below",3,11
6818,"quantum antiferromagnet",2,11
6819,"powder samples",2,11
6820,"dynamic structure factor",3,11
6821,"numerical simulations suggest",3,11
6822,"local density functional theory",4,11
6823,"polarization anomaly",2,11
6824,"uv light",2,11
6825,"magnetic field hc2",3,11
6826,"metal oxide",2,11
6827,"lattice gauge field theory",4,11
6828,"quasi equilibrium",2,11
6829,"vertex degree",2,11
6830,"single molecule magnet",3,11
6831,"quantum mechanical calculations",3,11
6832,"orbital ordering",2,11
6833,"tunneling rate",2,11
6834,"opinion dynamics",2,11
6835,"incident light",2,11
6836,"heating mechanism",2,11
6837,"upper critical temperature dependence",4,11
6838,"electron screening",2,11
6839,"large magnetoresistance",2,11
6840,"infrared background",2,11
6841,"simple deterministic",2,11
6842,"cayley graphs",2,11
6843,"general relativistic quantum",3,11
6844,"young stellar mass",3,11
6845,"baryonic dark matter",3,11
6846,"observational consequences",2,11
6847,"gaseous disks",2,11
6848,"balance equations",2,11
6849,"narrow band imaging",3,11
6850,"quadrupole moments",2,11
6851,"nearby starburst galaxies",3,11
6852,"gravitationally bound",2,11
6853,"bulge region",2,11
6854,"intermediate stage",2,11
6855,"eccentric orbit",2,11
6856,"simpler models",2,11
6857,"principal component",2,11
6858,"power law continuum",3,11
6859,"einstein frame",2,11
6860,"monomial ideals",2,11
6861,"non commuting",2,11
6862,"stable holomorphic",2,11
6863,"geometric characterization",2,11
6864,"geometric stability",2,11
6865,"expanded version",2,11
6866,"sufficient accuracy",2,11
6867,"inas gaas",2,11
6868,"hysteresis loops",2,11
6869,"strain energy",2,11
6870,"gate voltages",2,11
6871,"bosonic mode",2,11
6872,"cuo2 planes",2,11
6873,"fluids near",2,11
6874,"unusual behavior",2,11
6875,"crystal growth",2,11
6876,"spatial extension",2,11
6877,"simple model predicts",3,11
6878,"mean free",2,11
6879,"yukawa interaction",2,11
6880,"tuned through",2,11
6881,"hadron spectrum",2,11
6882,"collision centrality dependence",3,11
6883,"chiral multiplets",2,11
6884,"su yang mills theory",4,11
6885,"nf flavors",2,11
6886,"quasielastic scattering",2,11
6887,"violating asymmetries",2,11
6888,"quantum critical value",3,11
6889,"leptonic mixing",2,11
6890,"bethe salpeter equation",3,11
6891,"nutev anomaly",2,11
6892,"type ii supernovae",3,11
6893,"complete treatment",2,11
6894,"auxiliary field",2,11
6895,"cachazo svrcek",2,11
6896,"bps monopoles",2,11
6897,"coset models",2,11
6898,"tachyon field theory",3,11
6899,"massless scalar fields",3,11
6900,"kekb asymmetric energy",3,11
6901,"2s events",2,11
6902,"he ne",2,11
6903,"gaussian beams",2,11
6904,"equilibrium configuration",2,11
6905,"nuclear modification",2,11
6906,"numerical simulations indicate",3,11
6907,"glow discharge",2,11
6908,"entanglement witness",2,11
6909,"minor axis",2,11
6910,"element abundance",2,11
6911,"equilibrium points",2,11
6912,"galactic chemical evolution",3,11
6913,"velocity gradient",2,11
6914,"string worldsheet",2,11
6915,"alternative approaches",2,11
6916,"hodge theory",2,11
6917,"infinite component",2,11
6918,"compact lie groups",3,11
6919,"lambda kappa",2,11
6920,"grid points",2,11
6921,"homotopy groups",2,11
6922,"gromov witten",2,11
6923,"polynomial map",2,11
6924,"tunneling spectroscopy",2,11
6925,"coupling strengths",2,11
6926,"remarkably similar",2,11
6927,"spinodal decomposition",2,11
6928,"field theoretic",2,11
6929,"time ordered",2,11
6930,"charge radius",2,11
6931,"energy momentum distributions",3,11
6932,"charm quark",2,11
6933,"domain wall fermions",3,11
6934,"bose gases",2,11
6935,"deeply related",2,11
6936,"summer school",2,11
6937,"schubert calculus",2,11
6938,"expansion velocity",2,11
6939,"fb-1 data",2,11
6940,"remarkably simple",2,11
6941,"correct value",2,11
6942,"spitzer irs",2,11
6943,"spectral problems",2,11
6944,"semiconductor nanostructures",2,11
6945,"initial stage",2,11
6946,"bottom quark",2,11
6947,"discrete time dependence",3,10
6948,"einstein podolsky rosen epr",4,10
6949,"scalable quantum computation",3,10
6950,"intense laser pulses",3,10
6951,"optical cavities",2,10
6952,"angular momentum space",3,10
6953,"quantum logic",2,10
6954,"exactly solvable potentials",3,10
6955,"indistinguishable particles",2,10
6956,"schmidt number",2,10
6957,"pump pulse",2,10
6958,"darboux transformations",2,10
6959,"decoherence mechanisms",2,10
6960,"arbitrarily long",2,10
6961,"supersymmetry transformations",2,10
6962,"colored noise",2,10
6963,"doubly degenerate",2,10
6964,"entanglement transformation",2,10
6965,"law decay",2,10
6966,"jump like",2,10
6967,"kerr like",2,10
6968,"unruh effect",2,10
6969,"periodically modulated",2,10
6970,"kubo formula",2,10
6971,"jordan algebras",2,10
6972,"spin split",2,10
6973,"held fixed",2,10
6974,"agree quantitatively",2,10
6975,"total filling",2,10
6976,"blockade regime",2,10
6977,"systematic difference",2,10
6978,"weighted networks",2,10
6979,"nuclear spin relaxation",3,10
6980,"monotonic behavior",2,10
6981,"inter particle",2,10
6982,"regulatory network",2,10
6983,"metal insulator crossover",3,10
6984,"linking number",2,10
6985,"system size scaling",3,10
6986,"bi layer",2,10
6987,"drude weight",2,10
6988,"plastic deformation",2,10
6989,"non interacting electrons",3,10
6990,"inflationary period",2,10
6991,"selection pressure",2,10
6992,"spin polarized electrons",3,10
6993,"conducting channels",2,10
6994,"acoustic wave",2,10
6995,"knight shift",2,10
6996,"high energy gap",3,10
6997,"hyperbolic cone",2,10
6998,"grothendieck ring",2,10
6999,"vertex operator algebras",3,10
7000,"e1 e2",2,10
7001,"viscosity parameter",2,10
7002,"configuration spaces",2,10
7003,"upper half plane",3,10
7004,"varietes de",2,10
7005,"multifractal analysis",2,10
7006,"conical singularities",2,10
7007,"almost degenerate",2,10
7008,"rotationally symmetric",2,10
7009,"riemann zeta",2,10
7010,"inversion formula",2,10
7011,"technical difficulties",2,10
7012,"standard bases",2,10
7013,"web pages",2,10
7014,"n1 n2",2,10
7015,"key ideas",2,10
7016,"upper half",2,10
7017,"automorphic forms",2,10
7018,"multi party",2,10
7019,"rooted trees",2,10
7020,"theoretical estimation",2,10
7021,"weighted graph",2,10
7022,"projective curve",2,10
7023,"unitary equivalence",2,10
7024,"trivial extension",2,10
7025,"hypergeometric type",2,10
7026,"strongly irreducible",2,10
7027,"discrete element",2,10
7028,"complex multiplication",2,10
7029,"regular graphs",2,10
7030,"asymptotic bounds",2,10
7031,"word length",2,10
7032,"real axis",2,10
7033,"geometric realization",2,10
7034,"finite coxeter group",3,10
7035,"roughly speaking",2,10
7036,"pay special attention",3,10
7037,"partial answer",2,10
7038,"probability distribution functions",3,10
7039,"homogeneous polynomials",2,10
7040,"euler product",2,10
7041,"intersection cohomology",2,10
7042,"non uniqueness",2,10
7043,"isolated points",2,10
7044,"equivariant version",2,10
7045,"module categories",2,10
7046,"trivial vacuum",2,10
7047,"mean field theories",3,10
7048,"weak coupling regime",3,10
7049,"curie temperature",2,10
7050,"long wavelengths",2,10
7051,"diffraction studies",2,10
7052,"electron microscopy",2,10
7053,"jahn teller effect",3,10
7054,"self interacting",2,10
7055,"conjectures concerning",2,10
7056,"evaporative cooling",2,10
7057,"sodium atoms",2,10
7058,"atomic orbitals",2,10
7059,"langevin equations",2,10
7060,"boson peak",2,10
7061,"density wave function",3,10
7062,"single crystal field",3,10
7063,"liquid metals",2,10
7064,"frustrated magnets",2,10
7065,"dipole transitions",2,10
7066,"effect originates",2,10
7067,"photoemission data",2,10
7068,"ray absorption fine structure",4,10
7069,"complexity class",2,10
7070,"consistent quantization",2,10
7071,"correlation matrices",2,10
7072,"weakly bound state",3,10
7073,"perturbed hamiltonian",2,10
7074,"andreev bound states",3,10
7075,"ising like",2,10
7076,"atomic displacements",2,10
7077,"electric permittivity",2,10
7078,"microscopic nature",2,10
7079,"brownian particles",2,10
7080,"collisional regime",2,10
7081,"placed inside",2,10
7082,"partially filled",2,10
7083,"double chain",2,10
7084,"resistor network",2,10
7085,"elastic constants",2,10
7086,"bogoliubov theory",2,10
7087,"strongly peaked",2,10
7088,"analysis supports",2,10
7089,"pronounced maximum",2,10
7090,"gw approximation",2,10
7091,"semi phenomenological",2,10
7092,"microscopic mechanisms",2,10
7093,"optical response",2,10
7094,"energy barriers",2,10
7095,"three terminal",2,10
7096,"spin ladder",2,10
7097,"metallic electrodes",2,10
7098,"nuclear magnetic field",3,10
7099,"becomes apparent",2,10
7100,"polarization vectors",2,10
7101,"crack propagation",2,10
7102,"energy density fluctuations",3,10
7103,"ac susceptibility",2,10
7104,"chemical vapor deposition",3,10
7105,"water ice",2,10
7106,"x2 y2",2,10
7107,"numerical accuracy",2,10
7108,"fano resonances",2,10
7109,"sub mev",2,10
7110,"decreasing temperature",2,10
7111,"coefficient gamma",2,10
7112,"volume fractions",2,10
7113,"cellular automaton model",3,10
7114,"optical phonons",2,10
7115,"localized excitations",2,10
7116,"spherical harmonic",2,10
7117,"schwarzschild background",2,10
7118,"delta ms",2,10
7119,"static axially symmetric",3,10
7120,"hydrostatic pressure",2,10
7121,"severe constraints",2,10
7122,"radial expansion",2,10
7123,"priori assumptions",2,10
7124,"phi4 model",2,10
7125,"post newtonian gravity",3,10
7126,"long baseline interferometry",3,10
7127,"logarithmic correction",2,10
7128,"doubly special relativity",3,10
7129,"energy cosmic ray",3,10
7130,"spatial infinity",2,10
7131,"reissner nordstr om",3,10
7132,"maximally symmetric",2,10
7133,"formation efficiency",2,10
7134,"brown dwarf companion",3,10
7135,"super massive black holes",4,10
7136,"primary beam",2,10
7137,"runge kutta",2,10
7138,"abrupt change",2,10
7139,"cmb anisotropy",2,10
7140,"lyman break",2,10
7141,"giant planet",2,10
7142,"2df qso",2,10
7143,"fanaroff riley",2,10
7144,"merging systems",2,10
7145,"hyperfine structure",2,10
7146,"computationally efficient",2,10
7147,"dla galaxy",2,10
7148,"large scale structure lss",4,10
7149,"free absorption",2,10
7150,"spectral resolutions",2,10
7151,"temporal behaviour",2,10
7152,"astronomical community",2,10
7153,"cosmological probes",2,10
7154,"primordial nucleosynthesis bbn",3,10
7155,"mg ii",2,10
7156,"density environments",2,10
7157,"lambda cold",2,10
7158,"soft photons",2,10
7159,"plausible values",2,10
7160,"absolute magnitudes",2,10
7161,"nebular emission line",3,10
7162,"velocity distribution function",3,10
7163,"flow onto",2,10
7164,"spiral arm",2,10
7165,"intermediate redshifts",2,10
7166,"merging system",2,10
7167,"ionizing stars",2,10
7168,"stellar mass spectrum",3,10
7169,"count rate",2,10
7170,"gas flows",2,10
7171,"science goals",2,10
7172,"common proper motion",3,10
7173,"ultrafast spectroscopy",2,10
7174,"non technical",2,10
7175,"uv selected",2,10
7176,"neutral fluid",2,10
7177,"ob associations",2,10
7178,"brightness variations",2,10
7179,"hipparcos parallaxes",2,10
7180,"heavier elements",2,10
7181,"energetic electrons",2,10
7182,"traveling waves",2,10
7183,"ray background",2,10
7184,"earth orbit",2,10
7185,"cost effective",2,10
7186,"many respects",2,10
7187,"quasar 3c",2,10
7188,"dominant component",2,10
7189,"shock front",2,10
7190,"propagates through",2,10
7191,"dwarf atmospheres",2,10
7192,"mm continuum",2,10
7193,"error circle",2,10
7194,"early phases",2,10
7195,"late stages",2,10
7196,"blue shifted",2,10
7197,"energetic events",2,10
7198,"galaxy formation histories",3,10
7199,"myr old",2,10
7200,"radio continuum",2,10
7201,"five frequencies",2,10
7202,"structure formation process",3,10
7203,"population iii stars",3,10
7204,"brightness distribution",2,10
7205,"baryon number density",3,10
7206,"individual electrons",2,10
7207,"hydrogen burning",2,10
7208,"core helium",2,10
7209,"strong balmer",2,10
7210,"general trend",2,10
7211,"mean metallicity",2,10
7212,"morphological types",2,10
7213,"symbiotic stars",2,10
7214,"star formation process",3,10
7215,"passage through",2,10
7216,"press schechter",2,10
7217,"sight toward",2,10
7218,"broad band imaging",3,10
7219,"sub millimeter",2,10
7220,"map making",2,10
7221,"spherical harmonic analysis",3,10
7222,"ccd camera",2,10
7223,"recombination line",2,10
7224,"systemic velocity",2,10
7225,"scattered light scattering",3,10
7226,"21-cm hi",2,10
7227,"radio cores",2,10
7228,"well calibrated",2,10
7229,"large magellanic cloud",3,10
7230,"event fluctuations",2,10
7231,"longitudinal profile",2,10
7232,"cluster samples",2,10
7233,"massive black hole mass",4,10
7234,"singular perturbation",2,10
7235,"final stages",2,10
7236,"isospin relations",2,10
7237,"diquark correlations",2,10
7238,"quarks inside",2,10
7239,"thermal leptogenesis",2,10
7240,"alphas q2",2,10
7241,"exchange couplings",2,10
7242,"see saw mechanism",3,10
7243,"defect formation",2,10
7244,"doublet extension",2,10
7245,"atmospheric neutrino mass",3,10
7246,"three flavors",2,10
7247,"open charm production",3,10
7248,"resonating group",2,10
7249,"unification scale",2,10
7250,"susy guts",2,10
7251,"boson fusion",2,10
7252,"large scale invariant",3,10
7253,"2-point function",2,10
7254,"su flavour",2,10
7255,"strongly affect",2,10
7256,"semi inclusive dis",3,10
7257,"cone angle",2,10
7258,"leading log",2,10
7259,"vector meson production",3,10
7260,"distribution amplitudes",2,10
7261,"infrared behaviour",2,10
7262,"higgs potential",2,10
7263,"ge gev",2,10
7264,"harmonic polylogarithms",2,10
7265,"texture zeros",2,10
7266,"charmonium production",2,10
7267,"inverted hierarchy",2,10
7268,"hera collider",2,10
7269,"level repulsion",2,10
7270,"hadronic matrix elements",3,10
7271,"non renormalizable",2,10
7272,"light scattering processes",3,10
7273,"factorization scales",2,10
7274,"parton distribution functions",3,10
7275,"wild type",2,10
7276,"presently being",2,10
7277,"sample thickness",2,10
7278,"laser fields",2,10
7279,"optical waveguides",2,10
7280,"measuring device",2,10
7281,"entire sample",2,10
7282,"peculiar features",2,10
7283,"left handed material",3,10
7284,"brst invariant",2,10
7285,"fermion pairs",2,10
7286,"field theory compactified",3,10
7287,"charge exchange interaction",3,10
7288,"d3 brane",2,10
7289,"spinning particle",2,10
7290,"effective actions",2,10
7291,"key property",2,10
7292,"spherical topology",2,10
7293,"thermodynamic bethe ansatz",3,10
7294,"parallel plates",2,10
7295,"orbifold compactification",2,10
7296,"regularization scheme",2,10
7297,"marginal deformations",2,10
7298,"bialgebra structure",2,10
7299,"spontaneous breaking",2,10
7300,"perturbative renormalization group",3,10
7301,"bps configurations",2,10
7302,"fermi sea",2,10
7303,"type 0a",2,10
7304,"branes wrapped",2,10
7305,"loop spaces",2,10
7306,"vanishing cosmological constant",3,10
7307,"finiteness result",2,10
7308,"current algebra",2,10
7309,"information retrieval",2,10
7310,"probabilistic interpretation",2,10
7311,"rigorous analysis",2,10
7312,"strong equivalence",2,10
7313,"b0 b0bar",2,10
7314,"precision studies",2,10
7315,"least action",2,10
7316,"deconfined phase",2,10
7317,"light radii",2,10
7318,"zig zag",2,10
7319,"go theorem",2,10
7320,"nonlinear polynomial",2,10
7321,"sturm liouville",2,10
7322,"sine gordon equation",3,10
7323,"parameter ranges",2,10
7324,"open source",2,10
7325,"inertial range",2,10
7326,"pion pair",2,10
7327,"cdot gev",2,10
7328,"charged particle physics",3,10
7329,"accelerator facility",2,10
7330,"element abundances",2,10
7331,"total cross",2,10
7332,"sample sizes",2,10
7333,"nuclear fusion",2,10
7334,"part iii",2,10
7335,"statistical hadronization",2,10
7336,"event generator",2,10
7337,"central pb",2,10
7338,"nuclear fragmentation",2,10
7339,"coulomb barrier",2,10
7340,"nucl phys",2,10
7341,"random boolean",2,10
7342,"put limits",2,10
7343,"current picture",2,10
7344,"dna molecule",2,10
7345,"cell size",2,10
7346,"maximally entangled",2,10
7347,"stirling numbers",2,10
7348,"bell type",2,10
7349,"polarized laser",2,10
7350,"individual qubits",2,10
7351,"translationally invariant",2,10
7352,"nash equilibria",2,10
7353,"oscillation frequencies",2,10
7354,"matrix multiplication",2,10
7355,"kochen specker",2,10
7356,"key feature",2,10
7357,"dynamical variable",2,10
7358,"performance measures",2,10
7359,"dark solitons",2,10
7360,"lorenz system",2,10
7361,"maps onto",2,10
7362,"macroscopic parameters",2,10
7363,"absolutely continuous spectrum",3,10
7364,"valued measure",2,10
7365,"locally free",2,10
7366,"exactly soluble",2,10
7367,"molecular ion",2,10
7368,"rotation speed",2,10
7369,"broad peak",2,10
7370,"carbon rich",2,10
7371,"source catalog",2,10
7372,"mid infrared spectroscopy",3,10
7373,"pattern speed",2,10
7374,"cyclotron resonance",2,10
7375,"astrophysical objects",2,10
7376,"interacting galaxies",2,10
7377,"small bodies",2,10
7378,"chandra deep",2,10
7379,"neutron star ns",3,10
7380,"magnitude difference",2,10
7381,"rotating neutron stars",3,10
7382,"strong damping",2,10
7383,"braneworld model",2,10
7384,"azimuthal angle",2,10
7385,"factor proportional",2,10
7386,"metropolis algorithm",2,10
7387,"loop quantum cosmology",3,10
7388,"mean curvature flow",3,10
7389,"spatially flat universe",3,10
7390,"auxiliary fields",2,10
7391,"astrophysical applications",2,10
7392,"dynamical evolution equations",3,10
7393,"exterior derivative",2,10
7394,"constraint propagation",2,10
7395,"signal processing",2,10
7396,"globally regular",2,10
7397,"convex polytope",2,10
7398,"theoretical assumptions",2,10
7399,"precise definition",2,10
7400,"rigidity theorem",2,10
7401,"rigidity result",2,10
7402,"winding number",2,10
7403,"del pezzo surface",3,10
7404,"iterated function",2,10
7405,"compact riemann surfaces",3,10
7406,"field fq",2,10
7407,"yau manifolds",2,10
7408,"homology groups",2,10
7409,"uniform asymptotic",2,10
7410,"enveloping algebras",2,10
7411,"lower semicontinuous",2,10
7412,"planar trees",2,10
7413,"lens spaces",2,10
7414,"monte carlo generator",3,10
7415,"pair production cross sections",4,10
7416,"relic abundance",2,10
7417,"su nc",2,10
7418,"pairing gap",2,10
7419,"strong cp",2,10
7420,"ckm matrix",2,10
7421,"effective mass spectrum",3,10
7422,"ud bar",2,10
7423,"kaluza klein dark matter",4,10
7424,"optical theorem",2,10
7425,"azimuthal correlations",2,10
7426,"new physics np",3,10
7427,"wave amplitudes",2,10
7428,"gauge field theories",3,10
7429,"charged hadron",2,10
7430,"v1 v2",2,10
7431,"color singlet",2,10
7432,"event generators",2,10
7433,"soft scalar",2,10
7434,"latent heat",2,10
7435,"residual interactions",2,10
7436,"relative momenta",2,10
7437,"hbt radii",2,10
7438,"fusion reactions",2,10
7439,"subsequent decay",2,10
7440,"optical potentials",2,10
7441,"variational procedure",2,10
7442,"emission mechanisms",2,10
7443,"dirac born infeld action",4,10
7444,"scalar field theories",3,10
7445,"circular string",2,10
7446,"primordial power",2,10
7447,"four dimensional supergravity",3,10
7448,"sym theories",2,10
7449,"supersymmetric yang mills",3,10
7450,"low energy landscape",3,10
7451,"toric geometry",2,10
7452,"branes wrapping",2,10
7453,"fundamental principles",2,10
7454,"lagrange multipliers",2,10
7455,"rotating strings",2,10
7456,"warped product",2,10
7457,"deformed conifold",2,10
7458,"spinor fields",2,10
7459,"replica limit",2,10
7460,"tachyon potential",2,10
7461,"short summary",2,10
7462,"space time noncommutativity",3,10
7463,"straight lines",2,10
7464,"wide web",2,10
7465,"kolmogorov complexity",2,10
7466,"cabibbo kobayashi maskawa",3,10
7467,"psi events",2,10
7468,"tevatron run",2,10
7469,"hera ii",2,10
7470,"hyperfine splitting",2,10
7471,"building block",2,10
7472,"schur functions",2,10
7473,"clear correlation",2,10
7474,"high throughput",2,10
7475,"covering square",2,10
7476,"clear signatures",2,10
7477,"bulge luminosity",2,10
7478,"individual stars",2,10
7479,"negligibly small",2,10
7480,"bipolar jet",2,10
7481,"optical filters",2,10
7482,"velocity variations",2,10
7483,"secular evolution",2,10
7484,"powerful radio galaxies",3,10
7485,"becomes negative",2,10
7486,"cluster sizes",2,10
7487,"available observational",2,10
7488,"varying alpha",2,10
7489,"focal plane",2,10
7490,"cmb polarization",2,10
7491,"ratios below",2,10
7492,"transfer code",2,10
7493,"inner disks",2,10
7494,"put strong",2,10
7495,"clump stars",2,10
7496,"pre main",2,10
7497,"diffuse emission",2,10
7498,"extreme ultraviolet",2,10
7499,"ionization rate",2,10
7500,"hot dust",2,10
7501,"bh masses",2,10
7502,"amplification process",2,10
7503,"atoms cm",2,10
7504,"computational fluid",2,10
7505,"modulation instability",2,10
7506,"self absorption",2,10
7507,"characteristic frequencies",2,10
7508,"human genome",2,10
7509,"fano factor",2,10
7510,"connectivity distribution",2,10
7511,"coexistence region",2,10
7512,"mn ions",2,10
7513,"inverse cascade",2,10
7514,"long time dependence",3,10
7515,"clearly indicates",2,10
7516,"nonlinearity parameter",2,10
7517,"absorbing state",2,10
7518,"quantum critical points",3,10
7519,"van der waals interaction",4,10
7520,"directed transport",2,10
7521,"singular locus",2,10
7522,"photonic crystal",2,10
7523,"ga 1-x mn",3,10
7524,"interfacial properties",2,10
7525,"quantum monte carlo algorithm",4,10
7526,"pair contact",2,10
7527,"gap opening",2,10
7528,"difference operators",2,10
7529,"glass transitions",2,10
7530,"particles suspended",2,10
7531,"quantum magnets",2,10
7532,"metallic character",2,10
7533,"resonant behavior",2,10
7534,"non relativistic limit",3,10
7535,"ferromagnetic electrodes",2,10
7536,"quartic coupling",2,10
7537,"magnetization process",2,10
7538,"quantum interference device",3,10
7539,"hopping parameters",2,10
7540,"social sciences",2,10
7541,"incoherent regime",2,10
7542,"van hove",2,10
7543,"la ca",2,10
7544,"bilayer quantum hall",3,10
7545,"spatially localized",2,10
7546,"full reconstruction",2,10
7547,"financial market",2,10
7548,"computational basis",2,10
7549,"theoretical investigations",2,10
7550,"harmonically trapped",2,10
7551,"external perturbation",2,10
7552,"percolation transition",2,10
7553,"feedback mechanism",2,10
7554,"surface reconstruction",2,10
7555,"pseudogap phase",2,10
7556,"bulk sensitive",2,10
7557,"ensemble averaged",2,10
7558,"vortex arrays",2,10
7559,"spontaneously breaks",2,10
7560,"numerically simulated",2,10
7561,"tomonaga luttinger liquid",3,10
7562,"separable hilbert space",3,10
7563,"systems undergoing",2,10
7564,"physical qubits",2,10
7565,"weak nonlinearity",2,10
7566,"analytical predictions",2,10
7567,"arbitrary initial",2,10
7568,"computing schemes",2,10
7569,"uniformly accelerated",2,10
7570,"maximal ideal",2,10
7571,"boolean functions",2,10
7572,"remarkable feature",2,10
7573,"alpha corrections",2,10
7574,"brans dicke",2,10
7575,"nearby starburst",2,10
7576,"anthropic principle",2,10
7577,"h.e s.s",2,10
7578,"ray luminosities",2,10
7579,"accelerating expansion",2,10
7580,"result differs",2,10
7581,"tev gamma rays",3,10
7582,"photometric monitoring",2,10
7583,"transport code",2,10
7584,"egret data",2,10
7585,"grain size",2,10
7586,"nonlocal chiral",2,10
7587,"quiet sun",2,10
7588,"spectral energy bands",3,10
7589,"wind parameters",2,10
7590,"early epoch",2,10
7591,"chandra acis",2,10
7592,"observations cover",2,10
7593,"passive evolution",2,10
7594,"disk geometry",2,10
7595,"mean squared",2,10
7596,"type ia supernova",3,10
7597,"kappa et",2,10
7598,"asymptotically flat space",3,10
7599,"cosmic censorship",2,10
7600,"term stability",2,10
7601,"recurrence relation",2,10
7602,"classifying space",2,10
7603,"fibonacci sequence",2,10
7604,"reflection group",2,10
7605,"sufficient criteria",2,10
7606,"prime ideals",2,10
7607,"projective modules over",3,10
7608,"generating functional",2,10
7609,"arbitrary codimension",2,10
7610,"geometric constructions",2,10
7611,"yang baxter",2,10
7612,"identity matrix",2,10
7613,"convexity properties",2,10
7614,"algebraic integers",2,10
7615,"projective representations",2,10
7616,"orthogonal groups",2,10
7617,"ultracold fermionic atoms",3,10
7618,"spin hall",2,10
7619,"mott hubbard model",3,10
7620,"chapman enskog",2,10
7621,"capacitively coupled",2,10
7622,"singlet state",2,10
7623,"arbitrary geometries",2,10
7624,"pair correlation functions",3,10
7625,"stick slip",2,10
7626,"single vertex",2,10
7627,"self assembly",2,10
7628,"spanning tree",2,10
7629,"coulomb excitation",2,10
7630,"image segmentation",2,10
7631,"bipartite graph",2,10
7632,"confirmed through",2,10
7633,"existing algorithms",2,10
7634,"strong magnetic field strength",4,10
7635,"generalized master equation",3,10
7636,"geometrically frustrated",2,10
7637,"wigner crystal",2,10
7638,"radial oscillations",2,10
7639,"fluctuation dissipation relation",3,10
7640,"second moments",2,10
7641,"compton process",2,10
7642,"laplace transform",2,10
7643,"scale free energy",3,10
7644,"intra atomic",2,10
7645,"parton density",2,10
7646,"off shell model",3,10
7647,"monte carlo event generator",4,10
7648,"charged pion",2,10
7649,"transverse electric",2,10
7650,"central importance",2,10
7651,"pi mp",2,10
7652,"stringent limits",2,10
7653,"agev beam",2,10
7654,"elastic scattering amplitude",3,10
7655,"meson masses",2,10
7656,"matter multiplets",2,10
7657,"geometrical origin",2,10
7658,"dp branes",2,10
7659,"problems posed",2,10
7660,"pedagogical introduction",2,10
7661,"wzw model",2,10
7662,"neumann boundary conditions",3,10
7663,"warped geometry",2,10
7664,"pi stability",2,10
7665,"user interface",2,10
7666,"fundamental differences",2,10
7667,"weak mixing angle",3,10
7668,"yield ratios",2,10
7669,"cut offs",2,10
7670,"gas target",2,10
7671,"helium atoms",2,10
7672,"complex ginzburg landau",3,10
7673,"compares well",2,10
7674,"spontaneous polarization",2,10
7675,"localization delocalization",2,10
7676,"linear functionals",2,10
7677,"optically active",2,10
7678,"li na",2,10
7679,"nuclear magnetic resonance",3,10
7680,"binary population",2,10
7681,"sub mm",2,10
7682,"cooling flow clusters",3,10
7683,"diffusive shock",2,10
7684,"nearly half",2,10
7685,"partial derivatives",2,10
7686,"bekenstein hawking entropy",3,10
7687,"cylindrical symmetry",2,10
7688,"state potts",2,10
7689,"positive genus",2,10
7690,"cobordism theory",2,10
7691,"many primes",2,10
7692,"molecular material",2,10
7693,"zeeman energy",2,10
7694,"fixed node",2,10
7695,"nearly zero",2,10
7696,"dots under",2,10
7697,"experimentally observable",2,10
7698,"atomic force microscopy",3,10
7699,"negative magnetoresistance",2,10
7700,"thin films prepared",3,10
7701,"resonant inelastic scattering rixs",4,10
7702,"relations hold",2,10
7703,"dynamical mean field theory dmft",5,10
7704,"number density fluctuations",3,10
7705,"linear collider lhc",3,10
7706,"phi ks",2,10
7707,"after giving",2,10
7708,"number conserving",2,10
7709,"large nc qcd",3,10
7710,"string scale",2,10
7711,"selected topics",2,10
7712,"nn scattering",2,10
7713,"nucleon dynamics",2,10
7714,"local lorentz symmetry",3,10
7715,"linear confinement",2,10
7716,"scale factors",2,10
7717,"light cone quantization",3,10
7718,"higgs field",2,10
7719,"stimulated raman",2,10
7720,"lifetime tau",2,10
7721,"asymmetric simple model",3,10
7722,"total multiplicity",2,10
7723,"fundamental issue",2,10
7724,"scientific problems",2,10
7725,"programming language",2,10
7726,"tight bounds",2,10
7727,"galactic halo stars",3,10
7728,"low redshifts",2,10
7729,"fourier components",2,10
7730,"phantom cosmologies",2,10
7731,"active star",2,10
7732,"d0 collaborations",2,10
7733,"vv decays",2,10
7734,"infinite hierarchy",2,10
7735,"self energy momentum",3,10
7736,"cu surfaces",2,10
7737,"renormalization constants",2,10
7738,"sample path",2,10
7739,"randall sundrum rs",3,10
7740,"abundance studies",2,10
7741,"spectral sequences",2,10
7742,"taylor expansion",2,10
7743,"nanomechanical resonator",2,10
7744,"oscillatory motion",2,10
7745,"eta meson decays",3,10
7746,"nc qcd",2,10
7747,"unitarity triangle",2,10
7748,"liquid argon",2,10
7749,"nonorthogonal states",2,9
7750,"image reconstruction",2,9
7751,"pulse shapes",2,9
7752,"experimental implementations",2,9
7753,"quantum cloning",2,9
7754,"hamilton jacobi formalism",3,9
7755,"key distribution qkd",3,9
7756,"quantum fourier transform",3,9
7757,"wrong sign",2,9
7758,"unitary evolution",2,9
7759,"ising universality class",3,9
7760,"surface impedance",2,9
7761,"local realism",2,9
7762,"bosonization approach",2,9
7763,"driving mechanism",2,9
7764,"quantitative estimate",2,9
7765,"away side",2,9
7766,"experimental realizations",2,9
7767,"two dimensional traps",3,9
7768,"co workers",2,9
7769,"state potts model",3,9
7770,"transport property",2,9
7771,"bilayer electron",2,9
7772,"ferroelectric phase",2,9
7773,"configurational entropy",2,9
7774,"geometrical optics",2,9
7775,"spread function",2,9
7776,"non trivial topology",3,9
7777,"crosses over",2,9
7778,"electronic specific",2,9
7779,"superfluid turbulence",2,9
7780,"pole approximation",2,9
7781,"gaas algaas heterostructure",3,9
7782,"low frequency dependence",3,9
7783,"salient features",2,9
7784,"maxwellian distribution",2,9
7785,"stationary distributions",2,9
7786,"finite size distributions",3,9
7787,"t2 dependence",2,9
7788,"edwards wilkinson",2,9
7789,"yakonov perel",2,9
7790,"low temperature superconductors",3,9
7791,"two dimensional rectangular",3,9
7792,"collision integral",2,9
7793,"kondo resonance",2,9
7794,"phys.rev lett",2,9
7795,"cumulant expansion",2,9
7796,"unit cells",2,9
7797,"vertically coupled",2,9
7798,"anomalous scaling",2,9
7799,"magic angle",2,9
7800,"block size",2,9
7801,"bounded derived category",3,9
7802,"hyperplane arrangements",2,9
7803,"cuntz krieger",2,9
7804,"higher rank graphs",3,9
7805,"branched covers",2,9
7806,"pseudo holomorphic",2,9
7807,"homotopy equivalences",2,9
7808,"link diagram",2,9
7809,"draw attention",2,9
7810,"nonlinear partial",2,9
7811,"torsion subgroup",2,9
7812,"vertex transitive",2,9
7813,"topological complexity",2,9
7814,"morse theory",2,9
7815,"automorphic representations",2,9
7816,"piece wise",2,9
7817,"affine connection",2,9
7818,"knot complements",2,9
7819,"rational homology",2,9
7820,"langlands dual",2,9
7821,"globally hyperbolic",2,9
7822,"transformation laws",2,9
7823,"day night",2,9
7824,"curvature invariants",2,9
7825,"binary trees",2,9
7826,"phylogenetic tree",2,9
7827,"equivariant map",2,9
7828,"principal bundles over",3,9
7829,"singular fibers",2,9
7830,"non trivially",2,9
7831,"eisenstein series",2,9
7832,"mordell weil",2,9
7833,"norm states",2,9
7834,"continued fractions",2,9
7835,"total spaces",2,9
7836,"frobenius algebras",2,9
7837,"plane partitions",2,9
7838,"riemann zeta function",3,9
7839,"coefficient theorem",2,9
7840,"connected domains",2,9
7841,"defining ideal",2,9
7842,"nilpotent lie group",3,9
7843,"commutation relation",2,9
7844,"cyclic extensions",2,9
7845,"equilateral triangle",2,9
7846,"littlewood richardson coefficients",3,9
7847,"schubert class",2,9
7848,"alternating sign matrices",3,9
7849,"quasi isometric",2,9
7850,"quasi bound",2,9
7851,"partial regularity",2,9
7852,"motivic integration",2,9
7853,"kahler moduli",2,9
7854,"central area",2,9
7855,"jacobi matrix",2,9
7856,"derivative operators",2,9
7857,"heegaard splitting",2,9
7858,"hyperplane arrangement",2,9
7859,"heegaard floer homology",3,9
7860,"harish chandra",2,9
7861,"formal series",2,9
7862,"simple tight",2,9
7863,"unusually large",2,9
7864,"correcting codes",2,9
7865,"rashba spin polarization",3,9
7866,"vlasov equation",2,9
7867,"spin relaxation rates",3,9
7868,"ratchet potential",2,9
7869,"rod like",2,9
7870,"exponents characterizing",2,9
7871,"breathing mode",2,9
7872,"parabolic confinement",2,9
7873,"lie below",2,9
7874,"damped oscillations",2,9
7875,"thermal conductivity kappa",3,9
7876,"interlayer phase",2,9
7877,"einstein correlations",2,9
7878,"preferred over",2,9
7879,"face centered",2,9
7880,"isolated horizons",2,9
7881,"shock induced",2,9
7882,"exchange bias",2,9
7883,"cm2 vs",2,9
7884,"four loops",2,9
7885,"well aligned",2,9
7886,"aqueous solutions",2,9
7887,"scale free network",3,9
7888,"type ii superconductor",3,9
7889,"strongly confined",2,9
7890,"rotational frequency",2,9
7891,"weak coupling constant",3,9
7892,"sin phi",2,9
7893,"tunneling current voltage",3,9
7894,"universal coefficient",2,9
7895,"copper oxides",2,9
7896,"vanishingly small",2,9
7897,"charge density waves",3,9
7898,"feed forward",2,9
7899,"optimization techniques",2,9
7900,"principles underlying",2,9
7901,"molecular devices",2,9
7902,"binding site",2,9
7903,"elasticity theory",2,9
7904,"phonon like",2,9
7905,"incommensurate peaks",2,9
7906,"clear cut",2,9
7907,"persistent current",2,9
7908,"oscillation probability",2,9
7909,"full counting statistics",3,9
7910,"geometric phases",2,9
7911,"tetragonal distortion",2,9
7912,"brownian dynamics simulations",3,9
7913,"tunnel junctions",2,9
7914,"non linear conductance",3,9
7915,"alkaline earth",2,9
7916,"approximate expression",2,9
7917,"intermittent dynamics",2,9
7918,"momentum transfers",2,9
7919,"edge excitations",2,9
7920,"fractional quantum hall effect",4,9
7921,"ferromagnetic component",2,9
7922,"sigma1 sigma2",2,9
7923,"floating zone",2,9
7924,"slow neutron",2,9
7925,"coherent backscattering",2,9
7926,"nonmonotonic dependence",2,9
7927,"dc magnetization measurements",3,9
7928,"large separations",2,9
7929,"native structure",2,9
7930,"sharp interface",2,9
7931,"basal plane",2,9
7932,"eur phys",2,9
7933,"longitudinal resistance",2,9
7934,"integro differential equation",3,9
7935,"schematic model",2,9
7936,"ballistic deposition",2,9
7937,"slow relaxation",2,9
7938,"molecular dynamics md simulations",4,9
7939,"ni cu",2,9
7940,"multiple peaks",2,9
7941,"1-x ca",2,9
7942,"uniform magnetic",2,9
7943,"dielectric interface",2,9
7944,"growth factor",2,9
7945,"torus around",2,9
7946,"twisted boundary",2,9
7947,"public key",2,9
7948,"conditional probability distributions",3,9
7949,"unconventional superconductors",2,9
7950,"valence electrons",2,9
7951,"antiferromagnetically coupled",2,9
7952,"acoustic waves",2,9
7953,"near half filling",3,9
7954,"quantitative interpretation",2,9
7955,"numerical diagonalization",2,9
7956,"exact evaluation",2,9
7957,"non factorizable",2,9
7958,"uniqueness theorems",2,9
7959,"bianchi identities",2,9
7960,"intimately linked",2,9
7961,"tidal forces",2,9
7962,"charged black",2,9
7963,"critical end",2,9
7964,"pioneer anomaly",2,9
7965,"background metric perturbations",3,9
7966,"relativistic hydrodynamic",2,9
7967,"briefly mentioned",2,9
7968,"lorentz transformation",2,9
7969,"decreases monotonically",2,9
7970,"geodesic flow",2,9
7971,"compact orientable",2,9
7972,"canonical ensembles",2,9
7973,"reasonable description",2,9
7974,"naively expected",2,9
7975,"quasar population",2,9
7976,"purely phenomenological",2,9
7977,"cmb measurements",2,9
7978,"short wavelength",2,9
7979,"blue horizontal",2,9
7980,"large enhancements",2,9
7981,"limb darkening",2,9
7982,"hi column",2,9
7983,"warm absorbers",2,9
7984,"water maser",2,9
7985,"two body simulations",3,9
7986,"ks bands",2,9
7987,"pulsation mode",2,9
7988,"spectropolarimetric observations",2,9
7989,"erg s-1",2,9
7990,"star counts",2,9
7991,"cosmological tests",2,9
7992,"agb phase",2,9
7993,"optical depth tau",3,9
7994,"sight through",2,9
7995,"gaia mission",2,9
7996,"xmm newton epic data",4,9
7997,"radial variation",2,9
7998,"chemical equilibrium",2,9
7999,"circular orbit",2,9
8000,"probe pulse",2,9
8001,"missing link",2,9
8002,"halo mass distribution",3,9
8003,"spectral type stars",3,9
8004,"longer term",2,9
8005,"internal shocks",2,9
8006,"lifetime distribution",2,9
8007,"around tev",2,9
8008,"electrons inside",2,9
8009,"convective core",2,9
8010,"standard cooling",2,9
8011,"young supernova",2,9
8012,"cool core",2,9
8013,"star forming galaxies",3,9
8014,"super massive black hole",4,9
8015,"intracluster gas",2,9
8016,"oxygen rich",2,9
8017,"log normal distribution",3,9
8018,"nontrivial configuration",2,9
8019,"accretion discs",2,9
8020,"internal structure formation",3,9
8021,"key project",2,9
8022,"polarization maps",2,9
8023,"composite spectra",2,9
8024,"cold dark matter cdm",4,9
8025,"discretization scheme",2,9
8026,"ks chandra observation",3,9
8027,"frequency bands",2,9
8028,"nearby elliptical",2,9
8029,"kinematic components",2,9
8030,"neutral igm",2,9
8031,"ionization fraction",2,9
8032,"shorter wavelengths",2,9
8033,"transition redshift",2,9
8034,"sunyaev zeldovich sz effect",4,9
8035,"models fail",2,9
8036,"scientific goals",2,9
8037,"local group velocity",3,9
8038,"eso la silla",3,9
8039,"strong clustering",2,9
8040,"transiting planets",2,9
8041,"ray absorption features",3,9
8042,"thermonuclear supernovae",2,9
8043,"sph code",2,9
8044,"self consistent treatment",3,9
8045,"elemental abundances",2,9
8046,"hubble space telescope hst images",5,9
8047,"simply related",2,9
8048,"salpeter imf",2,9
8049,"galactic magnetic field",3,9
8050,"standard candles",2,9
8051,"gamma ray bursts grbs",4,9
8052,"scales linearly",2,9
8053,"brightness profile",2,9
8054,"strikingly similar",2,9
8055,"bl lac",2,9
8056,"current helicity",2,9
8057,"colliding wind",2,9
8058,"mb corrections",2,9
8059,"collimated outflows",2,9
8060,"peaked spectrum",2,9
8061,"near infrared colors",3,9
8062,"discovery rate",2,9
8063,"gravity waves",2,9
8064,"curvature perturbation",2,9
8065,"uv radiation",2,9
8066,"neutron star formation",3,9
8067,"dwarf novae",2,9
8068,"roche lobe",2,9
8069,"dependent radiative",2,9
8070,"conference summary",2,9
8071,"briefly outlined",2,9
8072,"bipolar nebula",2,9
8073,"interstellar extinction",2,9
8074,"keck lris",2,9
8075,"intuitive picture",2,9
8076,"telescope interferometer",2,9
8077,"kuiper belt",2,9
8078,"non linearity",2,9
8079,"data acquired",2,9
8080,"radio emission mechanism",3,9
8081,"velocity clouds",2,9
8082,"metal deficient",2,9
8083,"metallicity dependence",2,9
8084,"virtual observatory",2,9
8085,"innermost regions",2,9
8086,"main findings",2,9
8087,"chaotic behaviour",2,9
8088,"archival chandra observations",3,9
8089,"hubble types",2,9
8090,"morphological classification",2,9
8091,"multiple bright",2,9
8092,"galaxy formation activity",3,9
8093,"sequence stars",2,9
8094,"lyman break galaxies",3,9
8095,"virial masses",2,9
8096,"cooling rate",2,9
8097,"quasi periodic oscillations qpos",4,9
8098,"during thermonuclear",2,9
8099,"radiative strength",2,9
8100,"slowly rotating",2,9
8101,"magnetic dipole moment",3,9
8102,"non detections",2,9
8103,"successfully reproduce",2,9
8104,"sin beta",2,9
8105,"sne ia",2,9
8106,"photon flux",2,9
8107,"cherenkov telescope",2,9
8108,"susy dark matter",3,9
8109,"accretion processes",2,9
8110,"analytical formulae",2,9
8111,"scalar ratio",2,9
8112,"incoherent light",2,9
8113,"galaxy 3c",2,9
8114,"color magnitude diagram",3,9
8115,"topological objects",2,9
8116,"solar type stars",3,9
8117,"expansion history",2,9
8118,"magnetohydrodynamic simulations",2,9
8119,"two dimensional axisymmetric",3,9
8120,"ram pressure",2,9
8121,"wr stars",2,9
8122,"clearly detect",2,9
8123,"age dependent",2,9
8124,"tully fisher relation",3,9
8125,"composite nature",2,9
8126,"super star",2,9
8127,"magnetohydrodynamic mhd simulations",3,9
8128,"mass distribution function",3,9
8129,"image subtraction",2,9
8130,"diffuse gamma ray emission",4,9
8131,"calar alto",2,9
8132,"south pole",2,9
8133,"cosmic variance",2,9
8134,"kobayashi maskawa",2,9
8135,"electroweak phase transition",3,9
8136,"multiplicity distribution",2,9
8137,"gravity phenomenology",2,9
8138,"ladder approximation",2,9
8139,"upsilon resonances",2,9
8140,"dipole operators",2,9
8141,"bottom production",2,9
8142,"beam momenta",2,9
8143,"pqcd approach",2,9
8144,"subsequent decays",2,9
8145,"two loop correction",3,9
8146,"absorption cross section",3,9
8147,"gas phase diagram",3,9
8148,"photon collider",2,9
8149,"conformal symmetry breaking",3,9
8150,"hooft loop",2,9
8151,"tree amplitude",2,9
8152,"highly asymmetric",2,9
8153,"lightest supersymmetric particle",3,9
8154,"systematic uncertainty",2,9
8155,"neutral higgs boson",3,9
8156,"pseudo dirac",2,9
8157,"charmed baryons",2,9
8158,"5d su",2,9
8159,"gauge boson",2,9
8160,"constituent quark mass",3,9
8161,"lepton pair production",3,9
8162,"bhabha scattering",2,9
8163,"mass matrices",2,9
8164,"scalar glueball",2,9
8165,"flux tubes",2,9
8166,"kaluza klein modes",3,9
8167,"secondary particles",2,9
8168,"bethe salpeter equations",3,9
8169,"single particle excitations",3,9
8170,"sm like",2,9
8171,"parameters m1",2,9
8172,"quantum gravity phenomenology",3,9
8173,"atomic clocks",2,9
8174,"direct numerical simulation",3,9
8175,"pixel detector",2,9
8176,"importance sampling",2,9
8177,"charm physics",2,9
8178,"single shot",2,9
8179,"charged particle moving",3,9
8180,"atomic positions",2,9
8181,"physics involved",2,9
8182,"surface plasmon",2,9
8183,"slowed down",2,9
8184,"evaporation rate",2,9
8185,"molecular orbitals",2,9
8186,"chemical nature",2,9
8187,"hopf bifurcation",2,9
8188,"highly unusual",2,9
8189,"ring cavity",2,9
8190,"vector multiplet",2,9
8191,"limiting procedure",2,9
8192,"sym theory",2,9
8193,"type ii string",3,9
8194,"spatial sections",2,9
8195,"nonperturbative solutions",2,9
8196,"finite dimensional reduction",3,9
8197,"two lectures",2,9
8198,"quasi normal modes",3,9
8199,"fixed point like",3,9
8200,"charge conservation",2,9
8201,"degenerate vacua",2,9
8202,"arbitrarily chosen",2,9
8203,"born infeld theory",3,9
8204,"fundamental representation theory",3,9
8205,"four generations",2,9
8206,"twisted sector",2,9
8207,"decoupling limit",2,9
8208,"gepner models",2,9
8209,"quiver gauge theories",3,9
8210,"cyclic homology",2,9
8211,"maximal abelian",2,9
8212,"winding modes",2,9
8213,"kdv equation",2,9
8214,"super conformal",2,9
8215,"de sitter ads",3,9
8216,"simons theory",2,9
8217,"first chern class",3,9
8218,"uv ir mixing",3,9
8219,"multiple components",2,9
8220,"background subtraction",2,9
8221,"web service",2,9
8222,"mssm parameter",2,9
8223,"lep2 data",2,9
8224,"following branching fraction",3,9
8225,"theta uudd bar",3,9
8226,"collider energies",2,9
8227,"million bb",2,9
8228,"charge asymmetries",2,9
8229,"discrete fourier transform",3,9
8230,"non zero temperature",3,9
8231,"flux distributions",2,9
8232,"initial rotation",2,9
8233,"moyal product",2,9
8234,"crystallographic axes",2,9
8235,"non exponential potential",3,9
8236,"parity violating asymmetry",3,9
8237,"near threshold value",3,9
8238,"relativistic heavy ion",3,9
8239,"solid angle",2,9
8240,"jefferson lab hall",3,9
8241,"technological applications",2,9
8242,"nucleon systems",2,9
8243,"halo nuclei",2,9
8244,"substantially enhanced",2,9
8245,"lipkin model",2,9
8246,"shape observables",2,9
8247,"three nucleon interaction",3,9
8248,"weakly bound states",3,9
8249,"many body perturbation theory",4,9
8250,"few nucleon",2,9
8251,"microscopic degrees",2,9
8252,"brain function",2,9
8253,"gene regulation",2,9
8254,"enhanced stability",2,9
8255,"highly excited state",3,9
8256,"rigorous derivation",2,9
8257,"bayesian inference",2,9
8258,"predictions concerning",2,9
8259,"post processing",2,9
8260,"micron sized",2,9
8261,"quantum langevin",2,9
8262,"bose einstein condensate bec",4,9
8263,"dense coding",2,9
8264,"invariant probability measures",3,9
8265,"absorption components",2,9
8266,"ultra sensitive",2,9
8267,"angle variation",2,9
8268,"pump beam",2,9
8269,"optimal control problems",3,9
8270,"decoherence processes",2,9
8271,"exactly solvable models",3,9
8272,"modified versions",2,9
8273,"cyclic evolution",2,9
8274,"optical parametric down conversion",4,9
8275,"quantum information storage",3,9
8276,"arrival time",2,9
8277,"jaynes cummings model",3,9
8278,"momentum space time",3,9
8279,"existing limits",2,9
8280,"nuclear magnetic resonance nmr",4,9
8281,"universal features",2,9
8282,"path integrals",2,9
8283,"electromagnetic response",2,9
8284,"shear rate",2,9
8285,"transmission line",2,9
8286,"regular lattices",2,9
8287,"nonlinear schrodinger",2,9
8288,"quasi exactly solvable",3,9
8289,"singular value decomposition",3,9
8290,"molecular outflow",2,9
8291,"low mass distribution function",4,9
8292,"ejected material",2,9
8293,"source populations",2,9
8294,"da white dwarfs",3,9
8295,"vlt fors2",2,9
8296,"least half",2,9
8297,"starburst galaxy formation",3,9
8298,"ligo interferometers",2,9
8299,"imaging spectrometer",2,9
8300,"dust clouds",2,9
8301,"weighted mean",2,9
8302,"control sample",2,9
8303,"line fluxes",2,9
8304,"peak corresponds",2,9
8305,"perfect fluids",2,9
8306,"extreme values",2,9
8307,"galaxy interactions",2,9
8308,"states outside",2,9
8309,"superluminal motion",2,9
8310,"keplerian disks",2,9
8311,"orbital modulation",2,9
8312,"central pc",2,9
8313,"diffuse ism",2,9
8314,"translational invariance",2,9
8315,"microscopic mechanism",2,9
8316,"spinor representation",2,9
8317,"world surface",2,9
8318,"few assumptions",2,9
8319,"electrically charged",2,9
8320,"ring solutions",2,9
8321,"metric perturbation",2,9
8322,"big bang singularity",3,9
8323,"projected velocity",2,9
8324,"coxeter groups",2,9
8325,"inverse beta",2,9
8326,"spectral densities",2,9
8327,"final version",2,9
8328,"simply laced",2,9
8329,"weak broad",2,9
8330,"complete riemannian manifolds",3,9
8331,"measurable functions",2,9
8332,"totally geodesic",2,9
8333,"sp 2n",2,9
8334,"del pezzo",2,9
8335,"ahler manifold",2,9
8336,"gibbs measure",2,9
8337,"optimization methods",2,9
8338,"fairly general",2,9
8339,"joint probability distribution",3,9
8340,"generating series",2,9
8341,"affine lie group",3,9
8342,"universal cover",2,9
8343,"external electromagnetic",2,9
8344,"operator calculus",2,9
8345,"base pairs",2,9
8346,"homology classes",2,9
8347,"betti number",2,9
8348,"arithmetic groups",2,9
8349,"integral cohomology",2,9
8350,"vertex algebras",2,9
8351,"stochastic partial",2,9
8352,"diagonal type",2,9
8353,"isometric action",2,9
8354,"vector valued functions",3,9
8355,"order logic",2,9
8356,"canonical bases",2,9
8357,"two dimensional navier stokes",4,9
8358,"canonical value",2,9
8359,"quadratic polynomials",2,9
8360,"constraints coming",2,9
8361,"forward backward asymmetry",3,9
8362,"roughly consistent",2,9
8363,"lightest higgs sector",3,9
8364,"anomaly cancellation",2,9
8365,"bs mixing",2,9
8366,"new physics program",3,9
8367,"lepton pairs",2,9
8368,"boundary conditions imposed",3,9
8369,"neutrinoless double beta",3,9
8370,"probably related",2,9
8371,"liquid scintillator",2,9
8372,"renormalized perturbation theory",3,9
8373,"loop integrals",2,9
8374,"bose einstein",2,9
8375,"abelian gauge field theory",4,9
8376,"lightest supersymmetric",2,9
8377,"two higgs production",3,9
8378,"anisotropic flow",2,9
8379,"higgs boson masses",3,9
8380,"unitarity violation",2,9
8381,"type iib superstring",3,9
8382,"absolute scale",2,9
8383,"antiquark pairs",2,9
8384,"pulsar kicks",2,9
8385,"differences delta",2,9
8386,"effective hamiltonians",2,9
8387,"significant modifications",2,9
8388,"weighted sum",2,9
8389,"parity conserving",2,9
8390,"magic number",2,9
8391,"hyperspherical harmonics",2,9
8392,"valence quarks",2,9
8393,"impulse approximation",2,9
8394,"fzzt branes",2,9
8395,"loop correction",2,9
8396,"glueball superpotential",2,9
8397,"cartan matrices",2,9
8398,"nonlinear sigma models",3,9
8399,"asymptotically de sitter",3,9
8400,"recurrence relations",2,9
8401,"spinor field",2,9
8402,"kerr newman",2,9
8403,"dirac monopole",2,9
8404,"imaginary time",2,9
8405,"non perturbative expansion",3,9
8406,"static electromagnetic",2,9
8407,"non extremal",2,9
8408,"hidden sector",2,9
8409,"super yang mills equations",4,9
8410,"radially symmetric",2,9
8411,"breast cancer",2,9
8412,"communication over",2,9
8413,"driving mechanisms",2,9
8414,"algorithmic problems",2,9
8415,"nonnegative integers",2,9
8416,"lambda calculus",2,9
8417,"sigma upper limit",3,9
8418,"4s resonance",2,9
8419,"transverse momentum pt gev",4,9
8420,"kogut susskind",2,9
8421,"dynamic exponent",2,9
8422,"chiral extrapolations",2,9
8423,"many fermion",2,9
8424,"epsilon leq",2,9
8425,"luminosity function lf",3,9
8426,"line blanketed",2,9
8427,"variability studies",2,9
8428,"highly absorbed",2,9
8429,"dense environment",2,9
8430,"central star forming",3,9
8431,"diffuse gamma",2,9
8432,"becomes available",2,9
8433,"unidentified egret",2,9
8434,"collimated jets",2,9
8435,"free emission",2,9
8436,"red giants",2,9
8437,"physical reality",2,9
8438,"ionizing radiation",2,9
8439,"specific angular",2,9
8440,"mach numbers",2,9
8441,"gravitationally unstable",2,9
8442,"ray burst",2,9
8443,"ionized regions",2,9
8444,"semi amplitude",2,9
8445,"ionizing photons",2,9
8446,"light curve shape",3,9
8447,"bright phase",2,9
8448,"cosmological applications",2,9
8449,"donor star",2,9
8450,"distance modulus",2,9
8451,"particle trajectories",2,9
8452,"tidal disruption",2,9
8453,"stellar imf",2,9
8454,"nuclear starburst",2,9
8455,"higher redshift",2,9
8456,"warm hot",2,9
8457,"bimodal distribution",2,9
8458,"interstellar dust",2,9
8459,"echelle spectrograph",2,9
8460,"cryogenic temperatures",2,9
8461,"baryon fraction",2,9
8462,"strongly constrain",2,9
8463,"first overtone",2,9
8464,"rs cvn",2,9
8465,"morphological type",2,9
8466,"gamma ray afterglows",3,9
8467,"morphological evolution",2,9
8468,"temporal variations",2,9
8469,"profound effect",2,9
8470,"hubble radius",2,9
8471,"wave propagation direction",3,9
8472,"being proportional",2,9
8473,"pump power",2,9
8474,"drift velocity",2,9
8475,"alfv en",2,9
8476,"discrete time series",3,9
8477,"long wavelength limit",3,9
8478,"exchange correlation functionals",3,9
8479,"highly non linear",3,9
8480,"energetically favorable",2,9
8481,"hexagonal lattice",2,9
8482,"baryonic state",2,9
8483,"double beta decay",3,9
8484,"biological processes",2,9
8485,"self organizing",2,9
8486,"quadratic algebras",2,9
8487,"run behavior",2,9
8488,"chosen according",2,9
8489,"tunneling amplitude",2,9
8490,"strong indications",2,9
8491,"bifurcation point",2,9
8492,"random medium",2,9
8493,"superconducting phase transitions",3,9
8494,"leg ladder",2,9
8495,"states ldos",2,9
8496,"fe ratio",2,9
8497,"externally driven",2,9
8498,"orbital degeneracy",2,9
8499,"systematic change",2,9
8500,"inter atomic",2,9
8501,"cigar shaped",2,9
8502,"two dimensional electron hole",4,9
8503,"ionization parameter",2,9
8504,"obtain highly",2,9
8505,"left handed materials",3,9
8506,"pyrochlore lattice",2,9
8507,"large grains",2,9
8508,"seismic data",2,9
8509,"scanning tunnelling",2,9
8510,"replica symmetric",2,9
8511,"chaotic maps",2,9
8512,"match well",2,9
8513,"superconducting electrodes",2,9
8514,"bloch oscillations",2,9
8515,"general belief",2,9
8516,"hole concentration",2,9
8517,"tight binding energy",3,9
8518,"binary alloy",2,9
8519,"theta degrees",2,9
8520,"magnetron sputtering",2,9
8521,"scanning tunneling microscopy",3,9
8522,"rashba spin orbit interaction",4,9
8523,"evolves through",2,9
8524,"magnetization reversal process",3,9
8525,"thermodynamic formalism",2,9
8526,"path integral formulation",3,9
8527,"waiting time",2,9
8528,"metallic phase diagram",3,9
8529,"order parameter space",3,9
8530,"current biased",2,9
8531,"specific frequencies",2,9
8532,"secondary electrons",2,9
8533,"quasiparticle tunneling",2,9
8534,"thermal hysteresis",2,9
8535,"gaussian white noise",3,9
8536,"composite fermion",2,9
8537,"high temperature tc",3,9
8538,"mittag leffler",2,9
8539,"spintronic devices",2,9
8540,"under hydrostatic",2,9
8541,"quantum dot connected",3,9
8542,"turning point",2,9
8543,"kerr nonlinearity",2,9
8544,"formula describing",2,9
8545,"normed spaces",2,9
8546,"quantitative measure",2,9
8547,"quantum walk",2,9
8548,"hadamard matrices",2,9
8549,"quantum kicked",2,9
8550,"logarithmic conformal field theory",4,9
8551,"computational efficiency",2,9
8552,"rapidly rotating stars",3,9
8553,"photometric redshift",2,9
8554,"intersection point",2,9
8555,"fe ratios",2,9
8556,"zeroth order",2,9
8557,"hi imaging",2,9
8558,"p1 p2",2,9
8559,"air shower array",3,9
8560,"black hole candidate",3,9
8561,"merging process",2,9
8562,"observations abridged",2,9
8563,"integration time",2,9
8564,"lambda cold dark matter",4,9
8565,"ambient medium",2,9
8566,"correlate well",2,9
8567,"bolometric luminosities",2,9
8568,"too high",2,9
8569,"model atmosphere models",3,9
8570,"generated during inflation",3,9
8571,"laser interferometer",2,9
8572,"excess emission",2,9
8573,"peaked around",2,9
8574,"magnitude higher order",3,9
8575,"mass squared",2,9
8576,"broad absorption",2,9
8577,"scuba sources",2,9
8578,"ultraviolet spectroscopic observations",3,9
8579,"hubble deep",2,9
8580,"source igr",2,9
8581,"ibis isgri",2,9
8582,"gases near",2,9
8583,"sharp drop",2,9
8584,"observations aimed",2,9
8585,"secular variations",2,9
8586,"comprehensive set",2,9
8587,"non isothermal",2,9
8588,"synchrotron component",2,9
8589,"shear stress",2,9
8590,"line emitting",2,9
8591,"curved spacetimes",2,9
8592,"morse potential",2,9
8593,"charged black hole",3,9
8594,"asymptotically stable",2,9
8595,"spin manifold",2,9
8596,"teichm uller",2,9
8597,"positive partial",2,9
8598,"eigenvalue spectrum",2,9
8599,"picard group",2,9
8600,"higher codimension",2,9
8601,"quasi isomorphism",2,9
8602,"theory possesses",2,9
8603,"lyapunov function",2,9
8604,"totally real",2,9
8605,"desired accuracy",2,9
8606,"equations containing",2,9
8607,"de rham complex",3,9
8608,"gradient flow",2,9
8609,"multiplicative noise",2,9
8610,"anisotropic heisenberg model",3,9
8611,"dense granular",2,9
8612,"lying states",2,9
8613,"fractional quantum hall regime",4,9
8614,"band hubbard",2,9
8615,"strongly interacting electrons",3,9
8616,"slow relaxation time",3,9
8617,"first principles total",3,9
8618,"dissipation rate",2,9
8619,"ferromagnetic metals",2,9
8620,"clustering algorithm",2,9
8621,"rashba spin orbit coupling",4,9
8622,"hexagonal structure",2,9
8623,"distributed quantum",2,9
8624,"structure emerges",2,9
8625,"relaxation time dependence",3,9
8626,"ultracold fermionic",2,9
8627,"magnetic semiconductors",2,9
8628,"two dimensional islands",3,9
8629,"event shape",2,9
8630,"diffusion limited",2,9
8631,"ion beam",2,9
8632,"spin currents",2,9
8633,"ferromagnetic particles",2,9
8634,"semiconductor structures",2,9
8635,"concentration toward",2,9
8636,"transverse coordinate",2,9
8637,"msbar scheme",2,9
8638,"endpoint region",2,9
8639,"linear collider lc",3,9
8640,"localized around",2,9
8641,"strong cp problem",3,9
8642,"bag model",2,9
8643,"nlo qcd corrections",3,9
8644,"coherent picture",2,9
8645,"msw effect",2,9
8646,"parameter degeneracies",2,9
8647,"penguin amplitudes",2,9
8648,"alphas corrections",2,9
8649,"warped space",2,9
8650,"direct cp asymmetry",3,9
8651,"neutral higgs production",3,9
8652,"flavor violation",2,9
8653,"dirac observables",2,9
8654,"cascade decays",2,9
8655,"generalized parton",2,9
8656,"photon colliders",2,9
8657,"quark gluon jets",3,9
8658,"approx gev",2,9
8659,"earlier findings",2,9
8660,"strange stars",2,9
8661,"vector bosons",2,9
8662,"mhv vertices",2,9
8663,"brane systems",2,9
8664,"twisted mass",2,9
8665,"parametric space",2,9
8666,"correctly reproduces",2,9
8667,"z2 symmetry",2,9
8668,"ads space",2,9
8669,"goldstone mode",2,9
8670,"wzw models",2,9
8671,"liquid hydrogen",2,9
8672,"azimuthal dependence",2,9
8673,"mixing induced cp violation",4,9
8674,"spontaneous breakdown",2,9
8675,"hadron gas",2,9
8676,"klein gordon equations",3,9
8677,"similarly large",2,9
8678,"quantum monte carlo qmc",4,9
8679,"kepler problem",2,9
8680,"euler lagrange equations",3,9
8681,"chemical reaction",2,9
8682,"soliton models",2,9
8683,"genetic code",2,9
8684,"dimensional hilbert",2,9
8685,"computing device",2,9
8686,"force theorem",2,9
8687,"grassmann variables",2,9
8688,"radioactive decay",2,9
8689,"cluster ellipticals",2,9
8690,"surveys like",2,9
8691,"scales probed",2,9
8692,"maser sources",2,9
8693,"flux calibration",2,9
8694,"supernova remnant snr",3,9
8695,"magellanic cloud",2,9
8696,"rich dwarf",2,9
8697,"infrared imaging",2,9
8698,"large scale factor",3,9
8699,"nicmos observations",2,9
8700,"single lens",2,9
8701,"large extra dimensional",3,9
8702,"transient events",2,9
8703,"super hubble",2,9
8704,"mhd equations",2,9
8705,"seyfert galaxy ngc",3,9
8706,"old stellar",2,9
8707,"neutrino fluxes",2,9
8708,"gravitational wave detector",3,9
8709,"finite index subgroup",3,9
8710,"irreducible 3-manifold",2,9
8711,"intrinsic property",2,9
8712,"blow ups",2,9
8713,"reducible representations",2,9
8714,"fusion rules",2,9
8715,"generalized riemann hypothesis",3,9
8716,"euler polynomials",2,9
8717,"conformal deformations",2,9
8718,"nilpotent lie algebra",3,9
8719,"systems possessing",2,9
8720,"metallic phase",2,9
8721,"temperature dependences",2,9
8722,"half flat",2,9
8723,"energy input",2,9
8724,"filled skutterudite",2,9
8725,"exponent tau",2,9
8726,"nonlinear saturation",2,9
8727,"exchange rate",2,9
8728,"spatially confined",2,9
8729,"mobility edge",2,9
8730,"edwards anderson model",3,9
8731,"scanning electron",2,9
8732,"band filling",2,9
8733,"small angle neutron scattering",4,9
8734,"eta prime",2,9
8735,"gravitino dark matter",3,9
8736,"preliminary calculations",2,9
8737,"strange pentaquark",2,9
8738,"e2 transition",2,9
8739,"pseudo goldstone",2,9
8740,"type ii string theory",4,9
8741,"flux vacua",2,9
8742,"information loss",2,9
8743,"hartree fock states",3,9
8744,"astrophysical plasmas",2,9
8745,"simultaneous measurement",2,9
8746,"constant hbar",2,9
8747,"intelligent systems",2,9
8748,"grid computing",2,9
8749,"cad system technocad glassx",4,9
8750,"thermal pulses",2,9
8751,"teleparallel gravity",2,9
8752,"unit disk",2,9
8753,"complex valued",2,9
8754,"l2 norm",2,9
8755,"largest eigenvalue",2,9
8756,"spatial variation",2,9
8757,"hi content",2,9
8758,"sufficient sensitivity",2,9
8759,"almost linearly",2,9
8760,"cdf collaboration",2,9
8761,"negative differential",2,9
8762,"inclusive semileptonic decays",3,9
8763,"electrical resistivity rho",3,9
8764,"non linear stability",3,9
8765,"magnetization switching",2,9
8766,"optical dipole",2,9
8767,"valence band structure",3,9
8768,"gauge fixing",2,9
8769,"reflectivity measurements",2,9
8770,"finite populations",2,9
8771,"radial excitations",2,9
8772,"lowest positive parity",3,9
8773,"ultraviolet divergences",2,9
8774,"light front dynamics",3,9
8775,"scalar tensor perturbations",3,9
8776,"vortex rings",2,9
8777,"conformal field",2,9
8778,"detailed numerical simulations",3,9
8779,"low lying excited state",4,9
8780,"hot corona",2,9
8781,"perturbative treatment",2,9
8782,"efron et",2,9
8783,"least angle regression",3,9
8784,"switched off",2,9
8785,"spectator model",2,9
8786,"fb recorded",2,9
8787,"test facility",2,9
8788,"collisionless shocks",2,9
8789,"total mass function",3,9
8790,"pairs recorded",2,9
8791,"significant amounts",2,9
8792,"sivers effect",2,9
8793,"post agb",2,9
8794,"inner products",2,8
8795,"ghost imaging",2,8
8796,"quantum cryptographic",2,8
8797,"optical parametric amplifier",3,8
8798,"once again",2,8
8799,"spontaneous parametric down conversion",4,8
8800,"temperature te",2,8
8801,"experimental data indicate",3,8
8802,"strong subadditivity",2,8
8803,"computer assisted",2,8
8804,"anisotropic xy",2,8
8805,"finite bandwidth",2,8
8806,"secure direct",2,8
8807,"public channel",2,8
8808,"exceptional points",2,8
8809,"two photon absorption",3,8
8810,"long range hopping",3,8
8811,"local unitary transformations",3,8
8812,"angular momentum dependent",3,8
8813,"time evolution operator",3,8
8814,"complex scalar field",3,8
8815,"poincare transformations",2,8
8816,"stark shifts",2,8
8817,"conceptually simple",2,8
8818,"rubidium atoms",2,8
8819,"rigorous analytical",2,8
8820,"nonclassical light",2,8
8821,"ising spin correlations",3,8
8822,"dimensional hilbert space",3,8
8823,"being replaced",2,8
8824,"noise levels",2,8
8825,"fully resolved",2,8
8826,"hilbert transform",2,8
8827,"unitary evolutions",2,8
8828,"stylized facts",2,8
8829,"vortex nucleation",2,8
8830,"lagrange multiplier",2,8
8831,"qualitative understanding",2,8
8832,"arbitrary degree distribution",3,8
8833,"2d electron",2,8
8834,"spacing distribution",2,8
8835,"triple point",2,8
8836,"strong randomness",2,8
8837,"lognormal distribution",2,8
8838,"anomalously large",2,8
8839,"diffusive processes",2,8
8840,"isospin symmetric",2,8
8841,"current density fluctuations",3,8
8842,"linear response function",3,8
8843,"rapid thermal",2,8
8844,"peierls instability",2,8
8845,"excellent spatial",2,8
8846,"upper bound state",3,8
8847,"cuprate superconductor",2,8
8848,"porous media",2,8
8849,"density matrix renormalization group dmrg",5,8
8850,"normal metallic",2,8
8851,"mesoscopic scale",2,8
8852,"band gaps",2,8
8853,"doping induced",2,8
8854,"strongly homotopy",2,8
8855,"strichartz estimates",2,8
8856,"iwahori hecke algebra",3,8
8857,"chern character",2,8
8858,"exclusion processes",2,8
8859,"teichmuller space",2,8
8860,"probability 1-p",2,8
8861,"phase transition probability",3,8
8862,"gaussian random matrix",3,8
8863,"closed symplectic",2,8
8864,"almost complex manifold",3,8
8865,"codimension two dimensional",3,8
8866,"open dense",2,8
8867,"alternating group",2,8
8868,"invariant subspace",2,8
8869,"complete riemannian manifold",3,8
8870,"phi1 phi2",2,8
8871,"non associative",2,8
8872,"unbounded domains",2,8
8873,"maslov index",2,8
8874,"mathematical expression",2,8
8875,"fractal dimensions",2,8
8876,"log canonical",2,8
8877,"theoretic description",2,8
8878,"chow group",2,8
8879,"artin groups",2,8
8880,"non autonomous",2,8
8881,"semidirect product",2,8
8882,"line bundle over",3,8
8883,"symplectic topology",2,8
8884,"monic polynomial",2,8
8885,"phylogenetic trees",2,8
8886,"simple lie",2,8
8887,"main motivation",2,8
8888,"tensor categories",2,8
8889,"langlands correspondence",2,8
8890,"complex scalar curvature",3,8
8891,"spatially distributed",2,8
8892,"2m 2n",2,8
8893,"closure bar",2,8
8894,"positive harmonic",2,8
8895,"hyperbolic plane",2,8
8896,"cohomological dimension",2,8
8897,"multiple zeta values",3,8
8898,"ozsvath szabo",2,8
8899,"equations imply",2,8
8900,"remarkable property",2,8
8901,"complete intersections",2,8
8902,"parabolic subgroup",2,8
8903,"ln pi",2,8
8904,"two dimensional riemannian manifold",4,8
8905,"zero norm",2,8
8906,"x1 xd",2,8
8907,"jacobi identities",2,8
8908,"combinatorial data",2,8
8909,"nilpotent elements",2,8
8910,"complex fluids",2,8
8911,"inter layer",2,8
8912,"mechanism behind",2,8
8913,"bloch electrons",2,8
8914,"incommensurate magnetic field",3,8
8915,"radial distribution function",3,8
8916,"mutual friction",2,8
8917,"molecular bose",2,8
8918,"co ordinates",2,8
8919,"bragg reflection",2,8
8920,"component bose einstein condensates",4,8
8921,"belief propagation",2,8
8922,"critical temperature decreases",3,8
8923,"uniform external",2,8
8924,"large discrepancies",2,8
8925,"periodic signal",2,8
8926,"interatomic distance",2,8
8927,"heterogeneous dynamics",2,8
8928,"co ions",2,8
8929,"percolation theory",2,8
8930,"vertex correction",2,8
8931,"stretched exponential",2,8
8932,"physical quantity",2,8
8933,"rotating bose gas",3,8
8934,"nearest neighbor couplings",3,8
8935,"carrier mobility",2,8
8936,"electronic structure functions",3,8
8937,"oscillation length",2,8
8938,"phonon frequencies",2,8
8939,"variational perturbation theory",3,8
8940,"ambient plasma",2,8
8941,"mutual interactions",2,8
8942,"spatially inhomogeneous",2,8
8943,"non exponential growth",3,8
8944,"gradient expansion",2,8
8945,"pi band structure",3,8
8946,"dimensionless conductance",2,8
8947,"ballistic transport through",3,8
8948,"van der waals forces",4,8
8949,"photonic bandgap",2,8
8950,"regular graph",2,8
8951,"interacting agents",2,8
8952,"torus like",2,8
8953,"path integral equation",3,8
8954,"spin relaxation time dependence",4,8
8955,"tunnel coupling",2,8
8956,"incident angle",2,8
8957,"rich phenomenology",2,8
8958,"divergence free",2,8
8959,"falls below",2,8
8960,"quasiparticle excitation",2,8
8961,"asymptotically normal",2,8
8962,"topological defect",2,8
8963,"strongly supports",2,8
8964,"random media",2,8
8965,"behave differently",2,8
8966,"varies continuously",2,8
8967,"single crystal structure",3,8
8968,"collective nature",2,8
8969,"super poissonian",2,8
8970,"sequential tunneling current",3,8
8971,"hopping rates",2,8
8972,"dimerized phase transition",3,8
8973,"competing orders",2,8
8974,"pressure confined",2,8
8975,"two leg",2,8
8976,"spinless fermions",2,8
8977,"transfer torque",2,8
8978,"orientational order",2,8
8979,"interacting bose",2,8
8980,"sheared granular",2,8
8981,"dynamic heterogeneities",2,8
8982,"tilt angle",2,8
8983,"bond length",2,8
8984,"logarithmic decay",2,8
8985,"low energy distribution",3,8
8986,"metallic grains",2,8
8987,"tube length",2,8
8988,"impurity concentration",2,8
8989,"diffusive regime",2,8
8990,"multi layer",2,8
8991,"first unambiguous",2,8
8992,"pinning centers",2,8
8993,"melting transition temperature",3,8
8994,"anomalous dispersion",2,8
8995,"de gennes",2,8
8996,"molecular wire",2,8
8997,"chi square",2,8
8998,"neighboring sites",2,8
8999,"worm like",2,8
9000,"considerably enhanced",2,8
9001,"substantially higher",2,8
9002,"velocity shear",2,8
9003,"superfluid phase transition temperature",4,8
9004,"time reversal symmetry breaking",4,8
9005,"van alphen dhva",3,8
9006,"laplace equation",2,8
9007,"regge wheeler",2,8
9008,"petrov type",2,8
9009,"general relativistic limit",3,8
9010,"electric charges",2,8
9011,"extension sme",2,8
9012,"deceleration parameter",2,8
9013,"stiff matter",2,8
9014,"phi4 theory",2,8
9015,"gravitational radiation field",3,8
9016,"positive ricci curvature",3,8
9017,"isotropic cosmologies",2,8
9018,"planck equation",2,8
9019,"generic submanifold",2,8
9020,"physically acceptable",2,8
9021,"celestial bodies",2,8
9022,"klein bottle",2,8
9023,"ii string",2,8
9024,"late stage",2,8
9025,"ultraviolet spectral",2,8
9026,"optically dark",2,8
9027,"peaked profile",2,8
9028,"cooling time",2,8
9029,"power law index gamma",4,8
9030,"mass accretion rate",3,8
9031,"galactic cepheids",2,8
9032,"hst acs imaging",3,8
9033,"bulge component",2,8
9034,"damped ly",2,8
9035,"mass loss rate",3,8
9036,"neutrino transport",2,8
9037,"photometrically selected",2,8
9038,"transit surveys",2,8
9039,"low multipoles",2,8
9040,"ray absorption feature",3,8
9041,"continuous star",2,8
9042,"short orbital",2,8
9043,"coronal heating",2,8
9044,"poynting flux",2,8
9045,"volume limited sample",3,8
9046,"ray binary",2,8
9047,"poloidal magnetic field",3,8
9048,"halo mass function",3,8
9049,"abundance pattern",2,8
9050,"dominant factor",2,8
9051,"velocity anisotropy",2,8
9052,"left hand",2,8
9053,"remnant snr",2,8
9054,"integrated sachs wolfe isw effect",5,8
9055,"afterglow light curve",3,8
9056,"accretion disk geometry",3,8
9057,"h2 absorption",2,8
9058,"sheet like",2,8
9059,"polycyclic aromatic hydrocarbons",3,8
9060,"objects eros",2,8
9061,"focal length",2,8
9062,"slowly decaying",2,8
9063,"hubble space time",3,8
9064,"formation history",2,8
9065,"single epoch",2,8
9066,"supernova sn explosions",3,8
9067,"post outburst",2,8
9068,"non thermal radiation",3,8
9069,"aperture synthesis",2,8
9070,"main goals",2,8
9071,"extragalactic radio",2,8
9072,"compton scattered",2,8
9073,"volume averaged",2,8
9074,"broken power law",3,8
9075,"accretion history",2,8
9076,"supermassive black holes smbhs",4,8
9077,"ks xmm newton observation",4,8
9078,"faint red galaxies",3,8
9079,"bl lacertae",2,8
9080,"diffuse interstellar medium",3,8
9081,"cooling time evolution",3,8
9082,"inner jet",2,8
9083,"scale structures",2,8
9084,"chemical compositions",2,8
9085,"central black holes",3,8
9086,"nuclear ring",2,8
9087,"cosmic web",2,8
9088,"debris disks",2,8
9089,"wavelength dependence",2,8
9090,"discs around",2,8
9091,"faint extended",2,8
9092,"polytropic index",2,8
9093,"image quality",2,8
9094,"normal nuclear",2,8
9095,"modern astrophysics",2,8
9096,"hot hydrogen",2,8
9097,"cosmic ray spectrum",3,8
9098,"sph simulations",2,8
9099,"continuously varying",2,8
9100,"weakly magnetized",2,8
9101,"small angle theta",3,8
9102,"relative abundances",2,8
9103,"sagittarius dwarf galaxies",3,8
9104,"parallel computing",2,8
9105,"distance estimates",2,8
9106,"planetary transits",2,8
9107,"relativistic shocks",2,8
9108,"survey 2dfgrs",2,8
9109,"mean stellar",2,8
9110,"young massive stars",3,8
9111,"lyman alpha emission line",4,8
9112,"ray morphology",2,8
9113,"soon after",2,8
9114,"innermost region",2,8
9115,"star formation activity",3,8
9116,"luminous blue galaxies",3,8
9117,"non linear stability analysis",4,8
9118,"thermal convection",2,8
9119,"old stellar populations",3,8
9120,"sub arcsecond",2,8
9121,"reverse shock",2,8
9122,"herbig haro",2,8
9123,"fully convective",2,8
9124,"color excess",2,8
9125,"almost flat",2,8
9126,"total mass fraction",3,8
9127,"carbon abundances",2,8
9128,"law component",2,8
9129,"complex plasma",2,8
9130,"low frequency range",3,8
9131,"rotation measures",2,8
9132,"binary tree",2,8
9133,"liquid gas phase transition",4,8
9134,"graduate students",2,8
9135,"peculiar velocity",2,8
9136,"rotational energy",2,8
9137,"earliest stages",2,8
9138,"gas stripping",2,8
9139,"mjy beam",2,8
9140,"core radii",2,8
9141,"isothermal spheres",2,8
9142,"medium icm",2,8
9143,"alpha approx",2,8
9144,"inflationary paradigm",2,8
9145,"observational signatures",2,8
9146,"explosion mechanism",2,8
9147,"color selection",2,8
9148,"long time scale",3,8
9149,"gaussian random fields",3,8
9150,"cosmic microwave background cmb data",5,8
9151,"astrophysical assumptions",2,8
9152,"anomalous behaviour",2,8
9153,"tidal stripping",2,8
9154,"micron flux",2,8
9155,"theoretical considerations",2,8
9156,"integral observatory",2,8
9157,"flux compactification",2,8
9158,"branching fractions br b0",4,8
9159,"saturation value",2,8
9160,"reveals itself",2,8
9161,"renormalization group rg equation",4,8
9162,"light scattering amplitudes",3,8
9163,"penguin operators",2,8
9164,"kadanoff baym",2,8
9165,"factorization approximation",2,8
9166,"d0 pi0",2,8
9167,"deeply inelastic scattering",3,8
9168,"large gluonic",2,8
9169,"bulk scalar",2,8
9170,"bb bar",2,8
9171,"selection rule",2,8
9172,"full counting",2,8
9173,"electroweak radiative",2,8
9174,"phenomenologically viable",2,8
9175,"qcd thermodynamics",2,8
9176,"qcd factorization approach",3,8
9177,"precision tests",2,8
9178,"large hadron colliders",3,8
9179,"exclusive photoproduction",2,8
9180,"super solar",2,8
9181,"slow roll",2,8
9182,"radiation field theory",3,8
9183,"conformal anomaly",2,8
9184,"adjoint representation theory",3,8
9185,"spin polarization transfer",3,8
9186,"via spontaneous symmetry breaking",4,8
9187,"charged pions",2,8
9188,"two gauges",2,8
9189,"sub gev",2,8
9190,"external legs",2,8
9191,"high redshift surveys",3,8
9192,"violating processes",2,8
9193,"fluid mechanics",2,8
9194,"neutral atom",2,8
9195,"cern large",2,8
9196,"20th century",2,8
9197,"carrier gas",2,8
9198,"specular reflection",2,8
9199,"rotational inertia",2,8
9200,"waveguide arrays",2,8
9201,"relaxation mechanism",2,8
9202,"electrostatic field",2,8
9203,"compton wavelength",2,8
9204,"non relativistic quantum",3,8
9205,"physically meaningful",2,8
9206,"recoil velocity",2,8
9207,"solvent molecules",2,8
9208,"spin statistics connection",3,8
9209,"visible range",2,8
9210,"axiomatic approach",2,8
9211,"luminosity upgrade",2,8
9212,"quadratic nonlinearities",2,8
9213,"water vapor",2,8
9214,"rf voltage",2,8
9215,"atom optics",2,8
9216,"atom interferometer",2,8
9217,"collective behaviour",2,8
9218,"operating conditions",2,8
9219,"optical fibers",2,8
9220,"fifth order",2,8
9221,"regge behavior",2,8
9222,"bmn operators",2,8
9223,"affine toda",2,8
9224,"cotangent bundles",2,8
9225,"formal deformations",2,8
9226,"fuzzy spheres",2,8
9227,"time derivative",2,8
9228,"higher dimensional supergravity",3,8
9229,"notes briefly",2,8
9230,"su yang mills equations",4,8
9231,"axion field theory",3,8
9232,"common boundary",2,8
9233,"near horizon geometry",3,8
9234,"logarithmic divergence",2,8
9235,"gauge groups",2,8
9236,"annulus amplitudes",2,8
9237,"abelian gauge theory",3,8
9238,"poincare duality",2,8
9239,"linear dilaton background",3,8
9240,"loop quantum gravity lqg",4,8
9241,"totally symmetric",2,8
9242,"variable theories",2,8
9243,"kappa poincar",2,8
9244,"de sitter backgrounds",3,8
9245,"schwarzschild geometry",2,8
9246,"feynman path integral",3,8
9247,"spin manifolds",2,8
9248,"transmission probability",2,8
9249,"maxwell chern simons",3,8
9250,"lorentzian signature",2,8
9251,"d3 branes",2,8
9252,"wall solutions",2,8
9253,"ads black holes",3,8
9254,"cyclic cohomology",2,8
9255,"super yang mills theories",4,8
9256,"dp brane",2,8
9257,"learning theory",2,8
9258,"strongly influenced",2,8
9259,"number generator",2,8
9260,"eta meson production",3,8
9261,"axial vector current",3,8
9262,"lightest higgs",2,8
9263,"stat syst pb",3,8
9264,"two body hadronic",3,8
9265,"incidence angle",2,8
9266,"neutral kaon",2,8
9267,"kloe detector",2,8
9268,"nuclear recoils",2,8
9269,"fitting technique",2,8
9270,"improved clover",2,8
9271,"hypercubic lattice",2,8
9272,"interpolation formula",2,8
9273,"static quark gluon",3,8
9274,"dinger equations",2,8
9275,"energy momentum conservation",3,8
9276,"fitzhugh nagumo",2,8
9277,"random matrix ensembles",3,8
9278,"viscous flows",2,8
9279,"nature bf",2,8
9280,"new integrable system",3,8
9281,"error threshold",2,8
9282,"discrete versions",2,8
9283,"kadomtsev petviashvili",2,8
9284,"charm quarks",2,8
9285,"cold neutron",2,8
9286,"fission fragments",2,8
9287,"main reason",2,8
9288,"pion form",2,8
9289,"neutron scattering length",3,8
9290,"pion interferometry",2,8
9291,"power loss",2,8
9292,"nuclear breakup",2,8
9293,"isospin dependent",2,8
9294,"bcs approximation",2,8
9295,"skyrme forces",2,8
9296,"few ten",2,8
9297,"simeq mev",2,8
9298,"distorted wave",2,8
9299,"pion photoproduction",2,8
9300,"time dependent hartree fock",4,8
9301,"core shell model",3,8
9302,"physically realistic",2,8
9303,"atomic cloud",2,8
9304,"marginally stable",2,8
9305,"escherichia coli",2,8
9306,"locally coupled",2,8
9307,"reaction mechanism",2,8
9308,"assumptions concerning",2,8
9309,"relative frequencies",2,8
9310,"mechanical deformation",2,8
9311,"conformal transformation",2,8
9312,"decoherence free subspace",3,8
9313,"magneto optical trap",3,8
9314,"boson fermion systems",3,8
9315,"bipartite system",2,8
9316,"short version",2,8
9317,"mechanical treatment",2,8
9318,"solvable potentials",2,8
9319,"2n dimensional",2,8
9320,"two qubit rotations",3,8
9321,"quantum cryptographic protocols",3,8
9322,"least partially",2,8
9323,"per square",2,8
9324,"ultra deep",2,8
9325,"turing machines",2,8
9326,"li atoms",2,8
9327,"nonlinear schr odinger",3,8
9328,"peak positions",2,8
9329,"optical pumping",2,8
9330,"periodic cyclic",2,8
9331,"functional perturbation theory",3,8
9332,"similarity solutions",2,8
9333,"trapped surfaces",2,8
9334,"large extra dimension",3,8
9335,"superselection rules",2,8
9336,"stat phys",2,8
9337,"nonlinear partial differential equation",4,8
9338,"haar measure",2,8
9339,"pauli fierz",2,8
9340,"12c 13c",2,8
9341,"giant molecular cloud",3,8
9342,"gradient approximation",2,8
9343,"short orbital period",3,8
9344,"galaxies drawn",2,8
9345,"apparent size",2,8
9346,"filling fraction",2,8
9347,"lcdm universe",2,8
9348,"indirect searches",2,8
9349,"continuum emission line",3,8
9350,"deeper observations",2,8
9351,"giant elliptical",2,8
9352,"observational tests",2,8
9353,"transfer rate",2,8
9354,"synchrotron self",2,8
9355,"neutrino astronomy",2,8
9356,"stellar mass distribution function",4,8
9357,"extragalactic distance",2,8
9358,"accretion powered",2,8
9359,"nuclear magnetic moment",3,8
9360,"color indices",2,8
9361,"polar ring",2,8
9362,"hubble space",2,8
9363,"large array vla",3,8
9364,"sigma upper limits",3,8
9365,"pc scale structure",3,8
9366,"largely independent",2,8
9367,"wavelength limit",2,8
9368,"flux limited sample",3,8
9369,"kerr geometry",2,8
9370,"precise formulation",2,8
9371,"existing data set",3,8
9372,"killing vector",2,8
9373,"line element",2,8
9374,"asymptotic symmetries",2,8
9375,"gravity sensitive",2,8
9376,"freely falling",2,8
9377,"rotational motion",2,8
9378,"weak equivalence principle",3,8
9379,"charged rotating",2,8
9380,"max plus",2,8
9381,"fully compatible",2,8
9382,"uniformly rotating",2,8
9383,"massive scalar fields",3,8
9384,"compatibility conditions",2,8
9385,"straight line",2,8
9386,"torsion elements",2,8
9387,"fractional brownian motion",3,8
9388,"orthonormal bases",2,8
9389,"hilbert space time",3,8
9390,"tangent bundle over",3,8
9391,"non linear forms",3,8
9392,"vassiliev invariants",2,8
9393,"string links",2,8
9394,"morse function",2,8
9395,"conjugacy problem",2,8
9396,"ext groups",2,8
9397,"non local group",3,8
9398,"natural candidate",2,8
9399,"exterior algebra",2,8
9400,"vanishes identically",2,8
9401,"tracial rank zero",3,8
9402,"ambient space",2,8
9403,"poincare series",2,8
9404,"rees algebra",2,8
9405,"adic cohomology groups",3,8
9406,"morita equivalence",2,8
9407,"almost hermitian",2,8
9408,"nichols algebras",2,8
9409,"chord diagrams",2,8
9410,"short range repulsive",3,8
9411,"curie weiss",2,8
9412,"star products",2,8
9413,"multiplier ideals",2,8
9414,"orbifold singularities",2,8
9415,"poisson manifold",2,8
9416,"terminal singularities",2,8
9417,"flat band",2,8
9418,"clifford algebras",2,8
9419,"free groups acting",3,8
9420,"chosen uniformly",2,8
9421,"open subsets",2,8
9422,"cdot bf",2,8
9423,"bijective correspondence",2,8
9424,"global bifurcation",2,8
9425,"principally polarized abelian varieties",4,8
9426,"upper triangular",2,8
9427,"zeta values",2,8
9428,"careful treatment",2,8
9429,"chromatic number",2,8
9430,"complex semisimple",2,8
9431,"dirac structures",2,8
9432,"local maxima",2,8
9433,"product expansion",2,8
9434,"latin square",2,8
9435,"radiative return",2,8
9436,"electroweak precision measurements",3,8
9437,"rough estimate",2,8
9438,"big bang nucleosynthesis bbn",4,8
9439,"near threshold enhancement",3,8
9440,"ideal mixing",2,8
9441,"ckm matrix elements",3,8
9442,"parton shower",2,8
9443,"brane kinetic",2,8
9444,"mixing matrix models",3,8
9445,"negative parities",2,8
9446,"plus multi",2,8
9447,"annihilation rates",2,8
9448,"muon collider",2,8
9449,"hooft interaction",2,8
9450,"reactor neutrino oscillation",3,8
9451,"non abelian gauge fields",4,8
9452,"hadron collider lhc",3,8
9453,"proceed through",2,8
9454,"leading order lo",3,8
9455,"characteristic signatures",2,8
9456,"non baryonic dark matter",4,8
9457,"parity conservation",2,8
9458,"sigma model independent",3,8
9459,"energetic particles",2,8
9460,"non mesonic weak",3,8
9461,"scalar products",2,8
9462,"numerical simulations confirm",3,8
9463,"isospin dependence",2,8
9464,"fusion processes",2,8
9465,"substantial number",2,8
9466,"integrating over",2,8
9467,"minimum bias",2,8
9468,"chiral lagrangians",2,8
9469,"friction coefficient",2,8
9470,"moderate transverse",2,8
9471,"ricci scalar curvature",3,8
9472,"liouville field theory",3,8
9473,"cp n-1",2,8
9474,"gross features",2,8
9475,"gaugino condensation",2,8
9476,"generalized calabi yau",3,8
9477,"holographic bound",2,8
9478,"quantum electrodynamics qed",3,8
9479,"de sitter vacua",3,8
9480,"rg flows",2,8
9481,"model sm",2,8
9482,"duality relating",2,8
9483,"composite operator",2,8
9484,"plane waves",2,8
9485,"mixed characteristic",2,8
9486,"longitudinal component",2,8
9487,"coulomb gauge",2,8
9488,"gribov horizon",2,8
9489,"intersecting brane",2,8
9490,"dimensional minkowski",2,8
9491,"volume modulus",2,8
9492,"bosonic part",2,8
9493,"iia supergravity",2,8
9494,"type iia string theory",4,8
9495,"net charge",2,8
9496,"btz black hole",3,8
9497,"continuum mechanics",2,8
9498,"regge trajectories",2,8
9499,"type iia string",3,8
9500,"confinement deconfinement",2,8
9501,"ricci scalar",2,8
9502,"zn orbifold",2,8
9503,"database systems",2,8
9504,"point defect",2,8
9505,"mammogrid project",2,8
9506,"european large",2,8
9507,"irreversible processes",2,8
9508,"asynchronous circuits",2,8
9509,"time delays",2,8
9510,"practical importance",2,8
9511,"missing momenta",2,8
9512,"zeus collaborations",2,8
9513,"milc collaboration",2,8
9514,"delta scuti",2,8
9515,"adaptive mesh refinement amr",4,8
9516,"pulsar wind",2,8
9517,"equal area",2,8
9518,"susy particles",2,8
9519,"galaxies abridged",2,8
9520,"rosat pspc",2,8
9521,"tidal dwarf",2,8
9522,"colour magnitude diagrams",3,8
9523,"near infrared nir",3,8
9524,"inflationary solutions",2,8
9525,"generalized chaplygin gas",3,8
9526,"strongly constrained",2,8
9527,"triple system",2,8
9528,"non local density",3,8
9529,"uk schmidt telescope",3,8
9530,"hst stis observations",3,8
9531,"public data",2,8
9532,"cosmic ray emission",3,8
9533,"h2 emission lines",3,8
9534,"mas yr",2,8
9535,"cool white dwarfs",3,8
9536,"extra solar",2,8
9537,"induced showers",2,8
9538,"shortly after",2,8
9539,"national observatory",2,8
9540,"astrophysical black hole",3,8
9541,"eddington luminosities",2,8
9542,"ionizing source",2,8
9543,"mass accretion disks",3,8
9544,"double pulsar system j0737-3039",4,8
9545,"wmap satellite",2,8
9546,"considerable fraction",2,8
9547,"cooling scheme",2,8
9548,"radial flow",2,8
9549,"magnetized plasma",2,8
9550,"remain constant",2,8
9551,"accretion flows around",3,8
9552,"tidal tails",2,8
9553,"mexican hat",2,8
9554,"young stellar objects ysos",4,8
9555,"ray flares",2,8
9556,"groth strip",2,8
9557,"target stars",2,8
9558,"giant hii region",3,8
9559,"velocity dispersion relation",3,8
9560,"flux levels",2,8
9561,"index alpha",2,8
9562,"dynamo model",2,8
9563,"thermal sunyaev zel dovich",4,8
9564,"normal incidence",2,8
9565,"theoretic approach",2,8
9566,"masses m1 m2",3,8
9567,"dust component",2,8
9568,"positive ions",2,8
9569,"axial magnetic field",3,8
9570,"volterra equations",2,8
9571,"brueckner hartree fock",3,8
9572,"mean free electron",3,8
9573,"few hours",2,8
9574,"electromagnetic waves propagating",3,8
9575,"parallel computers",2,8
9576,"spatial gradients",2,8
9577,"hyperfine coupling",2,8
9578,"efficiency enhancement",2,8
9579,"hyperfine states",2,8
9580,"biological networks",2,8
9581,"mechanisms leading",2,8
9582,"hyperbolic structures",2,8
9583,"clas detector",2,8
9584,"universal scaling law",3,8
9585,"currents flowing",2,8
9586,"salt concentration",2,8
9587,"turbulent medium",2,8
9588,"many thousands",2,8
9589,"conductance fluctuations",2,8
9590,"lattice gas phase transition",4,8
9591,"information gain",2,8
9592,"traffic models",2,8
9593,"external potentials",2,8
9594,"photoemission spectroscopy",2,8
9595,"pi band gap",3,8
9596,"urn model",2,8
9597,"impurity models",2,8
9598,"weakly anisotropic",2,8
9599,"collective oscillations",2,8
9600,"1d bose gas",3,8
9601,"perpendicular magnetic fields",3,8
9602,"kosterlitz thouless",2,8
9603,"high pressure dependence",3,8
9604,"critical temperature dependent",3,8
9605,"active sites",2,8
9606,"metal insulator transitions",3,8
9607,"magnetoresistance oscillations",2,8
9608,"dynamic light",2,8
9609,"quantum critical exponents",3,8
9610,"magnetization curves",2,8
9611,"na ions",2,8
9612,"dusty plasma",2,8
9613,"considerably higher",2,8
9614,"thermodynamical properties",2,8
9615,"lennard jones clusters",3,8
9616,"filling factor nu",3,8
9617,"fluid interface",2,8
9618,"magnetic tunnel junctions",3,8
9619,"cuo2 plane",2,8
9620,"equal characteristic",2,8
9621,"magnetite fe3o4",2,8
9622,"dynamic localization",2,8
9623,"universal scaling behavior",3,8
9624,"reach consensus",2,8
9625,"roughly half",2,8
9626,"order parameter lambda",3,8
9627,"antiferromagnetic af order",3,8
9628,"vortex lattices",2,8
9629,"fully connected",2,8
9630,"bose gas phase transition",4,8
9631,"current voltage curves",3,8
9632,"quantum critical temperature dependence",4,8
9633,"proximity induced",2,8
9634,"constitutive relations",2,8
9635,"spin flop",2,8
9636,"conductivity sigma",2,8
9637,"quantum coherence length",3,8
9638,"gold electrodes",2,8
9639,"joule heating",2,8
9640,"powerful radio",2,8
9641,"shell atoms",2,8
9642,"impurity induced",2,8
9643,"isothermal equation",2,8
9644,"modulation doped",2,8
9645,"well qw",2,8
9646,"physical situation",2,8
9647,"zinc blende",2,8
9648,"first lecture",2,8
9649,"limiting behavior",2,8
9650,"current density wave",3,8
9651,"next nearest neighbors",3,8
9652,"lambda1 lambda2",2,8
9653,"voltage controlled",2,8
9654,"beam splitting",2,8
9655,"probability amplitudes",2,8
9656,"state university",2,8
9657,"mode coupling regime",3,8
9658,"continuous time evolution",3,8
9659,"second minimum",2,8
9660,"cryptographic protocols",2,8
9661,"limiting distribution",2,8
9662,"infinite dimensional hilbert",3,8
9663,"radiative efficiency",2,8
9664,"langevin dynamics",2,8
9665,"velocity gradients",2,8
9666,"homogeneous coordinate",2,8
9667,"stellar dynamics",2,8
9668,"galactic value",2,8
9669,"submillimeter array",2,8
9670,"phantom field",2,8
9671,"soft gamma rays",3,8
9672,"goods fields",2,8
9673,"lcdm cosmology",2,8
9674,"scale lengths",2,8
9675,"accretion phase",2,8
9676,"protostellar disks",2,8
9677,"gran sasso",2,8
9678,"double white dwarf",3,8
9679,"dex higher",2,8
9680,"polarization fraction",2,8
9681,"schwarzschild black hole mass",4,8
9682,"southern observatory",2,8
9683,"lyman alpha emitters",3,8
9684,"semimajor axis",2,8
9685,"sdss database",2,8
9686,"microwave background radiation",3,8
9687,"likelihood analysis",2,8
9688,"astronomical objects",2,8
9689,"internal kinematics",2,8
9690,"bremsstrahlung radiation",2,8
9691,"fairly large",2,8
9692,"helium abundances",2,8
9693,"emission pattern",2,8
9694,"lyman alpha absorbers",3,8
9695,"observable signature",2,8
9696,"holographic dark",2,8
9697,"composite material",2,8
9698,"surface brightness profiles",3,8
9699,"deep exposure",2,8
9700,"ray absorption lines",3,8
9701,"two dozen",2,8
9702,"quasinormal frequencies",2,8
9703,"geodesic deviation",2,8
9704,"gravitational field theories",3,8
9705,"classified according",2,8
9706,"projective modules",2,8
9707,"exact sequences",2,8
9708,"constructive proof",2,8
9709,"universal enveloping algebra",3,8
9710,"finite lifetime",2,8
9711,"nilpotent groups",2,8
9712,"oriented cycles",2,8
9713,"semisimple lie group",3,8
9714,"integrability condition",2,8
9715,"finiteness conditions",2,8
9716,"cyclotomic fields",2,8
9717,"extreme value",2,8
9718,"least five",2,8
9719,"weinstein conjecture",2,8
9720,"lagrange equations",2,8
9721,"arbitrary genus",2,8
9722,"completely integrable systems",3,8
9723,"closed orientable surface",3,8
9724,"residue field",2,8
9725,"analytically tractable",2,8
9726,"carrier concentration",2,8
9727,"first passage time",3,8
9728,"fixed connectivity",2,8
9729,"differ substantially",2,8
9730,"overdoped regime",2,8
9731,"scanning tunneling spectroscopy",3,8
9732,"hopping amplitudes",2,8
9733,"dilute bose gas",3,8
9734,"doped semiconductor",2,8
9735,"trial wave function",3,8
9736,"lowest levels",2,8
9737,"thin films deposited",3,8
9738,"korringa kohn rostoker",3,8
9739,"two dimensional 2d electron gas",5,8
9740,"social group",2,8
9741,"human brain",2,8
9742,"short time scale",3,8
9743,"high purity",2,8
9744,"gas phase transition",3,8
9745,"strong magnetic properties",3,8
9746,"non equilibrium green function",4,8
9747,"fluctuation dissipation ratio",3,8
9748,"liquid vapor",2,8
9749,"universal quantities",2,8
9750,"phonon spectrum",2,8
9751,"bcs type",2,8
9752,"slowly varying envelope",3,8
9753,"differential conductance",2,8
9754,"positively charged",2,8
9755,"nano scale",2,8
9756,"sharp edge",2,8
9757,"diffusion limited aggregation",3,8
9758,"amorphous solids",2,8
9759,"inelastic hard spheres",3,8
9760,"quantum circuits",2,8
9761,"singlet ground state",3,8
9762,"metallic phase transitions",3,8
9763,"kinetic monte carlo",3,8
9764,"dynamical behaviors",2,8
9765,"2d electron gas",3,8
9766,"analytical arguments",2,8
9767,"kardar parisi zhang equation",4,8
9768,"lattice spacings",2,8
9769,"abelian sandpile model",3,8
9770,"bfkl equation",2,8
9771,"higgs production cross section",4,8
9772,"two photon exchange",3,8
9773,"heavy quarkonium",2,8
9774,"psi production cross section",4,8
9775,"vacuum energy spectrum",3,8
9776,"bd pi",2,8
9777,"bbar pairs",2,8
9778,"breaks supersymmetry",2,8
9779,"unification scheme",2,8
9780,"saturation scale",2,8
9781,"eta ks",2,8
9782,"negative kinetic energy",3,8
9783,"froissart bound",2,8
9784,"einstein yang mills",3,8
9785,"entropy bounds",2,8
9786,"three dimensional torus",3,8
9787,"clear physical",2,8
9788,"fayet iliopoulos term",3,8
9789,"simple analytical solution",3,8
9790,"homological mirror symmetry",3,8
9791,"axial anomaly",2,8
9792,"warped compactification",2,8
9793,"interacting scalar fields",3,8
9794,"constant holomorphic",2,8
9795,"confinement mechanism",2,8
9796,"rank zero",2,8
9797,"science run",2,8
9798,"encryption scheme",2,8
9799,"conformally related",2,8
9800,"long baseline neutrino oscillation",4,8
9801,"topological sectors",2,8
9802,"lower hybrid",2,8
9803,"world cosmology",2,8
9804,"debye model",2,8
9805,"globally coupled",2,8
9806,"existing theoretical",2,8
9807,"equation governing",2,8
9808,"two dimensional turbulence",3,8
9809,"directed networks",2,8
9810,"secret key",2,8
9811,"practical implementations",2,8
9812,"short timescales",2,8
9813,"two step like",3,8
9814,"azimuthal anisotropy",2,8
9815,"particles emitted",2,8
9816,"crystal ball",2,8
9817,"electromagnetic calorimeter",2,8
9818,"transverse momenta pt gev",4,8
9819,"shallow water",2,8
9820,"viewed through",2,8
9821,"general trends",2,8
9822,"regression models",2,8
9823,"plane wave propagation",3,8
9824,"jacobi equation",2,8
9825,"ancillary qubits",2,8
9826,"signature scheme",2,8
9827,"red detuned",2,8
9828,"becomes infinite",2,8
9829,"brightness fluctuations",2,8
9830,"jet opening angle",3,8
9831,"eddington luminosity",2,8
9832,"double ionization",2,8
9833,"kolmogorov spectrum",2,8
9834,"ideal mhd",2,8
9835,"astrometric measurements",2,8
9836,"hot bubble",2,8
9837,"emitting regions",2,8
9838,"ray absorption line",3,8
9839,"pg quasars",2,8
9840,"direct observational",2,8
9841,"large deviation principle",3,8
9842,"quantization scheme",2,8
9843,"orthonormal basis",2,8
9844,"low pass",2,8
9845,"unique ergodicity",2,8
9846,"central limit theorems",3,8
9847,"keep up",2,8
9848,"zero crossing",2,8
9849,"independent identically distributed",3,8
9850,"locally stable",2,8
9851,"key step",2,8
9852,"modular form",2,8
9853,"constructible sheaves",2,8
9854,"braid monodromy",2,8
9855,"functions appearing",2,8
9856,"borel space",2,8
9857,"canonical bundle",2,8
9858,"molecular magnets",2,8
9859,"single crystal samples",3,8
9860,"scanning tunneling microscopy stm",4,8
9861,"trapped fermionic",2,8
9862,"bragg spectroscopy",2,8
9863,"nematic liquid crystal",3,8
9864,"two component bose einstein condensates",5,8
9865,"cloud collisions",2,8
9866,"ultracold atomic gases",3,8
9867,"exact enumeration",2,8
9868,"intermetallic compound",2,8
9869,"topology induced",2,8
9870,"control problems",2,8
9871,"induced modifications",2,8
9872,"kramers kronig",2,8
9873,"drude model",2,8
9874,"systematic treatment",2,8
9875,"multi quark",2,8
9876,"tunneling process",2,8
9877,"neutrino driven",2,8
9878,"antisymmetrized molecular dynamics",3,8
9879,"large pt",2,8
9880,"nc expansion",2,8
9881,"atomic nuclei",2,8
9882,"probe brane",2,8
9883,"two dimensional regularization",3,8
9884,"dbi action",2,8
9885,"green schwarz mechanism",3,8
9886,"cross sectional",2,8
9887,"hochschild homology",2,8
9888,"non abelian gauge theory",4,8
9889,"kappa deformed",2,8
9890,"2d string",2,8
9891,"graphical technique",2,8
9892,"muon decay",2,8
9893,"string tensions",2,8
9894,"hele shaw",2,8
9895,"faddeev equations",2,8
9896,"three nucleon force",3,8
9897,"temporal fluctuations",2,8
9898,"soft computing",2,8
9899,"learning techniques",2,8
9900,"decision trees",2,8
9901,"sensor network",2,8
9902,"parametric representation",2,8
9903,"gamma ray scattering",3,8
9904,"alpha helical",2,8
9905,"roughly proportional",2,8
9906,"magnitude longer",2,8
9907,"hole pair",2,8
9908,"elementary particle physics",3,8
9909,"first homotopy",2,8
9910,"discrete nature",2,8
9911,"additive group",2,8
9912,"korteweg de vries",3,8
9913,"principal value",2,8
9914,"convergence rates",2,8
9915,"unsolved problems",2,8
9916,"legendrian knots",2,8
9917,"exponential convergence",2,8
9918,"faddeev equation",2,8
9919,"msun lsun",2,8
9920,"starburst galaxy ngc",3,8
9921,"plasma diagnostics",2,8
9922,"shorter wavelength",2,8
9923,"br b0",2,8
9924,"bernoulli shift",2,8
9925,"lattice displacements",2,8
9926,"low lying excitations",3,8
9927,"cmr manganites",2,8
9928,"decoherence rate",2,8
9929,"periodic boundary condition",3,8
9930,"nmr measurements",2,8
9931,"stainless steel",2,8
9932,"deep inelastic scattering processes",4,8
9933,"critical discussion",2,8
9934,"front form",2,8
9935,"gregory laflamme",2,8
9936,"non compact calabi yau",4,8
9937,"overlap operator",2,8
9938,"improved wilson fermions",3,8
9939,"cp conserving",2,8
9940,"coupled tensorial form",3,8
9941,"ls coupling",2,8
9942,"dense molecular",2,8
9943,"central parts",2,8
9944,"axial ratio",2,8
9945,"high resolution hydrodynamical simulations",4,8
9946,"radiation driven",2,8
9947,"period gap",2,8
9948,"lithium depletion",2,8
9949,"faddeev popov",2,8
9950,"real life",2,8
9951,"cross linked",2,8
9952,"relaxor ferroelectric",2,8
9953,"correlation lengths",2,8
9954,"arbitrary initial state",3,8
9955,"toda lattice",2,8
9956,"burgers equation",2,8
9957,"gaussian wave",2,8
9958,"analysis package",2,8
9959,"internal modes",2,8
9960,"earth rotation",2,8
9961,"intermediate age metallicity",3,8
9962,"baryon densities",2,8
9963,"qgsjet model",2,8
9964,"infrared monopole condensation",3,8
9965,"3-form fluxes",2,8
9966,"weibel instability",2,8
9967,"transit time",2,8
9968,"dynamic programming",2,8
9969,"earth elements",2,8
9970,"noncommutative symmetric functions",3,8
9971,"success rate",2,7
9972,"local hidden variables",3,7
9973,"conditional phase gate",3,7
9974,"linear schrodinger equation",3,7
9975,"shortest paths",2,7
9976,"jaynes cummings",2,7
9977,"fiber optics",2,7
9978,"physical interpretations",2,7
9979,"after recalling",2,7
9980,"zeno effect",2,7
9981,"kicked rotor",2,7
9982,"physical realization",2,7
9983,"projective measurement",2,7
9984,"thermal radiation field",3,7
9985,"tomographic reconstruction",2,7
9986,"hard rods",2,7
9987,"qualitative explanation",2,7
9988,"joint distributions",2,7
9989,"heavy tails",2,7
9990,"system size distributions",3,7
9991,"uncorrelated random",2,7
9992,"third order parameter",3,7
9993,"largest lyapunov exponent",3,7
9994,"magnetically driven",2,7
9995,"coulomb interaction strength",3,7
9996,"asymptotic behaviors",2,7
9997,"transmission eigenvalues",2,7
9998,"poissonian statistics",2,7
9999,"nd ce",2,7
10000,"quantitatively reproduce",2,7
10001,"characteristic time scale",3,7
10002,"queue length",2,7
10003,"probabilistic cellular automata",3,7
10004,"theoretical descriptions",2,7
10005,"strongly suppresses",2,7
10006,"cu ag",2,7
10007,"wigner distribution",2,7
10008,"brownian excursion",2,7
10009,"backward scattering",2,7
10010,"intermolecular potential",2,7
10011,"laplace transforms",2,7
10012,"molecular beam epitaxy mbe",4,7
10013,"hyperfine interactions",2,7
10014,"logistic maps",2,7
10015,"wigner dyson",2,7
10016,"broad band structure",3,7
10017,"gas 2deg",2,7
10018,"power law inflation",3,7
10019,"few body",2,7
10020,"logistic map",2,7
10021,"precession frequency",2,7
10022,"dzyaloshinskii moriya",2,7
10023,"storage capacity",2,7
10024,"slightly stronger",2,7
10025,"castelnuovo mumford regularity",3,7
10026,"dualizing complex",2,7
10027,"preprojective algebras",2,7
10028,"converge weakly",2,7
10029,"wiener space",2,7
10030,"markov approximation",2,7
10031,"simplicial complexes",2,7
10032,"dehn surgery",2,7
10033,"crystal bases",2,7
10034,"smallest degree",2,7
10035,"projective manifold",2,7
10036,"borel subgroup",2,7
10037,"special circumstances",2,7
10038,"steepest descent",2,7
10039,"normal subgroups",2,7
10040,"convex cone",2,7
10041,"chern class",2,7
10042,"right angled",2,7
10043,"lie groupoid",2,7
10044,"positive semidefinite",2,7
10045,"commutator subgroup",2,7
10046,"non empty",2,7
10047,"fredholm determinant",2,7
10048,"functional determinant",2,7
10049,"differentiable manifold",2,7
10050,"chebyshev polynomials",2,7
10051,"perverse sheaves",2,7
10052,"tropical geometry",2,7
10053,"quasi projective",2,7
10054,"division algebras",2,7
10055,"symplectic 4-manifolds",2,7
10056,"integer powers",2,7
10057,"mobile agents",2,7
10058,"affine hecke algebra",3,7
10059,"multiplicative structure",2,7
10060,"kazhdan lusztig",2,7
10061,"combinatorial methods",2,7
10062,"structure sheaf",2,7
10063,"reductive groups",2,7
10064,"contained proof",2,7
10065,"power sums",2,7
10066,"special lagrangian submanifolds",3,7
10067,"measurable function",2,7
10068,"orientable manifold",2,7
10069,"riemann roch",2,7
10070,"projection onto",2,7
10071,"simply connected lie group",4,7
10072,"fano varieties",2,7
10073,"paley wiener",2,7
10074,"stein manifolds",2,7
10075,"kontsevich integral",2,7
10076,"strongly hyperbolic",2,7
10077,"al substitution",2,7
10078,"insulating phase",2,7
10079,"dimensional reduction procedure",3,7
10080,"isotropic nematic phase transition",4,7
10081,"2d ising model",3,7
10082,"node degree distributions",3,7
10083,"nuclear spin polarization",3,7
10084,"nodal direction",2,7
10085,"bubble size",2,7
10086,"log periodic",2,7
10087,"bose einstein condensation bec",4,7
10088,"pairwise interaction",2,7
10089,"dilute fermi",2,7
10090,"delta pu",2,7
10091,"gap soliton",2,7
10092,"phase transition occurring",3,7
10093,"constraint satisfaction",2,7
10094,"inelastic scattering ins",3,7
10095,"quarter filling",2,7
10096,"numerically exact diagonalization",3,7
10097,"hubbard models",2,7
10098,"nonequilibrium steady states",3,7
10099,"driving forces",2,7
10100,"short range repulsive interactions",4,7
10101,"car parrinello",2,7
10102,"disordered conductors",2,7
10103,"tc decreases",2,7
10104,"optimal doping",2,7
10105,"magnetic field sweep",3,7
10106,"quadratic plus",2,7
10107,"stimulated raman adiabatic passage stirap",5,7
10108,"bending rigidity",2,7
10109,"molecular weight",2,7
10110,"trapping phenomenon",2,7
10111,"electrical transport through",3,7
10112,"reentrant behavior",2,7
10113,"experimental data points",3,7
10114,"ferroelectric phase transition",3,7
10115,"lett textbf",2,7
10116,"tracer particles",2,7
10117,"short time series",3,7
10118,"polarization switching",2,7
10119,"ferroelectric thin films",3,7
10120,"atomic force microscopy afm",4,7
10121,"conjugate gradient",2,7
10122,"free energy densities",3,7
10123,"propto exp",2,7
10124,"under hydrostatic pressure",3,7
10125,"force free energy",3,7
10126,"heuristic arguments",2,7
10127,"financial time series",3,7
10128,"per cycle",2,7
10129,"mott insulating",2,7
10130,"ends up",2,7
10131,"fermionic quasiparticles",2,7
10132,"conventional wisdom",2,7
10133,"direct integration",2,7
10134,"surface density functional theory",4,7
10135,"system size scaling behavior",4,7
10136,"nonextensive statistics",2,7
10137,"exponential decay width",3,7
10138,"resonance esr",2,7
10139,"spatial correlation function",3,7
10140,"many branches",2,7
10141,"orthorhombic structure",2,7
10142,"incommensurate magnetic",2,7
10143,"oriented parallel",2,7
10144,"nonequilibrium green function",3,7
10145,"system 2des",2,7
10146,"ac magnetic properties",3,7
10147,"adsorbate substrate",2,7
10148,"summing over",2,7
10149,"heisenberg antiferromagnet",2,7
10150,"dimensional spin-1",2,7
10151,"pairing mechanism",2,7
10152,"quantum fluids",2,7
10153,"neutral gauge",2,7
10154,"phase transition temperature dependence",4,7
10155,"successfully reproduced",2,7
10156,"three dimensional 1d",3,7
10157,"charge injection",2,7
10158,"transverse magnetic fields",3,7
10159,"crystal field theory",3,7
10160,"total filling factor nu",4,7
10161,"exponent eta",2,7
10162,"optical kerr",2,7
10163,"hierarchical growth",2,7
10164,"generalization error",2,7
10165,"resonant peaks",2,7
10166,"fermi energy gap",3,7
10167,"third power",2,7
10168,"trapped fermi gas",3,7
10169,"off diagonal long range",4,7
10170,"mesoscopic conductors",2,7
10171,"strongly modifies",2,7
10172,"acoustic mode",2,7
10173,"free energy minimization",3,7
10174,"single walled",2,7
10175,"gate electrode",2,7
10176,"under shear flow",3,7
10177,"isotropic heisenberg model",3,7
10178,"fractional quantum hall states",4,7
10179,"macroscopic magnetization",2,7
10180,"rashba spin relaxation",3,7
10181,"stripe phase",2,7
10182,"coil transition",2,7
10183,"photoelectron spectroscopy",2,7
10184,"insulating regime",2,7
10185,"antiferromagnetic correlations",2,7
10186,"double counting",2,7
10187,"mgb2 thin films",3,7
10188,"hole doped cuprates",3,7
10189,"myers perry",2,7
10190,"spacetime foam",2,7
10191,"spatially homogeneous isotropic",3,7
10192,"dimensional schwarzschild",2,7
10193,"1-loop effective potential",3,7
10194,"flrw model",2,7
10195,"highly damped",2,7
10196,"bianchi ix",2,7
10197,"astrometric accuracy",2,7
10198,"varying speed",2,7
10199,"tensor powers",2,7
10200,"lisa data",2,7
10201,"kerr black holes",3,7
10202,"stiff equation",2,7
10203,"exclusion principle",2,7
10204,"stationary spacetimes",2,7
10205,"friedman robertson walker",3,7
10206,"fast magnetosonic",2,7
10207,"radiative cooling flow",3,7
10208,"spectral fits",2,7
10209,"ray transient source",3,7
10210,"projected radii",2,7
10211,"partial covering",2,7
10212,"eclipsing cataclysmic variable",3,7
10213,"hierarchical galaxy formation",3,7
10214,"sunyaev zeldovich",2,7
10215,"distant radio galaxies",3,7
10216,"fold degeneracy",2,7
10217,"gyr after",2,7
10218,"period luminosity pl relation",4,7
10219,"initial orbital",2,7
10220,"ion collision",2,7
10221,"lens galaxies",2,7
10222,"galaxies lie",2,7
10223,"temperature gradients",2,7
10224,"observing campaign",2,7
10225,"abundance gradients",2,7
10226,"frequency qpos",2,7
10227,"neutron star magnetosphere",3,7
10228,"redshift distribution function",3,7
10229,"smallest scales",2,7
10230,"massive haloes",2,7
10231,"reflection component",2,7
10232,"total magnetization",2,7
10233,"grb spectra",2,7
10234,"pulsed flux",2,7
10235,"neutron electric",2,7
10236,"log lx",2,7
10237,"galactic latitudes",2,7
10238,"gould belt",2,7
10239,"regression function",2,7
10240,"concordance cosmological",2,7
10241,"starless core",2,7
10242,"taurus auriga",2,7
10243,"ir photometry",2,7
10244,"normal spirals",2,7
10245,"central black",2,7
10246,"post growth",2,7
10247,"tidal radius",2,7
10248,"nlte model",2,7
10249,"background cmb measurements",3,7
10250,"large galactocentric",2,7
10251,"accreting onto",2,7
10252,"supernova sn 1998bw",3,7
10253,"evolutionary phases",2,7
10254,"ultracool dwarfs",2,7
10255,"occupation numbers",2,7
10256,"likelihood ratio",2,7
10257,"wide field imager",3,7
10258,"spatially flat",2,7
10259,"ir wavelengths",2,7
10260,"sdb stars",2,7
10261,"mass concentration",2,7
10262,"hold promise",2,7
10263,"pah bands",2,7
10264,"sax j1808.4-3658",2,7
10265,"data acquisition",2,7
10266,"existing data sets",3,7
10267,"submillimeter wave",2,7
10268,"fe kalpha",2,7
10269,"local ism",2,7
10270,"imaging capabilities",2,7
10271,"correction factors",2,7
10272,"galaxy formation rate",3,7
10273,"lithium abundances",2,7
10274,"nonthermal electrons",2,7
10275,"internal shock",2,7
10276,"twenty five",2,7
10277,"extragalactic radio galaxies",3,7
10278,"low mass accretion",3,7
10279,"dense molecular clouds",3,7
10280,"large magellanic",2,7
10281,"tev blazars",2,7
10282,"halpha emission lines",3,7
10283,"source count",2,7
10284,"nearly flat",2,7
10285,"rho oph",2,7
10286,"tw hydrae association",3,7
10287,"narrow fe",2,7
10288,"atmosphere code",2,7
10289,"conversion efficiencies",2,7
10290,"central star clusters",3,7
10291,"tully fisher",2,7
10292,"higher redshift survey",3,7
10293,"space time intervals",3,7
10294,"powerful radio emission",3,7
10295,"infrared array",2,7
10296,"red galaxies tend",3,7
10297,"passed through",2,7
10298,"microlensing survey",2,7
10299,"pre main sequence pms",4,7
10300,"glast satellite",2,7
10301,"energy density profile",3,7
10302,"contact binaries",2,7
10303,"particle mesh",2,7
10304,"perseus arm",2,7
10305,"cluster centers",2,7
10306,"damped lyman",2,7
10307,"age metallicity relation",3,7
10308,"double peaked",2,7
10309,"hole mass estimates",3,7
10310,"structure formation history",3,7
10311,"spectral decomposition",2,7
10312,"adaptive optics ao",3,7
10313,"intermediate redshift",2,7
10314,"radial gradient",2,7
10315,"standard candle",2,7
10316,"elliptical ngc",2,7
10317,"stm measurements",2,7
10318,"binaries within",2,7
10319,"updated version",2,7
10320,"mixing length",2,7
10321,"spectra cover",2,7
10322,"dust reddening",2,7
10323,"low redshift range",3,7
10324,"intensity variations",2,7
10325,"dwarf galaxy formation",3,7
10326,"absorption toward",2,7
10327,"dvali gabadadze porrati",3,7
10328,"nearly uniform",2,7
10329,"ratio snr",2,7
10330,"rosat hri",2,7
10331,"ks chandra observations",3,7
10332,"central star forming region",4,7
10333,"compact halo",2,7
10334,"orbital decay",2,7
10335,"collapse supernovae",2,7
10336,"tasi lectures",2,7
10337,"oxygen neon",2,7
10338,"redshifted cm",2,7
10339,"grain growth",2,7
10340,"large array vla observations",4,7
10341,"cyclic universe",2,7
10342,"physical explanation",2,7
10343,"average pulse",2,7
10344,"hot cores",2,7
10345,"toward lower",2,7
10346,"profile fitting",2,7
10347,"outer halo",2,7
10348,"gaussian profile",2,7
10349,"halos around",2,7
10350,"secondary peak",2,7
10351,"information encoded",2,7
10352,"dark matter halo mass",4,7
10353,"wavelength bands",2,7
10354,"protoneutron star",2,7
10355,"program aimed",2,7
10356,"angular diameters",2,7
10357,"grating spectrometer",2,7
10358,"anglo australian telescope",3,7
10359,"rapidly spinning",2,7
10360,"wave vector current",3,7
10361,"froggatt nielsen",2,7
10362,"longitudinally polarized beams",3,7
10363,"omega pi pi0",3,7
10364,"baryon antidecuplet",2,7
10365,"lightest neutral",2,7
10366,"after explaining",2,7
10367,"double logarithmic",2,7
10368,"k2k long baseline",3,7
10369,"relaxation time evolution",3,7
10370,"isospin symmetry breaking",3,7
10371,"diffractive structure",2,7
10372,"theta production cross sections",4,7
10373,"rapidity gap",2,7
10374,"electric charge distribution",3,7
10375,"sterile neutrino mass",3,7
10376,"modified dispersion relation",3,7
10377,"constituent quark masses",3,7
10378,"lsnd result",2,7
10379,"dalitz plot analysis",3,7
10380,"bs mesons",2,7
10381,"muon anomalous",2,7
10382,"crossing symmetry",2,7
10383,"cern large hadron collider lhc",5,7
10384,"visible sector",2,7
10385,"simple model mssm",3,7
10386,"exclusive radiative",2,7
10387,"dissociation cross section",3,7
10388,"multiple parton",2,7
10389,"circularly polarized photons",3,7
10390,"tev brane",2,7
10391,"triple pomeron",2,7
10392,"z2 symmetry breaking",3,7
10393,"orbifold s1 z2",3,7
10394,"radion mass",2,7
10395,"high pt gev",3,7
10396,"graviton exchange",2,7
10397,"order nlo",2,7
10398,"relic neutrinos",2,7
10399,"earth masses",2,7
10400,"chiral superfields",2,7
10401,"fifth dimension",2,7
10402,"inverse powers",2,7
10403,"heavy majorana neutrinos",3,7
10404,"neutrino mass spectrum",3,7
10405,"cpt violation",2,7
10406,"lepton flavour",2,7
10407,"stimulated emission",2,7
10408,"intensity correlation",2,7
10409,"fusion devices",2,7
10410,"positron annihilation",2,7
10411,"transient absorption",2,7
10412,"optical dipole trap",3,7
10413,"translational motion",2,7
10414,"1s0 3p1",2,7
10415,"geminate recombination",2,7
10416,"escape fraction",2,7
10417,"diffusion controlled",2,7
10418,"dipole interactions",2,7
10419,"helium lines",2,7
10420,"geometric constraints",2,7
10421,"co pt",2,7
10422,"principal components",2,7
10423,"tight binding approximation",3,7
10424,"remain light",2,7
10425,"dense molecular dynamics",3,7
10426,"pressure gradients",2,7
10427,"system enters",2,7
10428,"law distributed",2,7
10429,"design luminosity",2,7
10430,"honeycomb lattice",2,7
10431,"time reversible",2,7
10432,"false positive",2,7
10433,"maximally abelian",2,7
10434,"fermionic coordinates",2,7
10435,"g2 manifold",2,7
10436,"main ingredient",2,7
10437,"maldacena nunez",2,7
10438,"field theory possesses",3,7
10439,"translation invariance",2,7
10440,"harmonic decomposition",2,7
10441,"tev brane world",3,7
10442,"mixed boundary conditions",3,7
10443,"integral formulation",2,7
10444,"landau pole",2,7
10445,"truncated power law",3,7
10446,"necessarily imply",2,7
10447,"cardy verlinde",2,7
10448,"spinning particles",2,7
10449,"remaining part",2,7
10450,"veneziano yankielowicz",2,7
10451,"ribbon graphs",2,7
10452,"finite temperature dependence",3,7
10453,"weak hopf algebra",3,7
10454,"non universal features",3,7
10455,"deformed euclidean",2,7
10456,"birkhoff decomposition",2,7
10457,"finite size distribution",3,7
10458,"non overlapping",2,7
10459,"calabi yau manifold",3,7
10460,"schwinger equations",2,7
10461,"extremal black holes",3,7
10462,"unified theories",2,7
10463,"end user",2,7
10464,"specification language",2,7
10465,"numerical invariants",2,7
10466,"reflection features",2,7
10467,"object oriented",2,7
10468,"integrated luminosities",2,7
10469,"resolved photon",2,7
10470,"average beam",2,7
10471,"tilde chi",2,7
10472,"witten veneziano",2,7
10473,"modification factor",2,7
10474,"charge density fluctuations",3,7
10475,"gg lambda",2,7
10476,"quenched level",2,7
10477,"detailed derivation",2,7
10478,"cp problem",2,7
10479,"clebsch gordan coefficients",3,7
10480,"density matrix ensembles",3,7
10481,"differential calculus",2,7
10482,"spinless salpeter",2,7
10483,"stochastic differential equation",3,7
10484,"wishart matrices",2,7
10485,"reaction diffusion equations",3,7
10486,"de donder",2,7
10487,"unit mass",2,7
10488,"unbounded operators",2,7
10489,"kp hierarchy",2,7
10490,"kp equation",2,7
10491,"exact solvability",2,7
10492,"lorentz gas",2,7
10493,"van vleck",2,7
10494,"large hadron collider lhc",4,7
10495,"charged particle production",3,7
10496,"net charge fluctuations",3,7
10497,"energy momentum pt gev",4,7
10498,"radioactive isotopes",2,7
10499,"symmetric nuclear",2,7
10500,"strongly deformed",2,7
10501,"skyrme hartree fock",3,7
10502,"molecular orbital",2,7
10503,"many fermion systems",3,7
10504,"sub threshold",2,7
10505,"invariant mass distribution",3,7
10506,"chemical equilibration",2,7
10507,"asymptotic normalization",2,7
10508,"high precision measurement",3,7
10509,"astrophysical reaction",2,7
10510,"liquid drop",2,7
10511,"scalar isoscalar",2,7
10512,"later stages",2,7
10513,"per se",2,7
10514,"immune system",2,7
10515,"food webs",2,7
10516,"cancer cells",2,7
10517,"substantial population",2,7
10518,"dynamical symmetries",2,7
10519,"noiseless subsystems",2,7
10520,"rotationally invariant",2,7
10521,"gate fidelity",2,7
10522,"initially localized",2,7
10523,"flip dynamics",2,7
10524,"simpler proof",2,7
10525,"many qubit",2,7
10526,"photonic lattices",2,7
10527,"spin relaxation time dependent",4,7
10528,"canonical coordinates",2,7
10529,"cubic nonlinearity",2,7
10530,"accurate prediction",2,7
10531,"entanglement purification",2,7
10532,"initial stages",2,7
10533,"time delayed",2,7
10534,"entanglement distillation",2,7
10535,"physical considerations",2,7
10536,"striking feature",2,7
10537,"trapping potentials",2,7
10538,"simpler alternative",2,7
10539,"reflection coefficient",2,7
10540,"time asymptotics",2,7
10541,"spontaneous symmetry",2,7
10542,"infrared divergence",2,7
10543,"transformation rules",2,7
10544,"directed polymers",2,7
10545,"sunyaev zel dovich",3,7
10546,"supernova driven",2,7
10547,"pulsating stars",2,7
10548,"comparative studies",2,7
10549,"bar pattern",2,7
10550,"kinematic constraints",2,7
10551,"radiation hardness",2,7
10552,"spectral energy spectrum",3,7
10553,"near ir images",3,7
10554,"nearby spiral",2,7
10555,"pitch angle",2,7
10556,"planet host stars",3,7
10557,"northern sky",2,7
10558,"baryonic dark",2,7
10559,"hydrodynamic code",2,7
10560,"hamburg quasar survey",3,7
10561,"optical nir",2,7
10562,"double pulsar",2,7
10563,"lens system",2,7
10564,"fields north south",3,7
10565,"cool dense",2,7
10566,"iron nuclei",2,7
10567,"weakly affected",2,7
10568,"gamma ray emission line",4,7
10569,"polarization signals",2,7
10570,"warm ionized",2,7
10571,"gzk cutoff",2,7
10572,"own parameters",2,7
10573,"non null",2,7
10574,"preserving boundary conditions",3,7
10575,"modified dispersion relations",3,7
10576,"standard graded",2,7
10577,"appropriately chosen",2,7
10578,"limit theorems",2,7
10579,"spatial derivatives",2,7
10580,"oppositely charged",2,7
10581,"regular horizons",2,7
10582,"integration constants",2,7
10583,"noncompact kaluza klein",3,7
10584,"geodesic completeness",2,7
10585,"sensitive tests",2,7
10586,"finsler geometry",2,7
10587,"unit disc",2,7
10588,"abelian subalgebra",2,7
10589,"shimura varieties",2,7
10590,"picard groups",2,7
10591,"curvature flow",2,7
10592,"skew product",2,7
10593,"batalin vilkovisky",2,7
10594,"quasi hopf algebra",3,7
10595,"symmetric powers",2,7
10596,"extremal limit",2,7
10597,"dirichlet series",2,7
10598,"hyperbolic 3-manifolds",2,7
10599,"drinfeld double",2,7
10600,"khovanov homology",2,7
10601,"packing density",2,7
10602,"rapidly decreasing",2,7
10603,"gorenstein ring",2,7
10604,"parent population",2,7
10605,"lipschitz functions",2,7
10606,"negatively curved",2,7
10607,"cup product",2,7
10608,"ricci curvature flow",3,7
10609,"principal series",2,7
10610,"tight upper",2,7
10611,"finite thickness",2,7
10612,"torsion points",2,7
10613,"flat spacetimes",2,7
10614,"affine weyl group",3,7
10615,"open book",2,7
10616,"van der waerden",3,7
10617,"pseudo holomorphic curves",3,7
10618,"poisson lie",2,7
10619,"cobordism group",2,7
10620,"old question",2,7
10621,"cohen macaulay local ring",4,7
10622,"earlier investigations",2,7
10623,"cell cycle",2,7
10624,"closed symplectic manifolds",3,7
10625,"baum connes conjecture",3,7
10626,"osp superalgebra",2,7
10627,"compact symplectic manifold",3,7
10628,"separable metric",2,7
10629,"compatible metrics",2,7
10630,"self intersection",2,7
10631,"dramatically reduced",2,7
10632,"color dipole",2,7
10633,"discrete symmetry breaking",3,7
10634,"su skyrme model",3,7
10635,"c.m energy",2,7
10636,"brane inflation",2,7
10637,"right handed majorana neutrino mass",5,7
10638,"standard model building",3,7
10639,"antiquark bound state",3,7
10640,"completely broken",2,7
10641,"ultrahigh energy spectrum",3,7
10642,"negative pions",2,7
10643,"strong indication",2,7
10644,"nu nubar",2,7
10645,"mixed condensate",2,7
10646,"transcendental functions",2,7
10647,"two loop integrals",3,7
10648,"physics today",2,7
10649,"charged lepton sector",3,7
10650,"minimal supergravity msugra model",4,7
10651,"experimental facts",2,7
10652,"sin theta",2,7
10653,"discrete light",2,7
10654,"algebraic objects",2,7
10655,"primordial black holes",3,7
10656,"sterile neutrino",2,7
10657,"brane tensions",2,7
10658,"fractionally charged",2,7
10659,"greatly improved",2,7
10660,"parity violating couplings",3,7
10661,"approach differs",2,7
10662,"reheating temperature",2,7
10663,"slightly modified",2,7
10664,"collective coordinate",2,7
10665,"electron density fluctuations",3,7
10666,"vector meson dominance",3,7
10667,"mechanisms underlying",2,7
10668,"kt factorization approach",3,7
10669,"cold atom",2,7
10670,"lepton polarization asymmetries",3,7
10671,"theoretical formulation",2,7
10672,"cold dark matter candidate",4,7
10673,"weakly interacting massive particles wimps",5,7
10674,"ni isotopes",2,7
10675,"invariant mass function",3,7
10676,"nuclear modification factor",3,7
10677,"partial wave function",3,7
10678,"angles theta",2,7
10679,"rho meson decays",3,7
10680,"cd bonn",2,7
10681,"realistic nucleon interaction",3,7
10682,"deuteron photodisintegration",2,7
10683,"odd nuclei",2,7
10684,"charged hadron production",3,7
10685,"axial vector mesons",3,7
10686,"random phase space",3,7
10687,"low lying excited states",4,7
10688,"angular correlation",2,7
10689,"weak magnetism",2,7
10690,"beta equilibrated",2,7
10691,"supersymmetric black hole",3,7
10692,"dynkin diagrams",2,7
10693,"nontrivial dependence",2,7
10694,"fayet iliopoulos fi",3,7
10695,"klebanov strassler",2,7
10696,"positively curved",2,7
10697,"particle production mechanism",3,7
10698,"causal interpretation",2,7
10699,"write up",2,7
10700,"single horizon",2,7
10701,"target manifold",2,7
10702,"supersymmetry transformation",2,7
10703,"central black hole mass",4,7
10704,"diffeomorphism invariant under",3,7
10705,"quantum cohomology",2,7
10706,"false vacuum decay",3,7
10707,"magnetic duality",2,7
10708,"conformal factor",2,7
10709,"chern simons like",3,7
10710,"gas phase transition temperature",4,7
10711,"dilaton field theory",3,7
10712,"s1 z2",2,7
10713,"local thermodynamic",2,7
10714,"young diagram",2,7
10715,"grid technology",2,7
10716,"well founded",2,7
10717,"cherenkov telescopes",2,7
10718,"2d ising spin",3,7
10719,"inference system",2,7
10720,"xi xj",2,7
10721,"lambda hyperons",2,7
10722,"non trivial holonomy",3,7
10723,"schroedinger functional",2,7
10724,"clearly visible",2,7
10725,"going down",2,7
10726,"integrated light",2,7
10727,"galaxy formation process",3,7
10728,"like morphology",2,7
10729,"broad band photometry",3,7
10730,"hubble diagram",2,7
10731,"forbidden line",2,7
10732,"halo mass ratio",3,7
10733,"emitting gas",2,7
10734,"interacting massive",2,7
10735,"uv photons",2,7
10736,"ideally suited",2,7
10737,"deposition technique",2,7
10738,"entire cluster",2,7
10739,"luminosity dependent",2,7
10740,"mean magnitudes",2,7
10741,"rotational period",2,7
10742,"externally imposed",2,7
10743,"alfven waves",2,7
10744,"abundance patterns",2,7
10745,"star formation histories",3,7
10746,"ccd imaging",2,7
10747,"cold accretion disk",3,7
10748,"cascade decay",2,7
10749,"near unity",2,7
10750,"primary cosmic",2,7
10751,"entirely consistent",2,7
10752,"ionized medium",2,7
10753,"sub mjy",2,7
10754,"universal shape",2,7
10755,"giant pulses",2,7
10756,"multi object spectrograph",3,7
10757,"bright spots",2,7
10758,"ray scattering off",3,7
10759,"low mass accretion rates",4,7
10760,"coronae borealis",2,7
10761,"apparent magnitudes",2,7
10762,"energy cosmic rays",3,7
10763,"black hole mass function",4,7
10764,"foreground contamination",2,7
10765,"low frequency qpo",3,7
10766,"transition objects",2,7
10767,"parameter eta",2,7
10768,"near infrared background",3,7
10769,"pure radiation",2,7
10770,"feedback processes",2,7
10771,"million solar",2,7
10772,"co emission line",3,7
10773,"link diagrams",2,7
10774,"binary pulsar psr",3,7
10775,"strongly influences",2,7
10776,"driven turbulence",2,7
10777,"largest scales",2,7
10778,"clear signature",2,7
10779,"position angles",2,7
10780,"truncation radius",2,7
10781,"lens systems",2,7
10782,"density matrix models",3,7
10783,"slow rotation",2,7
10784,"low latitude",2,7
10785,"collapsing star",2,7
10786,"mechanical stress",2,7
10787,"two oppositely",2,7
10788,"rf power",2,7
10789,"multi wall",2,7
10790,"nearly optimal",2,7
10791,"evanescent waves",2,7
10792,"induced fluorescence",2,7
10793,"small scale structures",3,7
10794,"anharmonic oscillators",2,7
10795,"darboux transformation",2,7
10796,"loosely bound",2,7
10797,"hyperon production",2,7
10798,"cold neutral",2,7
10799,"mutation rate",2,7
10800,"characteristic age",2,7
10801,"fire neurons",2,7
10802,"spatially uniform",2,7
10803,"highly localized",2,7
10804,"shallow donor",2,7
10805,"planar waveguide",2,7
10806,"hopping integral",2,7
10807,"harmonic confinement",2,7
10808,"intrinsic localized modes",3,7
10809,"bragg peaks",2,7
10810,"striking result",2,7
10811,"oscillator strength",2,7
10812,"tunnel barriers",2,7
10813,"cu fe",2,7
10814,"kernel expansion",2,7
10815,"helium atom",2,7
10816,"atomic wires",2,7
10817,"narrow gap",2,7
10818,"gor kov",2,7
10819,"artificial neural network",3,7
10820,"simulated annealing",2,7
10821,"considerable enhancement",2,7
10822,"random antiferromagnetic",2,7
10823,"paramagnetic phases",2,7
10824,"double stranded",2,7
10825,"entropic index",2,7
10826,"drastic change",2,7
10827,"van der waals equation",4,7
10828,"slab geometry",2,7
10829,"nucleation occurs",2,7
10830,"semi quantitative",2,7
10831,"driven granular",2,7
10832,"quantum dot size",3,7
10833,"energy functionals",2,7
10834,"elementary excitations",2,7
10835,"atomic chains",2,7
10836,"lattice gases",2,7
10837,"interfacial tension",2,7
10838,"symmetry considerations",2,7
10839,"electric quadrupole",2,7
10840,"local density wave",3,7
10841,"giant magnetoresistance",2,7
10842,"exponent beta",2,7
10843,"spin triplet",2,7
10844,"dipolar interaction",2,7
10845,"adsorption sites",2,7
10846,"dc squid",2,7
10847,"two dimensional electron gas 2deg",5,7
10848,"fermi surface fs",3,7
10849,"recurrent neural networks",3,7
10850,"loading conditions",2,7
10851,"meta stable",2,7
10852,"particle green function",3,7
10853,"steady shear flow",3,7
10854,"fermi liquids",2,7
10855,"parameter characterizing",2,7
10856,"primary importance",2,7
10857,"oxidation state",2,7
10858,"naxcoo2 yh2o",2,7
10859,"oxygen vacancies",2,7
10860,"saturation momentum",2,7
10861,"bulk viscosity",2,7
10862,"tomonaga luttinger",2,7
10863,"brain dynamics",2,7
10864,"speech recognition",2,7
10865,"resonating valence bond rvb",4,7
10866,"granular structure",2,7
10867,"hall states",2,7
10868,"spin relaxation time",3,7
10869,"colloid polymer",2,7
10870,"mj mol",2,7
10871,"interaction network",2,7
10872,"rotational velocities",2,7
10873,"2d electron systems",3,7
10874,"leading edge",2,7
10875,"optical cavity mode",3,7
10876,"glassy state",2,7
10877,"current flowing",2,7
10878,"non monotonic dependence",3,7
10879,"double scaling",2,7
10880,"scanning probe",2,7
10881,"alternating current",2,7
10882,"atoms tavis cummings model",4,7
10883,"post selection",2,7
10884,"entanglement sharing",2,7
10885,"product correlations",2,7
10886,"scattered intensity",2,7
10887,"non additive",2,7
10888,"random permutation",2,7
10889,"privacy amplification",2,7
10890,"source coding",2,7
10891,"key distribution protocols",3,7
10892,"communication complexity",2,7
10893,"operator valued measure",3,7
10894,"authentication scheme",2,7
10895,"atomic recoil",2,7
10896,"fractional statistics",2,7
10897,"experimental setups",2,7
10898,"adaptive grid",2,7
10899,"radial distributions",2,7
10900,"xmm newton epic",3,7
10901,"cygnus x-1",2,7
10902,"hydrodynamics code",2,7
10903,"orbital inclination",2,7
10904,"cool gas",2,7
10905,"h2 column density",3,7
10906,"c.l upper limits",3,7
10907,"high velocity dispersion",3,7
10908,"air flow",2,7
10909,"mach number",2,7
10910,"shock capturing",2,7
10911,"solar cycle",2,7
10912,"strong correlation length",3,7
10913,"level shifts",2,7
10914,"hubble ultra",2,7
10915,"essentially self",2,7
10916,"piecewise smooth",2,7
10917,"proto galactic",2,7
10918,"ir luminosities",2,7
10919,"magnitude weaker",2,7
10920,"swift satellite",2,7
10921,"object spectrograph",2,7
10922,"lowest temperatures",2,7
10923,"clearly distinguished",2,7
10924,"generalized chaplygin",2,7
10925,"velocity diagram",2,7
10926,"hydrodynamic modes",2,7
10927,"drifting subpulses",2,7
10928,"low mass loss",3,7
10929,"high energy distribution",3,7
10930,"during reionization",2,7
10931,"four epochs",2,7
10932,"halo bias",2,7
10933,"slit spectra",2,7
10934,"lense thirring",2,7
10935,"logarithmic slope",2,7
10936,"mauna kea",2,7
10937,"baryonic mass",2,7
10938,"cosmic microwave background cmb temperature",5,7
10939,"second virial",2,7
10940,"closely follows",2,7
10941,"compact array",2,7
10942,"wind speed",2,7
10943,"disc like",2,7
10944,"abundance variations",2,7
10945,"multi fractal",2,7
10946,"ultra high energies",3,7
10947,"lower redshifts",2,7
10948,"magnetic activity",2,7
10949,"non spinning",2,7
10950,"black hole candidate xte",4,7
10951,"highly energetic",2,7
10952,"temporal resolution",2,7
10953,"sq degrees",2,7
10954,"white dwarfs wds",3,7
10955,"progenitor survey",2,7
10956,"after imposing",2,7
10957,"rms noise",2,7
10958,"blue colors",2,7
10959,"deep field south",3,7
10960,"tighter constraints",2,7
10961,"grb jets",2,7
10962,"unidentified gamma",2,7
10963,"damped lyman alpha",3,7
10964,"killing tensors",2,7
10965,"null geodesics",2,7
10966,"schrodinger equations",2,7
10967,"spatially closed",2,7
10968,"waves gw",2,7
10969,"jacobian conjecture",2,7
10970,"de concini",2,7
10971,"poisson distribution function",3,7
10972,"punctured sphere",2,7
10973,"euclidean 3-space",2,7
10974,"graded betti numbers",3,7
10975,"diophantine equations",2,7
10976,"riemann sphere",2,7
10977,"diffeomorphism group",2,7
10978,"big enough",2,7
10979,"lim limits",2,7
10980,"negative eigenvalues",2,7
10981,"compact convex",2,7
10982,"weyl chamber",2,7
10983,"reflection algebras",2,7
10984,"real projective",2,7
10985,"tight closure",2,7
10986,"formula relating",2,7
10987,"constructible functions",2,7
10988,"complex reductive",2,7
10989,"cohen macaulay modules over",4,7
10990,"finite automata",2,7
10991,"branched over",2,7
10992,"plasmon modes",2,7
10993,"split ring resonators",3,7
10994,"nano sized",2,7
10995,"extended hubbard",2,7
10996,"doping levels",2,7
10997,"remain unchanged",2,7
10998,"mean free energy",3,7
10999,"spin-1 chain",2,7
11000,"kept fixed",2,7
11001,"homogeneous cooling",2,7
11002,"normal coordinates",2,7
11003,"organic materials",2,7
11004,"level spacing distribution",3,7
11005,"random phase transitions",3,7
11006,"single particle hole",3,7
11007,"limited resources",2,7
11008,"path integral formalism",3,7
11009,"pulsed laser deposition technique",4,7
11010,"ref cite",2,7
11011,"effective potential applications",3,7
11012,"cooperative behavior",2,7
11013,"non universal scaling",3,7
11014,"total number density",3,7
11015,"current voltage controlled",3,7
11016,"weakly sensitive",2,7
11017,"unstable against",2,7
11018,"charge transport measurements",3,7
11019,"homo lumo",2,7
11020,"two dimensional electron doped",4,7
11021,"bulk semiconductors",2,7
11022,"vertical direction",2,7
11023,"semiconductor quantum dots",3,7
11024,"totally asymmetric exclusion process",4,7
11025,"rashba spin split",3,7
11026,"quantum monte carlo methods",4,7
11027,"photon statistics",2,7
11028,"magnetic induction",2,7
11029,"non oscillatory",2,7
11030,"fast rise",2,7
11031,"atom pairs",2,7
11032,"radial excitation",2,7
11033,"time window",2,7
11034,"metal electrodes",2,7
11035,"kondo temperature dependence",3,7
11036,"principal axes",2,7
11037,"system size distribution function",4,7
11038,"optical constants",2,7
11039,"transformation law",2,7
11040,"matrix renormalization group",3,7
11041,"photoluminescence measurements",2,7
11042,"plus jets",2,7
11043,"monte carlo event generators",4,7
11044,"two loop quantum",3,7
11045,"heterotic strings",2,7
11046,"variational ansatz",2,7
11047,"axial current",2,7
11048,"cold nuclear matter",3,7
11049,"low q2 gev2",3,7
11050,"neutrino spectra",2,7
11051,"proton stability",2,7
11052,"space time dependence",3,7
11053,"hard exclusive processes",3,7
11054,"charmed pentaquark",2,7
11055,"parton saturation",2,7
11056,"parton distribution",2,7
11057,"cosmic rays uhecr",3,7
11058,"kinetic freeze",2,7
11059,"thermal excitation",2,7
11060,"elliptic flow v2",3,7
11061,"production mechanisms",2,7
11062,"energy momentum dependent",3,7
11063,"rho omega phi",3,7
11064,"tagged jets",2,7
11065,"nuclear clusters",2,7
11066,"spin diffusion",2,7
11067,"collision energies",2,7
11068,"nuclear quadrupole",2,7
11069,"warped compactifications",2,7
11070,"de sitter phase space",4,7
11071,"inertial frames",2,7
11072,"hooft polyakov",2,7
11073,"transverse dimension",2,7
11074,"coulomb gas",2,7
11075,"magnetic monopole",2,7
11076,"classical liouville",2,7
11077,"vanishing cycles",2,7
11078,"probe branes",2,7
11079,"trans planckian",2,7
11080,"translation symmetry",2,7
11081,"wave emission",2,7
11082,"open superstring",2,7
11083,"pure spinor formalism",3,7
11084,"break supersymmetry",2,7
11085,"fine grained",2,7
11086,"quadratic maps",2,7
11087,"analytical evaluation",2,7
11088,"charge conjugate",2,7
11089,"squark mass",2,7
11090,"substantially improved",2,7
11091,"pseudoscalar meson masses",3,7
11092,"quark mass matrix elements",4,7
11093,"reflection positivity",2,7
11094,"gribov copies",2,7
11095,"unquenched lattice qcd",3,7
11096,"aging phenomena",2,7
11097,"molecular bose einstein condensate",4,7
11098,"electromagnetic radiation field",3,7
11099,"collision frequency",2,7
11100,"my own",2,7
11101,"unit vectors",2,7
11102,"dirac spinors",2,7
11103,"operator hat",2,7
11104,"period doubling",2,7
11105,"bi hamiltonian",2,7
11106,"ion species",2,7
11107,"electron beams",2,7
11108,"heavy ion collider rhic",4,7
11109,"macroscopic objects",2,7
11110,"deep micron",2,7
11111,"decreases rapidly",2,7
11112,"environmental conditions",2,7
11113,"elastic scattering processes",3,7
11114,"classical communications",2,7
11115,"magnetic resonance nmr",3,7
11116,"fidelity decay",2,7
11117,"photon counting",2,7
11118,"polarization entangled photons",3,7
11119,"entropy inequalities",2,7
11120,"multi partite",2,7
11121,"conditional probability",2,7
11122,"two player games",3,7
11123,"particle creation",2,7
11124,"multipartite entanglement measures",3,7
11125,"gravitational lens systems",3,7
11126,"multi band photometry",3,7
11127,"few seconds",2,7
11128,"scientific objectives",2,7
11129,"limited samples",2,7
11130,"photon index",2,7
11131,"double exponential",2,7
11132,"absorbed sources",2,7
11133,"whole sky",2,7
11134,"phase referencing",2,7
11135,"infrared excess",2,7
11136,"exponential profile",2,7
11137,"low mass fraction",3,7
11138,"first detection efficiency",3,7
11139,"problems encountered",2,7
11140,"leakage current",2,7
11141,"organic molecules",2,7
11142,"voronoi tessellation",2,7
11143,"cosmic shear",2,7
11144,"color neutral",2,7
11145,"mass fractions",2,7
11146,"magnetic spectrometer",2,7
11147,"uv excess",2,7
11148,"lensing analysis",2,7
11149,"black hole mass ratio",4,7
11150,"circularly symmetric",2,7
11151,"photometric calibration",2,7
11152,"ionization conditions",2,7
11153,"science case",2,7
11154,"treated separately",2,7
11155,"telescope gmrt",2,7
11156,"averaged spectrum",2,7
11157,"luminosity ratios",2,7
11158,"around herbig ae",3,7
11159,"grand design",2,7
11160,"negative charges",2,7
11161,"gibbs measures",2,7
11162,"intertwining operator",2,7
11163,"zonal harmonics",2,7
11164,"2nd order",2,7
11165,"barbero immirzi parameter",3,7
11166,"new windows",2,7
11167,"minimal entropy",2,7
11168,"first order logic",3,7
11169,"milnor fiber",2,7
11170,"maximal compact subgroup",3,7
11171,"bounded domain omega",3,7
11172,"compact abelian group",3,7
11173,"bcs bec crossover region",4,7
11174,"spatial overlap",2,7
11175,"thin shells",2,7
11176,"closely connected",2,7
11177,"inhomogeneous broadening",2,7
11178,"mg nb",2,7
11179,"volume element",2,7
11180,"particle identification",2,7
11181,"dynamic variables",2,7
11182,"heusler alloys",2,7
11183,"merger event",2,7
11184,"aging regime",2,7
11185,"energy distribution function",3,7
11186,"sapphire substrates",2,7
11187,"einstein condensation",2,7
11188,"coexistence curve",2,7
11189,"crystalline form",2,7
11190,"scattering centers",2,7
11191,"double peak",2,7
11192,"intrinsic spin orbit",3,7
11193,"quasi bound state",3,7
11194,"logarithmic growth",2,7
11195,"wave numbers",2,7
11196,"bs system",2,7
11197,"superconducting sc",2,7
11198,"inhomogeneously broadened",2,7
11199,"point vortices",2,7
11200,"coherent superposition",2,7
11201,"electron systems containing",3,7
11202,"relaxational dynamics",2,7
11203,"chi cj",2,7
11204,"baryonic resonances",2,7
11205,"generalized polarizabilities",2,7
11206,"glueball states",2,7
11207,"polarization asymmetries",2,7
11208,"leading order nnlo",3,7
11209,"transverse momentum space",3,7
11210,"decay tilde",2,7
11211,"hydrodynamical calculations",2,7
11212,"lightest cp",2,7
11213,"muon neutrino",2,7
11214,"intrinsic color",2,7
11215,"faddeev calculations",2,7
11216,"argonne v18",2,7
11217,"reaction plane",2,7
11218,"non perturbative regime",3,7
11219,"hecke operators",2,7
11220,"11d supergravity",2,7
11221,"information paradox",2,7
11222,"einstein gauss bonnet gravity",4,7
11223,"su yang mills theories",4,7
11224,"rank distribution",2,7
11225,"inclusive dis",2,7
11226,"ckm angle alpha",3,7
11227,"fermion formulation",2,7
11228,"detailed numerical calculations",3,7
11229,"tight binding energies",3,7
11230,"eigen modes",2,7
11231,"triangle inequality",2,7
11232,"logarithmic derivative",2,7
11233,"distributed according",2,7
11234,"process occurring",2,7
11235,"hand sides",2,7
11236,"considerable importance",2,7
11237,"intrinsically faint",2,7
11238,"short duration",2,7
11239,"core program",2,7
11240,"oh maser",2,7
11241,"keck observatory",2,7
11242,"optical monitor",2,7
11243,"spatial resolutions",2,7
11244,"sources having",2,7
11245,"rigidly rotating",2,7
11246,"two loop approximation",3,7
11247,"integer valued",2,7
11248,"partially ordered",2,7
11249,"hausdorff measures",2,7
11250,"holonomy groups",2,7
11251,"kaehler einstein",2,7
11252,"fat points",2,7
11253,"atiyah patodi singer",3,7
11254,"explicit computations",2,7
11255,"discrete valuation",2,7
11256,"covering factor",2,7
11257,"auslander reiten",2,7
11258,"lambda cdm cosmology",3,7
11259,"oh masers",2,7
11260,"thermally excited",2,7
11261,"radiative recombination",2,7
11262,"collecting area",2,7
11263,"covering fraction",2,7
11264,"deficit angle",2,7
11265,"luminous red galaxies",3,7
11266,"direct consequences",2,7
11267,"partial reconstruction",2,7
11268,"cosmic ray background",3,7
11269,"total internal",2,7
11270,"stanford linear accelerator center",4,7
11271,"bias voltages",2,7
11272,"dipolar interactions",2,7
11273,"aspect ratios",2,7
11274,"amorphous materials",2,7
11275,"break junctions",2,7
11276,"specific heat cv",3,7
11277,"lowest energy spectrum",3,7
11278,"inversion layers",2,7
11279,"parabolic trap",2,7
11280,"rashba type",2,7
11281,"reflected light",2,7
11282,"additive white noise",3,7
11283,"b0 rho0",2,7
11284,"pa collisions",2,7
11285,"unexpectedly large",2,7
11286,"sdss data set",3,7
11287,"large tan beta decay",4,7
11288,"total energy momentum",3,7
11289,"polarization signatures",2,7
11290,"five quarks",2,7
11291,"perturbative unitarity",2,7
11292,"stable circular",2,7
11293,"quark gluon degrees",3,7
11294,"lorentz covariant",2,7
11295,"cold dense quark matter",4,7
11296,"power law potentials",3,7
11297,"domain wall motion",3,7
11298,"background radiation field",3,7
11299,"initial configuration",2,7
11300,"stringy corrections",2,7
11301,"asymptotically ads",2,7
11302,"ultra relativistic heavy ion collisions",5,7
11303,"orbital frequency",2,7
11304,"few myr",2,7
11305,"msun pc",2,7
11306,"measurable quantities",2,7
11307,"direct derivation",2,7
11308,"julia sets",2,7
11309,"spinless electrons",2,7
11310,"exclusion models",2,7
11311,"dynamics simulations indicate",3,7
11312,"treated exactly",2,7
11313,"cooper pair box",3,7
11314,"polymer poly",2,7
11315,"random deposition",2,7
11316,"thermodynamic variables",2,7
11317,"deep inelastic scattering dis",4,7
11318,"event shapes",2,7
11319,"critical value problem",3,7
11320,"following branching ratios",3,7
11321,"gaussian wave packet",3,7
11322,"family symmetry group",3,7
11323,"gapped phase transition",3,7
11324,"new characterizations",2,7
11325,"wheeler dewitt equation",3,7
11326,"confining phase",2,7
11327,"wess zumino models",3,7
11328,"emc effect",2,7
11329,"rotational lines",2,7
11330,"output signals",2,7
11331,"eccentric orbits",2,7
11332,"evolutionary stages",2,7
11333,"stochastic calculus",2,7
11334,"conjecture asserts",2,7
11335,"transmission spectrum",2,7
11336,"tunneling processes",2,7
11337,"complete absence",2,7
11338,"al quant ph",3,7
11339,"astrophysical bounds",2,7
11340,"via cavity qed",3,7
11341,"highest energy",2,7
11342,"capacity achieving",2,7
11343,"prandtl number",2,7
11344,"screened coulomb interaction",3,7
11345,"electron doped manganites",3,7
11346,"liouville type",2,7
11347,"nikiforov uvarov",2,7
11348,"square kilometer array ska",4,7
11349,"le deploiement",2,7
11350,"evolution explorer galex",3,7
11351,"swap operation",2,6
11352,"external driving field",3,6
11353,"scalable quantum information",3,6
11354,"quantum computers",2,6
11355,"optical bistability",2,6
11356,"bbgky hierarchy",2,6
11357,"reduced density operator",3,6
11358,"bi partite",2,6
11359,"quantum interference phenomena",3,6
11360,"quantum teleportation scheme",3,6
11361,"unconditionally secure",2,6
11362,"beam splitters",2,6
11363,"short time dependent",3,6
11364,"down converted",2,6
11365,"small polarons",2,6
11366,"tight upper bounds",3,6
11367,"number conservation laws",3,6
11368,"quasi classical limit",3,6
11369,"experimentally measurable",2,6
11370,"local oscillator",2,6
11371,"bloch vector",2,6
11372,"phase transition belongs",3,6
11373,"fermion species",2,6
11374,"integral representation theory",3,6
11375,"indirect measurement",2,6
11376,"accelerated observer",2,6
11377,"non markovian stochastic",3,6
11378,"complete positivity",2,6
11379,"bohr radius",2,6
11380,"nematic phase",2,6
11381,"spin chain compound",3,6
11382,"charge density functional theory",4,6
11383,"neel order",2,6
11384,"ac drive",2,6
11385,"triangular vortex",2,6
11386,"truncation scheme",2,6
11387,"dot embedded",2,6
11388,"flip rate",2,6
11389,"hall coefficient",2,6
11390,"chaotic oscillators",2,6
11391,"per unit cell",3,6
11392,"number density functional theory",4,6
11393,"overlapping resonances",2,6
11394,"pulse shaping",2,6
11395,"ultra thin",2,6
11396,"ferromagnetic instability",2,6
11397,"betweenness centrality",2,6
11398,"brittle fracture",2,6
11399,"density wave cdw",3,6
11400,"charge ordered phase",3,6
11401,"isotopic composition",2,6
11402,"landau level filling factor nu",5,6
11403,"dissipation strength",2,6
11404,"time scale structure",3,6
11405,"partially coherent",2,6
11406,"wave pairing symmetry",3,6
11407,"interacting bose einstein condensate",4,6
11408,"kinetic temperatures",2,6
11409,"critical stress",2,6
11410,"misfit dislocations",2,6
11411,"smectic phase transition",3,6
11412,"temperature tc superconductors",3,6
11413,"electron phonon modes",3,6
11414,"time scale invariance",3,6
11415,"point contact structures",3,6
11416,"multi particle physics",3,6
11417,"non ohmic",2,6
11418,"number density fluctuation",3,6
11419,"phase matching",2,6
11420,"characteristic time scales",3,6
11421,"nernst signal",2,6
11422,"inelastic neutron",2,6
11423,"kardar parisi zhang",3,6
11424,"equivariant coherent sheaves",3,6
11425,"multiple copies",2,6
11426,"discrete logarithm",2,6
11427,"property np",2,6
11428,"smooth projective line",3,6
11429,"homological dimensions",2,6
11430,"noetherian local ring",3,6
11431,"mathematical apparatus",2,6
11432,"irrational number",2,6
11433,"cw complexes",2,6
11434,"jump rates",2,6
11435,"robin boundary condition",3,6
11436,"rationally connected",2,6
11437,"cluster size scaling",3,6
11438,"simplified proof",2,6
11439,"massey products",2,6
11440,"ensemble gue",2,6
11441,"normally distributed",2,6
11442,"projection operators",2,6
11443,"figure eight",2,6
11444,"cusp form",2,6
11445,"undeformed case",2,6
11446,"partial differential operator",3,6
11447,"int0 infty",2,6
11448,"harish chandra modules",3,6
11449,"abelian category",2,6
11450,"split ring",2,6
11451,"non amenable",2,6
11452,"black scholes",2,6
11453,"forgetful functor",2,6
11454,"star operator",2,6
11455,"maximum degree",2,6
11456,"fibration over",2,6
11457,"non compact abelian",3,6
11458,"amer math",2,6
11459,"weak hopf algebras",3,6
11460,"logarithmic sobolev inequality",3,6
11461,"integral homology",2,6
11462,"graded lie algebra",3,6
11463,"hall littlewood",2,6
11464,"toeplitz determinants",2,6
11465,"gelfand kirillov dimension",3,6
11466,"bergman kernel",2,6
11467,"group fn",2,6
11468,"over fq",2,6
11469,"trefoil knot",2,6
11470,"real rank",2,6
11471,"principal series representations",3,6
11472,"stanley reisner",2,6
11473,"mathematical representation",2,6
11474,"rank graphs",2,6
11475,"orbifold s1",2,6
11476,"manifolds admitting",2,6
11477,"laurent polynomial",2,6
11478,"radon nikodym",2,6
11479,"planar graph",2,6
11480,"gauge invariant under",3,6
11481,"nonpositive curvature",2,6
11482,"wilson polynomials",2,6
11483,"wdvv equations",2,6
11484,"compact abelian",2,6
11485,"algebraic structure functions",3,6
11486,"chain complexes",2,6
11487,"alternating knots",2,6
11488,"graded abelian",2,6
11489,"krull dimension",2,6
11490,"dielectric susceptibility",2,6
11491,"monovalent salt",2,6
11492,"2d ising",2,6
11493,"nonextensive entropy",2,6
11494,"excellent quantitative",2,6
11495,"pr ca",2,6
11496,"expression describing",2,6
11497,"energy minimization",2,6
11498,"schottky barrier",2,6
11499,"discontinuous jump",2,6
11500,"heavy fermion superconductor cecoin5",4,6
11501,"zero point like",3,6
11502,"inelastic scattering length",3,6
11503,"non fermi energy",3,6
11504,"formation proceeds",2,6
11505,"financial time",2,6
11506,"doped semiconductors",2,6
11507,"bi2sr2cacu2o delta",2,6
11508,"approximation lda",2,6
11509,"nanoparticle system",2,6
11510,"totally asymmetric",2,6
11511,"result agrees well",3,6
11512,"system size scaling analysis",4,6
11513,"approximate analytic solution",3,6
11514,"time scale free networks",4,6
11515,"muon spin rotation",3,6
11516,"sub critical",2,6
11517,"charge localization",2,6
11518,"current density jc",3,6
11519,"counter propagating",2,6
11520,"columnar defects",2,6
11521,"iron oxide",2,6
11522,"room temperature dependence",3,6
11523,"vortex matter",2,6
11524,"fluctuation theorems",2,6
11525,"drastic reduction",2,6
11526,"doped carbon nanotubes",3,6
11527,"density functionals",2,6
11528,"thermal broadening",2,6
11529,"gross pitaevskii equations",3,6
11530,"surface density profile",3,6
11531,"variational principles",2,6
11532,"heuristic argument",2,6
11533,"constitutive equation",2,6
11534,"lattice mismatch",2,6
11535,"theory mct",2,6
11536,"wave pairing interaction",3,6
11537,"bogoliubov de gennes equations",4,6
11538,"seems unlikely",2,6
11539,"linear elasticity",2,6
11540,"rhombohedral structure",2,6
11541,"quantum information encoded",3,6
11542,"spin hall effect",3,6
11543,"spin glass transition temperature",4,6
11544,"surprising behavior",2,6
11545,"itinerant electron",2,6
11546,"nu approx",2,6
11547,"ga 1-x",2,6
11548,"interatomic interactions",2,6
11549,"break junction",2,6
11550,"jordan wigner transformation",3,6
11551,"lead titanate",2,6
11552,"maximum eigenvalue",2,6
11553,"transfer matrix models",3,6
11554,"wave cdw",2,6
11555,"charge density matrix",3,6
11556,"phase transition rates",3,6
11557,"charge density matrix renormalization group",5,6
11558,"krylov subspace",2,6
11559,"number density matrix",3,6
11560,"intermediate valence",2,6
11561,"triplet excitations",2,6
11562,"oxygen isotope",2,6
11563,"low temperature scanning",3,6
11564,"atoms per",2,6
11565,"low frequency dependent",3,6
11566,"sandpile model",2,6
11567,"avalanche dynamics",2,6
11568,"node degree distribution",3,6
11569,"homogeneous electric",2,6
11570,"particle green",2,6
11571,"diamond anvil cell",3,6
11572,"condensation bec",2,6
11573,"films deposited",2,6
11574,"mgb2 films",2,6
11575,"weak links",2,6
11576,"virial expansion",2,6
11577,"energy density matrix",3,6
11578,"trapped electrons",2,6
11579,"underdoped region",2,6
11580,"quasi stationary states",3,6
11581,"bragg scattering",2,6
11582,"mutual interaction",2,6
11583,"coherent excitation",2,6
11584,"si substrates",2,6
11585,"unique feature",2,6
11586,"tetragonal structure",2,6
11587,"regular representation theory",3,6
11588,"giant enhancement",2,6
11589,"cobalt oxide",2,6
11590,"mm thick",2,6
11591,"scaling ansatz",2,6
11592,"collective rotation",2,6
11593,"self organize",2,6
11594,"strong magnetic excitations",3,6
11595,"fluctuation exchange",2,6
11596,"protein domains",2,6
11597,"minority games",2,6
11598,"dielectric matrix",2,6
11599,"similar trend",2,6
11600,"strong correlation functions",3,6
11601,"induced step",2,6
11602,"multiple andreev reflections",3,6
11603,"superconductor na",2,6
11604,"parent compound",2,6
11605,"asymmetric exclusion",2,6
11606,"upward curvature",2,6
11607,"tensile stress",2,6
11608,"transverse electric field",3,6
11609,"quantum antiferromagnets",2,6
11610,"mechanical alloying",2,6
11611,"alternating gradient",2,6
11612,"timelike curves",2,6
11613,"traversable wormhole",2,6
11614,"post asymptotic",2,6
11615,"conformal flatness",2,6
11616,"self interacting scalar",3,6
11617,"pre big bang",3,6
11618,"regge calculus",2,6
11619,"deviation principle",2,6
11620,"schwinger equation",2,6
11621,"newtonian limit",2,6
11622,"static spherically symmetric spacetimes",4,6
11623,"geodesically complete",2,6
11624,"non trivial vacuum",3,6
11625,"hamiltonian diffeomorphisms",2,6
11626,"schroedinger equations",2,6
11627,"false alarm",2,6
11628,"gromov hyperbolic spaces",3,6
11629,"four dimensional reduction",3,6
11630,"holes smbh",2,6
11631,"eclipsing binary system",3,6
11632,"massive enough",2,6
11633,"european vlbi observations",3,6
11634,"earlier claims",2,6
11635,"conduction mechanism",2,6
11636,"shakura sunyaev",2,6
11637,"ray afterglows",2,6
11638,"chandra hetgs",2,6
11639,"local density environments",3,6
11640,"ray emission line seyfert",4,6
11641,"isolated neutron star",3,6
11642,"optically thick disk",3,6
11643,"galactic globular clusters",3,6
11644,"energy cosmic coincidence problem",4,6
11645,"high redshift space",3,6
11646,"assembly history",2,6
11647,"point spread function",3,6
11648,"gravitationally lensed images",3,6
11649,"giant arcs",2,6
11650,"gravitational collapse supernovae",3,6
11651,"archival hst",2,6
11652,"eclipsing binary systems",3,6
11653,"cooling flows",2,6
11654,"array vla",2,6
11655,"angular power spectra",3,6
11656,"intensity ratios",2,6
11657,"allen et",2,6
11658,"younger clusters",2,6
11659,"young pulsars",2,6
11660,"compton thin",2,6
11661,"gravitational lensing analysis",3,6
11662,"afterglow light curves",3,6
11663,"whole sky survey",3,6
11664,"crab like",2,6
11665,"nrao vla sky survey nvss",5,6
11666,"geodetic precession",2,6
11667,"inhomogeneous jet",2,6
11668,"redshift accuracy",2,6
11669,"reconstruction technique",2,6
11670,"amorphous carbon",2,6
11671,"relativistic ejecta",2,6
11672,"radiatively driven",2,6
11673,"single dish telescopes",3,6
11674,"distant quasars",2,6
11675,"schmidt telescope",2,6
11676,"jhk photometry",2,6
11677,"abundant elements",2,6
11678,"inverse compton cooling",3,6
11679,"planck hfi",2,6
11680,"helium rich",2,6
11681,"two body physics",3,6
11682,"absorbing gas",2,6
11683,"radial velocity curves",3,6
11684,"timing explorer rxte observations",4,6
11685,"public data release",3,6
11686,"eso vlt fors2",3,6
11687,"warm molecular gas",3,6
11688,"m31 halo",2,6
11689,"unusually high",2,6
11690,"kelvin helmholtz instability",3,6
11691,"omegam omegalambda",2,6
11692,"short timescale",2,6
11693,"observational data sets",3,6
11694,"exponential disk",2,6
11695,"sio maser",2,6
11696,"extreme ultraviolet spectra",3,6
11697,"hot hydrogen deficient",3,6
11698,"external shocks",2,6
11699,"alpha quenching",2,6
11700,"brightness ratio",2,6
11701,"concentrated within",2,6
11702,"emitting plasma",2,6
11703,"non thermal component",3,6
11704,"stellar remnants",2,6
11705,"dark cloud",2,6
11706,"lyman break galaxies lbgs",4,6
11707,"linearly polarized light",3,6
11708,"inhomogeneous perturbations",2,6
11709,"standard slow roll inflation",4,6
11710,"effelsberg telescope",2,6
11711,"iram 30-m",2,6
11712,"observational signature",2,6
11713,"error box",2,6
11714,"toroidal component",2,6
11715,"radio source 3c",3,6
11716,"synchrotron radiation emitted",3,6
11717,"1-parameter family",2,6
11718,"outer parts",2,6
11719,"swept up",2,6
11720,"forward shock",2,6
11721,"cmb radiation",2,6
11722,"radial extent",2,6
11723,"irregular galaxy",2,6
11724,"gas stream",2,6
11725,"xte j1118+480",2,6
11726,"eccentric binary system",3,6
11727,"isaac newton telescope",3,6
11728,"co rotating",2,6
11729,"magnetic reconnection",2,6
11730,"shifts toward",2,6
11731,"light bending",2,6
11732,"nuclear bars",2,6
11733,"scaling hypothesis",2,6
11734,"degree distribution function",3,6
11735,"ultra cool",2,6
11736,"nonthermal synchrotron",2,6
11737,"variation distance",2,6
11738,"briefly summarized",2,6
11739,"lte model",2,6
11740,"wavelength domain",2,6
11741,"civ nv",2,6
11742,"pulsation modes",2,6
11743,"luminosities lx erg",3,6
11744,"binary pulsars",2,6
11745,"analogous formula",2,6
11746,"high resolution hydrodynamic simulations",4,6
11747,"sunyaev zeldovich effect",3,6
11748,"spectral indices",2,6
11749,"main conclusions",2,6
11750,"rg equation",2,6
11751,"field south",2,6
11752,"hole mass accretion disk",4,6
11753,"jet cloud",2,6
11754,"transiting planet",2,6
11755,"hypernetted chain",2,6
11756,"blue stragglers",2,6
11757,"gemini north",2,6
11758,"accumulated over",2,6
11759,"critical value problems",3,6
11760,"test bed",2,6
11761,"evn observations",2,6
11762,"remote sensing",2,6
11763,"ks xmm newton",3,6
11764,"liner galaxy ngc",3,6
11765,"water cerenkov detector",3,6
11766,"ghz methanol maser",3,6
11767,"millisecond pulsar psr",3,6
11768,"merging histories",2,6
11769,"self enrichment",2,6
11770,"narrow band images",3,6
11771,"internal friction",2,6
11772,"nuclei agn activity",3,6
11773,"hierarchical structure formation",3,6
11774,"binary system j0737-3039",3,6
11775,"superfluid neutron stars",3,6
11776,"convective zone",2,6
11777,"globular cluster m15",3,6
11778,"dynamical age",2,6
11779,"evolve toward",2,6
11780,"rate variability",2,6
11781,"advanced ccd imaging spectrometer",4,6
11782,"compact agn",2,6
11783,"magnetically trapped",2,6
11784,"volume densities",2,6
11785,"parent star",2,6
11786,"inner slope",2,6
11787,"local density profiles",3,6
11788,"ultra compact",2,6
11789,"radial motions",2,6
11790,"collapse supernova",2,6
11791,"circumstellar envelopes",2,6
11792,"duration gamma ray emission",4,6
11793,"inhomogeneous cosmological constant",3,6
11794,"pierre auger observatory",3,6
11795,"low mass protostars",3,6
11796,"dust enshrouded",2,6
11797,"mass reconstruction",2,6
11798,"keplerian disk",2,6
11799,"legacy survey",2,6
11800,"orbifold s1 z2 symmetry",4,6
11801,"inverted spectrum",2,6
11802,"non leptonic decays",3,6
11803,"solar neutrino oscillations",3,6
11804,"majorana mass",2,6
11805,"transverse momentum distributions",3,6
11806,"neutrino mass textures",3,6
11807,"mass eigenstate",2,6
11808,"flavour symmetry",2,6
11809,"flavor symmetries",2,6
11810,"chiral logarithms",2,6
11811,"non decoupling",2,6
11812,"omega meson",2,6
11813,"multiple scattering processes",3,6
11814,"extended technicolor",2,6
11815,"invariant mass ratio",3,6
11816,"dyson equations",2,6
11817,"monte carlo event",3,6
11818,"exclusive electroproduction",2,6
11819,"flavour violation",2,6
11820,"constrained minimal",2,6
11821,"nlo corrections",2,6
11822,"front approach",2,6
11823,"pure gauge fields",3,6
11824,"ionization threshold",2,6
11825,"chiral odd",2,6
11826,"gluon fields",2,6
11827,"polarized proton collisions",3,6
11828,"coordinate rings",2,6
11829,"heavy pentaquarks",2,6
11830,"two higgs sector",3,6
11831,"ep scattering",2,6
11832,"lh model",2,6
11833,"destructive interference",2,6
11834,"non thermal leptogenesis",3,6
11835,"numu nutau",2,6
11836,"non universal extra",3,6
11837,"local lorentz invariance",3,6
11838,"lippmann schwinger",2,6
11839,"dans les",2,6
11840,"evanescent wave",2,6
11841,"temporarily withdrawn",2,6
11842,"absorption coefficients",2,6
11843,"guiding principle",2,6
11844,"highly conducting",2,6
11845,"level trigger",2,6
11846,"molecular biology",2,6
11847,"chemical bonding",2,6
11848,"fractal like",2,6
11849,"lateral confinement",2,6
11850,"bi directional",2,6
11851,"cavity surface",2,6
11852,"femtosecond pulses",2,6
11853,"astrophysical environments",2,6
11854,"non sinusoidal",2,6
11855,"seven dimensions",2,6
11856,"warped metric",2,6
11857,"shell formulation",2,6
11858,"space time derivative",3,6
11859,"canonical momenta",2,6
11860,"proper understanding",2,6
11861,"gauge theory compactified",3,6
11862,"iia string",2,6
11863,"integrable open",2,6
11864,"first lecture notes",3,6
11865,"odd primes",2,6
11866,"astrophysical black holes",3,6
11867,"near extremal",2,6
11868,"adiabatic invariant",2,6
11869,"infrared fixed",2,6
11870,"phantom energy",2,6
11871,"semi simple lie algebra",4,6
11872,"tachyonic modes",2,6
11873,"timelike region",2,6
11874,"non abelian walls",3,6
11875,"main reasons",2,6
11876,"virasoro algebras",2,6
11877,"deformed minkowski",2,6
11878,"calabi yau 3-fold",3,6
11879,"saturation level",2,6
11880,"repulsive casimir force",3,6
11881,"trace anomaly",2,6
11882,"noncommutative harmonic oscillator",3,6
11883,"graviton states",2,6
11884,"old open",2,6
11885,"mssm like",2,6
11886,"initial conditions imposed",3,6
11887,"massless scalar field theory",4,6
11888,"rg flow",2,6
11889,"laplacian matrix",2,6
11890,"frobenius manifolds",2,6
11891,"3-form flux",2,6
11892,"aharonov bohm ab",3,6
11893,"foldy wouthuysen transformation",3,6
11894,"curved manifolds",2,6
11895,"metric affine connection",3,6
11896,"pure yang mills",3,6
11897,"non zero mode",3,6
11898,"super poincar",2,6
11899,"local calabi yau",3,6
11900,"base manifold",2,6
11901,"software tools",2,6
11902,"invisibly decaying",2,6
11903,"gamma stat sys",3,6
11904,"next lightest",2,6
11905,"deconfining phase transition",3,6
11906,"overlap dirac operator",3,6
11907,"flic fermions",2,6
11908,"fat link",2,6
11909,"antiquark pair",2,6
11910,"non perturbative renormalization",3,6
11911,"lindblad type",2,6
11912,"ell wave",2,6
11913,"nonrelativistic quantum mechanics",3,6
11914,"kolmogorov type",2,6
11915,"hodge structure",2,6
11916,"jack polynomials",2,6
11917,"factorization formula",2,6
11918,"purely topological",2,6
11919,"supersymmetric quantum mechanical",3,6
11920,"self contained proof",3,6
11921,"behaves differently",2,6
11922,"drag reduction",2,6
11923,"dilute polymer solutions",3,6
11924,"lax pairs",2,6
11925,"vary continuously",2,6
11926,"linear optical lattices",3,6
11927,"lax matrices",2,6
11928,"discrete time dependent",3,6
11929,"fluctuation amplitude",2,6
11930,"phobos detector",2,6
11931,"prime mesons",2,6
11932,"unpolarized protons",2,6
11933,"exotic nuclei",2,6
11934,"forward angles",2,6
11935,"experimental data reduction",3,6
11936,"deformed relativistic",2,6
11937,"lattice qcd corrections",3,6
11938,"quark diquark",2,6
11939,"hadron resonance region",3,6
11940,"omega1 omega2",2,6
11941,"main obstacle",2,6
11942,"caldeira leggett model",3,6
11943,"dyson equation",2,6
11944,"basic feature",2,6
11945,"periodic table",2,6
11946,"automaton model",2,6
11947,"leaky integrate",2,6
11948,"native conformation",2,6
11949,"monotonic dependence",2,6
11950,"positively correlated",2,6
11951,"mutation rates",2,6
11952,"hidden markov models",3,6
11953,"linearly unstable",2,6
11954,"microwave spectroscopy",2,6
11955,"beta epsilon",2,6
11956,"circularly polarized light",3,6
11957,"greenberger horne zeilinger",3,6
11958,"holevo capacity",2,6
11959,"canonical decomposition",2,6
11960,"spin echo",2,6
11961,"squeezed state",2,6
11962,"interferometric gravitational",2,6
11963,"thermal bath",2,6
11964,"decoherence free",2,6
11965,"simplest approximation",2,6
11966,"symmetry breaking occurs",3,6
11967,"intensity profiles",2,6
11968,"multi level atoms",3,6
11969,"de finetti",2,6
11970,"output entropy",2,6
11971,"intimate relationship",2,6
11972,"approximate analytical expressions",3,6
11973,"electron density matrix",3,6
11974,"adiabatic passage through",3,6
11975,"vector field phi",3,6
11976,"quantum key distribution qkd",4,6
11977,"quantum information tasks",3,6
11978,"categorical structures",2,6
11979,"intercept resend attack",3,6
11980,"wigner weyl",2,6
11981,"state polaritons",2,6
11982,"converted photons",2,6
11983,"doppler broadened",2,6
11984,"light scattering off",3,6
11985,"ultrashort laser pulses",3,6
11986,"process tomography",2,6
11987,"gaussian channel",2,6
11988,"cat state",2,6
11989,"population inversion",2,6
11990,"al prl",2,6
11991,"bohr sommerfeld quantization",3,6
11992,"background material",2,6
11993,"scalable quantum information processing",4,6
11994,"phd thesis",2,6
11995,"lieb thirring",2,6
11996,"isoperimetric inequalities",2,6
11997,"convergent series",2,6
11998,"eddington limit",2,6
11999,"massive star forming regions",4,6
12000,"class protostar",2,6
12001,"grain chemistry",2,6
12002,"starless cores",2,6
12003,"rayleigh scattering",2,6
12004,"ray binary systems",3,6
12005,"precision cosmology",2,6
12006,"giant metrewave",2,6
12007,"pc scale",2,6
12008,"powerful radio source",3,6
12009,"nearby supernova",2,6
12010,"kinetic energy spectrum",3,6
12011,"air shower development",3,6
12012,"toroidal magnetic field",3,6
12013,"around half",2,6
12014,"two blackbody",2,6
12015,"developments concerning",2,6
12016,"companion masses",2,6
12017,"system hd",2,6
12018,"ray absorption edges",3,6
12019,"manifest itself",2,6
12020,"autocorrelation functions",2,6
12021,"cosmic ray bursts grbs",4,6
12022,"galaxies seem",2,6
12023,"index beta",2,6
12024,"emission line profiles",3,6
12025,"class telescope",2,6
12026,"optical afterglows",2,6
12027,"four point sources",3,6
12028,"ray absorption bands",3,6
12029,"angular diameter",2,6
12030,"small scatter",2,6
12031,"profile rho",2,6
12032,"almost certainly",2,6
12033,"merger rate",2,6
12034,"observational manifestations",2,6
12035,"temperatures kt",2,6
12036,"stellar nucleosynthesis",2,6
12037,"space time interval",3,6
12038,"wave vector field theory",4,6
12039,"free energy momentum",3,6
12040,"talk reviews",2,6
12041,"constraint algebra",2,6
12042,"hertog horowitz",2,6
12043,"cauchy surface",2,6
12044,"propagate through",2,6
12045,"auxiliary field theory",3,6
12046,"microcanonical entropy",2,6
12047,"remain invariant under",3,6
12048,"space time evolution equations",4,6
12049,"spherically symmetric perfect fluid",4,6
12050,"lynden bell",2,6
12051,"peculiar feature",2,6
12052,"electron phonon interactions",3,6
12053,"electric field strength",3,6
12054,"pseudo spectral",2,6
12055,"gravitationally induced",2,6
12056,"three loop quantum",3,6
12057,"many worlds",2,6
12058,"free fall",2,6
12059,"pseudo differential",2,6
12060,"stationary killing horizon",3,6
12061,"asymptotically flat spacetime",3,6
12062,"non trivial knot",3,6
12063,"theta divisor",2,6
12064,"self avoiding walk",3,6
12065,"drinfeld modules over",3,6
12066,"ii see",2,6
12067,"quantum jumps",2,6
12068,"gromov hyperbolic groups",3,6
12069,"connection weights",2,6
12070,"classical umbral calculus",3,6
12071,"goresky kottwitz",2,6
12072,"knot complement",2,6
12073,"kauffman bracket skein module",4,6
12074,"simplest version",2,6
12075,"knot invariant",2,6
12076,"jordan algebra",2,6
12077,"real roots",2,6
12078,"cyclic polytopes",2,6
12079,"peculiar behavior",2,6
12080,"differential geometric",2,6
12081,"gorenstein rings",2,6
12082,"interval exchange",2,6
12083,"initial data set",3,6
12084,"fractional powers",2,6
12085,"simple poles",2,6
12086,"open neighborhood",2,6
12087,"nonlinear pde",2,6
12088,"direct sum over",3,6
12089,"unit length",2,6
12090,"limit cycles",2,6
12091,"soliton solution",2,6
12092,"otherwise arbitrary",2,6
12093,"maximal torus",2,6
12094,"connected semisimple",2,6
12095,"n1 nk",2,6
12096,"adhm construction",2,6
12097,"ornstein uhlenbeck",2,6
12098,"commutative noetherian local ring",4,6
12099,"cylindrical ends",2,6
12100,"liouville operator",2,6
12101,"quasi isometry",2,6
12102,"bernstein sato",2,6
12103,"discrete symmetry group",3,6
12104,"brauer group",2,6
12105,"commutative subalgebra",2,6
12106,"farrell jones",2,6
12107,"random partitions",2,6
12108,"irreducible highest weight",3,6
12109,"least two components",3,6
12110,"trivial determinant",2,6
12111,"higher order parameter",3,6
12112,"conditional expectations",2,6
12113,"qcd sum",2,6
12114,"photon virtualities",2,6
12115,"current correlator",2,6
12116,"exotic baryon antidecuplet",3,6
12117,"self tuning",2,6
12118,"virtual compton process",3,6
12119,"color flavor qcd",3,6
12120,"peccei quinn pq",3,6
12121,"favorable conditions",2,6
12122,"moderate values",2,6
12123,"heavy flavor",2,6
12124,"lfv processes",2,6
12125,"br tau",2,6
12126,"hard pomeron",2,6
12127,"soft breaking",2,6
12128,"renormalization group improved",3,6
12129,"cutting rules",2,6
12130,"kinematic regions",2,6
12131,"bi maximal",2,6
12132,"universal soft",2,6
12133,"bi large scale",3,6
12134,"z2 orbifold",2,6
12135,"maximal atmospheric",2,6
12136,"delta excitation",2,6
12137,"full fledged",2,6
12138,"approximate analytical solution",3,6
12139,"apparent discrepancy",2,6
12140,"kahler potential",2,6
12141,"spring model",2,6
12142,"anomaly mediation",2,6
12143,"polar angle",2,6
12144,"kaluza klein kk",3,6
12145,"universal extra dimensions",3,6
12146,"weinberg angle",2,6
12147,"aleph delphi l3",3,6
12148,"witten term",2,6
12149,"screw dislocations",2,6
12150,"ligo virgo",2,6
12151,"wider context",2,6
12152,"background rejection",2,6
12153,"non linear sigma",3,6
12154,"electroweak penguins",2,6
12155,"gravity mediated",2,6
12156,"muon g-2",2,6
12157,"photon interference",2,6
12158,"quark gluon fields",3,6
12159,"oscillation pattern",2,6
12160,"meson exchange currents",3,6
12161,"closed shell model",3,6
12162,"upper end",2,6
12163,"three body force",3,6
12164,"relativistic hartree",2,6
12165,"drip line",2,6
12166,"bi pb",2,6
12167,"colliding particles",2,6
12168,"quark systems",2,6
12169,"recoil corrections",2,6
12170,"differ considerably",2,6
12171,"quark deconfinement",2,6
12172,"kinematic cuts",2,6
12173,"brute force",2,6
12174,"time reversal invariance",3,6
12175,"maximum masses",2,6
12176,"forward scattering amplitude",3,6
12177,"continuum threshold",2,6
12178,"neutron scattering off",3,6
12179,"bethe salpeter formalism",3,6
12180,"effective temperature dependent",3,6
12181,"deuteron target",2,6
12182,"omega phi mesons",3,6
12183,"incident photon",2,6
12184,"sn isotopes",2,6
12185,"dilepton production",2,6
12186,"ads3 cft2",2,6
12187,"quadratic divergences",2,6
12188,"self couplings",2,6
12189,"light cone gauge theory",4,6
12190,"non commutative plane",3,6
12191,"flipped su",2,6
12192,"yang mills sym",3,6
12193,"asymptotically flat spacetimes",3,6
12194,"knizhnik zamolodchikov equations",3,6
12195,"stringy system",2,6
12196,"planck mass hierarchy",3,6
12197,"holonomy group",2,6
12198,"brst cohomological",2,6
12199,"supergravity duals",2,6
12200,"self adjoint extensions",3,6
12201,"barotropic fluid",2,6
12202,"fermi surfaces",2,6
12203,"sphere s3",2,6
12204,"higher derivative corrections",3,6
12205,"inverse proportional",2,6
12206,"killing spinor",2,6
12207,"symmetry group flow",3,6
12208,"robertson walker metric",3,6
12209,"medical imaging",2,6
12210,"self organising",2,6
12211,"layered systems",2,6
12212,"flip transition",2,6
12213,"estimates indicate",2,6
12214,"fitness function",2,6
12215,"early pre",2,6
12216,"birth death",2,6
12217,"ratio rb",2,6
12218,"magnetic dipole moments",3,6
12219,"meson pairs",2,6
12220,"pion decay constants",3,6
12221,"lattice wess zumino model",4,6
12222,"becomes visible",2,6
12223,"primary operators",2,6
12224,"ginsparg wilson relation",3,6
12225,"static quark masses",3,6
12226,"intermediate steps",2,6
12227,"unquenched lattice gauge",3,6
12228,"amplitude ratios",2,6
12229,"tightly constrained",2,6
12230,"hydrogen hi",2,6
12231,"chandra deep survey",3,6
12232,"counter rotating",2,6
12233,"intrinsic luminosity",2,6
12234,"ultra high resolution",3,6
12235,"dark matter domination",3,6
12236,"ray surveys",2,6
12237,"strongly suggesting",2,6
12238,"hi column densities",3,6
12239,"circumstellar envelope",2,6
12240,"absorption systems dlas",3,6
12241,"million particles",2,6
12242,"absorbed agn",2,6
12243,"zz ceti",2,6
12244,"stellar mass loss",3,6
12245,"frame optical",2,6
12246,"naval observatory",2,6
12247,"passively evolving",2,6
12248,"gaussian component",2,6
12249,"differentially rotating disk",3,6
12250,"term variability",2,6
12251,"confidence intervals",2,6
12252,"abundance distributions",2,6
12253,"end distance",2,6
12254,"v838 mon",2,6
12255,"synchrotron peak",2,6
12256,"dark ages",2,6
12257,"broad line profiles",3,6
12258,"unexpectedly high",2,6
12259,"iron abundance",2,6
12260,"ovi absorbers",2,6
12261,"nebula cluster",2,6
12262,"detailed examination",2,6
12263,"energy ranges",2,6
12264,"high energy distributions",3,6
12265,"new physics involved",3,6
12266,"grb phenomenon",2,6
12267,"clusters gcs",2,6
12268,"pulsar axp",2,6
12269,"sample covers",2,6
12270,"missing baryons",2,6
12271,"intense radiation",2,6
12272,"chemically peculiar",2,6
12273,"cepheid period",2,6
12274,"blandford znajek",2,6
12275,"survey elais",2,6
12276,"magnitude higher",2,6
12277,"globular cluster omega centauri",4,6
12278,"southern galactic plane",3,6
12279,"reflection equation",2,6
12280,"too faint",2,6
12281,"redshift space telescope",3,6
12282,"photoabsorption cross section",3,6
12283,"gas cosmology",2,6
12284,"marginally significant",2,6
12285,"light cylinder",2,6
12286,"flare event",2,6
12287,"seyfert nuclei",2,6
12288,"supermassive black hole mass ratio",5,6
12289,"viewing angles",2,6
12290,"late decaying",2,6
12291,"physical grounds",2,6
12292,"planetary camera",2,6
12293,"hydrogen recombination",2,6
12294,"cardassian models",2,6
12295,"balloon borne",2,6
12296,"power law plus",3,6
12297,"heated gas",2,6
12298,"rms amplitude",2,6
12299,"satellite missions",2,6
12300,"smoothed particle hydrodynamics sph",4,6
12301,"highly collimated outflows",3,6
12302,"ultracompact hii region",3,6
12303,"plateau de bure interferometer",4,6
12304,"formation rate sfr",3,6
12305,"rotational modulation",2,6
12306,"sunyaev zel dovich sz effect",5,6
12307,"clustering amplitude",2,6
12308,"2df galaxy clusters",3,6
12309,"earth occultation",2,6
12310,"luminous blue",2,6
12311,"abundance profiles",2,6
12312,"extrasolar giant planets",3,6
12313,"relativistic mhd",2,6
12314,"coronal activity",2,6
12315,"infalling gas",2,6
12316,"metallic hydrogen",2,6
12317,"thermal pulse",2,6
12318,"mid plane",2,6
12319,"robust feature",2,6
12320,"dark matter waves",3,6
12321,"epic spectra",2,6
12322,"larmor frequency",2,6
12323,"sz effect",2,6
12324,"white dwarf companion",3,6
12325,"random velocities",2,6
12326,"neutron star crust",3,6
12327,"weakly dependent",2,6
12328,"singular vectors",2,6
12329,"selection technique",2,6
12330,"instruments onboard",2,6
12331,"simple 1d",2,6
12332,"jarzynski equality",2,6
12333,"tore supra",2,6
12334,"artificial neural network trained",4,6
12335,"characteristic time dependence",3,6
12336,"gradient corrected",2,6
12337,"positive half",2,6
12338,"homogeneous turbulence",2,6
12339,"boron nitride",2,6
12340,"intense laser beam",3,6
12341,"high energy levels",3,6
12342,"boundary layers",2,6
12343,"magnetic field theories",3,6
12344,"quantitative differences",2,6
12345,"oscillator strengths",2,6
12346,"wind theory",2,6
12347,"rayleigh number",2,6
12348,"algebro geometric",2,6
12349,"survival function",2,6
12350,"gr obner bases",3,6
12351,"penna model",2,6
12352,"spatially anisotropic",2,6
12353,"hole mediated",2,6
12354,"ab plane resistivity",3,6
12355,"single particle green functions",4,6
12356,"electrons moving",2,6
12357,"hbar omega",2,6
12358,"long range dipolar",3,6
12359,"inelastic scattering processes",3,6
12360,"theoretical ideas",2,6
12361,"two terminal",2,6
12362,"magnetically active",2,6
12363,"doped antiferromagnets",2,6
12364,"high mobility 2d",3,6
12365,"introductory lectures",2,6
12366,"ferromagnet fm",2,6
12367,"associative memory",2,6
12368,"classical nucleation",2,6
12369,"mediated ferromagnetism",2,6
12370,"optimally doped cuprate superconductors",4,6
12371,"resonant inelastic scattering",3,6
12372,"magnetotransport measurements",2,6
12373,"falicov kimball",2,6
12374,"dc electric",2,6
12375,"87rb atoms",2,6
12376,"bright solitons",2,6
12377,"floquet theory",2,6
12378,"stock price fluctuations",3,6
12379,"molecular motors",2,6
12380,"hydrogen bonds",2,6
12381,"joint probability distributions",3,6
12382,"gross pitaevskii theory",3,6
12383,"europhys lett",2,6
12384,"stripe phases",2,6
12385,"qualitative differences",2,6
12386,"mesoscopic josephson junction",3,6
12387,"disordered metals",2,6
12388,"mechanisms behind",2,6
12389,"strongly chaotic",2,6
12390,"fractional diffusion equation",3,6
12391,"interatomic potential",2,6
12392,"superfluid he",2,6
12393,"nucleation theory",2,6
12394,"non universal behavior",3,6
12395,"zener model",2,6
12396,"fano type",2,6
12397,"molecular junction",2,6
12398,"new node degree",3,6
12399,"spacing delta",2,6
12400,"rkky interactions",2,6
12401,"function pdf",2,6
12402,"nematic order",2,6
12403,"ionic strength",2,6
12404,"plane wave function",3,6
12405,"after accounting",2,6
12406,"multipole expansion",2,6
12407,"single molecule magnets",3,6
12408,"chain compound",2,6
12409,"specific heat transport measurements",4,6
12410,"decays rapidly",2,6
12411,"supercooled liquid",2,6
12412,"optimal path",2,6
12413,"transmission coefficient",2,6
12414,"josephson tunnel junction",3,6
12415,"gaussian random variables",3,6
12416,"linear optical response",3,6
12417,"line driven",2,6
12418,"high frequency omega",3,6
12419,"eliashberg theory",2,6
12420,"resistance noise",2,6
12421,"diblock copolymer",2,6
12422,"glass forming liquids",3,6
12423,"diffraction pattern",2,6
12424,"elliptic parabolic",2,6
12425,"supercritical branching",2,6
12426,"intra day",2,6
12427,"la 1-x",2,6
12428,"singlet pairs",2,6
12429,"inter site",2,6
12430,"collision rate",2,6
12431,"colloidal spheres",2,6
12432,"multiply connected",2,6
12433,"hysteresis curves",2,6
12434,"minority game",2,6
12435,"cusp like",2,6
12436,"perovskite oxides",2,6
12437,"arpes data",2,6
12438,"v2 c2",2,6
12439,"result demonstrates",2,6
12440,"de broglie bohm",3,6
12441,"many body physics",3,6
12442,"computer architecture",2,6
12443,"loschmidt echo",2,6
12444,"error correcting",2,6
12445,"logarithmic accuracy",2,6
12446,"quantum key distribution",3,6
12447,"static imperfections",2,6
12448,"fringe visibility",2,6
12449,"linear optical elements",3,6
12450,"infinite dimensional hilbert space",4,6
12451,"interface disorder",2,6
12452,"self assembled quantum dot",4,6
12453,"longer range",2,6
12454,"casimir polder",2,6
12455,"macroscopic bodies",2,6
12456,"marked points",2,6
12457,"bennett brassard",2,6
12458,"perfect correlation",2,6
12459,"nearly perfect",2,6
12460,"deterministic secure direct",3,6
12461,"dynamical decoupling",2,6
12462,"physically correct",2,6
12463,"secret messages",2,6
12464,"repeater sgr",2,6
12465,"convective instability",2,6
12466,"early type ia supernovae",4,6
12467,"simultaneous rxte observations",3,6
12468,"doublet splitting",2,6
12469,"stellar coronae",2,6
12470,"riess et",2,6
12471,"around hd",2,6
12472,"line indices",2,6
12473,"parent galaxies",2,6
12474,"propto nu",2,6
12475,"spheroidal galaxy formation",3,6
12476,"supernova sn 1987a",3,6
12477,"accurately reproduced",2,6
12478,"chandra letg",2,6
12479,"logn logs",2,6
12480,"finite difference scheme",3,6
12481,"disc jet",2,6
12482,"weak lensing signal",3,6
12483,"double pulsar magnetosphere",3,6
12484,"stellar surface brightness distribution",4,6
12485,"hadronic component",2,6
12486,"relaxation rates",2,6
12487,"lorentz factors",2,6
12488,"million stars",2,6
12489,"mapping techniques",2,6
12490,"mbh sigma",2,6
12491,"basic photometric",2,6
12492,"ultra high temperature",3,6
12493,"baldwin effect",2,6
12494,"accreted material",2,6
12495,"curve shape",2,6
12496,"double lined",2,6
12497,"eventually form",2,6
12498,"ultracompact hii regions",3,6
12499,"interstellar matter",2,6
12500,"rest frame optical",3,6
12501,"einstein ring",2,6
12502,"board integral",2,6
12503,"elais n1",2,6
12504,"fuse spectroscopy",2,6
12505,"jupiter masses",2,6
12506,"centrally concentrated",2,6
12507,"slowly decreases",2,6
12508,"gas infall",2,6
12509,"duty cycle",2,6
12510,"angular momentum spectra",3,6
12511,"cmb photons",2,6
12512,"analysis pca",2,6
12513,"detached eclipsing binaries",3,6
12514,"super horizon",2,6
12515,"non thermal fluctuations",3,6
12516,"spheroidal dsph",2,6
12517,"maximum weight",2,6
12518,"dispersion measure",2,6
12519,"magnitude limited sample",3,6
12520,"milliarcsecond resolution",2,6
12521,"matched filtering",2,6
12522,"early type agn hosts",4,6
12523,"surprisingly low",2,6
12524,"common user",2,6
12525,"flashes xrfs",2,6
12526,"angular momentum tensor",3,6
12527,"proceeds through",2,6
12528,"sgr dwarf galaxy",3,6
12529,"initial configurations",2,6
12530,"radial perturbations",2,6
12531,"chaotic attractors",2,6
12532,"scalar curvature invariants",3,6
12533,"singularity formation",2,6
12534,"inspiralling compact binaries",3,6
12535,"suitably chosen",2,6
12536,"tracy widom",2,6
12537,"dunkl transform",2,6
12538,"pseudo anosov",2,6
12539,"error bounds",2,6
12540,"lattice zd",2,6
12541,"cusp forms",2,6
12542,"jacobi map",2,6
12543,"einstein spaces",2,6
12544,"universal enveloping",2,6
12545,"theoretic interpretation",2,6
12546,"occurs naturally",2,6
12547,"baumslag solitar",2,6
12548,"temperley lieb algebras",3,6
12549,"semidefinite programming",2,6
12550,"defining relations",2,6
12551,"low frequency domain",3,6
12552,"nonstandard analysis",2,6
12553,"regularity condition",2,6
12554,"frobenius algebra",2,6
12555,"matrix valued",2,6
12556,"contact homology",2,6
12557,"over bbb",2,6
12558,"bipartite graphs",2,6
12559,"regularly varying",2,6
12560,"log concave",2,6
12561,"maximal cohen macaulay",3,6
12562,"incompressible fluids",2,6
12563,"bak sneppen",2,6
12564,"spatially dependent",2,6
12565,"smoothly through",2,6
12566,"hubbard hamiltonian",2,6
12567,"granular mixtures",2,6
12568,"exponents beta",2,6
12569,"mechanical response",2,6
12570,"opened up",2,6
12571,"oxygen atoms",2,6
12572,"magnetically controlled",2,6
12573,"finite connectivity",2,6
12574,"quasiparticle peak",2,6
12575,"arpes spectra",2,6
12576,"current estimates",2,6
12577,"vertex cover",2,6
12578,"mgb2 single crystals",3,6
12579,"excitation gap",2,6
12580,"itinerant carriers",2,6
12581,"surface density functional calculations",4,6
12582,"quasi periodicity",2,6
12583,"his own",2,6
12584,"diamond structure",2,6
12585,"partially broken",2,6
12586,"ab initio molecular dynamics simulations",5,6
12587,"superconducting circuits",2,6
12588,"sherrington kirkpatrick",2,6
12589,"quarter filled",2,6
12590,"checked against",2,6
12591,"size scaling analysis",3,6
12592,"reduced dimensionality",2,6
12593,"variational monte carlo",3,6
12594,"bond stretching",2,6
12595,"propto sigma",2,6
12596,"bond alternating",2,6
12597,"effective temperature dependence",3,6
12598,"striking features",2,6
12599,"antiferromagnetic insulating",2,6
12600,"sr ru",2,6
12601,"charge density wave cdw",4,6
12602,"luttinger liquids",2,6
12603,"fractal geometry",2,6
12604,"epr spectra",2,6
12605,"copper oxide superconductors",3,6
12606,"ring exchange",2,6
12607,"asymmetric double",2,6
12608,"extremal points",2,6
12609,"helical structure",2,6
12610,"metal oxides",2,6
12611,"mn atoms",2,6
12612,"shape memory",2,6
12613,"upper critical temperature tc",4,6
12614,"ba cu",2,6
12615,"ac susceptibility measurements",3,6
12616,"dynamic light scattering",3,6
12617,"detrended fluctuation analysis dfa",4,6
12618,"self trapping",2,6
12619,"interparticle interactions",2,6
12620,"weak damping",2,6
12621,"ferromagnetic nanoparticles",2,6
12622,"thermodynamical limit",2,6
12623,"circular dichroism xmcd",3,6
12624,"textit i.e",2,6
12625,"rietveld analysis",2,6
12626,"detrended fluctuation",2,6
12627,"liquid crystalline",2,6
12628,"electronic states dos",3,6
12629,"gaussian variational",2,6
12630,"option price",2,6
12631,"continuously connected",2,6
12632,"nlo perturbative qcd",3,6
12633,"forward backward asymmetries",3,6
12634,"nambu jona lasinio",3,6
12635,"msugra model",2,6
12636,"search strategies",2,6
12637,"exclusive double",2,6
12638,"discrete z2",2,6
12639,"doublet triplet",2,6
12640,"time dependent cp asymmetry",4,6
12641,"cleo iii",2,6
12642,"summing up",2,6
12643,"large nc expansion",3,6
12644,"proper treatment",2,6
12645,"hard exclusive",2,6
12646,"gluon emission",2,6
12647,"longitudinally polarized",2,6
12648,"ordinary qcd",2,6
12649,"geq gev",2,6
12650,"susy seesaw",2,6
12651,"mass hierarchy",2,6
12652,"lightest higgs boson",3,6
12653,"isgur wise",2,6
12654,"solar neutrino flux",3,6
12655,"sudakov resummation",2,6
12656,"bd phi",2,6
12657,"small scale free",3,6
12658,"neutralino sector",2,6
12659,"ghost condensate",2,6
12660,"pole position",2,6
12661,"low lying levels",3,6
12662,"coulomb corrections",2,6
12663,"annihilation operators",2,6
12664,"shower partons",2,6
12665,"drip lines",2,6
12666,"rapid rotation",2,6
12667,"central charges",2,6
12668,"wick rotation",2,6
12669,"zero temperature dependent",3,6
12670,"ordered products",2,6
12671,"coordinate ring",2,6
12672,"twisted sectors",2,6
12673,"constrained hamiltonian",2,6
12674,"conserved vector",2,6
12675,"base change",2,6
12676,"vortex solitons",2,6
12677,"bps equations",2,6
12678,"time dependent backgrounds",3,6
12679,"square radius",2,6
12680,"asymptotic formulae",2,6
12681,"theta simeq",2,6
12682,"regular everywhere",2,6
12683,"nielsen olesen",2,6
12684,"algebraic surfaces",2,6
12685,"fuzzy set",2,6
12686,"computer aided",2,6
12687,"somewhat higher",2,6
12688,"stream cipher",2,6
12689,"million bbbar decays",3,6
12690,"inclusive semileptonic",2,6
12691,"ppbar collisions",2,6
12692,"lightest neutralino",2,6
12693,"hybrid monte carlo simulations",4,6
12694,"density matrix renormalization",3,6
12695,"physical hilbert space",3,6
12696,"femtosecond laser",2,6
12697,"distributive lattice",2,6
12698,"prior information",2,6
12699,"energy landscapes",2,6
12700,"griffiths phase transition",3,6
12701,"hydrogen like",2,6
12702,"particle multiplicity",2,6
12703,"gamma quanta",2,6
12704,"purely geometrical",2,6
12705,"too weak",2,6
12706,"legendre transformation",2,6
12707,"local observer",2,6
12708,"global optimization",2,6
12709,"refractive indices",2,6
12710,"dynamics simulations confirm",3,6
12711,"act properly",2,6
12712,"nuclear modification factors",3,6
12713,"radial drift",2,6
12714,"jet fragmentation",2,6
12715,"forward backward rapidity",3,6
12716,"direct reconstruction",2,6
12717,"after integrating",2,6
12718,"molecular dynamics md",3,6
12719,"dirac born approximation",3,6
12720,"parametric instability",2,6
12721,"reverse engineering",2,6
12722,"quantized electromagnetic field",3,6
12723,"coin tossing",2,6
12724,"first row",2,6
12725,"quantum interference pattern",3,6
12726,"decoherence rates",2,6
12727,"complexity classes",2,6
12728,"informationally complete",2,6
12729,"pulse sequences",2,6
12730,"trace preserving",2,6
12731,"compton telescope",2,6
12732,"driving source",2,6
12733,"occurrence rate",2,6
12734,"spectral energy distribution sed",4,6
12735,"time slices",2,6
12736,"fairly consistent",2,6
12737,"forming environments",2,6
12738,"ray emission mechanisms",3,6
12739,"hi surveys",2,6
12740,"external galaxies",2,6
12741,"highly ionized gas",3,6
12742,"late phases",2,6
12743,"william herschel telescope",3,6
12744,"color gradients",2,6
12745,"year wmap",2,6
12746,"cygni profiles",2,6
12747,"plus jet",2,6
12748,"space observatory iso observations",4,6
12749,"southern galactic",2,6
12750,"near infrared nir observations",4,6
12751,"becomes dominant",2,6
12752,"wind collision",2,6
12753,"iras pscz",2,6
12754,"off diagonal components",3,6
12755,"local heating",2,6
12756,"pulsation period",2,6
12757,"taylor series",2,6
12758,"mass function lf",3,6
12759,"hidden symmetries",2,6
12760,"velocity dispersion relations",3,6
12761,"under scrutiny",2,6
12762,"kerr schild",2,6
12763,"ohmic dissipation",2,6
12764,"ultra high energy spectrum",4,6
12765,"preliminary version",2,6
12766,"metallicity estimates",2,6
12767,"solar dynamo",2,6
12768,"laplacian growth",2,6
12769,"general relativistic quantum mechanics",4,6
12770,"inflaton field theory",3,6
12771,"highest quality",2,6
12772,"killing vector field",3,6
12773,"frame dragging",2,6
12774,"time derivatives",2,6
12775,"differential topology",2,6
12776,"de sitter spacetimes",3,6
12777,"complex conjugate",2,6
12778,"dehn twist",2,6
12779,"birth rate",2,6
12780,"brownian motions",2,6
12781,"galton watson",2,6
12782,"time blow up",3,6
12783,"invertible elements",2,6
12784,"covariant derivative",2,6
12785,"hilbert series",2,6
12786,"neighboring spins",2,6
12787,"reflection principle",2,6
12788,"kaehler geometry",2,6
12789,"expressive power",2,6
12790,"differentiable functions",2,6
12791,"reconstruction theorem",2,6
12792,"non commutativity",2,6
12793,"hilbert modular",2,6
12794,"free baxter algebras",3,6
12795,"symmetric convex bodies",3,6
12796,"voter model",2,6
12797,"almost complex structures",3,6
12798,"nonequilibrium green functions",3,6
12799,"wide binary system",3,6
12800,"pi junction",2,6
12801,"coulomb blockade regime",3,6
12802,"ion anisotropy",2,6
12803,"small instanton",2,6
12804,"physical realizations",2,6
12805,"length ell",2,6
12806,"acoustic phonon",2,6
12807,"tonks girardeau",2,6
12808,"organic conductor",2,6
12809,"micromagnetic simulations",2,6
12810,"electron beam lithography",3,6
12811,"ising spin glasses",3,6
12812,"spin gap equation",3,6
12813,"wetting film",2,6
12814,"semiconductor heterostructures",2,6
12815,"statistically independent",2,6
12816,"optical lattice depth",3,6
12817,"polarized neutron",2,6
12818,"rutherford backscattering",2,6
12819,"neutral species",2,6
12820,"practical calculations",2,6
12821,"quantitative spectral analysis",3,6
12822,"nonlinear elastic",2,6
12823,"heavy traffic",2,6
12824,"luttinger hamiltonian",2,6
12825,"thouless transition",2,6
12826,"silicon germanium",2,6
12827,"granular gas",2,6
12828,"block copolymers",2,6
12829,"low energy levels",3,6
12830,"charge density functional calculations",4,6
12831,"non monotonically",2,6
12832,"light scattering length",3,6
12833,"double exchange mechanism",3,6
12834,"cluster aggregation",2,6
12835,"periodic anderson model",3,6
12836,"drag force",2,6
12837,"exp lambda",2,6
12838,"longer valid",2,6
12839,"stillinger weber",2,6
12840,"free energy landscape",3,6
12841,"inter band",2,6
12842,"head tail",2,6
12843,"sigma upper",2,6
12844,"experimentally realizable",2,6
12845,"broad feshbach resonance",3,6
12846,"non local hidden",3,6
12847,"exact diagonalization calculations",3,6
12848,"numerical renormalization group dmrg",4,6
12849,"self avoiding walks",3,6
12850,"tunneling probability",2,6
12851,"vector currents",2,6
12852,"mellin transform",2,6
12853,"three flavor su",3,6
12854,"msugra framework",2,6
12855,"structure functions f2",3,6
12856,"radiatively generated",2,6
12857,"soft supersymmetry",2,6
12858,"sigma confidence level",3,6
12859,"neutralino relic",2,6
12860,"flavor violating",2,6
12861,"degenerate ground",2,6
12862,"theory living",2,6
12863,"fermion antifermion",2,6
12864,"entrance channel",2,6
12865,"collider phenomenology",2,6
12866,"dipole picture",2,6
12867,"lsim gev",2,6
12868,"dimension five operators",3,6
12869,"dihadron correlations",2,6
12870,"experimental confirmation",2,6
12871,"almost equal",2,6
12872,"nn potential",2,6
12873,"first excited states",3,6
12874,"gamow teller gt",3,6
12875,"pauli villars",2,6
12876,"quantum computations",2,6
12877,"intertwining relations",2,6
12878,"exponentially suppressed",2,6
12879,"mutually orthogonal",2,6
12880,"planar diagrams",2,6
12881,"vortex ring",2,6
12882,"nappi witten",2,6
12883,"supplementary conditions",2,6
12884,"computability logic",2,6
12885,"mobile robot",2,6
12886,"operational semantics",2,6
12887,"recoiling against",2,6
12888,"electron positron collider",3,6
12889,"absolute branching fraction",3,6
12890,"stat syst pb collisions",4,6
12891,"casimir scaling",2,6
12892,"unquenched lattice",2,6
12893,"scale free parameters",3,6
12894,"joint statistics",2,6
12895,"water waves",2,6
12896,"ionization potential",2,6
12897,"quantum electrodynamical",2,6
12898,"undergraduate students",2,6
12899,"positive lyapunov exponents",3,6
12900,"squeezing parameter",2,6
12901,"complex projective varieties",3,6
12902,"clock synchronization",2,6
12903,"dual hahn",2,6
12904,"landau quantization",2,6
12905,"arbitrary hopf",2,6
12906,"neuro fuzzy",2,6
12907,"digital image",2,6
12908,"highly structured",2,6
12909,"discrete event",2,6
12910,"consistency checks",2,6
12911,"symbolic computation",2,6
12912,"domain decomposition",2,6
12913,"galactic foreground",2,6
12914,"low redshift survey",3,6
12915,"evolutionary status",2,6
12916,"metal content",2,6
12917,"baseline interferometry",2,6
12918,"main sequence turnoff",3,6
12919,"galactic nuclei agn",3,6
12920,"individual pulses",2,6
12921,"core collapse supernova sn",4,6
12922,"long slit spectra",3,6
12923,"alpha emission lines",3,6
12924,"co absorption",2,6
12925,"riemann cartan",2,6
12926,"coordinate independent",2,6
12927,"lorentz contraction",2,6
12928,"light travel",2,6
12929,"symmetric spacetimes",2,6
12930,"normed space",2,6
12931,"planar binary",2,6
12932,"countably many",2,6
12933,"dehn surgeries",2,6
12934,"exclusion process",2,6
12935,"smash product",2,6
12936,"uq sl2",2,6
12937,"line segments",2,6
12938,"minimal hypersurfaces",2,6
12939,"connes moscovici",2,6
12940,"solid torus",2,6
12941,"nonlinear pdes",2,6
12942,"simple lie groups",3,6
12943,"vw hyi",2,6
12944,"external forces",2,6
12945,"galilean invariance",2,6
12946,"proto planetary nebulae",3,6
12947,"uv spectroscopy",2,6
12948,"isotopic ratios",2,6
12949,"elliptical galaxy ngc",3,6
12950,"maser emission",2,6
12951,"short grb",2,6
12952,"wfpc2 observations",2,6
12953,"radiation hydrodynamics",2,6
12954,"giant meterwave",2,6
12955,"fast convergence",2,6
12956,"parsec scale",2,6
12957,"foreground extinction",2,6
12958,"angular correlation function",3,6
12959,"irac observations",2,6
12960,"slightly evolved",2,6
12961,"charmless hadronic",2,6
12962,"ep collisions",2,6
12963,"muon beams",2,6
12964,"proton decay channel",3,6
12965,"kdv type",2,6
12966,"travelling wave",2,6
12967,"long timescale",2,6
12968,"peyrard bishop",2,6
12969,"delta kicked",2,6
12970,"chaotic cavity",2,6
12971,"reflecting boundary",2,6
12972,"active site",2,6
12973,"barabasi albert network",3,6
12974,"slight modification",2,6
12975,"falicov kimball model",3,6
12976,"contact spectroscopy",2,6
12977,"superconductor cept3si",2,6
12978,"capillary waves",2,6
12979,"density functional theory dft",4,6
12980,"spin-1 heisenberg chain",3,6
12981,"diluted magnetic properties",3,6
12982,"spectroscopy xas",2,6
12983,"adiabatic passage",2,6
12984,"microemulsion droplets",2,6
12985,"rare earth ions",3,6
12986,"electrical conductivity",2,6
12987,"grand potential",2,6
12988,"kondo problem",2,6
12989,"nonmagnetic impurities",2,6
12990,"heavy right",2,6
12991,"nonlocal condensates",2,6
12992,"differs qualitatively",2,6
12993,"theoretical tools",2,6
12994,"charmed meson",2,6
12995,"sparticle masses",2,6
12996,"peccei quinn",2,6
12997,"pion condensation",2,6
12998,"spontaneous chiral symmetry breaking",4,6
12999,"soft collinear",2,6
13000,"standard model sm predictions",4,6
13001,"chiral solitons",2,6
13002,"symmetry restoration",2,6
13003,"hadron phenomenology",2,6
13004,"composite bosons",2,6
13005,"oblate prolate shape coexistence",4,6
13006,"compact qed",2,6
13007,"geometric transitions",2,6
13008,"ns flux",2,6
13009,"conformal weight",2,6
13010,"mathematical background",2,6
13011,"sine gordon models",3,6
13012,"relativistic quantum mechanical",3,6
13013,"quadrupole deformation",2,6
13014,"fractional parentage",2,6
13015,"coupling schemes",2,6
13016,"short time interval",3,6
13017,"native state",2,6
13018,"shear instability",2,6
13019,"photomultiplier tubes",2,6
13020,"alpha clouds",2,6
13021,"many body simulations",3,6
13022,"gauss bonnet gb",3,6
13023,"compact dwarf",2,6
13024,"ursa minor",2,6
13025,"wide field cameras",3,6
13026,"virial mass",2,6
13027,"clear differences",2,6
13028,"dark energy cosmic microwave background",5,6
13029,"treat particle physics",3,6
13030,"pebbling threshold",2,6
13031,"positive ricci",2,6
13032,"calogero sutherland",2,6
13033,"vector bundles over",3,6
13034,"porous medium",2,6
13035,"moyal star product",3,6
13036,"rkky interaction",2,6
13037,"non destructive",2,6
13038,"g0 2e2",2,6
13039,"la 2-x srxcuo4",3,6
13040,"molecular dynamic",2,6
13041,"exchange constants",2,6
13042,"gaps delta",2,6
13043,"solvent conditions",2,6
13044,"brownian dynamics",2,6
13045,"geometrical frustration",2,6
13046,"polaron theory",2,6
13047,"nanometer scale",2,6
13048,"golden rule",2,6
13049,"pulsed laser",2,6
13050,"cr mn",2,6
13051,"grand canonical monte carlo simulations",5,6
13052,"gravitomagnetic fields",2,6
13053,"merger history",2,6
13054,"doubly cabibbo suppressed",3,6
13055,"hard exclusive electroproduction",3,6
13056,"exciton phonon interaction",3,6
13057,"modulation signal",2,6
13058,"color superconducting",2,6
13059,"ds gamma",2,6
13060,"ckm unitarity triangle",3,6
13061,"collinear factorization",2,6
13062,"quantum information gain",3,6
13063,"perfect transmission",2,6
13064,"stabilizer states",2,6
13065,"type iib orientifolds",3,6
13066,"holographically dual",2,6
13067,"space time series",3,6
13068,"violating mhv",2,6
13069,"holographic relation",2,6
13070,"dimensional rectangular",2,6
13071,"binary erasure channel",3,6
13072,"quark action",2,6
13073,"slowly moving",2,6
13074,"carbon atoms",2,6
13075,"cell division",2,6
13076,"concentric shells",2,6
13077,"double sided",2,6
13078,"square kilometer",2,6
13079,"iram 30m telescope",3,6
13080,"angular momentum loss",3,6
13081,"helium shell",2,6
13082,"channel coding",2,6
13083,"intimately connected",2,6
13084,"uncountably many",2,6
13085,"heegaard splittings",2,6
13086,"single particle yields",3,6
13087,"long josephson junction",3,6
13088,"amorphous silica",2,6
13089,"circular dichroism",2,6
13090,"droplet theory",2,6
13091,"self organized criticality soc",4,6
13092,"brane tension",2,6
13093,"constituent quark gluon",3,6
13094,"dual gluon",2,6
13095,"meson spectroscopy",2,6
13096,"box diagrams",2,6
13097,"pseudoscalar meson decays",3,6
13098,"axial charge",2,6
13099,"type iia supergravity",3,6
13100,"holomorphic anomaly",2,6
13101,"leading order nlo qcd",4,6
13102,"four nucleon",2,6
13103,"nuclear structure functions",3,6
13104,"second harmonic oscillator",3,6
13105,"bernoulli numbers",2,6
13106,"drinfeld modules",2,6
13107,"square kilometre array ska",4,6
13108,"semiconductor heterostructure",2,6
13109,"magnetic resonance region",3,6
13110,"optically trapped",2,6
13111,"intrinsic spin asymmetries",3,6
13112,"split supersymmetry breaking",3,6
13113,"kk masses",2,6
13114,"diffractive processes",2,6
13115,"plasma instabilities",2,6
13116,"vlasov poisson",2,6
13117,"orthogonal ensemble",2,6
13118,"small projected",2,6
13119,"c60 molecules",2,6
13120,"four body",2,6
13121,"fermi golden rule",3,6
13122,"bohmian mechanics",2,5
13123,"two body wavefunction",3,5
13124,"properly chosen",2,5
13125,"stimulated raman adiabatic passage",4,5
13126,"correlated twin beams",3,5
13127,"quantum cloning machine",3,5
13128,"time bin",2,5
13129,"local density operator",3,5
13130,"universal cloning",2,5
13131,"mutually unbiased",2,5
13132,"simple toy",2,5
13133,"bipartite entanglement measures",3,5
13134,"data bus",2,5
13135,"vector field theories",3,5
13136,"three body interactions",3,5
13137,"query complexity",2,5
13138,"hidden subgroup problem",3,5
13139,"femtosecond laser pulses",3,5
13140,"number density wave function",4,5
13141,"ion traps",2,5
13142,"magneto optical trap mot",4,5
13143,"generalized concurrence",2,5
13144,"maximum likelihood decoding",3,5
13145,"highly entangled states",3,5
13146,"clauser horne",2,5
13147,"quantum teleportation protocol",3,5
13148,"unextendible product",2,5
13149,"cnot gates",2,5
13150,"purification protocol",2,5
13151,"non local observables",3,5
13152,"moving mirror",2,5
13153,"strong magnetic moments",3,5
13154,"volatility clustering",2,5
13155,"dow jones industrial average",4,5
13156,"current reversals",2,5
13157,"scaling behaviors",2,5
13158,"bond percolation threshold",3,5
13159,"zeeman sublevels",2,5
13160,"rapid convergence",2,5
13161,"loss spectroscopy",2,5
13162,"al nature bf",3,5
13163,"gaussian random matrices",3,5
13164,"rarefaction waves",2,5
13165,"sound wave",2,5
13166,"nmr techniques",2,5
13167,"barium titanate",2,5
13168,"north american",2,5
13169,"united states",2,5
13170,"fold degenerate ground state",4,5
13171,"valence bond",2,5
13172,"conductivity kappa",2,5
13173,"kadowaki woods",2,5
13174,"wiedemann franz law",3,5
13175,"rho ab plane",3,5
13176,"superfluid density fluctuations",3,5
13177,"fully gapped",2,5
13178,"fluctuation dissipation relations",3,5
13179,"crossed andreev reflection",3,5
13180,"angle resolved photoemission spectroscopy",4,5
13181,"la 2-x",2,5
13182,"scaling regimes",2,5
13183,"heavy fermion metal",3,5
13184,"diffraction peak intensity",3,5
13185,"tmtsf pf",2,5
13186,"fermi liquid state",3,5
13187,"ti doped",2,5
13188,"bond breaking",2,5
13189,"symplectic resolutions",2,5
13190,"mahler measure",2,5
13191,"soap film",2,5
13192,"reidemeister moves",2,5
13193,"virtual knot diagrams",3,5
13194,"maximal parabolic",2,5
13195,"relative hilbert",2,5
13196,"umbral calculus",2,5
13197,"ample line bundle",3,5
13198,"clones containing",2,5
13199,"preserving actions",2,5
13200,"affine lie groups",3,5
13201,"easily computable",2,5
13202,"monge ampere",2,5
13203,"rotation invariant under",3,5
13204,"spm bulletin",2,5
13205,"pole term",2,5
13206,"bruhat tits",2,5
13207,"alexander modules",2,5
13208,"invariant under rotations",3,5
13209,"plane trees",2,5
13210,"plurisubharmonic functions",2,5
13211,"reconstruction algorithms",2,5
13212,"monodromy matrix",2,5
13213,"assembly map",2,5
13214,"dispersive estimates",2,5
13215,"knizhnik zamolodchikov",2,5
13216,"freely generated",2,5
13217,"rogers ramanujan",2,5
13218,"fisher hartwig",2,5
13219,"meromorphic functions",2,5
13220,"homotopy classes",2,5
13221,"double affine",2,5
13222,"non orthogonal polynomials",3,5
13223,"feynman kac",2,5
13224,"non compact symplectic manifolds",4,5
13225,"character chi",2,5
13226,"matrix valued functions",3,5
13227,"lefschetz fibrations",2,5
13228,"singular integrals",2,5
13229,"semisimple lie groups",3,5
13230,"isometrically embedded",2,5
13231,"negative real space",3,5
13232,"cohesive energy",2,5
13233,"compact riemannian",2,5
13234,"positive characteristic zero",3,5
13235,"essentially independent",2,5
13236,"logistic equation",2,5
13237,"fredholm index",2,5
13238,"instanton counting",2,5
13239,"shall see",2,5
13240,"kazhdan lusztig polynomials",3,5
13241,"magnetohydrodynamics mhd equations",3,5
13242,"vari et es",3,5
13243,"evolution equations governing",3,5
13244,"la 1-x mn",3,5
13245,"flat histogram",2,5
13246,"round trip",2,5
13247,"fully frustrated",2,5
13248,"wang landau",2,5
13249,"fulde ferrell larkin ovchinnikov fflo",5,5
13250,"single walled carbon nanotube",4,5
13251,"single ion anisotropy",3,5
13252,"bond angle",2,5
13253,"electronic structure factor",3,5
13254,"competing mechanisms",2,5
13255,"spin polarized hydrogen",3,5
13256,"ca 2-x sr ruo",4,5
13257,"exponential tails",2,5
13258,"stock returns",2,5
13259,"stochastic volatility",2,5
13260,"rotating bose einstein condensate",4,5
13261,"sdw state",2,5
13262,"directional solidification",2,5
13263,"harmonically confined",2,5
13264,"correlation length xi",3,5
13265,"upper critical dimension",3,5
13266,"noise ratio snr",3,5
13267,"deconfinement phase transition temperature",4,5
13268,"barabasi albert",2,5
13269,"colossal magnetoresistive",2,5
13270,"jahn teller distortions",3,5
13271,"ensemble averages",2,5
13272,"hopping conduction",2,5
13273,"molecular dynamics simulations suggest",4,5
13274,"mean value problem",3,5
13275,"mixed phase transitions",3,5
13276,"van hove singularity",3,5
13277,"transverse ising spin",3,5
13278,"ultra thin films",3,5
13279,"real time series",3,5
13280,"analytical derivation",2,5
13281,"perturbative information",2,5
13282,"gate voltage controlled",3,5
13283,"quantum kicked rotor",3,5
13284,"electrical breakdown",2,5
13285,"evolutionary minority game",3,5
13286,"single pass",2,5
13287,"window function",2,5
13288,"non fermi liquid behavior",4,5
13289,"isotropic nematic",2,5
13290,"high velocity fields",3,5
13291,"scanning optical microscopy",3,5
13292,"fermi gases near",3,5
13293,"purely electronic",2,5
13294,"equilibrium green function",3,5
13295,"interband scattering",2,5
13296,"non fermi surface",3,5
13297,"self interaction strength",3,5
13298,"white noise induced",3,5
13299,"theoretical explanation",2,5
13300,"doped mott insulator",3,5
13301,"free electron systems",3,5
13302,"adam gibbs",2,5
13303,"semiconductor quantum fluctuations",3,5
13304,"path integral monte carlo",4,5
13305,"staggered magnetization",2,5
13306,"nuclear magnetic field theory",4,5
13307,"critical currents",2,5
13308,"directed loop",2,5
13309,"si surface reconstruction",3,5
13310,"perturbative expansion around",3,5
13311,"energetically favored",2,5
13312,"antiferromagnetic af phase",3,5
13313,"carrier frequency",2,5
13314,"free electron hole",3,5
13315,"normal metals",2,5
13316,"competitive population",2,5
13317,"colloidal suspension",2,5
13318,"self organized critical",3,5
13319,"quadratic response",2,5
13320,"granular packings",2,5
13321,"zero resistance",2,5
13322,"transmission electron beam",3,5
13323,"pinning potential",2,5
13324,"bulk pinning",2,5
13325,"fraction expansion",2,5
13326,"quasiparticle tunneling spectra",3,5
13327,"stripe formation",2,5
13328,"under debate",2,5
13329,"dependent gross",2,5
13330,"unconventional behavior",2,5
13331,"hopping term",2,5
13332,"light emitting diodes",3,5
13333,"insulating phase transition",3,5
13334,"site coulomb repulsion",3,5
13335,"alpha helix",2,5
13336,"antiferromagnetic heisenberg chain",3,5
13337,"gold nanoclusters",2,5
13338,"third cumulant",2,5
13339,"hydration process",2,5
13340,"superfluid 3he",2,5
13341,"ab plane parallel",3,5
13342,"dust lattice",2,5
13343,"higher dimensional reduction",3,5
13344,"principal null",2,5
13345,"extremal reissner nordstrom",3,5
13346,"euclidean signature",2,5
13347,"whispering gallery modes",3,5
13348,"density inhomogeneity",2,5
13349,"traversable wormhole solutions",3,5
13350,"spherically symmetric traversable wormhole",4,5
13351,"static spherically symmetric perfect fluid",5,5
13352,"wormhole solutions",2,5
13353,"reissner nordstr",2,5
13354,"zeta function regularization",3,5
13355,"kantowski sachs",2,5
13356,"coleman weinberg",2,5
13357,"non zero frequency",3,5
13358,"twofold first",2,5
13359,"post newtonian pn",3,5
13360,"drinfeld jimbo",2,5
13361,"two dimensional analog",3,5
13362,"stochastic gravitational",2,5
13363,"lageos ii",2,5
13364,"varying constants",2,5
13365,"band filters",2,5
13366,"gauge choices",2,5
13367,"cosmic censorship conjecture",3,5
13368,"hausdorff space",2,5
13369,"dynamical triangulations",2,5
13370,"central star itself",3,5
13371,"network evn",2,5
13372,"absorbing column",2,5
13373,"spatially coincident",2,5
13374,"central engines",2,5
13375,"progenitor systems",2,5
13376,"giant elliptical galaxy ngc",4,5
13377,"space time ago",3,5
13378,"double white dwarfs",3,5
13379,"rx j0720.4-3125",2,5
13380,"standard thin",2,5
13381,"cold dark matter cdm model",5,5
13382,"navarro frenk white",3,5
13383,"pr nd",2,5
13384,"roap star",2,5
13385,"mean field lines",3,5
13386,"de vaucouleurs",2,5
13387,"sq arcmin",2,5
13388,"spectral signatures",2,5
13389,"galaxies possess",2,5
13390,"grazing incidence",2,5
13391,"supernova sn 1993j",3,5
13392,"owens valley",2,5
13393,"berkeley illinois maryland association",4,5
13394,"eclipse mapping",2,5
13395,"binaries containing",2,5
13396,"rich nuclei",2,5
13397,"propto nu alpha",3,5
13398,"gw signal",2,5
13399,"innermost stable",2,5
13400,"medium igm",2,5
13401,"tidal dwarf galaxies",3,5
13402,"basic physical quantities",3,5
13403,"lambdacdm universe",2,5
13404,"burst oscillations",2,5
13405,"seed black holes",3,5
13406,"virgo cluster center",3,5
13407,"equipartition value",2,5
13408,"particles wimps",2,5
13409,"wind nebulae",2,5
13410,"merloni heinz",2,5
13411,"angular momentum conservation",3,5
13412,"kpno international",2,5
13413,"objective prism",2,5
13414,"sigma confidence",2,5
13415,"clear indication",2,5
13416,"carbon ignition",2,5
13417,"keplerian rotating",2,5
13418,"selective extinction",2,5
13419,"intrinsic absorption",2,5
13420,"mass loss rates",3,5
13421,"telescopio nazionale galileo",3,5
13422,"hole mass distribution function",4,5
13423,"kh 15d",2,5
13424,"expanding fireball",2,5
13425,"terminal velocity",2,5
13426,"least two classes",3,5
13427,"hot gas rich",3,5
13428,"old stellar population",3,5
13429,"radial velocity rv",3,5
13430,"warm hot gas",3,5
13431,"cosmological models predict",3,5
13432,"primordial density fluctuations",3,5
13433,"omega m0",2,5
13434,"year wilkinson",2,5
13435,"accreting black",2,5
13436,"cepheid period luminosity",3,5
13437,"small aperture",2,5
13438,"water maser sources",3,5
13439,"flaring activity",2,5
13440,"simultaneous chandra observations",3,5
13441,"imaging spectrograph stis",3,5
13442,"agn feedback",2,5
13443,"filamentary structure",2,5
13444,"observatoire de haute provence",4,5
13445,"solar type ii",3,5
13446,"spatially integrated",2,5
13447,"omegam sigma8",2,5
13448,"redshift space distortions",3,5
13449,"velocity surveys",2,5
13450,"inverse compton ic",3,5
13451,"survey 2mass",2,5
13452,"late type ii",3,5
13453,"highly relativistic jets",3,5
13454,"acis s3",2,5
13455,"magnitude diagram",2,5
13456,"microquasar grs",2,5
13457,"trans neptunian",2,5
13458,"highly eccentric orbits",3,5
13459,"angular sizes",2,5
13460,"initial mass distribution",3,5
13461,"superhump period",2,5
13462,"energy splittings",2,5
13463,"wz sge",2,5
13464,"ray luminosity functions",3,5
13465,"large scale structure factor",4,5
13466,"kuiper belt objects kbos",4,5
13467,"array camera",2,5
13468,"twentieth century",2,5
13469,"deep ocean",2,5
13470,"proto planetary",2,5
13471,"cdm models",2,5
13472,"bolometric corrections",2,5
13473,"ray flux ratio",3,5
13474,"pulse profiles",2,5
13475,"sloan digital",2,5
13476,"intrinsic scatter",2,5
13477,"young supernova sn",3,5
13478,"flare like",2,5
13479,"peak fluxes",2,5
13480,"physical reason why",3,5
13481,"lower redshift surveys",3,5
13482,"acs data",2,5
13483,"color profiles",2,5
13484,"hi deficient",2,5
13485,"ram pressure stripping",3,5
13486,"termination shock",2,5
13487,"rms scatter",2,5
13488,"star magnetosphere",2,5
13489,"lambdacdm cosmology",2,5
13490,"central cusp",2,5
13491,"indirect detection",2,5
13492,"varies considerably",2,5
13493,"neutralino annihilation through",3,5
13494,"solar coronal",2,5
13495,"continuum radiation",2,5
13496,"sx phe",2,5
13497,"cyg ob2",2,5
13498,"compression ratio",2,5
13499,"stellar wind parameters",3,5
13500,"space missions",2,5
13501,"period planets",2,5
13502,"newtonian mechanics",2,5
13503,"resonance imaging",2,5
13504,"differentially rotating",2,5
13505,"bar strength",2,5
13506,"hartree fock bogoliubov hfb",4,5
13507,"detailed chemical evolution",3,5
13508,"vantage point",2,5
13509,"strongly variable",2,5
13510,"injected energy spectrum",3,5
13511,"uv selected samples",3,5
13512,"similarly large scale",3,5
13513,"colour diagram",2,5
13514,"solar nebula",2,5
13515,"sn explosions",2,5
13516,"host galaxy clusters",3,5
13517,"globular cluster cores",3,5
13518,"ionised gas",2,5
13519,"smoothed particle hydrodynamics",3,5
13520,"khz qpo frequencies",3,5
13521,"arcminute scales",2,5
13522,"pop ii",2,5
13523,"temporal variation",2,5
13524,"stellar stream",2,5
13525,"nonthermal radio",2,5
13526,"stellar mass estimates",3,5
13527,"oh absorption line",3,5
13528,"expanding envelope",2,5
13529,"kinetic energy dissipation",3,5
13530,"going star",2,5
13531,"resolving power",2,5
13532,"orbital solutions",2,5
13533,"marked contrast",2,5
13534,"characteristic mass distribution",3,5
13535,"massive star formation rate",4,5
13536,"total mass ratio",3,5
13537,"confidence levels",2,5
13538,"gamma ray fluxes",3,5
13539,"cross identification",2,5
13540,"radio source catalog",3,5
13541,"probing dark",2,5
13542,"microwave background anisotropies",3,5
13543,"cluster size distribution",3,5
13544,"uhe cosmic rays",3,5
13545,"concentrated around",2,5
13546,"high frequency dependence",3,5
13547,"adiabatic perturbations",2,5
13548,"chandrasekhar mass",2,5
13549,"helium like",2,5
13550,"mass ejection",2,5
13551,"ly alpha line",3,5
13552,"spin periods",2,5
13553,"w0 w1",2,5
13554,"slit spectroscopy",2,5
13555,"luminous red",2,5
13556,"truncated disk",2,5
13557,"luminosity functions lfs",3,5
13558,"stellar companions",2,5
13559,"conversion factor",2,5
13560,"alpha cen",2,5
13561,"fully automated",2,5
13562,"sn 1987a",2,5
13563,"oscillatory behaviour",2,5
13564,"successfully reproduces",2,5
13565,"full sky survey",3,5
13566,"submillimetre continuum emission",3,5
13567,"cooling rates",2,5
13568,"core collapse supernova",3,5
13569,"drift scan",2,5
13570,"projected separations",2,5
13571,"transfer rates",2,5
13572,"ibis telescope",2,5
13573,"sunyaev zel dovich effect",4,5
13574,"turbulent dynamo",2,5
13575,"wavelength shifting",2,5
13576,"soft gluon emission",3,5
13577,"covariantly constant",2,5
13578,"chiral perturbation theory chpt",4,5
13579,"elastic scattering amplitudes",3,5
13580,"strong coupling constants",3,5
13581,"non strange quark",3,5
13582,"low mass difference",3,5
13583,"contour plots",2,5
13584,"diffraction data",2,5
13585,"two dimensional regularization scheme",4,5
13586,"size scaling behavior",3,5
13587,"carries over",2,5
13588,"atmospheric neutrino mass matrices",4,5
13589,"flat initial conditions",3,5
13590,"pair production mechanisms",3,5
13591,"chiral soliton models",3,5
13592,"aichelburg sexl",2,5
13593,"bfkl pomeron",2,5
13594,"theories having",2,5
13595,"lepton flavor violating lfv",4,5
13596,"deconfinement transition temperature",3,5
13597,"technicolor models",2,5
13598,"mode squeezed",2,5
13599,"effective action functional theory",4,5
13600,"prediction error",2,5
13601,"spin flavor",2,5
13602,"gluon fusion",2,5
13603,"absorption dips",2,5
13604,"atmospheric structure",2,5
13605,"energy output",2,5
13606,"abelian gauge field",3,5
13607,"event generation",2,5
13608,"higgs doublet",2,5
13609,"compactification scale",2,5
13610,"neutrino mass hierarchies",3,5
13611,"light majorana neutrinos",3,5
13612,"charged lepton pair production",4,5
13613,"improved ladder",2,5
13614,"cornwall jackiw",2,5
13615,"lattice qcd vacuum",3,5
13616,"subtraction scheme",2,5
13617,"k0 pi pi0",3,5
13618,"electrodynamics qed",2,5
13619,"inverse square law",3,5
13620,"spatial separations",2,5
13621,"tokamak plasmas",2,5
13622,"beijing electron positron collider",4,5
13623,"cs atoms",2,5
13624,"decaying turbulence",2,5
13625,"spin liquids",2,5
13626,"electric dipole transitions",3,5
13627,"generalized riemann",2,5
13628,"physical units",2,5
13629,"measurement strategies",2,5
13630,"confinement fusion",2,5
13631,"dopant concentration",2,5
13632,"doped gaas",2,5
13633,"first error correction",3,5
13634,"delay interferometry",2,5
13635,"ti sapphire",2,5
13636,"few cycle",2,5
13637,"model atmosphere ocean",3,5
13638,"size distribution functions",3,5
13639,"plasma crystals",2,5
13640,"index material",2,5
13641,"fixing condition",2,5
13642,"curvature perturbation theory",3,5
13643,"bouncing universes",2,5
13644,"toroidal compactifications",2,5
13645,"supersymmetric black hole solutions",4,5
13646,"mirror world",2,5
13647,"fibre bundle over",3,5
13648,"tensionless strings",2,5
13649,"instanton solution",2,5
13650,"complex scalars",2,5
13651,"non perturbative renormalization group",4,5
13652,"non universal quantities",3,5
13653,"time evolutions",2,5
13654,"lump solution",2,5
13655,"casimir energy",2,5
13656,"fractional quantum hall effect fqhe",5,5
13657,"spin boson fermion",3,5
13658,"non local duality",3,5
13659,"horizon size",2,5
13660,"central singularity",2,5
13661,"discrete torsion",2,5
13662,"derivative corrections",2,5
13663,"total mass energies",3,5
13664,"nonzero mass",2,5
13665,"fractional branes",2,5
13666,"kdv hierarchy",2,5
13667,"dimensional hilbert action",3,5
13668,"moebius strip",2,5
13669,"bulk scalar field theory",4,5
13670,"inhomogeneous cosmological",2,5
13671,"supersymmetric quantum corrections",3,5
13672,"irrelevant operators",2,5
13673,"mediated supersymmetry",2,5
13674,"nonperturbative renormalization",2,5
13675,"chiral primary",2,5
13676,"becchi rouet stora tyutin",4,5
13677,"two dimensional minkowski space",4,5
13678,"hall conductivity",2,5
13679,"chern simons cs",3,5
13680,"dijkgraaf verlinde",2,5
13681,"absorption cross sections",3,5
13682,"theoretic arguments",2,5
13683,"bertotti robinson",2,5
13684,"tachyon field",2,5
13685,"kink antikink",2,5
13686,"kac moody algebra",3,5
13687,"screening mass",2,5
13688,"reproducing kernel",2,5
13689,"wrapped around",2,5
13690,"magnetic fluxes",2,5
13691,"supersymmetric black holes",3,5
13692,"non linear polarization",3,5
13693,"temporal logic",2,5
13694,"bbbar pairs",2,5
13695,"neutral current deep inelastic scattering",5,5
13696,"kaon production",2,5
13697,"dijet cross sections",3,5
13698,"gamma chi cj",3,5
13699,"cabibbo suppressed",2,5
13700,"charmed meson decays",3,5
13701,"narrow resonance peak",3,5
13702,"fb-1 data set",3,5
13703,"gamma stat syst mev",4,5
13704,"tube formation",2,5
13705,"perturbation theory chpt",3,5
13706,"klein gordon models",3,5
13707,"bare quark masses",3,5
13708,"perturbatively improved",2,5
13709,"color electric",2,5
13710,"thirring model",2,5
13711,"newtonian approximation",2,5
13712,"schrodinger operators",2,5
13713,"non collinear",2,5
13714,"electromagnetic pulse",2,5
13715,"regularized determinant",2,5
13716,"imaginary axis",2,5
13717,"rotation period",2,5
13718,"chaotic flow",2,5
13719,"acklund transformation",2,5
13720,"vector solitons",2,5
13721,"passive scalars",2,5
13722,"density fluctuation induced",3,5
13723,"periodically forced",2,5
13724,"optical lattice ol",3,5
13725,"turbulent convection",2,5
13726,"rayleigh numbers",2,5
13727,"ar ca",2,5
13728,"csi tl",2,5
13729,"proton induced reactions",3,5
13730,"isospin asymmetry",2,5
13731,"three nucleon interactions",3,5
13732,"gluon plasma qgp",3,5
13733,"ion beams",2,5
13734,"los alamos national",3,5
13735,"egamma mev",2,5
13736,"detailed comparisons",2,5
13737,"participating nucleons",2,5
13738,"deformed harmonic oscillator",3,5
13739,"atom traps",2,5
13740,"woods saxon",2,5
13741,"energy density functional",3,5
13742,"glauber approximation",2,5
13743,"bar k0 pi",3,5
13744,"energies below mev",3,5
13745,"colliding nuclei",2,5
13746,"dimension five dimensional",3,5
13747,"gamow teller strength",3,5
13748,"large scale shell model",4,5
13749,"experimental groups",2,5
13750,"extinction values",2,5
13751,"biological sequences",2,5
13752,"protein coding",2,5
13753,"genome wide",2,5
13754,"living cells",2,5
13755,"probabilistic description",2,5
13756,"basic building blocks",3,5
13757,"nonlinear ordinary differential equations",4,5
13758,"operational definition",2,5
13759,"berry phases",2,5
13760,"phonon interactions",2,5
13761,"maximally violate",2,5
13762,"thermodynamical quantities",2,5
13763,"high finesse",2,5
13764,"globally coupled oscillators",3,5
13765,"ping pong",2,5
13766,"time averages",2,5
13767,"field tuned",2,5
13768,"resonantly enhanced",2,5
13769,"normally ordered",2,5
13770,"hanbury brown twiss",3,5
13771,"continuous time dependent",3,5
13772,"positive partial transpose",3,5
13773,"delayed choice",2,5
13774,"minimum light",2,5
13775,"epr pairs",2,5
13776,"computer architectures",2,5
13777,"memory devices",2,5
13778,"later stage",2,5
13779,"transmission efficiency",2,5
13780,"quantum key distribution protocols",4,5
13781,"two photon fock",3,5
13782,"significance level",2,5
13783,"ordinary differential operator",3,5
13784,"fourth generation",2,5
13785,"average fidelity",2,5
13786,"soliton generation",2,5
13787,"interference term",2,5
13788,"aharonov bohm interferometer",3,5
13789,"quantum zeno",2,5
13790,"wave guide",2,5
13791,"square root system",3,5
13792,"shot noise level",3,5
13793,"generalized uncertainty relation",3,5
13794,"thermal noise induced",3,5
13795,"ann phys",2,5
13796,"upper bound states",3,5
13797,"winding numbers",2,5
13798,"anomalously low",2,5
13799,"isomonodromic deformations",2,5
13800,"helmholtz equation",2,5
13801,"explicit form factor",3,5
13802,"laurent series",2,5
13803,"camassa holm",2,5
13804,"wedge shaped",2,5
13805,"group sp",2,5
13806,"sgr b2",2,5
13807,"galactocentric radii",2,5
13808,"black hole physics",3,5
13809,"caltech submillimeter observatory",3,5
13810,"ultra deep survey",3,5
13811,"dispersion sigma",2,5
13812,"planck satellite",2,5
13813,"white dwarf novae",3,5
13814,"post agb stars",3,5
13815,"too short",2,5
13816,"coalescing binary",2,5
13817,"hst wfpc2 observations",3,5
13818,"during inflation driven",3,5
13819,"dusty torus",2,5
13820,"diquark condensate",2,5
13821,"color charge",2,5
13822,"periastron passage",2,5
13823,"globular cluster gc system",4,5
13824,"cd galaxies",2,5
13825,"conceptual design",2,5
13826,"balmer line",2,5
13827,"extinction av",2,5
13828,"fine grid",2,5
13829,"deep field lines",3,5
13830,"interstellar turbulence",2,5
13831,"luminosity densities",2,5
13832,"smc x-1",2,5
13833,"meridional flow",2,5
13834,"ergs cm",2,5
13835,"tw hya",2,5
13836,"total mass spectrum",3,5
13837,"broad band filters",3,5
13838,"ion cyclotron",2,5
13839,"uv flux ratio",3,5
13840,"variables cvs",2,5
13841,"ultraviolet spectroscopic",2,5
13842,"beppo sax",2,5
13843,"rotating magnetized",2,5
13844,"diffusive modes",2,5
13845,"hydrodynamic calculations",2,5
13846,"navarro frenk",2,5
13847,"orbital radius",2,5
13848,"dwarf companions",2,5
13849,"kim et",2,5
13850,"local interstellar medium",3,5
13851,"hitherto unknown",2,5
13852,"young pulsar psr",3,5
13853,"radio signals",2,5
13854,"naked singularity formation",3,5
13855,"lisa mission",2,5
13856,"free falling",2,5
13857,"constraint violations",2,5
13858,"cosmological model independent",3,5
13859,"type ia supernova data",4,5
13860,"symmetric torsion",2,5
13861,"slow rolling",2,5
13862,"kullback leibler",2,5
13863,"semiclassical gravity",2,5
13864,"constraint preserving",2,5
13865,"killing horizons",2,5
13866,"doubly special relativity dsr",4,5
13867,"divisibility sequences",2,5
13868,"courant algebroid",2,5
13869,"pre lie algebra",3,5
13870,"matrix ensembles",2,5
13871,"ehrenfest time",2,5
13872,"dynamical timescales",2,5
13873,"rapidly oscillating",2,5
13874,"tilting modules over",3,5
13875,"negatively curved manifolds",3,5
13876,"negatively curved space",3,5
13877,"perturbative expansions",2,5
13878,"inner automorphisms",2,5
13879,"convex subsets",2,5
13880,"fock approximation",2,5
13881,"uniformly bounded geometry",3,5
13882,"rokhlin property",2,5
13883,"formality theorem",2,5
13884,"mutually commuting",2,5
13885,"coxeter group",2,5
13886,"transformation groups",2,5
13887,"orbital degree",2,5
13888,"isolated flats",2,5
13889,"nonpositively curved",2,5
13890,"complex tori",2,5
13891,"hilbert kunz",2,5
13892,"line bundles over",3,5
13893,"principal curvatures",2,5
13894,"gauss map",2,5
13895,"holomorphic vector fields",3,5
13896,"informal notes",2,5
13897,"tubular neighborhood",2,5
13898,"de bruijn",2,5
13899,"finite coxeter groups",3,5
13900,"standard brownian motion",3,5
13901,"commutative ring spectra",3,5
13902,"novikov conjecture",2,5
13903,"laplace beltrami",2,5
13904,"saddle node",2,5
13905,"cantor sets",2,5
13906,"locally finite dimensional",3,5
13907,"cheeger gromov",2,5
13908,"lie group actions",3,5
13909,"algebraically closed curve",3,5
13910,"lie algebroid",2,5
13911,"principal symbol",2,5
13912,"hodge numbers",2,5
13913,"non perturbative determination",3,5
13914,"superconducting gap equation",3,5
13915,"damping rate",2,5
13916,"curvaton mechanism",2,5
13917,"running coupling constants",3,5
13918,"annual modulation",2,5
13919,"sea level",2,5
13920,"gell mann",2,5
13921,"cent level",2,5
13922,"electroweak phase transition temperature",4,5
13923,"poschl teller",2,5
13924,"experimentally feasible",2,5
13925,"quasar absorption systems",3,5
13926,"supernova search",2,5
13927,"type ii see saw",4,5
13928,"friedmann equations",2,5
13929,"ozi rule",2,5
13930,"third generations",2,5
13931,"chargino pair production cross sections",5,5
13932,"lepton pair",2,5
13933,"static quark",2,5
13934,"direct cp phase",3,5
13935,"second order parameter space",4,5
13936,"leptonic cp phase",3,5
13937,"light sterile",2,5
13938,"mediated susy",2,5
13939,"radiative decay rates",3,5
13940,"degenerate ground states",3,5
13941,"radion stabilization",2,5
13942,"2pi effective action",3,5
13943,"leptonic cp violation",3,5
13944,"parton level",2,5
13945,"first error term",3,5
13946,"jet activity",2,5
13947,"experimental data imply",3,5
13948,"flavor conversion",2,5
13949,"singlet scalar",2,5
13950,"cosmic coincidence",2,5
13951,"balance condition",2,5
13952,"supersymmetric standard model mssm",4,5
13953,"electron positron colliders",3,5
13954,"higgs doublet model",3,5
13955,"odd observables",2,5
13956,"excitation processes",2,5
13957,"leptonic weak",2,5
13958,"spin flavor su",3,5
13959,"highest energy spectrum",3,5
13960,"neutron drip line",3,5
13961,"intensity interferometry",2,5
13962,"deuteron beam",2,5
13963,"nucleus scattering",2,5
13964,"kinematically complete",2,5
13965,"inner crust",2,5
13966,"chirally symmetric",2,5
13967,"realistic nucleon potentials",3,5
13968,"dirac sea",2,5
13969,"caloric curve",2,5
13970,"particle production cross section",4,5
13971,"realistic nucleon interactions",3,5
13972,"forward rapidity region",3,5
13973,"helicity conservation",2,5
13974,"dependent hartree",2,5
13975,"vector meson decays",3,5
13976,"forward rapidity",2,5
13977,"ns 3-form",2,5
13978,"spin fluctuation",2,5
13979,"relativistic hartree fock",3,5
13980,"distance moduli",2,5
13981,"bmn limit",2,5
13982,"quantized electromagnetic",2,5
13983,"glueball mass",2,5
13984,"radiatively induced",2,5
13985,"rg equations",2,5
13986,"tachyon inflation",2,5
13987,"intersecting d6-branes",2,5
13988,"two loop calculations",3,5
13989,"non local cohomology",3,5
13990,"schr odinger functional",3,5
13991,"rational conformal field theory",4,5
13992,"open string amplitudes",3,5
13993,"compactified space",2,5
13994,"compact extra dimension",3,5
13995,"modular invariance",2,5
13996,"dynamical systems possessing",3,5
13997,"gravitational wave equation",3,5
13998,"tensor multiplet",2,5
13999,"pure spinors",2,5
14000,"adelic quantum mechanics",3,5
14001,"running spectral",2,5
14002,"ads black hole",3,5
14003,"four point correlation function",4,5
14004,"cpt symmetry",2,5
14005,"conformal symmetry group",3,5
14006,"nonabelian gauge theory",3,5
14007,"rotational invariance",2,5
14008,"relational algebra",2,5
14009,"extremal optimization",2,5
14010,"constraint logic programs",3,5
14011,"field programmable gate",3,5
14012,"learning process",2,5
14013,"ionizing flux",2,5
14014,"photons emitted during",3,5
14015,"spin polarization asymmetries",3,5
14016,"pi0 nu",2,5
14017,"jet production cross sections",4,5
14018,"fermilab tevatron run ii",4,5
14019,"nlo qcd calculations",3,5
14020,"binder cumulant",2,5
14021,"error bars",2,5
14022,"infrared enhancement",2,5
14023,"geometric mean",2,5
14024,"faint end",2,5
14025,"vimos vlt",2,5
14026,"deep survey vvds",3,5
14027,"heavily obscured",2,5
14028,"higher redshift distribution",3,5
14029,"interferometer vlti",2,5
14030,"luminous ir",2,5
14031,"partially ionized",2,5
14032,"well collimated",2,5
14033,"discrete dipole approximation",3,5
14034,"w3 oh",2,5
14035,"accretion disk wind",3,5
14036,"primordial star formation",3,5
14037,"solar flare",2,5
14038,"particle accelerators",2,5
14039,"thermally pulsing",2,5
14040,"new approach differs",3,5
14041,"iue spectra",2,5
14042,"few exceptions",2,5
14043,"accreting white dwarf",3,5
14044,"moderately light",2,5
14045,"fu orionis",2,5
14046,"planck mission",2,5
14047,"metal poor clusters",3,5
14048,"andromeda galaxy m31",3,5
14049,"hydrodynamical simulation",2,5
14050,"dilute magnetic field",3,5
14051,"cosmic topology",2,5
14052,"interference fringes",2,5
14053,"redshift distributions",2,5
14054,"primary cosmic microwave background anisotropies",5,5
14055,"point source population",3,5
14056,"few kpc",2,5
14057,"lower luminosities",2,5
14058,"poisson noise",2,5
14059,"systematic trend",2,5
14060,"mechanical instability",2,5
14061,"cosmic ray cr",3,5
14062,"orbital angular momentum space",4,5
14063,"synthesis telescope",2,5
14064,"3d mhd simulations",3,5
14065,"luminous infrared imaging",3,5
14066,"lcdm models",2,5
14067,"generalized chaplygin gas gcg",4,5
14068,"starburst activity",2,5
14069,"mid infrared mir",3,5
14070,"protostellar objects",2,5
14071,"european large area",3,5
14072,"agn connection",2,5
14073,"bounded away",2,5
14074,"elevated temperatures",2,5
14075,"king models",2,5
14076,"binary system hd",3,5
14077,"rays uhecr",2,5
14078,"single lens model",3,5
14079,"internal pressure",2,5
14080,"speckle imaging",2,5
14081,"stress energy momentum",3,5
14082,"moderately high",2,5
14083,"empirical formula",2,5
14084,"small scale factor",3,5
14085,"two body forces",3,5
14086,"spectral classification",2,5
14087,"square arcmin",2,5
14088,"accretion column",2,5
14089,"abundance anomalies",2,5
14090,"emission line ratios",3,5
14091,"completely absent",2,5
14092,"axial ratios",2,5
14093,"initial mass fraction",3,5
14094,"mn co",2,5
14095,"weak lined",2,5
14096,"oiii emission lines",3,5
14097,"radiatively inefficient",2,5
14098,"baseline array",2,5
14099,"rotating black hole mass",4,5
14100,"snia data",2,5
14101,"flux limited",2,5
14102,"fourth power",2,5
14103,"minimization procedure",2,5
14104,"alpha nii",2,5
14105,"li abundances",2,5
14106,"lambda cdm models",3,5
14107,"high eccentricity",2,5
14108,"magnetic braking",2,5
14109,"radial velocity surveys",3,5
14110,"centimeter wavelengths",2,5
14111,"thermally driven",2,5
14112,"intermediate polar",2,5
14113,"unique capabilities",2,5
14114,"lx ergs",2,5
14115,"planet orbiting",2,5
14116,"zero age",2,5
14117,"underlying mechanism responsible",3,5
14118,"dense hadronic",2,5
14119,"evolutionary tracks",2,5
14120,"turbulent motions",2,5
14121,"nearly parallel",2,5
14122,"canada france hawaii telescope",4,5
14123,"nebula around",2,5
14124,"clusters abridged",2,5
14125,"globular cluster gc",3,5
14126,"hydrogen deficient",2,5
14127,"velocity dispersion measure",3,5
14128,"merging history",2,5
14129,"compton thick",2,5
14130,"polarized hydrogen",2,5
14131,"wave signal",2,5
14132,"galactic magnetic fields",3,5
14133,"maxwell boltzmann",2,5
14134,"accretion disc jet",3,5
14135,"exceptionally large",2,5
14136,"curvature correction",2,5
14137,"relative intensities",2,5
14138,"grb host galaxy",3,5
14139,"time reversal process",3,5
14140,"angular momentum transfer",3,5
14141,"silicon strip",2,5
14142,"potential acting",2,5
14143,"trial wavefunctions",2,5
14144,"structural transformations",2,5
14145,"effective refractive index",3,5
14146,"manifold endowed",2,5
14147,"high energy balance",3,5
14148,"vibrational levels",2,5
14149,"painleve test",2,5
14150,"social networks",2,5
14151,"toda hierarchy",2,5
14152,"yang baxter algebra",3,5
14153,"nodal lines",2,5
14154,"fourth order parameter",3,5
14155,"physical assumptions",2,5
14156,"long wavelength approximation",3,5
14157,"particle positions",2,5
14158,"expansion velocities",2,5
14159,"non markovian stochastic processes",4,5
14160,"oscillatory media",2,5
14161,"m1 transition",2,5
14162,"5lambda he",2,5
14163,"infectious diseases",2,5
14164,"microarray data",2,5
14165,"saccharomyces cerevisiae",2,5
14166,"interaction networks",2,5
14167,"harris criterion",2,5
14168,"crystalline electric",2,5
14169,"overdamped brownian motion",3,5
14170,"inter chain",2,5
14171,"surface density profiles",3,5
14172,"electric charge density",3,5
14173,"double dot system",3,5
14174,"interlayer distance",2,5
14175,"near neighbor",2,5
14176,"anisotropic exchange",2,5
14177,"superconducting tunnel junction",3,5
14178,"non equilibrium measure",3,5
14179,"nominal composition",2,5
14180,"simple scaling properties",3,5
14181,"two dimensional electron phonon",4,5
14182,"free electron gas",3,5
14183,"inelastic hard disks",3,5
14184,"rare gas",2,5
14185,"current density profiles",3,5
14186,"zero resistance states",3,5
14187,"brownian motors",2,5
14188,"arbitrarily shaped",2,5
14189,"non fermi liquid",3,5
14190,"digital signal",2,5
14191,"after subtracting",2,5
14192,"slip length",2,5
14193,"huygens principle",2,5
14194,"sound waves propagating",3,5
14195,"seventh order",2,5
14196,"first principles calculations indicate",4,5
14197,"carbon enhanced",2,5
14198,"logarithmically divergent",2,5
14199,"order parameter epsilon",3,5
14200,"capillary forces",2,5
14201,"fermi edge",2,5
14202,"dimensional ising chain",3,5
14203,"southern california",2,5
14204,"pronounced peak",2,5
14205,"melting transition",2,5
14206,"nonlinear photonic",2,5
14207,"phase matching conditions",3,5
14208,"molecular electronics",2,5
14209,"correlated materials",2,5
14210,"giant molecular",2,5
14211,"electronic specific heat",3,5
14212,"harmonic trap center",3,5
14213,"nonmonotonic behavior",2,5
14214,"monoclinic phase",2,5
14215,"dynamical response functions",3,5
14216,"tagged particle",2,5
14217,"rayleigh taylor instability",3,5
14218,"precise characterization",2,5
14219,"salesman problem",2,5
14220,"reflecting boundary conditions",3,5
14221,"multiwall carbon nanotubes",3,5
14222,"weak disorder induced",3,5
14223,"numerical integrations",2,5
14224,"polymer melts",2,5
14225,"bead spring model",3,5
14226,"weak ferromagnetism",2,5
14227,"density wave sdw",3,5
14228,"potential linearized augmented plane wave",5,5
14229,"coulomb drag",2,5
14230,"electron doped semiconductors",3,5
14231,"hole physics",2,5
14232,"insulating ground state",3,5
14233,"singlet triplet transition",3,5
14234,"experimental data supports",3,5
14235,"spatially heterogeneous",2,5
14236,"absorbing phase transition",3,5
14237,"af phase diagram",3,5
14238,"rotating superfluid",2,5
14239,"kibble zurek",2,5
14240,"log normal form",3,5
14241,"off diagonal disorder",3,5
14242,"significant deviation",2,5
14243,"chain lengths",2,5
14244,"rare class",2,5
14245,"eigenvalue correlations",2,5
14246,"coexistence line",2,5
14247,"nanoelectromechanical systems",2,5
14248,"conjugated polymer poly",3,5
14249,"pariser parr pople",3,5
14250,"critical exponent beta",3,5
14251,"mean square displacement",3,5
14252,"bose einstein equations",3,5
14253,"force chains",2,5
14254,"complex plane wave",3,5
14255,"cross check",2,5
14256,"geometric origin",2,5
14257,"fold first",2,5
14258,"quantum ratchets",2,5
14259,"bond disorder",2,5
14260,"intermediate mass ratio",3,5
14261,"size scaling exponents",3,5
14262,"drastically reduced",2,5
14263,"essentially unchanged",2,5
14264,"electron phonon scattering",3,5
14265,"pros sb",2,5
14266,"viscosity eta",2,5
14267,"xxz chain",2,5
14268,"replica symmetry breaking",3,5
14269,"optical vortices",2,5
14270,"superconductor na coo cdot",4,5
14271,"fractional diffusion",2,5
14272,"luttinger liquid behavior",3,5
14273,"cell code",2,5
14274,"particle diameter",2,5
14275,"dimensional organic",2,5
14276,"charge fluctuation",2,5
14277,"microwave irradiation",2,5
14278,"nonextensive statistical mechanics",3,5
14279,"kinetic energy momentum",3,5
14280,"equal probability distribution",3,5
14281,"dimensional minkowski spacetime",3,5
14282,"entanglement purification protocol",3,5
14283,"quantum walks",2,5
14284,"completely suppressed",2,5
14285,"twin beams",2,5
14286,"data processing techniques",3,5
14287,"hilbert space time dependent",4,5
14288,"get rid",2,5
14289,"holonomic quantum computation",3,5
14290,"direct communication",2,5
14291,"unitary operation",2,5
14292,"total energy gap",3,5
14293,"high precision spectroscopy",3,5
14294,"considerably reduce",2,5
14295,"hermitian hamiltonians",2,5
14296,"number density profile",3,5
14297,"anglo australian",2,5
14298,"annual modulation signal",3,5
14299,"highly magnetized",2,5
14300,"inflationary epoch",2,5
14301,"count rates",2,5
14302,"noise ratios",2,5
14303,"function evaluations",2,5
14304,"cluster sized",2,5
14305,"magnetically confined",2,5
14306,"molecular gas phase",3,5
14307,"arches cluster",2,5
14308,"put forth",2,5
14309,"roche lobe overflow",3,5
14310,"atmospheric cherenkov telescope",3,5
14311,"shock heating",2,5
14312,"kinematic signatures",2,5
14313,"execution time",2,5
14314,"uniform disk",2,5
14315,"unusually strong",2,5
14316,"distribution function pdf",3,5
14317,"energy equipartition",2,5
14318,"galactic globular",2,5
14319,"spectroscopic confirmation",2,5
14320,"wilkinson microwave anisotropy probe wmap data",6,5
14321,"deep field udf",3,5
14322,"relativistic doppler",2,5
14323,"giving access",2,5
14324,"pello et",2,5
14325,"debris disk",2,5
14326,"fossil record",2,5
14327,"violent relaxation",2,5
14328,"broad line profile",3,5
14329,"median redshift",2,5
14330,"solid body",2,5
14331,"holes grow",2,5
14332,"short burst",2,5
14333,"calibration errors",2,5
14334,"continuous monitoring",2,5
14335,"peculiar kinematics",2,5
14336,"spatial inhomogeneities",2,5
14337,"dark matter annihilations",3,5
14338,"kolmogorov smirnov",2,5
14339,"clumpy structure",2,5
14340,"cold dark matter halos",4,5
14341,"extinction map",2,5
14342,"submillimeter array sma",3,5
14343,"extended atmosphere",2,5
14344,"balmer decrement",2,5
14345,"protoplanetary disk",2,5
14346,"lambda approx",2,5
14347,"damped lya",2,5
14348,"rapidly rotating neutron stars",4,5
14349,"dwarf wd",2,5
14350,"dissipation relation",2,5
14351,"nuclear starbursts",2,5
14352,"emission line seyfert galaxy",4,5
14353,"line blanketing",2,5
14354,"continuum photons",2,5
14355,"vector machines",2,5
14356,"automated classification",2,5
14357,"visibility amplitude",2,5
14358,"eclipsing cataclysmic variables",3,5
14359,"cold fronts",2,5
14360,"intrinsic width",2,5
14361,"weyl curvature",2,5
14362,"redshift space time",3,5
14363,"giant metrewave radio telescope gmrt",5,5
14364,"relativistic outflows",2,5
14365,"global star formation",3,5
14366,"oscillations qpos",2,5
14367,"minimal spanning tree",3,5
14368,"heavily absorbed",2,5
14369,"objects ysos",2,5
14370,"concentrated near",2,5
14371,"supermassive black",2,5
14372,"central star forming regions",4,5
14373,"magneto transport",2,5
14374,"southern sky survey",3,5
14375,"eddington ratio",2,5
14376,"arecibo telescope",2,5
14377,"band colours",2,5
14378,"radio loud",2,5
14379,"warm absorber",2,5
14380,"gas content",2,5
14381,"interstellar absorption lines",3,5
14382,"obscured quasars",2,5
14383,"gamma ray emission lines",4,5
14384,"sided jet",2,5
14385,"stress tensor theories",3,5
14386,"short wavelengths",2,5
14387,"frequency derivative",2,5
14388,"larmor radius",2,5
14389,"overdense regions",2,5
14390,"ultraviolet spectroscopic explorer fuse",4,5
14391,"active binaries",2,5
14392,"large columns",2,5
14393,"run away",2,5
14394,"grad shafranov equation",3,5
14395,"oblate prolate",2,5
14396,"hartle hawking",2,5
14397,"well posed initial conditions",4,5
14398,"angular momentum distributions",3,5
14399,"bianchi type vi",3,5
14400,"energy momentum conservation laws",4,5
14401,"newman penrose formalism",3,5
14402,"shapiro delay",2,5
14403,"chaplygin gas",2,5
14404,"commutative symmetric",2,5
14405,"spacelike hypersurface",2,5
14406,"gravitational radiation driven",3,5
14407,"palatini formalism",2,5
14408,"high quality factor",3,5
14409,"character sheaves",2,5
14410,"disconnected groups",2,5
14411,"boundary value problems",3,5
14412,"lefschetz property",2,5
14413,"converges weakly",2,5
14414,"adiabatic theorem",2,5
14415,"group rg",2,5
14416,"graded hopf algebra",3,5
14417,"complex projective line",3,5
14418,"fano threefold",2,5
14419,"monoidal categories",2,5
14420,"fuzzy logic",2,5
14421,"cw complex",2,5
14422,"free products",2,5
14423,"fundamental group pi1",3,5
14424,"completely integrable",2,5
14425,"geometric meaning",2,5
14426,"closed form factors",3,5
14427,"classical analogs",2,5
14428,"hypergeometric series",2,5
14429,"hypergeometric function",2,5
14430,"projective hypersurface",2,5
14431,"pseudoholomorphic curves",2,5
14432,"spinning up",2,5
14433,"arithmetic subgroup",2,5
14434,"completely reducible",2,5
14435,"residue classes",2,5
14436,"vector bundle over",3,5
14437,"compact orientable surface",3,5
14438,"totally geodesic boundary",3,5
14439,"cancellation condition",2,5
14440,"topological knot invariant",3,5
14441,"deligne lusztig",2,5
14442,"wreath products",2,5
14443,"regular polygons",2,5
14444,"gauss hypergeometric",2,5
14445,"tate cohomology",2,5
14446,"thom isomorphism",2,5
14447,"external driving forces",3,5
14448,"wetting layer",2,5
14449,"wealth distribution function",3,5
14450,"diluted magnetic field",3,5
14451,"asymmetric exclusion process",3,5
14452,"excitons confined",2,5
14453,"escape rate",2,5
14454,"monotonous dependence",2,5
14455,"diffraction measurements",2,5
14456,"diluted magnetic semiconductors",3,5
14457,"neutron diffraction measurements",3,5
14458,"singlet triplet splitting",3,5
14459,"priori estimates",2,5
14460,"electrostatic repulsion",2,5
14461,"resistance peak",2,5
14462,"long range repulsive",3,5
14463,"ray diffraction measurements",3,5
14464,"thermal motions",2,5
14465,"atomic force microscope",3,5
14466,"spin susceptibility measurements",3,5
14467,"erdos renyi",2,5
14468,"long term memory",3,5
14469,"energy gaps",2,5
14470,"electron diffraction",2,5
14471,"extract information content",3,5
14472,"math gen",2,5
14473,"optical lattice gases",3,5
14474,"symmetry axes",2,5
14475,"shear viscosity eta",3,5
14476,"fractional flux",2,5
14477,"gold clusters",2,5
14478,"density functional perturbation theory",4,5
14479,"relaxation time dependent",3,5
14480,"strongly underdoped",2,5
14481,"asymmetric simple",2,5
14482,"phenomenological renormalization group",3,5
14483,"ornstein zernike",2,5
14484,"trivial topology",2,5
14485,"stable isotopes",2,5
14486,"rf field",2,5
14487,"finite size scaling behavior",4,5
14488,"grows logarithmically",2,5
14489,"avoided crossings",2,5
14490,"levy distribution",2,5
14491,"binary mixtures",2,5
14492,"essentially constant",2,5
14493,"semiconductor nanocrystals",2,5
14494,"zr ti",2,5
14495,"homogeneous electric field",3,5
14496,"ferromagnetic semiconductor ga mn",4,5
14497,"alpha relaxation",2,5
14498,"non gaussian noise",3,5
14499,"coarsening dynamics",2,5
14500,"density approximation scheme",3,5
14501,"ion etching",2,5
14502,"extended peierls",2,5
14503,"two dimensional photonic crystals",4,5
14504,"loading rate",2,5
14505,"joint probability",2,5
14506,"organic semiconductors",2,5
14507,"boson pairs",2,5
14508,"synthesis techniques",2,5
14509,"event driven",2,5
14510,"coulomb gap",2,5
14511,"magnetization precession",2,5
14512,"straight forward",2,5
14513,"scale structure formation",3,5
14514,"elasto plastic",2,5
14515,"finite dimensional 1d",3,5
14516,"plotted versus",2,5
14517,"fully polarized",2,5
14518,"conducting polymers",2,5
14519,"events containing",2,5
14520,"structural distortion",2,5
14521,"absorbing phase transitions",3,5
14522,"internal manifold",2,5
14523,"integrated circuits",2,5
14524,"cu 3d",2,5
14525,"size scaling properties",3,5
14526,"non exponential decay",3,5
14527,"double stranded dna",3,5
14528,"spin ice",2,5
14529,"interband transitions",2,5
14530,"residence time",2,5
14531,"heidelberg moscow",2,5
14532,"orbital moment",2,5
14533,"violation lfv",2,5
14534,"lepton flavor conversion",3,5
14535,"sm predictions",2,5
14536,"leading order nnlo corrections",4,5
14537,"mellin moments",2,5
14538,"ultrarelativistic heavy ion",3,5
14539,"hadrons containing",2,5
14540,"gauge coupling constants",3,5
14541,"spin polarized protons",3,5
14542,"constituent quark antiquark",3,5
14543,"partial wave functions",3,5
14544,"singlet superfield",2,5
14545,"minimal subtraction scheme",3,5
14546,"lightest right",2,5
14547,"nambu goldstone bosons",3,5
14548,"spin polarization observables",3,5
14549,"scalar diquark model",3,5
14550,"lightest higgs bosons",3,5
14551,"neutralino annihilation cross sections",4,5
14552,"flavour violating",2,5
14553,"rapidity region",2,5
14554,"third family",2,5
14555,"two higgs doublets",3,5
14556,"kinematical conditions",2,5
14557,"5d orbifold s1 z2",4,5
14558,"bremsstrahlung photons",2,5
14559,"strange quark masses",3,5
14560,"higgs field theory",3,5
14561,"trilinear coupling",2,5
14562,"weakly mixing",2,5
14563,"spontaneously generated",2,5
14564,"scattering off shell",3,5
14565,"stochastic perturbation theory",3,5
14566,"gaussian orthogonal",2,5
14567,"regge trajectory",2,5
14568,"isoscalar giant",2,5
14569,"hubble flow",2,5
14570,"self energy density",3,5
14571,"string partition function",3,5
14572,"spherically symmetric ansatz",3,5
14573,"chiral multiplet",2,5
14574,"scale shell",2,5
14575,"orientifold field theory",3,5
14576,"georgi glashow model",3,5
14577,"holographic renormalization",2,5
14578,"domain omega",2,5
14579,"thick brane",2,5
14580,"reduced density matrices",3,5
14581,"point toward",2,5
14582,"becomes infinite number",3,5
14583,"hybrid monte carlo",3,5
14584,"particle hole solutions",3,5
14585,"weak gravitational field",3,5
14586,"galois representation",2,5
14587,"open string worldsheet",3,5
14588,"poisson algebras",2,5
14589,"lorentz violating background",3,5
14590,"yang mills higgs",3,5
14591,"fibrations over",2,5
14592,"search engine",2,5
14593,"evolutionary algorithms",2,5
14594,"robertson walker universe",3,5
14595,"fractions br",2,5
14596,"unpolarized cross section",3,5
14597,"stat syst mev",3,5
14598,"nuclear reactors",2,5
14599,"gamma chi c2",3,5
14600,"gluon distribution function",3,5
14601,"h1 detector",2,5
14602,"bubble chamber",2,5
14603,"supersymmetric particle lsp",3,5
14604,"lattice gauge invariant",3,5
14605,"pion decay constant",3,5
14606,"lambda phi4 model",3,5
14607,"monopole current",2,5
14608,"sea quark mass",3,5
14609,"deconfinement transition",2,5
14610,"static quark antiquark",3,5
14611,"rotational symmetry breaking",3,5
14612,"kugo ojima",2,5
14613,"pion pole",2,5
14614,"baseline design",2,5
14615,"recombination rates",2,5
14616,"polar angles",2,5
14617,"continuous time scales",3,5
14618,"test particle physics",3,5
14619,"boson gas",2,5
14620,"vibrational excitation",2,5
14621,"kink like",2,5
14622,"de rham hodge theory",4,5
14623,"dissipation ratio",2,5
14624,"acklund transformations",2,5
14625,"quantum interference fringes",3,5
14626,"exponentially localized",2,5
14627,"spatiotemporal chaos",2,5
14628,"pentaquark searches",2,5
14629,"semi hard",2,5
14630,"higher harmonics",2,5
14631,"radiation damage",2,5
14632,"elastic pp",2,5
14633,"leq gev",2,5
14634,"pp elastic scattering",3,5
14635,"pt fluctuations",2,5
14636,"hadron production cross sections",4,5
14637,"formation activity",2,5
14638,"non circular",2,5
14639,"electro magnetic field",3,5
14640,"kink instability",2,5
14641,"remain unclear",2,5
14642,"noncommutative probability",2,5
14643,"periodically poled",2,5
14644,"nonclassical state",2,5
14645,"gaussian wave function",3,5
14646,"dynamical casimir effect",3,5
14647,"length scale factors",3,5
14648,"zero rest mass",3,5
14649,"direct urca process",3,5
14650,"young open cluster",3,5
14651,"international collaboration",2,5
14652,"enough temperatures",2,5
14653,"dark sector",2,5
14654,"molecular cloud complex",3,5
14655,"faint end slope",3,5
14656,"doppler shifts",2,5
14657,"distant clusters",2,5
14658,"colour magnitude relation",3,5
14659,"normalization factor",2,5
14660,"ray flux variations",3,5
14661,"complex morphology",2,5
14662,"collisionally excited",2,5
14663,"ray emission mechanism",3,5
14664,"powerful radio sources",3,5
14665,"surveys acs",2,5
14666,"per object",2,5
14667,"mira variables",2,5
14668,"line nodes",2,5
14669,"frame dragging effect",3,5
14670,"momentum conservation",2,5
14671,"region nlr",2,5
14672,"ir colors",2,5
14673,"main concern",2,5
14674,"strongly modify",2,5
14675,"life time evolution",3,5
14676,"median value",2,5
14677,"briefly addressed",2,5
14678,"homogeneous isotropic turbulence",3,5
14679,"abundance gradient",2,5
14680,"diffuse dust",2,5
14681,"super star clusters",3,5
14682,"observational features",2,5
14683,"nebula pn",2,5
14684,"nicmos data",2,5
14685,"hubble volume",2,5
14686,"conservative approach",2,5
14687,"sight velocity dispersion",3,5
14688,"forbidden lines",2,5
14689,"lindblad resonance",2,5
14690,"opacity project op",3,5
14691,"ionized species",2,5
14692,"symbiotic star",2,5
14693,"transiting extrasolar planet",3,5
14694,"complementary methods",2,5
14695,"compton reflection",2,5
14696,"ultraviolet spectroscopy",2,5
14697,"strong magnetic field strengths",4,5
14698,"two photon counting",3,5
14699,"international space station",3,5
14700,"discrete sources",2,5
14701,"large magellanic clouds",3,5
14702,"blackbody component",2,5
14703,"analytical approximations",2,5
14704,"marginally consistent",2,5
14705,"irregular satellites",2,5
14706,"ne cm",2,5
14707,"parsec scale structure",3,5
14708,"australia telescope compact array",4,5
14709,"long slit spectroscopy",3,5
14710,"nuclei agns",2,5
14711,"extrasolar planetary",2,5
14712,"mit bag model",3,5
14713,"hierarchical galaxy clusters",3,5
14714,"indices alpha",2,5
14715,"first chern",2,5
14716,"low reynolds numbers",3,5
14717,"evolutionary processes",2,5
14718,"cauchy horizon",2,5
14719,"cosmological constant hbar",3,5
14720,"matched filter",2,5
14721,"primordial gas",2,5
14722,"black hole excision",3,5
14723,"quantized black holes",3,5
14724,"statistical arguments",2,5
14725,"friedmann lemaitre",2,5
14726,"gravitational radiation emitted",3,5
14727,"ell bar",2,5
14728,"domino tilings",2,5
14729,"orbit closure",2,5
14730,"generating sets",2,5
14731,"fast enough",2,5
14732,"independent increments",2,5
14733,"spanning trees",2,5
14734,"quasi exactly",2,5
14735,"reflection coefficients",2,5
14736,"invariant probability measure",3,5
14737,"maximal parabolic subgroup",3,5
14738,"infinite tower",2,5
14739,"real valued functions",3,5
14740,"cochain complex",2,5
14741,"locally conformally",2,5
14742,"short intervals",2,5
14743,"homotopy types",2,5
14744,"hamming distance",2,5
14745,"laguerre polynomials",2,5
14746,"holomorphic vector",2,5
14747,"circle bundle over",3,5
14748,"characteristic zero point",3,5
14749,"linear span",2,5
14750,"cayley dickson algebras",3,5
14751,"blown up",2,5
14752,"infinite rank",2,5
14753,"dsm dynamical systems",3,5
14754,"arbitrary initial data",3,5
14755,"dehn twists",2,5
14756,"torsion free sheaves",3,5
14757,"solvable lie group",3,5
14758,"universal enveloping algebras",3,5
14759,"reshetikhin turaev",2,5
14760,"laplacian acting",2,5
14761,"intersection numbers",2,5
14762,"strongly damped",2,5
14763,"population dynamics simulations",3,5
14764,"sr mno lsmo",3,5
14765,"pseudopotential calculations",2,5
14766,"surface density functional",3,5
14767,"effective action describing",3,5
14768,"thermal activation",2,5
14769,"system behaves like",3,5
14770,"constitutive equations",2,5
14771,"topologically stable",2,5
14772,"double occupation",2,5
14773,"fabrication process",2,5
14774,"specific heat jump",3,5
14775,"electron phonon coupling constant",4,5
14776,"holstein hubbard model",3,5
14777,"delocalization transition",2,5
14778,"cylindrical shell",2,5
14779,"specific heat coefficient",3,5
14780,"gapped phase transitions",3,5
14781,"anderson impurity",2,5
14782,"ybco films",2,5
14783,"percus yevick",2,5
14784,"strongly correlated fermions",3,5
14785,"fourier component",2,5
14786,"inelastic scattering rate",3,5
14787,"virial theorem",2,5
14788,"random sequential",2,5
14789,"bcs bec",2,5
14790,"hole doping induced",3,5
14791,"photoluminescence excitation",2,5
14792,"quantization rule",2,5
14793,"microscopy tem",2,5
14794,"logarithmic singularity",2,5
14795,"localized orbitals",2,5
14796,"singlet pairing symmetry",3,5
14797,"fat tailed",2,5
14798,"strongly inhomogeneous",2,5
14799,"metal insulator transition mit",4,5
14800,"key exchange",2,5
14801,"quasi ballistic",2,5
14802,"stokes einstein",2,5
14803,"resonance nmr",2,5
14804,"reaction network",2,5
14805,"gaas alas",2,5
14806,"interlayer coupling",2,5
14807,"field theory dft",3,5
14808,"spin peierls",2,5
14809,"crossover phenomena",2,5
14810,"rate constants",2,5
14811,"helicity basis",2,5
14812,"intrinsic spin hall effect",4,5
14813,"mass eigenstates",2,5
14814,"neutral gauge couplings",3,5
14815,"cos phi",2,5
14816,"helicity flip",2,5
14817,"soft leptogenesis",2,5
14818,"neutrino mixings",2,5
14819,"universal character",2,5
14820,"dglap evolution equations",3,5
14821,"yukawa matrices",2,5
14822,"electroweak penguin",2,5
14823,"dominant decay mode",3,5
14824,"lower rank",2,5
14825,"kl pi pi0",3,5
14826,"mass matrix elements",3,5
14827,"color dipole picture",3,5
14828,"quark gluon exchange",3,5
14829,"lepton flavor violating",3,5
14830,"dn ch",2,5
14831,"charged hadron spectra",3,5
14832,"transverse ising chain",3,5
14833,"primordial density fluctuation",3,5
14834,"meson exchange interactions",3,5
14835,"planck suppressed",2,5
14836,"high pt hadron",3,5
14837,"heavy quark gluon plasma",4,5
14838,"3he nucleus",2,5
14839,"relativistic heavy ion collider rhic",5,5
14840,"gerasimov drell hearn sum rule",5,5
14841,"meson exchange",2,5
14842,"normal nuclear matter",3,5
14843,"neutral kaons",2,5
14844,"scalar qed",2,5
14845,"phi meson decays",3,5
14846,"hawking radiation field",3,5
14847,"well constrained systems",3,5
14848,"fermion propagator",2,5
14849,"ds cft correspondence",3,5
14850,"ten dimensions",2,5
14851,"perturbative computation",2,5
14852,"brst operator",2,5
14853,"bogomol nyi prasad",3,5
14854,"type ii superstring",3,5
14855,"gluino mass",2,5
14856,"su skyrme",2,5
14857,"preserving diffeomorphisms",2,5
14858,"source software",2,5
14859,"learning algorithm",2,5
14860,"k0s pi0",2,5
14861,"tau lepton flavor violating",4,5
14862,"missing transverse",2,5
14863,"liquid xenon",2,5
14864,"rectangular box",2,5
14865,"continuum limit theorem",3,5
14866,"mixed phase transition",3,5
14867,"lagrangian averaged",2,5
14868,"nano particles",2,5
14869,"periodically varying",2,5
14870,"self organisation",2,5
14871,"granular matter",2,5
14872,"painleve equation",2,5
14873,"chemical freeze",2,5
14874,"particle physics today",3,5
14875,"semi leptonic decays",3,5
14876,"nuclear multifragmentation",2,5
14877,"clearly demonstrates",2,5
14878,"double neutron",2,5
14879,"long life",2,5
14880,"findings indicate",2,5
14881,"proceeds via",2,5
14882,"quasi stationary",2,5
14883,"casimir forces",2,5
14884,"eavesdropping attacks",2,5
14885,"mode squeezed light",3,5
14886,"trivial holonomy",2,5
14887,"physical mechanism responsible",3,5
14888,"kerr type",2,5
14889,"separable metric spaces",3,5
14890,"number density operator",3,5
14891,"act like",2,5
14892,"two qubit encoding",3,5
14893,"ambiguity parameters",2,5
14894,"term recursion relation",3,5
14895,"lends itself",2,5
14896,"stable equilibria",2,5
14897,"whole family",2,5
14898,"nonholonomic systems",2,5
14899,"global optimization problem",3,5
14900,"genetic networks",2,5
14901,"thereby avoiding",2,5
14902,"heavy tail",2,5
14903,"operating systems",2,5
14904,"eddington accretion",2,5
14905,"band filter",2,5
14906,"direct tests",2,5
14907,"vlt fors",2,5
14908,"ongoing star",2,5
14909,"elliptical galaxy formation",3,5
14910,"field centered",2,5
14911,"gas fractions",2,5
14912,"third dredge up",3,5
14913,"australia telescope compact array atca",5,5
14914,"seed photons",2,5
14915,"hole mass spectrum",3,5
14916,"matter antimatter",2,5
14917,"kerr black",2,5
14918,"striking resemblance",2,5
14919,"events per",2,5
14920,"lageos satellites",2,5
14921,"first detection rate",3,5
14922,"hilbert schemes",2,5
14923,"vector boson fermion",3,5
14924,"purely combinatorial",2,5
14925,"central element",2,5
14926,"torus bundles",2,5
14927,"constant holomorphic sectional curvature",4,5
14928,"dense packings",2,5
14929,"conjugacy class",2,5
14930,"feedback loop",2,5
14931,"topological vertex",2,5
14932,"transfer operator",2,5
14933,"regular polygon",2,5
14934,"heavy tailed",2,5
14935,"generalized flag",2,5
14936,"free energy distribution",3,5
14937,"interval maps",2,5
14938,"locally homogeneous",2,5
14939,"falls within",2,5
14940,"bad reduction",2,5
14941,"descent algebra",2,5
14942,"statistical inference",2,5
14943,"ultra high energy cosmic rays uhecr",6,5
14944,"data stream",2,5
14945,"varies strongly",2,5
14946,"galactic longitude",2,5
14947,"planar gas",2,5
14948,"water cherenkov detector",3,5
14949,"semi analytical predictions",3,5
14950,"dark side",2,5
14951,"accurate determinations",2,5
14952,"eso vlt fors1",3,5
14953,"dominant stellar",2,5
14954,"red objects eros",3,5
14955,"shock heated",2,5
14956,"celestial sphere",2,5
14957,"brown dwarfs bds",3,5
14958,"strong magnetic moment",3,5
14959,"young massive star clusters",4,5
14960,"underlying dark matter",3,5
14961,"ly beta",2,5
14962,"substantially reduced",2,5
14963,"tight correlation",2,5
14964,"ray emission line width",4,5
14965,"curvature perturbations",2,5
14966,"heavy imf",2,5
14967,"general relativistic gr",3,5
14968,"nebular emission",2,5
14969,"maximum value problem",3,5
14970,"lensing surveys",2,5
14971,"nutev result",2,5
14972,"long sought",2,5
14973,"kaon system",2,5
14974,"decay b0 rho0",3,5
14975,"wave detector",2,5
14976,"neutrino beam",2,5
14977,"organized critical",2,5
14978,"player games",2,5
14979,"sub poissonian",2,5
14980,"electronic specific heat coefficient",4,5
14981,"gaas algaas heterostructures",3,5
14982,"universal scaling properties",3,5
14983,"confidence bound",2,5
14984,"bose condensed",2,5
14985,"pseudogap behavior",2,5
14986,"layering transitions",2,5
14987,"fractional quantum hall",3,5
14988,"bose gas phase",3,5
14989,"systematically lower",2,5
14990,"power law tails",3,5
14991,"glass forming",2,5
14992,"aharonov casher",2,5
14993,"remarkably simple model",3,5
14994,"dust particles",2,5
14995,"solitary wave equation",3,5
14996,"local density wave function",4,5
14997,"ray reflectivity measurements",3,5
14998,"infrared fixed point",3,5
14999,"point separating",2,5
15000,"face centered cubic",3,5
15001,"double exchange coupling",3,5
15002,"mott insulator transitions",3,5
15003,"coulomb blockaded",2,5
15004,"radial distribution functions",3,5
15005,"variational monte carlo calculations",4,5
15006,"magnetic trap",2,5
15007,"itinerant ferromagnet",2,5
15008,"controversial issue",2,5
15009,"three dimensional ising model",4,5
15010,"eightfold degeneracy",2,5
15011,"light sterile neutrinos",3,5
15012,"self conjugate",2,5
15013,"ultra cold neutrons",3,5
15014,"time consuming",2,5
15015,"perturbative qcd corrections",3,5
15016,"isospin violating",2,5
15017,"precision electroweak symmetry breaking",4,5
15018,"aa collisions",2,5
15019,"sharply peaked",2,5
15020,"experimental evaluation",2,5
15021,"large mixings",2,5
15022,"three flavor qcd",3,5
15023,"gluon radiation",2,5
15024,"logarithmically enhanced",2,5
15025,"transversity distribution",2,5
15026,"renormalized perturbation",2,5
15027,"pt hadron spectra",3,5
15028,"four quark mass",3,5
15029,"virtual compton",2,5
15030,"becomes softer",2,5
15031,"color flavor locked cfl",4,5
15032,"asymptotic bethe ansatz",3,5
15033,"ladder operators",2,5
15034,"negative tension",2,5
15035,"isometry groups",2,5
15036,"seiberg duality",2,5
15037,"eight supercharges",2,5
15038,"calogero type",2,5
15039,"maxwell dilaton",2,5
15040,"g2 holonomy",2,5
15041,"maurer cartan",2,5
15042,"nlsp decays",2,5
15043,"deconfined phase transition",3,5
15044,"plaquette gauge theory",3,5
15045,"symanzik improved",2,5
15046,"near ir light",3,5
15047,"forward backward direction",3,5
15048,"additive noise",2,5
15049,"confirming earlier",2,5
15050,"kcal mol",2,5
15051,"azimuthal asymmetries",2,5
15052,"reasons why",2,5
15053,"submm galaxies",2,5
15054,"ultraluminous infrared",2,5
15055,"omega centauri",2,5
15056,"emitting material",2,5
15057,"multiband imaging photometer",3,5
15058,"remain undetected",2,5
15059,"observational limits",2,5
15060,"infrared array camera irac",4,5
15061,"radial position",2,5
15062,"sugra model",2,5
15063,"oh absorption",2,5
15064,"quasi steady",2,5
15065,"halpha emission",2,5
15066,"current deep",2,5
15067,"fuv flux",2,5
15068,"post asymptotic giant",3,5
15069,"nfw halos",2,5
15070,"parkes telescope",2,5
15071,"thin accretion",2,5
15072,"intensity profile",2,5
15073,"two gaussians",2,5
15074,"al 2004a",2,5
15075,"size distribution function",3,5
15076,"quasar jets",2,5
15077,"absorbing material",2,5
15078,"photon emission lines",3,5
15079,"electron cyclotron",2,5
15080,"v4332 sgr",2,5
15081,"spread function psf",3,5
15082,"long living",2,5
15083,"molecular cloud cores",3,5
15084,"baryonic component",2,5
15085,"gro j1655-40",2,5
15086,"dark matter halos around",4,5
15087,"poor halo stars",3,5
15088,"gauge mediated supersymmetry breaking",4,5
15089,"nobeyama millimeter array",3,5
15090,"two dimensional hilbert",3,5
15091,"recurrence time",2,5
15092,"calogero moser",2,5
15093,"taylor series expansion",3,5
15094,"spin holonomy",2,5
15095,"donaldson thomas",2,5
15096,"bochner integral",2,5
15097,"riemannian metrics",2,5
15098,"cartesian product",2,5
15099,"adjacent vertex cover",3,5
15100,"site percolation",2,5
15101,"fourth root",2,5
15102,"gr obner",2,5
15103,"additive gaussian white noise",4,5
15104,"semi simple lie group",4,5
15105,"soc ser",2,5
15106,"common proper",2,5
15107,"natural selection",2,5
15108,"simplicial sets",2,5
15109,"hypercubic lattices",2,5
15110,"nano structured",2,5
15111,"order parameter regimes",3,5
15112,"large scale free network",4,5
15113,"electron density functional",3,5
15114,"rg approach",2,5
15115,"particle beams",2,5
15116,"phase epitaxy",2,5
15117,"disordered materials",2,5
15118,"decaying particle",2,5
15119,"buffer layer",2,5
15120,"remarkably consistent",2,5
15121,"normal stress",2,5
15122,"high precision studies",3,5
15123,"boron doped diamond",3,5
15124,"length scale structures",3,5
15125,"highly elongated",2,5
15126,"transition temperature tn",3,5
15127,"bright soliton",2,5
15128,"continuous time series",3,5
15129,"grand canonical ensembles",3,5
15130,"ga bi",2,5
15131,"feynman path integral representation",4,5
15132,"bouncing universe",2,5
15133,"newton potential",2,5
15134,"warp drive",2,5
15135,"see http",2,5
15136,"negative cosmological models",3,5
15137,"chemical potential applications",3,5
15138,"odd integer",2,5
15139,"ca 2-x",2,5
15140,"reviewed emphasizing",2,5
15141,"times10 ev",2,5
15142,"charged current cc",3,5
15143,"ghost fields",2,5
15144,"dimensional spatiotemporal",2,5
15145,"dimensionless coupling constant",3,5
15146,"inelastic channels",2,5
15147,"scalar diquark",2,5
15148,"parity violating processes",3,5
15149,"perturbative qcd factorization",3,5
15150,"fully covariant",2,5
15151,"topological arguments",2,5
15152,"beam facility",2,5
15153,"hot big bang",3,5
15154,"quark content",2,5
15155,"symmetric channel",2,5
15156,"hard diffractive",2,5
15157,"basic ingredient",2,5
15158,"entanglement witnesses",2,5
15159,"lamb dicke",2,5
15160,"diode laser",2,5
15161,"dipole trap",2,5
15162,"schrodinger cat",2,5
15163,"operator valued measures",3,5
15164,"intuitive explanation",2,5
15165,"mutually unbiased bases mubs",4,5
15166,"field cooled",2,5
15167,"partial transpose",2,5
15168,"quantum bits",2,5
15169,"rr flux",2,5
15170,"slavnov taylor",2,5
15171,"renormalization group velocity",3,5
15172,"friedmann robertson walker universe",4,5
15173,"t2 z2",2,5
15174,"dimensional supergravity",2,5
15175,"direct link",2,5
15176,"harmonic map",2,5
15177,"meson cloud",2,5
15178,"electromagnetic transitions",2,5
15179,"lattice volumes",2,5
15180,"interactions fsi",2,5
15181,"dis off nuclei",3,5
15182,"nuclear spin dependent",3,5
15183,"protein structures",2,5
15184,"phase matched",2,5
15185,"theoretical advances",2,5
15186,"paul scherrer institute",3,5
15187,"multi soliton model",3,5
15188,"analytically continued",2,5
15189,"21cm line",2,5
15190,"level filling",2,5
15191,"self calibration",2,5
15192,"nebular emission lines",3,5
15193,"dust obscuration",2,5
15194,"ubvri photometry",2,5
15195,"cat space",2,5
15196,"3d mhd",2,5
15197,"giant planets orbiting",3,5
15198,"pre main sequence stars",4,5
15199,"long enough",2,5
15200,"radio counterparts",2,5
15201,"holes bhs",2,5
15202,"energy balance",2,5
15203,"primary cosmic rays",3,5
15204,"spectrum synthesis",2,5
15205,"moderate magnetic field",3,5
15206,"after removing",2,5
15207,"similar statement",2,5
15208,"meromorphic function",2,5
15209,"gauss hypergeometric functions",3,5
15210,"second countable",2,5
15211,"sharp upper bounds",3,5
15212,"attracting fixed point",3,5
15213,"edwards anderson",2,5
15214,"bychkov rashba",2,5
15215,"ray photoelectron spectroscopy",3,5
15216,"clearly separated",2,5
15217,"laser irradiation",2,5
15218,"ion implantation",2,5
15219,"contact line",2,5
15220,"lipkin meshkov glick",3,5
15221,"gross pitaevskii gp",3,5
15222,"time dependent ginzburg landau",4,5
15223,"fully coherent",2,5
15224,"gas inflow",2,5
15225,"cartesian grid",2,5
15226,"universe expands",2,5
15227,"open problems concerning",3,5
15228,"quantum teleportation",2,5
15229,"phase estimation",2,5
15230,"bogoliubov transformation",2,5
15231,"quantum key distribution protocol",4,5
15232,"four bell",2,5
15233,"plausible assumptions",2,5
15234,"multipartite entanglement sharing",3,5
15235,"standard model sm like",4,5
15236,"selex collaboration",2,5
15237,"chargino pair production",3,5
15238,"fine tuning mechanism",3,5
15239,"theta production cross section",4,5
15240,"relative branching ratio",3,5
15241,"sea quark",2,5
15242,"hadronization process",2,5
15243,"supersymmetry breaking mechanisms",3,5
15244,"frw brane",2,5
15245,"loop dilatation operator",3,5
15246,"ruijsenaars schneider",2,5
15247,"flavor symmetry breaking",3,5
15248,"psi 2s",2,5
15249,"4s bbbar decays",3,5
15250,"first order nlo qcd",4,5
15251,"neutrino nucleus reactions",3,5
15252,"field theory eft",3,5
15253,"body physics",2,5
15254,"radiation damping",2,5
15255,"exponential potentials",2,5
15256,"single stranded",2,5
15257,"brans dicke scalar fields",4,5
15258,"energy deposition",2,5
15259,"base rings",2,5
15260,"binary quadratic forms",3,5
15261,"singular isothermal",2,5
15262,"distance determinations",2,5
15263,"analytical estimates",2,5
15264,"gas accretion disk",3,5
15265,"pair plasma",2,5
15266,"limited surveys",2,5
15267,"kekb asymmetric energy distributions",4,5
15268,"jefferson laboratory",2,5
15269,"current world average",3,5
15270,"cp violating asymmetries",3,5
15271,"flip scattering",2,5
15272,"numerical renormalization group nrg",4,5
15273,"photo production",2,5
15274,"van dam",2,5
15275,"emph et",2,5
15276,"radial schr odinger equation",4,5
15277,"verblunsky coefficients",2,5
15278,"under extreme",2,5
15279,"topics course",2,5
15280,"hurst exponent",2,5
15281,"atomic layers",2,5
15282,"weakly interacting bosons",3,5
15283,"heart rate",2,5
15284,"breaking pattern",2,5
15285,"few nucleon systems",3,5
15286,"interparticle interaction",2,5
15287,"muonic hydrogen",2,5
15288,"international linear collider lhc",4,5
15289,"lin lunin",2,5
15290,"magneto optic",2,5
15291,"quantitative estimates",2,5
15292,"upper scorpius",2,5
15293,"galex observations",2,5
15294,"yakutsk eas array",3,5
15295,"dilute gases",2,5
15296,"unitarity cuts",2,5
15297,"overdense plasmas",2,5
15298,"first unambiguous discrimination",3,4
15299,"berry phase approximation",3,4
15300,"partite quantum",2,4
15301,"dense coding theory",3,4
15302,"preserving maps",2,4
15303,"reduced density operators",3,4
15304,"quantum query",2,4
15305,"lowering operators",2,4
15306,"minimum spanning",2,4
15307,"raman transitions",2,4
15308,"plaquette gauge coupling",3,4
15309,"average fidelity decay",3,4
15310,"quantum zeno effect",3,4
15311,"non local realistic",3,4
15312,"fermionic atom",2,4
15313,"wigner transformation",2,4
15314,"diatomic molecule",2,4
15315,"raman processes",2,4
15316,"non linear transformations",3,4
15317,"fractional revivals",2,4
15318,"basic thermodynamic",2,4
15319,"long time series",3,4
15320,"gaussian random walk",3,4
15321,"flip flop",2,4
15322,"collinear magnetic moments",3,4
15323,"magnetic resonance peak",3,4
15324,"threshold value problem",3,4
15325,"magnetic flux pinning",3,4
15326,"ferroelectric phase transitions",3,4
15327,"charge imbalance",2,4
15328,"zero bias voltage",3,4
15329,"anomalous magnetic ordering",3,4
15330,"wave propagation speed",3,4
15331,"femtosecond laser pulse",3,4
15332,"short time resolved",3,4
15333,"triplet pairing",2,4
15334,"nmr signal",2,4
15335,"key distribution function",3,4
15336,"strong pinning",2,4
15337,"multi band hubbard model",4,4
15338,"time domain fdtd simulations",4,4
15339,"eventually disappears",2,4
15340,"quasiparticle residue",2,4
15341,"fermion mixtures",2,4
15342,"polarized fermi",2,4
15343,"radiated energy",2,4
15344,"doped la",2,4
15345,"cooperative jahn teller effect",4,4
15346,"metastable helium",2,4
15347,"ag films",2,4
15348,"shear bands",2,4
15349,"free energy dissipation",3,4
15350,"inter dot",2,4
15351,"birth death processes",3,4
15352,"diffusion constants",2,4
15353,"imposes strong constraints",3,4
15354,"atoms confined within",3,4
15355,"phonon induced",2,4
15356,"crepant resolution",2,4
15357,"first error bounds",3,4
15358,"lefschetz pencils",2,4
15359,"exterior differential forms",3,4
15360,"indifferent fixed point",3,4
15361,"finite dimensional torus",3,4
15362,"affine weyl",2,4
15363,"littlewood richardson",2,4
15364,"quantitative spectral",2,4
15365,"planar binary trees",3,4
15366,"renyi entropy",2,4
15367,"translation invariant measure",3,4
15368,"base ring",2,4
15369,"countably infinite sets",3,4
15370,"singularity structure functions",3,4
15371,"witten invariants",2,4
15372,"algebraic closure bar",3,4
15373,"rational approximations",2,4
15374,"symbolic dynamics",2,4
15375,"push forward",2,4
15376,"finite simplicial",2,4
15377,"brittle materials",2,4
15378,"celestial mechanics",2,4
15379,"moody group",2,4
15380,"affine kac",2,4
15381,"unique factorization",2,4
15382,"riemannian manifolds admitting",3,4
15383,"odd prime number",3,4
15384,"sparse random graph",3,4
15385,"reflection groups",2,4
15386,"differentiable structure",2,4
15387,"transcendence degree",2,4
15388,"hyperelliptic riemann surface",3,4
15389,"lie superalgebra",2,4
15390,"kahler metrics",2,4
15391,"period derivative",2,4
15392,"rational homology class",3,4
15393,"abstract interpretation",2,4
15394,"contact manifolds",2,4
15395,"term recurrence",2,4
15396,"primary ideal",2,4
15397,"seiberg witten invariants",3,4
15398,"simply connected components",3,4
15399,"evy process",2,4
15400,"19th century",2,4
15401,"cherednik algebras",2,4
15402,"weighted lp",2,4
15403,"pseudo differential equations",3,4
15404,"weighted lp spaces",3,4
15405,"differential graded lie algebra",4,4
15406,"de jong",2,4
15407,"knot diagrams",2,4
15408,"isotopy classes",2,4
15409,"monte carlo qmc",3,4
15410,"transverse ising model",3,4
15411,"puts strong",2,4
15412,"semi quantitatively",2,4
15413,"mobile particles",2,4
15414,"nonequilibrium steady",2,4
15415,"effect transistors fets",3,4
15416,"linear response functions",3,4
15417,"magnetic frustration",2,4
15418,"ising spin chains",3,4
15419,"quasiparticle excitation gap",3,4
15420,"bogoliubov de gennes equation",4,4
15421,"quasi particle physics",3,4
15422,"semiconductor quantum interference",3,4
15423,"phonon assisted",2,4
15424,"plasma frequency omega",3,4
15425,"high temperature tc cuprates",4,4
15426,"semi infinite chain",3,4
15427,"fully packed loop",3,4
15428,"energy gap equation",3,4
15429,"nonperturbative renormalization group",3,4
15430,"underlying network topology",3,4
15431,"water molecule",2,4
15432,"bechgaard salts",2,4
15433,"gave rise",2,4
15434,"average shortest",2,4
15435,"irreversibility field",2,4
15436,"low energy density approximation",4,4
15437,"incommensurate phases",2,4
15438,"spin ladders",2,4
15439,"charge disproportionation",2,4
15440,"dramatic consequences",2,4
15441,"abelian gauge fields",3,4
15442,"landau level filling factor",4,4
15443,"phase slip",2,4
15444,"spatial clustering",2,4
15445,"low energy ec",3,4
15446,"phase gate voltage",3,4
15447,"freely expanding",2,4
15448,"down conversion",2,4
15449,"absorbing boundary",2,4
15450,"fermi energy density approximation",4,4
15451,"md simulation",2,4
15452,"single domain wall",3,4
15453,"mobility 2d",2,4
15454,"time resolved faraday rotation",4,4
15455,"optical response function",3,4
15456,"tunneling microscopy stm",3,4
15457,"residual resistivity",2,4
15458,"homologous series",2,4
15459,"depinning transition",2,4
15460,"orbital ordered",2,4
15461,"non interacting bosons",3,4
15462,"staggered flux",2,4
15463,"wannier function",2,4
15464,"edge channels",2,4
15465,"electric dipole interaction",3,4
15466,"lattice depth",2,4
15467,"cold rubidium",2,4
15468,"shot noise induced",3,4
15469,"inelastic tunneling current",3,4
15470,"continuous wavelet transform",3,4
15471,"canonical monte carlo",3,4
15472,"polar decomposition",2,4
15473,"fermi mixture",2,4
15474,"probability distribution function pdf",4,4
15475,"specific heat flux",3,4
15476,"fine structures",2,4
15477,"charging energy",2,4
15478,"spontaneous interlayer",2,4
15479,"scale free network topology",4,4
15480,"linear schrodinger",2,4
15481,"vibrational excitations",2,4
15482,"weakly correlated",2,4
15483,"phases coexist",2,4
15484,"highest occupied",2,4
15485,"electron density functional calculations",4,4
15486,"vapor phase",2,4
15487,"electronic specific heat coefficient gamma",5,4
15488,"quantum dots embedded",3,4
15489,"charge transport equations",3,4
15490,"anomalous magnetic properties",3,4
15491,"bare electron",2,4
15492,"functional integral equation",3,4
15493,"bardeen cooper schrieffer",3,4
15494,"films prepared",2,4
15495,"parameter alpha particle",3,4
15496,"quasi simultaneous",2,4
15497,"quenched disorder induced",3,4
15498,"high frequency dependent",3,4
15499,"half metallic ferromagnets",3,4
15500,"weak inter",2,4
15501,"small polaron",2,4
15502,"na content",2,4
15503,"single crystal growth",3,4
15504,"extended hubbard models",3,4
15505,"discrete time scale",3,4
15506,"de haas oscillations",3,4
15507,"mechanisms governing",2,4
15508,"beta pyrochlore oxides",3,4
15509,"dusty plasma crystals",3,4
15510,"ray diffraction xrd",3,4
15511,"globally hyperbolic manifolds",3,4
15512,"laboratory photon",2,4
15513,"densely packed",2,4
15514,"fabry perot interferometer",3,4
15515,"rest mass ratio",3,4
15516,"nonrelativistic limit",2,4
15517,"inflationary phase space",3,4
15518,"pair production rate",3,4
15519,"gravitational waves gw",3,4
15520,"travelling wave equation",3,4
15521,"residual gauge fields",3,4
15522,"newman penrose",2,4
15523,"radiation force",2,4
15524,"spin foam models",3,4
15525,"inverse power law behavior",4,4
15526,"angular parts",2,4
15527,"lapse function",2,4
15528,"axi symmetric",2,4
15529,"unruh temperature",2,4
15530,"killing horizon",2,4
15531,"coma cluster environment",3,4
15532,"solar masses per",3,4
15533,"order parameter estimation",3,4
15534,"gemini deep survey",3,4
15535,"rare earth elements",3,4
15536,"gradient algorithm",2,4
15537,"south cdfs",2,4
15538,"galaxy population synthesis",3,4
15539,"flow adaf",2,4
15540,"ray emission comes",3,4
15541,"burst grb host galaxy",4,4
15542,"false positives",2,4
15543,"planck mass spectrum",3,4
15544,"model atmosphere code",3,4
15545,"thermally emitting",2,4
15546,"doppler tomography",2,4
15547,"low energy densities",3,4
15548,"phase transition frequencies",3,4
15549,"auto correlations",2,4
15550,"homogeneously distributed",2,4
15551,"companion galaxy",2,4
15552,"hot hydrogen rich",3,4
15553,"m31 halo mass",3,4
15554,"hickson compact",2,4
15555,"timing explorer rxte pca",4,4
15556,"large scale structure formation process",5,4
15557,"energy loss rate",3,4
15558,"moderate redshifts",2,4
15559,"ogle iii stars",3,4
15560,"basic photometric observations",3,4
15561,"optical spectra cover",3,4
15562,"faint radio emission",3,4
15563,"tremaine weinberg",2,4
15564,"s0 galaxies",2,4
15565,"centrifugal force",2,4
15566,"burst grb jets",3,4
15567,"carina nebula",2,4
15568,"emission line seyfert galaxies",4,4
15569,"wolf rayet star",3,4
15570,"dust extinction curve",3,4
15571,"astronomical images",2,4
15572,"non orthogonal basis",3,4
15573,"virial radius relation",3,4
15574,"non baryonic",2,4
15575,"iron emission",2,4
15576,"star formation rate sfr",4,4
15577,"relativistic outflow",2,4
15578,"around kev band",3,4
15579,"linear optical spectroscopy",3,4
15580,"position velocity fields",3,4
15581,"double white",2,4
15582,"dwarf companion star",3,4
15583,"cross correlation function",3,4
15584,"current observational constraints",3,4
15585,"confusion noise",2,4
15586,"high degree distribution",3,4
15587,"microwave anisotropy probe wmap observations",5,4
15588,"depth tau",2,4
15589,"dust temperatures",2,4
15590,"small magellanic cloud",3,4
15591,"lyman continuum",2,4
15592,"strongly clustered",2,4
15593,"ccd cameras",2,4
15594,"photometric precision",2,4
15595,"keplerian rotation",2,4
15596,"shorter timescales",2,4
15597,"seyfert galaxy mrk",3,4
15598,"ultraviolet spectroscopic data",3,4
15599,"canada france",2,4
15600,"outer envelope",2,4
15601,"tidal dwarf galaxy formation",4,4
15602,"dwarf irregular",2,4
15603,"small portion",2,4
15604,"ultraviolet radiation",2,4
15605,"hot halo",2,4
15606,"gaseous component",2,4
15607,"diffuse emission line",3,4
15608,"total hi",2,4
15609,"square arcminute",2,4
15610,"temperatures below tc",3,4
15611,"canadian galactic plane",3,4
15612,"pulsar population",2,4
15613,"relativistic aberration",2,4
15614,"clouds hvcs",2,4
15615,"cool gas phase",3,4
15616,"local interstellar",2,4
15617,"luminous agns",2,4
15618,"silicate feature",2,4
15619,"host galaxy ic",3,4
15620,"solar dynamo model",3,4
15621,"co added",2,4
15622,"population synthesis techniques",3,4
15623,"eastern side",2,4
15624,"phase portraits",2,4
15625,"external electromagnetic field",3,4
15626,"cosmic microwave anisotropy probe wmap",5,4
15627,"nir observations",2,4
15628,"rotation axes",2,4
15629,"stereoscopic system",2,4
15630,"galaxy mkn",2,4
15631,"color magnitude diagrams cmds",4,4
15632,"deep minimum",2,4
15633,"wavelet coefficients",2,4
15634,"transient source igr",3,4
15635,"fireball evolution",2,4
15636,"accreting neutron star",3,4
15637,"warm dust emission",3,4
15638,"mid infrared excess",3,4
15639,"vlbi images",2,4
15640,"agn jets",2,4
15641,"pg1159 stars",2,4
15642,"mhd jets",2,4
15643,"ia supernova sn",3,4
15644,"cool component",2,4
15645,"single mode oscillations",3,4
15646,"anomalous cepheids",2,4
15647,"pulsar xte",2,4
15648,"absolutely stable",2,4
15649,"spectral synthesis code",3,4
15650,"chandra satellite",2,4
15651,"ly alpha emitters",3,4
15652,"sio maser emission",3,4
15653,"nuclear starburst galaxy formation",4,4
15654,"circumstellar dust shells",3,4
15655,"point agape",2,4
15656,"mass function imf",3,4
15657,"non thermal noise",3,4
15658,"ray astronomy",2,4
15659,"two body simulation",3,4
15660,"metallicity spread",2,4
15661,"blue compact",2,4
15662,"barred galaxies",2,4
15663,"nitrogen abundance",2,4
15664,"planetary companions",2,4
15665,"cosmic ray spectra",3,4
15666,"terminal velocities",2,4
15667,"stis observations",2,4
15668,"si iv",2,4
15669,"weak lensing analysis",3,4
15670,"correlated isocurvature",2,4
15671,"external shock",2,4
15672,"cold accretion flow",3,4
15673,"deep field centered",3,4
15674,"black hole sgr",3,4
15675,"rest frame optical spectroscopy",4,4
15676,"multi band images",3,4
15677,"giant elliptical galaxy",3,4
15678,"dwarf cooling",2,4
15679,"time span",2,4
15680,"unusually high velocity",3,4
15681,"orion nebula cluster",3,4
15682,"extrasolar planet orbiting",3,4
15683,"heat coefficient",2,4
15684,"low mass accretion disk",4,4
15685,"stokes equations",2,4
15686,"unbiased sample",2,4
15687,"orbital eccentricity",2,4
15688,"visibility data",2,4
15689,"external medium",2,4
15690,"observatories origins deep survey goods",5,4
15691,"giant molecular gas",3,4
15692,"fitting formula",2,4
15693,"astro e2",2,4
15694,"peak intensities",2,4
15695,"nebula ngc",2,4
15696,"eclipsing binaries",2,4
15697,"hydrogen column density",3,4
15698,"large scale structure constant",4,4
15699,"gravitational lensing measurements",3,4
15700,"being planned",2,4
15701,"circumstellar disc",2,4
15702,"astronomical observatory",2,4
15703,"infalling matter",2,4
15704,"proto neutron star",3,4
15705,"hole mass fraction",3,4
15706,"shell surrounding",2,4
15707,"kelvin helmholtz",2,4
15708,"tidal interaction",2,4
15709,"telescope hst images",3,4
15710,"poloidal magnetic",2,4
15711,"quadrupole formula",2,4
15712,"north galactic",2,4
15713,"continuum flux variations",3,4
15714,"skin depth",2,4
15715,"cold dark matter halo",4,4
15716,"tidal circularization",2,4
15717,"pre equilibrium",2,4
15718,"taurus molecular cloud",3,4
15719,"modified newtonian dynamics mond",4,4
15720,"rich dwarf galaxies",3,4
15721,"halo concentration",2,4
15722,"globular cluster members",3,4
15723,"galaxy clusters gcs",3,4
15724,"oii emission lines",3,4
15725,"sculptor group",2,4
15726,"likelihood estimation",2,4
15727,"hierarchical galaxy",2,4
15728,"geomagnetic field",2,4
15729,"young stellar surface",3,4
15730,"ultrahigh energy cosmic",3,4
15731,"neutrino absorption",2,4
15732,"fe xxvi",2,4
15733,"precise doppler",2,4
15734,"median redshift survey",3,4
15735,"hydrogen column",2,4
15736,"binary hmxb",2,4
15737,"radio source 3eg",3,4
15738,"noble gases",2,4
15739,"gamma ray background",3,4
15740,"strongly interacting fermions",3,4
15741,"baryon number conservation",3,4
15742,"lepton universality",2,4
15743,"collision term",2,4
15744,"pion mass function",3,4
15745,"charged lepton number",3,4
15746,"lepton number violation",3,4
15747,"high temperatures below tc",4,4
15748,"three flavor locked cfl",4,4
15749,"light higgs production",3,4
15750,"vector boson fusion",3,4
15751,"minimal supersymmetric qcd",3,4
15752,"charge radii",2,4
15753,"pseudo goldstone bosons",3,4
15754,"model independent determinations",3,4
15755,"lepton electric",2,4
15756,"einstein hilbert",2,4
15757,"summed over",2,4
15758,"mass splittings",2,4
15759,"pt hadron",2,4
15760,"conference summary talk",3,4
15761,"quark mass matrix",3,4
15762,"vector boson masses",3,4
15763,"largely insensitive",2,4
15764,"spin susceptibility chi",3,4
15765,"non local moment",3,4
15766,"supersymmetric grand unification scale",4,4
15767,"relative branching ratios",3,4
15768,"flavor violating processes",3,4
15769,"breaking occurs",2,4
15770,"absolute flux",2,4
15771,"nuclear physics program",3,4
15772,"reconnection events",2,4
15773,"cern lep",2,4
15774,"radiative decay channels",3,4
15775,"proton decay rate",3,4
15776,"gravitino problem",2,4
15777,"h0 tau",2,4
15778,"lepton flavor violating processes",4,4
15779,"two dimensional qed",3,4
15780,"relativistic heavy quarks",3,4
15781,"astrophysical sites",2,4
15782,"psi suppression",2,4
15783,"bi maximal mixing matrix",4,4
15784,"pump probe beam",3,4
15785,"inverse scattering problems",3,4
15786,"event reconstruction",2,4
15787,"si ii",2,4
15788,"non relativistic electrons",3,4
15789,"hole asymmetry",2,4
15790,"fano resonance",2,4
15791,"cubic lattice points",3,4
15792,"decimal digits",2,4
15793,"liquid water ice",3,4
15794,"chain direction",2,4
15795,"avoided crossing",2,4
15796,"wigner molecules",2,4
15797,"non perturbative treatment",3,4
15798,"poisson boltzmann equations",3,4
15799,"energy momentum transfers",3,4
15800,"global vlbi",2,4
15801,"quasi geostrophic",2,4
15802,"2d optical",2,4
15803,"abhay ashtekar",2,4
15804,"key generation",2,4
15805,"free electron bunch",3,4
15806,"accelerator center",2,4
15807,"vlasov maxwell",2,4
15808,"nonlinear magneto",2,4
15809,"permanent electric fields",3,4
15810,"planetesimal formation",2,4
15811,"quantum critical dimension",3,4
15812,"rotating black",2,4
15813,"abelian gauge invariance",3,4
15814,"closed bosonic",2,4
15815,"visible brane",2,4
15816,"kk mode",2,4
15817,"grassmann algebra",2,4
15818,"effective superpotential",2,4
15819,"after integrating over",3,4
15820,"supersymmetry breaking pattern",3,4
15821,"radius stabilization mechanism",3,4
15822,"mills equations",2,4
15823,"super conformal field theory",4,4
15824,"pp waves",2,4
15825,"adjoint scalar",2,4
15826,"string frame",2,4
15827,"mit bag",2,4
15828,"creation rate",2,4
15829,"de sitter background metric",4,4
15830,"frw universe filled",3,4
15831,"ising universality",2,4
15832,"commutative geometry",2,4
15833,"too strongly",2,4
15834,"bosonic string worldsheet",3,4
15835,"non abelian groups",3,4
15836,"gyromagnetic ratio",2,4
15837,"massive vector",2,4
15838,"torus fibered",2,4
15839,"gravitational chern simons theory",4,4
15840,"ginzburg landau level",3,4
15841,"brans dicke scalar field",4,4
15842,"tadpole cancellation conditions",3,4
15843,"iia string theory",3,4
15844,"connes kreimer hopf algebra",4,4
15845,"calabi yau orientifolds",3,4
15846,"susy algebra",2,4
15847,"canonical partition function",3,4
15848,"mathematically rigorous",2,4
15849,"free path integral",3,4
15850,"corrected local",2,4
15851,"toric calabi yau manifolds",4,4
15852,"susy yang mills theory",4,4
15853,"intrinsic length scale",3,4
15854,"radius stabilization",2,4
15855,"three dimensional regularization",3,4
15856,"uv finite",2,4
15857,"vacuum energy momentum",3,4
15858,"decaying vacuum",2,4
15859,"metric perturbation theory",3,4
15860,"functional integration",2,4
15861,"einstein gauss bonnet",3,4
15862,"pure spinor",2,4
15863,"soft susy breaking",3,4
15864,"gluon field",2,4
15865,"relativistic quantum gravity",3,4
15866,"purely imaginary",2,4
15867,"petri nets",2,4
15868,"triple differential",2,4
15869,"tagged photon",2,4
15870,"quark mass matrix element",4,4
15871,"opal detector",2,4
15872,"flavor violating asymmetry",3,4
15873,"pile up",2,4
15874,"combined action",2,4
15875,"showers eas array",3,4
15876,"nominal value",2,4
15877,"tc simeq",2,4
15878,"multi parameter reweighting",3,4
15879,"abelian group actions",3,4
15880,"quantized radiation field",3,4
15881,"3d ising model",3,4
15882,"stochastic loewner",2,4
15883,"covariance principle",2,4
15884,"optical switching",2,4
15885,"rigid rotation",2,4
15886,"nonlinear partial differential equations",4,4
15887,"passive scalar",2,4
15888,"reynolds numbers",2,4
15889,"functions pdf",2,4
15890,"cahn hilliard equation",3,4
15891,"molecular dynamics md simulation",4,4
15892,"lattice hierarchy",2,4
15893,"network topologies",2,4
15894,"coupled map lattices",3,4
15895,"electrically conducting fluid",3,4
15896,"generalized darboux transformation",3,4
15897,"muon lifetime",2,4
15898,"multifragmentation model",2,4
15899,"low energy tail",3,4
15900,"longitudinally polarized electrons",3,4
15901,"plastic scintillator",2,4
15902,"plot analysis",2,4
15903,"proton synchrotron",2,4
15904,"modes dominate",2,4
15905,"alpha clustering",2,4
15906,"binding energy momentum",3,4
15907,"giant dipole",2,4
15908,"target nucleus reactions",3,4
15909,"operator product expansion ope",4,4
15910,"buu transport",2,4
15911,"light front form",3,4
15912,"obtaining high",2,4
15913,"lattice gas phase",3,4
15914,"epidemic model",2,4
15915,"helix coil",2,4
15916,"lotka volterra",2,4
15917,"highest occupied molecular orbital",4,4
15918,"transcriptional regulation",2,4
15919,"free energy barriers",3,4
15920,"knill laflamme",2,4
15921,"left handed media",3,4
15922,"schmidt decomposition",2,4
15923,"dirac hamiltonian formulation",3,4
15924,"via spontaneous emission",3,4
15925,"stimulated parametric down conversion",4,4
15926,"deposition rate",2,4
15927,"stabilizer codes",2,4
15928,"quantum computer simulations",3,4
15929,"covariant cloning",2,4
15930,"non gaussian character",3,4
15931,"fiber taper",2,4
15932,"bit error rate",3,4
15933,"greatly simplified",2,4
15934,"pulsed laser pulses",3,4
15935,"graph theoretic",2,4
15936,"ultra slow",2,4
15937,"logarithmic negativity",2,4
15938,"teleportation protocol",2,4
15939,"spin filter",2,4
15940,"quasi elastic scattering",3,4
15941,"narrow band structure",3,4
15942,"scalable quantum computer",3,4
15943,"initial state preparation",3,4
15944,"time reversal symmetric",3,4
15945,"traveling wave",2,4
15946,"induced transparency",2,4
15947,"distribution protocol",2,4
15948,"multi photon number",3,4
15949,"adiabatic transitions",2,4
15950,"xxz spin",2,4
15951,"orthogonally polarized",2,4
15952,"jacobi formalism",2,4
15953,"distant parties",2,4
15954,"single photon emission",3,4
15955,"gravitational wave function",3,4
15956,"gaussian random matrix models",4,4
15957,"anomalous scaling behavior",3,4
15958,"vortex filament",2,4
15959,"finite coxeter",2,4
15960,"planck scale structure",3,4
15961,"recursion relation",2,4
15962,"angular velocities",2,4
15963,"remain valid",2,4
15964,"weak broad band",3,4
15965,"isaac newton observations",3,4
15966,"iso survey",2,4
15967,"ray sources ulxs",3,4
15968,"circumnuclear disk galaxies",3,4
15969,"hydrostatic pressures",2,4
15970,"observational data indicate",3,4
15971,"iso sws",2,4
15972,"gravoturbulent fragmentation",2,4
15973,"am cvn",2,4
15974,"qso absorption systems",3,4
15975,"energy cosmic microwave background",4,4
15976,"profile fits",2,4
15977,"days later",2,4
15978,"starburst episode",2,4
15979,"metallicity distribution function",3,4
15980,"simulated data sets",3,4
15981,"primary cosmic ray",3,4
15982,"weak gravitational lensing analysis",4,4
15983,"elliptical galaxy clusters",3,4
15984,"sw sex stars",3,4
15985,"pre shock",2,4
15986,"reflection grating",2,4
15987,"host galaxy ngc",3,4
15988,"astrophysical jets",2,4
15989,"significant variability properties",3,4
15990,"mid ir wavelengths",3,4
15991,"near infrared excess emission",4,4
15992,"chandra observations abridged",3,4
15993,"archival hst wfpc2",3,4
15994,"sky position",2,4
15995,"two photon flux",3,4
15996,"lensed quasars",2,4
15997,"quark condensate",2,4
15998,"moderately high resolution",3,4
15999,"per million",2,4
16000,"dark matter cdm",3,4
16001,"per myr",2,4
16002,"sub stellar companions",3,4
16003,"red dwarfs",2,4
16004,"limit imposed",2,4
16005,"parent galaxy",2,4
16006,"ray pulsars",2,4
16007,"quasar absorption lines",3,4
16008,"timing solutions",2,4
16009,"gamma ray observatory",3,4
16010,"small magellanic",2,4
16011,"la silla",2,4
16012,"highly reddened",2,4
16013,"deep field theory",3,4
16014,"sub planckian",2,4
16015,"spinor formalism",2,4
16016,"schwarzschild black",2,4
16017,"gravitational collapse leading",3,4
16018,"black hole mass spectrum",4,4
16019,"alternating sign",2,4
16020,"superspace approach",2,4
16021,"apparent horizons",2,4
16022,"summary talk",2,4
16023,"qnm frequencies",2,4
16024,"trans planckian physics",3,4
16025,"highly constrained",2,4
16026,"dynamical stability analysis",3,4
16027,"spin foam",2,4
16028,"universal extra",2,4
16029,"tangent space time",3,4
16030,"quantum grav",2,4
16031,"viscous dissipation",2,4
16032,"prime divisors",2,4
16033,"homology sphere",2,4
16034,"holomorphic sections",2,4
16035,"exponent theta",2,4
16036,"compact hausdorff space",3,4
16037,"inverse square root",3,4
16038,"complete generality",2,4
16039,"equivariant cohomology ring",3,4
16040,"cyclic homology groups",3,4
16041,"lattice polytope",2,4
16042,"6j symbols",2,4
16043,"multiple harmonic sums",3,4
16044,"monge amp ere",3,4
16045,"smooth projective spaces",3,4
16046,"color maps",2,4
16047,"direct summand",2,4
16048,"pure imaginary",2,4
16049,"non compact objects",3,4
16050,"explicit descriptions",2,4
16051,"convolution integral",2,4
16052,"virtual knot",2,4
16053,"jacobi matrices",2,4
16054,"random phase transition temperature",4,4
16055,"orientable surface",2,4
16056,"direct sums",2,4
16057,"jacobson radical",2,4
16058,"quadratic differential",2,4
16059,"weakly hyperbolic",2,4
16060,"tutte polynomial",2,4
16061,"levi civita connection",3,4
16062,"informal notes briefly",3,4
16063,"cat states",2,4
16064,"semistable vector",2,4
16065,"affine transformations",2,4
16066,"complete riemannian",2,4
16067,"link invariant measure",3,4
16068,"non archimedean",2,4
16069,"compact lie group actions",4,4
16070,"ahler geometry",2,4
16071,"non commutative ring",3,4
16072,"pseudodifferential operator",2,4
16073,"pseudo hermitian",2,4
16074,"etale cohomology",2,4
16075,"degenerate critical point",3,4
16076,"orbit closures",2,4
16077,"fiber bundles",2,4
16078,"dimensional tori",2,4
16079,"ruled surfaces",2,4
16080,"analytic approximations",2,4
16081,"milnor fibre",2,4
16082,"incompressible navier stokes equations",4,4
16083,"boolean algebra",2,4
16084,"normal bundles",2,4
16085,"inertial observers",2,4
16086,"pseudo differential operator",3,4
16087,"martingale difference",2,4
16088,"vector manifestation",2,4
16089,"abelian gauge couplings",3,4
16090,"baryon number density fluctuations",4,4
16091,"significant numbers",2,4
16092,"sm prediction",2,4
16093,"screening currents",2,4
16094,"explicit cp violation",3,4
16095,"conversion rate",2,4
16096,"greisen zatsepin",2,4
16097,"heavy majorana",2,4
16098,"cerenkov detector",2,4
16099,"liquid argon tpc",3,4
16100,"tuning mechanism",2,4
16101,"puzzling features",2,4
16102,"bd pi pi0",3,4
16103,"squared difference",2,4
16104,"massive vector field",3,4
16105,"expansion ope",2,4
16106,"non tachyonic",2,4
16107,"mixing matrix renormalization",3,4
16108,"tension brane world",3,4
16109,"weakly interacting massive particles",4,4
16110,"matter wave propagation",3,4
16111,"reactor neutrino oscillations",3,4
16112,"loosely bound state",3,4
16113,"zero binding energy",3,4
16114,"two photon colliders",3,4
16115,"next lightest supersymmetric",3,4
16116,"multiple harmonic",2,4
16117,"ckm matrix models",3,4
16118,"ladder diagrams",2,4
16119,"bar partial widths",3,4
16120,"flavor singlet",2,4
16121,"rapidity distribution",2,4
16122,"loop radiative",2,4
16123,"chi c0",2,4
16124,"njl model",2,4
16125,"monte carlo programs",3,4
16126,"collinear factorization approximation",3,4
16127,"landau gauge",2,4
16128,"gluon degrees",2,4
16129,"relativistic heavy quark",3,4
16130,"weak equivalence",2,4
16131,"magnetized neutron star",3,4
16132,"cosmogenic neutrinos",2,4
16133,"strong coupling constant alphas",4,4
16134,"year wmap observations",3,4
16135,"charged higgs boson",3,4
16136,"majorana neutrino masses",3,4
16137,"high energy densities",3,4
16138,"wess zumino witten term",4,4
16139,"mixing matrix element",3,4
16140,"quark diquark model",3,4
16141,"susy qm",2,4
16142,"three body problem",3,4
16143,"dilepton production cross section",4,4
16144,"number density approximation",3,4
16145,"buda lund",2,4
16146,"exchange currents",2,4
16147,"direct sum rules",3,4
16148,"superheavy elements",2,4
16149,"approximation rpa",2,4
16150,"isospin chemical potential",3,4
16151,"rational conformal",2,4
16152,"sectional curvatures",2,4
16153,"bmn correspondence",2,4
16154,"brst symmetry",2,4
16155,"vacuum state vectors",3,4
16156,"classical liouville equation",3,4
16157,"phase space time evolution",4,4
16158,"light cone gauge",3,4
16159,"tachyon matter",2,4
16160,"casimir operator",2,4
16161,"chiral superfield",2,4
16162,"gravitational backgrounds",2,4
16163,"holomorphic vector bundles",3,4
16164,"linear regge trajectory",3,4
16165,"non anticommutative",2,4
16166,"exact solutions admit",3,4
16167,"quasinormal spectrum",2,4
16168,"compact lie",2,4
16169,"non negative real",3,4
16170,"freund rubin",2,4
16171,"angular momentum space time",4,4
16172,"chiral ring",2,4
16173,"dsr theories",2,4
16174,"poisson sigma model",3,4
16175,"renormalization group flows",3,4
16176,"model building blocks",3,4
16177,"poisson sigma models",3,4
16178,"eleven dimensional reduction",3,4
16179,"spectral triples",2,4
16180,"electrically neutral",2,4
16181,"gauss bonnet term",3,4
16182,"scaling law behavior",3,4
16183,"gauge independence",2,4
16184,"zero point correlation function",4,4
16185,"semiclassical methods",2,4
16186,"nambu goto string",3,4
16187,"gross neveu model",3,4
16188,"bundle over s2",3,4
16189,"light cone gauge field theory",5,4
16190,"wightman functions",2,4
16191,"adjoint scalars",2,4
16192,"linear dilaton",2,4
16193,"minimal supergravity coupled",3,4
16194,"number theoretic methods",3,4
16195,"embedded inside",2,4
16196,"gauged linear sigma model",4,4
16197,"efficient evaluation",2,4
16198,"proposed earlier result",3,4
16199,"chosen plaintext attack",3,4
16200,"fractionally charged particles",3,4
16201,"events accumulated",2,4
16202,"cabibbo favored",2,4
16203,"high energies below",3,4
16204,"flow clusters",2,4
16205,"kl pi0",2,4
16206,"time dependent cp asymmetries",4,4
16207,"improved gauge",2,4
16208,"nonzero chemical potential",3,4
16209,"non perturbative computation",3,4
16210,"approx fm",2,4
16211,"formal power",2,4
16212,"optical filaments",2,4
16213,"early types",2,4
16214,"highly relativistic outflow",3,4
16215,"galaxy ic",2,4
16216,"optical identifications",2,4
16217,"galaxies themselves",2,4
16218,"bolometer array",2,4
16219,"extragalactic point sources",3,4
16220,"phase space telescope",3,4
16221,"kuiper belt objects",3,4
16222,"extra galactic plane",3,4
16223,"alpha fe xxvi",3,4
16224,"spectral index gamma",3,4
16225,"azimuthally averaged",2,4
16226,"faint red",2,4
16227,"small aperture telescopes",3,4
16228,"magnetization vector",2,4
16229,"lyman series",2,4
16230,"ovi absorption systems",3,4
16231,"ir continuum",2,4
16232,"diffuse intergalactic",2,4
16233,"spatially resolve",2,4
16234,"highly eccentric",2,4
16235,"eta car",2,4
16236,"ray emission dominates",3,4
16237,"poor halo",2,4
16238,"semi regular",2,4
16239,"extra solar system",3,4
16240,"short orbital periods",3,4
16241,"sdss j1004+4112",2,4
16242,"beta absorption",2,4
16243,"magnetized gas",2,4
16244,"high latitude",2,4
16245,"viewing angle",2,4
16246,"continuum radiative transfer",3,4
16247,"square degree distribution",3,4
16248,"bondi hoyle",2,4
16249,"gaseous halo",2,4
16250,"sunyaev zel dovich sz",4,4
16251,"proportional counter array",3,4
16252,"potential linearized",2,4
16253,"went through",2,4
16254,"warm dust",2,4
16255,"spectral index alpha",3,4
16256,"micron flux limit",3,4
16257,"spherically averaged",2,4
16258,"total flux levels",3,4
16259,"galactic nuclei agns",3,4
16260,"classical cepheids",2,4
16261,"cosmological simulations suggest",3,4
16262,"galactic magnetic",2,4
16263,"time scale invariant",3,4
16264,"sloan digital sky survey 2mass",5,4
16265,"photoionization modeling",2,4
16266,"cyclotron emission",2,4
16267,"mo yr",2,4
16268,"microwave background cmb",3,4
16269,"high altitude",2,4
16270,"halo components",2,4
16271,"density autocorrelation function",3,4
16272,"cdm model",2,4
16273,"bipolar lobes",2,4
16274,"average metallicity",2,4
16275,"sample spans",2,4
16276,"farther away",2,4
16277,"outer disk galaxies",3,4
16278,"ray telescopes",2,4
16279,"pedagogical discussion",2,4
16280,"ambipolar diffusion",2,4
16281,"solar metallicity relation",3,4
16282,"galactic halo mass",3,4
16283,"minor mergers",2,4
16284,"tidal torques",2,4
16285,"high velocity gradient",3,4
16286,"heavy element",2,4
16287,"timing explorer rxte",3,4
16288,"telescope hst acs",3,4
16289,"al 2003b",2,4
16290,"direct urca",2,4
16291,"gas poor",2,4
16292,"free energy distribution function",4,4
16293,"time domain walls",3,4
16294,"ultra fast",2,4
16295,"wide binary",2,4
16296,"ray burst oscillations",3,4
16297,"rest frame uv spectra",4,4
16298,"synthesis code",2,4
16299,"relic neutrino",2,4
16300,"absolute magnitude mv",3,4
16301,"blank field",2,4
16302,"median redshift range",3,4
16303,"outflow rate",2,4
16304,"accretion driven",2,4
16305,"brightness profiles",2,4
16306,"2pigg catalogue",2,4
16307,"gemini south",2,4
16308,"unresolved point sources",3,4
16309,"neutralino annihilation signal",3,4
16310,"peak elements",2,4
16311,"galactic gcs",2,4
16312,"omega cen",2,4
16313,"relativistic electrons accelerated",3,4
16314,"gamma ray emission measure",4,4
16315,"closely matches",2,4
16316,"metallicity distributions",2,4
16317,"hot jupiter",2,4
16318,"too strong",2,4
16319,"stellar pulsation",2,4
16320,"jet like feature",3,4
16321,"ks photometry",2,4
16322,"rates sfrs",2,4
16323,"brightest cluster",2,4
16324,"pressure gradient",2,4
16325,"ii asymmetric",2,4
16326,"butcher oemler effect",3,4
16327,"bare strange",2,4
16328,"narrow line seyfert galaxies nls1s",5,4
16329,"time integrated over",3,4
16330,"deflection angle",2,4
16331,"dispersion managed",2,4
16332,"nature london",2,4
16333,"number density wave",3,4
16334,"atmospheric temperature",2,4
16335,"local density functional theory dft",5,4
16336,"programming approach",2,4
16337,"few seconds after",3,4
16338,"injected energy",2,4
16339,"cm-2 s-1",2,4
16340,"maximum likelihood estimator",3,4
16341,"intense laser fields",3,4
16342,"atomic hydrogen atoms",3,4
16343,"single ion trap",3,4
16344,"ac magnetic",2,4
16345,"magnetorotational instability",2,4
16346,"electron impact ionization",3,4
16347,"toda chain",2,4
16348,"level spacings",2,4
16349,"dow jones index",3,4
16350,"two dimensional 1d",3,4
16351,"threshold enhancement",2,4
16352,"gutenberg richter",2,4
16353,"non inertial",2,4
16354,"gaudin models",2,4
16355,"spatially nonlocal",2,4
16356,"teller potential",2,4
16357,"target space time",3,4
16358,"longitudinally polarized proton",3,4
16359,"hbt correlation",2,4
16360,"immune response",2,4
16361,"simple analytic expressions",3,4
16362,"fitness landscapes",2,4
16363,"highly disordered",2,4
16364,"short time dependence",3,4
16365,"magnetic semiconductor",2,4
16366,"paramagnetic metal",2,4
16367,"characteristic time dependent",3,4
16368,"lipid bilayers",2,4
16369,"square lattice constant",3,4
16370,"band pass",2,4
16371,"phase boundary conditions",3,4
16372,"tomonaga luttinger model",3,4
16373,"single valued",2,4
16374,"nmr spectra",2,4
16375,"energy momentum distribution function",4,4
16376,"rotating bose einstein condensates",4,4
16377,"polydisperse hard sphere",3,4
16378,"ruderman kittel kasuya",3,4
16379,"external electric field theory",4,4
16380,"collinear magnetic",2,4
16381,"conductance peak zbcp",3,4
16382,"kinetic ising model",3,4
16383,"stripe like",2,4
16384,"accompanying charge",2,4
16385,"thermal conductance",2,4
16386,"thomas fermi energy",3,4
16387,"mobility gaas",2,4
16388,"fold degenerate",2,4
16389,"surface plasmon modes",3,4
16390,"band gap soliton",3,4
16391,"interlayer tunneling",2,4
16392,"level spacing delta",3,4
16393,"strong magnetic dipole",3,4
16394,"lithographically patterned",2,4
16395,"trap center",2,4
16396,"vogel fulcher",2,4
16397,"flux periodicity",2,4
16398,"broad peak structure",3,4
16399,"rashba spin gap",3,4
16400,"electromagnetic excitations",2,4
16401,"under shear stress",3,4
16402,"neutron powder diffraction studies",4,4
16403,"pr 2-x ce",3,4
16404,"caldeira leggett",2,4
16405,"magnetically ordered phase",3,4
16406,"time dependent gross pitaevskii equation",5,4
16407,"hole doping concentration",3,4
16408,"superfluid phase diagram",3,4
16409,"diagonal disorder",2,4
16410,"de haas",2,4
16411,"sharp upper",2,4
16412,"monoclinic structure",2,4
16413,"spin-1 ladders",2,4
16414,"em ab initio calculations",4,4
16415,"thermally induced",2,4
16416,"bond centered",2,4
16417,"metal insulator transition temperature dependence",5,4
16418,"spin reorientation",2,4
16419,"london penetration depth",3,4
16420,"nanoscale magnetic field",3,4
16421,"penetration depth lambda ab plane",5,4
16422,"strongly correlated electron doped",4,4
16423,"large bandwidth",2,4
16424,"triangular lattice points",3,4
16425,"inhomogeneous magnetic fields",3,4
16426,"degenerate fermi mixture",3,4
16427,"topologically ordered",2,4
16428,"flux quanta",2,4
16429,"high mobility gaas algaas",4,4
16430,"numerically integrating",2,4
16431,"considerably simpler",2,4
16432,"fragment mass",2,4
16433,"wealth distribution",2,4
16434,"matter annihilation",2,4
16435,"dc electric field",3,4
16436,"two terminal device",3,4
16437,"superconducting phase transition occurs",4,4
16438,"core shell",2,4
16439,"additive hard sphere",3,4
16440,"ever recorded",2,4
16441,"field hc2",2,4
16442,"binary liquid",2,4
16443,"fairly complete",2,4
16444,"intensity correlation function",3,4
16445,"dimensional electron densities",3,4
16446,"energy thresholds",2,4
16447,"uniform spanning tree",3,4
16448,"non exponential relaxation",3,4
16449,"vast range",2,4
16450,"singly charged",2,4
16451,"local load",2,4
16452,"moving averages",2,4
16453,"scaling law behaviors",3,4
16454,"highly frustrated",2,4
16455,"corner sharing",2,4
16456,"andreev bound",2,4
16457,"magnetic penetration",2,4
16458,"zero frequency dependence",3,4
16459,"double scaling relation",3,4
16460,"four point correlation functions",4,4
16461,"whole range interactions",3,4
16462,"long time ago",3,4
16463,"electron doped semiconductor",3,4
16464,"pfaffian state",2,4
16465,"weight distribution function",3,4
16466,"la ba",2,4
16467,"kohn luttinger model",3,4
16468,"lower temperatures below",3,4
16469,"fermi surface density",3,4
16470,"electron phonon softening",3,4
16471,"gap opens",2,4
16472,"spectral weight transfer",3,4
16473,"bound entangled",2,4
16474,"computational tasks",2,4
16475,"single qubit gates",3,4
16476,"random bit",2,4
16477,"key bits",2,4
16478,"mean photon number",3,4
16479,"geometric phase shift",3,4
16480,"level crossings",2,4
16481,"dwell time",2,4
16482,"de broglie bohm interpretation",4,4
16483,"completely mixed state",3,4
16484,"discrete time reversible",3,4
16485,"continuous variable cv",3,4
16486,"four qubit",2,4
16487,"detailed analysis confirms",3,4
16488,"highly excited states",3,4
16489,"conditional phase",2,4
16490,"operator valued function",3,4
16491,"conditional probability measure",3,4
16492,"four bell states",3,4
16493,"ultra high sensitivity",3,4
16494,"coding scheme",2,4
16495,"single mode squeezed states",4,4
16496,"gravitational clustering",2,4
16497,"energy deposited",2,4
16498,"low mass function imf",4,4
16499,"disks surrounding",2,4
16500,"doppler measurements",2,4
16501,"lower redshift range",3,4
16502,"astrophysical situations",2,4
16503,"fast fourier transform",3,4
16504,"cosmic string theory",3,4
16505,"dark matter content",3,4
16506,"su uma type",3,4
16507,"disk surrounding",2,4
16508,"initial mass ratio",3,4
16509,"faint radio",2,4
16510,"transition zone",2,4
16511,"sky monitor",2,4
16512,"keplerian motion",2,4
16513,"highly inclined",2,4
16514,"central supermassive",2,4
16515,"micro jy",2,4
16516,"radio loud quasars",3,4
16517,"spectral slope",2,4
16518,"simultaneous radio",2,4
16519,"compact binaries lmxbs",3,4
16520,"mgii absorption line",3,4
16521,"beta pictoris",2,4
16522,"young stellar populations",3,4
16523,"observing season",2,4
16524,"nearby spiral galaxy ngc",4,4
16525,"unusual features",2,4
16526,"cloud complex",2,4
16527,"habitable zone",2,4
16528,"ray emission lines originate",4,4
16529,"data cubes",2,4
16530,"lyman alpha emitting galaxies",4,4
16531,"temperature blackbody",2,4
16532,"long wavelength regime",3,4
16533,"disk wind",2,4
16534,"reviewed special emphasis",3,4
16535,"apparent lack",2,4
16536,"primordial density perturbations",3,4
16537,"radio telescope compact array",4,4
16538,"lyman alpha emission",3,4
16539,"multiply imaged",2,4
16540,"tidal interactions",2,4
16541,"radial velocity dispersion",3,4
16542,"compton reflection component",3,4
16543,"gas rich dwarf galaxies",4,4
16544,"parameter omegam",2,4
16545,"iron group",2,4
16546,"nlte model atmosphere",3,4
16547,"normal spiral galaxies",3,4
16548,"hydrogen rich clusters",3,4
16549,"interstellar dust grains",3,4
16550,"life time dependence",3,4
16551,"gravitational microlenses",2,4
16552,"density wave background",3,4
16553,"non lte model atmospheres",4,4
16554,"energy feedback",2,4
16555,"black hole mass distribution",4,4
16556,"young supernovae",2,4
16557,"outer boundary",2,4
16558,"flared disks",2,4
16559,"hardness ratios",2,4
16560,"supernova remnants snr",3,4
16561,"ia supernova",2,4
16562,"instantaneous recycling",2,4
16563,"lines originate",2,4
16564,"core collapse supernovae sne",4,4
16565,"absorption line indices",3,4
16566,"narrow band filters",3,4
16567,"oh ir",2,4
16568,"planetary companion",2,4
16569,"supernova remnants snrs",3,4
16570,"sub milliarcsecond",2,4
16571,"hst acs data",3,4
16572,"radio loud active galactic nuclei agn",6,4
16573,"keplerian orbital parameters",3,4
16574,"ambient density",2,4
16575,"photoionization code",2,4
16576,"hot jupiters",2,4
16577,"purely gravitational",2,4
16578,"low redshift distribution",3,4
16579,"projected velocity dispersion",3,4
16580,"phase locking",2,4
16581,"effective radii",2,4
16582,"peak luminosity function",3,4
16583,"surface photometry",2,4
16584,"local group theoretical",3,4
16585,"deep vla",2,4
16586,"accretion disk surrounding",3,4
16587,"accretion disk corona",3,4
16588,"tidal debris",2,4
16589,"intracluster light",2,4
16590,"lyman alpha emission lines",4,4
16591,"galaxy clustering properties",3,4
16592,"inner disc",2,4
16593,"till now",2,4
16594,"optically faint",2,4
16595,"deep survey elais",3,4
16596,"continuum slope",2,4
16597,"near ir luminosity",3,4
16598,"halpha emission line",3,4
16599,"observatories origins deep survey goods fields",6,4
16600,"seed magnetic field",3,4
16601,"telescope interferometer vlti",3,4
16602,"2mass extended",2,4
16603,"atoll source",2,4
16604,"absorbing galaxies",2,4
16605,"polycyclic aromatic hydrocarbon",3,4
16606,"lose energy",2,4
16607,"cygnus x-3",2,4
16608,"mission concept",2,4
16609,"deep survey covers",3,4
16610,"kev luminosity function",3,4
16611,"nearby starburst galaxy",3,4
16612,"fixed luminosity",2,4
16613,"mid latitude",2,4
16614,"sdss j1148+5251",2,4
16615,"james clerk maxwell telescope",4,4
16616,"absolute proper motion",3,4
16617,"intermediate polars",2,4
16618,"line widths",2,4
16619,"lower multipoles",2,4
16620,"heavy element abundance",3,4
16621,"local bubble",2,4
16622,"wolf rayet stars",3,4
16623,"baryonic mass ratio",3,4
16624,"standard big",2,4
16625,"eso vlt isaac",3,4
16626,"cold dark matter cdm halos",5,4
16627,"mass accretion disk",3,4
16628,"cosmic ray bursts",3,4
16629,"european vlbi network evn",4,4
16630,"inner core radius",3,4
16631,"ii supernovae",2,4
16632,"linearly polarized emission",3,4
16633,"broad absorption systems",3,4
16634,"spectral energy tail",3,4
16635,"viscous heating",2,4
16636,"stellar mass ratio",3,4
16637,"relaxational dynamics simulations",3,4
16638,"error boxes",2,4
16639,"numerical evidences",2,4
16640,"low mass ejection",3,4
16641,"ir fluxes",2,4
16642,"compact array vla",3,4
16643,"torsion pendulum",2,4
16644,"mathematically precise",2,4
16645,"space time scale structure",4,4
16646,"einstein manifolds",2,4
16647,"fibre bundle",2,4
16648,"instrumental background",2,4
16649,"lisa arm",2,4
16650,"non gaussian random variables",4,4
16651,"ricci flow",2,4
16652,"bruhat order",2,4
16653,"conceptual proof",2,4
16654,"riccati equation",2,4
16655,"osculating spaces",2,4
16656,"galois group schemes",3,4
16657,"projective line bundle over",4,4
16658,"piecewise linear stability",3,4
16659,"nilpotent orbit",2,4
16660,"free resolutions",2,4
16661,"boolean function",2,4
16662,"baum connes",2,4
16663,"moduli problems",2,4
16664,"lamplighter groups",2,4
16665,"generalizing earlier",2,4
16666,"standard graded domain",3,4
16667,"finite dimensional analog",3,4
16668,"group theoretic",2,4
16669,"asymptotically free energy",3,4
16670,"ozsvath szabo invariants",3,4
16671,"toric fano",2,4
16672,"discrete valuation ring",3,4
16673,"simply connected domains",3,4
16674,"hyperbolic knot",2,4
16675,"pure braid",2,4
16676,"bar partial reconstruction",3,4
16677,"open dense subset",3,4
16678,"self adjointness",2,4
16679,"monge ampere equation",3,4
16680,"bulk motions",2,4
16681,"ornstein uhlenbeck process",3,4
16682,"rapidly varying",2,4
16683,"srb measure",2,4
16684,"abrikosov vortex",2,4
16685,"neighbor sites",2,4
16686,"scaling law decay",3,4
16687,"transition belongs",2,4
16688,"weighted temperature",2,4
16689,"ans atze",2,4
16690,"electron phonon frequencies",3,4
16691,"ambient pressure induced",3,4
16692,"under extreme conditions",3,4
16693,"crossing point",2,4
16694,"quantum dot qd",3,4
16695,"energy gain",2,4
16696,"phase coherence properties",3,4
16697,"electron density wave",3,4
16698,"polycrystalline mgb2",2,4
16699,"eight vertex",2,4
16700,"penetration depth lambda",3,4
16701,"tunneling magnetoresistance",2,4
16702,"cumulative distribution function",3,4
16703,"cubic lattice constant",3,4
16704,"shocks driven",2,4
16705,"franck condon",2,4
16706,"impurity sites",2,4
16707,"rashba spin orbit",3,4
16708,"phase jumps",2,4
16709,"scanning optical",2,4
16710,"electric charge transport",3,4
16711,"terminal device",2,4
16712,"alloy systems",2,4
16713,"monte carlo mc",3,4
16714,"relaxation phenomena",2,4
16715,"two dimensional electron beam",4,4
16716,"liquid water molecules",3,4
16717,"theoretical foundation",2,4
16718,"decay mode coupling",3,4
16719,"detailed numerical investigation",3,4
16720,"particle ratios",2,4
16721,"dephasing rate",2,4
16722,"self assembled quantum dots",4,4
16723,"electron hole pair",3,4
16724,"neel temperature tn",3,4
16725,"local density matrix",3,4
16726,"staggered magnetic field",3,4
16727,"josephson vortices",2,4
16728,"non local minimum",3,4
16729,"fully microscopic calculation",3,4
16730,"superconductor mgb",2,4
16731,"magnetic field dependences",3,4
16732,"cooperative jahn teller",3,4
16733,"pulsed laser ablation",3,4
16734,"non fermi level",3,4
16735,"heavy fermion superconductors",3,4
16736,"surface acoustic wave",3,4
16737,"room temperature dependent",3,4
16738,"tunneling magnetoresistance tmr",3,4
16739,"spin accumulation",2,4
16740,"single crystal structures",3,4
16741,"separates two dimensional",3,4
16742,"spin coherence",2,4
16743,"lowest energy momentum",3,4
16744,"diamond like",2,4
16745,"load sharing",2,4
16746,"topological knot",2,4
16747,"dot connected",2,4
16748,"shastry sutherland",2,4
16749,"mesoscopic josephson effect",3,4
16750,"highly ordered",2,4
16751,"superconducting tunnel junctions",3,4
16752,"mass textures",2,4
16753,"mean square radius",3,4
16754,"periods shorter",2,4
16755,"stock exchange",2,4
16756,"pressure force",2,4
16757,"functional calculations predict",3,4
16758,"doping concentrations",2,4
16759,"excitonic states",2,4
16760,"landau level filling",3,4
16761,"functional renormalization group flow",4,4
16762,"biot savart",2,4
16763,"la 1-x ca mno",4,4
16764,"polar nanoregions",2,4
16765,"lifshitz points",2,4
16766,"effective temperatures below",3,4
16767,"strongly localized states",3,4
16768,"path integral technique",3,4
16769,"josephson junction array",3,4
16770,"molecular ring",2,4
16771,"qualitative difference",2,4
16772,"nonlinear klein gordon",3,4
16773,"tightly bound",2,4
16774,"ac conductivity",2,4
16775,"charge density wave function",4,4
16776,"electron hole excitations",3,4
16777,"forming liquids",2,4
16778,"easy plane",2,4
16779,"viscous drag",2,4
16780,"metallic ferromagnets",2,4
16781,"superconducting phase space",3,4
16782,"coherence peaks",2,4
16783,"barabasi albert network models",4,4
16784,"ordinary differential",2,4
16785,"surface segregation",2,4
16786,"double exchange interactions",3,4
16787,"theoretical grounds",2,4
16788,"form factor proportional",3,4
16789,"deconfinement phase",2,4
16790,"dots embedded",2,4
16791,"strongly correlated electron systems",4,4
16792,"anomalous scaling exponents",3,4
16793,"zero temperature decreases",3,4
16794,"interacting spinless",2,4
16795,"self interaction corrected local density approximation",6,4
16796,"spin polarized currents",3,4
16797,"gluon densities",2,4
16798,"leading logarithmic accuracy",3,4
16799,"color charges",2,4
16800,"light scattering amplitude",3,4
16801,"real time dependent",3,4
16802,"non thermal plasma",3,4
16803,"critical point like",3,4
16804,"unintegrated parton distributions",3,4
16805,"uv completion",2,4
16806,"dominant decay",2,4
16807,"charm quark mass",3,4
16808,"matter antimatter asymmetry",3,4
16809,"hydrodynamic description",2,4
16810,"locked cfl",2,4
16811,"diquark picture",2,4
16812,"pentaquark candidate",2,4
16813,"partonic matter",2,4
16814,"baryo chemical potential",3,4
16815,"half fermions",2,4
16816,"free nucleons",2,4
16817,"electromagnetic vertex",2,4
16818,"transversity distribution function",3,4
16819,"electron positron pair production",4,4
16820,"pre hadronic interactions",3,4
16821,"two body nonleptonic",3,4
16822,"baryon number violation",3,4
16823,"gaugino mass",2,4
16824,"wave vector mesons",3,4
16825,"photo disintegration",2,4
16826,"boson production cross section",4,4
16827,"distorted wave impulse approximation",4,4
16828,"inclusive electron",2,4
16829,"gogny d1s",2,4
16830,"pion pairs",2,4
16831,"double diffractive",2,4
16832,"vector meson photoproduction",3,4
16833,"external momenta",2,4
16834,"strongly absorbed",2,4
16835,"single particle numbers",3,4
16836,"entropy per",2,4
16837,"asymmetric nuclear structure",3,4
16838,"low energy density functional calculations",5,4
16839,"meson spectral properties",3,4
16840,"fusion mechanism",2,4
16841,"vacuum selection",2,4
16842,"sasaki einstein metrics",3,4
16843,"preserving boundary",2,4
16844,"compactification radius",2,4
16845,"adjoint scalar field theory",4,4
16846,"fermi points",2,4
16847,"fuchsian differential equation",3,4
16848,"adjoint extensions",2,4
16849,"neutral black holes",3,4
16850,"particle physics clep",3,4
16851,"multi instanton",2,4
16852,"complex scalar field theory",4,4
16853,"relativistically invariant",2,4
16854,"warped products",2,4
16855,"loop quantum integrability",3,4
16856,"london limit",2,4
16857,"three dimensional supergravity",3,4
16858,"anisotropic stress",2,4
16859,"quantum hall states",3,4
16860,"zz branes",2,4
16861,"polyakov loops",2,4
16862,"massive vector fields",3,4
16863,"five operators",2,4
16864,"particle content",2,4
16865,"extra dimension five",3,4
16866,"gravitational anomalies",2,4
16867,"compact extra dimensions",3,4
16868,"light front approach",3,4
16869,"perturbative renormalization scheme",3,4
16870,"arbitrarily low",2,4
16871,"perturbative renormalization group flow",4,4
16872,"extremal black",2,4
16873,"black hole entropy formula",4,4
16874,"fermion propagators",2,4
16875,"non compact calabi yau manifolds",5,4
16876,"brst charge",2,4
16877,"heisenberg uncertainty relation",3,4
16878,"de rham hodge",3,4
16879,"four point source",3,4
16880,"two dimensional minkowski",3,4
16881,"power law singularities",3,4
16882,"supersymmetric yang mills theories",4,4
16883,"regularization parameter",2,4
16884,"stat syst mev c2",4,4
16885,"indirect coupling",2,4
16886,"partial branching fraction",3,4
16887,"exotic baryon resonances",3,4
16888,"anomaly mediated",2,4
16889,"exchanged photon virtuality q2 gev",5,4
16890,"laboratory frame",2,4
16891,"psi etac",2,4
16892,"decay exponentially",2,4
16893,"lowest landau",2,4
16894,"confidence interval",2,4
16895,"intensity modulated",2,4
16896,"sea water",2,4
16897,"guided wave",2,4
16898,"climate models",2,4
16899,"path sampling",2,4
16900,"strong magnetic resonance",3,4
16901,"detrended fluctuation analysis",3,4
16902,"focal points",2,4
16903,"confluent hypergeometric functions",3,4
16904,"twistor spaces",2,4
16905,"hamilton jacobi bellman",3,4
16906,"pt symmetry breaking",3,4
16907,"completely integrable system",3,4
16908,"shape invariance",2,4
16909,"delsarte transmutation operators",3,4
16910,"homoclinic orbits",2,4
16911,"fully chaotic",2,4
16912,"fermi pasta ulam fpu",4,4
16913,"van der pol",3,4
16914,"backward direction",2,4
16915,"blast wave function",3,4
16916,"pseudorapidity eta mid",3,4
16917,"baryon antibaryon",2,4
16918,"pion mass energies",3,4
16919,"pseudo rapidity",2,4
16920,"double well suited",3,4
16921,"per nucleon interaction",3,4
16922,"dau collisions",2,4
16923,"quality assurance",2,4
16924,"luminosity weighted",2,4
16925,"space time derivatives",3,4
16926,"life cycle",2,4
16927,"induced layering",2,4
16928,"group theoretical approaches",3,4
16929,"universal scaling analysis",3,4
16930,"exit time",2,4
16931,"clearly indicate",2,4
16932,"picked up",2,4
16933,"bessel beams",2,4
16934,"paraxial approximation",2,4
16935,"chemical bonds",2,4
16936,"resonance nmr quantum information",4,4
16937,"secondary structures",2,4
16938,"weyl heisenberg",2,4
16939,"clear distinction",2,4
16940,"least action principle",3,4
16941,"bohm type",2,4
16942,"maximally entangled photons",3,4
16943,"quantized electromagnetic fields",3,4
16944,"explicit formula describing",3,4
16945,"pre outburst",2,4
16946,"fourier expansion",2,4
16947,"scaling limits",2,4
16948,"dependent radiative cooling",3,4
16949,"streaming motions",2,4
16950,"lick observatory",2,4
16951,"sub solar",2,4
16952,"redshift space observatory",3,4
16953,"spectral synthesis models",3,4
16954,"circumnuclear regions",2,4
16955,"ci cam",2,4
16956,"interstellar radiation",2,4
16957,"color magnitude relation",3,4
16958,"isotopic abundances",2,4
16959,"hertzsprung russell diagram",3,4
16960,"flux density fluctuations",3,4
16961,"kinematically decoupled",2,4
16962,"against gravitational",2,4
16963,"neutrino telescope",2,4
16964,"stellar bars",2,4
16965,"peak luminosities",2,4
16966,"galaxy overdensities",2,4
16967,"ghz methanol masers",3,4
16968,"special care",2,4
16969,"easily interpreted",2,4
16970,"planck length scales",3,4
16971,"poor clusters",2,4
16972,"mc simulations",2,4
16973,"faint radio source",3,4
16974,"cluster omega",2,4
16975,"duration gamma ray bursts grbs",5,4
16976,"strong tidal",2,4
16977,"distribution sed",2,4
16978,"luminous infrared luminosities",3,4
16979,"metal rich clusters",3,4
16980,"kt kev luminosity",3,4
16981,"dm halos",2,4
16982,"time dilation",2,4
16983,"extra solar mass",3,4
16984,"interstellar absorption",2,4
16985,"stellar mass loss rates",4,4
16986,"horizon crossing",2,4
16987,"peaked profiles",2,4
16988,"low mass loss rate",4,4
16989,"medium ism",2,4
16990,"bearing molecules",2,4
16991,"evolutionary stage",2,4
16992,"sn 1993j",2,4
16993,"star itself",2,4
16994,"brightness lsb",2,4
16995,"high velocity dispersion relation",4,4
16996,"circumstellar material",2,4
16997,"global vlbi observations",3,4
16998,"keck adaptive optics",3,4
16999,"ray emission line seyfert galaxies",5,4
17000,"supernova remnant rx",3,4
17001,"chandra deep field",3,4
17002,"finely tuned",2,4
17003,"fuse spectra",2,4
17004,"ne mg",2,4
17005,"chandra deep field south",4,4
17006,"green bank telescope gbt",4,4
17007,"neutron star formation rate",4,4
17008,"fluorescence detector",2,4
17009,"ultra high resolution fly",4,4
17010,"fr ii",2,4
17011,"palomar green",2,4
17012,"sn ia supernovae",3,4
17013,"large scale factors",3,4
17014,"year wilkinson microwave anisotropy probe",5,4
17015,"galaxy discs",2,4
17016,"spiral structure",2,4
17017,"massive ellipticals",2,4
17018,"cloud core",2,4
17019,"rho ophiuchi",2,4
17020,"young stellar population",3,4
17021,"pressure balance",2,4
17022,"prestellar cores",2,4
17023,"globular cluster core",3,4
17024,"hydrogen atmosphere",2,4
17025,"low energy bands",3,4
17026,"xte j1550-564",2,4
17027,"evolving dark",2,4
17028,"gemini deep",2,4
17029,"main topic",2,4
17030,"accreting white",2,4
17031,"gravitational lensing surveys",3,4
17032,"dark matter annihilation signal",4,4
17033,"strong balmer absorption",3,4
17034,"diffuse gamma rays",3,4
17035,"cluster mergers",2,4
17036,"plasma beta",2,4
17037,"extinction corrected",2,4
17038,"near infrared counterparts",3,4
17039,"distant radio",2,4
17040,"strong halpha",2,4
17041,"baryon oscillations",2,4
17042,"kms states",2,4
17043,"wigner eckart",2,4
17044,"arbitrary hopf algebra",3,4
17045,"fixed point source",3,4
17046,"eigenvalue distribution function",3,4
17047,"gibbs state",2,4
17048,"quaternion algebra",2,4
17049,"compact expressions",2,4
17050,"mathematically consistent",2,4
17051,"cylindrical coordinates",2,4
17052,"weak gravitational waves",3,4
17053,"time varying constants",3,4
17054,"bulk viscous fluid",3,4
17055,"below hz",2,4
17056,"flat lambda cdm model",4,4
17057,"somewhat lower",2,4
17058,"ill posedness",2,4
17059,"sought after",2,4
17060,"path integral over",3,4
17061,"gravitational wave signals",3,4
17062,"spatially compact",2,4
17063,"left invariant under",3,4
17064,"test particle moving",3,4
17065,"analytic arguments",2,4
17066,"exterior differential operator",3,4
17067,"negative euler characteristic",3,4
17068,"affine kac moody algebras",4,4
17069,"reinforced random walk",3,4
17070,"square law",2,4
17071,"isometric embedding",2,4
17072,"dual radius",2,4
17073,"suitably normalized",2,4
17074,"cuntz pimsner algebras",3,4
17075,"centrally symmetric",2,4
17076,"too fast",2,4
17077,"conjugate variables",2,4
17078,"lie algebroids",2,4
17079,"overtwisted contact structures",3,4
17080,"endomorphism rings",2,4
17081,"too large class",3,4
17082,"closed oriented surface",3,4
17083,"least two dimensions",3,4
17084,"kms state",2,4
17085,"hodge decomposition",2,4
17086,"non compact riemannian manifolds",4,4
17087,"connes kreimer hopf algebras",4,4
17088,"symmetry argument",2,4
17089,"selmer groups",2,4
17090,"conjecture mrc",2,4
17091,"strictly pseudoconvex",2,4
17092,"van den bergh",3,4
17093,"irreducible representation theory",3,4
17094,"coadjoint orbits",2,4
17095,"positive half line",3,4
17096,"diameter ratio",2,4
17097,"substantially enhances",2,4
17098,"finite index theorem",3,4
17099,"tits building",2,4
17100,"roughness exponent",2,4
17101,"resonant tunneling through",3,4
17102,"molecular nanomagnets",2,4
17103,"electrons confined within",3,4
17104,"acoustic emission",2,4
17105,"density wave functions",3,4
17106,"1d bose einstein condensate",4,4
17107,"long range dipolar interactions",4,4
17108,"correlates well",2,4
17109,"network motifs",2,4
17110,"complementary approaches",2,4
17111,"triplet superconductor",2,4
17112,"charged impurities",2,4
17113,"two complementary approaches",3,4
17114,"nanotube quantum",2,4
17115,"isotropic harmonic",2,4
17116,"fractional vortices",2,4
17117,"doped carbon",2,4
17118,"bond percolation problem",3,4
17119,"visco elastic",2,4
17120,"antiferromagnetic order parameter",3,4
17121,"coupled gross pitaevskii equations",4,4
17122,"differ strongly",2,4
17123,"anisotropic xy model",3,4
17124,"1-x sr",2,4
17125,"noble metal nanoparticles",3,4
17126,"paramagnetic phase",2,4
17127,"pseudogap formation",2,4
17128,"spin-1 ising",2,4
17129,"logarithmic scaling",2,4
17130,"nanoscale magnetic",2,4
17131,"insulator transitions",2,4
17132,"squid magnetometer",2,4
17133,"electron doped gaas",3,4
17134,"tight binding site",3,4
17135,"si surfaces",2,4
17136,"molecular dynamics simulations indicate",4,4
17137,"superfluid density wave",3,4
17138,"contact forces",2,4
17139,"flux qubit",2,4
17140,"spin gap opening",3,4
17141,"baxter equation",2,4
17142,"two dimensional incompressible",3,4
17143,"rashba spin polarized",3,4
17144,"insulator transition temperature",3,4
17145,"non exponential relaxation time",4,4
17146,"srcu2 bo3",2,4
17147,"quadrupole resonance nqr",3,4
17148,"condensates becs",2,4
17149,"nonequilibrium green",2,4
17150,"nonlinear conductance",2,4
17151,"na coo single crystals",4,4
17152,"stochastic differential",2,4
17153,"intra molecular",2,4
17154,"checkerboard lattice",2,4
17155,"zeroth law",2,4
17156,"intrinsic spin polarization",3,4
17157,"landauer buttiker formalism",3,4
17158,"oxygen isotope effect",3,4
17159,"la 1-x sr",3,4
17160,"hole doped diamond",3,4
17161,"mode coupling constant",3,4
17162,"varies linearly",2,4
17163,"millimeter wave",2,4
17164,"dzyaloshinsky moriya interaction",3,4
17165,"density functional form",3,4
17166,"barkhausen noise",2,4
17167,"confinement deconfinement phase transition",4,4
17168,"magnetocaloric effect",2,4
17169,"frequency omega0",2,4
17170,"landau lifshitz gilbert equation",4,4
17171,"electron phonon spectrum",3,4
17172,"component bose gas",3,4
17173,"critical temperature tc decreases",4,4
17174,"ashkin teller",2,4
17175,"considerably lower",2,4
17176,"kept constant",2,4
17177,"non autonomous system",3,4
17178,"ranged interactions",2,4
17179,"1d hubbard model",3,4
17180,"current density matrix",3,4
17181,"first principles calculations predict",4,4
17182,"zero sound",2,4
17183,"cahn hilliard",2,4
17184,"analytically solvable model",3,4
17185,"zero frequency range",3,4
17186,"wetting transition",2,4
17187,"crystal surfaces",2,4
17188,"non local rings",3,4
17189,"surface density approximation",3,4
17190,"near infrared excess",3,4
17191,"kagome lattice",2,4
17192,"dynamic heterogeneity",2,4
17193,"tonks girardeau regime",3,4
17194,"longitudinal polarization fraction",3,4
17195,"ell bar nu",3,4
17196,"low q2 dependence",3,4
17197,"neutral higgs boson decays",4,4
17198,"hadron duality",2,4
17199,"higher twist corrections",3,4
17200,"nnlo corrections",2,4
17201,"superconducting phase transition temperature",4,4
17202,"heavy right handed majorana neutrinos",5,4
17203,"simple analytic formula",3,4
17204,"standard model independent determination",4,4
17205,"valence quark gluon",3,4
17206,"gamma approx gev",3,4
17207,"flavor blind",2,4
17208,"off protons",2,4
17209,"neutrino sector",2,4
17210,"br ks",2,4
17211,"equilibrated system",2,4
17212,"hanbury brown twiss hbt",4,4
17213,"constants lecs",2,4
17214,"right handed neutrino masses",4,4
17215,"boson self",2,4
17216,"neutral higgs",2,4
17217,"rapidly expanding",2,4
17218,"stochastic vacuum",2,4
17219,"dirac cp phase",3,4
17220,"spallation neutron",2,4
17221,"multi tev",2,4
17222,"next lightest neutralino",3,4
17223,"violating couplings",2,4
17224,"strange sector",2,4
17225,"virtual compton scattering",3,4
17226,"non singlet superfield",3,4
17227,"affleck dine baryogenesis",3,4
17228,"parity violating rpv couplings",4,4
17229,"forward scattering off",3,4
17230,"parton distribution functions pdfs",4,4
17231,"heisenberg equations",2,4
17232,"leading logarithm",2,4
17233,"permanent electric",2,4
17234,"modification factors",2,4
17235,"collider rhic energies",3,4
17236,"quark coalescence",2,4
17237,"nucleon antinucleon",2,4
17238,"radiative generation",2,4
17239,"phase transition mit bag model",5,4
17240,"relativistic quantum critical",3,4
17241,"two dimensional spin-1",3,4
17242,"circular cross section",3,4
17243,"integrable spin",2,4
17244,"non abelian gauge field theory",5,4
17245,"probe wmap data",3,4
17246,"rarita schwinger",2,4
17247,"boson fermion propagator",3,4
17248,"glueball masses",2,4
17249,"faddeev niemi",2,4
17250,"ten dimensional supergravity",3,4
17251,"klein gordon model",3,4
17252,"light front quantization",3,4
17253,"non perturbative corrections",3,4
17254,"seiberg witten curve",3,4
17255,"cft description",2,4
17256,"wznw model",2,4
17257,"double scaling limit",3,4
17258,"off diagonal gluons",3,4
17259,"secure communications",2,4
17260,"low latency",2,4
17261,"logic programming",2,4
17262,"satisfaction problems",2,4
17263,"hidden behind",2,4
17264,"charged higgs boson decays",4,4
17265,"scaling violations",2,4
17266,"nlo pqcd",2,4
17267,"dijet production",2,4
17268,"lattice gauge fixing",3,4
17269,"carbon target",2,4
17270,"greatly simplifies",2,4
17271,"spectroscopic data indicate",3,4
17272,"total weight",2,4
17273,"heat sources",2,4
17274,"rigorous lower bounds",3,4
17275,"additive gaussian noise",3,4
17276,"two dimensional photonic crystal",4,4
17277,"non exponential factor",3,4
17278,"coupled cluster expansion",3,4
17279,"net magnetic field",3,4
17280,"cesium atoms",2,4
17281,"quantized radiation",2,4
17282,"spatio temporal evolution",3,4
17283,"high reynolds number",3,4
17284,"passive scalar field",3,4
17285,"bombarding energy",2,4
17286,"density estimation",2,4
17287,"earlier conclusions",2,4
17288,"strange particle production",3,4
17289,"deuteron wave",2,4
17290,"experimental evidences",2,4
17291,"protein interaction network",3,4
17292,"lever arm",2,4
17293,"globular proteins",2,4
17294,"approximation mfa",2,4
17295,"multipartite entanglement witnesses",3,4
17296,"convex optimization problem",3,4
17297,"single site energies",3,4
17298,"multiparticle states",2,4
17299,"analytically solvable",2,4
17300,"manifestly gauge invariant",3,4
17301,"local hidden variable",3,4
17302,"superselection rule",2,4
17303,"evolutionary algorithm",2,4
17304,"lateral resolution",2,4
17305,"quantum critical line",3,4
17306,"correlated fermions",2,4
17307,"time pad",2,4
17308,"quantum communication complexity",3,4
17309,"fidelity decay rate",3,4
17310,"large deviation estimates",3,4
17311,"heat kernel expansion",3,4
17312,"fuzzy inference system",3,4
17313,"web site",2,4
17314,"loop matching",2,4
17315,"sensor networks",2,4
17316,"modular technology",2,4
17317,"model building up",3,4
17318,"galactic chemical",2,4
17319,"near uv spectra",3,4
17320,"number density profiles",3,4
17321,"deep vla observations",3,4
17322,"eddington accretion rates",3,4
17323,"pencil beam",2,4
17324,"meridional circulation",2,4
17325,"keck spectroscopy",2,4
17326,"pair correlation length",3,4
17327,"submillimeter observatory",2,4
17328,"kitt peak",2,4
17329,"external shear",2,4
17330,"pierre auger",2,4
17331,"high resolution hydrodynamical",3,4
17332,"primary star clusters",3,4
17333,"fast solar",2,4
17334,"galaxy formation efficiency",3,4
17335,"ob association",2,4
17336,"bulge formation",2,4
17337,"arc like",2,4
17338,"minor merger",2,4
17339,"stellar interior",2,4
17340,"uv plane",2,4
17341,"astrometric precision measurement",3,4
17342,"sdss dr2",2,4
17343,"band absolute magnitudes",3,4
17344,"local density inhomogeneities",3,4
17345,"cosmic filaments",2,4
17346,"hi emission",2,4
17347,"pulsed fraction",2,4
17348,"primordial magnetic field",3,4
17349,"pah emission lines",3,4
17350,"slow neutron star",3,4
17351,"polar caps",2,4
17352,"amanda ii",2,4
17353,"turbulent pressure",2,4
17354,"magnetorotational instability mri",3,4
17355,"asymptotic stability analysis",3,4
17356,"well matched filtering",3,4
17357,"chi squared",2,4
17358,"compact expression",2,4
17359,"conformal thin sandwich",3,4
17360,"alfven wave propagation",3,4
17361,"momentum tensor",2,4
17362,"gauss codazzi",2,4
17363,"kasner like",2,4
17364,"iterated logarithm",2,4
17365,"simple scaling behavior",3,4
17366,"special lagrangian",2,4
17367,"loewner evolutions",2,4
17368,"heegaard floer",2,4
17369,"formula expressing",2,4
17370,"affine lie algebras",3,4
17371,"stable levy processes",3,4
17372,"constant sectional curvature",3,4
17373,"energy conservation laws",3,4
17374,"link complements",2,4
17375,"ahler structure",2,4
17376,"distribution protocols",2,4
17377,"picard fuchs",2,4
17378,"poincare birkhoff witt",3,4
17379,"generalization error bounds",3,4
17380,"concentration inequalities",2,4
17381,"trivial knot",2,4
17382,"sturm liouville problem",3,4
17383,"grothendieck group",2,4
17384,"oriented 3-manifold",2,4
17385,"khovanov homology groups",3,4
17386,"optimal stopping",2,4
17387,"galois extension",2,4
17388,"markovian stochastic",2,4
17389,"dimensional submanifold",2,4
17390,"finite dimensional normed space",4,4
17391,"kleinian groups",2,4
17392,"penrose inequality",2,4
17393,"mag fainter",2,4
17394,"spectrally resolved",2,4
17395,"clearly resolved",2,4
17396,"hires stereo",2,4
17397,"dense quark",2,4
17398,"carbon abundance",2,4
17399,"free streaming",2,4
17400,"hamburg eso",2,4
17401,"chondrite meteorites",2,4
17402,"higher redshift range",3,4
17403,"expanding shells",2,4
17404,"iram 30m",2,4
17405,"galaxy clusters spanning",3,4
17406,"3-point function",2,4
17407,"extra mixing",2,4
17408,"thermal relic",2,4
17409,"non relativistic jet",3,4
17410,"hubble ultra deep field",4,4
17411,"quasi steady state",3,4
17412,"distance indicators",2,4
17413,"sized particles",2,4
17414,"mass accretion rates",3,4
17415,"galactocentric radius",2,4
17416,"ionizing background",2,4
17417,"barred spiral galaxies",3,4
17418,"clear signs",2,4
17419,"dex kpc",2,4
17420,"narrow band filter",3,4
17421,"low energy cutoff",3,4
17422,"galactocentric distance",2,4
17423,"low energy cosmic",3,4
17424,"solar coronal heating",3,4
17425,"point source populations",3,4
17426,"observational campaign",2,4
17427,"carbon burning",2,4
17428,"primordial helium",2,4
17429,"multipole vectors",2,4
17430,"protostellar envelopes",2,4
17431,"general relativistic jets",3,4
17432,"charm semileptonic",2,4
17433,"latest experimental",2,4
17434,"color octet",2,4
17435,"kinematic distributions",2,4
17436,"double chooz",2,4
17437,"gamma chi",2,4
17438,"detection efficiencies",2,4
17439,"proper time dependent cp violation",5,4
17440,"unitarity triangle angle phi3",4,4
17441,"antiproton beam",2,4
17442,"weakly nonlocal",2,4
17443,"periodic signals",2,4
17444,"de vries",2,4
17445,"alkali atoms",2,4
17446,"semi infinite number",3,4
17447,"high visibility",2,4
17448,"fulde ferrell larkin ovchinnikov",4,4
17449,"bulk modulus",2,4
17450,"damage spreading",2,4
17451,"binding sites",2,4
17452,"kondo temperature tk",3,4
17453,"three dimensional ising spin",4,4
17454,"asakura oosawa",2,4
17455,"fluorescence microscopy",2,4
17456,"tight contact",2,4
17457,"electrochemical potential",2,4
17458,"independent determinations",2,4
17459,"electron hole pairs",3,4
17460,"plasmon resonance",2,4
17461,"thermal conductivities",2,4
17462,"history dependent",2,4
17463,"random phase synchronization",3,4
17464,"intrinsic spin orbit interaction",4,4
17465,"nonmagnetic impurity",2,4
17466,"doped cuprates",2,4
17467,"high frequency rf",3,4
17468,"vibrational frequencies",2,4
17469,"non monotonic behavior",3,4
17470,"stable levy",2,4
17471,"bose einstein condensates becs",4,4
17472,"hopping integrals",2,4
17473,"ratchet effect",2,4
17474,"natural sciences",2,4
17475,"square root systems",3,4
17476,"bogoliubov de gennes",3,4
17477,"three dimensional ising spin glass",5,4
17478,"simple hartree fock",3,4
17479,"time scale free network",4,4
17480,"microwave pulses",2,4
17481,"avalanche size distributions",3,4
17482,"si sige",2,4
17483,"phonon emission",2,4
17484,"gravito magnetic",2,4
17485,"quantum dot embedded",3,4
17486,"hall conductance",2,4
17487,"jahn teller distortion",3,4
17488,"flux density profile",3,4
17489,"tunnelling spectroscopy",2,4
17490,"superconducting coherence length",3,4
17491,"vortex configurations",2,4
17492,"electromagnetic radiation field theory",4,4
17493,"interacting bose einstein condensation",4,4
17494,"microwave electric",2,4
17495,"twist angle",2,4
17496,"effective mass shift",3,4
17497,"mixed phase transition temperature dependence",5,4
17498,"energy momentum loss",3,4
17499,"deconfined quark matter",3,4
17500,"2nd generation",2,4
17501,"latest experimental data",3,4
17502,"drell yan cross sections",4,4
17503,"multi step",2,4
17504,"continuum radiative",2,4
17505,"parton showers",2,4
17506,"annihilation cross sections",3,4
17507,"br kl pi pi0",4,4
17508,"long distance estimate",3,4
17509,"su nf",2,4
17510,"gapless 2sc",2,4
17511,"quark mass matrices",3,4
17512,"sizable fraction",2,4
17513,"atmospheric neutrino oscillation",3,4
17514,"minimal supergravity msugra",3,4
17515,"supersymmetric grand unified",3,4
17516,"electroweak penguin operators",3,4
17517,"left handed neutrino mass",4,4
17518,"sin22 theta",2,4
17519,"latest version",2,4
17520,"heavy quark sector",3,4
17521,"non relativistic kinematics",3,4
17522,"spinless salpeter equation",3,4
17523,"electroproduction off",2,4
17524,"quark antiquark pairs",3,4
17525,"partial wave amplitudes",3,4
17526,"deuteron gold collisions",3,4
17527,"goldstone modes",2,4
17528,"desirable features",2,4
17529,"roper resonance",2,4
17530,"dependent cp violation",3,4
17531,"su subsector",2,4
17532,"two higgs doublet models",4,4
17533,"wilson relation",2,4
17534,"hawking entropy",2,4
17535,"friedmann robertson",2,4
17536,"fifth dimension five",3,4
17537,"planck length scale",3,4
17538,"iib string theory",3,4
17539,"grassmann manifold",2,4
17540,"calabi yau threefold",3,4
17541,"majorana fermions",2,4
17542,"five dimensional supergravity",3,4
17543,"eight dimensions",2,4
17544,"mass hierarchy problem",3,4
17545,"string theory compactified",3,4
17546,"sixth order",2,4
17547,"external perturbation theory",3,4
17548,"modular bootstrap",2,4
17549,"hep lat",2,4
17550,"multiplicative group",2,4
17551,"mev per",2,4
17552,"main injector",2,4
17553,"three loop diagrams",3,4
17554,"coupling matrices",2,4
17555,"quality factors",2,4
17556,"quantum dot molecule",3,4
17557,"ionization potentials",2,4
17558,"angular momentum conservation laws",4,4
17559,"spatial discretization",2,4
17560,"neutral plasmas",2,4
17561,"internal consistency",2,4
17562,"directed flow v1 v2",4,4
17563,"large hadron spectra",3,4
17564,"charged particle yields",3,4
17565,"binding energy spectrum",3,4
17566,"longer wavelengths",2,4
17567,"correlation length r0",3,4
17568,"north west",2,4
17569,"characteristic luminosity function",3,4
17570,"disturbed morphology",2,4
17571,"gyr old stellar population",4,4
17572,"3cr radio",2,4
17573,"mid infrared spectrograph",3,4
17574,"dust continuum emission line",4,4
17575,"galaxies tend",2,4
17576,"monte carlo codes",3,4
17577,"outer edge",2,4
17578,"bright quasar",2,4
17579,"synthetic spectral energy distributions",4,4
17580,"radial abundance",2,4
17581,"sources brighter",2,4
17582,"large scale structure functions",4,4
17583,"taylor et",2,4
17584,"cyg x-1",2,4
17585,"remnants snr",2,4
17586,"hubble sequence",2,4
17587,"vlt fors1",2,4
17588,"psr j0737-3039a",2,4
17589,"dn dz",2,4
17590,"palomar testbed interferometer",3,4
17591,"optically thin accretion disc",4,4
17592,"temporal correlations",2,4
17593,"time scale structures",3,4
17594,"data reduction procedures",3,4
17595,"lmc clusters",2,4
17596,"poor statistics",2,4
17597,"white dwarf wd",3,4
17598,"laser interferometer space antenna lisa data",6,4
17599,"surface brightness lsb galaxies",4,4
17600,"generalized uncertainty principle",3,4
17601,"relativistic collisionless",2,4
17602,"black body systems",3,4
17603,"auto correlation function",3,4
17604,"infalling galaxies",2,4
17605,"ca ii",2,4
17606,"easily observable",2,4
17607,"galactic halos around",3,4
17608,"band structure formation",3,4
17609,"atmospheric cherenkov telescopes",3,4
17610,"obscuring torus around",3,4
17611,"preferred direction",2,4
17612,"driven sine gordon",3,4
17613,"inflationary phase transition",3,4
17614,"semiclassical expansion",2,4
17615,"clebsch gordan",2,4
17616,"order parameter alpha",3,4
17617,"pebbling number",2,4
17618,"compact semisimple",2,4
17619,"irreducible component",2,4
17620,"continuous triangle inequality",3,4
17621,"euclidean buildings",2,4
17622,"bruhat tits building",3,4
17623,"analytic estimates",2,4
17624,"complex projective manifold",3,4
17625,"double affine hecke algebra",4,4
17626,"finitely many primes",3,4
17627,"non isometric",2,4
17628,"de rham cohomology",3,4
17629,"nb films",2,4
17630,"thouless energy",2,4
17631,"valence bond solid",3,4
17632,"cuo cl",2,4
17633,"periodic variation",2,4
17634,"heusler alloy",2,4
17635,"non linear response function",4,4
17636,"artificial stock market",3,4
17637,"high pressure induced",3,4
17638,"poor solvent",2,4
17639,"semiconductor quantum wells",3,4
17640,"universal conductance",2,4
17641,"colloidal systems",2,4
17642,"ladder compound",2,4
17643,"metal organic",2,4
17644,"zero bias anomaly",3,4
17645,"spin orbit interactions",3,4
17646,"quantum computer simulation",3,4
17647,"langevin dynamics simulations",3,4
17648,"electrostatic fields",2,4
17649,"extra planar",2,4
17650,"nanometer sized",2,4
17651,"kohn sham equations",3,4
17652,"type antiferromagnetic ordering",3,4
17653,"dilute bose einstein condensate",4,4
17654,"two dimensional spatiotemporal",3,4
17655,"decreases logarithmically",2,4
17656,"melting point",2,4
17657,"dirty limit",2,4
17658,"quantum information technology",3,4
17659,"intrinsic josephson junction",3,4
17660,"intra chain",2,4
17661,"finite sized",2,4
17662,"free paths",2,4
17663,"dust free",2,4
17664,"inertial modes",2,4
17665,"bekenstein hawking",2,4
17666,"discrete nonlinear schr",3,4
17667,"charm semileptonic decays",3,4
17668,"interaction fsi",2,4
17669,"zenith angle",2,4
17670,"hankel determinant",2,4
17671,"excitable media",2,4
17672,"fermi velocity",2,4
17673,"monte carlo program",3,4
17674,"weak mixing induced",3,4
17675,"axion mass",2,4
17676,"hard scattering processes",3,4
17677,"absorptive part",2,4
17678,"cherenkov effect",2,4
17679,"massive vector boson",3,4
17680,"lattice qcd thermodynamics",3,4
17681,"pion exchange",2,4
17682,"balitsky kovchegov",2,4
17683,"non leptonic",2,4
17684,"kaon condensate",2,4
17685,"missing energy momentum",3,4
17686,"topcolor assisted technicolor models",4,4
17687,"kk modes",2,4
17688,"simulated data set",3,4
17689,"renormalisation group flow",3,4
17690,"compact extra",2,4
17691,"norm conserving",2,4
17692,"coherent state preparation",3,4
17693,"mixed phase space",3,4
17694,"tenth problem",2,4
17695,"classical feedback control",3,4
17696,"optical cavity qed",3,4
17697,"quartic anharmonic oscillators",3,4
17698,"total energy momentum tensor",4,4
17699,"conical singularity",2,4
17700,"type iib superstring theory",4,4
17701,"monopole antimonopole",2,4
17702,"dilaton background metric",3,4
17703,"calabi yau supermanifolds",3,4
17704,"super yang mills sym theories",5,4
17705,"linear sigma models",3,4
17706,"type ii strings",3,4
17707,"semi automatic",2,4
17708,"staggered quarks",2,4
17709,"bare quark",2,4
17710,"forward scattering amplitudes",3,4
17711,"fully microscopic",2,4
17712,"heat capacities",2,4
17713,"intrinsic length",2,4
17714,"nuclear recoil",2,4
17715,"pulse width",2,4
17716,"binary system size",3,4
17717,"bosonic molecules",2,4
17718,"heat generation",2,4
17719,"agree qualitatively",2,4
17720,"time t1",2,4
17721,"compound nucleus",2,4
17722,"regulatory networks",2,4
17723,"self sustained",2,4
17724,"transcription factors",2,4
17725,"massive schwinger",2,4
17726,"false vacuum hypothesis",3,4
17727,"askey wilson",2,4
17728,"synchrotron self consistent",3,4
17729,"planetary nebulae ii",3,4
17730,"ogle iii",2,4
17731,"hot subdwarfs",2,4
17732,"rapidly evolving",2,4
17733,"cdte pixel detector",3,4
17734,"tev gamma ray scattering",4,4
17735,"remnant rx",2,4
17736,"massive star formation process",4,4
17737,"burst monitor",2,4
17738,"parameter alpha forest",3,4
17739,"bolometric light curve",3,4
17740,"primary charged particles",3,4
17741,"micron pah",2,4
17742,"coded aperture",2,4
17743,"system j0737-3039",2,4
17744,"reverberation mapping",2,4
17745,"iron content",2,4
17746,"physically plausible",2,4
17747,"broad line width",3,4
17748,"initial lorentz",2,4
17749,"accretion disk winds",3,4
17750,"semi direct",2,4
17751,"baryonic content",2,4
17752,"tidal streams",2,4
17753,"magnetic helicity",2,4
17754,"earth skimming",2,4
17755,"parabolic subalgebras",2,4
17756,"vortex filaments",2,4
17757,"zone boundary",2,4
17758,"semisimple lie algebra",3,4
17759,"yetter drinfeld modules over",4,4
17760,"charge pumping",2,4
17761,"steeper slope",2,4
17762,"interchain coupling",2,4
17763,"rydberg states",2,4
17764,"augmented plane wave",3,4
17765,"stark contrast",2,4
17766,"next nearest neighbor interactions",4,4
17767,"asymmetric double well",3,4
17768,"overdamped brownian particle",3,4
17769,"nonlinear elasticity",2,4
17770,"pseudo gap",2,4
17771,"grain surface",2,4
17772,"keldysh green",2,4
17773,"magnetic flux penetration",3,4
17774,"interacting electrons confined",3,4
17775,"wetting phenomena",2,4
17776,"narrow peaks corresponding",3,4
17777,"level crossing point",3,4
17778,"metal alloys",2,4
17779,"quantum monte carlo simulation",4,4
17780,"anomalous diffusion equation",3,4
17781,"kolmogorov johnson mehl avrami",4,4
17782,"non analyticity",2,4
17783,"diamond anvil",2,4
17784,"energy density approximation",3,4
17785,"instability criterion",2,4
17786,"quasi normal state",3,4
17787,"external driving force",3,4
17788,"optical communication",2,4
17789,"swift hohenberg",2,4
17790,"kolmogorov sinai",2,4
17791,"ordered phase transition temperature",4,4
17792,"exciton phonon",2,4
17793,"oschl teller",2,4
17794,"cycle pulses",2,4
17795,"total lifetime",2,4
17796,"numerical errors",2,4
17797,"nonrelativistic quantum chromodynamics",3,4
17798,"ds eta",2,4
17799,"soft pomeron",2,4
17800,"electro production",2,4
17801,"semi leptonic",2,4
17802,"effective mass matrix elements",4,4
17803,"kaon photoproduction",2,4
17804,"majorana neutrino mass",3,4
17805,"sin beta decay",3,4
17806,"nc gauge",2,4
17807,"direct cp",2,4
17808,"lowest lying",2,4
17809,"scaling argument",2,4
17810,"wavelength approximation",2,4
17811,"non linear sigma models",4,4
17812,"einstein hilbert action",3,4
17813,"noncommutative chern simons",3,4
17814,"monodromy representation",2,4
17815,"nonabelian gauge",2,4
17816,"boson production cross sections",4,4
17817,"aoki phase",2,4
17818,"fm phase",2,4
17819,"center vortex configurations",3,4
17820,"three nucleon potentials",3,4
17821,"pion form factors",3,4
17822,"gdh integral",2,4
17823,"color magnitude below",3,4
17824,"quark antiquark pair",3,4
17825,"super exchange",2,4
17826,"significant computational",2,4
17827,"pulse sequence",2,4
17828,"lambda cdm model",3,4
17829,"dark matter cdm halos",4,4
17830,"distant observer",2,4
17831,"binary 4u",2,4
17832,"relaxation time scales",3,4
17833,"gravitational microlensing",2,4
17834,"static medium",2,4
17835,"infrared counterparts",2,4
17836,"mgii absorption systems",3,4
17837,"star surrounded",2,4
17838,"nova outbursts",2,4
17839,"geq sigma term",3,4
17840,"hanle effect",2,4
17841,"ks band imaging",3,4
17842,"diffuse ionized",2,4
17843,"relative branching fraction",3,4
17844,"bf b0",2,4
17845,"phase gate operation",3,4
17846,"non linear optical",3,4
17847,"point qcp",2,4
17848,"pinning strength",2,4
17849,"ionic hubbard model",3,4
17850,"rate t1",2,4
17851,"partial pressure",2,4
17852,"small angle dependent",3,4
17853,"pr ca mno",3,4
17854,"zero bias conductance peaks",4,4
17855,"heavy quark antiquark",3,4
17856,"inverse fb",2,4
17857,"landau pomeranchuk migdal",3,4
17858,"gravitino mass",2,4
17859,"5d orbifold",2,4
17860,"infrared singular",2,4
17861,"nambu jona lasinio njl",4,4
17862,"mixed valence",2,4
17863,"marked differences",2,4
17864,"average degree distribution",3,4
17865,"ordinary differential operators",3,4
17866,"advanced ligo interferometers",3,4
17867,"order balmer",2,4
17868,"strong gravitational wave",3,4
17869,"host galaxy formation",3,4
17870,"current observational data",3,4
17871,"massive black hole masses",4,4
17872,"fast wind",2,4
17873,"kiloparsec scales",2,4
17874,"supermassive black hole mergers",4,4
17875,"active galactic center",3,4
17876,"shock waves propagating",3,4
17877,"beta approx",2,4
17878,"two lobes",2,4
17879,"gopakumar vafa conjecture",3,4
17880,"maximal cohen macaulay modules over",5,4
17881,"negative euler",2,4
17882,"semi direct product",3,4
17883,"bi lipschitz",2,4
17884,"orbit equivalence",2,4
17885,"exponent gamma approx",3,4
17886,"pasta ulam fpu",3,4
17887,"replica symmetry",2,4
17888,"magnetic penetration depth lambda",4,4
17889,"profound consequences",2,4
17890,"highly symmetric",2,4
17891,"too large number",3,4
17892,"constraint satisfaction problems",3,4
17893,"web services",2,4
17894,"unsupervised clustering",2,4
17895,"lemaitre tolman",2,4
17896,"hamiltonian constraint programme",3,4
17897,"clear physical interpretation",3,4
17898,"cherenkov detector",2,4
17899,"pulsar magnetospheres",2,4
17900,"cherenkov light",2,4
17901,"lateral distribution function",3,4
17902,"evolution explorer galex observations",4,4
17903,"sharp upper bound",3,4
17904,"two loop radiative correction",4,4
17905,"mode locked",2,4
17906,"ecr plasma",2,4
17907,"optical parametric down converted",4,3
17908,"off diagonal elements",3,3
17909,"quantum computer program",3,3
17910,"stimulated raman scattering",3,3
17911,"illuminating source",2,3
17912,"pseudo spin boson",3,3
17913,"cavity prepared",2,3
17914,"distributed quantum communication",3,3
17915,"local density operators",3,3
17916,"numerical estimates indicate",3,3
17917,"trapped ion traps",3,3
17918,"weakly interacting fermions",3,3
17919,"plane wave propagation vector",4,3
17920,"localizable entanglement",2,3
17921,"optical lattice paths",3,3
17922,"two photon interference patterns",4,3
17923,"direct test particles",3,3
17924,"quantum information content",3,3
17925,"square displacement",2,3
17926,"quantum cellular automata",3,3
17927,"laser cooling scheme",3,3
17928,"non interacting fermions",3,3
17929,"classical communication complexity",3,3
17930,"casimir force theorem",3,3
17931,"quantum interferences",2,3
17932,"arbitrary initial value",3,3
17933,"gaussian random perturbations",3,3
17934,"bosonic atoms confined",3,3
17935,"unitary evolution operator",3,3
17936,"trapped ion trap",3,3
17937,"absorbing phase",2,3
17938,"large number conserving",3,3
17939,"berezinskii kosterlitz thouless",3,3
17940,"non local environment",3,3
17941,"bond ordered phases",3,3
17942,"bilayer quantum hall bilayers",4,3
17943,"quantum hall bilayers",3,3
17944,"dynamical systems exhibiting",3,3
17945,"ultrafast optical spectroscopy",3,3
17946,"dimensional electron phonon",3,3
17947,"magnetization plateau",2,3
17948,"angle resolved photoemission data",4,3
17949,"two dimensional 2d electron hole",5,3
17950,"optical lattice constant",3,3
17951,"non saturating",2,3
17952,"rho xx",2,3
17953,"high mobility 2d electron gas",5,3
17954,"optical dipole moment",3,3
17955,"interacting scalar curvature",3,3
17956,"noble metal surfaces",3,3
17957,"two dimensional kondo lattice",4,3
17958,"fermi liquid crystal",3,3
17959,"severely constrains",2,3
17960,"critical temperature tc superconductors",4,3
17961,"abelian chern simons",3,3
17962,"dephasing time dependent",3,3
17963,"tunneling hamiltonian formalism",3,3
17964,"number density waves",3,3
17965,"einstein condensate fraction",3,3
17966,"bec confined",2,3
17967,"binary lennard jones",3,3
17968,"fermi energy ef",3,3
17969,"non fermi gases",3,3
17970,"pseudogap region",2,3
17971,"dense granular media",3,3
17972,"fitness values",2,3
17973,"upper critical point",3,3
17974,"dense molecular dynamics simulations",4,3
17975,"closely aligned",2,3
17976,"local density wave superconductor",4,3
17977,"multi phonon",2,3
17978,"closed oriented 3-manifold",3,3
17979,"derived functors",2,3
17980,"quasi projective varieties",3,3
17981,"two dimensional submanifold",3,3
17982,"homogeneous coordinate rings",3,3
17983,"non linear combinations",3,3
17984,"maximal compact lie group",4,3
17985,"abelian differentials",2,3
17986,"properly rescaled",2,3
17987,"moderate deviation principle",3,3
17988,"compact convex sets",3,3
17989,"lace expansion",2,3
17990,"largest eigenvalue distribution",3,3
17991,"non commutative symmetric functions",4,3
17992,"smooth projective hypersurface",3,3
17993,"pseudo spectral energy",3,3
17994,"countably infinite",2,3
17995,"equivariant quantum groups",3,3
17996,"uniform convergence rate",3,3
17997,"compact hausdorff measure",3,3
17998,"elliptic surfaces immersed",3,3
17999,"totally real space",3,3
18000,"three sphere s3",3,3
18001,"stretched exponential decay",3,3
18002,"integer lattice points",3,3
18003,"gromov hyperbolic manifolds",3,3
18004,"locally finite volume",3,3
18005,"generalized darboux",2,3
18006,"partial differential operators",3,3
18007,"universal coefficient theorem",3,3
18008,"non universal property",3,3
18009,"minimal surface area",3,3
18010,"orthogonal projection",2,3
18011,"weyl heisenberg algebra",3,3
18012,"weight multiplicities",2,3
18013,"non universal cover",3,3
18014,"pl relation",2,3
18015,"real valued function",3,3
18016,"cyclotomic hecke algebras",3,3
18017,"simply connected lie groups",4,3
18018,"skew symmetric spaces",3,3
18019,"hyperplane section",2,3
18020,"combinatorial identities",2,3
18021,"castelnuovo mumford",2,3
18022,"semistable vector bundle",3,3
18023,"arithmetically cohen macaulay",3,3
18024,"lagrangian submanifold",2,3
18025,"nonholonomic constraints",2,3
18026,"body forces",2,3
18027,"positive integer powers",3,3
18028,"cuntz pimsner algebra",3,3
18029,"flag manifolds",2,3
18030,"cylindrical symmetry axis",3,3
18031,"quantum percolation",2,3
18032,"density parity",2,3
18033,"fast rotating bose einstein condensates",5,3
18034,"financial time dependent",3,3
18035,"breathing mode coupling",3,3
18036,"underlying lattice gas",3,3
18037,"option price returns",3,3
18038,"rotating superfluid turbulence",3,3
18039,"impurity scattering rate",3,3
18040,"metastable helium atoms",3,3
18041,"net magnetic",2,3
18042,"canonically conjugate",2,3
18043,"twistor space time",3,3
18044,"intrinsic spin accumulation",3,3
18045,"pinning force",2,3
18046,"optical dipole transitions",3,3
18047,"lowest lying excitations",3,3
18048,"peierls transition",2,3
18049,"al proc natl acad",4,3
18050,"temperature tc cuprates",3,3
18051,"critical temperature dependences",3,3
18052,"mass table",2,3
18053,"bead spring",2,3
18054,"probability density matrix",3,3
18055,"saturation magnetization plateau",3,3
18056,"parallel tempering monte carlo simulations",5,3
18057,"quartic anharmonic",2,3
18058,"fully relativistic quantum",3,3
18059,"holstein hubbard",2,3
18060,"exact diagonalization ed",3,3
18061,"uncorrelated random graphs",3,3
18062,"second law behavior",3,3
18063,"image reconstruction technique",3,3
18064,"magneto transport measurements",3,3
18065,"alkali metals",2,3
18066,"spherical harmonic trap",3,3
18067,"two dimensional ising chain",4,3
18068,"insulator crossover",2,3
18069,"inter grain",2,3
18070,"rashba spin polarized electrons",4,3
18071,"differential resistance",2,3
18072,"superconductor insulator transition",3,3
18073,"quantum mechanical instability",3,3
18074,"formal expression",2,3
18075,"charge distribution function",3,3
18076,"metamagnetic transitions",2,3
18077,"minority game mg",3,3
18078,"random walker",2,3
18079,"diffusion limited sample",3,3
18080,"conformal mapping techniques",3,3
18081,"driven diffusive processes",3,3
18082,"asymmetric exclusion process asep",4,3
18083,"plasmon polaritons",2,3
18084,"transitions occurring",2,3
18085,"three dimensional 2d",3,3
18086,"london penetration",2,3
18087,"direct detection rate",3,3
18088,"doped la 1-x sr",4,3
18089,"ab initio calculations indicate",4,3
18090,"exponent nu alpha",3,3
18091,"room temperature scanning",3,3
18092,"spatio temporal behavior",3,3
18093,"di erent",2,3
18094,"network topology change",3,3
18095,"penetration depths",2,3
18096,"paramagnetic phase transition temperature",4,3
18097,"landau level filling factors",4,3
18098,"quantum monte carlo techniques",4,3
18099,"structural relaxation time dependence",4,3
18100,"geometric picture",2,3
18101,"agrees quantitatively",2,3
18102,"coherence length scales",3,3
18103,"muon spin gap",3,3
18104,"paramagnetic phase transitions",3,3
18105,"magnon states",2,3
18106,"energy density waves",3,3
18107,"electric field cef",3,3
18108,"positively charged excitons",3,3
18109,"poisson boltzmann",2,3
18110,"holstein primakoff",2,3
18111,"spin relaxation time t1",4,3
18112,"slow relaxation phenomena",3,3
18113,"tunneling current density",3,3
18114,"lamellar phase",2,3
18115,"qmc simulations",2,3
18116,"thermodynamic limit theorem",3,3
18117,"half filling factors",3,3
18118,"resonating valence bond",3,3
18119,"bose gas phase approximation",4,3
18120,"electro optical spectra",3,3
18121,"lightly doped la 2-x sr",5,3
18122,"line node",2,3
18123,"quantized hall effect",3,3
18124,"arrhenius behavior",2,3
18125,"under shear viscosity",3,3
18126,"dimensional electron phonon interaction",4,3
18127,"ideal glass",2,3
18128,"time translation",2,3
18129,"shannon entropy principle",3,3
18130,"critical indices",2,3
18131,"small polaron theory",3,3
18132,"two body centered",3,3
18133,"quantum channel kondo effect",4,3
18134,"charge exchange coupling",3,3
18135,"wetting transition temperature",3,3
18136,"parameter alpha leq",3,3
18137,"ray diffraction pattern",3,3
18138,"plane wave superconductors",3,3
18139,"quasiclassical approximation",2,3
18140,"superconducting phase boundary",3,3
18141,"optimal doping concentration",3,3
18142,"trapped ideal",2,3
18143,"non local thermodynamic",3,3
18144,"bragg glass",2,3
18145,"magnetic flux periodicity",3,3
18146,"glassy phase transition",3,3
18147,"intrinsic josephson effect",3,3
18148,"magneto electric",2,3
18149,"gibbs canonical ensemble",3,3
18150,"spectral energy gap",3,3
18151,"spin triplet superconductor",3,3
18152,"dimensional organic molecular",3,3
18153,"electron gases",2,3
18154,"conjugated polymer",2,3
18155,"oxide superconductors",2,3
18156,"doped copper",2,3
18157,"particle green functions",3,3
18158,"renormalization group theoretical analysis",4,3
18159,"fermi surface density functional calculations",5,3
18160,"carbon doping dependence",3,3
18161,"combinatorial optimization problem",3,3
18162,"outer boundary conditions",3,3
18163,"closed orientable",2,3
18164,"lorentzian geometry",2,3
18165,"algebraically special",2,3
18166,"essentially self adjoint",3,3
18167,"algebraically special case",3,3
18168,"pacs numbers",2,3
18169,"geometric phase space time",4,3
18170,"stable against gravitational collapse",4,3
18171,"static axially",2,3
18172,"non inertial frame",3,3
18173,"high energy momentum space time",5,3
18174,"conformally flat initial data",4,3
18175,"asymptotic expansion technique",3,3
18176,"singularity free energy",3,3
18177,"foam models",2,3
18178,"lovelock gravity",2,3
18179,"deformed euclidean space",3,3
18180,"barotropic equation",2,3
18181,"spin orbit coupling constant",4,3
18182,"large number conservation laws",4,3
18183,"two loop quantum gravity",4,3
18184,"uniformly accelerated observer",3,3
18185,"density wave equation",3,3
18186,"interferometric gravitational wave signal",4,3
18187,"electromagnetic field phi",3,3
18188,"near infrared spectrograph",3,3
18189,"super massive halos",3,3
18190,"high magnification",2,3
18191,"ray flux limits",3,3
18192,"outer boundary condition",3,3
18193,"low temperature profiles",3,3
18194,"position velocity dispersions",3,3
18195,"cvn systems",2,3
18196,"lya absorption systems",3,3
18197,"ly alpha clouds",3,3
18198,"density omegam",2,3
18199,"semi analytically",2,3
18200,"three body simulations",3,3
18201,"fri radio emission",3,3
18202,"evolution explorer",2,3
18203,"high statistics connection",3,3
18204,"broad line seyfert galaxy",4,3
18205,"lyman alpha emission line emitting galaxies",6,3
18206,"molecular beam",2,3
18207,"robotic telescopes",2,3
18208,"ray emissions",2,3
18209,"nuclear matter waves",3,3
18210,"stars rx",2,3
18211,"double pulsar system",3,3
18212,"circular velocities",2,3
18213,"background cmb data",3,3
18214,"cosmic microwave anisotropy probe wmap observations",6,3
18215,"sagittarius dwarf companion",3,3
18216,"bar pattern speed",3,3
18217,"alpha element abundance ratios",4,3
18218,"m31 halo stars",3,3
18219,"thermal comptonization",2,3
18220,"dominant stellar mass",3,3
18221,"luminous dusty",2,3
18222,"stellar mass assembly",3,3
18223,"magnetohydrodynamics mhd",2,3
18224,"two photon index",3,3
18225,"weakly interacting massive neutrinos",4,3
18226,"radiatively inefficient accretion disk",4,3
18227,"unidentified egret error boxes",4,3
18228,"critical point correlation",3,3
18229,"cosmic ray astronomy",3,3
18230,"ray pulsar psr",3,3
18231,"radio telescope gbt",3,3
18232,"deep field north",3,3
18233,"neutral hydrogen hi",3,3
18234,"survey kiss",2,3
18235,"nitrogen abundance ratios",3,3
18236,"faber jackson",2,3
18237,"omegam omega lambda",3,3
18238,"dust continuum emission measure",4,3
18239,"two dimensional schwarzschild background",4,3
18240,"young open cluster ngc",4,3
18241,"four point like",3,3
18242,"mm continuum maps",3,3
18243,"high precision radial velocity",4,3
18244,"ray emission mechanism responsible",4,3
18245,"eclipse mapping techniques",3,3
18246,"semi analytic treatment",3,3
18247,"stellar evolution equations",3,3
18248,"cluster core accretion",3,3
18249,"short term variability",3,3
18250,"produce significant differences",3,3
18251,"underlying continuum emission lines",4,3
18252,"ksec xmm newton observation",4,3
18253,"schmidt law",2,3
18254,"accreting black hole binaries",4,3
18255,"line driven wind",3,3
18256,"imaging survey covers",3,3
18257,"accretion powered millisecond pulsars",4,3
18258,"difference delta function",3,3
18259,"optically thick dusty",3,3
18260,"near ir luminosities",3,3
18261,"hole mass accretion disks",4,3
18262,"soft gamma ray absorption",4,3
18263,"supersoft sources",2,3
18264,"massive white dwarf",3,3
18265,"hybrid inflation driven",3,3
18266,"nearby spiral galaxy",3,3
18267,"antennae galaxies",2,3
18268,"ks chandra acis",3,3
18269,"corrected local density",3,3
18270,"sfr density",2,3
18271,"luminous ir luminosity",3,3
18272,"massive star forming galaxies",4,3
18273,"outward propagating",2,3
18274,"carbon oxygen white dwarf",4,3
18275,"li abundance",2,3
18276,"klein nishina",2,3
18277,"too low luminosity",3,3
18278,"cyg x-3",2,3
18279,"over s2",2,3
18280,"non gaussian noise level",4,3
18281,"large portion",2,3
18282,"spatial distribution functions",3,3
18283,"european large area iso",4,3
18284,"ultra relativistic jets",3,3
18285,"agn hosts",2,3
18286,"ray flux ratios",3,3
18287,"surface brightness ratio",3,3
18288,"black hole mass accretion",4,3
18289,"millimetre wavelengths",2,3
18290,"high energy tail",3,3
18291,"circularly polarized emission",3,3
18292,"delayed detonation",2,3
18293,"type ia supernova explosions",4,3
18294,"ly alpha emission lines",4,3
18295,"cold dark energy",3,3
18296,"terrestrial planet",2,3
18297,"iue data",2,3
18298,"diffusion convection",2,3
18299,"disk corona",2,3
18300,"proto cluster",2,3
18301,"molecular gas traced",3,3
18302,"grb afterglows",2,3
18303,"collapse leading",2,3
18304,"high inclination",2,3
18305,"plasma frequency range",3,3
18306,"band imaging spectrograph",3,3
18307,"driven winds",2,3
18308,"red giant component",3,3
18309,"thermal sunyaev",2,3
18310,"sz surveys",2,3
18311,"mean field centered",3,3
18312,"current observational tests",3,3
18313,"young open",2,3
18314,"vlt uves spectrograph",3,3
18315,"process nucleosynthesis calculations",3,3
18316,"metal abundance pattern",3,3
18317,"ray pulsars axps",3,3
18318,"hi column density profile",4,3
18319,"cross section per",3,3
18320,"radio halo",2,3
18321,"hydrodynamics sph simulations",3,3
18322,"hubble time evolution",3,3
18323,"fast solar masses",3,3
18324,"star formation rates sfrs",4,3
18325,"rate limiting",2,3
18326,"inner core radii",3,3
18327,"radiation pressure equilibrium",3,3
18328,"local density perturbations",3,3
18329,"galactic chemical elements",3,3
18330,"parsec scale factor",3,3
18331,"solar atmosphere",2,3
18332,"almost twice",2,3
18333,"isotropic medium modified",3,3
18334,"spheroidal galaxy",2,3
18335,"moderately strong",2,3
18336,"sagittarius dwarf",2,3
18337,"shock heated gas",3,3
18338,"initial lorentz factor",3,3
18339,"hubble space telescope hst acs",5,3
18340,"sio maser lines",3,3
18341,"ogle tr-56b",2,3
18342,"kev band imaging",3,3
18343,"long term variations",3,3
18344,"fors deep survey",3,3
18345,"monitoring programs",2,3
18346,"primordial binaries",2,3
18347,"http www",2,3
18348,"baryonic dark matter halos",4,3
18349,"sub optimal",2,3
18350,"scaled down",2,3
18351,"mid ir fluxes",3,3
18352,"lx erg cm",3,3
18353,"phase transition redshift",3,3
18354,"relic neutrino flux",3,3
18355,"cosmic star formation history",4,3
18356,"galactic bulges",2,3
18357,"supermassive black hole masses",4,3
18358,"orthogonal polarization",2,3
18359,"position velocity diagram",3,3
18360,"cluster omega cen",3,3
18361,"real space distortions",3,3
18362,"supernova driven wind",3,3
18363,"giant hii regions",3,3
18364,"cosmic microwave background radiation field",5,3
18365,"seconds after",2,3
18366,"circumbinary disk",2,3
18367,"methanol maser",2,3
18368,"gravitational collapse supernova",3,3
18369,"novel features appearing",3,3
18370,"myr ago",2,3
18371,"william herschel",2,3
18372,"virial mass ratio",3,3
18373,"cosmic ray luminosity",3,3
18374,"universal structured jet",3,3
18375,"against collapse",2,3
18376,"primary eclipse",2,3
18377,"definitive proof",2,3
18378,"simultaneous rxte pca",3,3
18379,"dwarf spheroidal dsph",3,3
18380,"circumstellar matter",2,3
18381,"mass concentrations",2,3
18382,"disk inclination angle",3,3
18383,"hole mass accretion disc",4,3
18384,"collapsar model",2,3
18385,"binary pulsar psr j0737-3039",4,3
18386,"intermediate redshift survey",3,3
18387,"structure formation activity",3,3
18388,"uniform magnetic field strength",4,3
18389,"optical afterglow light curve",4,3
18390,"full reconstruction technique",3,3
18391,"power law behaviors",3,3
18392,"shock heating processes",3,3
18393,"thermal emission line",3,3
18394,"near infrared array",3,3
18395,"unidentified gamma ray emission",4,3
18396,"error budget",2,3
18397,"effective mass hierarchy",3,3
18398,"adjustable parameter",2,3
18399,"doublet triplet splitting",3,3
18400,"higgs doublets",2,3
18401,"three flavor violating",3,3
18402,"pseudoscalar higgs",2,3
18403,"order nlo qcd",3,3
18404,"zero mode coupling",3,3
18405,"charm quark gluon",3,3
18406,"right handed majorana",3,3
18407,"low energy distributions",3,3
18408,"neutrino mixing angles",3,3
18409,"kinematical distributions",2,3
18410,"dirac type ii",3,3
18411,"manifestly gauge fields",3,3
18412,"electroweak radiative corrections",3,3
18413,"varying neutrinos",2,3
18414,"delta m2 m3",3,3
18415,"counting rules",2,3
18416,"decaying higgs production",3,3
18417,"particle hole production",3,3
18418,"1-loop effective",2,3
18419,"supersymmetric partners",2,3
18420,"polarized current deep inelastic scattering",5,3
18421,"multiple parton distributions",3,3
18422,"hard scattering amplitude",3,3
18423,"low tan",2,3
18424,"constrained minimal supersymmetric standard model cmssm",6,3
18425,"anomaly mediated supersymmetry",3,3
18426,"non perturbative information",3,3
18427,"colour glass condensate",3,3
18428,"hybrid inflation occurs",3,3
18429,"k1 gamma",2,3
18430,"extra solar neutrinos",3,3
18431,"flavor qcd corrections",3,3
18432,"subleading order parameter",3,3
18433,"probing dark matter",3,3
18434,"high energy splittings",3,3
18435,"axial vector meson",3,3
18436,"simple analytical formula",3,3
18437,"beta decay rates",3,3
18438,"neutralino annihilations",2,3
18439,"diffractive dijet cross section",4,3
18440,"angle theta atm",3,3
18441,"bimaximal mixing matrix",3,3
18442,"family symmetry breaking",3,3
18443,"supersymmetric grand unification",3,3
18444,"littlest higgs",2,3
18445,"leptonic mixing induced",3,3
18446,"squared difference delta",3,3
18447,"low mass insertion",3,3
18448,"strong gravitational force",3,3
18449,"varying fine structure constant",4,3
18450,"hosotani mechanism",2,3
18451,"compactified space time",3,3
18452,"non relativistic heavy quarkonium",4,3
18453,"mediated supersymmetry breaking",3,3
18454,"implicitly assumed",2,3
18455,"right symmetric group",3,3
18456,"slepton mass",2,3
18457,"heavy flavour violation",3,3
18458,"deeply virtual compton",3,3
18459,"astroparticle physics",2,3
18460,"simultaneous detection",2,3
18461,"scalable quantum interference",3,3
18462,"diffraction patterns",2,3
18463,"effective viscosity",2,3
18464,"photonic band gap",3,3
18465,"main pulse",2,3
18466,"electric charge conservation",3,3
18467,"low energy momentum transfer",4,3
18468,"chaotic attractor",2,3
18469,"manifestly gauge theory",3,3
18470,"effective refractive",2,3
18471,"end electronics",2,3
18472,"self assembled quantum information",4,3
18473,"long time baseline interferometry vlbi observations",6,3
18474,"long baseline length",3,3
18475,"cold atoms cm",3,3
18476,"reaction diffusion constant",3,3
18477,"oxygen partial",2,3
18478,"skeletal structures",2,3
18479,"photonic crystal field",3,3
18480,"non specialists",2,3
18481,"tangential velocity",2,3
18482,"photonic crystal fiber",3,3
18483,"dielectronic recombination",2,3
18484,"wave interferometers",2,3
18485,"supersymmetry transformation rules",3,3
18486,"world sheet like",3,3
18487,"interacting scalar tensor",3,3
18488,"z2 orbifold compactification",3,3
18489,"dijkgraaf vafa conjecture",3,3
18490,"noncommutative chern simons theory",4,3
18491,"finite dimensional supergravity",3,3
18492,"ultra relativistic limit",3,3
18493,"super conformal symmetry",3,3
18494,"dirac born infeld",3,3
18495,"energy cosmic string",3,3
18496,"zero point correlation",3,3
18497,"maxwell dilaton gravity",3,3
18498,"witten map",2,3
18499,"conformal anomaly free",3,3
18500,"hyper kahler",2,3
18501,"bps domain walls",3,3
18502,"conformally invariant under",3,3
18503,"ghost free",2,3
18504,"t2 z2 symmetry",3,3
18505,"bps domain wall",3,3
18506,"g2 manifolds",2,3
18507,"five dimensional supergravity coupled",4,3
18508,"iib orientifolds",2,3
18509,"tadpole cancellation",2,3
18510,"renormalization group rg flows",4,3
18511,"intersecting branes wrapping",3,3
18512,"bekenstein hawking radiation",3,3
18513,"torus bundle",2,3
18514,"systematically higher dimensional",3,3
18515,"two dimensional supergravity coupled",4,3
18516,"four dimensional supergravity coupled",4,3
18517,"non compact extra",3,3
18518,"nearest neighbours",2,3
18519,"de sitter ads backgrounds",4,3
18520,"schwarzschild like",2,3
18521,"kalb ramond",2,3
18522,"dm interaction",2,3
18523,"noncommutative minkowski space",3,3
18524,"frw brane cosmology",3,3
18525,"intrinsic localized",2,3
18526,"non abelian chern",3,3
18527,"asymptotically de sitter space",4,3
18528,"network trained",2,3
18529,"polynomial time domain",3,3
18530,"boson exchange",2,3
18531,"mass function f2",3,3
18532,"eta meson masses",3,3
18533,"parts per million",3,3
18534,"boson fermion final states",4,3
18535,"solar neutrino oscillation parameters",4,3
18536,"light higgs production cross section",5,3
18537,"neutralino mass ratio",3,3
18538,"kekb asymmetric energy distribution",4,3
18539,"particle physics program",3,3
18540,"neutrino mass energies",3,3
18541,"neutral higgs production cross section",5,3
18542,"gluonic excitation",2,3
18543,"lattice qcd sum",3,3
18544,"broken power",2,3
18545,"coulomb gauge theory",3,3
18546,"non abelian higgs",3,3
18547,"flavour singlet",2,3
18548,"partially quenched approximation",3,3
18549,"field tuned through",3,3
18550,"quenched approximation schemes",3,3
18551,"multi quark mass",3,3
18552,"fermion doubling",2,3
18553,"exact supersymmetry breaking",3,3
18554,"non zero baryon chemical potential",5,3
18555,"staggered fermion",2,3
18556,"plaquette action",2,3
18557,"non negative integers",3,3
18558,"ell wave function",3,3
18559,"power spectrum displays",3,3
18560,"connes kreimer",2,3
18561,"energy momentum flux",3,3
18562,"liquid crystal field",3,3
18563,"two dimensional spatiotemporal chaos",4,3
18564,"parameters governing",2,3
18565,"density wave turbulence",3,3
18566,"vortex ring like",3,3
18567,"short time ago",3,3
18568,"radial expansion velocities",3,3
18569,"anomalous scaling law",3,3
18570,"swift hohenberg equation",3,3
18571,"spatially periodic solutions",3,3
18572,"cast doubt",2,3
18573,"quasi exactly solvable potentials",4,3
18574,"low energy thresholds",3,3
18575,"coupled logistic equation",3,3
18576,"plasma qgp",2,3
18577,"charged bose",2,3
18578,"deformed special",2,3
18579,"spin polarized deuteron",3,3
18580,"total angular distribution",3,3
18581,"reduction procedures",2,3
18582,"minimum bias events",3,3
18583,"color transparency",2,3
18584,"weak coupling constants",3,3
18585,"mass energies below",3,3
18586,"single node",2,3
18587,"activation energies",2,3
18588,"parton shower partons",3,3
18589,"thermal balance functions",3,3
18590,"hanbury brown twiss hbt correlation function",6,3
18591,"meson exchange interaction",3,3
18592,"strongly coupled channel",3,3
18593,"pairing forces",2,3
18594,"nd sm",2,3
18595,"neutron quasiparticle random phase approximation",5,3
18596,"transport problems",2,3
18597,"phase space time dependent",4,3
18598,"nucleon force",2,3
18599,"color superconducting phase transition",4,3
18600,"photo induced reactions",3,3
18601,"energy released",2,3
18602,"structure formation occurs",3,3
18603,"neutrino nucleus scattering processes",4,3
18604,"narrow resonance region",3,3
18605,"neutron skin",2,3
18606,"potential barrier heights",3,3
18607,"linear accelerator",2,3
18608,"discrete time varying",3,3
18609,"highly inhomogeneous",2,3
18610,"base pairing",2,3
18611,"quasi stationary state",3,3
18612,"binary population dynamics",3,3
18613,"newton observation",2,3
18614,"sampling rate",2,3
18615,"bragg grating",2,3
18616,"non linear optics",3,3
18617,"single atom traps",3,3
18618,"linear optical cavity",3,3
18619,"photon absorption process",3,3
18620,"heisenberg picture",2,3
18621,"adiabatic passage time",3,3
18622,"quantum interference term",3,3
18623,"resonant raman",2,3
18624,"transparency eit",2,3
18625,"distributed quantum mechanics",3,3
18626,"scalable quantum computing",3,3
18627,"deep enough",2,3
18628,"elliptically polarized",2,3
18629,"lower bound entangled state",4,3
18630,"first error rate",3,3
18631,"internal energy spectrum",3,3
18632,"pseudo random matrices",3,3
18633,"highly nonlinear media",3,3
18634,"back propagation",2,3
18635,"eit medium",2,3
18636,"theoretical foundations",2,3
18637,"pseudo hermitian hamiltonian",3,3
18638,"electromagnetic pulses",2,3
18639,"squeezed vacuum",2,3
18640,"quantum computer architecture",3,3
18641,"linear optical path",3,3
18642,"vacuum rabi",2,3
18643,"multi qubit",2,3
18644,"cold atoms confined",3,3
18645,"fully packed",2,3
18646,"power series expansions",3,3
18647,"fixed magnetization",2,3
18648,"dimensional ising spin",3,3
18649,"single valued functions",3,3
18650,"generalized hypergeometric",2,3
18651,"flat initial condition",3,3
18652,"standard brownian particle",3,3
18653,"supersymmetric particle physics",3,3
18654,"orthogonal polynomial",2,3
18655,"high redshift distributions",3,3
18656,"ice mantles",2,3
18657,"masing region",2,3
18658,"radio astronomy",2,3
18659,"non gaussian features",3,3
18660,"khz qpo",2,3
18661,"non baryonic dark matter candidate",5,3
18662,"hot post agb stars",4,3
18663,"planetary nebula around",3,3
18664,"red rectangle",2,3
18665,"carbon oxygen rich",3,3
18666,"red shifted",2,3
18667,"field cameras",2,3
18668,"brightest cluster members",3,3
18669,"population size distributions",3,3
18670,"duration gamma ray burst grb",5,3
18671,"bipolar outflows",2,3
18672,"concordance cosmological model",3,3
18673,"red clump stars",3,3
18674,"observational bounds",2,3
18675,"frw models",2,3
18676,"surrounding medium icm",3,3
18677,"sigma ori",2,3
18678,"probing dark energy",3,3
18679,"regulated star",2,3
18680,"dust continuum emission",3,3
18681,"kilohertz quasi periodic oscillations",4,3
18682,"supernova rate",2,3
18683,"outer gap",2,3
18684,"single peaked profile",3,3
18685,"central star forming galaxies",4,3
18686,"absorbing column density",3,3
18687,"observational data set",3,3
18688,"objective prism survey",3,3
18689,"parameter omegam sigma8",3,3
18690,"gravitational lensing signal",3,3
18691,"high energy cosmic rays uhecr",5,3
18692,"rotation powered pulsars",3,3
18693,"urca process",2,3
18694,"classical cepheid variables",3,3
18695,"mass accretion flow",3,3
18696,"cdm cosmology",2,3
18697,"highest redshift survey",3,3
18698,"ir spectroscopy",2,3
18699,"fully sampled",2,3
18700,"circular velocity distribution function",4,3
18701,"type ic",2,3
18702,"emission line shape",3,3
18703,"thomson scattering",2,3
18704,"survey cgps",2,3
18705,"angular power law",3,3
18706,"source 3eg",2,3
18707,"few body simulations",3,3
18708,"total stellar mass distribution",4,3
18709,"ultra relativistic electrons",3,3
18710,"higher ionization",2,3
18711,"ionizing sources",2,3
18712,"observatory iso observations",3,3
18713,"experimental constraints imposed",3,3
18714,"rotating superfluid neutron stars",4,3
18715,"vacuum energy momentum tensor",4,3
18716,"drag force acting",3,3
18717,"canonically conjugate variables",3,3
18718,"lemaitre tolman bondi",3,3
18719,"randall sundrum type ii",4,3
18720,"chiral lagrangian formulation",3,3
18721,"taylor identities",2,3
18722,"coupling unification",2,3
18723,"functional form factor",3,3
18724,"hilbert manifold",2,3
18725,"asymptotically flat initial",3,3
18726,"helmholtz free energy",3,3
18727,"hole mass accretion onto",4,3
18728,"noncommutative minkowski spacetime",3,3
18729,"extremal reissner",2,3
18730,"nordstr om",2,3
18731,"massive scalar field theory",4,3
18732,"non commuting operators",3,3
18733,"closed orientable manifold",3,3
18734,"exponent beta function",3,3
18735,"strongly chaotic behaviour",3,3
18736,"principal part",2,3
18737,"critical point contact process",4,3
18738,"under translations",2,3
18739,"self injective",2,3
18740,"group lg",2,3
18741,"outer automorphism",2,3
18742,"stable homotopy",2,3
18743,"picard number",2,3
18744,"dolbeault cohomology groups",3,3
18745,"multiplicity free",2,3
18746,"purely combinatorial proof",3,3
18747,"bundles over s2",3,3
18748,"affine hecke",2,3
18749,"elementary abelian group",3,3
18750,"quasi periodic orbits",3,3
18751,"normed algebras",2,3
18752,"separable banach space",3,3
18753,"algebraically closed formula",3,3
18754,"two dimensional hilbert kunz multiplicity",5,3
18755,"conditional expectation",2,3
18756,"geometric langlands",2,3
18757,"rho omega lambda",3,3
18758,"lie superalgebras",2,3
18759,"lyapunov schmidt decomposition",3,3
18760,"abelian chern class",3,3
18761,"riemannian foliations",2,3
18762,"symplectic leaf",2,3
18763,"fibonomial coefficients",2,3
18764,"compact lie within",3,3
18765,"compact oriented",2,3
18766,"volume filling",2,3
18767,"space borne",2,3
18768,"complex reductive groups",3,3
18769,"baxter algebras",2,3
18770,"bethe vectors",2,3
18771,"spectral invariants",2,3
18772,"rigorous lower bound",3,3
18773,"particle image",2,3
18774,"pseudo dirac operator",3,3
18775,"high degree distributions",3,3
18776,"graded hopf",2,3
18777,"right angled coxeter group",4,3
18778,"simple analytic arguments",3,3
18779,"cyclic homology class",3,3
18780,"strictly pseudoconvex domains",3,3
18781,"zero point vortices",3,3
18782,"non compact abelian group",4,3
18783,"division algebra",2,3
18784,"spinning compact",2,3
18785,"integer programming",2,3
18786,"non degenerate critical point",4,3
18787,"chromo electric fields",3,3
18788,"boson fermion pairs",3,3
18789,"thermal expansion velocity",3,3
18790,"minimal supersymmetric standard",3,3
18791,"leading logarithmic electroweak",3,3
18792,"reheat temperature",2,3
18793,"iron core",2,3
18794,"weakly interacting neutrinos",3,3
18795,"pseudo nambu goldstone boson",4,3
18796,"exclusion limits",2,3
18797,"tan beta decay modes",4,3
18798,"ir cutoff",2,3
18799,"energy cosmic ray spectra",4,3
18800,"flavor violations",2,3
18801,"topcolor assisted",2,3
18802,"spatial dimension five",3,3
18803,"chiral soliton solutions",3,3
18804,"constrained minimal supersymmetric",3,3
18805,"strongly interacting neutrinos",3,3
18806,"kuzmin gzk cutoff",3,3
18807,"flavor nambu jona lasinio",4,3
18808,"standard model sm prediction",4,3
18809,"dirac cp violation",3,3
18810,"matrix renormalization scheme",3,3
18811,"type ii seesaw formula",4,3
18812,"spin singlet pairs",3,3
18813,"quiver gauge couplings",3,3
18814,"handed neutrinos",2,3
18815,"gauge coupling unification scale",4,3
18816,"standard slow roll",3,3
18817,"many particle moving",3,3
18818,"lhc lc",2,3
18819,"massive scalar tensor",3,3
18820,"two loop radiative",3,3
18821,"severely constrained",2,3
18822,"manifestly lorentz invariant",3,3
18823,"shell renormalization scheme",3,3
18824,"supersymmetric pp",2,3
18825,"trilinear soft",2,3
18826,"phi meson pairs",3,3
18827,"bottom quark masses",3,3
18828,"matter domination",2,3
18829,"cpt invariance",2,3
18830,"2pi effective mass",3,3
18831,"non linear confinement",3,3
18832,"general mssm like",3,3
18833,"small angle alpha",3,3
18834,"perpendicular magnetic field lines",4,3
18835,"hyperon nucleon",2,3
18836,"minimal supersymmetric standard model mssm parameter",6,3
18837,"heavy quark mass difference",4,3
18838,"dense quark mass",3,3
18839,"functions f2",2,3
18840,"gluon exchange",2,3
18841,"hyperfine splittings",2,3
18842,"glass condensate",2,3
18843,"quark mass ordering",3,3
18844,"infrared divergent",2,3
18845,"poorly constrained",2,3
18846,"effective hamiltonian formulation",3,3
18847,"technicolor tc2",2,3
18848,"correct value problem",3,3
18849,"eikonal approximation",2,3
18850,"black hole production",3,3
18851,"eta meson photoproduction",3,3
18852,"relic density parity",3,3
18853,"non linear collider lhc",4,3
18854,"open charm production cross section",5,3
18855,"neutrino nucleon interaction",3,3
18856,"bar lambda hyperons",3,3
18857,"antiproton collisions",2,3
18858,"projectile energies",2,3
18859,"coulomb excitation processes",3,3
18860,"neutrino mixing matrix",3,3
18861,"two body perturbation theory",4,3
18862,"sps energies",2,3
18863,"kinetic energy barriers",3,3
18864,"single particle green function",4,3
18865,"fermi energy density",3,3
18866,"compound nuclei",2,3
18867,"distorted wave function",3,3
18868,"many body forces",3,3
18869,"effective potential linearized",3,3
18870,"low energy input",3,3
18871,"electro magnetic properties",3,3
18872,"low pt",2,3
18873,"zero binding",2,3
18874,"oblate prolate shape",3,3
18875,"simple model building",3,3
18876,"momentum pt",2,3
18877,"lattice gas phase transition temperature",5,3
18878,"nc gauge coupling",3,3
18879,"minimal supersymmetric extensions",3,3
18880,"neveu model",2,3
18881,"helicity violating",2,3
18882,"antibrane system",2,3
18883,"kappa symmetry",2,3
18884,"harmonic superspace approach",3,3
18885,"type iib string theory compactified",5,3
18886,"extremal black hole",3,3
18887,"two loop amplitudes",3,3
18888,"lowest lying states",3,3
18889,"numerical renormalization group flow",4,3
18890,"non zero binding energy",4,3
18891,"quasi normal form",3,3
18892,"hole mass difference",3,3
18893,"infrared cutoff",2,3
18894,"current density functional",3,3
18895,"type ii superstring theories",4,3
18896,"topological string theory",3,3
18897,"monodromy matrix models",3,3
18898,"modified newtonian gravity",3,3
18899,"empty space time",3,3
18900,"brane antibrane system",3,3
18901,"generating functional perturbation",3,3
18902,"half flat space",3,3
18903,"bekenstein hawking entropy principle",4,3
18904,"mass spectrum displays",3,3
18905,"chiral symmetry breaking occurs",4,3
18906,"principles calculations",2,3
18907,"axial direction",2,3
18908,"too low energy",3,3
18909,"iib string theory compactified",4,3
18910,"fully localized",2,3
18911,"borel transform",2,3
18912,"two loop dilatation operator",4,3
18913,"black strings",2,3
18914,"flat minkowski spacetime",3,3
18915,"common belief",2,3
18916,"kalb ramond field",3,3
18917,"string theoretic",2,3
18918,"becomes negligible effect",3,3
18919,"iib supergravity",2,3
18920,"compact calabi yau manifolds",4,3
18921,"string tachyons",2,3
18922,"localized closed form",3,3
18923,"ultraviolet fixed point",3,3
18924,"shortest path length",3,3
18925,"geographically distributed computing",3,3
18926,"constraint logic programming",3,3
18927,"user interfaces",2,3
18928,"integer lattice zd",3,3
18929,"computational complexity class",3,3
18930,"population sizing",2,3
18931,"bayesian networks",2,3
18932,"pseudorandom number",2,3
18933,"invariant mass energies",3,3
18934,"two higgs bosons",3,3
18935,"higher charges",2,3
18936,"stringent upper limit",3,3
18937,"sin2 2theta",2,3
18938,"high energy ranges",3,3
18939,"inclusive electron proton",3,3
18940,"proton driver",2,3
18941,"million upsilon 4s bbbar",4,3
18942,"radiative decay width",3,3
18943,"effective mass distribution",3,3
18944,"leptonic cp",2,3
18945,"meson production cross sections",4,3
18946,"pep ii asymmetric energy eigenstates",5,3
18947,"hybrid monte carlo algorithm",4,3
18948,"electroweak symmetry group",3,3
18949,"non perturbative expansions",3,3
18950,"lattice gauge links",3,3
18951,"non equilibrium configurations",3,3
18952,"flic fermion action",3,3
18953,"scalar electrodynamics",2,3
18954,"topological charge density operator",4,3
18955,"ginsparg wilson",2,3
18956,"tadpole improved wilson",3,3
18957,"landau gauge couplings",3,3
18958,"ginsparg wilson fermions",3,3
18959,"sign matrices",2,3
18960,"functions lfs",2,3
18961,"nitrogen abundances",2,3
18962,"anomalously high",2,3
18963,"empirical calibrations",2,3
18964,"remaining objects",2,3
18965,"iron peak",2,3
18966,"energy density perturbations",3,3
18967,"oiii emission line",3,3
18968,"qso absorption",2,3
18969,"order cumulants",2,3
18970,"merging event",2,3
18971,"atacama cosmology telescope",3,3
18972,"formation histories",2,3
18973,"h2 emission measure",3,3
18974,"diffuse intergalactic medium",3,3
18975,"radio emission comes",3,3
18976,"gamma ray flash xrf",4,3
18977,"survey 2mass photometry",3,3
18978,"tidal tail",2,3
18979,"coronal loops",2,3
18980,"neutral hydrogen hi clouds",4,3
18981,"ray flash",2,3
18982,"trigonometric parallaxes",2,3
18983,"sub arcsecond resolution",3,3
18984,"subaru deep survey",3,3
18985,"two thirds",2,3
18986,"large scale dynamo action",4,3
18987,"large aperture",2,3
18988,"rotational energy momentum",3,3
18989,"high speeds",2,3
18990,"solar masses below",3,3
18991,"binary lmxb",2,3
18992,"detailed chemical abundances",3,3
18993,"relaxed clusters",2,3
18994,"four body simulations",3,3
18995,"cataclysmic variable stars",3,3
18996,"jeans instability",2,3
18997,"too small values",3,3
18998,"iron kalpha emission lines",4,3
18999,"kinetic sz effect",3,3
19000,"strongly shocked",2,3
19001,"low energy deposited",3,3
19002,"gas accretion rates",3,3
19003,"high resolution transmission",3,3
19004,"rays crs",2,3
19005,"young massive star forming region",5,3
19006,"diffusive shock fronts",3,3
19007,"helium abundance",2,3
19008,"ray flux limited sample",4,3
19009,"stellar mass losing",3,3
19010,"central black hole mbh",4,3
19011,"line intensities",2,3
19012,"hydrogen hi clouds",3,3
19013,"lens model",2,3
19014,"surface density wave function",4,3
19015,"dwarf galaxy clusters",3,3
19016,"faint blue galaxies",3,3
19017,"transmission grating",2,3
19018,"poloidal magnetic field lines",4,3
19019,"mean stellar mass",3,3
19020,"point like morphology",3,3
19021,"continuum radiation field",3,3
19022,"precision photometry",2,3
19023,"ksec xmm newton observations",4,3
19024,"high energy cosmic ray sources",5,3
19025,"optical depth lambda",3,3
19026,"interferometer space",2,3
19027,"average pulse profile",3,3
19028,"integrated flux density",3,3
19029,"late type spirals",3,3
19030,"full sky maps",3,3
19031,"proper time dependent",3,3
19032,"protostellar core",2,3
19033,"wavelength coverage",2,3
19034,"doppler factor",2,3
19035,"energy density profiles",3,3
19036,"non sequential",2,3
19037,"two complementary information",3,3
19038,"near ir colors",3,3
19039,"rest wavelength",2,3
19040,"low ionization parameter",3,3
19041,"direct imaging polarimetry",3,3
19042,"large magellanic cloud lmc disk",5,3
19043,"low luminosity functions",3,3
19044,"accelerating electric",2,3
19045,"hot gas flows",3,3
19046,"type agns",2,3
19047,"dusty disks",2,3
19048,"super hubble space",3,3
19049,"luminous blue variables",3,3
19050,"non compact object",3,3
19051,"upper atmosphere",2,3
19052,"cr spectrum",2,3
19053,"neutral iron",2,3
19054,"magnetohydrodynamic equations",2,3
19055,"lacertae objects",2,3
19056,"bh growth rate",3,3
19057,"total flux densities",3,3
19058,"general relativistic hydrodynamics",3,3
19059,"lambda cdm halos",3,3
19060,"molecular gas infall",3,3
19061,"modified friedmann",2,3
19062,"highest energy cosmic",3,3
19063,"2-degree field",2,3
19064,"accreting millisecond pulsar xte",4,3
19065,"narrow line seyfert galaxy",4,3
19066,"angular momentum loss rate",4,3
19067,"hole masses",2,3
19068,"magneto rotational",2,3
19069,"magneto transport properties",3,3
19070,"gravitational settling",2,3
19071,"main sequence turnoff stars",4,3
19072,"cosmic microwave anisotropy maps",4,3
19073,"trigonometric parallax",2,3
19074,"visual extinction",2,3
19075,"sub keplerian",2,3
19076,"magnetic flux tubes",3,3
19077,"double peaked profile",3,3
19078,"space time foam",3,3
19079,"gamma ray burst grb hosts",5,3
19080,"group theoretical predictions",3,3
19081,"diffuse emission measure",3,3
19082,"low temperature blackbody",3,3
19083,"companion galaxy ngc",3,3
19084,"chromospheric activity",2,3
19085,"large excesses",2,3
19086,"accretion flow onto",3,3
19087,"color magnitude diagrams cmd",4,3
19088,"three dimensional turbulence",3,3
19089,"readily available",2,3
19090,"pms stars",2,3
19091,"ultraviolet spectral properties",3,3
19092,"simultaneous radio source",3,3
19093,"lower ionization",2,3
19094,"finite differencing",2,3
19095,"energy distribution sed",3,3
19096,"photospheric features",2,3
19097,"palomar observatory",2,3
19098,"nearby starburst galaxy formation",4,3
19099,"prolate shape",2,3
19100,"luminous blue variable star",4,3
19101,"pre maximum",2,3
19102,"radio lobes",2,3
19103,"soft gamma ray spectrum",4,3
19104,"jet opening",2,3
19105,"current sheets",2,3
19106,"high energy uhe",3,3
19107,"hi mass distribution",3,3
19108,"ionized absorber",2,3
19109,"basic physical assumptions",3,3
19110,"low mass estimates",3,3
19111,"low energy stored",3,3
19112,"low mass accretion disks",4,3
19113,"line seyfert",2,3
19114,"probability density approximation",3,3
19115,"free electron proton",3,3
19116,"charged particles suspended",3,3
19117,"heavy flavour",2,3
19118,"ultracold neutral plasmas",3,3
19119,"exponent lambda",2,3
19120,"rapidly decaying",2,3
19121,"effective permittivity",2,3
19122,"general relativistic kinematics",3,3
19123,"refractive index materials",3,3
19124,"magnetized plasma frequency",3,3
19125,"parallel tempering",2,3
19126,"cpu time",2,3
19127,"md simulations",2,3
19128,"ray tracing",2,3
19129,"low frequency bands",3,3
19130,"electron density approximation",3,3
19131,"electron gas phase",3,3
19132,"hydrogen bond length",3,3
19133,"van der waals interactions",4,3
19134,"solitary wave",2,3
19135,"alternating current voltage",3,3
19136,"proc natl acad sci usa",5,3
19137,"organized criticality",2,3
19138,"number density inhomogeneities",3,3
19139,"fermi pasta ulam",3,3
19140,"wall bounded",2,3
19141,"pattern forming",2,3
19142,"flow pattern formation",3,3
19143,"adic string",2,3
19144,"map ansatz",2,3
19145,"nonlinear schroedinger",2,3
19146,"statistical multifragmentation",2,3
19147,"mev per particle",3,3
19148,"doubly excited states",3,3
19149,"ultra peripheral collisions",3,3
19150,"experimental data base",3,3
19151,"open shell",2,3
19152,"inverse scattering lengths",3,3
19153,"longitudinal polarization transfer",3,3
19154,"protein evolution",2,3
19155,"entire parameter",2,3
19156,"fano factors",2,3
19157,"mortality dynamics",2,3
19158,"functional central limit",3,3
19159,"albert network",2,3
19160,"integrated flux",2,3
19161,"stopping power",2,3
19162,"semi classical mechanics",3,3
19163,"neutralizing background",2,3
19164,"feshbach resonance region",3,3
19165,"decreasing temperature dependent",3,3
19166,"two dimensional ising spin glasses",5,3
19167,"two dimensional ising spin glass",5,3
19168,"non dispersive",2,3
19169,"exchange interaction strength",3,3
19170,"quasiparticle tunneling current",3,3
19171,"ordered phase space",3,3
19172,"branched polymer",2,3
19173,"vortex core radius",3,3
19174,"free sf",2,3
19175,"non local thermodynamic limit",4,3
19176,"low reynolds number",3,3
19177,"discrete breathers",2,3
19178,"stress relaxation",2,3
19179,"low temperature scanning tunneling",4,3
19180,"two dimensional ising universality class",5,3
19181,"quasibound states",2,3
19182,"mgb2 superconductor mgb",3,3
19183,"saturation magnetization measurements",3,3
19184,"driven granular gas",3,3
19185,"boson fermion mixtures",3,3
19186,"electron doped cuprate superconductor",4,3
19187,"paramagnetic phase approximation",3,3
19188,"density wave superconductors",3,3
19189,"atomic scale structure",3,3
19190,"localised states",2,3
19191,"organic superconductors",2,3
19192,"optical cavity containing",3,3
19193,"axial magnetic",2,3
19194,"rapidly rotating bose einstein condensates",5,3
19195,"correlated electron hole",3,3
19196,"hall resistivity",2,3
19197,"brillouin zone boundary",3,3
19198,"two oppositely charged",3,3
19199,"granular metals",2,3
19200,"lattice gas phase transitions",4,3
19201,"stokes shift",2,3
19202,"energy density wave propagation",4,3
19203,"moving group velocity",3,3
19204,"damping rates",2,3
19205,"non demolition measurements",3,3
19206,"2d electron gas 2deg",4,3
19207,"microscopy stm",2,3
19208,"fully ordered",2,3
19209,"double perovskite",2,3
19210,"bond ordered",2,3
19211,"spin susceptibilities",2,3
19212,"kb tc",2,3
19213,"plane wave vector",3,3
19214,"blume emery griffiths",3,3
19215,"photonic crystal slabs",3,3
19216,"slow relaxation rate",3,3
19217,"ordered phase transitions",3,3
19218,"negative differential resistance states",4,3
19219,"purely elastic",2,3
19220,"particle hole masses",3,3
19221,"spin glass phase transition",4,3
19222,"curie temperature tc",3,3
19223,"spin-1 ising spin",3,3
19224,"basic thermodynamic properties",3,3
19225,"combinatorial optimization problems",3,3
19226,"ca mno",2,3
19227,"scanning tunneling",2,3
19228,"transverse magnetic field theory",4,3
19229,"simple exclusion process",3,3
19230,"stationary points",2,3
19231,"real analytic expression",3,3
19232,"van alphen effect",3,3
19233,"uniform magnetic field theory",4,3
19234,"scanning tunneling microscopy stm measurements",5,3
19235,"molecular bose einstein condensates bec",5,3
19236,"spin stiffness",2,3
19237,"perpendicular magnetic field strength",4,3
19238,"coherence length xi",3,3
19239,"characteristic zero bias",3,3
19240,"minority spin polarization",3,3
19241,"metallic phase transition mit",4,3
19242,"multifractal spectrum",2,3
19243,"heat jump",2,3
19244,"anisotropic magnetoresistance",2,3
19245,"charge density wave superconductivity",4,3
19246,"dielectric tensor",2,3
19247,"mean square lattice",3,3
19248,"parameter alpha ll",3,3
19249,"plane wave superconductivity",3,3
19250,"superconducting coherence",2,3
19251,"tilted magnetic fields",3,3
19252,"deformed special case",3,3
19253,"multi orbital motion",3,3
19254,"video microscopy",2,3
19255,"optical tweezers",2,3
19256,"interlayer phase transition",3,3
19257,"generalized lyapunov exponents",3,3
19258,"phys condens matter",3,3
19259,"existing experimental studies",3,3
19260,"andreev reflections",2,3
19261,"strong magnetic frustration",3,3
19262,"liquid crystal structure",3,3
19263,"free energy landscapes",3,3
19264,"neuron models",2,3
19265,"fcc lattice",2,3
19266,"thermal history",2,3
19267,"numerically exact solutions",3,3
19268,"hole pair plasma",3,3
19269,"binding hamiltonian",2,3
19270,"strongly damped oscillations",3,3
19271,"per square lattice",3,3
19272,"low energy barriers",3,3
19273,"complex reflection coefficient",3,3
19274,"lattice relaxation time",3,3
19275,"probability densities",2,3
19276,"area law behavior",3,3
19277,"moment generating function",3,3
19278,"system size scaling properties",4,3
19279,"group velocity fields",3,3
19280,"atomic fermi energy",3,3
19281,"cluster perturbation",2,3
19282,"chiral symmetry group",3,3
19283,"surface acoustic waves",3,3
19284,"waiting time series",3,3
19285,"functional renormalization group",3,3
19286,"frustrated pyrochlore lattice",3,3
19287,"lying levels",2,3
19288,"capacity measurements",2,3
19289,"moderate coupling",2,3
19290,"copper oxide",2,3
19291,"single wall carbon nanotubes cnts",5,3
19292,"space time averages",3,3
19293,"rigid body",2,3
19294,"velocity shear flow",3,3
19295,"general position velocity",3,3
19296,"non adiabatic regime",3,3
19297,"nash equilibrium",2,3
19298,"stretched exponential relaxation",3,3
19299,"valence band gap",3,3
19300,"carbon doping",2,3
19301,"simple scaling law",3,3
19302,"triplet superconductors",2,3
19303,"semiconductor quantum gates",3,3
19304,"bond lengths",2,3
19305,"charge transfer matrix",3,3
19306,"waves propagating through",3,3
19307,"assisted tunneling current",3,3
19308,"crystalline electric field",3,3
19309,"barrier heights",2,3
19310,"ab initio molecular",3,3
19311,"spin hall conductance",3,3
19312,"dimensional reduction technique",3,3
19313,"transmission electron microscope",3,3
19314,"dc electric fields",3,3
19315,"jacobi identity",2,3
19316,"evolve according",2,3
19317,"anisotropic exchange coupling",3,3
19318,"clifford group",2,3
19319,"classically forbidden",2,3
19320,"quantum interference patterns",3,3
19321,"distributed quantum information",3,3
19322,"observer dependent",2,3
19323,"treat particle",2,3
19324,"theoretical physicists",2,3
19325,"toffoli gates",2,3
19326,"discrete time domain",3,3
19327,"bennett et",2,3
19328,"least two types",3,3
19329,"distillable entanglement",2,3
19330,"discrete time evolutions",3,3
19331,"mach zehnder interferometers",3,3
19332,"genuine quantum",2,3
19333,"faithful representation theory",3,3
19334,"fluctuation exchange interactions",3,3
19335,"microwave electric field",3,3
19336,"prior probability",2,3
19337,"upper bound entanglement",3,3
19338,"optimal value problem",3,3
19339,"homodyne detection efficiency",3,3
19340,"single mode squeezed light",4,3
19341,"party quantum",2,3
19342,"gaussian wave packets",3,3
19343,"primarily responsible",2,3
19344,"quasi periodic potential",3,3
19345,"geometric phase space",3,3
19346,"brand new",2,3
19347,"secret sharing",2,3
19348,"electron paramagnetic resonance epr",4,3
19349,"three dimensional analog",3,3
19350,"hidden subgroup",2,3
19351,"black hole mass estimates",4,3
19352,"narrow line seyfert galaxies",4,3
19353,"transmission grating spectrometer",3,3
19354,"mean stellar evolution",3,3
19355,"mean stellar populations",3,3
19356,"body code",2,3
19357,"particle physics involved",3,3
19358,"east west",2,3
19359,"cumulative distribution",2,3
19360,"near infrared colours",3,3
19361,"interstellar dust clouds",3,3
19362,"andromeda galaxy m31 halo",4,3
19363,"halo white",2,3
19364,"nfw profile",2,3
19365,"lambda cold dark matter haloes",5,3
19366,"collisional ionization equilibrium",3,3
19367,"oxygen white dwarf",3,3
19368,"wilkinson microwave anisotropy probe wmap",5,3
19369,"two seemingly",2,3
19370,"spiral galaxy ngc",3,3
19371,"host halo",2,3
19372,"high precision photometry",3,3
19373,"sio maser sources",3,3
19374,"high velocity surveys",3,3
19375,"sonic point",2,3
19376,"linear optical fiber",3,3
19377,"bepposax wide field cameras",4,3
19378,"intermediate mass distribution",3,3
19379,"limiting magnitudes",2,3
19380,"central star clusters containing",4,3
19381,"continuum emission measure",3,3
19382,"theoretical isochrones",2,3
19383,"gas giants",2,3
19384,"extrasolar planet host",3,3
19385,"ii quasars",2,3
19386,"luminosities lx",2,3
19387,"non accreting",2,3
19388,"absorbed power law",3,3
19389,"acs observations",2,3
19390,"phase transition objects",3,3
19391,"masses below mev",3,3
19392,"pairing gap equation",3,3
19393,"magnetic field centered",3,3
19394,"submillimeter galaxies",2,3
19395,"pre stellar convection",3,3
19396,"progenitor stars",2,3
19397,"wind blown",2,3
19398,"cyclotron line",2,3
19399,"parkes radio telescope",3,3
19400,"high inclination angle",3,3
19401,"dwarf nova outbursts",3,3
19402,"luminous infrared background",3,3
19403,"during inflation occurs",3,3
19404,"ionized fe",2,3
19405,"sky survey covers",3,3
19406,"brightness temperatures",2,3
19407,"short grbs",2,3
19408,"air showers eas",3,3
19409,"thick disks",2,3
19410,"gaussian shaped",2,3
19411,"magnetic cataclysmic",2,3
19412,"thomson optical depth",3,3
19413,"old globular clusters",3,3
19414,"galaxy m31 halo stars",4,3
19415,"enhanced stability analysis",3,3
19416,"companion star formation",3,3
19417,"cent confidence",2,3
19418,"multi parameter space",3,3
19419,"effective mass estimates",3,3
19420,"subaru deep field",3,3
19421,"loud quasars",2,3
19422,"binaries xrbs",2,3
19423,"merger tree",2,3
19424,"radiation recoil",2,3
19425,"grb sn",2,3
19426,"alpha line width",3,3
19427,"sub stellar objects",3,3
19428,"bona fide brown dwarfs",4,3
19429,"active star forming region",4,3
19430,"open cluster members",3,3
19431,"total flux limit",3,3
19432,"low mass transfer",3,3
19433,"elliptical galaxy mergers",3,3
19434,"cosmic microwave background radiation cmbr",5,3
19435,"low temperature tr",3,3
19436,"rms error",2,3
19437,"uma type",2,3
19438,"compact array vlba",3,3
19439,"fe ii quasars",3,3
19440,"total angular resolution",3,3
19441,"rass sdss database",3,3
19442,"line width ew",3,3
19443,"general relativistic corrections",3,3
19444,"velocity difference",2,3
19445,"cosmic star formation",3,3
19446,"survey nvss",2,3
19447,"band structure functions",3,3
19448,"photometric redshift survey",3,3
19449,"charge transport coefficients",3,3
19450,"structure formation rates",3,3
19451,"phase transition temperature dependent",4,3
19452,"intergalactic magnetic fields",3,3
19453,"particle hole mass",3,3
19454,"accreting millisecond pulsars",3,3
19455,"colour magnitude diagrams cmds",4,3
19456,"ic supernova sn",3,3
19457,"long baseline array",3,3
19458,"proper time baseline",3,3
19459,"main sequence fitting parameters",4,3
19460,"gravitational microlensing survey",3,3
19461,"characteristic luminosity functions",3,3
19462,"index gamma ray emission",4,3
19463,"low luminosity function",3,3
19464,"intrinsic brightness",2,3
19465,"excess emission lines",3,3
19466,"wfpc2 imaging",2,3
19467,"stellar mass fraction",3,3
19468,"active galactic plane",3,3
19469,"vela x-1",2,3
19470,"archival chandra data",3,3
19471,"burst grb host galaxies",4,3
19472,"prime power law",3,3
19473,"bh growth",2,3
19474,"intergalactic medium whim",3,3
19475,"proto cluster environment",3,3
19476,"infra red galaxies",3,3
19477,"micron pah emission",3,3
19478,"color magnitude diagram cmd",4,3
19479,"dwarf spheroidal",2,3
19480,"photometric selection",2,3
19481,"chemical enrichment",2,3
19482,"halo white dwarfs",3,3
19483,"actively star forming",3,3
19484,"host halo mass",3,3
19485,"dark clouds",2,3
19486,"de sitter space time evolution",5,3
19487,"monte carlo radiative transfer",4,3
19488,"hubble deep field",3,3
19489,"spiral pattern",2,3
19490,"pure exponential",2,3
19491,"updated set",2,3
19492,"agree reasonably",2,3
19493,"faint blue",2,3
19494,"observatories origins deep survey",4,3
19495,"effective phantom energy cosmic",4,3
19496,"photoionized gas",2,3
19497,"high resolution transmission grating",4,3
19498,"near infrared jhk photometry",4,3
19499,"antenna temperature",2,3
19500,"systems containing up",3,3
19501,"infall regions",2,3
19502,"long baseline array vlba",4,3
19503,"number density perturbations",3,3
19504,"positive helicity",2,3
19505,"red supergiants",2,3
19506,"spectroscopic explorer fuse",3,3
19507,"large scale shell",3,3
19508,"dwarf elliptical galaxy clusters",4,3
19509,"pairwise velocity dispersion",3,3
19510,"stellar mass accretion disk",4,3
19511,"unidentified egret sources",3,3
19512,"ray scattering processes",3,3
19513,"qso absorption lines",3,3
19514,"neutral hydrogen column density",4,3
19515,"column density nh",3,3
19516,"cosmic ray scattering",3,3
19517,"primordial magnetic field strength",4,3
19518,"gas flows through",3,3
19519,"sound velocity dispersion",3,3
19520,"early reionization",2,3
19521,"lyman alpha line",3,3
19522,"moderate resolution spectroscopy",3,3
19523,"intermediate mass function",3,3
19524,"vega like feature",3,3
19525,"proto neutron",2,3
19526,"thin accretion disc",3,3
19527,"detached eclipsing binary",3,3
19528,"event horizon size",3,3
19529,"super star formation",3,3
19530,"spectrum displays",2,3
19531,"dust extinction av",3,3
19532,"per unit length",3,3
19533,"interferometric gravitational wave",3,3
19534,"fully relativistic hydrodynamics code",4,3
19535,"deformed special relativity dsr",4,3
19536,"vacuum energy momentum complexes",4,3
19537,"ill posed",2,3
19538,"kerr black hole mass",4,3
19539,"gravitational wave background metric",4,3
19540,"symmetric perfect",2,3
19541,"late time dependent",3,3
19542,"largest eigenvalue distribution functions",4,3
19543,"translation invariant under",3,3
19544,"fredholm index theorem",3,3
19545,"hitting time",2,3
19546,"kolmogorov sinai entropy",3,3
19547,"wiener process",2,3
19548,"floer theory",2,3
19549,"circle actions",2,3
19550,"cayley dickson",2,3
19551,"amalgamated free groups",3,3
19552,"skew symmetric torsion",3,3
19553,"secant varieties",2,3
19554,"restricted primitive",2,3
19555,"braided tensor category",3,3
19556,"orthogonality relations",2,3
19557,"motivic integration over",3,3
19558,"free subspaces",2,3
19559,"first chern classes",3,3
19560,"torus knot",2,3
19561,"adic cohomology",2,3
19562,"equivariant quantum",2,3
19563,"killing forms",2,3
19564,"punctured torus",2,3
19565,"transition probability measure",3,3
19566,"bias events",2,3
19567,"quantum cohomology ring",3,3
19568,"closed orbit",2,3
19569,"convex subset",2,3
19570,"outer automorphism groups",3,3
19571,"projective line bundles",3,3
19572,"finite dimensional normed algebras",4,3
19573,"heegaard floer theory",3,3
19574,"doubly periodic",2,3
19575,"cr functions",2,3
19576,"algebraically closed under",3,3
19577,"weierstrass points",2,3
19578,"taylor expansions",2,3
19579,"tracy widom distribution",3,3
19580,"iwasawa theory",2,3
19581,"elliptic fibrations",2,3
19582,"relative branching",2,3
19583,"liouville problem",2,3
19584,"semistable vector bundles",3,3
19585,"word hyperbolic",2,3
19586,"homogeneous dirichlet",2,3
19587,"homotopy equivalence",2,3
19588,"semi simple proof",3,3
19589,"financial time scales",3,3
19590,"eight dimensional",2,3
19591,"compact symplectic",2,3
19592,"co homology",2,3
19593,"dimensional riemannian",2,3
19594,"homogeneous coordinate system",3,3
19595,"probability density functional",3,3
19596,"non exponential tail",3,3
19597,"ray photoemission spectra",3,3
19598,"wigner crystals",2,3
19599,"particle orbitals",2,3
19600,"shock wave equation",3,3
19601,"trapped fermi gases",3,3
19602,"bcs crossover region",3,3
19603,"around half filling",3,3
19604,"transfer torques",2,3
19605,"closely resemble",2,3
19606,"parametric amplification",2,3
19607,"broad range hopping",3,3
19608,"angle neutron diffraction",3,3
19609,"hydrogen bonded",2,3
19610,"ray binary system",3,3
19611,"long time interval",3,3
19612,"anisotropic heisenberg",2,3
19613,"crack tip",2,3
19614,"hubbard bands",2,3
19615,"rubber elasticity",2,3
19616,"dimensional electron gas",3,3
19617,"single stranded dna",3,3
19618,"co cu ag",3,3
19619,"coherent states dos",3,3
19620,"1d bose",2,3
19621,"electron hole doping",3,3
19622,"dna condensation",2,3
19623,"percolation thresholds",2,3
19624,"wave functions pdfs",3,3
19625,"gaussian random walks",3,3
19626,"einstein condensation bec",3,3
19627,"stranski krastanov",2,3
19628,"standard model checking",3,3
19629,"perturbations generated",2,3
19630,"neutron powder",2,3
19631,"many particle irreducible",3,3
19632,"vibrated granular",2,3
19633,"index materials",2,3
19634,"phi propto",2,3
19635,"poly ethylene oxide",3,3
19636,"first order parameter kappa",4,3
19637,"low frequency omega",3,3
19638,"equal probability distributions",3,3
19639,"2d optical lattice",3,3
19640,"mott hubbard models",3,3
19641,"two component bose gas",4,3
19642,"ordered moment",2,3
19643,"component bose einstein condensate bec",5,3
19644,"anisotropic heisenberg models",3,3
19645,"singlet triplet excitations",3,3
19646,"nearly optimally doped",3,3
19647,"computer vision",2,3
19648,"fluctuation exchange interaction",3,3
19649,"sdh oscillations",2,3
19650,"geometrically frustrated pyrochlore",3,3
19651,"poiseuille flow",2,3
19652,"ferroelectric phase transition temperature",4,3
19653,"vicinal surfaces",2,3
19654,"2d electron hole",3,3
19655,"novel type ii",3,3
19656,"momentum fractions",2,3
19657,"grain surfaces",2,3
19658,"2d periodic",2,3
19659,"voltage characteristic",2,3
19660,"orbital plane parallel",3,3
19661,"phase equilibria",2,3
19662,"intrinsic josephson",2,3
19663,"la ba sr",3,3
19664,"quasi periodic solutions",3,3
19665,"lowest unoccupied",2,3
19666,"mean field strengths",3,3
19667,"next nearest neighbor interaction",4,3
19668,"anomalous hall",2,3
19669,"carbon nanotube quantum dot",4,3
19670,"dirac statistics",2,3
19671,"evolving networks",2,3
19672,"2d electron density",3,3
19673,"spin chirality",2,3
19674,"strongly coupled cluster",3,3
19675,"la 1-x ca",3,3
19676,"tuning problem",2,3
19677,"transition temperature dependences",3,3
19678,"density functional calculations predict",4,3
19679,"underlying electronic",2,3
19680,"fractional brownian",2,3
19681,"injection rate",2,3
19682,"numerical tests",2,3
19683,"differential cross",2,3
19684,"negative kinetic",2,3
19685,"two step bunching",3,3
19686,"bilayer quantum coherence",3,3
19687,"critical current densities",3,3
19688,"atom molecule conversion efficiency",4,3
19689,"free absorption line",3,3
19690,"activation energy gap",3,3
19691,"non monotonic behaviour",3,3
19692,"phenomenological renormalization",2,3
19693,"band hubbard models",3,3
19694,"degree area",2,3
19695,"dilute binary alloy",3,3
19696,"gapped phase diagram",3,3
19697,"degenerate fermi gas",3,3
19698,"memory kernel",2,3
19699,"finite dimensional spin-1",3,3
19700,"opinion formation",2,3
19701,"superconductors htsc",2,3
19702,"lennard jones fluid",3,3
19703,"transition temperature tg",3,3
19704,"mott insulating ground state",4,3
19705,"additive noise induced",3,3
19706,"third post",2,3
19707,"oxide superconductor rbos2o6",3,3
19708,"dc resistivity",2,3
19709,"landau lifshitz gilbert damping",4,3
19710,"boundary sine gordon",3,3
19711,"xxz chains",2,3
19712,"high mobility gaas",3,3
19713,"migration rates",2,3
19714,"term memory",2,3
19715,"half integer spin",3,3
19716,"hopping parameter",2,3
19717,"stock price returns",3,3
19718,"dynamical arrest",2,3
19719,"band edge states",3,3
19720,"inhomogeneous magnetic",2,3
19721,"rashba spin orbit interactions",4,3
19722,"quantum atomistic",2,3
19723,"orbital magnetism",2,3
19724,"scale free network models",4,3
19725,"price fluctuations",2,3
19726,"erdos renyi random graphs",4,3
19727,"zero temperature tn",3,3
19728,"silicon nanowire transistors",3,3
19729,"two photon assisted",3,3
19730,"angle resolved photoemission spectroscopy arpes",5,3
19731,"long josephson",2,3
19732,"angle variables",2,3
19733,"functional theory dft",3,3
19734,"smoluchowski equation",2,3
19735,"breathing modes",2,3
19736,"anomaly free fermions",3,3
19737,"radiative decay b0",3,3
19738,"energy tail",2,3
19739,"effective mass ordering",3,3
19740,"effective mass ratio",3,3
19741,"lorentz covariance",2,3
19742,"quark gluon radiation",3,3
19743,"monte carlos",2,3
19744,"highly significant deviations",3,3
19745,"small bjorken sum rule",4,3
19746,"kahler potentials",2,3
19747,"tev scale structure",3,3
19748,"sudakov logarithms",2,3
19749,"color assisted technicolor models",4,3
19750,"effective mass difference",3,3
19751,"leading logarithmic approximation",3,3
19752,"psi ks",2,3
19753,"nambu goldstone boson",3,3
19754,"neutrino flavors",2,3
19755,"parameter space observatory",3,3
19756,"photon propagator",2,3
19757,"gauge boson fermion",3,3
19758,"laurent series expansion",3,3
19759,"photon emission probability",3,3
19760,"mass window",2,3
19761,"standard model nmssm",3,3
19762,"vector meson exchange",3,3
19763,"rotational mixing",2,3
19764,"kaluza klein dark",3,3
19765,"parity violating couplings lambda",4,3
19766,"pion exchange coupling",3,3
19767,"neutrinoless double well",3,3
19768,"supersymmetric quantum numbers",3,3
19769,"single photon exchange",3,3
19770,"non equilibrium condition",3,3
19771,"double diffractive events",3,3
19772,"search tree level",3,3
19773,"three loop splitting functions",4,3
19774,"boson fusion process",3,3
19775,"cern large hadron collider",4,3
19776,"susy seesaw mechanism",3,3
19777,"open charm quarks",3,3
19778,"effective mass splitting",3,3
19779,"orbital moments",2,3
19780,"angle phi",2,3
19781,"violating asymmetry acp",3,3
19782,"momentum transfer matrix elements",4,3
19783,"diffractive events",2,3
19784,"dissociation cross sections",3,3
19785,"sin2 thetaeff",2,3
19786,"non strange quarks",3,3
19787,"charmed pentaquark states",3,3
19788,"bimaximal neutrino mass matrix",4,3
19789,"leading order nlo qcd corrections",5,3
19790,"dressed quark mass",3,3
19791,"elastic electron beam",3,3
19792,"three flavor nambu jona lasinio model",6,3
19793,"gauge kinetic theory",3,3
19794,"least two body",3,3
19795,"neutrino oscillation parameters",3,3
19796,"massless minimally",2,3
19797,"cos delta",2,3
19798,"beta beam facility",3,3
19799,"collider lhc lc",3,3
19800,"iso vector field",3,3
19801,"large hadron collider",3,3
19802,"parity nonconservation",2,3
19803,"vector meson exchanges",3,3
19804,"salpeter equations",2,3
19805,"dressed quark masses",3,3
19806,"shell correction",2,3
19807,"net baryon",2,3
19808,"temperatures below mev",3,3
19809,"repulsive coulomb",2,3
19810,"neutron quasiparticle",2,3
19811,"deconfinement phase transitions",3,3
19812,"angular velocity distribution",3,3
19813,"astrophysical reaction rates",3,3
19814,"internal energy dissipation",3,3
19815,"neutron scattering amplitude",3,3
19816,"roll inflation",2,3
19817,"particle moving mirror",3,3
19818,"break supersymmetry breaking",3,3
19819,"fully gapped phase transition",4,3
19820,"sasaki einstein manifolds",3,3
19821,"ordinary matter fields",3,3
19822,"asymptotically flat space time",4,3
19823,"warped extra dimension",3,3
19824,"cosmo low",2,3
19825,"minimal length scale",3,3
19826,"orientifold planes",2,3
19827,"flat friedmann robertson walker",4,3
19828,"direct product expansion",3,3
19829,"rolling tachyon field theory",4,3
19830,"hooft coupling",2,3
19831,"holomorphic vector multiplet",3,3
19832,"noncommutative differential",2,3
19833,"infinite dimensional supergravity",3,3
19834,"gravity duals",2,3
19835,"weakly curved",2,3
19836,"world lines",2,3
19837,"charged particles emitted",3,3
19838,"minimal coupling constant",3,3
19839,"negative helicity amplitudes",3,3
19840,"warped extra",2,3
19841,"flavor su xu",3,3
19842,"blows up",2,3
19843,"brane world inflation",3,3
19844,"current correlators",2,3
19845,"natural ultraviolet cutoff",3,3
19846,"time dependent tachyon condensation",4,3
19847,"bouncing cosmologies",2,3
19848,"emitting particles",2,3
19849,"two loop matching",3,3
19850,"hooft coupling constant",3,3
19851,"parity check",2,3
19852,"dual ginzburg landau",3,3
19853,"2d black hole",3,3
19854,"chan paton",2,3
19855,"shock wave propagation",3,3
19856,"deformation parameter family",3,3
19857,"four dimensional regularization",3,3
19858,"ads black",2,3
19859,"asymptotically exact solutions",3,3
19860,"asymptotically ads cft correspondence",4,3
19861,"near horizon area",3,3
19862,"t6 z2",2,3
19863,"zero norm states",3,3
19864,"general covariance matrices",3,3
19865,"elliptically fibered calabi yau threefolds",5,3
19866,"robin boundary",2,3
19867,"cherenkov radiation",2,3
19868,"doppler shifted",2,3
19869,"order logic programming approach",4,3
19870,"relativistic hydrodynamic approach",3,3
19871,"third post newtonian 3pn",4,3
19872,"muon anomaly",2,3
19873,"di jet production",3,3
19874,"bb pairs",2,3
19875,"pep ii asymmetric energy spectrum",5,3
19876,"partial rate",2,3
19877,"charmless hadronic final state",4,3
19878,"cp asymmetry acp",3,3
19879,"bbar pairs recorded",3,3
19880,"total angular distributions",3,3
19881,"discrete z2 symmetry group",4,3
19882,"large number generator",3,3
19883,"momentum loss",2,3
19884,"heavy quark systems",3,3
19885,"ghost propagator",2,3
19886,"nmr spectroscopy",2,3
19887,"basin hopping",2,3
19888,"visual inspection",2,3
19889,"hydrogen molecule",2,3
19890,"mass spectrometry",2,3
19891,"coulomb explosion",2,3
19892,"neutral gas phase",3,3
19893,"forming activity",2,3
19894,"charged particle beams",3,3
19895,"quantum nondemolition measurement",3,3
19896,"modulational stability",2,3
19897,"ion acoustic wave",3,3
19898,"strong disorder strength",3,3
19899,"wigner seitz",2,3
19900,"polar coordinates",2,3
19901,"detailed chemical",2,3
19902,"simple scaling relations",3,3
19903,"atomic parity violation",3,3
19904,"electro optical",2,3
19905,"single particle physics",3,3
19906,"thin lens",2,3
19907,"prior probability distributions",3,3
19908,"nonrelativistic quantum",2,3
19909,"image reconstruction algorithm",3,3
19910,"delsarte transmutation",2,3
19911,"kinematic viscosity",2,3
19912,"finite dimensional reductions",3,3
19913,"rigid body systems",3,3
19914,"spiral like",2,3
19915,"term recurrence relations",3,3
19916,"new integrable hierarchies",3,3
19917,"star tpc",2,3
19918,"hadron species",2,3
19919,"mean pt gev",3,3
19920,"multiplicity fluctuations",2,3
19921,"multi strange baryons",3,3
19922,"omega lambda hyperons",3,3
19923,"storage rings",2,3
19924,"dependent cp",2,3
19925,"single photon conversions",3,3
19926,"annihilation signal",2,3
19927,"fully nonlinear oscillators",3,3
19928,"superfluid phase transitions",3,3
19929,"pixel size",2,3
19930,"nematic liquid crystals",3,3
19931,"stretching mode coupling",3,3
19932,"rotational axis",2,3
19933,"susy particle",2,3
19934,"entropy per site",3,3
19935,"cloning machine",2,3
19936,"qubit encoding",2,3
19937,"quantum memory devices",3,3
19938,"super radiance",2,3
19939,"field theories having",3,3
19940,"zero frequency omega",3,3
19941,"probability density operator",3,3
19942,"generalized uncertainty",2,3
19943,"gaussian unitary matrices",3,3
19944,"isothermal sphere",2,3
19945,"driven outflows",2,3
19946,"shearing box",2,3
19947,"broad line seyfert galaxy mrk",5,3
19948,"cdm halos",2,3
19949,"intracluster stars",2,3
19950,"mid infrared wavelengths",3,3
19951,"marginalizing over",2,3
19952,"cosmic ray absorption",3,3
19953,"chandra hetg",2,3
19954,"line seyfert galaxy ngc",4,3
19955,"unidentified gamma ray sources",4,3
19956,"group velocity dispersions",3,3
19957,"blue straggler",2,3
19958,"host galaxy population",3,3
19959,"seed magnetic fields",3,3
19960,"extra galactic magnetic fields",4,3
19961,"bulk lorentz factor",3,3
19962,"obtaining high resolution",3,3
19963,"quark stars",2,3
19964,"duration gamma ray bursts",4,3
19965,"solar interior",2,3
19966,"near ir continuum",3,3
19967,"low mass accretion induced",4,3
19968,"dust emission line",3,3
19969,"galactic chemical abundances",3,3
19970,"sigma orionis",2,3
19971,"colour magnitude diagram",3,3
19972,"area iso",2,3
19973,"broad band magnitudes",3,3
19974,"compton scattering processes",3,3
19975,"air fluorescence",2,3
19976,"ultrahigh energy distribution",3,3
19977,"high resolution fly",3,3
19978,"eye hires stereo",3,3
19979,"virgo cluster environment",3,3
19980,"circumburst medium",2,3
19981,"mass m0",2,3
19982,"halo occupation",2,3
19983,"general relativistic outflow",3,3
19984,"gravitational radii",2,3
19985,"phantom energy density",3,3
19986,"two dimensional magnetohydrodynamic",3,3
19987,"gyr old stellar",3,3
19988,"iram plateau de bure interferometer",5,3
19989,"density diagnostics",2,3
19990,"double pulsar psr",3,3
19991,"self lensing",2,3
19992,"cold dust clouds",3,3
19993,"stable against gravitational interaction",4,3
19994,"galactic foregrounds",2,3
19995,"holographic dark energy",3,3
19996,"cno abundances",2,3
19997,"australia telescope compact stars",4,3
19998,"free energy density approximation",4,3
19999,"halpha emission line profiles",4,3
20000,"damped lyman alpha fe",4,3
20001,"spatially unresolved",2,3
20002,"cataclysmic variable objects",3,3
20003,"orbit equivalence principle",3,3
20004,"circular orbits around",3,3
20005,"sub mm wavelengths",3,3
20006,"type-1 agn",2,3
20007,"quasi stationary solutions",3,3
20008,"low temperature te",3,3
20009,"chemical reaction rate",3,3
20010,"ks chandra",2,3
20011,"least two complementary",3,3
20012,"open cluster remnants",3,3
20013,"residual gas",2,3
20014,"sky survey 2mass photometry",4,3
20015,"surface gravities",2,3
20016,"redshift determination",2,3
20017,"three body simulation",3,3
20018,"eye hires",2,3
20019,"arrival direction",2,3
20020,"cosmic rays uhecrs",3,3
20021,"ghz water maser",3,3
20022,"age indicator",2,3
20023,"radial velocity shifts",3,3
20024,"drop off",2,3
20025,"fri radio galaxies",3,3
20026,"small scale structure formation",4,3
20027,"rgb tip",2,3
20028,"optically obscured",2,3
20029,"fractional abundance",2,3
20030,"simplifying assumptions",2,3
20031,"ray emission weighted temperature",4,3
20032,"low mass accretion rate",4,3
20033,"free floating",2,3
20034,"powerful extragalactic",2,3
20035,"submillimeter telescope",2,3
20036,"hot dust emission",3,3
20037,"isocam survey",2,3
20038,"turbulent transport through",3,3
20039,"radial abundance gradients",3,3
20040,"fe ii vi",3,3
20041,"agb star",2,3
20042,"massive star formation rates",4,3
20043,"al apj",2,3
20044,"total angular power spectrum",4,3
20045,"dark matter wave",3,3
20046,"hierarchical merging",2,3
20047,"binary cygnus",2,3
20048,"giant metrewave radio source",4,3
20049,"hawking effect",2,3
20050,"gamma ray luminosity",3,3
20051,"systemic velocities",2,3
20052,"scalar curvature perturbations",3,3
20053,"young stellar evolution",3,3
20054,"heavier nuclei",2,3
20055,"planets orbiting",2,3
20056,"transiting extrasolar",2,3
20057,"simply proportional",2,3
20058,"astronomical data set",3,3
20059,"elemental abundance patterns",3,3
20060,"purely gravitational collapse",3,3
20061,"acs imaging",2,3
20062,"strong halpha emission",3,3
20063,"diffraction limited images",3,3
20064,"soft gamma ray pulsar",4,3
20065,"orbital period gap",3,3
20066,"shapley concentration",2,3
20067,"imposes strong",2,3
20068,"gamma ray burst grb sn",5,3
20069,"narrow line widths",3,3
20070,"rest mass fraction",3,3
20071,"self similarity solutions",3,3
20072,"electron positron pair",3,3
20073,"complete classification scheme",3,3
20074,"mathematical representation theory",3,3
20075,"wave function pdf",3,3
20076,"conformal mappings",2,3
20077,"ramond field theory",3,3
20078,"reparametrization invariant",2,3
20079,"rolling tachyon matter",3,3
20080,"gas accretion onto",3,3
20081,"eleven dimensional",2,3
20082,"inhomogeneous cosmological model",3,3
20083,"non conservative",2,3
20084,"lense thirring model",3,3
20085,"free energy conservation",3,3
20086,"energy conservation law",3,3
20087,"quantized black hole",3,3
20088,"quasi circular orbits",3,3
20089,"time goes",2,3
20090,"bohm effect",2,3
20091,"weyl tensor theories",3,3
20092,"hahn polynomials",2,3
20093,"monte carlo mcmc",3,3
20094,"grow exponentially",2,3
20095,"percolation problem",2,3
20096,"moment generating functions",3,3
20097,"passage time",2,3
20098,"einstein gauss",2,3
20099,"dynamic structure formation",3,3
20100,"significant portion",2,3
20101,"compatibility condition",2,3
20102,"complete set theoretic",3,3
20103,"fano threefolds",2,3
20104,"boundary slopes",2,3
20105,"adic lie group",3,3
20106,"complete intersection theory",3,3
20107,"combinatorial characterization",2,3
20108,"exit time domain",3,3
20109,"compact convex subset",3,3
20110,"arithmetic progression",2,3
20111,"cohomology rings",2,3
20112,"logarithmic approximation",2,3
20113,"load balancing",2,3
20114,"2d navier stokes equations",4,3
20115,"connes conjecture",2,3
20116,"orientable 3-manifolds",2,3
20117,"geometric interpretations",2,3
20118,"partial ordering",2,3
20119,"hamiltonian circle actions",3,3
20120,"group pi1",2,3
20121,"gromov witten map",3,3
20122,"hyperk ahler manifolds",3,3
20123,"compact convex subsets",3,3
20124,"commutative noetherian",2,3
20125,"equation ut",2,3
20126,"immediate corollary",2,3
20127,"cyclotomic zp extension",3,3
20128,"singular value decomposition svd",4,3
20129,"oriented surface area",3,3
20130,"poincare invariant under",3,3
20131,"topological index",2,3
20132,"homogeneous ideal generated",3,3
20133,"isometric actions",2,3
20134,"yau zaslow",2,3
20135,"low energy momentum space",4,3
20136,"single particle orbitals",3,3
20137,"resolved photoemission spectroscopy",3,3
20138,"ga mn ions",3,3
20139,"angle theta phi",3,3
20140,"quasi harmonic trap",3,3
20141,"dynamic exponent nu",3,3
20142,"localization lengths",2,3
20143,"annular josephson junction",3,3
20144,"electron beam epitaxy",3,3
20145,"high mobility gaas algaas heterostructures",5,3
20146,"static dielectric function",3,3
20147,"impenetrable bosons",2,3
20148,"korteweg de vries equation",4,3
20149,"double wall carbon nanotubes",4,3
20150,"external magnetic field strength",4,3
20151,"josephson plasma",2,3
20152,"hole mobility",2,3
20153,"radio frequency range",3,3
20154,"spinor bose einstein condensates",4,3
20155,"charged current density",3,3
20156,"translational symmetry breaking",3,3
20157,"superconducting transition temperature superconductors",4,3
20158,"single impurity scattering",3,3
20159,"finite volume modulus",3,3
20160,"highly degenerate",2,3
20161,"manganese oxides",2,3
20162,"collinear magnetic field",3,3
20163,"hard core level photoemission spectroscopy",5,3
20164,"photoluminescence spectroscopy",2,3
20165,"fully self consistently",3,3
20166,"ionic radius",2,3
20167,"wave vectors",2,3
20168,"complex networks display",3,3
20169,"linear schrodinger equations",3,3
20170,"exceptionally high",2,3
20171,"electric charge transfer",3,3
20172,"dense gas phase",3,3
20173,"paramagnetic phase space",3,3
20174,"clear physical properties",3,3
20175,"liquid crystalline phases",3,3
20176,"critical current density",3,3
20177,"finite size distribution function",4,3
20178,"spin triplet pairing",3,3
20179,"zero temperature superconductors",3,3
20180,"wigner transform",2,3
20181,"atomic gases near",3,3
20182,"three terminal device",3,3
20183,"valence bond crystal",3,3
20184,"stabilized colloidal spheres",3,3
20185,"long ranged interactions",3,3
20186,"valence bands",2,3
20187,"soliton trains",2,3
20188,"dimensional traps",2,3
20189,"correlated electron systems",3,3
20190,"rough surface roughness",3,3
20191,"higher dimensional 1d",3,3
20192,"spin flip scattering",3,3
20193,"beam lithography",2,3
20194,"3d xy model",3,3
20195,"heavily doped",2,3
20196,"cyclotron resonance line",3,3
20197,"kinetic energy gain",3,3
20198,"control parameter alpha",3,3
20199,"metamagnetic transition temperature",3,3
20200,"photoemission spectroscopy pes",3,3
20201,"cr doped",2,3
20202,"conventional bcs",2,3
20203,"electronic states ldos",3,3
20204,"laser beam splitting",3,3
20205,"modified dispersion",2,3
20206,"pr 1-x",2,3
20207,"local load sharing",3,3
20208,"tight binding energy gap",4,3
20209,"cavity flow",2,3
20210,"large number density approximation",4,3
20211,"integer spin",2,3
20212,"fermi level photoemission spectroscopy",4,3
20213,"component bose",2,3
20214,"social network topology",3,3
20215,"negatively charged",2,3
20216,"two dimensional 2d periodic",4,3
20217,"modulational instability criterion",3,3
20218,"discrete nonlinear schr odinger",4,3
20219,"tunneling current noise",3,3
20220,"normal metal insulator",3,3
20221,"ordered insulating",2,3
20222,"self interaction corrected",3,3
20223,"granular gases",2,3
20224,"lattice boltzmann methods",3,3
20225,"bessel function",2,3
20226,"continuous wave function",3,3
20227,"pulsed laser pulse",3,3
20228,"decreasing temperature dependence",3,3
20229,"quantum atomistic solid state",4,3
20230,"crystal field theory quasst",4,3
20231,"paramagnetic phase transition",3,3
20232,"degenerate fermi energy",3,3
20233,"self consistent explanation",3,3
20234,"dimensional spin-1 systems",3,3
20235,"phase transition temperature decreases",4,3
20236,"internal space time",3,3
20237,"glass phase transition temperature",4,3
20238,"dilute binary",2,3
20239,"griffiths phase transitions",3,3
20240,"time dependent cp phase",4,3
20241,"weakly interacting massive",3,3
20242,"wilkinson microwave anisotropy probe",4,3
20243,"three flavor symmetry",3,3
20244,"too large scale",3,3
20245,"quark gluon condensate",3,3
20246,"two loop radiative corrections",4,3
20247,"collider lc",2,3
20248,"minimal supersymmetric particles",3,3
20249,"color glass",2,3
20250,"pp elastic collisions",3,3
20251,"small instanton induced",3,3
20252,"string tension sigma",3,3
20253,"lattice qcd sum rules",4,3
20254,"cern large scale",3,3
20255,"pion cloud",2,3
20256,"atmospheric neutrino mass hierarchy",4,3
20257,"drell yan cross section ratios",5,3
20258,"perturbative qcd sum rules",4,3
20259,"light higgs bosons",3,3
20260,"pion decay width",3,3
20261,"compactification scale structure",3,3
20262,"graphical representation",2,3
20263,"dglap equation",2,3
20264,"quark gluon distributions",3,3
20265,"gluon distribution functions",3,3
20266,"lightest neutrino mass",3,3
20267,"subleading order",2,3
20268,"trilinear soft supersymmetry breaking",4,3
20269,"first order parameter space",4,3
20270,"lepton polarization",2,3
20271,"sin2 theta atm",3,3
20272,"per particle yields",3,3
20273,"kt factorization",2,3
20274,"matter wave function",3,3
20275,"electron beam energies",3,3
20276,"self energy spectrum",3,3
20277,"lep ii",2,3
20278,"proton decay rates",3,3
20279,"interacting neutrinos",2,3
20280,"tilde tau",2,3
20281,"relic neutrino masses",3,3
20282,"hyperon decays",2,3
20283,"isgur wise functions",3,3
20284,"quark fusion processes",3,3
20285,"flavor qcd calculations",3,3
20286,"asymmetric nuclear",2,3
20287,"vary smoothly",2,3
20288,"gogny d1s force",3,3
20289,"quasiparticle excitation energies",3,3
20290,"kaon nucleon resonances",3,3
20291,"coulomb potential barrier",3,3
20292,"free subspace",2,3
20293,"non linear dilaton",3,3
20294,"abelian gauge coupling",3,3
20295,"self intersections",2,3
20296,"coset space",2,3
20297,"weak equivalence classes",3,3
20298,"group theoretical models",3,3
20299,"boson fermion species",3,3
20300,"interacting massive thirring",3,3
20301,"consistent quantization scheme",3,3
20302,"domain wall solutions",3,3
20303,"lorentz symmetry breaking",3,3
20304,"energy momentum map",3,3
20305,"gaussian wave functions",3,3
20306,"frw brane world",3,3
20307,"coleman de",2,3
20308,"basic building",2,3
20309,"nonlinear supersymmetry transformations",3,3
20310,"noncommutative deformation parameter",3,3
20311,"penrose limits",2,3
20312,"reparametrization invariant under",3,3
20313,"strong magnetic monopoles",3,3
20314,"eleven dimensions",2,3
20315,"nf nc gauge coupling",4,3
20316,"linear dilaton background metric",4,3
20317,"braneworld black hole",3,3
20318,"natural ultraviolet",2,3
20319,"logarithmic conformal field",3,3
20320,"chern simons matrix",3,3
20321,"flat initial",2,3
20322,"twistor string",2,3
20323,"uni directional",2,3
20324,"evolutionary computation",2,3
20325,"http www.cis upenn.edu giorgi cl.html",5,3
20326,"first order logic programs",4,3
20327,"charged hadron colliders",3,3
20328,"first order nlo",3,3
20329,"pomeron trajectory",2,3
20330,"energy momentum transfer squared",4,3
20331,"positron proton",2,3
20332,"million psi events",3,3
20333,"heavy quark mass function",4,3
20334,"hadronic matrix element vcb",4,3
20335,"wimp annihilations",2,3
20336,"longitudinally polarized component",3,3
20337,"pseudo scalar mesons",3,3
20338,"lightest supersymmetric particles",3,3
20339,"penta quark",2,3
20340,"sea quark masses",3,3
20341,"rg improved wilson",3,3
20342,"fermion actions",2,3
20343,"quasar absorption fine structure constant",5,3
20344,"human chromosome",2,3
20345,"quantum coherence properties",3,3
20346,"pulse window",2,3
20347,"finite size scaling exponents",4,3
20348,"information processing techniques",3,3
20349,"low reynolds",2,3
20350,"electron trapping",2,3
20351,"emitting laser",2,3
20352,"survival probability distributions",3,3
20353,"reactor neutrino flux",3,3
20354,"microscope sem",2,3
20355,"bose einstein condensate bec confined",5,3
20356,"basic physical mechanism",3,3
20357,"vertical cavity surface emitting",4,3
20358,"power law distributed",3,3
20359,"fully localized states",3,3
20360,"almost unchanged",2,3
20361,"reciprocal space",2,3
20362,"pure gauge theory",3,3
20363,"hydrodynamic instabilities",2,3
20364,"lennard jones fluids",3,3
20365,"mediterranean sea surface",3,3
20366,"saffman taylor",2,3
20367,"largest lyapunov exponents",3,3
20368,"large pt gev",3,3
20369,"pqcd calculations",2,3
20370,"inelastic scattering off",3,3
20371,"momentum tensor powers",3,3
20372,"plane wave impulse approximation",4,3
20373,"polarized deuteron",2,3
20374,"evolutionary model predicts",3,3
20375,"unconditionally secure against",3,3
20376,"almost perfectly",2,3
20377,"localization length scale",3,3
20378,"inter qubit",2,3
20379,"quantum register",2,3
20380,"nmr quantum computation",3,3
20381,"sub poissonian statistics",3,3
20382,"multi partite quantum",3,3
20383,"pairwise entanglement",2,3
20384,"deterministic secure",2,3
20385,"local unitary transformation",3,3
20386,"single photon pairs",3,3
20387,"fermi energy spectrum",3,3
20388,"casimir force free energy",4,3
20389,"phase difference delta",3,3
20390,"cotangent bundle over",3,3
20391,"confluent hypergeometric",2,3
20392,"infinite series expansion",3,3
20393,"stokes theorem",2,3
20394,"homology spheres",2,3
20395,"dirichlet boundary conditions imposed",4,3
20396,"wave guides",2,3
20397,"projective space time",3,3
20398,"feynman path",2,3
20399,"separable banach",2,3
20400,"two complementary methods",3,3
20401,"cad system",2,3
20402,"first order logic programming",4,3
20403,"dwarf galaxy ngc",3,3
20404,"core collapse supernova neutrinos",4,3
20405,"burning phase",2,3
20406,"mg xi",2,3
20407,"old stellar evolution",3,3
20408,"mass protostar",2,3
20409,"dynamical instabilities",2,3
20410,"eccentric binary systems",3,3
20411,"planetary companion star",3,3
20412,"chromospheric activity level",3,3
20413,"jet break",2,3
20414,"stellar convection",2,3
20415,"double neutron stars",3,3
20416,"around tev range",3,3
20417,"rich spiral galaxies",3,3
20418,"localized envelope",2,3
20419,"double well modelled",3,3
20420,"broad line seyfert",3,3
20421,"black holes grow",3,3
20422,"lower metallicities",2,3
20423,"circumnuclear disk",2,3
20424,"barred galaxy ngc",3,3
20425,"self gravitation",2,3
20426,"projected rotational",2,3
20427,"eclipsing systems",2,3
20428,"infrared triplet",2,3
20429,"narrow line seyfert galaxy 1h",5,3
20430,"massive white dwarfs",3,3
20431,"type ia supernova explosion mechanism",5,3
20432,"strong tidal forces",3,3
20433,"field imager",2,3
20434,"url http",2,3
20435,"massive black",2,3
20436,"lookback time",2,3
20437,"composite stellar evolution",3,3
20438,"walker universe",2,3
20439,"double humped",2,3
20440,"inner planets",2,3
20441,"synchrotron radiation field",3,3
20442,"dust settling",2,3
20443,"black holes bhs",3,3
20444,"thin sandwich",2,3
20445,"quantum information theoretic",3,3
20446,"abstract differential geometry",3,3
20447,"condensed matter fields",3,3
20448,"coleman de sitter",3,3
20449,"einstein maxwell dilaton",3,3
20450,"wave bursts",2,3
20451,"broad band filter",3,3
20452,"acoustic wave vector",3,3
20453,"single brane tensions",3,3
20454,"local lorentz group",3,3
20455,"extreme kerr",2,3
20456,"quantized black",2,3
20457,"fairly accurate",2,3
20458,"wkb approximation scheme",3,3
20459,"lense thirring precession",3,3
20460,"yetter drinfeld modules",3,3
20461,"hopf galois extensions",3,3
20462,"quadratic differential geometry",3,3
20463,"uniformly hyperbolic",2,3
20464,"mixed boundary",2,3
20465,"fefferman graham",2,3
20466,"amalgamated free",2,3
20467,"moment generating series",3,3
20468,"alexander polynomials",2,3
20469,"solid torus knots",3,3
20470,"compact metrizable",2,3
20471,"quadratic term stability",3,3
20472,"quiver varieties",2,3
20473,"locally compact objects",3,3
20474,"optimal control parameters",3,3
20475,"asymptotic normality",2,3
20476,"absolutely irreducible",2,3
20477,"pseudo riemannian manifold",3,3
20478,"mirror symmetric",2,3
20479,"non abelian varieties",3,3
20480,"space time asymptotics",3,3
20481,"sobolev inequality",2,3
20482,"hamiltonian circle",2,3
20483,"mixed hodge structure",3,3
20484,"negative integers",2,3
20485,"exponential decay rates",3,3
20486,"magic squares",2,3
20487,"nilpotent orbit closure",3,3
20488,"elliptic fibration",2,3
20489,"hi mass",2,3
20490,"thermal balance",2,3
20491,"fe ii regions",3,3
20492,"ms chandra",2,3
20493,"highly evolved",2,3
20494,"imaging polarimetry",2,3
20495,"vhe gamma rays",3,3
20496,"thermal instability criterion",3,3
20497,"soft gamma ray",3,3
20498,"spectroscopic explorer",2,3
20499,"lithium abundance",2,3
20500,"ne mg si",3,3
20501,"ages myr old stellar evolution",5,3
20502,"compact steep spectrum",3,3
20503,"uv radiation field",3,3
20504,"nova explosions",2,3
20505,"thermonuclear runaway",2,3
20506,"polar regions",2,3
20507,"optically excited",2,3
20508,"extragalactic background radiation",3,3
20509,"low frequency qpos",3,3
20510,"clusters containing neutron stars",4,3
20511,"partially ionized plasma",3,3
20512,"core collapse supernova sn explosions",5,3
20513,"magnetic flux ratio",3,3
20514,"redshift interval",2,3
20515,"dredge up",2,3
20516,"deep survey fls",3,3
20517,"nlte model atmospheres",3,3
20518,"broad band luminosities",3,3
20519,"synchrotron self absorption",3,3
20520,"broad band maximum",3,3
20521,"sigma upper bound",3,3
20522,"dla systems dlas",3,3
20523,"alpha fe ratios",3,3
20524,"normal metal enrichment",3,3
20525,"damped ly alpha",3,3
20526,"shock excited",2,3
20527,"core accretion disk",3,3
20528,"quasar pks",2,3
20529,"hydrogen like ions",3,3
20530,"fully ionized",2,3
20531,"resolved photon emission",3,3
20532,"non keplerian",2,3
20533,"time averaged spectrum",3,3
20534,"red sequence",2,3
20535,"susy dark",2,3
20536,"hydro dynamical",2,3
20537,"spectroscopic data set",3,3
20538,"baryonic dark matter halo",4,3
20539,"mid infrared colors",3,3
20540,"rx j1856.5-3754",2,3
20541,"afterglow emission",2,3
20542,"array camera irac observations",4,3
20543,"cosmic microwave background cmb photons",5,3
20544,"strict upper limits",3,3
20545,"survey fls",2,3
20546,"decay kl pi",3,3
20547,"strong cp phase",3,3
20548,"charm production cross section",4,3
20549,"ttbar production cross section",4,3
20550,"time dependent cp violating asymmetries",5,3
20551,"minimum spanning tree",3,3
20552,"formal laurent series",3,3
20553,"area preserving maps",3,3
20554,"turbulent velocity fluctuations",3,3
20555,"modified kp hierarchy",3,3
20556,"energy gap solitons",3,3
20557,"coupled logistic maps",3,3
20558,"higher order cumulants",3,3
20559,"non monotonous",2,3
20560,"gordon models",2,3
20561,"scanning tunneling spectra",3,3
20562,"luttinger model",2,3
20563,"boundary conditions bc",3,3
20564,"matter wave functions",3,3
20565,"resonance peak structure",3,3
20566,"energy window",2,3
20567,"total energy bands",3,3
20568,"spinor bose einstein condensate",4,3
20569,"gan mn ions",3,3
20570,"thermal conductivity kappa et",4,3
20571,"excellent quantitative predictions",3,3
20572,"quantum kicked rotator",3,3
20573,"dot qd",2,3
20574,"stranded dna",2,3
20575,"thermal denaturation",2,3
20576,"energy input states",3,3
20577,"itinerant electron systems",3,3
20578,"hartree fock approximation cpa",4,3
20579,"conductivity tensor",2,3
20580,"muffin tin orbital",3,3
20581,"binary alloys",2,3
20582,"gas phase approximation",3,3
20583,"energy ec",2,3
20584,"dissipated energy dissipation",3,3
20585,"spin relaxation time evolution",4,3
20586,"classically chaotic systems",3,3
20587,"lattice boltzmann equation",3,3
20588,"superconducting phase slip",3,3
20589,"strongly modified",2,3
20590,"dimensional 1d bose gas",4,3
20591,"broad range correlations",3,3
20592,"superconducting phase transition temperature superconductors",5,3
20593,"orbit coupling strengths",3,3
20594,"spin-1 heisenberg",2,3
20595,"magnetization curve",2,3
20596,"move toward",2,3
20597,"nanotube quantum fluctuations",3,3
20598,"strong repulsive interactions",3,3
20599,"interference device",2,3
20600,"radio pulses",2,3
20601,"squid ring resonator",3,3
20602,"exclusion process asep",3,3
20603,"density gradients",2,3
20604,"semiconductor ga",2,3
20605,"density wave vector",3,3
20606,"einstein condensate bec",3,3
20607,"substitutional disorder",2,3
20608,"atom chips",2,3
20609,"alpha ll",2,3
20610,"haldane phase boundary condition",4,3
20611,"cluster perturbation theory",3,3
20612,"multi orbital degree",3,3
20613,"magnetic field hc",3,3
20614,"nonlinear dielectric susceptibility",3,3
20615,"nd 2-x ce",3,3
20616,"shastry sutherland model",3,3
20617,"magnetotransport properties",2,3
20618,"transition temperature gradient",3,3
20619,"gaussian random matrix ensembles",4,3
20620,"energy density wave",3,3
20621,"substitutional mn",2,3
20622,"light scattering rate",3,3
20623,"absorption line widths",3,3
20624,"el temperature",2,3
20625,"dip hump",2,3
20626,"near optimal doping",3,3
20627,"smoking gun",2,3
20628,"order parameter characterizing",3,3
20629,"reviewed special attention",3,3
20630,"highly localized states",3,3
20631,"two step replica symmetry breaking",5,3
20632,"magnetic resonance epr",3,3
20633,"hole pockets",2,3
20634,"repulsive coulomb interactions",3,3
20635,"doping dependent",2,3
20636,"landau lifshitz gilbert",3,3
20637,"uniform external magnetic field",4,3
20638,"magnetic multilayers",2,3
20639,"moderate coupling strength",3,3
20640,"dot size",2,3
20641,"paramagnetic limit",2,3
20642,"inversion center",2,3
20643,"functional integration over",3,3
20644,"normal metal contacts",3,3
20645,"local density wave pairing",4,3
20646,"uniform external fields",3,3
20647,"neutral vector boson",3,3
20648,"exponential factor",2,3
20649,"standard model mssm like",4,3
20650,"lepton flavour violation",3,3
20651,"khalatnikov fradkin",2,3
20652,"loop quantum electrodynamics qed",4,3
20653,"zero baryon",2,3
20654,"per month",2,3
20655,"black hole production cross section",5,3
20656,"drell yan processes",3,3
20657,"experimental constraints coming",3,3
20658,"moderate transverse momenta",3,3
20659,"littlest higgs boson",3,3
20660,"lsnd anomaly",2,3
20661,"warped extra dimensions",3,3
20662,"second order parameter eta",4,3
20663,"salpeter equation",2,3
20664,"mini black holes",3,3
20665,"relativistic jet quenching",3,3
20666,"quark mass distribution function",4,3
20667,"weakly interacting via",3,3
20668,"quark soliton model",3,3
20669,"isospin limit",2,3
20670,"nonperturbative renormalization group flow",4,3
20671,"vector boson pairs",3,3
20672,"antisymmetric representation theory",3,3
20673,"glueball spectrum",2,3
20674,"kl pi",2,3
20675,"scaling violation",2,3
20676,"static axially symmetric ansatz",4,3
20677,"below tev",2,3
20678,"boson fermion masses",3,3
20679,"slightly shifted",2,3
20680,"c.m energy momentum",3,3
20681,"maximum weight transfer",3,3
20682,"excited baryons",2,3
20683,"impact parameter alpha",3,3
20684,"neutron edm",2,3
20685,"static quark mass",3,3
20686,"near threshold corrections",3,3
20687,"deeply virtual compton scattering",4,3
20688,"omega meson masses",3,3
20689,"medium modification factor",3,3
20690,"genuine quantum mechanics",3,3
20691,"gapless color flavor",3,3
20692,"scattering off shell model",4,3
20693,"deeply bound states",3,3
20694,"current density operators",3,3
20695,"two subclasses",2,3
20696,"fuzzy spaces",2,3
20697,"localized closed",2,3
20698,"invariant mass matrix",3,3
20699,"transfer matrix elements",3,3
20700,"symmetry breaking mechanisms",3,3
20701,"dimensional qed",2,3
20702,"dual higgs",2,3
20703,"supersymmetric yang mills sym",4,3
20704,"nc limit",2,3
20705,"particle creation operators",3,3
20706,"string partition",2,3
20707,"massive schwinger model",3,3
20708,"asymptotically de sitter spaces",4,3
20709,"kahler moduli space",3,3
20710,"half bps operators",3,3
20711,"kaluza klein masses",3,3
20712,"partial breaking",2,3
20713,"early universe expands",3,3
20714,"aharonov bohm potential",3,3
20715,"cosmic string networks",3,3
20716,"high energy eigenstates",3,3
20717,"brane world sheet",3,3
20718,"interacting scalar field theory",4,3
20719,"supersymmetric hybrid",2,3
20720,"gauge coupling regime",3,3
20721,"dimensionless coupling",2,3
20722,"staggered chiral",2,3
20723,"photonic band",2,3
20724,"optically excited state",3,3
20725,"poincare invariant mass",3,3
20726,"irreversibility field theory",3,3
20727,"left handed metamaterials",3,3
20728,"kv cm",2,3
20729,"strongly magnetized plasma",3,3
20730,"spaces orbital angular momentum",4,3
20731,"singular perturbation expansion",3,3
20732,"upper levels",2,3
20733,"short wavelength limit",3,3
20734,"metal nanoparticles",2,3
20735,"abstract differential equations",3,3
20736,"multi soliton",2,3
20737,"jj coupling",2,3
20738,"highly polarized electrons",3,3
20739,"accelerated frame",2,3
20740,"alpha particles emitted",3,3
20741,"superheavy element",2,3
20742,"non relativistic heavy ion collisions",5,3
20743,"right handed majorana neutrino",4,3
20744,"surprisingly low temperature",3,3
20745,"sky survey hipass",3,3
20746,"circumstellar dust emission",3,3
20747,"jet cloud core",3,3
20748,"supernova data sets",3,3
20749,"burst grb spectra",3,3
20750,"tentative detection",2,3
20751,"21-cm hi emission line",4,3
20752,"elliptical galaxy m31",3,3
20753,"lens galaxy groups",3,3
20754,"monotonically decreasing",2,3
20755,"sky survey rass",3,3
20756,"rotating magnetized neutron stars",4,3
20757,"sub parsec",2,3
20758,"array camera irac",3,3
20759,"iii detector",2,3
20760,"absorption troughs",2,3
20761,"isotropic harmonic oscillator",3,3
20762,"intermediate redshift range",3,3
20763,"positional accuracy",2,3
20764,"space telescope compact",3,3
20765,"co absorption features",3,3
20766,"weak gravitational lensing signal",4,3
20767,"asymptotic giant component",3,3
20768,"northern sky survey",3,3
20769,"orbits inside",2,3
20770,"mag arcsec2",2,3
20771,"early warning",2,3
20772,"intra cluster environment",3,3
20773,"hydrogen rich dwarf",3,3
20774,"slowly rotating stars",3,3
20775,"black hole mbh",3,3
20776,"high velocity distribution",3,3
20777,"deep exposures",2,3
20778,"radiative cooling time evolution",4,3
20779,"bimodal distribution function",3,3
20780,"james webb",2,3
20781,"law decay modes",3,3
20782,"ionization front",2,3
20783,"type vi",2,3
20784,"available observational data set",4,3
20785,"fixed baryon number",3,3
20786,"asymmetry parameter eta",3,3
20787,"dense circumstellar",2,3
20788,"electromotive force",2,3
20789,"body force",2,3
20790,"kev band images",3,3
20791,"cosmic microwave anisotropy probe wmap data",6,3
20792,"cosmic microwave background cmb polarization",5,3
20793,"intense star",2,3
20794,"interstellar radiation field",3,3
20795,"starburst galaxies abridged",3,3
20796,"tori around",2,3
20797,"radiation transfer code",3,3
20798,"plausible explanation",2,3
20799,"scatters off",2,3
20800,"million solar system",3,3
20801,"palatini formulation",2,3
20802,"cool white dwarf",3,3
20803,"size scaling relation",3,3
20804,"emission comes",2,3
20805,"marginally stable orbit",3,3
20806,"quiet quasar",2,3
20807,"burst afterglows",2,3
20808,"digital sky",2,3
20809,"long baseline interferometry vlbi",4,3
20810,"thermally unstable",2,3
20811,"hot gas phase",3,3
20812,"ultra compact hii region",4,3
20813,"nuclear spirals",2,3
20814,"obscuring material",2,3
20815,"scaling relationships",2,3
20816,"hubble space telescope hst acs images",6,3
20817,"cluster expansion technique",3,3
20818,"teller potentials",2,3
20819,"non hermitian hamiltonians",3,3
20820,"taylor instability",2,3
20821,"nyi inequality",2,3
20822,"topological soliton",2,3
20823,"classical soliton",2,3
20824,"integral cohomology ring",3,3
20825,"homotopy invariance",2,3
20826,"holomorphic vector field",3,3
20827,"positive harmonic forms",3,3
20828,"non negative integer",3,3
20829,"conditional probability distribution",3,3
20830,"spectral asymptotics",2,3
20831,"direct summands",2,3
20832,"tsallis relative",2,3
20833,"spatio temporal behaviour",3,3
20834,"mukai transforms",2,3
20835,"few comments",2,3
20836,"siegel modular forms",3,3
20837,"once punctured",2,3
20838,"corner transfer",2,3
20839,"poisson lie groups",3,3
20840,"local cohomology groups",3,3
20841,"convex optimization",2,3
20842,"normal conformal geometry",3,3
20843,"lorentzian manifolds",2,3
20844,"integral homology class",3,3
20845,"nonlinear schrodinger equations",3,3
20846,"asymmetric simple exclusion processes",4,3
20847,"dyck paths",2,3
20848,"compact symplectic manifolds admitting",4,3
20849,"cohen macaulay modules",3,3
20850,"measure preserving maps",3,3
20851,"super yang",2,3
20852,"error probability measure",3,3
20853,"local density estimation",3,3
20854,"lax representation theory",3,3
20855,"dolbeault cohomology",2,3
20856,"boltzmann methods",2,3
20857,"proceed via",2,3
20858,"continuum random walk",3,3
20859,"doped manganites",2,3
20860,"resistivity rho dt",3,3
20861,"ca 2-x na",3,3
20862,"local density inhomogeneity",3,3
20863,"neutral gauge fields",3,3
20864,"2d electron gases",3,3
20865,"plasma edge",2,3
20866,"density wave superconductivity",3,3
20867,"classical nucleation theory",3,3
20868,"rashba spin",2,3
20869,"double perovskite oxides",3,3
20870,"single vortex lattice",3,3
20871,"quasi exactly solvable models",4,3
20872,"rapid rotation axis",3,3
20873,"perpendicular magnetic field tuned",4,3
20874,"weighted graphs",2,3
20875,"variational formulations",2,3
20876,"domain wall dw",3,3
20877,"immediate vicinity",2,3
20878,"strong magnetic impurities",3,3
20879,"large tan",2,3
20880,"low temperature dependences",3,3
20881,"quantum critical current",3,3
20882,"coercive field",2,3
20883,"overdoped region",2,3
20884,"mediated pairing mechanism",3,3
20885,"la 1-x sr mno",4,3
20886,"chemical vapor deposition technique",4,3
20887,"spin polarized current voltage",4,3
20888,"electron cyclotron resonance",3,3
20889,"relaxor ferroelectric phase transition",4,3
20890,"laser ablation",2,3
20891,"electromagnetic radiation emitted",3,3
20892,"ac magnetic susceptibility chi",4,3
20893,"copper oxide superconductor",3,3
20894,"quantum nondemolition",2,3
20895,"majorana fermion",2,3
20896,"reduced density fluctuations",3,3
20897,"theoretical calculations indicate",3,3
20898,"magnetic field threading",3,3
20899,"pinch off",2,3
20900,"self consistency condition",3,3
20901,"dipolar coupling",2,3
20902,"meshkov glick",2,3
20903,"collective spin fluctuations",3,3
20904,"free energy loss",3,3
20905,"approximation cpa",2,3
20906,"coherent potential applications",3,3
20907,"quarter filled ladder",3,3
20908,"hard core boson",3,3
20909,"rashba spin dependent",3,3
20910,"triplet splitting",2,3
20911,"distributed resources",2,3
20912,"two dimensional electron densities",4,3
20913,"neutron diffraction studies",3,3
20914,"transition probability distribution",3,3
20915,"fractional quantum hall liquids",4,3
20916,"squid ring",2,3
20917,"switching events",2,3
20918,"dimer scattering length",3,3
20919,"unresolved point",2,3
20920,"competing processes",2,3
20921,"conductance quantization",2,3
20922,"radial breathing modes",3,3
20923,"magnitude diagrams",2,3
20924,"post newtonian approximation",3,3
20925,"flat friedmann equations",3,3
20926,"conducting fluid",2,3
20927,"laser interferometer space antenna lisa",5,3
20928,"negative integer",2,3
20929,"timing noise",2,3
20930,"dust shells",2,3
20931,"thermal radiation pressure",3,3
20932,"flat rotation curves",3,3
20933,"einstein gravity waves",3,3
20934,"gravitational wave interferometers",3,3
20935,"coupling constant hbar",3,3
20936,"massless scalar tensor",3,3
20937,"quartic self interaction",3,3
20938,"boson fermion action",3,3
20939,"frequency rf",2,3
20940,"numerical renormalization procedure",3,3
20941,"logarithmic conformal",2,3
20942,"precision spectroscopy",2,3
20943,"jet fragmentation functions",3,3
20944,"psi production cross sections",4,3
20945,"mass fractions br",3,3
20946,"purely leptonic",2,3
20947,"absolute branching fractions",3,3
20948,"ds eta meson",3,3
20949,"atmospheric neutrino signal",3,3
20950,"integrated luminosity ratios",3,3
20951,"kuramoto sivashinsky",2,3
20952,"classically chaotic",2,3
20953,"discrete nonlinear oscillators",3,3
20954,"single crystal field theory",4,3
20955,"dissipation relations",2,3
20956,"dimensional turbulence",2,3
20957,"gross pitaevskii gp equation",4,3
20958,"mechanisms underlying mechanism",3,3
20959,"simple analytical expressions",3,3
20960,"density parity conservation",3,3
20961,"approaches unity",2,3
20962,"lepton numbers",2,3
20963,"lightest supersymmetric standard model",4,3
20964,"heavy quark pair",3,3
20965,"handed majorana neutrino mass",4,3
20966,"mass difference delta",3,3
20967,"mixing angle sin2",3,3
20968,"see saw models",3,3
20969,"polarization transfer reactions",3,3
20970,"supersymmetric hybrid inflation",3,3
20971,"charged sleptons",2,3
20972,"quasi elastic electron beam",4,3
20973,"superpartner masses",2,3
20974,"matter candidate",2,3
20975,"unintegrated gluon distributions",3,3
20976,"momentum transfer integral",3,3
20977,"computer codes",2,3
20978,"vector boson decays",3,3
20979,"higher spin boson",3,3
20980,"interpolating fields",2,3
20981,"physics np",2,3
20982,"ideas concerning",2,3
20983,"tan beta decay",3,3
20984,"nutev measurement",2,3
20985,"monte carlo simulations indicate",4,3
20986,"subsequent decay rate",3,3
20987,"insertion approximation",2,3
20988,"two dimensional deconstruction",3,3
20989,"theta production mechanisms",3,3
20990,"multi parton",2,3
20991,"phase space time delay",4,3
20992,"single qubit encoding",3,3
20993,"non local oscillator",3,3
20994,"spontaneous parametric down",3,3
20995,"electromagnetically induced transparency eit medium",5,3
20996,"quantum dialogue",2,3
20997,"distribution qkd",2,3
20998,"higher dimensional hilbert space",4,3
20999,"hadamard product",2,3
21000,"non adiabatic limit",3,3
21001,"high energy distribution functions",4,3
21002,"non demolition",2,3
21003,"1d optical lattice",3,3
21004,"bound entangled states",3,3
21005,"shot noise reduction",3,3
21006,"background radiation cmbr",3,3
21007,"dual gluon condensate",3,3
21008,"static spherically symmetric ansatz",4,3
21009,"zn orbifold singularities",3,3
21010,"differential geometrical",2,3
21011,"yano tensors",2,3
21012,"dark energy density fluctuations",4,3
21013,"bare mass m0",3,3
21014,"topological string amplitudes",3,3
21015,"charged black hole entropy",4,3
21016,"dimensional deconstruction",2,3
21017,"quiver gauge fields",3,3
21018,"boundary sine",2,3
21019,"flat minkowski",2,3
21020,"generalized zeta",2,3
21021,"maximally helicity amplitudes",3,3
21022,"virasoro constraints",2,3
21023,"spatially flat lambda",3,3
21024,"late time scale",3,3
21025,"landau gauge theory",3,3
21026,"two dimensional riemannian manifolds",4,3
21027,"ns5 branes",2,3
21028,"spin chain sigma model",4,3
21029,"conformally flat spacetime",3,3
21030,"einstein yang",2,3
21031,"toric calabi yau",3,3
21032,"standard slow",2,3
21033,"density parity check codes",4,3
21034,"pair wise",2,3
21035,"latest experimental constraints",3,3
21036,"sound propagation",2,3
21037,"improved staggered chiral perturbation theory",5,3
21038,"first passage time dependence",4,3
21039,"nuclear medium modified",3,3
21040,"field theoretic approach",3,3
21041,"total energy distribution",3,3
21042,"two dimensional photonic crystal structures",5,3
21043,"open source software",3,3
21044,"heart rate variability",3,3
21045,"signal processing techniques",3,3
21046,"pitaevskii theory",2,3
21047,"cp eigenstates",2,3
21048,"negative real time",3,3
21049,"invariant bilinear",2,3
21050,"screened coulomb",2,3
21051,"hyperfine coupling constants",3,3
21052,"auto correlation",2,3
21053,"fast fourier transform fft",4,3
21054,"conformational properties",2,3
21055,"whispering gallery",2,3
21056,"compressive stress",2,3
21057,"pulsed laser beam",3,3
21058,"zero rest",2,3
21059,"square error",2,3
21060,"two dimensional ising",3,3
21061,"three flavour symmetry breaking",4,3
21062,"physical intuition",2,3
21063,"long range attraction",3,3
21064,"phi meson production",3,3
21065,"low q2 gev",3,3
21066,"doubly magic",2,3
21067,"surface plasmon resonance",3,3
21068,"game theoretic",2,3
21069,"substantial differences",2,3
21070,"pseudo riemannian",2,3
21071,"vanishing chemical potential",3,3
21072,"whole range correlations",3,3
21073,"opening angles",2,3
21074,"thin lens equation",3,3
21075,"electromagnetic cascades",2,3
21076,"optically thick disks",3,3
21077,"spheroidal galaxies",2,3
21078,"real time delay",3,3
21079,"mid infrared imaging",3,3
21080,"super eddington",2,3
21081,"lbol ledd",2,3
21082,"background cmb temperature",3,3
21083,"galaxy m31",2,3
21084,"self lensing surveys",3,3
21085,"hundred mev",2,3
21086,"point correlation length scale",4,3
21087,"near uv flux",3,3
21088,"electromagnetic field lines",3,3
21089,"planetary nebula ngc",3,3
21090,"sub parsec scales",3,3
21091,"large array ska",3,3
21092,"ionization fronts",2,3
21093,"peak flux density",3,3
21094,"theoretical predictions concerning",3,3
21095,"butcher oemler",2,3
21096,"galaxies lirgs",2,3
21097,"total stellar population",3,3
21098,"bulk scalar tensor perturbations",4,3
21099,"primary lens",2,3
21100,"column density nh cm",4,3
21101,"core accretion processes",3,3
21102,"air shower monte carlo simulations",5,3
21103,"planetary nebula pn",3,3
21104,"alfven wave",2,3
21105,"ly alpha forest",3,3
21106,"unstable nuclei",2,3
21107,"fusion plasmas",2,3
21108,"high reynolds",2,3
21109,"dark energy loss",3,3
21110,"ideas behind",2,3
21111,"kick velocity",2,3
21112,"dla galaxies",2,3
21113,"classical nova outbursts",3,3
21114,"blue wing",2,3
21115,"energies below kev",3,3
21116,"stefan boltzmann",2,3
21117,"low mass accretion flow",4,3
21118,"solar photosphere",2,3
21119,"hipparcos parallax",2,3
21120,"kelvin helmholtz instabilities",3,3
21121,"convective envelope",2,3
21122,"disk winds",2,3
21123,"singular isothermal sphere",3,3
21124,"dispersion profiles",2,3
21125,"secondary structure formation",3,3
21126,"jump conditions",2,3
21127,"cosmic star formation rate",4,3
21128,"machine learning techniques",3,3
21129,"cold dark cloud",3,3
21130,"background cxb",2,3
21131,"comprehensive picture",2,3
21132,"integration time evolution",3,3
21133,"parity check codes",3,3
21134,"online learning",2,3
21135,"elliptic genera",2,3
21136,"initial value problems",3,3
21137,"complex semisimple lie group",4,3
21138,"2-parameter family",2,3
21139,"cat groups",2,3
21140,"moving group",2,3
21141,"posterior distribution",2,3
21142,"convex domain",2,3
21143,"functional central",2,3
21144,"rational homology sphere",3,3
21145,"compact calabi yau",3,3
21146,"term recurrence relation",3,3
21147,"sur une",2,3
21148,"dirichlet boundary value problem",4,3
21149,"hyperbolic knots",2,3
21150,"curvature kahler",2,3
21151,"numerical implementations",2,3
21152,"phase space filling",3,3
21153,"multiple andreev reflection",3,3
21154,"condensed matter waves",3,3
21155,"chaotic microwave",2,3
21156,"single vortex dynamics",3,3
21157,"minimum number density",3,3
21158,"characteristic zero temperature",3,3
21159,"abrikosov vortex lattice",3,3
21160,"ferromagnetic contacts",2,3
21161,"carbon nanotubes cnts",3,3
21162,"dilute magnetic",2,3
21163,"ginzburg landau gl",3,3
21164,"free electron phonon",3,3
21165,"parallel tempering monte carlo algorithm",5,3
21166,"mn concentration",2,3
21167,"ordered phase boundary",3,3
21168,"mean field hmf",3,3
21169,"collective excitation spectra",3,3
21170,"strong magnetic susceptibility",3,3
21171,"sparse random",2,3
21172,"satisfactory explanation",2,3
21173,"leakage current voltage",3,3
21174,"four dimensional hilbert",3,3
21175,"lattice matched",2,3
21176,"two dimensional ising universality",4,3
21177,"telegraph noise",2,3
21178,"ferromagnetic semiconductor quantum",3,3
21179,"electron doped cuprate superconductors",4,3
21180,"paramagnetic resonance",2,3
21181,"dissociation rate",2,3
21182,"drops below",2,3
21183,"universal conductance fluctuations",3,3
21184,"temperature dependent conductance",3,3
21185,"molecular transistors",2,3
21186,"under hydrostatic pressure induced",4,3
21187,"fermi surface density wave",4,3
21188,"spin triplet superconductivity",3,3
21189,"organic semiconductor",2,3
21190,"magnetic susceptibility chi",3,3
21191,"gilbert equation",2,3
21192,"scanning tunneling microscope",3,3
21193,"anisotropic harmonic",2,3
21194,"condensates bec",2,3
21195,"hole doped semiconductors",3,3
21196,"ab initio molecular dynamics",4,3
21197,"orbital elements",2,3
21198,"lattice gas phase diagram",4,3
21199,"maxwell boltzmann statistics",3,3
21200,"unconventional superconductivity sc",3,3
21201,"inspiral phase",2,3
21202,"low frequency shift",3,3
21203,"real time dependence",3,3
21204,"non equilibrium points",3,3
21205,"schwarzschild background metric",3,3
21206,"plane waves propagating",3,3
21207,"vector field strength",3,3
21208,"collisionless matter",2,3
21209,"post newtonian dynamics",3,3
21210,"high energy window",3,3
21211,"bianchi type ia supernovae",4,3
21212,"pattern formation process",3,3
21213,"simple scaling form",3,3
21214,"superintegrable systems",2,3
21215,"single photon assisted",3,3
21216,"entanglement cost",2,3
21217,"single crystal fibers",3,3
21218,"complex scalar product",3,3
21219,"depolarizing channel",2,3
21220,"angular momentum map",3,3
21221,"quartic anharmonic oscillator",3,3
21222,"two dimensional hilbert space spanned",5,3
21223,"xxz spin chains",3,3
21224,"weak scale structure",3,3
21225,"diffractive dissociation",2,3
21226,"numerically compute analytically",3,3
21227,"stringent requirements",2,3
21228,"tritium beta decay",3,3
21229,"bar nu alpha",3,3
21230,"affleck dine",2,3
21231,"maximally abelian higgs",3,3
21232,"meson electroproduction",2,3
21233,"exotic meson spectroscopy",3,3
21234,"non strange charmed mesons",4,3
21235,"charged lepton flavour violation",4,3
21236,"couplings lambda",2,3
21237,"statistically significant signal",3,3
21238,"dressed quark gluon vertex",4,3
21239,"fully relativistic heavy ion collisions",5,3
21240,"reactor neutrino mass",3,3
21241,"inhomogeneous magnetic properties",3,3
21242,"linear collider phenomenology",3,3
21243,"generalised parton",2,3
21244,"z2 orbifold fixed points",4,3
21245,"pseudo nambu goldstone",3,3
21246,"tau lepton polarization",3,3
21247,"integer spins",2,3
21248,"lattice derivative",2,3
21249,"lowest landau levels",3,3
21250,"curvature radiation",2,3
21251,"locally supersymmetric",2,3
21252,"superfield formulation",2,3
21253,"killing vector fields",3,3
21254,"left handed neutrinos",3,3
21255,"spin-1 xxz model",3,3
21256,"manifestly covariant formulation",3,3
21257,"inverse power series",3,3
21258,"linearised gravity",2,3
21259,"hadronic matrix element",3,3
21260,"electric dipole moment edm",4,3
21261,"etac 2s",2,3
21262,"million bbbar pairs",3,3
21263,"low mass fractions",3,3
21264,"plus multi level",3,3
21265,"flux tube formation",3,3
21266,"1st excited state",3,3
21267,"lattice gauge invariant mass",4,3
21268,"valence quark masses",3,3
21269,"perturbative determination",2,3
21270,"energy density operator",3,3
21271,"isobar model",2,3
21272,"dinger cat",2,3
21273,"few body systems",3,3
21274,"light cone operators",3,3
21275,"computer code",2,3
21276,"pion electroproduction",2,3
21277,"chain complex plane",3,3
21278,"quasiparticle random phase approximation",4,3
21279,"single particle production",3,3
21280,"relativistic mhd waves",3,3
21281,"energy injection",2,3
21282,"space time window",3,3
21283,"many particle numbers",3,3
21284,"damped oscillators",2,3
21285,"positron colliders",2,3
21286,"helicity dependent",2,3
21287,"radiative pion photoproduction",3,3
21288,"side chain",2,3
21289,"spin flips",2,3
21290,"wave vector potential",3,3
21291,"time dependent schrodinger equation",4,3
21292,"external magnetic moment",3,3
21293,"seed field",2,3
21294,"continuous wave equation",3,3
21295,"accreted onto",2,3
21296,"later types",2,3
21297,"galactic bulge region",3,3
21298,"active star formation",3,3
21299,"broadband photometry",2,3
21300,"projected rotational velocities",3,3
21301,"warm hot intergalactic medium whim",5,3
21302,"full next generation",3,3
21303,"total flux density",3,3
21304,"telescope vlt uves",3,3
21305,"tidal dissipation",2,3
21306,"current observational techniques",3,3
21307,"colliding wind collision",3,3
21308,"line emitting regions",3,3
21309,"southern part",2,3
21310,"hot intergalactic",2,3
21311,"ring spectra",2,3
21312,"dark matter halo stars",4,3
21313,"diffuse gamma ray",3,3
21314,"source count rate",3,3
21315,"black hole mergers",3,3
21316,"gravitational field lines",3,3
21317,"wireless sensor network",3,3
21318,"data streams",2,3
21319,"yetter drinfeld",2,3
21320,"bounded domain growth",3,3
21321,"functional central limit theorem",4,3
21322,"modified rayleigh scattering problems",4,3
21323,"coherent state vectors",3,3
21324,"pseudo riemannian metric",3,3
21325,"gopakumar vafa",2,3
21326,"prime number density",3,3
21327,"quasi exponential",2,3
21328,"fermionic matter fields",3,3
21329,"harmonic coefficients",2,3
21330,"bunch davies vacuum",3,3
21331,"information technology",2,3
21332,"dwarf irregular galaxy ngc",4,3
21333,"peculiar motions",2,3
21334,"quasars fsrqs",2,3
21335,"fragmentation function imf",3,3
21336,"two dimensional magnetohydrodynamic simulations",4,3
21337,"blue compact stars",3,3
21338,"h2 emission line",3,3
21339,"molecular cloud core",3,3
21340,"international ultraviolet",2,3
21341,"spectro photometric",2,3
21342,"analytic formulae",2,3
21343,"4th order",2,3
21344,"interstellar scintillation",2,3
21345,"efficiency eta",2,3
21346,"uniformly expanding",2,3
21347,"adaptive optics survey",3,3
21348,"hotter gas",2,3
21349,"radiative feedback",2,3
21350,"strong gravitational lens",3,3
21351,"deep inelastic scattering sidis",4,3
21352,"quark fragmentation",2,3
21353,"charged current world",3,3
21354,"cabibbo suppressed relative branching fraction",5,3
21355,"million upsilon 4s bbbar decays",5,3
21356,"million bbbar",2,3
21357,"decay b0 phi meson",4,3
21358,"following branching fractions",3,3
21359,"ds gamma stat syst",4,3
21360,"sin 2beta",2,3
21361,"decay b0 f0",3,3
21362,"charged pion decay",3,3
21363,"strong coupling constant alphas mz",5,3
21364,"m1 transition rates",3,3
21365,"magnetic dipole transitions",3,3
21366,"k1 gamma stat syst",4,3
21367,"photon virtuality",2,3
21368,"type antiferromagnetic order",3,3
21369,"shallow donors",2,3
21370,"negative differential resistance",3,3
21371,"inelastic tunneling",2,3
21372,"ray diffraction data",3,3
21373,"charge density profile",3,3
21374,"transition temperature interval",3,3
21375,"la ca mno",3,3
21376,"hubbard chain",2,3
21377,"ac electric field",3,3
21378,"rough surfaces",2,3
21379,"single vortex lines",3,3
21380,"local density approximation scheme",4,3
21381,"tight binding sites",3,3
21382,"multiple pulse sequence",3,3
21383,"atomic fermi mixture",3,3
21384,"itinerant systems",2,3
21385,"seebeck coefficient",2,3
21386,"cavity mode coupling",3,3
21387,"chemical vapor",2,3
21388,"square lattice points",3,3
21389,"charged excitons",2,3
21390,"quantum electrodynamic",2,3
21391,"relaxation rate t1",3,3
21392,"thereby suggesting",2,3
21393,"si substrate",2,3
21394,"quantum corrals",2,3
21395,"fully self dual",3,3
21396,"tonks girardeau gas",3,3
21397,"broad range interactions",3,3
21398,"free energy levels",3,3
21399,"nucleus reactions",2,3
21400,"chiral constituent quark",3,3
21401,"body rotation",2,3
21402,"occupation probability",2,3
21403,"scaling property",2,3
21404,"unintegrated gluon distribution",3,3
21405,"axial vector boson",3,3
21406,"minimal supersymmetric standard model nmssm",5,3
21407,"neutrino nucleon interactions",3,3
21408,"lepton flavor su",3,3
21409,"c.l upper bound",3,3
21410,"supersymmetric standard model independent",4,3
21411,"spin boson exchange interactions",4,3
21412,"theta uudd",2,3
21413,"partial branching ratio",3,3
21414,"running coupling constant alphas",4,3
21415,"electron positron proton",3,3
21416,"quark mass function",3,3
21417,"order parameter eta",3,3
21418,"anomalous magnetic fields",3,3
21419,"earth rotation period",3,3
21420,"waves propagate",2,3
21421,"dirac fock states",3,3
21422,"surface science",2,3
21423,"al nature london",3,3
21424,"cyclotron waves",2,3
21425,"seven dimensional",2,3
21426,"rr flux vacua",3,3
21427,"holomorphic differentials",2,3
21428,"infinite lines",2,3
21429,"vanishing cosmological model",3,3
21430,"light scattering problems",3,3
21431,"equivariant cohomology theories",3,3
21432,"supersymmetric black rings",3,3
21433,"five dimensional reduction",3,3
21434,"off shell formulation",3,3
21435,"energy density wave function",4,3
21436,"effective mass accretion",3,3
21437,"perturbations grow",2,3
21438,"dirac brackets",2,3
21439,"meson spectral functions",3,3
21440,"mattis theorem",2,3
21441,"new integrable models",3,3
21442,"superconformal algebras",2,3
21443,"distribution functions pdfs",3,3
21444,"nonlinear ordinary differential equation",4,3
21445,"fiber bragg grating",3,3
21446,"world average value",3,3
21447,"strongly reduced density",3,3
21448,"local hidden variable theories",4,3
21449,"double dot",2,3
21450,"universal cloning machine",3,3
21451,"einstein podolsky rosen epr paradox",5,3
21452,"super star product",3,3
21453,"phase space time delays",4,3
21454,"arm cavities",2,3
21455,"radiation driven wind",3,3
21456,"existing observational constraints",3,3
21457,"array ska",2,3
21458,"convolution integral representation",3,3
21459,"cool companions",2,3
21460,"effelsberg 100-m",2,3
21461,"steep power",2,3
21462,"fairly large scale",3,3
21463,"square kilometer array",3,3
21464,"brown dwarf atmospheres",3,3
21465,"spinning black holes",3,3
21466,"weighted mean value",3,3
21467,"closed box",2,3
21468,"cataclysmic variable star",3,3
21469,"cosmic microwave background cmb quadrupole",5,3
21470,"multiply lensed images",3,3
21471,"precise doppler measurements",3,3
21472,"galactic positrons",2,3
21473,"stellar mass function",3,3
21474,"mock galaxy clusters",3,3
21475,"qso absorption line",3,3
21476,"sub micron images",3,3
21477,"occupation distribution",2,3
21478,"foreground emission line",3,3
21479,"processed material",2,3
21480,"3cr radio sources",3,3
21481,"high latitudes",2,3
21482,"ambient plasma instabilities",3,3
21483,"initial mass function imf",4,3
21484,"young stellar masses",3,3
21485,"cosmic microwave anisotropy probe",4,3
21486,"identity component",2,3
21487,"tilting modules",2,3
21488,"integro differential equations",3,3
21489,"rational homology spheres",3,3
21490,"direct numerical solution",3,3
21491,"triangle angle",2,3
21492,"malliavin calculus",2,3
21493,"ks pi0",2,3
21494,"inverse participation ratio",3,3
21495,"spin relaxation process",3,3
21496,"weak localization length",3,3
21497,"outer shell",2,3
21498,"anderson impurity models",3,3
21499,"two dimensional photonic",3,3
21500,"electrical bias",2,3
21501,"nematic elastomers",2,3
21502,"linear muffin tin orbital",4,3
21503,"para hydrogen",2,3
21504,"path integral monte carlo simulations",5,3
21505,"liquid gas phase",3,3
21506,"site coulomb",2,3
21507,"staggered chiral perturbation theory",4,3
21508,"quark propagators",2,3
21509,"staggered chiral symmetry",3,3
21510,"dirac cp",2,3
21511,"heavy quark action",3,3
21512,"improved staggered fermions",3,3
21513,"improved staggered chiral",3,3
21514,"gross neveu",2,3
21515,"weakly interacting electrons",3,3
21516,"valence bond solid phases",4,3
21517,"nearest neighbor exchange",3,3
21518,"laser plasma",2,3
21519,"seemingly unrelated",2,3
21520,"radio frequency rf",3,3
21521,"trapped fermi energy",3,3
21522,"simple exclusion",2,3
21523,"international linear collider ilc",4,3
21524,"factorization theorems",2,3
21525,"charged lepton flavor",3,3
21526,"neutron electric dipole moment edm",5,3
21527,"scherk schwarz mechanism",3,3
21528,"low tan beta",3,3
21529,"radiative decay modes",3,3
21530,"integrable spin chain sigma model",5,3
21531,"triangulated category",2,3
21532,"time dependent tachyon",3,3
21533,"holonomy g2 manifolds",3,3
21534,"newton observations",2,3
21535,"color flavor su",3,3
21536,"mhv amplitudes",2,3
21537,"uv background",2,3
21538,"torus fibered calabi yau threefolds",5,3
21539,"spectroscopic factors",2,3
21540,"cluster core shell model",4,3
21541,"magnetic reynolds",2,3
21542,"cooper pairing interaction strength",4,3
21543,"charge collection",2,3
21544,"internal stress",2,3
21545,"quantum cryptography",2,3
21546,"general position dependent",3,3
21547,"woods saxon potential",3,3
21548,"coarse graining procedure",3,3
21549,"repulsive coulomb interaction",3,3
21550,"non gaussian wave packet",4,3
21551,"polarized light scattering",3,3
21552,"atomic vapors",2,3
21553,"numerical calculations indicate",3,3
21554,"complex projective space",3,3
21555,"random matrix elements",3,3
21556,"singular continuous",2,3
21557,"negative cosmological model",3,3
21558,"fully nonlinear evolution",3,3
21559,"compact binaries within",3,3
21560,"free energy released",3,3
21561,"flat frw",2,3
21562,"accurate enough",2,3
21563,"argues against",2,3
21564,"solar mass ejections",3,3
21565,"velocity widths",2,3
21566,"doppler boosting",2,3
21567,"jet precession period",3,3
21568,"ion cyclotron waves",3,3
21569,"inclination angles",2,3
21570,"shower simulations",2,3
21571,"stacking analysis",2,3
21572,"energy budget",2,3
21573,"backward asymmetry",2,3
21574,"eas array",2,3
21575,"cone operators",2,3
21576,"nonnegative integer",2,3
21577,"universal curve",2,3
21578,"heavy quark content",3,3
21579,"non zero baryon",3,3
21580,"spin holonomy g2",3,3
21581,"standard borel space",3,3
21582,"lyapunov schmidt",2,3
21583,"ordinary cohomology",2,3
21584,"satisfiability problem",2,3
21585,"finite volume element",3,3
21586,"first chern simons",3,3
21587,"3d xy",2,3
21588,"near infrared fir",3,3
21589,"population synthesis code",3,3
21590,"chandra image",2,3
21591,"analytical expression describing",3,3
21592,"loss cone",2,3
21593,"cosmic ray fluxes",3,3
21594,"vlbi network",2,3
21595,"fixed baryon antidecuplet",3,3
21596,"singlet scalar field",3,3
21597,"deeply inelastic",2,3
21598,"momenta below",2,3
21599,"left handed neutrino",3,3
21600,"charged particle multiplicity",3,3
21601,"model mssm like",3,3
21602,"resonance line shape",3,3
21603,"nuclear spin asymmetries",3,3
21604,"gapless color superconductivity",3,3
21605,"right handed neutrino",3,3
21606,"low energy cosmic rays",4,3
21607,"high energy dissipation",3,3
21608,"ring cavity mode locking",4,3
21609,"statistical multifragmentation model",3,3
21610,"hot gas phase transition",4,3
21611,"missing energies",2,3
21612,"simple cubic lattice",3,3
21613,"conduction band structure",3,3
21614,"laser beam width",3,3
21615,"staggered magnetic moments",3,3
21616,"lesser extent",2,3
21617,"phenomenological ginzburg landau",3,3
21618,"equilibrium green",2,3
21619,"internal structure constant",3,3
21620,"wannier functions",2,3
21621,"force microscope",2,3
21622,"quantum griffiths",2,3
21623,"spin-1 xxz chain",3,3
21624,"interparticle distance",2,3
21625,"capillary wave",2,3
21626,"rashba spin orbit interaction strength",5,3
21627,"dependent backgrounds",2,3
21628,"holomorphic chern simons theory",4,3
21629,"unitary ensemble",2,3
21630,"giant graviton",2,3
21631,"noncritical string",2,3
21632,"dust ion",2,3
21633,"electron cyclotron waves",3,3
21634,"front end up",3,3
21635,"reinforced random",2,2
21636,"ferroelectric thin",2,2
21637,"system size scaling law",4,2
21638,"dimensional q1d",2,2
21639,"renormalization group dmrg",3,2
21640,"transverse ising",2,2
21641,"haldane gap",2,2
21642,"jacobi trudi",2,2
21643,"colored jones",2,2
21644,"additive hard",2,2
21645,"group flows",2,2
21646,"weighted bergman",2,2
21647,"maximal cohen",2,2
21648,"macaulay modules",2,2
21649,"iwahori hecke",2,2
21650,"non uniqueness theorem",3,2
21651,"erasure channel",2,2
21652,"ray reflectivity",2,2
21653,"white gaussian",2,2
21654,"wilsonian renormalization",2,2
21655,"arbitrary degree distributions",3,2
21656,"sci usa",2,2
21657,"entropy sq",2,2
21658,"charge transfers",2,2
21659,"two component bose einstein",4,2
21660,"nearest neighbor exchange coupling",4,2
21661,"gap solitons",2,2
21662,"hall resistance",2,2
21663,"spinor bose gas",3,2
21664,"field dependences",2,2
21665,"two dimensional electron spins",4,2
21666,"organic superconductor",2,2
21667,"atomistic solid",2,2
21668,"virial coefficient",2,2
21669,"supply networks",2,2
21670,"extreme value problem",3,2
21671,"nearest neighbor hopping",3,2
21672,"indirect exchange",2,2
21673,"mott transition temperature",3,2
21674,"dimerized phase",2,2
21675,"mediated pairing",2,2
21676,"highly charged particles",3,2
21677,"degenerate hubbard",2,2
21678,"uniaxial stress",2,2
21679,"kardar parisi",2,2
21680,"zhang kpz",2,2
21681,"collective variable",2,2
21682,"paraelectric phase",2,2
21683,"neutron electric field",3,2
21684,"occupied molecular",2,2
21685,"assembled inas",2,2
21686,"coulombic interactions",2,2
21687,"spin-1 xxz",2,2
21688,"pauli paramagnetic",2,2
21689,"broader class",2,2
21690,"gravitational waveform",2,2
21691,"law inflation",2,2
21692,"galaxy 1h",2,2
21693,"sw sex",2,2
21694,"nucleosynthesis bbn",2,2
21695,"limited images",2,2
21696,"travel time evolution",3,2
21697,"spectral type ii",3,2
21698,"andromeda galaxy",2,2
21699,"young pulsar",2,2
21700,"universal structured",2,2
21701,"colour gradients",2,2
21702,"extragalactic hii",2,2
21703,"array vla observations",3,2
21704,"gamma ray flash",3,2
21705,"planetary nebulae ii regions",4,2
21706,"weak broad line",3,2
21707,"keplerian disc",2,2
21708,"basic physical parameters",3,2
21709,"thomson optical",2,2
21710,"survey goods",2,2
21711,"los alamos",2,2
21712,"explorer rxte",2,2
21713,"flash xrf",2,2
21714,"competing theories",2,2
21715,"dark matter cdm model",4,2
21716,"year wilkinson microwave anisotropy",4,2
21717,"pl spectra",2,2
21718,"spectral shapes",2,2
21719,"iv absorption",2,2
21720,"highly suppressed",2,2
21721,"proportional counter",2,2
21722,"seyfert galaxy mcg-6-30-15",3,2
21723,"nonthermal radio galaxies",3,2
21724,"structured jet",2,2
21725,"class telescopes",2,2
21726,"isolated neutron",2,2
21727,"contact discontinuity",2,2
21728,"deep survey goods",3,2
21729,"velocity diagrams",2,2
21730,"spectral energy density wave",4,2
21731,"mhd simulations",2,2
21732,"meaningful constraints",2,2
21733,"zeldovich effect",2,2
21734,"volume limited samples",3,2
21735,"highly turbulent",2,2
21736,"stellar wind environment",3,2
21737,"main sequence fitting",3,2
21738,"accreting gas flows",3,2
21739,"h2 column",2,2
21740,"circum nuclear",2,2
21741,"smoothed particle",2,2
21742,"molecular gas phase transition",4,2
21743,"parkes radio",2,2
21744,"matter cdm",2,2
21745,"trapezium cluster",2,2
21746,"rotating neutron star",3,2
21747,"dusty torus around",3,2
21748,"structure formation rate",3,2
21749,"chandra view",2,2
21750,"age spread",2,2
21751,"lenticular galaxies",2,2
21752,"excess noise",2,2
21753,"evolving dark matter",3,2
21754,"density enhancements",2,2
21755,"hagedorn temperature",2,2
21756,"irreducible 2pi",2,2
21757,"neural network trained",3,2
21758,"polarized component",2,2
21759,"angle theta production",3,2
21760,"parity violating rpv",3,2
21761,"light majorana",2,2
21762,"colour singlet",2,2
21763,"exotic meson",2,2
21764,"chromodynamics qcd",2,2
21765,"deeply virtual",2,2
21766,"maximal solar",2,2
21767,"quark mass difference",3,2
21768,"oscillating electric",2,2
21769,"coordinate axes",2,2
21770,"dissociative recombination",2,2
21771,"ti sapphire laser pulses",4,2
21772,"albert einstein",2,2
21773,"theoretical explanations",2,2
21774,"stark shift",2,2
21775,"uv light scattering",3,2
21776,"atlas pixel",2,2
21777,"mode volume",2,2
21778,"1d optical",2,2
21779,"energy stored",2,2
21780,"string networks",2,2
21781,"volume preserving",2,2
21782,"sommerfeld quantization",2,2
21783,"pure gauge coupling",3,2
21784,"dp brane world",3,2
21785,"parabolic subalgebra",2,2
21786,"charged rotating black hole",4,2
21787,"yukawa coupling constant",3,2
21788,"bunch davies",2,2
21789,"hurwitz spaces",2,2
21790,"coset space time",3,2
21791,"cft correspondence",2,2
21792,"simons term",2,2
21793,"pseudorapidity range",2,2
21794,"di jet",2,2
21795,"3q potential",2,2
21796,"infeld type",2,2
21797,"2d navier stokes",3,2
21798,"deconfined quark gluon",3,2
21799,"gamma ray cr",3,2
21800,"heavy ion collider lhc",4,2
21801,"exchange correlation function",3,2
21802,"neutron halo",2,2
21803,"adiabatic index",2,2
21804,"turning off",2,2
21805,"bohm interpretation",2,2
21806,"rabi oscillation",2,2
21807,"phase shifters",2,2
21808,"bb84 quantum key",3,2
21809,"non gaussian beam",3,2
21810,"combinatorial optimization",2,2
21811,"emission occurs",2,2
21812,"hubbard operators",2,2
21813,"valued distributions",2,2
21814,"wavelength spectrometer",2,2
21815,"qpo frequencies",2,2
21816,"khz qpos",2,2
21817,"high frequency qpo frequencies",4,2
21818,"iram plateau de bure",4,2
21819,"mm continuum emission line",4,2
21820,"h2o maser",2,2
21821,"mass donor",2,2
21822,"large scale free energy",4,2
21823,"photospheric emission lines",3,2
21824,"spiral shocks",2,2
21825,"parent halo",2,2
21826,"spinning test",2,2
21827,"fall back",2,2
21828,"peaked structure",2,2
21829,"circumstellar dust emission lines",4,2
21830,"sachs wolfe",2,2
21831,"hst fos",2,2
21832,"ray lightcurve",2,2
21833,"rxte asm",2,2
21834,"ray observatories",2,2
21835,"radially excited",2,2
21836,"massive spheroids",2,2
21837,"old stellar mass",3,2
21838,"globular cluster omega cen",4,2
21839,"old globular",2,2
21840,"dwarf elliptical",2,2
21841,"underlying stellar",2,2
21842,"toroidal magnetic",2,2
21843,"rotational instability",2,2
21844,"uk schmidt",2,2
21845,"barred galaxy",2,2
21846,"radio interferometric",2,2
21847,"molecular gas rich",3,2
21848,"concordance lcdm",2,2
21849,"halo mass fraction",3,2
21850,"iron core collapse",3,2
21851,"protoneutron stars",2,2
21852,"core collapse supernova explosion",4,2
21853,"extrasolar planet host stars",4,2
21854,"blast waves",2,2
21855,"invariant under translations",3,2
21856,"elementary particle hole",3,2
21857,"star crusts",2,2
21858,"cold neutrons",2,2
21859,"wave antenna",2,2
21860,"iron line profile",3,2
21861,"kinematical hilbert space",3,2
21862,"system size scaling limit",4,2
21863,"lattice animals",2,2
21864,"acad sci",2,2
21865,"harmonic forms",2,2
21866,"singular perturbation theory",3,2
21867,"radial schr odinger",3,2
21868,"tate cohomology groups",3,2
21869,"graded domain",2,2
21870,"cayley graph",2,2
21871,"complex semisimple lie algebras",4,2
21872,"solvable lie algebras",3,2
21873,"ahler metrics",2,2
21874,"dimensional riemannian manifold",3,2
21875,"skein module",2,2
21876,"birkhoff witt",2,2
21877,"index subgroup",2,2
21878,"initial vorticity",2,2
21879,"axial vector field theory",4,2
21880,"lightest neutral higgs production",4,2
21881,"peccei quinn symmetry breaking",4,2
21882,"tc2 models",2,2
21883,"degenerate quarks",2,2
21884,"beta beams",2,2
21885,"electroweak observables",2,2
21886,"br kl",2,2
21887,"minimal supersymmetric extension",3,2
21888,"5d orbifold s1",3,2
21889,"mirror symmetry breaking",3,2
21890,"light higgs sector",3,2
21891,"atom interferometry",2,2
21892,"model nmssm",2,2
21893,"fat higgs",2,2
21894,"charged lepton flavor symmetry",4,2
21895,"color neutrality",2,2
21896,"neutralino relic abundance",3,2
21897,"summation over",2,2
21898,"gerasimov drell",2,2
21899,"hearn sum rules",3,2
21900,"kaon production cross section",4,2
21901,"mean field rmf",3,2
21902,"pseudorapidity distributions",2,2
21903,"orbit splitting",2,2
21904,"beta decay constants",3,2
21905,"deeply bound",2,2
21906,"wave functionals",2,2
21907,"non mhv",2,2
21908,"non exponential potentials",3,2
21909,"heisenberg uncertainty",2,2
21910,"kreimer hopf",2,2
21911,"heun equation",2,2
21912,"modular transformation",2,2
21913,"gravitational wave background",3,2
21914,"integrable hierarchies",2,2
21915,"brane gas",2,2
21916,"non rotating black holes",4,2
21917,"eternal inflation",2,2
21918,"hair theorem",2,2
21919,"locally flat space time",4,2
21920,"microscopic spectral",2,2
21921,"brst charges",2,2
21922,"electric monopole",2,2
21923,"3rd order",2,2
21924,"optical networks",2,2
21925,"undirected graph",2,2
21926,"sterile neutrinos",2,2
21927,"stringent limit",2,2
21928,"positron collider",2,2
21929,"non linearities",2,2
21930,"critical temperature te",3,2
21931,"nearest neighbor spacing distribution",4,2
21932,"vacuum hypothesis",2,2
21933,"quark mass ratio",3,2
21934,"quark gluon propagator",3,2
21935,"schwarzschild black hole spacetimes",4,2
21936,"entropy floor",2,2
21937,"supergiant stars",2,2
21938,"hybrid stars",2,2
21939,"spectroscopic data release",3,2
21940,"magnetic white dwarf",3,2
21941,"halo mass concentration",3,2
21942,"4-m telescope",2,2
21943,"semi detached",2,2
21944,"iron emission line",3,2
21945,"quasar like",2,2
21946,"circumstellar interaction",2,2
21947,"young massive ysos",3,2
21948,"practically independent",2,2
21949,"seyfert galaxy mkn",3,2
21950,"nrao vla",2,2
21951,"helium burning",2,2
21952,"carbon oxygen white dwarfs",4,2
21953,"chandrasekhar limit",2,2
21954,"sub stellar mass",3,2
21955,"dipping low mass",3,2
21956,"longer wavelength",2,2
21957,"halo occupation number",3,2
21958,"angular separations",2,2
21959,"poor groups",2,2
21960,"gas phase boundary",3,2
21961,"time elapsed",2,2
21962,"bright enough",2,2
21963,"clear trend",2,2
21964,"metallicity gradients",2,2
21965,"black hole magnetospheres",3,2
21966,"brighter magnitudes",2,2
21967,"rx j1605.3+3249",2,2
21968,"ray flare",2,2
21969,"central star ns",3,2
21970,"emission probability",2,2
21971,"three dimensional torus around",4,2
21972,"nucleonic matter",2,2
21973,"angular momentum projection",3,2
21974,"merger events",2,2
21975,"cataclysmic variable cv",3,2
21976,"bj band",2,2
21977,"intrinsic luminosity function",3,2
21978,"ongoing star forming",3,2
21979,"orbital motions",2,2
21980,"steep slope",2,2
21981,"self compton",2,2
21982,"hardness intensity",2,2
21983,"gc formation",2,2
21984,"wfpc2 images",2,2
21985,"nonthermal radio emission",3,2
21986,"supermassive black holes bhs",4,2
21987,"morphological type stars",3,2
21988,"general relativistic magnetohydrodynamic",3,2
21989,"stellar mass transfer",3,2
21990,"homogenized composite",2,2
21991,"amp ere",2,2
21992,"discrete time reversal",3,2
21993,"current density operator",3,2
21994,"multi layered",2,2
21995,"random environments",2,2
21996,"dependent schrodinger",2,2
21997,"dirac born",2,2
21998,"reaction plane wave",3,2
21999,"mass shedding",2,2
22000,"sensitive probe beam",3,2
22001,"hyperelliptic curve",2,2
22002,"fiber bragg",2,2
22003,"sub barrier",2,2
22004,"clustering coefficients",2,2
22005,"overtwisted contact",2,2
22006,"magnetic field cef",3,2
22007,"two dimensional kondo effect",4,2
22008,"tunneling microscopy",2,2
22009,"dynamics md",2,2
22010,"nonlinear dielectric",2,2
22011,"positive correlation function",3,2
22012,"intrinsic dispersion",2,2
22013,"josephson inductance",2,2
22014,"centrality classes",2,2
22015,"epidemic threshold",2,2
22016,"clear correlation length",3,2
22017,"phys condens",2,2
22018,"highly resistive",2,2
22019,"dft calculations",2,2
22020,"diluted magnetic",2,2
22021,"resolved photoemission",2,2
22022,"negative refractive",2,2
22023,"oxide semiconductor",2,2
22024,"dimensional incompressible",2,2
22025,"monte carlo simulations confirm",4,2
22026,"too low temperature",3,2
22027,"critical slowing",2,2
22028,"spontaneous parametric",2,2
22029,"ising type",2,2
22030,"superexchange interaction",2,2
22031,"half metals",2,2
22032,"melting point correlation",3,2
22033,"evolutionary minority",2,2
22034,"copper oxygen",2,2
22035,"optical lattice gas",3,2
22036,"toulouse point",2,2
22037,"keldysh green function",3,2
22038,"pseudogap phase transition temperature",4,2
22039,"nucleation process",2,2
22040,"muffin tin",2,2
22041,"reduced density approximation",3,2
22042,"inverse participation",2,2
22043,"quantum turbulence",2,2
22044,"pyrochlore superconductor",2,2
22045,"collective mode coupling",3,2
22046,"walled carbon nanotubes",3,2
22047,"bond alternating heisenberg model",4,2
22048,"discrete time scales",3,2
22049,"condens matter",2,2
22050,"free neutrons",2,2
22051,"bragg peak",2,2
22052,"phase transition metals",3,2
22053,"metamagnetic transition",2,2
22054,"steady shear stress",3,2
22055,"survey propagation",2,2
22056,"group improved",2,2
22057,"charge redistribution",2,2
22058,"square lattice gas",3,2
22059,"conjugated polymers",2,2
22060,"grand canonical monte carlo",4,2
22061,"foreign exchange",2,2
22062,"1-x mn",2,2
22063,"shot readout",2,2
22064,"small scale free networks",4,2
22065,"quantum computer architectures",3,2
22066,"sheds new",2,2
22067,"electron phonon mediated",3,2
22068,"thermoelastic noise",2,2
22069,"gravitational wave antenna",3,2
22070,"depth lambda",2,2
22071,"high temperature scanning",3,2
22072,"coherence peak",2,2
22073,"shear band",2,2
22074,"curie temperature dependent",3,2
22075,"multiple scattering amplitude",3,2
22076,"static dielectric",2,2
22077,"frequency locking",2,2
22078,"completely mixed",2,2
22079,"classical communication over",3,2
22080,"total error rate",3,2
22081,"quantum computing device",3,2
22082,"classical feedback",2,2
22083,"gaussian unitary",2,2
22084,"unambiguous discrimination",2,2
22085,"al proc",2,2
22086,"arbitrarily large scale",3,2
22087,"werner state",2,2
22088,"sideband frequencies",2,2
22089,"single qubit rotations",3,2
22090,"superdense coding",2,2
22091,"proto neutron stars",3,2
22092,"galaxy encounters",2,2
22093,"central star formation activity",4,2
22094,"kinetic sz",2,2
22095,"grating spectrometers",2,2
22096,"brown dwarf companions",3,2
22097,"water cherenkov",2,2
22098,"position velocity diagrams",3,2
22099,"near infrared excesses",3,2
22100,"mass segregation",2,2
22101,"surface emitting",2,2
22102,"radio emitting",2,2
22103,"grad shafranov",2,2
22104,"jodrell bank",2,2
22105,"cooling core accretion",3,2
22106,"ksec xmm newton",3,2
22107,"type stars rx",3,2
22108,"absolute magnitude diagram",3,2
22109,"velocity dispersion profiles",3,2
22110,"european southern",2,2
22111,"broad line widths",3,2
22112,"loud agn jets",3,2
22113,"type spirals",2,2
22114,"accreting neutron",2,2
22115,"candidate xte j1118+480",3,2
22116,"imf slope",2,2
22117,"lens statistics",2,2
22118,"clear correlation function",3,2
22119,"sn 1998bw",2,2
22120,"early type ic",3,2
22121,"binary population synthesis",3,2
22122,"line seyfert galaxies",3,2
22123,"ids system",2,2
22124,"thick shell",2,2
22125,"compact steep",2,2
22126,"third dredge",2,2
22127,"bin size",2,2
22128,"outermost regions",2,2
22129,"end slope",2,2
22130,"parent stars",2,2
22131,"accreting millisecond",2,2
22132,"neutrino emissivity",2,2
22133,"bcc lattice",2,2
22134,"water maser features",3,2
22135,"dark matter annihilation",3,2
22136,"total angular dependence",3,2
22137,"ray pulsar wind nebula",4,2
22138,"co absorption line",3,2
22139,"telescope hst",2,2
22140,"dust lane",2,2
22141,"millisecond pulsar",2,2
22142,"spectral coverage",2,2
22143,"low redshift surveys",3,2
22144,"gas traced",2,2
22145,"range attraction",2,2
22146,"mass accretion rate onto",4,2
22147,"fluorescent line",2,2
22148,"newtonian dynamics simulations",3,2
22149,"spherical shell model",3,2
22150,"greisen zatsepin kuzmin",3,2
22151,"chemically evolved",2,2
22152,"metallicity gradient",2,2
22153,"fors deep field",3,2
22154,"arcsecond resolution",2,2
22155,"iram plateau",2,2
22156,"bure interferometer",2,2
22157,"break galaxies lbgs",3,2
22158,"cosmological grbs",2,2
22159,"gas grain",2,2
22160,"radiatively efficient",2,2
22161,"two armed",2,2
22162,"phantom energy cosmic",3,2
22163,"missing energy spectrum",3,2
22164,"rip singularity",2,2
22165,"near ir bands",3,2
22166,"density slopes",2,2
22167,"metal rich spiral galaxies",4,2
22168,"spectroscopic monitoring",2,2
22169,"emission line profile",3,2
22170,"neutrino luminosity",2,2
22171,"linear optical spectra",3,2
22172,"emitting area",2,2
22173,"transmitted flux",2,2
22174,"supernova explosion models",3,2
22175,"polycyclic aromatic",2,2
22176,"hydrocarbon pah",2,2
22177,"old globular cluster",3,2
22178,"per pixel",2,2
22179,"ambient interstellar",2,2
22180,"rr lyr",2,2
22181,"quasar absorption toward",3,2
22182,"cold neutral gas",3,2
22183,"antenna lisa",2,2
22184,"final outcome",2,2
22185,"seed black hole",3,2
22186,"wave extraction",2,2
22187,"mesh refinement",2,2
22188,"energy spread",2,2
22189,"direct detection efficiency",3,2
22190,"abelian higgs field theory",4,2
22191,"non linear functionals",3,2
22192,"floer homology sphere",3,2
22193,"gauge group theoretical",3,2
22194,"lie groupoids",2,2
22195,"integer filling",2,2
22196,"lamplighter group",2,2
22197,"hilbert schmidt",2,2
22198,"standard borel",2,2
22199,"hopf algebraic",2,2
22200,"unitary irreducible",2,2
22201,"degenerate critical",2,2
22202,"symplectic quotient",2,2
22203,"optimum doping",2,2
22204,"parametric oscillator",2,2
22205,"left handed material becomes",4,2
22206,"orbital ordered phase",3,2
22207,"mott insulator transition",3,2
22208,"overdamped brownian",2,2
22209,"mgb2 phase",2,2
22210,"structural vibrational",2,2
22211,"multi valued function",3,2
22212,"point contact interactions",3,2
22213,"hierarchical organization",2,2
22214,"hexagonal packing",2,2
22215,"self assembled inas gaas",4,2
22216,"rigid band",2,2
22217,"local density approximation lsda",4,2
22218,"dimensional smoothed",2,2
22219,"temperature tg",2,2
22220,"size scaling behaviour",3,2
22221,"temporal evolution equations",3,2
22222,"stm images",2,2
22223,"director field",2,2
22224,"magnetic nanoparticle",2,2
22225,"quantum turing",2,2
22226,"linearized augmented plane wave",4,2
22227,"fiber bundles over",3,2
22228,"avoiding walks",2,2
22229,"strongly frustrated",2,2
22230,"dot molecule",2,2
22231,"microwave cavities",2,2
22232,"periodic arrays",2,2
22233,"small angle resolved photoemission",4,2
22234,"martensitic transition temperature",3,2
22235,"electron phonon couplings",3,2
22236,"normal ordered",2,2
22237,"beta pyrochlore",2,2
22238,"ising ferromagnet",2,2
22239,"af order",2,2
22240,"jamming transition temperature",3,2
22241,"heat transport properties",3,2
22242,"landau lifshitz equation",3,2
22243,"tunneling events",2,2
22244,"semiconducting carbon nanotube",3,2
22245,"dephasing time evolution",3,2
22246,"collective spin relaxation",3,2
22247,"correlated metals",2,2
22248,"pt leq",2,2
22249,"insulating ground",2,2
22250,"deconfined quantum",2,2
22251,"arrhenius law",2,2
22252,"transfer squared",2,2
22253,"higgsless model",2,2
22254,"non monotonous dependence",3,2
22255,"vector meson exchange mechanism",4,2
22256,"orbitally excited",2,2
22257,"handed majorana neutrino masses",4,2
22258,"monte carlo event rates",4,2
22259,"data supports",2,2
22260,"jet tomography",2,2
22261,"color flavor singlet",3,2
22262,"gluon distributions",2,2
22263,"c.m energies",2,2
22264,"loop quantum chromodynamics",3,2
22265,"tan2 theta",2,2
22266,"two photon collider",3,2
22267,"gamow teller",2,2
22268,"scale structure functions",3,2
22269,"logarithmic enhancement",2,2
22270,"right handed neutrino mass",4,2
22271,"rigorous proofs",2,2
22272,"orbitally excited states",3,2
22273,"cmb quadrupole",2,2
22274,"electroweak baryogenesis mechanism",3,2
22275,"electroweak precision observables",3,2
22276,"light front form factors",4,2
22277,"experimental data release",3,2
22278,"physical higgs",2,2
22279,"non zero mode coupling",4,2
22280,"angular momentum distribution",3,2
22281,"becomes negligible",2,2
22282,"bimaximal neutrino",2,2
22283,"lowest energy density approximation",4,2
22284,"tau lepton flavor",3,2
22285,"hbt correlations",2,2
22286,"superheavy nuclei",2,2
22287,"isotopic chains",2,2
22288,"relativistic mean free path",4,2
22289,"giant resonances",2,2
22290,"curie point",2,2
22291,"ir fixed point",3,2
22292,"yau orientifolds",2,2
22293,"elliptic calogero",2,2
22294,"maximal helicity",2,2
22295,"hawking page",2,2
22296,"dependent tachyon",2,2
22297,"kalb ramond field theory",4,2
22298,"spin foams",2,2
22299,"circular string theory",3,2
22300,"adm mass",2,2
22301,"2d string theory",3,2
22302,"discrete wilson",2,2
22303,"reversal invariant",2,2
22304,"yau supermanifolds",2,2
22305,"singlet ground",2,2
22306,"collective coordinates",2,2
22307,"coulomb gauge field theory",4,2
22308,"scale structure factor",3,2
22309,"kerr de sitter",3,2
22310,"susy yang mills",3,2
22311,"covariant entropy",2,2
22312,"area preserving",2,2
22313,"parts per",2,2
22314,"collider signatures",2,2
22315,"lattice artifacts",2,2
22316,"parameter tilde",2,2
22317,"monte carlo moves",3,2
22318,"closely packed",2,2
22319,"chamber tpc",2,2
22320,"nonlinear photonic crystals",3,2
22321,"beta beam",2,2
22322,"crossing angle",2,2
22323,"three body perturbation theory",4,2
22324,"higher temperatures below",3,2
22325,"point correlation lengths",3,2
22326,"isotope shift",2,2
22327,"spinless particle",2,2
22328,"three sphere s2",3,2
22329,"dimensional minkowski space time",4,2
22330,"projective planes",2,2
22331,"sine gordon equations",3,2
22332,"poisson manifolds",2,2
22333,"negative feedback",2,2
22334,"surrogate data",2,2
22335,"food web",2,2
22336,"entangled state preparation",3,2
22337,"ionization potential barrier",3,2
22338,"resolved photon pairs",3,2
22339,"too high energy",3,2
22340,"multiple copy",2,2
22341,"two body hamiltonians",3,2
22342,"linear optical fibers",3,2
22343,"markovian master equation",3,2
22344,"bit error",2,2
22345,"classically correlated",2,2
22346,"pulse length",2,2
22347,"quantum cryptographic protocol",3,2
22348,"key distillation",2,2
22349,"multipartite entangled states",3,2
22350,"three dimensional riemannian manifold",4,2
22351,"gamma ray telescopes",3,2
22352,"self regulated",2,2
22353,"galaxies lbgs",2,2
22354,"hi emission lines",3,2
22355,"xmm newton pointings",3,2
22356,"existing observational",2,2
22357,"nuclear astrophysics",2,2
22358,"prompt photon",2,2
22359,"ori cluster",2,2
22360,"radio galaxies possess",3,2
22361,"pulsars axps",2,2
22362,"high energy cosmic",3,2
22363,"dwarf starburst",2,2
22364,"globular cluster core radii",4,2
22365,"temperature drops",2,2
22366,"aperture mass",2,2
22367,"deficient blue",2,2
22368,"hst acs observations",3,2
22369,"composite stellar",2,2
22370,"total stellar populations",3,2
22371,"combo-17 survey",2,2
22372,"radiation field strength",3,2
22373,"extinction coefficients",2,2
22374,"radio surveys",2,2
22375,"ultrahigh energy",2,2
22376,"low energy cosmic ray",4,2
22377,"stellar surface brightness profiles",4,2
22378,"early type supergiants",3,2
22379,"integrated intensity",2,2
22380,"type ii regions",3,2
22381,"line seyfert galaxy",3,2
22382,"radio emission mechanisms",3,2
22383,"energy storage ring",3,2
22384,"large enough angular momentum",4,2
22385,"near infrared mir",3,2
22386,"powered pulsars",2,2
22387,"index ns",2,2
22388,"highly obscured",2,2
22389,"accretion disk inclination",3,2
22390,"tev gamma rays uhecrs",4,2
22391,"fornax cluster",2,2
22392,"old stellar surface",3,2
22393,"passive galaxies",2,2
22394,"galaxies spanning",2,2
22395,"near infrared luminosities",3,2
22396,"molecular outflows",2,2
22397,"w3 oh masers",3,2
22398,"lower redshift survey",3,2
22399,"ghz methanol",2,2
22400,"minor axes",2,2
22401,"near ir excess",3,2
22402,"merger induced",2,2
22403,"gas removal",2,2
22404,"rest frame uv",3,2
22405,"sized dark matter",3,2
22406,"simple scaling relation",3,2
22407,"three dimensional magnetohydrodynamic simulations",4,2
22408,"sagittarius dwarf galaxy",3,2
22409,"rapidly rotating black hole",4,2
22410,"mirror matter",2,2
22411,"accretion belt",2,2
22412,"dense shell",2,2
22413,"andromeda galaxy formation",3,2
22414,"long period luminosity",3,2
22415,"reflection nebulae",2,2
22416,"xmm newton observations abridged",4,2
22417,"nearby supernova explosion",3,2
22418,"bolometric light",2,2
22419,"active galactic magnetic field",4,2
22420,"solar minimum",2,2
22421,"degenerate stars",2,2
22422,"dynamical mean value",3,2
22423,"infrared excesses",2,2
22424,"high velocity difference",3,2
22425,"probability distribution amplitudes",3,2
22426,"completeness limit",2,2
22427,"kerr newman black holes",4,2
22428,"einstein vlasov",2,2
22429,"flat universe filled",3,2
22430,"modified newtonian",2,2
22431,"solar mass ratio",3,2
22432,"laser interferometer space antenna",4,2
22433,"infeld action",2,2
22434,"instant form",2,2
22435,"double degenerate",2,2
22436,"first passage percolation problem",4,2
22437,"holomorphic vector bundle",3,2
22438,"hyperbolic relative",2,2
22439,"absolutely continuous time",3,2
22440,"diagonal components",2,2
22441,"explicit cp",2,2
22442,"elliptic divisibility",2,2
22443,"vega like",2,2
22444,"space time blow",3,2
22445,"etale cohomology groups",3,2
22446,"logic programming language",3,2
22447,"periodic cyclic homology",3,2
22448,"strong homotopy",2,2
22449,"zp extension",2,2
22450,"uniform exponential",2,2
22451,"projective line bundles over",4,2
22452,"kauffman bracket",2,2
22453,"gal bar",2,2
22454,"non universal shape",3,2
22455,"manganite films",2,2
22456,"doping independent",2,2
22457,"bilayer electron hole",3,2
22458,"stripe state",2,2
22459,"ultra high mobility",3,2
22460,"optical resonator",2,2
22461,"order parameter sets",3,2
22462,"assisted tunneling",2,2
22463,"reversal invariance",2,2
22464,"unusually high temperature",3,2
22465,"underscreened kondo",2,2
22466,"superconducting transition temperature dependent",4,2
22467,"reversal process",2,2
22468,"dissipated energy",2,2
22469,"superconducting loop",2,2
22470,"thermal contact",2,2
22471,"single particle green",3,2
22472,"electron doped mott insulators",4,2
22473,"marginally stable against",3,2
22474,"magnetic polarons",2,2
22475,"monte carlo simulations suggest",4,2
22476,"isotropic nematic elastomers",3,2
22477,"relaxation time delay",3,2
22478,"hall liquids",2,2
22479,"strong magnetic susceptibility measurements",4,2
22480,"correctly predicts",2,2
22481,"long wavelength dependence",3,2
22482,"spin relaxation processes",3,2
22483,"impact ionization",2,2
22484,"berry phase transition",3,2
22485,"ballistic transport properties",3,2
22486,"phase difference equation",3,2
22487,"lattice gauge coupling constant",4,2
22488,"cuprate superconductors htsc",3,2
22489,"nonlinear susceptibility",2,2
22490,"three dimensional electron phonon",4,2
22491,"spin valves",2,2
22492,"exponent nu approx",3,2
22493,"periodic modulations",2,2
22494,"vortex antivortex",2,2
22495,"underdoped regime",2,2
22496,"optimally doped la 2-x",4,2
22497,"spin texture",2,2
22498,"double exchange interaction",3,2
22499,"spin polarized light",3,2
22500,"specific heat coefficient gamma",4,2
22501,"singlet formation",2,2
22502,"tetragonal crystal",2,2
22503,"diluted magnetic ordering",3,2
22504,"temperature tr",2,2
22505,"temperature interval",2,2
22506,"haldane phase",2,2
22507,"hopping matrix",2,2
22508,"local thermodynamic limit",3,2
22509,"kondo screening",2,2
22510,"nls equation",2,2
22511,"packing fractions",2,2
22512,"generalized gradient approximation lda",4,2
22513,"marked difference",2,2
22514,"dzyaloshinsky moriya",2,2
22515,"features appearing",2,2
22516,"moderate magnetic",2,2
22517,"single qubit systems",3,2
22518,"non arrhenius",2,2
22519,"imaginary time evolution",3,2
22520,"penguin diagrams",2,2
22521,"ten percent",2,2
22522,"minimal supersymmetric quantum",3,2
22523,"lepton flavor symmetries",3,2
22524,"local hidden symmetry",3,2
22525,"neutralino dark",2,2
22526,"invisible higgs production",3,2
22527,"monte carlo radiative corrections",4,2
22528,"maximal mixing matrix",3,2
22529,"handed majorana",2,2
22530,"neutral higgs fields",3,2
22531,"wimp nucleon",2,2
22532,"lightest supersymmetric particle physics",4,2
22533,"hadronic final",2,2
22534,"lightest neutralino dark matter",4,2
22535,"violating background",2,2
22536,"cone gauge",2,2
22537,"violating lfv",2,2
22538,"shell renormalization",2,2
22539,"heavy quark antiquark pair",4,2
22540,"negative helicity",2,2
22541,"muon decay rate",3,2
22542,"dynamo mechanism",2,2
22543,"horizon conformal",2,2
22544,"confining phase transition",3,2
22545,"spectral slopes",2,2
22546,"quasiparticle random",2,2
22547,"spin boson fermion systems",4,2
22548,"momentum transfer squared",3,2
22549,"multiple scattering amplitudes",3,2
22550,"integral technique",2,2
22551,"nucleon potentials",2,2
22552,"de sitter spacetime dimensions",4,2
22553,"brst cohomology",2,2
22554,"robin boundary conditions",3,2
22555,"functional determinants",2,2
22556,"supersymmetric standard model sm",4,2
22557,"three dimensional qed",3,2
22558,"noncommutative plane wave",3,2
22559,"superselection sectors",2,2
22560,"braneworld inflation",2,2
22561,"rational homotopy",2,2
22562,"closed bosonic string theory",4,2
22563,"evolution equations imply",3,2
22564,"chaotic inflation",2,2
22565,"complex scalar fields",3,2
22566,"local hidden symmetries",3,2
22567,"rolling tachyon condensation",3,2
22568,"number theoretic approach",3,2
22569,"mean photon",2,2
22570,"meson production cross section",4,2
22571,"experimental data processing",3,2
22572,"asymmetric energy eigenstates",3,2
22573,"non perturbative renormalization constants",4,2
22574,"energy storage",2,2
22575,"gauss hermite",2,2
22576,"non linear schrodinger equation",4,2
22577,"stable against collapse",3,2
22578,"fock bogoliubov",2,2
22579,"finite size scaling properties",4,2
22580,"phys plasmas",2,2
22581,"repetition rate",2,2
22582,"root mean",2,2
22583,"modified kp",2,2
22584,"density wave vectors",3,2
22585,"highly non adiabatic",3,2
22586,"velocity difference equations",3,2
22587,"photon trapping",2,2
22588,"coulomb dissociation",2,2
22589,"narrow baryonic",2,2
22590,"gene sequences",2,2
22591,"protein fold",2,2
22592,"relativistic quantum information",3,2
22593,"quantum key distillation",3,2
22594,"linear optical parametric",3,2
22595,"multi photon pairs",3,2
22596,"quantum brownian",2,2
22597,"space time domain",3,2
22598,"two party quantum information",4,2
22599,"bell diagonal",2,2
22600,"nonzero temperature",2,2
22601,"positive lyapunov exponent",3,2
22602,"non gaussian random",3,2
22603,"selection criterion",2,2
22604,"geographically distributed",2,2
22605,"information storage",2,2
22606,"vlm objects",2,2
22607,"poloidal field",2,2
22608,"super soft",2,2
22609,"core collapse supernova explosions",4,2
22610,"twin peaks",2,2
22611,"millimeter continuum",2,2
22612,"hi parkes",2,2
22613,"sph simulation",2,2
22614,"air shower maximum",3,2
22615,"lte model atmospheres",3,2
22616,"large scale dynamo",3,2
22617,"clusters spanning",2,2
22618,"shell burning",2,2
22619,"handed neutrino",2,2
22620,"ricci scalar field",3,2
22621,"ray transients",2,2
22622,"cooling curves",2,2
22623,"main sequence pms",3,2
22624,"optically thick disk inclination",4,2
22625,"cosmic ray background radiation",4,2
22626,"dust content",2,2
22627,"baseline interferometry vlbi observations",4,2
22628,"mid ir luminosity",3,2
22629,"super massive star",3,2
22630,"xmm newton 2df",3,2
22631,"crossing approximation",2,2
22632,"pre lie",2,2
22633,"double pulsar psr j0737-3039a",4,2
22634,"friedman robertson",2,2
22635,"multi band imaging",3,2
22636,"observatories origins",2,2
22637,"ly alpha emission",3,2
22638,"bar pattern speeds",3,2
22639,"space time series expansion",4,2
22640,"magnitude limited surveys",3,2
22641,"newtonian physics",2,2
22642,"kerr newman black hole",4,2
22643,"two dimensional reductions",3,2
22644,"de sitter ads space",4,2
22645,"ii string theory",3,2
22646,"rotating neutron",2,2
22647,"electrostatic field theory",3,2
22648,"hole entropy",2,2
22649,"lattice regularization",2,2
22650,"gravitational waveforms",2,2
22651,"traversable lorentzian",2,2
22652,"cosmological setting",2,2
22653,"kerr spacetime dimensions",3,2
22654,"axial vector field",3,2
22655,"fibre bundles",2,2
22656,"isolated hypersurface",2,2
22657,"discrete fourier",2,2
22658,"action functional theory",3,2
22659,"differential operator valued",3,2
22660,"space time blow up",4,2
22661,"jacobi elliptic",2,2
22662,"closed orientable 3-manifolds",3,2
22663,"measure preserving actions",3,2
22664,"travel time",2,2
22665,"law tail",2,2
22666,"growth rate equations",3,2
22667,"first passage percolation",3,2
22668,"dihedral group",2,2
22669,"least angle",2,2
22670,"gromov hyperbolic",2,2
22671,"finite dimensional riemannian manifolds",4,2
22672,"jones polynomials",2,2
22673,"temperley lieb",2,2
22674,"nearby seyfert galaxy",3,2
22675,"diffuse gamma ray absorption",4,2
22676,"ray cr",2,2
22677,"dwarf spheroidal galaxy population",4,2
22678,"high frequency qpo",3,2
22679,"length scale factor",3,2
22680,"bh mass",2,2
22681,"smbh mass",2,2
22682,"solar mass distribution",3,2
22683,"dynamically relaxed",2,2
22684,"redshift information",2,2
22685,"high redshift distribution function",4,2
22686,"low mass protostar",3,2
22687,"near infrared imaging polarimetry",4,2
22688,"timing properties",2,2
22689,"observational errors",2,2
22690,"fourier decomposition",2,2
22691,"hi synthesis",2,2
22692,"ultra high quality",3,2
22693,"stellar surface gravities",3,2
22694,"mechanical luminosity",2,2
22695,"near infrared jhk",3,2
22696,"companion star hd",3,2
22697,"synchrotron self energy spectrum",4,2
22698,"soft gamma ray scattering",4,2
22699,"unidentified egret data",3,2
22700,"negligible fraction",2,2
22701,"obscured agns",2,2
22702,"sub stellar",2,2
22703,"surrounding intergalactic",2,2
22704,"lyman alpha line emitting",4,2
22705,"fri radio",2,2
22706,"dusty starburst",2,2
22707,"psr j0737-3039",2,2
22708,"uniform black",2,2
22709,"cosmic ray telescopes",3,2
22710,"abundance determinations",2,2
22711,"anisotropy maps",2,2
22712,"duration gamma ray burst",4,2
22713,"density inhomogeneities",2,2
22714,"mid infrared luminosities",3,2
22715,"camera irac",2,2
22716,"younger stellar",2,2
22717,"radial breathing",2,2
22718,"multi quark gluon",3,2
22719,"neutrino mass squared",3,2
22720,"partial width",2,2
22721,"fermi dirac",2,2
22722,"gauge mediated",2,2
22723,"gordon equation",2,2
22724,"fixed delay",2,2
22725,"euler poincare",2,2
22726,"surface density wave",3,2
22727,"semi definite",2,2
22728,"law potentials",2,2
22729,"mills theory",2,2
22730,"resonant activation",2,2
22731,"bcs like",2,2
22732,"ray diffraction peak",3,2
22733,"relaxor ferroelectric phase",3,2
22734,"electron density functional theory",4,2
22735,"pseudogap phenomenon",2,2
22736,"linear optical lattice",3,2
22737,"density contrasts",2,2
22738,"fractional quantum information",3,2
22739,"spectral weights",2,2
22740,"linearized augmented",2,2
22741,"peierls hubbard model",3,2
22742,"hole doped cuprate superconductors",4,2
22743,"diluted magnetic semiconductor",3,2
22744,"superconducting tunnel",2,2
22745,"networks display",2,2
22746,"soft spheres",2,2
22747,"lambda ab",2,2
22748,"phonon mediated",2,2
22749,"non negligible effect",3,2
22750,"rashba spin hall",3,2
22751,"time reversed",2,2
22752,"coordination number density",3,2
22753,"high resolution transmission electron",4,2
22754,"polymer mixtures",2,2
22755,"magnetic tunnel",2,2
22756,"scanning tunneling current",3,2
22757,"neighbor interaction",2,2
22758,"linearly stable",2,2
22759,"paramagnetic phase diagram",3,2
22760,"white noise intensity",3,2
22761,"coarsening dynamics simulations",3,2
22762,"antiferromagnetic heisenberg models",3,2
22763,"monte carlo kmc",3,2
22764,"dilute fermi gases",3,2
22765,"length scale structure",3,2
22766,"short time variation",3,2
22767,"avalanche size",2,2
22768,"dilute polymer",2,2
22769,"bond percolation theory",3,2
22770,"non linear chain",3,2
22771,"weight transfer",2,2
22772,"ising spin flips",3,2
22773,"threshold voltage",2,2
22774,"ising spin fluctuations",3,2
22775,"mono energetic",2,2
22776,"sc ii",2,2
22777,"polydisperse hard spheres",3,2
22778,"kondo lattices",2,2
22779,"dimensional islands",2,2
22780,"dimensional 1d optical lattice",4,2
22781,"free energy density functional",4,2
22782,"valence bond ordered",3,2
22783,"theta production mechanism",3,2
22784,"density correlator",2,2
22785,"multiple scattering off",3,2
22786,"fault tolerance",2,2
22787,"strange quark antiquark",3,2
22788,"spin polarized beams",3,2
22789,"non zero baryon density",4,2
22790,"lepton flavor symmetry",3,2
22791,"leptonic mixing angles",3,2
22792,"free energy cosmic",3,2
22793,"axion field",2,2
22794,"chi c1",2,2
22795,"unitarity triangle angle",3,2
22796,"vector meson pairs",3,2
22797,"double diffractive processes",3,2
22798,"nlo perturbative",2,2
22799,"pseudoscalar higgs boson",3,2
22800,"renormalization group schemes",3,2
22801,"strong cp violating",3,2
22802,"axially symmetric ansatz",3,2
22803,"spin polarized parton",3,2
22804,"photon exchange",2,2
22805,"rotational broadening",2,2
22806,"high temperature dependent",3,2
22807,"superfluid neutron star",3,2
22808,"strongly coupled channels",3,2
22809,"boson mapping",2,2
22810,"neutron drip lines",3,2
22811,"horizon conformal field theory",4,2
22812,"rotating compact",2,2
22813,"ads xs",2,2
22814,"semiclassical strings",2,2
22815,"local calabi",2,2
22816,"xxz spin chain",3,2
22817,"georgi glashow",2,2
22818,"holomorphic chern simons",3,2
22819,"four dimensional torus",3,2
22820,"critical locus",2,2
22821,"d5 branes",2,2
22822,"quiver gauge",2,2
22823,"vafa conjecture",2,2
22824,"chiral rings",2,2
22825,"de sitter group",3,2
22826,"reissner nordstrom black hole",4,2
22827,"non singlet deformation parameter",4,2
22828,"monopole condensation",2,2
22829,"lattice spacing distribution",3,2
22830,"mechanical calculations",2,2
22831,"divergence free energy",3,2
22832,"inter band gap",3,2
22833,"quasiperiodic oscillations",2,2
22834,"orbital angular parts",3,2
22835,"optical cavity mode coupling",4,2
22836,"negative index material",3,2
22837,"functions pdfs",2,2
22838,"lorentz boost",2,2
22839,"spin polarized neutron",3,2
22840,"particle production mechanisms",3,2
22841,"backward angles",2,2
22842,"two body code",3,2
22843,"james clerk",2,2
22844,"wind termination",2,2
22845,"myr old stellar",3,2
22846,"binary pulsar wind",3,2
22847,"broad line shape",3,2
22848,"star count",2,2
22849,"stellar objects ysos",3,2
22850,"planet host",2,2
22851,"substellar regime",2,2
22852,"chain galaxies",2,2
22853,"probability density fluctuations",3,2
22854,"lyman alpha emitting",3,2
22855,"density wave propagation",3,2
22856,"bulk lorentz",2,2
22857,"radial velocity anisotropy",3,2
22858,"pure luminosity",2,2
22859,"pairwise velocity",2,2
22860,"hubble parameter space time",4,2
22861,"sz maps",2,2
22862,"oh maser sources",3,2
22863,"photospheric radius",2,2
22864,"fokker planck mass",3,2
22865,"duration gamma ray luminosity",4,2
22866,"orbit isco",2,2
22867,"innermost stable circular orbits",4,2
22868,"hh objects",2,2
22869,"red galaxies drawn",3,2
22870,"simultaneous rxte",2,2
22871,"galaxy m33",2,2
22872,"enrichment history",2,2
22873,"fields north",2,2
22874,"elais n1 n2",3,2
22875,"hole mass gap",3,2
22876,"gas rich mergers",3,2
22877,"physical association",2,2
22878,"puffed up",2,2
22879,"aperture telescopes",2,2
22880,"mm continuum emission",3,2
22881,"ultraviolet radiation field",3,2
22882,"eddington ratios",2,2
22883,"circumstellar gas",2,2
22884,"sky survey 2mass extended",4,2
22885,"unacceptably large",2,2
22886,"non lte model",3,2
22887,"spiral galaxy m33",3,2
22888,"low mass donor",3,2
22889,"low mass donor star",4,2
22890,"opacity project",2,2
22891,"photometric redshift distribution",3,2
22892,"isocurvature component",2,2
22893,"systematically higher",2,2
22894,"stellar surface photometry",3,2
22895,"blue variable",2,2
22896,"ages myr old",3,2
22897,"group finder",2,2
22898,"ultra luminous infrared",3,2
22899,"emergent spectrum",2,2
22900,"acs images",2,2
22901,"color magnitude mv",3,2
22902,"stellar mass loss rate",4,2
22903,"unambiguous detection",2,2
22904,"kuzmin gzk",2,2
22905,"ray fluxes",2,2
22906,"radiative pumping",2,2
22907,"dust lanes",2,2
22908,"slow roll inflation driven",4,2
22909,"balmer absorption line",3,2
22910,"21-cm hi clouds",3,2
22911,"pseudo scalar curvature",3,2
22912,"discrete time evolution equations",4,2
22913,"super exponentially",2,2
22914,"horizontal symmetry",2,2
22915,"yau 3-folds",2,2
22916,"holomorphic line bundle",3,2
22917,"invariant quantity",2,2
22918,"infinite number density",3,2
22919,"simple heuristic",2,2
22920,"pebbling numbers",2,2
22921,"isoperimetric inequality",2,2
22922,"compact semisimple lie group",4,2
22923,"modular curve",2,2
22924,"identically distributed",2,2
22925,"floer homology groups",3,2
22926,"likelihood function",2,2
22927,"unit volume",2,2
22928,"yau spaces",2,2
22929,"nodal curve",2,2
22930,"fermi energy distribution",3,2
22931,"waiting time dependence",3,2
22932,"resistive transition",2,2
22933,"ray powder",2,2
22934,"wigner solid",2,2
22935,"qubit rotations",2,2
22936,"crystal structure formation",3,2
22937,"resonant inelastic",2,2
22938,"quantum critical phenomena",3,2
22939,"near infrared behavior",3,2
22940,"rotating bose einstein",3,2
22941,"bogoliubov hfb",2,2
22942,"singlet pairing mechanism",3,2
22943,"critical nucleus",2,2
22944,"atomic sized",2,2
22945,"transfer integral monte carlo simulations",5,2
22946,"induced photonic",2,2
22947,"quantum dots under",3,2
22948,"under shear rate",3,2
22949,"shortest path",2,2
22950,"many social network models",4,2
22951,"heisenberg ferromagnet",2,2
22952,"hole doping dependence",3,2
22953,"coil transition temperature",3,2
22954,"nanotube swcnt",2,2
22955,"off site",2,2
22956,"avoiding walk",2,2
22957,"inter band structure",3,2
22958,"gibbs free energy",3,2
22959,"spin injection",2,2
22960,"born neutron",2,2
22961,"wave stiffness",2,2
22962,"line tension",2,2
22963,"diagonalization calculations",2,2
22964,"thouless energy density",3,2
22965,"time dependent gross pitaevskii",4,2
22966,"rashba spin orbit splitting",4,2
22967,"pah molecules",2,2
22968,"random phase boundary",3,2
22969,"charge distribution functions",3,2
22970,"two terminal quantum dot",4,2
22971,"granular flows",2,2
22972,"wave propagation vector",3,2
22973,"range repulsive",2,2
22974,"density functional dependence",3,2
22975,"nonmagnetic impurity model",3,2
22976,"glassy dynamics simulations",3,2
22977,"coupled gross pitaevskii equation",4,2
22978,"weak gravitational field theory",4,2
22979,"brans dicke scalar",3,2
22980,"cosmic coincidence problem",3,2
22981,"pairing gaps",2,2
22982,"behave similarly",2,2
22983,"glass phase space",3,2
22984,"ingaas gaas",2,2
22985,"per node",2,2
22986,"connectivity distribution function",3,2
22987,"opinion dynamics simulations",3,2
22988,"approximation lsda",2,2
22989,"semileptonic decay kl pi",4,2
22990,"b0 phi",2,2
22991,"million psi",2,2
22992,"long baseline design",3,2
22993,"partial branching",2,2
22994,"b0 f0",2,2
22995,"high intensity ratio",3,2
22996,"strange particle",2,2
22997,"ckm angle",2,2
22998,"three body decays",3,2
22999,"antimatter asymmetry",2,2
23000,"dark matter antimatter",3,2
23001,"parton cascade",2,2
23002,"uv cutoff",2,2
23003,"charmed strange",2,2
23004,"diffractive higgs production",3,2
23005,"right handed majorana neutrinos",4,2
23006,"charged higgs sector",3,2
23007,"neutrino mass matrix elements",4,2
23008,"dijet cross section",3,2
23009,"higgs exchange",2,2
23010,"mildly relativistic",2,2
23011,"antisymmetric representation",2,2
23012,"polarized parton distributions",3,2
23013,"baseline neutrino",2,2
23014,"per particle physics",3,2
23015,"heavy quark pair production",4,2
23016,"two photon virtuality q2",4,2
23017,"pure yang mills theories",4,2
23018,"leptonic decay",2,2
23019,"ultraviolet fixed",2,2
23020,"uudd bar",2,2
23021,"heavy ion collision centrality",4,2
23022,"mixed phase transition temperature",4,2
23023,"fragmentation region",2,2
23024,"strange sea",2,2
23025,"parameters m1 m2",3,2
23026,"low mass gap",3,2
23027,"sterile neutrino oscillation",3,2
23028,"h0 tau lepton flavor",4,2
23029,"velocity dispersion profile",3,2
23030,"wave decomposition",2,2
23031,"high energy stored",3,2
23032,"two photon interference pattern",4,2
23033,"spin singlet ground",3,2
23034,"supersymmetric yang mills theory",4,2
23035,"dimension five dimensions",3,2
23036,"maxwell chern",2,2
23037,"asymptotically flat spacetime dimensions",4,2
23038,"bps black hole",3,2
23039,"ads space time",3,2
23040,"hodge star",2,2
23041,"abelian gauge symmetries",3,2
23042,"abelian gauge theories",3,2
23043,"cft duality",2,2
23044,"extremal branes",2,2
23045,"spectral energy densities",3,2
23046,"lagrangian containing",2,2
23047,"superconformal field",2,2
23048,"fock space time",3,2
23049,"quasi particle hole",3,2
23050,"mills higgs",2,2
23051,"generalized konishi",2,2
23052,"bps operators",2,2
23053,"commutative plane",2,2
23054,"computer programs",2,2
23055,"adjacent vertex",2,2
23056,"cryptographic protocol",2,2
23057,"diagonal gluons",2,2
23058,"body centered",2,2
23059,"hadronic rescattering",2,2
23060,"inelastic scattering amplitude",3,2
23061,"realistic nn",2,2
23062,"sea surface",2,2
23063,"alfven speed",2,2
23064,"ro vibrational",2,2
23065,"heavy ion beam",3,2
23066,"demolition measurements",2,2
23067,"non compact subgroup",3,2
23068,"shell closure",2,2
23069,"ratchet like",2,2
23070,"genetic network",2,2
23071,"surprisingly large scale",3,2
23072,"nambu goto string theory",4,2
23073,"electrically conducting",2,2
23074,"ghz peaked",2,2
23075,"xmm newton epic pn",4,2
23076,"international linear collider",3,2
23077,"optics approximation",2,2
23078,"synchrotron nebula",2,2
23079,"gravitational lens system",3,2
23080,"array vlba",2,2
23081,"foreground emission",2,2
23082,"near ir bright",3,2
23083,"australia telescope",2,2
23084,"stellar mass distribution",3,2
23085,"air cherenkov telescopes",3,2
23086,"pre stellar mass",3,2
23087,"accretion ejection",2,2
23088,"photon emission line",3,2
23089,"supernova ejecta",2,2
23090,"ionizing continuum",2,2
23091,"short time span",3,2
23092,"bepposax satellite",2,2
23093,"underlying dark",2,2
23094,"sne ii",2,2
23095,"missions like",2,2
23096,"density ne",2,2
23097,"plasma redshift",2,2
23098,"time blow",2,2
23099,"lsb galaxies",2,2
23100,"methanol masers",2,2
23101,"obscuring torus",2,2
23102,"radio lobe",2,2
23103,"pre hadronic",2,2
23104,"neutral pion production",3,2
23105,"high velocity dispersions",3,2
23106,"shock speed",2,2
23107,"central star formation rate",4,2
23108,"considerable amounts",2,2
23109,"surprisingly low mass",3,2
23110,"mhd waves",2,2
23111,"pronounced non thermal",3,2
23112,"hi masses",2,2
23113,"resolution element",2,2
23114,"absorption against",2,2
23115,"post inflationary",2,2
23116,"highly collimated",2,2
23117,"ray absorption components",3,2
23118,"acoustic peaks",2,2
23119,"standard ruler",2,2
23120,"lmc disk",2,2
23121,"high intensity profiles",3,2
23122,"nuclear structure formation",3,2
23123,"ray emission weighted",3,2
23124,"non compactness",2,2
23125,"wind environment",2,2
23126,"highest frequency",2,2
23127,"cuts off",2,2
23128,"verlinde formula",2,2
23129,"non singular value",3,2
23130,"defining ideals",2,2
23131,"binary quadratic",2,2
23132,"ordered sets",2,2
23133,"incompressible navier stokes",3,2
23134,"harmonic morphisms",2,2
23135,"smooth projective space",3,2
23136,"semisimple lie",2,2
23137,"operator valued functions",3,2
23138,"orbital selective",2,2
23139,"asymmetric energy distribution",3,2
23140,"moment generating",2,2
23141,"superlattice peaks",2,2
23142,"kondo insulator",2,2
23143,"van den",2,2
23144,"brownian motor",2,2
23145,"magnetically disordered",2,2
23146,"spin relaxation rate t1",4,2
23147,"phonon dispersion",2,2
23148,"spin relaxation mechanism",3,2
23149,"phase transition amplitudes",3,2
23150,"leakage currents",2,2
23151,"dynamical localization length",3,2
23152,"thermo field",2,2
23153,"ultracold atomic fermi",3,2
23154,"mott insulating phases",3,2
23155,"circularly polarized electrons",3,2
23156,"thermodynamical formalism",2,2
23157,"bias anomaly",2,2
23158,"transmission electron doped",3,2
23159,"room temperature tc",3,2
23160,"exponential suppression",2,2
23161,"spin orbit interaction strength",4,2
23162,"transition temperature tc superconductors",4,2
23163,"spin conserving",2,2
23164,"atomic fermi gas",3,2
23165,"phase transition temperature tc",4,2
23166,"kondo physics",2,2
23167,"velocity spread",2,2
23168,"momentum distribution functions",3,2
23169,"bose einstein condensed",3,2
23170,"bedt ttf",2,2
23171,"super exchange interactions",3,2
23172,"binding energy density",3,2
23173,"next nearest",2,2
23174,"truncated power",2,2
23175,"continuous wave packet",3,2
23176,"frequency omega phi",3,2
23177,"gravitational wave background radiation",4,2
23178,"lisa science",2,2
23179,"energy momentum tensors",3,2
23180,"law tails",2,2
23181,"three dimensional reductions",3,2
23182,"boolean networks",2,2
23183,"spectral diffusion",2,2
23184,"plaintext attack",2,2
23185,"quantum critical behaviour",3,2
23186,"superconducting phase approximation",3,2
23187,"isotropic heisenberg",2,2
23188,"surface emitting laser",3,2
23189,"decoherence free subspaces",3,2
23190,"image processing",2,2
23191,"electromagnetic showers",2,2
23192,"non universal scaling limit",4,2
23193,"harmonic sums",2,2
23194,"coupling constant alphas",3,2
23195,"orbifold guts",2,2
23196,"grand unification scale",3,2
23197,"diquark antidiquark",2,2
23198,"functional renormalization",2,2
23199,"lambda phi4",2,2
23200,"front quantization",2,2
23201,"jet production cross section",4,2
23202,"higgs scalars",2,2
23203,"four fold first",3,2
23204,"beta decay channels",3,2
23205,"nutev collaboration",2,2
23206,"radiative decay amplitudes",3,2
23207,"pion production cross sections",4,2
23208,"transverse momentum distribution functions",4,2
23209,"non negative values",3,2
23210,"quark mass distribution",3,2
23211,"abelian higgs potential",3,2
23212,"massive thirring",2,2
23213,"generalized master",2,2
23214,"non negative helicity amplitudes",4,2
23215,"pure su yang mills",4,2
23216,"exponential decay constant",3,2
23217,"brans dicke parameter",3,2
23218,"loop quantum information",3,2
23219,"superconformal symmetry breaking",3,2
23220,"supersymmetric yang",2,2
23221,"2d yang mills",3,2
23222,"electron positron pair creation",4,2
23223,"konishi anomaly",2,2
23224,"nf nc",2,2
23225,"generalized calabi",2,2
23226,"double charmonium",2,2
23227,"3q systems",2,2
23228,"abelian higgs field theories",4,2
23229,"symmetry group sp",3,2
23230,"irrelevant clover",2,2
23231,"theta hypernuclei",2,2
23232,"bond percolation transition",3,2
23233,"five quark",2,2
23234,"forward matrix elements",3,2
23235,"delta isobar",2,2
23236,"gas phase shift",3,2
23237,"quadrupole resonance",2,2
23238,"dirac brueckner hartree fock",4,2
23239,"eta mesic",2,2
23240,"front form factors",3,2
23241,"theory eft",2,2
23242,"antiquark bound",2,2
23243,"virtual photon pairs",3,2
23244,"spin polarizabilities",2,2
23245,"two dimensional incompressible flow",4,2
23246,"second harmonic analysis",3,2
23247,"paul scherrer",2,2
23248,"fourier domain",2,2
23249,"spin singlet triplet transition",4,2
23250,"ultrashort laser",2,2
23251,"global minima",2,2
23252,"single photon absorption",3,2
23253,"shear induced",2,2
23254,"multi mode coupling",3,2
23255,"degree distribution functions",3,2
23256,"quantum bit error correction",4,2
23257,"intercept resend",2,2
23258,"arbitrarily large class",3,2
23259,"gravitational radiation reaction",3,2
23260,"few million",2,2
23261,"old open cluster",3,2
23262,"photo ionization",2,2
23263,"giant planets around",3,2
23264,"molecular cloud core collapse",4,2
23265,"maser lines",2,2
23266,"normal metal abundances",3,2
23267,"soft photons emitted",3,2
23268,"tev gamma ray observatory",4,2
23269,"stellar mass ejection",3,2
23270,"su uma",2,2
23271,"mass accretion disc",3,2
23272,"two body codes",3,2
23273,"egret source",2,2
23274,"equatorial orbit",2,2
23275,"bcd galaxies",2,2
23276,"pulsational properties",2,2
23277,"mediterranean sea",2,2
23278,"braneworld cosmology",2,2
23279,"massive bhs",2,2
23280,"distant radio source",3,2
23281,"computational grids",2,2
23282,"limited aggregation",2,2
23283,"pre processing",2,2
23284,"functional integral representation",3,2
23285,"complex valued functions",3,2
23286,"continuous triangle",2,2
23287,"regular fermions",2,2
23288,"flat friedmann",2,2
23289,"non rotating black hole",4,2
23290,"low mass loss rates",4,2
23291,"sound speeds",2,2
23292,"eso vlt uves",3,2
23293,"diagram cmd",2,2
23294,"goods north",2,2
23295,"metal poor halo stars",4,2
23296,"earlier epochs",2,2
23297,"scalar field strength",3,2
23298,"jupiter mass",2,2
23299,"hd 209458b",2,2
23300,"nuclei agn unification",3,2
23301,"xmm newton satellite",3,2
23302,"diagrams cmd",2,2
23303,"vortex cores",2,2
23304,"nicmos imaging",2,2
23305,"positron pairs",2,2
23306,"collisional ionization",2,2
23307,"brown dwarf desert",3,2
23308,"oii emission",2,2
23309,"sz signal",2,2
23310,"uv continuum emission lines",4,2
23311,"million bbbar events",3,2
23312,"partial reconstruction technique",3,2
23313,"4s bb bar",3,2
23314,"neutrino beams",2,2
23315,"rho omega meson",3,2
23316,"asymmetric double peak",3,2
23317,"nd 2-x",2,2
23318,"branched polymers",2,2
23319,"first principles underlying",3,2
23320,"ray photoelectron",2,2
23321,"random resistor",2,2
23322,"discretization errors",2,2
23323,"hysteretic behavior",2,2
23324,"spin glass like",3,2
23325,"vapor deposition",2,2
23326,"abelian chern simons theory",4,2
23327,"neutron diffraction data",3,2
23328,"ray diffraction patterns",3,2
23329,"critical behaviors",2,2
23330,"transition temperature superconductors",3,2
23331,"nernst effect",2,2
23332,"axial symmetry breaking",3,2
23333,"spin relaxation mechanisms",3,2
23334,"dendritic flux",2,2
23335,"step relaxation",2,2
23336,"mott insulator mi",3,2
23337,"ab plane resistivity rho",4,2
23338,"raman scattering processes",3,2
23339,"osmotic pressure",2,2
23340,"chiral luttinger liquid",3,2
23341,"goldstone mode coupling",3,2
23342,"2-x sr",2,2
23343,"algebraic bethe",2,2
23344,"order parameter kappa",3,2
23345,"aharonov bohm rings",3,2
23346,"electron phonon like",3,2
23347,"coulomb interaction fsi",3,2
23348,"super heavy",2,2
23349,"dependent hartree fock",3,2
23350,"kaon nucleon interaction",3,2
23351,"effective mass energies",3,2
23352,"many particle green functions",4,2
23353,"rho0 omega phi",3,2
23354,"supernova explosion mechanism",3,2
23355,"hadron multiplicities",2,2
23356,"electroweak phase",2,2
23357,"littlest higgs production",3,2
23358,"neutralino nucleon",2,2
23359,"bk equation",2,2
23360,"standard model cmssm",3,2
23361,"su yang mills higgs",4,2
23362,"transversity distribution functions",3,2
23363,"heavy quarkonium production",3,2
23364,"total energy cosmic",3,2
23365,"hybrid meson",2,2
23366,"rho0 omega pi",3,2
23367,"parton distributions gpds",3,2
23368,"staggered chiral extrapolation",3,2
23369,"quark mass hierarchy",3,2
23370,"quark gluon plasma physics",4,2
23371,"optical cavity surface emitting",4,2
23372,"poynting vector",2,2
23373,"momentum map",2,2
23374,"double well separated",3,2
23375,"image reconstruction algorithms",3,2
23376,"absorption fine",2,2
23377,"minimal subtraction",2,2
23378,"cosmic string scale",3,2
23379,"stiff fluid",2,2
23380,"outgoing radiation field",3,2
23381,"two loop correction term",4,2
23382,"quartic couplings",2,2
23383,"quark gluon vertex",3,2
23384,"space time delay",3,2
23385,"multi valued",2,2
23386,"energy spectrum displays",3,2
23387,"mixed state preparation",3,2
23388,"non compact qed",3,2
23389,"probability density estimation",3,2
23390,"jordan wigner",2,2
23391,"galois theory",2,2
23392,"bipartite quantum information",3,2
23393,"paul trap",2,2
23394,"becomes highly",2,2
23395,"via cavity prepared",3,2
23396,"quantum hall conductance",3,2
23397,"bohr sommerfeld",2,2
23398,"correlation kernel",2,2
23399,"2-point functions",2,2
23400,"space time dilation",3,2
23401,"particle irreducible representations",3,2
23402,"hole mass squared",3,2
23403,"electric charge fluctuations",3,2
23404,"black hole surrounded",3,2
23405,"vortex loops",2,2
23406,"energy momentum conservation law",4,2
23407,"warm hot intergalactic medium",4,2
23408,"wolfe effect",2,2
23409,"flux decreased",2,2
23410,"ir mixing",2,2
23411,"sight velocities",2,2
23412,"younger stellar populations",3,2
23413,"faraday rotation measures",3,2
23414,"njl type",2,2
23415,"substellar limit",2,2
23416,"spectral energy levels",3,2
23417,"accreting compact binaries",3,2
23418,"h2 absorption lines",3,2
23419,"globular cluster sizes",3,2
23420,"mm wave",2,2
23421,"stellar photosphere",2,2
23422,"shear surveys",2,2
23423,"observational biases",2,2
23424,"subaru deep",2,2
23425,"extragalactic radio jets",3,2
23426,"circumstellar dust continuum emission",4,2
23427,"three dimensional smoothed particle",4,2
23428,"black hole mass accretion disc",5,2
23429,"around tev gamma",3,2
23430,"hi 21cm",2,2
23431,"near ir wavelengths",3,2
23432,"spitzer space",2,2
23433,"extra galactic halo",3,2
23434,"high velocity clouds hvcs",4,2
23435,"mini halos",2,2
23436,"mass function mf",3,2
23437,"cosmology telescope",2,2
23438,"neutrino species",2,2
23439,"alpha emitting",2,2
23440,"submm emission line",3,2
23441,"core size distributions",3,2
23442,"gravitational lens galaxy",3,2
23443,"ic supernova",2,2
23444,"static electromagnetic field",3,2
23445,"he burning",2,2
23446,"parameter space time dependent",4,2
23447,"diffuse ionized gas",3,2
23448,"irregular galaxies",2,2
23449,"time scale free",3,2
23450,"ovi absorption",2,2
23451,"absorption line profiles",3,2
23452,"shower development",2,2
23453,"underlying stellar surface",3,2
23454,"ray lightcurves",2,2
23455,"mass accretion discs",3,2
23456,"newly born",2,2
23457,"prandtl numbers",2,2
23458,"extrasolar planet search",3,2
23459,"point correlation kernel",3,2
23460,"complex semisimple lie algebra",4,2
23461,"infinite dimensional reduction",3,2
23462,"differential operator calculus",3,2
23463,"symmetric convex",2,2
23464,"nilpotent orbit closures",3,2
23465,"two pebbles",2,2
23466,"weighted projective",2,2
23467,"fundamental group actions",3,2
23468,"kirillov dimension",2,2
23469,"quasi hopf",2,2
23470,"valuation ring",2,2
23471,"relative hilbert space",3,2
23472,"gromov hausdorff space",3,2
23473,"violating phase",2,2
23474,"bbbar events",2,2
23475,"charged lepton flavor violating",4,2
23476,"order lo",2,2
23477,"probabilistic cellular",2,2
23478,"molecular wires",2,2
23479,"four terminal",2,2
23480,"intensity correlation length",3,2
23481,"blume emery",2,2
23482,"dresselhaus spin orbit coupling",4,2
23483,"homogeneous nucleation",2,2
23484,"channel kondo",2,2
23485,"spin orbit splitting",3,2
23486,"bilayer quantum",2,2
23487,"gan mn",2,2
23488,"hidden symmetry breaking",3,2
23489,"charge transport phenomena",3,2
23490,"dielectric spectroscopy",2,2
23491,"two photon interference",3,2
23492,"neel temperature",2,2
23493,"transistors fets",2,2
23494,"dark soliton",2,2
23495,"quark propagator",2,2
23496,"loop renormalisation",2,2
23497,"bc meson",2,2
23498,"dbw2 gauge",2,2
23499,"parton distribution function",3,2
23500,"gaussian random media",3,2
23501,"strongly correlated disorder",3,2
23502,"elastic electron phonon",3,2
23503,"spontaneous vortex",2,2
23504,"assembled quantum",2,2
23505,"discontinuous change",2,2
23506,"monte carlo mc simulations",4,2
23507,"real time scale",3,2
23508,"nematic phases",2,2
23509,"contour length",2,2
23510,"multiscale analysis",2,2
23511,"size scaling arguments",3,2
23512,"space time resolved",3,2
23513,"dynamical heterogeneity",2,2
23514,"charge density operator",3,2
23515,"mean field hmf model",4,2
23516,"relativistic hydrodynamics",2,2
23517,"mini black hole",3,2
23518,"fermion final states",3,2
23519,"exclusive diffractive",2,2
23520,"neutrino observatory",2,2
23521,"mixing angle sin2 thetaeff",4,2
23522,"flavor nambu",2,2
23523,"charge neutrality",2,2
23524,"2pi effective",2,2
23525,"soft gluon radiation",3,2
23526,"lepton flavor violation lfv",4,2
23527,"next lightest supersymmetric particle",4,2
23528,"nlo qcd sum rules",4,2
23529,"pomeron exchange",2,2
23530,"perturbative qcd factorization approach",4,2
23531,"phi k0",2,2
23532,"casimir operators",2,2
23533,"scalar tensor multiplets",3,2
23534,"free energy gap",3,2
23535,"immirzi parameter",2,2
23536,"semi riemannian",2,2
23537,"planck mass ratio",3,2
23538,"spectrum agrees",2,2
23539,"action functional form",3,2
23540,"phantom field theory",3,2
23541,"spin boson masses",3,2
23542,"schwarzschild ads",2,2
23543,"noncommutativity parameter",2,2
23544,"deconfining phase transition temperature",4,2
23545,"interaction corrected",2,2
23546,"maximally supersymmetric pp",3,2
23547,"underlying lattice qcd",3,2
23548,"term stability analysis",3,2
23549,"asymmetric shapes",2,2
23550,"atomic parity",2,2
23551,"level atoms confined",3,2
23552,"mesonic weak",2,2
23553,"quantum information theoretic approach",4,2
23554,"mach zehnder",2,2
23555,"path integration",2,2
23556,"resolved photoluminescence",2,2
23557,"dissipation theorem",2,2
23558,"schl teller",2,2
23559,"spin subsystem",2,2
23560,"canonical commutation",2,2
23561,"kicked rotator",2,2
23562,"two player",2,2
23563,"landauer buttiker",2,2
23564,"numerical calculations confirm",3,2
23565,"unusually wide",2,2
23566,"ring resonator",2,2
23567,"pour la",2,2
23568,"sur le",2,2
23569,"broadly distributed",2,2
23570,"loewner evolution",2,2
23571,"quasi periodic potentials",3,2
23572,"wu yang",2,2
23573,"random matrix integrals",3,2
23574,"general relativistic electrons",3,2
23575,"remain invariant",2,2
23576,"intense star formation",3,2
23577,"closed timelike",2,2
23578,"advanced ligo",2,2
23579,"term variations",2,2
23580,"non compact binaries",3,2
23581,"compact binaries containing",3,2
23582,"special relativity dsr",3,2
23583,"keplerian orbital",2,2
23584,"rest masses",2,2
23585,"survey rass",2,2
23586,"neutral gas accretion disk",4,2
23587,"magnetic white dwarfs",3,2
23588,"low mass vlm",3,2
23589,"scattering off nuclei",3,2
23590,"omegam omega",2,2
23591,"time baseline",2,2
23592,"nearby seyfert",2,2
23593,"showers eas",2,2
23594,"atmospheric neutrino mixing",3,2
23595,"dsph galaxy",2,2
23596,"ir bright",2,2
23597,"eclipsing cataclysmic",2,2
23598,"gamma ray flares",3,2
23599,"strongly lensed",2,2
23600,"non relativistic jets",3,2
23601,"electron positron plasma frequency",4,2
23602,"magellanic cloud smc",3,2
23603,"non lte model atmosphere",4,2
23604,"monte carlo radiative",3,2
23605,"duration gamma rays",3,2
23606,"thick dusty",2,2
23607,"ray emission line shape",4,2
23608,"cepheid variables",2,2
23609,"super massive clusters",3,2
23610,"hubble space telescope compact",4,2
23611,"photo dissociation",2,2
23612,"star clusters containing",3,2
23613,"atmospheric pressure",2,2
23614,"dusty starburst galaxies",3,2
23615,"projected baseline",2,2
23616,"fors deep",2,2
23617,"cosmic rays crs",3,2
23618,"helical structures",2,2
23619,"air shower simulations",3,2
23620,"mean opacities",2,2
23621,"highest resolution",2,2
23622,"foreground stars",2,2
23623,"primary anisotropies",2,2
23624,"peaked bl",2,2
23625,"non magnetized",2,2
23626,"emission line seyfert nucleus",4,2
23627,"non triviality",2,2
23628,"moderate deviation",2,2
23629,"ahler einstein",2,2
23630,"following branching",2,2
23631,"pseudoconvex domains",2,2
23632,"br kl pi",3,2
23633,"neutral vector meson",3,2
23634,"virtuality q2",2,2
23635,"cp violations",2,2
23636,"spin polarized proton collisions",4,2
23637,"weak hopf",2,2
23638,"fourier mukai",2,2
23639,"compact symplectic manifolds",3,2
23640,"graded lie algebras",3,2
23641,"m2 m3",2,2
23642,"non exponential growth rate",4,2
23643,"sequence fitting",2,2
23644,"higher spin chain",3,2
23645,"neumann boundary",2,2
23646,"generalised parton distributions",3,2
23647,"value decomposition",2,2
23648,"computational costs",2,2
23649,"non vanishing chemical potential",4,2
23650,"wilson fermion",2,2
23651,"renormalization group rg approach",4,2
23652,"lattice gauge symmetry",3,2
23653,"overlap dirac",2,2
23654,"plasma column",2,2
23655,"dynamics mond",2,2
23656,"hot post",2,2
23657,"fermi energy cosmic rays",4,2
23658,"proto clusters",2,2
23659,"total hi clouds",3,2
23660,"spectral energy cosmic ray",4,2
23661,"relativistic gr",2,2
23662,"ray emission line profile",4,2
23663,"ongoing star formation",3,2
23664,"shower array",2,2
23665,"egret error",2,2
23666,"central supermassive black holes",4,2
23667,"primordial power law",3,2
23668,"independent confirmation",2,2
23669,"solar neutrino fluxes",3,2
23670,"primordial black hole",3,2
23671,"radio emission line width",4,2
23672,"galaxy m82",2,2
23673,"synchrotron emitting",2,2
23674,"region pdr",2,2
23675,"electron positron plasma",3,2
23676,"collisionally ionized",2,2
23677,"uniform black hole",3,2
23678,"local group flow",3,2
23679,"magnetic field phi",3,2
23680,"order parameter lambda qcd",4,2
23681,"diffractive dijet",2,2
23682,"dependent parton distributions",3,2
23683,"low lying excited",3,2
23684,"gerasimov drell hearn",3,2
23685,"solar neutrino mass",3,2
23686,"neutrino trapping",2,2
23687,"four quark masses",3,2
23688,"oblique corrections",2,2
23689,"two loop renormalisation",3,2
23690,"photon collider lhc",3,2
23691,"front qcd",2,2
23692,"dependent schrodinger equation",3,2
23693,"phase approximation scheme",3,2
23694,"multi gluon",2,2
23695,"collider ilc",2,2
23696,"small instanton solution",3,2
23697,"eta mid",2,2
23698,"spontaneous chiral",2,2
23699,"general grounds",2,2
23700,"compton scattering off",3,2
23701,"polarized parton",2,2
23702,"color magnetic",2,2
23703,"local lorentz violation",3,2
23704,"local density profile",3,2
23705,"discrete time interval",3,2
23706,"momentum pt gev",3,2
23707,"angular momentum pt gev",4,2
23708,"polarized neutron scattering",3,2
23709,"heavy ion fusion",3,2
23710,"boltzmann statistics",2,2
23711,"isospin symmetric nuclear matter",4,2
23712,"dirac brueckner",2,2
23713,"color flavor locked",3,2
23714,"shape coexistence",2,2
23715,"binding approximation",2,2
23716,"persistence exponent",2,2
23717,"pr 2-x",2,2
23718,"antivortex pairs",2,2
23719,"space time reversal symmetry",4,2
23720,"complete wetting",2,2
23721,"absorbed power",2,2
23722,"emitting diodes",2,2
23723,"magnon scattering",2,2
23724,"powder diffraction",2,2
23725,"ising spin flip dynamics",4,2
23726,"exponent zeta",2,2
23727,"functional calculations confirm",3,2
23728,"packet dynamics",2,2
23729,"assembled quantum dot",3,2
23730,"minority spin",2,2
23731,"silicon nanowire",2,2
23732,"third harmonic",2,2
23733,"rho ab",2,2
23734,"hubbard like",2,2
23735,"intrinsic spin orbit coupling",4,2
23736,"berry phase space time",4,2
23737,"shubnikov de",2,2
23738,"bond solid",2,2
23739,"magnetoresistance tmr",2,2
23740,"free carrier",2,2
23741,"large magnetoresistance mr",3,2
23742,"gaussian character",2,2
23743,"optical recombination",2,2
23744,"narrow band gap",3,2
23745,"bohm ring",2,2
23746,"gibbs adsorption",2,2
23747,"colloidal mixtures",2,2
23748,"gravitational wave astronomy",3,2
23749,"nonlinear ordinary",2,2
23750,"supertwistor space",2,2
23751,"foldy wouthuysen",2,2
23752,"maximal supergravity",2,2
23753,"arbitrarily low energy",3,2
23754,"four fermi",2,2
23755,"walker metric",2,2
23756,"duality transformations",2,2
23757,"thermo field theory",3,2
23758,"brst invariant under",3,2
23759,"bloch waves",2,2
23760,"second sound",2,2
23761,"free electron density",3,2
23762,"partial wave decomposition",3,2
23763,"magnetized plasma flows",3,2
23764,"intense laser plasma",3,2
23765,"gas discharge",2,2
23766,"graining procedure",2,1
23767,"participation ratio",2,1
23768,"pyrochlore oxides",2,1
23769,"hot electron phonon",3,1
23770,"lying excited",2,1
23771,"dimension dc",2,1
23772,"formal laurent",2,1
23773,"noetherian local",2,1
23774,"tracial rank",2,1
23775,"compact hausdorff",2,1
23776,"constant sectional",2,1
23777,"parameter reweighting",2,1
23778,"phonon softening",2,1
23779,"smectic phase",2,1
23780,"centered cubic",2,1
23781,"higher landau",2,1
23782,"nearest neighbor coulomb interaction",4,1
23783,"alternating heisenberg",2,1
23784,"asymmetric energy spectrum",3,1
23785,"oppositely directed",2,1
23786,"correlated twin",2,1
23787,"impurity problems",2,1
23788,"hmf model",2,1
23789,"orbital degenerate hubbard model",4,1
23790,"quasinormal mode",2,1
23791,"redshift desert",2,1
23792,"posed initial",2,1
23793,"grain sizes",2,1
23794,"galaxies nls1s",2,1
23795,"million upsilon",2,1
23796,"type ic supernova sn",4,1
23797,"lowest redshift",2,1
23798,"giant elliptical galaxies",3,1
23799,"weakly ionized",2,1
23800,"rayleigh taylor",2,1
23801,"belt objects",2,1
23802,"microlensing surveys",2,1
23803,"dynamo theory",2,1
23804,"21cm emission",2,1
23805,"dwarf bcd",2,1
23806,"galactic quadrant",2,1
23807,"strict upper",2,1
23808,"dust shell",2,1
23809,"galactic anticenter",2,1
23810,"orbital inclinations",2,1
23811,"evolutionary synthesis",2,1
23812,"keck adaptive",2,1
23813,"member galaxies",2,1
23814,"simple analytical estimates",3,1
23815,"european photon",2,1
23816,"maximum brightness",2,1
23817,"varying fine structure",3,1
23818,"quark fusion",2,1
23819,"transversely polarized",2,1
23820,"charm quark masses",3,1
23821,"violating observables",2,1
23822,"projection chamber",2,1
23823,"internal energy momentum",3,1
23824,"nearly optimally",2,1
23825,"hydrogen balmer",2,1
23826,"function imf",2,1
23827,"ion fusion",2,1
23828,"transition temperature profiles",3,1
23829,"doubly excited",2,1
23830,"loop dilatation",2,1
23831,"time foam",2,1
23832,"delphi l3",2,1
23833,"transition temperature profile",3,1
23834,"deconfining phase",2,1
23835,"2d navier",2,1
23836,"lattice ol",2,1
23837,"heavy ion beam energies",4,1
23838,"photon conversions",2,1
23839,"inclusive electron positron",3,1
23840,"target nucleus collisions",3,1
23841,"ultra peripheral",2,1
23842,"werner states",2,1
23843,"rosen epr",2,1
23844,"quantum information concerning",3,1
23845,"broglie bohm",2,1
23846,"bipartite entanglement cost",3,1
23847,"frobenius manifold",2,1
23848,"unusually low",2,1
23849,"energy transfers",2,1
23850,"extinction law",2,1
23851,"grb host",2,1
23852,"filamentary structure formation",3,1
23853,"magnitude mv",2,1
23854,"nebular phase",2,1
23855,"galaxy formation rate sfr",4,1
23856,"losing star",2,1
23857,"white nfw",2,1
23858,"et es",2,1
23859,"gauge invariant measure",3,1
23860,"white noise ratio",3,1
23861,"tension sigma",2,1
23862,"free sheaves",2,1
23863,"moody algebras",2,1
23864,"irreducible constituents",2,1
23865,"quark gluon densities",3,1
23866,"unintegrated gluon",2,1
23867,"isocurvature perturbations",2,1
23868,"wave impulse",2,1
23869,"pt trigger",2,1
23870,"neutrino mass squared differences",4,1
23871,"cern large hadron",3,1
23872,"active galactic bulge",3,1
23873,"moller scattering",2,1
23874,"charged higgs production",3,1
23875,"pp pa",2,1
23876,"balance functions",2,1
23877,"rich isotopes",2,1
23878,"inelastic neutrino",2,1
23879,"nonlinear supersymmetry",2,1
23880,"string theory possesses",3,1
23881,"googly amplitudes",2,1
23882,"ordered perturbation",2,1
23883,"deep field north south",4,1
23884,"alpha emitter",2,1
23885,"infrared luminosities",2,1
23886,"line seyfert galaxies nls1s",4,1
23887,"disk atmosphere",2,1
23888,"classical cepheid",2,1
23889,"total stellar surface",3,1
23890,"high energy cosmic microwave",4,1
23891,"emission measures",2,1
23892,"rotationally induced",2,1
23893,"mag below",2,1
23894,"keplerian orbits",2,1
23895,"microwave anisotropy parameter",3,1
23896,"gauge kinetic",2,1
23897,"pre supernova",2,1
23898,"non thermal sz effect",4,1
23899,"nitrogen rich",2,1
23900,"prestellar core",2,1
23901,"liquid metal insulator",3,1
23902,"vla sky",2,1
23903,"c.l upper",2,1
23904,"binary lens",2,1
23905,"two body simulations suggest",4,1
23906,"group 2pigg",2,1
23907,"lx lbol",2,1
23908,"spinning black hole",3,1
23909,"stellar birth",2,1
23910,"correlation length scale",3,1
23911,"specific heat transport properties",4,1
23912,"bulk viscous",2,1
23913,"yakonov perel spin relaxation",4,1
23914,"gilbert damping",2,1
23915,"matched asymptotic",2,1
23916,"insulating phase approximation",3,1
23917,"superfluid helium",2,1
23918,"hall insulator",2,1
23919,"tsallis entropies",2,1
23920,"surface acoustic",2,1
23921,"charged polymer",2,1
23922,"dimensional electron hole",3,1
23923,"vortex glass",2,1
23924,"asymmetric simple exclusion process",4,1
23925,"phase transition mit",3,1
23926,"temperature tn",2,1
23927,"raman active",2,1
23928,"finite dimensional ising spin",4,1
23929,"potential linearized augmented",3,1
23930,"random phase approximation scheme",4,1
23931,"dimensional conductors",2,1
23932,"finite dimensional ising universality",4,1
23933,"griffiths phase",2,1
23934,"band gap opening",3,1
23935,"positron pair",2,1
23936,"density wave amplitudes",3,1
23937,"refinement amr",2,1
23938,"lya absorption",2,1
23939,"galaxy mrk",2,1
23940,"sub halos",2,1
23941,"ray missions",2,1
23942,"sky survey rass sdss",4,1
23943,"hawaii telescope",2,1
23944,"oiii emission",2,1
23945,"low inclination",2,1
23946,"black holes pbhs",3,1
23947,"total stellar mass ratio",4,1
23948,"star irc",2,1
23949,"progenitor star formation",3,1
23950,"large area iso data",4,1
23951,"synthetic spectral",2,1
23952,"dark matter cdm models",4,1
23953,"unidentified gamma ray",3,1
23954,"radio morphologies",2,1
23955,"like iron",2,1
23956,"submm emission",2,1
23957,"dla systems",2,1
23958,"vela pulsar",2,1
23959,"persistent emission",2,1
23960,"massive star surrounded",3,1
23961,"lyman limit",2,1
23962,"circumstellar environments",2,1
23963,"pl spectrum",2,1
23964,"purely gravitational wave",3,1
23965,"type giants",2,1
23966,"old stellar objects",3,1
23967,"hubble space observatory",3,1
23968,"perseus cluster",2,1
23969,"ray emission occurs",3,1
23970,"dark matter halo bias",4,1
23971,"south galactic",2,1
23972,"around herbig",2,1
23973,"young massive clusters",3,1
23974,"non spinning black hole",4,1
23975,"charge conservation laws",3,1
23976,"field redefinition",2,1
23977,"near extremal black hole",4,1
23978,"pass filters",2,1
23979,"black hole entropy principle",4,1
23980,"wave astronomy",2,1
23981,"classical limit theorems",3,1
23982,"classical umbral",2,1
23983,"sub riemannian",2,1
23984,"phase spaces",2,1
23985,"polarized abelian",2,1
23986,"kolmogorov johnson",2,1
23987,"group schemes",2,1
23988,"chow ring",2,1
23989,"connected lie algebra",3,1
23990,"many body simulation",3,1
23991,"characteristic mass function",3,1
23992,"perel spin",2,1
23993,"diagonal element",2,1
23994,"mgb2 single crystal",3,1
23995,"kondo impurities",2,1
23996,"quantum hall conductivity",3,1
23997,"minimal spanning",2,1
23998,"hall bar",2,1
23999,"dimensional hilbert spaces",3,1
24000,"hohenberg equation",2,1
24001,"chiral luttinger",2,1
24002,"valence bond rvb",3,1
24003,"haas oscillations",2,1
24004,"multiple andreev",2,1
24005,"hall bilayers",2,1
24006,"mott insulating phase transition",4,1
24007,"thermally excited state",3,1
24008,"flux qubits",2,1
24009,"pyrochlore oxide",2,1
24010,"magnetic tunnel magnetoresistance",3,1
24011,"superconductor rbos2o6",2,1
24012,"external electric charge",3,1
24013,"nonlinear sigma level",3,1
24014,"binary lennard",2,1
24015,"jones clusters",2,1
24016,"raman adiabatic",2,1
24017,"dichroism xmcd",2,1
24018,"non thermal conductivity",3,1
24019,"conduction band gap",3,1
24020,"field theory quasst",3,1
24021,"bose gas phase transitions",4,1
24022,"step replica",2,1
24023,"neutrino mass matrix models",4,1
24024,"shower monte carlo",3,1
24025,"four quark mass ratio",4,1
24026,"jona lasinio",2,1
24027,"handed majorana neutrinos",3,1
24028,"particle multiplicities",2,1
24029,"color assisted",2,1
24030,"ii see saw",3,1
24031,"radial schr",2,1
24032,"low lying collective",3,1
24033,"gamma stat",2,1
24034,"superfield approach",2,1
24035,"susy yang",2,1
24036,"radion stabilization mechanism",3,1
24037,"hawking formula",2,1
24038,"non orthogonal polynomial",3,1
24039,"positive helicity amplitudes",3,1
24040,"projective limit",2,1
24041,"nonminimal coupling",2,1
24042,"vanishing cosmological",2,1
24043,"hyperbolic spacetime",2,1
24044,"exponential cutoff",2,1
24045,"tolman bondi",2,1
24046,"flop transition",2,1
24047,"low cost",2,1
24048,"4s bbbar",2,1
24049,"mass m1",2,1
24050,"center vortex lattice gauge",4,1
24051,"asymmetric energy momentum",3,1
24052,"ir light",2,1
24053,"weyl groups",2,1
24054,"synchrotron cosy",2,1
24055,"hydrodynamic formulation",2,1
24056,"nearest neighbor exchange interactions",4,1
24057,"experimental data acquired",3,1
24058,"law singularities",2,1
24059,"bosonic channels",2,1
24060,"matter wave packet",3,1
24061,"3cr radio emission",3,1
24062,"fe xxv",2,1
24063,"emission line widths",3,1
24064,"chromospherically active",2,1
24065,"array atca",2,1
24066,"virial radii",2,1
24067,"born neutron star",3,1
24068,"ionization history",2,1
24069,"dwarf seyfert",2,1
24070,"beta leq",2,1
24071,"alpha emitters",2,1
24072,"candidate xte",2,1
24073,"dsph galaxy clusters",3,1
24074,"ray emission originates",3,1
24075,"few tenths",2,1
24076,"total angular power",3,1
24077,"tev gamma ray flux",4,1
24078,"emission line fluxes",3,1
24079,"probe wmap",2,1
24080,"hot interstellar",2,1
24081,"frame uv",2,1
24082,"sky survey nvss",3,1
24083,"holes smbhs",2,1
24084,"density nh",2,1
24085,"ray absorption toward",3,1
24086,"pre stellar objects",3,1
24087,"epic pn",2,1
24088,"collisional excitation",2,1
24089,"critical accretion",2,1
24090,"emission dominates",2,1
24091,"dynamical casimir",2,1
24092,"kinematical hilbert",2,1
24093,"front end",2,1
24094,"non vanishing cosmological constant",4,1
24095,"spectral index ns",3,1
24096,"normal conformal",2,1
24097,"black ring",2,1
24098,"macaulay local",2,1
24099,"length r0",2,1
24100,"dimensional ising",2,1
24101,"rham cohomology",2,1
24102,"reductive lie",2,1
24103,"hilbert space spanned",3,1
24104,"homotopy lie",2,1
24105,"galois modules",2,1
24106,"adic lie",2,1
24107,"compact riemann",2,1
24108,"complex grassmann",2,1
24109,"random permutations",2,1
24110,"pinning sites",2,1
24111,"critical exponent lambda",3,1
24112,"disorder free",2,1
24113,"weiss behavior",2,1
24114,"flip transition temperature",3,1
24115,"plane wave equation",3,1
24116,"quantum hall qh",3,1
24117,"quantizing magnetic field",3,1
24118,"strongly correlated metals",3,1
24119,"roll parameters",2,1
24120,"random phase approximation lda",4,1
24121,"lowest energy density",3,1
24122,"free energy distribution functions",4,1
24123,"phonon couplings",2,1
24124,"eel temperature",2,1
24125,"augmented plane",2,1
24126,"berezinskii kosterlitz",2,1
24127,"component bose einstein",3,1
24128,"molecule magnet",2,1
24129,"nmr quantum critical",3,1
24130,"fixed node degree",3,1
24131,"cold bosonic",2,1
24132,"3d ising spin",3,1
24133,"nearest neighbor hopping term",4,1
24134,"loop quantum fluctuations",3,1
24135,"half metallicity",2,1
24136,"magnetic tunnel junction",3,1
24137,"mgb2 single",2,1
24138,"assembled monolayer",2,1
24139,"composite fermion systems",3,1
24140,"z2 symmetry group",3,1
24141,"rescaled range",2,1
24142,"weakly interacting scalar",3,1
24143,"coherence lengths",2,1
24144,"abelian gauge symmetry",3,1
24145,"long baseline neutrino mass",4,1
24146,"cfl phase",2,1
24147,"two body force",3,1
24148,"ideal hydrodynamic",2,1
24149,"hyperspherical harmonic",2,1
24150,"type iib supergravity duals",4,1
24151,"body wavefunction",2,1
24152,"orientifold field",2,1
24153,"landau khalatnikov",2,1
24154,"bps multi",2,1
24155,"non singlet deformation",3,1
24156,"electric field theories",3,1
24157,"scalar hair",2,1
24158,"upsilon 4s bbbar pairs",4,1
24159,"fermilab tevatron run",3,1
24160,"neutralino pair production",3,1
24161,"lattice gauge transformations",3,1
24162,"tadpole improved",2,1
24163,"hole surrounded",2,1
24164,"backlund transformations",2,1
24165,"lax representation",2,1
24166,"lyapunov modes",2,1
24167,"gold collisions",2,1
24168,"cross section per nucleon",4,1
24169,"metabolic networks",2,1
24170,"correcting code",2,1
24171,"adiabatic elimination",2,1
24172,"transparency eit medium",3,1
24173,"foldy wouthuysen representation",3,1
24174,"correlation functionals",2,1
24175,"quantum cellular",2,1
24176,"reviewed special",2,1
24177,"oriented programming",2,1
24178,"high resolution transmission lines",4,1
24179,"supermassive black hole mass",4,1
24180,"proton rich",2,1
24181,"starburst galaxy m82",3,1
24182,"erg sec",2,1
24183,"hat wavelet",2,1
24184,"westerbork synthesis",2,1
24185,"space antenna",2,1
24186,"thermal bremsstrahlung",2,1
24187,"newman black",2,1
24188,"space time delay interferometry",4,1
24189,"ricci solitons",2,1
24190,"compact abelian differentials",3,1
24191,"scalar valued",2,1
24192,"convex polytopes",2,1
24193,"standard brownian",2,1
24194,"homotopy lie group",3,1
24195,"differential calculi",2,1
24196,"siegel modular",2,1
24197,"rational cherednik",2,1
24198,"common boundary conditions",3,1
24199,"sur la",2,1
24200,"agn unification",2,1
24201,"compton cooling",2,1
24202,"submillimetre continuum",2,1
24203,"afterglow light",2,1
24204,"non thermal emission",3,1
24205,"total stellar masses",3,1
24206,"after wmap observations",3,1
24207,"highly relativistic jet",3,1
24208,"array sma",2,1
24209,"collimated jet",2,1
24210,"diffuse scattering",2,1
24211,"lambdacdm model",2,1
24212,"sersic profile",2,1
24213,"optical flash",2,1
24214,"low redshift space",3,1
24215,"galactic longitudes",2,1
24216,"fluorescent emission",2,1
24217,"xmm newton epic spectra",4,1
24218,"stochastic perturbation",2,1
24219,"prompt emission",2,1
24220,"ir excess",2,1
24221,"residual gauge",2,1
24222,"bh mass function",3,1
24223,"star formation efficiencies",3,1
24224,"pi pi0 nu",3,1
24225,"strange antistrange",2,1
24226,"aleph delphi",2,1
24227,"stanford linear accelerator",3,1
24228,"positron beam",2,1
24229,"equation nlse",2,1
24230,"varying envelope",2,1
24231,"optically induced photonic crystals",4,1
24232,"anisotropic stress tensor",3,1
24233,"driven sine",2,1
24234,"zehnder interferometers",2,1
24235,"kerr media",2,1
24236,"multicritical point",2,1
24237,"electron doped la",3,1
24238,"wise functions",2,1
24239,"velocity shifts",2,1
24240,"bosonic mode coupling",3,1
24241,"bose hubbard",2,1
24242,"rotating bose",2,1
24243,"geometrically thin",2,1
24244,"born markov",2,1
24245,"buttiker formalism",2,1
24246,"density wave superconductor",3,1
24247,"genetic programming",2,1
24248,"af phase",2,1
24249,"phase slips",2,1
24250,"effect fqhe",2,1
24251,"spectroscopy arpes",2,1
24252,"non thermal bath",3,1
24253,"resonance nmr spectra",3,1
24254,"heavy fermion superconductor cept3si",4,1
24255,"dispersion profile",2,1
24256,"density jc",2,1
24257,"probability density wave function",4,1
24258,"abelian sandpile",2,1
24259,"four point defects",3,1
24260,"rho dt",2,1
24261,"nfl behavior",2,1
24262,"order parameter epsilon expansion",4,1
24263,"underlying electronic structure",3,1
24264,"charged fermions",2,1
24265,"rapidity gaps",2,1
24266,"dependent parton",2,1
24267,"high energy input",3,1
24268,"maximal solar neutrino mass",4,1
24269,"leptonic mixing matrix",3,1
24270,"too small scale",3,1
24271,"photon numbers",2,1
24272,"zatsepin kuzmin",2,1
24273,"anisotropy probe",2,1
24274,"particle nlsp",2,1
24275,"bimaximal mixing",2,1
24276,"kovchegov equation",2,1
24277,"gordan coefficients",2,1
24278,"meson exchanges",2,1
24279,"open charm quark gluon",4,1
24280,"coulomb breakup",2,1
24281,"feynman diagram",2,1
24282,"instant form factor",3,1
24283,"world inflation",2,1
24284,"large hadron phenomenology",3,1
24285,"noncritical string theory",3,1
24286,"two supercharges",2,1
24287,"gluon field theory",3,1
24288,"theory qft",2,1
24289,"null killing horizon",3,1
24290,"coordinate representation",2,1
24291,"curved background metric",3,1
24292,"relativity dsr",2,1
24293,"relativistic correction",2,1
24294,"free electron hole pairs",4,1
24295,"monte carlo calculations confirm",4,1
24296,"tensorial form",2,1
24297,"spaces orbital",2,1
24298,"angular momentum tensors",3,1
24299,"ultra relativistic heavy ion",4,1
24300,"proton beam energies",3,1
24301,"intermediate pt gev",3,1
24302,"inelastic hard",2,1
24303,"ion reactions",2,1
24304,"section per",2,1
24305,"micron counts",2,1
24306,"age metallicity spread",3,1
24307,"background cmb data sets",4,1
24308,"silicate emission",2,1
24309,"horizontal branches",2,1
24310,"digitized sky survey",3,1
24311,"cluster gc",2,1
24312,"obscured active",2,1
24313,"radio galaxies smgs",3,1
24314,"lightest higgs boson masses",4,1
24315,"stars exhibiting",2,1
24316,"conditional luminosity",2,1
24317,"h2 emission",2,1
24318,"long baseline array vla",4,1
24319,"ultra deep field",3,1
24320,"cold dark matter haloes",4,1
24321,"hydrodynamic simulations suggest",3,1
24322,"observational estimates",2,1
24323,"big bang nucleosynthesis calculations",4,1
24324,"spectrograph irs",2,1
24325,"spherical accretion",2,1
24326,"active galactic disk",3,1
24327,"luminosity pl",2,1
24328,"whole southern",2,1
24329,"water masers",2,1
24330,"lensing signal",2,1
24331,"initial velocities",2,1
24332,"cloud smc",2,1
24333,"warm molecular",2,1
24334,"cross correlating",2,1
24335,"law continuum",2,1
24336,"cosmic lens",2,1
24337,"globular cluster merger remnants",4,1
24338,"excess emission line",3,1
24339,"gravitational fragmentation",2,1
24340,"enriched gas",2,1
24341,"accreting black hole mass",4,1
24342,"giant ellipticals",2,1
24343,"cosmic ray flux",3,1
24344,"merger activity",2,1
24345,"evolutionary ecology",2,1
24346,"active galactic disks",3,1
24347,"shortest period",2,1
24348,"ray eclipse",2,1
24349,"median redshift distribution",3,1
24350,"al 2004b",2,1
24351,"double pulsar wind",3,1
24352,"systems dlas",2,1
24353,"holes pbhs",2,1
24354,"connected lie",2,1
24355,"old metal",2,1
24356,"kac moody lie algebra",4,1
24357,"holomorphic chern",2,1
24358,"triple gauge",2,1
24359,"invariant probability densities",3,1
24360,"slip boundary conditions",3,1
24361,"independent identically",2,1
24362,"passage percolation",2,1
24363,"angle regression",2,1
24364,"al math.st",2,1
24365,"weak equivalences",2,1
24366,"homological mirror",2,1
24367,"variational perturbation",2,1
24368,"annular josephson",2,1
24369,"relaxation mechanisms",2,1
24370,"kondo resonances",2,1
24371,"radio recombination",2,1
24372,"condensate bec confined",3,1
24373,"stabilized colloidal",2,1
24374,"poly ethylene",2,1
24375,"isotropic nematic phase transitions",4,1
24376,"electron phonon scattering rate",4,1
24377,"lying excitations",2,1
24378,"sharp upper critical temperature",4,1
24379,"triplet transition",2,1
24380,"monotonic behaviour",2,1
24381,"zero bias conductance peak",4,1
24382,"algaas heterostructures",2,1
24383,"gibbs free",2,1
24384,"berry curvature",2,1
24385,"highly nontrivial",2,1
24386,"phase approximation lda",3,1
24387,"spin squeezing",2,1
24388,"coupled gross pitaevskii",3,1
24389,"deconfined quantum critical",3,1
24390,"sinusoidal modulation",2,1
24391,"unbinding transition",2,1
24392,"magnetic susceptibilities",2,1
24393,"tunable feshbach",2,1
24394,"ferromagnetic fm phase",3,1
24395,"ising spin glass phase",4,1
24396,"raman lines",2,1
24397,"charged dust",2,1
24398,"quantum corrected",2,1
24399,"spherically symmetric functions",3,1
24400,"spinning black",2,1
24401,"quantum hall droplets",3,1
24402,"rabi frequency dependence",3,1
24403,"4s bbbar events",3,1
24404,"ckm matrix element vcb",4,1
24405,"heavy quark mass distribution",4,1
24406,"non abelian gauge",3,1
24407,"lyapunov vectors",2,1
24408,"space time scales linearly",4,1
24409,"wino like",2,1
24410,"schwinger keldysh",2,1
24411,"water cerenkov",2,1
24412,"baryon chemical",2,1
24413,"kobayashi maskawa matrix elements",4,1
24414,"gut scale free",3,1
24415,"neutral higgs boson masses",4,1
24416,"polarization anisotropies",2,1
24417,"theta atm",2,1
24418,"spin polarized parton distributions",4,1
24419,"supersymmetric particle production",3,1
24420,"unintegrated parton",2,1
24421,"leptonic mixing angle",3,1
24422,"bottom quark mass",3,1
24423,"slepton pair",2,1
24424,"entanglement swapping quantum information",4,1
24425,"spin lifetime",2,1
24426,"finite dimensional hilbert",3,1
24427,"ii strings",2,1
24428,"heat engines",2,1
24429,"electrically charged black hole",4,1
24430,"globally hyperbolic spaces",3,1
24431,"asymptotically ads black hole",4,1
24432,"harmonic map ansatz",3,1
24433,"four dimensional minkowski",3,1
24434,"big crunch",2,1
24435,"deformed harmonic",2,1
24436,"m5 branes",2,1
24437,"size scaling limit",3,1
24438,"loop quantum electrodynamics",3,1
24439,"d0 brane",2,1
24440,"zero baryon chemical potential",4,1
24441,"electromagnetically induced",2,1
24442,"hall liquid",2,1
24443,"rank distribution function",3,1
24444,"zero net",2,1
24445,"local density functionals",3,1
24446,"centrality bins",2,1
24447,"expectation value problem",3,1
24448,"magneto hydrodynamic",2,1
24449,"non gaussianities",2,1
24450,"check codes",2,1
24451,"cloud lmc",2,1
24452,"baseline length",2,1
24453,"type ii supernovae sne",4,1
24454,"large scale invariance",3,1
24455,"fast rotating black hole",4,1
24456,"parametric space time",3,1
24457,"iron kalpha",2,1
24458,"burst alert",2,1
24459,"neutrino mass difference",3,1
24460,"outgoing radiation",2,1
24461,"uchii regions",2,1
24462,"second chapter",2,1
24463,"baryonic states",2,1
24464,"non experts",2,1
24465,"rotation powered",2,1
24466,"submillimeter wave emission lines",4,1
24467,"powerful extragalactic radio",3,1
24468,"aromatic hydrocarbons",2,1
24469,"water maser emission",3,1
24470,"balmer series",2,1
24471,"cross correlate",2,1
24472,"globular cluster mergers",3,1
24473,"recycled pulsars",2,1
24474,"fisher matrix",2,1
24475,"primordial fermions",2,1
24476,"source 3c",2,1
24477,"hard core level",3,1
24478,"qcd vacuum energy density",4,1
24479,"archival fuse",2,1
24480,"vi absorption systems",3,1
24481,"massive particles wimps",3,1
24482,"uves spectrograph",2,1
24483,"energy cosmic rays uhecr",4,1
24484,"binary erasure",2,1
24485,"information tasks",2,1
24486,"rigorous lower",2,1
24487,"combinatorial interpretations",2,1
24488,"fourier transform fft",3,1
24489,"projective toric",2,1
24490,"additive white",2,1
24491,"stein manifold",2,1
24492,"non additivity",2,1
24493,"virtual knots",2,1
24494,"braided tensor",2,1
24495,"additive hard spheres",3,1
24496,"contact binary",2,1
24497,"weak antilocalization",2,1
24498,"extended peierls hubbard model",4,1
24499,"strongly correlated electron phonon",4,1
24500,"interacting composite",2,1
24501,"angle neutron",2,1
24502,"charge exchange interactions",3,1
24503,"aharonov bohm type",3,1
24504,"omori law",2,1
24505,"scanning electron density",3,1
24506,"totally asymmetric simple model",4,1
24507,"degenerate hubbard model",3,1
24508,"photon assisted",2,1
24509,"zero bias conductance",3,1
24510,"hartree fock bogoliubov theory",4,1
24511,"bec crossover",2,1
24512,"lifshitz equation",2,1
24513,"exactly solvable lie algebra",4,1
24514,"laser deposition",2,1
24515,"packed loop",2,1
24516,"low temperature tc cuprates",4,1
24517,"augmented space",2,1
24518,"stokes parameter",2,1
24519,"orbital degenerate ground state",4,1
24520,"kinetic ising spin",3,1
24521,"isotropic nematic order parameter",4,1
24522,"adaptive mesh",2,1
24523,"superfluid velocity",2,1
24524,"tilted magnetic",2,1
24525,"tunnel magnetoresistance",2,1
24526,"band absolute",2,1
24527,"two dimensional schwarzschild",3,1
24528,"acoustic metric",2,1
24529,"short time domain",3,1
24530,"ricci flat space",3,1
24531,"massless minimally coupled",3,1
24532,"liouville field",2,1
24533,"eccentric binary",2,1
24534,"globally hyperbolic spacetime",3,1
24535,"map lattices",2,1
24536,"weakly damped",2,1
24537,"chosen plaintext",2,1
24538,"secret key distribution",3,1
24539,"ultracold neutral",2,1
24540,"quasi circular",2,1
24541,"evanescent fields",2,1
24542,"programmable gate",2,1
24543,"neutrino factory",2,1
24544,"after wmap",2,1
24545,"off simeq",2,1
24546,"cp violating couplings",3,1
24547,"energy momentum distribution functions",4,1
24548,"colour glass",2,1
24549,"false discovery",2,1
24550,"particle lsp",2,1
24551,"radiative pion",2,1
24552,"muon pair",2,1
24553,"quark flavours",2,1
24554,"mass distribution amplitudes",3,1
24555,"stringent constraint",2,1
24556,"color superconductor",2,1
24557,"angle sin2",2,1
24558,"kaon condensation",2,1
24559,"gcfl phase transition",3,1
24560,"decay kl",2,1
24561,"z2 orientifold",2,1
24562,"neutral black hole",3,1
24563,"near extremal limit",3,1
24564,"symmetric ansatz",2,1
24565,"irreducible highest",2,1
24566,"dicke theory",2,1
24567,"twistor string theory",3,1
24568,"virtuality q2 gev",3,1
24569,"asymmetry acp",2,1
24570,"quark mass window",3,1
24571,"infrared abelian higgs",3,1
24572,"two higgs boson",3,1
24573,"color coulomb",2,1
24574,"yang mills sym theory",4,1
24575,"chiral constituent",2,1
24576,"intermediate pt",2,1
24577,"internal reflection",2,1
24578,"energy density functionals",3,1
24579,"blue detuned",2,1
24580,"trap mot",2,1
24581,"atmosphere ocean",2,1
24582,"dirac fock",2,1
24583,"crystal samples",2,1
24584,"indifferent fixed",2,1
24585,"optical parametric resonance",3,1
24586,"energy reservoir",2,1
24587,"valued measures",2,1
24588,"parametric down",2,1
24589,"electro magnetic",2,1
24590,"spin filtering",2,1
24591,"field udf",2,1
24592,"nebulae ii",2,1
24593,"ray burst grb",3,1
24594,"walker frw",2,1
24595,"alpha fe xxv",3,1
24596,"lick ids",2,1
24597,"scaled solar",2,1
24598,"inflaton mass",2,1
24599,"dla absorption",2,1
24600,"iron line seyfert",3,1
24601,"high energy distribution function",4,1
24602,"vela pulsar psr",3,1
24603,"nuclear magnetic properties",3,1
24604,"lyman alpha emitter",3,1
24605,"oxygen white",2,1
24606,"accreting compact",2,1
24607,"mass assembly",2,1
24608,"large eddy",2,1
24609,"dimensional hilbert kunz multiplicity",4,1
24610,"magic numbers",2,1
24611,"compact symplectic reduction",3,1
24612,"dimensional riemannian manifolds",3,1
24613,"gravitomagnetic field",2,1
24614,"planckian physics",2,1
24615,"lens equation",2,1
24616,"static spherically symmetric functions",4,1
24617,"symmetric hyperbolicity",2,1
24618,"spherically symmetric spacetimes",3,1
24619,"proper time evolution",3,1
24620,"asymmetric energy density",3,1
24621,"loud active",2,1
24622,"ne ix",2,1
24623,"excess heat",2,1
24624,"cool cores",2,1
24625,"air cherenkov",2,1
24626,"steep density",2,1
24627,"canadian galactic",2,1
24628,"powered millisecond",2,1
24629,"near ir spectroscopy",3,1
24630,"central starburst",2,1
24631,"free emission line",3,1
24632,"feii emission line",3,1
24633,"photodissociation region",2,1
24634,"space time elapsed",3,1
24635,"quasar absorption fine structure",4,1
24636,"geometrically thick",2,1
24637,"sn 2002ap",2,1
24638,"nir spectroscopy",2,1
24639,"matrix element vcb",3,1
24640,"nu tau lepton flavor",4,1
24641,"body hadronic",2,1
24642,"omega meson pairs",3,1
24643,"fractions br b0",3,1
24644,"spinor bose",2,1
24645,"ca 2-x sr",3,1
24646,"channel anderson",2,1
24647,"ii superconductor",2,1
24648,"single node degree",3,1
24649,"strong disorder induced",3,1
24650,"simple hartree",2,1
24651,"quantum critical point qcp",4,1
24652,"quantum critical point correlation",4,1
24653,"drag resistivity",2,1
24654,"size scaling law behavior",4,1
24655,"phase transition probability distribution",4,1
24656,"majority spin polarization",3,1
24657,"majority spin",2,1
24658,"modulation doped gaas algaas",4,1
24659,"band gap solitons",3,1
24660,"oscillating electric field",3,1
24661,"resistance oscillations",2,1
24662,"dimensional organic molecules",3,1
24663,"resonating valence",2,1
24664,"mode locking",2,1
24665,"fixed point correlation",3,1
24666,"leggett model",2,1
24667,"dilute bose einstein",3,1
24668,"lightly doped la 2-x",4,1
24669,"gapped phase",2,1
24670,"saddle point correlation",3,1
24671,"multi dimensional electron",3,1
24672,"metal insulator mi",3,1
24673,"fermi energy momentum",3,1
24674,"assisted technicolor",2,1
24675,"quark gluon field",3,1
24676,"pt region",2,1
24677,"lattice gauge coupling",3,1
24678,"ds pi0",2,1
24679,"seesaw formula",2,1
24680,"leptonic weak mixing angle",4,1
24681,"linear regge",2,1
24682,"massive quarks",2,1
24683,"heavy flavor su",3,1
24684,"color flavor symmetry",3,1
24685,"shower monte",2,1
24686,"2sc phase",2,1
24687,"helicity gluons",2,1
24688,"charged current deep inelastic scattering",5,1
24689,"mass insertion",2,1
24690,"shape invariant mass function",4,1
24691,"dark matter annihilation through",4,1
24692,"space time windows",3,1
24693,"lensing measurements",2,1
24694,"tritium beta",2,1
24695,"averaged poynting",2,1
24696,"production cross",2,1
24697,"commutativity parameter",2,1
24698,"higgs quartic",2,1
24699,"integro differential",2,1
24700,"transverse electric fields",3,1
24701,"evaporating black",2,1
24702,"iib superstring",2,1
24703,"time noncommutativity",2,1
24704,"hall droplets",2,1
24705,"primary charged",2,1
24706,"lorentz invariant mass",3,1
24707,"doubly special",2,1
24708,"largest lyapunov",2,1
24709,"lyapunov spectrum",2,1
24710,"coupled logistic",2,1
24711,"evolutionarily stable",2,1
24712,"dicke parameter",2,1
24713,"potts models",2,1
24714,"em ab",2,1
24715,"modified rayleigh conjecture mrc",4,1
24716,"charged rotating black holes",4,1
24717,"halo mass distribution function",4,1
24718,"energy uhe",2,1
24719,"integrated sachs",2,1
24720,"thermal sz",2,1
24721,"stellar ejecta",2,1
24722,"wall fermions",2,1
24723,"interplanetary dust",2,1
24724,"near infrared imaging survey",4,1
24725,"haute provence",2,1
24726,"alpha absorbers",2,1
24727,"colour disc",2,1
24728,"black hole asymmetry",3,1
24729,"normal distribution function",3,1
24730,"frequency coverage",2,1
24731,"extragalactic radio source",3,1
24732,"jet precession",2,1
24733,"ic scattering",2,1
24734,"rays uhecrs",2,1
24735,"kilometer array",2,1
24736,"spectral type ia supernovae",4,1
24737,"counter jet",2,1
24738,"supernova sn ia supernovae",4,1
24739,"median age",2,1
24740,"general relativistic outflows",3,1
24741,"stellar mass accretion",3,1
24742,"own galaxy",2,1
24743,"square kilometre",2,1
24744,"oemler effect",2,1
24745,"low luminosity ratios",3,1
24746,"inner lindblad",2,1
24747,"matter halo",2,1
24748,"barred spiral",2,1
24749,"large area iso",3,1
24750,"enough angular",2,1
24751,"microturbulent velocity",2,1
24752,"galaxy formation rates sfrs",4,1
24753,"sided jets",2,1
24754,"star ns",2,1
24755,"magellanic stream",2,1
24756,"globular cluster core radius",4,1
24757,"global star forming",3,1
24758,"decaying higgs",2,1
24759,"truly diffuse",2,1
24760,"balmer absorption",2,1
24761,"turnoff stars",2,1
24762,"interferometry vlbi",2,1
24763,"unobscured agn",2,1
24764,"cluster centric",2,1
24765,"morphological type ii",3,1
24766,"cosmic microwave induced",3,1
24767,"hypergeometric equation",2,1
24768,"noncommutative harmonic",2,1
24769,"frequency omega pi",3,1
24770,"continuous wavelet",2,1
24771,"smash products",2,1
24772,"symplectic 4-manifold",2,1
24773,"quantum mechanical treatment",3,1
24774,"isotropic heisenberg models",3,1
24775,"rayleigh conjecture",2,1
24776,"dual ginzburg",2,1
24777,"valuation rings",2,1
24778,"tan theta",2,1
24779,"cone sum",2,1
24780,"ray photoemission",2,1
24781,"electric field strengths",3,1
24782,"law index",2,1
24783,"polarized currents",2,1
24784,"ac magnetic susceptibility",3,1
24785,"arbitrary filling",2,1
24786,"mean pt",2,1
24787,"2d electron cyclotron",3,1
24788,"rho0 omega",2,1
24789,"singlet pairing interaction",3,1
24790,"non adiabatic approximation",3,1
24791,"ab plane wave",3,1
24792,"step bunching",2,1
24793,"intrinsic spin hall regime",4,1
24794,"diagonalization ed",2,1
24795,"stock prices",2,1
24796,"negative differential equation",3,1
24797,"band edges",2,1
24798,"dendritic flux penetration",3,1
24799,"percolation transition temperature",3,1
24800,"many body wavefunction",3,1
24801,"wiedemann franz",2,1
24802,"quantum hall resistivity",3,1
24803,"universal scaling law behavior",4,1
24804,"infrared abelian",2,1
24805,"inelastic scattering amplitudes",3,1
24806,"specific heat capacity",3,1
24807,"mean square lattice points",4,1
24808,"particle hole asymmetry",3,1
24809,"incommensurate magnetic resonance",3,1
24810,"electron doped mott",3,1
24811,"low energy density matrix",4,1
24812,"tavis cummings",2,1
24813,"momentum projection",2,1
24814,"electron doped gaas algaas",4,1
24815,"bar strengths",2,1
24816,"rouet stora",2,1
24817,"casimir interaction",2,1
24818,"emission weighted",2,1
24819,"relic neutrino mass energies",4,1
24820,"during preheating",2,1
24821,"element vcb",2,1
24822,"lightest right handed",3,1
24823,"cancellation conditions",2,1
24824,"production cross over",3,1
24825,"inelastic scattering dis",3,1
24826,"loop splitting",2,1
24827,"lepton flavor symmetry breaking",4,1
24828,"neutrino yukawa",2,1
24829,"heavy quark gluon distribution",4,1
24830,"quinn symmetry",2,1
24831,"abelian gauge symmetry breaking",4,1
24832,"neumann algebra",2,1
24833,"nonabelian higgs",2,1
24834,"fractional quantum mechanics",3,1
24835,"censorship conjecture",2,1
24836,"gordon equations",2,1
24837,"gravity lqg",2,1
24838,"wilsonian renormalization group",3,1
24839,"zamolodchikov equations",2,1
24840,"extra dimensional reduction",3,1
24841,"surface tensions",2,1
24842,"teller effect",2,1
24843,"uv divergences",2,1
24844,"many body force",3,1
24845,"symmetric nuclear matter",3,1
24846,"time projection technique",3,1
24847,"space time scale invariant",4,1
24848,"surface fs",2,1
24849,"positron beams",2,1
24850,"canonical commutation relation",3,1
24851,"convex body",2,1
24852,"nondemolition measurement",2,1
24853,"resolution transmission",2,1
24854,"parametric amplifier",2,1
24855,"five qubit",2,1
24856,"scalable quantum",2,1
24857,"qkd protocol",2,1
24858,"nmr quantum computer",3,1
24859,"parametric down converted photons",4,1
24860,"external magnetic properties",3,1
24861,"transform fft",2,1
24862,"multipartite systems",2,1
24863,"multi partite quantum information",4,1
24864,"partially entangled",2,1
24865,"space time reversal",3,1
24866,"prior probability distribution",3,1
24867,"bohm potential",2,1
24868,"multipartite entangled",2,1
24869,"mass ordering",2,1
24870,"double hump",2,1
24871,"mature enough",2,1
24872,"traffic flows",2,1
24873,"large collecting",2,1
24874,"gp equation",2,1
24875,"nucleation rate",2,1
24876,"many body hamiltonians",3,1
24877,"order runge",2,1
24878,"penrose formalism",2,1
24879,"phase approximation rpa",3,1
24880,"comodule algebra",2,1
24881,"dragging effect",2,1
24882,"post newtonian 3pn",3,1
24883,"bekenstein hawking entropy formula",4,1
24884,"background radiation field theory",4,1
24885,"quark core",2,1
24886,"lowest positive",2,1
24887,"prime candidate",2,1
24888,"beat frequency",2,1
24889,"plateau de sitter",3,1
24890,"rapidly rotating neutron star",4,1
24891,"asymptotically flat initial data",4,1
24892,"ppn parameter",2,1
24893,"flat initial data sets",4,1
24894,"type ii asymmetric",3,1
24895,"non stationarity",2,1
24896,"non extremal black hole",4,1
24897,"gravitational wave bursts",3,1
24898,"maximally helicity",2,1
24899,"heavily reddened",2,1
24900,"warm inflation",2,1
24901,"rgs spectra",2,1
24902,"gamma ray pulsar",3,1
24903,"loud agns",2,1
24904,"accretion stream",2,1
24905,"angular resolutions",2,1
24906,"condensed gas",2,1
24907,"dark matter halo occupation",4,1
24908,"astrophysical black",2,1
24909,"cdte pixel",2,1
24910,"pah emission",2,1
24911,"survey hipass",2,1
24912,"primordial magnetic",2,1
24913,"hot interstellar medium",3,1
24914,"radio loudness",2,1
24915,"near ir fluxes",3,1
24916,"hole mass accretion",3,1
24917,"type supergiants",2,1
24918,"structure formation histories",3,1
24919,"cool white",2,1
24920,"moderate resolution",2,1
24921,"cluster size distribution function",4,1
24922,"spectral indexes",2,1
24923,"cosmic doomsday",2,1
24924,"spectral energy density",3,1
24925,"shear rates",2,1
24926,"highly unlikely",2,1
24927,"globular cluster center",3,1
24928,"astronomical observatories",2,1
24929,"total stellar objects",3,1
24930,"kinetic sunyaev zeldovich",3,1
24931,"energy cosmic ray emission",4,1
24932,"hot post agb",3,1
24933,"8-m telescope",2,1
24934,"berkeley illinois",2,1
24935,"ray bursts grbs",3,1
24936,"bondi accretion",2,1
24937,"accretion induced",2,1
24938,"optics survey",2,1
24939,"pop iii",2,1
24940,"scale heights",2,1
24941,"cavity containing",2,1
24942,"heliocentric radial",2,1
24943,"emission line driven",3,1
24944,"mock galaxy",2,1
24945,"atmospheric cherenkov",2,1
24946,"astrometric precision",2,1
24947,"atmosphere calculations",2,1
24948,"brownian paths",2,1
24949,"word hyperbolic groups",3,1
24950,"totally skew",2,1
24951,"likelihood estimator",2,1
24952,"fisher relation",2,1
24953,"error term",2,1
24954,"poisson sigma",2,1
24955,"isaac newton",2,1
24956,"noncommutative versions",2,1
24957,"hopf algebroids",2,1
24958,"beta decay modes",3,1
24959,"neutrino factories",2,1
24960,"cern lhc energies",3,1
24961,"double charm",2,1
24962,"pair production cross",3,1
24963,"muon neutrino signal",3,1
24964,"triangle angle phi3",3,1
24965,"branching fraction expansion",3,1
24966,"ion collider",2,1
24967,"polarized protons",2,1
24968,"hidden charm",2,1
24969,"five quark mass",3,1
24970,"nuclear spin polarized",3,1
24971,"scattering dis",2,1
24972,"nilpotent lie",2,1
24973,"non unital",2,1
24974,"reductive lie algebra",3,1
24975,"energy ef",2,1
24976,"asymptotically de",2,1
24977,"chandra modules",2,1
24978,"constraint logic",2,1
24979,"spanning forest",2,1
24980,"gr obner basis",3,1
24981,"right angled artin",3,1
24982,"pimsner algebras",2,1
24983,"smooth projective plane",3,1
24984,"plateau de",2,1
24985,"non compact lie groups",4,1
24986,"hankel determinants",2,1
24987,"quasisymmetric functions",2,1
24988,"non local ring",3,1
24989,"lie group sp",3,1
24990,"two dimensional tori",3,1
24991,"complex cobordism",2,1
24992,"schubert classes",2,1
24993,"neumann algebras",2,1
24994,"pimsner algebra",2,1
24995,"hadronic matrix",2,1
24996,"lattice gauge group",3,1
24997,"ideal gas phase",3,1
24998,"cloud complexes",2,1
24999,"terrestrial atmosphere",2,1
25000,"wavelength dependent",2,1
25001,"obscured star",2,1
25002,"moving groups",2,1
25003,"imaging photometer",2,1
25004,"explorer galex",2,1
25005,"function psf",2,1
25006,"iron line width",3,1
25007,"synthetic spectral energy",3,1
25008,"hi deficiency",2,1
25009,"uv colors",2,1
25010,"tev gamma ray",3,1
25011,"symmetric accretion",2,1
25012,"infrared background radiation",3,1
25013,"redshift survey covers",3,1
25014,"jeans mass",2,1
25015,"body sph",2,1
25016,"polarized emission lines",3,1
25017,"type supergiant",2,1
25018,"alpha centauri",2,1
25019,"cloud cores",2,1
25020,"post starburst",2,1
25021,"diagnostic diagrams",2,1
25022,"elliptical galaxy formation process",4,1
25023,"multiband imaging",2,1
25024,"schwarzschild radii",2,1
25025,"dimensional magnetohydrodynamic",2,1
25026,"primordial star",2,1
25027,"pseudo newtonian",2,1
25028,"energy cosmic microwave",3,1
25029,"orbital eccentricities",2,1
25030,"body codes",2,1
25031,"dish telescopes",2,1
25032,"dust continuum emission lines",4,1
25033,"eddington rate",2,1
25034,"electron density waves",3,1
25035,"background radiation emitted",3,1
25036,"mass protostars",2,1
25037,"millimeter wavelengths",2,1
25038,"modified newtonian dynamics",3,1
25039,"pulsation spectrum",2,1
25040,"dwarf ellipticals",2,1
25041,"receding torus",2,1
25042,"blue variables",2,1
25043,"precision timing",2,1
25044,"advection diffusion",2,1
25045,"hst archive",2,1
25046,"dwarf spheroidals",2,1
25047,"radio telescope gmrt",3,1
25048,"dark matter cdm cosmology",4,1
25049,"co absorption feature",3,1
25050,"habitable zones",2,1
25051,"ms chandra observation",3,1
25052,"atomic hydrogen hi column",4,1
25053,"density fluctuation spectrum",3,1
25054,"magnetosonic waves",2,1
25055,"active galactic disk galaxies",4,1
25056,"kalpha line",2,1
25057,"pattern speeds",2,1
25058,"radio halos",2,1
25059,"age metallicity distribution",3,1
25060,"shocked gas",2,1
25061,"european vlbi",2,1
25062,"extragalactic radio continuum",3,1
25063,"young neutron stars",3,1
25064,"zel dovich",2,1
25065,"density omegab",2,1
25066,"newtonian dynamics mond",3,1
25067,"wimp mass",2,1
25068,"distribution hod",2,1
25069,"neutral current density",3,1
25070,"brown dwarf companions around",4,1
25071,"extragalactic jets",2,1
25072,"bank telescope",2,1
25073,"stars tend",2,1
25074,"masses m1",2,1
25075,"antiquark pair production",3,1
25076,"decay b0 phi",3,1
25077,"quartic self",2,1
25078,"light cone sum rule",4,1
25079,"low lying baryon",3,1
25080,"invisible higgs boson",3,1
25081,"impact parameters m1",3,1
25082,"uhe cosmic",2,1
25083,"few nucleon interactions",3,1
25084,"mini black",2,1
25085,"chargino pair",2,1
25086,"quark clusters",2,1
25087,"dressed quark gluon",3,1
25088,"higgs boson pairs",3,1
25089,"higher q2",2,1
25090,"beta decay b0",3,1
25091,"minimal supersymmetric grand unified",4,1
25092,"effective majorana",2,1
25093,"ckm unitarity violation",3,1
25094,"four quark gluon",3,1
25095,"unification scale structure",3,1
25096,"drell yan cross section",4,1
25097,"qcd vacuum decay",3,1
25098,"hundred gev",2,1
25099,"hadronic interactions fsi",3,1
25100,"order nnlo",2,1
25101,"non mesonic",2,1
25102,"neutrino mass eigenstate",3,1
25103,"three flavor nambu jona",4,1
25104,"neutrinoless double",2,1
25105,"sub components",2,1
25106,"mixing induced cp phase",4,1
25107,"distributions gpds",2,1
25108,"becchi rouet",2,1
25109,"energy density parity",3,1
25110,"pq symmetry",2,1
25111,"deconfined quark",2,1
25112,"gauge links",2,1
25113,"ma gauge",2,1
25114,"nuclear antishadowing",2,1
25115,"beta decay rate",3,1
25116,"dihadron fragmentation",2,1
25117,"quarkonium production",2,1
25118,"mixing angle sin2 thetaw",4,1
25119,"dis off",2,1
25120,"diffractive higgs",2,1
25121,"muon pair production",3,1
25122,"unpolarized cross sections",3,1
25123,"inelastic scattering sidis",3,1
25124,"boson exchanges",2,1
25125,"current cc",2,1
25126,"color flavor symmetry breaking",4,1
25127,"bimaximal neutrino mass",3,1
25128,"dinger nls",2,1
25129,"moderate reynolds",2,1
25130,"slip boundary",2,1
25131,"stripe patterns",2,1
25132,"order parameter alpha particle",4,1
25133,"stokes equation",2,1
25134,"mode coupling strength",3,1
25135,"isotropic heisenberg chain",3,1
25136,"sutherland models",2,1
25137,"subsequent evolution equations",3,1
25138,"dimensional reductions",2,1
25139,"gordon model",2,1
25140,"bogoliubov de",2,1
25141,"maximum likelihood function",3,1
25142,"neutron electric dipole",3,1
25143,"multi strange",2,1
25144,"flow v2",2,1
25145,"phase transition mit bag",4,1
25146,"hartree fock space",3,1
25147,"existing theoretical models",3,1
25148,"fixed baryon",2,1
25149,"three nucleon forces",3,1
25150,"fermion final",2,1
25151,"particle hydrodynamics",2,1
25152,"reduced density functional theory",4,1
25153,"intrinsic spin currents",3,1
25154,"moriya interaction",2,1
25155,"epitaxial thin",2,1
25156,"temperature anisotropies",2,1
25157,"universal scaling relation",3,1
25158,"phonon bath",2,1
25159,"epitaxy mbe",2,1
25160,"isotropic nematic liquid crystal",4,1
25161,"conductance histogram",2,1
25162,"neighbor interactions",2,1
25163,"functional theory tddft",3,1
25164,"multi quasiparticle",2,1
25165,"bose einstein condensed matter",4,1
25166,"tc decreases linearly",3,1
25167,"molecule conversion",2,1
25168,"spinon excitations",2,1
25169,"magnetic irreversibility",2,1
25170,"field sweep",2,1
25171,"crossed andreev",2,1
25172,"theory tddft",2,1
25173,"bond ordered phase transition",4,1
25174,"monte carlo qmc simulations",4,1
25175,"random walkers",2,1
25176,"sectional area",2,1
25177,"paramagnetic metal insulator",3,1
25178,"ray absorption line width",4,1
25179,"debye temperature",2,1
25180,"hole doping levels",3,1
25181,"anomalous scaling analysis",3,1
25182,"onto grains",2,1
25183,"negatively charged excitons",3,1
25184,"mesoscopic josephson",2,1
25185,"staggered magnetic",2,1
25186,"quantum critical currents",3,1
25187,"unrestricted hartree",2,1
25188,"glassy phase",2,1
25189,"x2-y2 wave",2,1
25190,"half plane wave",3,1
25191,"nearest neighbor interaction strength",4,1
25192,"electron microscope",2,1
25193,"dielectric relaxation",2,1
25194,"ising spin stiffness",3,1
25195,"carbon nanotube swcnt",3,1
25196,"terminal quantum",2,1
25197,"room temperature decreases",3,1
25198,"linear optical theorem",3,1
25199,"wall carbon nanotube",3,1
25200,"temperature scanning",2,1
25201,"core bosons",2,1
25202,"high mobility 2d electron",4,1
25203,"wave fronts",2,1
25204,"isotropic nematic order",3,1
25205,"electron phonon assisted",3,1
25206,"parallel tempering monte carlo",4,1
25207,"binding energy gap",3,1
25208,"forming liquid",2,1
25209,"martensitic transition",2,1
25210,"wall carbon nanotubes",3,1
25211,"ising spin flip",3,1
25212,"wave vector currents",3,1
25213,"dresselhaus spin split",3,1
25214,"bethe lattices",2,1
25215,"ising spin down",3,1
25216,"proc natl acad sci",4,1
25217,"frustrated pyrochlore",2,1
25218,"traffic jams",2,1
25219,"transverse electric charge",3,1
25220,"dow jones",2,1
25221,"energy momentum complexes",3,1
25222,"inas quantum",2,1
25223,"mass fragments",2,1
25224,"integrable su yang mills",4,1
25225,"gauge theoretic",2,1
25226,"manifestly lorentz",2,1
25227,"bonnet brane",2,1
25228,"yau manifold",2,1
25229,"power series expansion",3,1
25230,"classical nucleation rate",3,1
25231,"gluon helicity amplitudes",3,1
25232,"critical endpoint",2,1
25233,"sitter spacetime",2,1
25234,"inflation occurs",2,1
25235,"reissner nordstrom black holes",4,1
25236,"mass hierarchies",2,1
25237,"abelian chern simons term",4,1
25238,"toda model",2,1
25239,"quantum hall bar",3,1
25240,"hubbard stratonovich",2,1
25241,"coset spaces",2,1
25242,"abelian chern",2,1
25243,"simons proca",2,1
25244,"space time scale factor",4,1
25245,"half bps",2,1
25246,"hole mass loss",3,1
25247,"ii superstring",2,1
25248,"supersymmetric black",2,1
25249,"ir fixed",2,1
25250,"maximally supersymmetric yang mills",4,1
25251,"supersymmetric black ring solutions",4,1
25252,"non local calabi yau",4,1
25253,"d2 branes",2,1
25254,"ads cft description",3,1
25255,"manifestly gauge",2,1
25256,"brane antibrane",2,1
25257,"traversable wormholes",2,1
25258,"super poincare",2,1
25259,"space time varying",3,1
25260,"fibered calabi",2,1
25261,"extremal value",2,1
25262,"tensor multiplets",2,1
25263,"self adjoint scalar",3,1
25264,"virasoro symmetry",2,1
25265,"ultraviolet spectral energy",3,1
25266,"nambu goldstone modes",3,1
25267,"asymptotic bethe",2,1
25268,"degenerate fermi gases",3,1
25269,"nanowire transistors",2,1
25270,"josephson tunnel",2,1
25271,"pronounced non",2,1
25272,"finite temperature tc",3,1
25273,"electron phonon interaction strength",4,1
25274,"quantized hall",2,1
25275,"landau level filling fraction",4,1
25276,"semiconducting nanotubes",2,1
25277,"larkin ovchinnikov fflo",3,1
25278,"resonance epr",2,1
25279,"signals emitted",2,1
25280,"quantum hall ferromagnet",3,1
25281,"steady shear rate",3,1
25282,"sutherland model",2,1
25283,"absorbing boundary conditions",3,1
25284,"periodic anderson",2,1
25285,"boron doped",2,1
25286,"layered organic",2,1
25287,"spin-1 heisenberg model",3,1
25288,"resolved photoemission data",3,1
25289,"basic thermodynamic quantities",3,1
25290,"orthorhombic distortion",2,1
25291,"helmholtz free",2,1
25292,"orbitally degenerate",2,1
25293,"bjorken sum",2,1
25294,"sub millimetre",2,1
25295,"radial electric",2,1
25296,"external electromagnetic waves",3,1
25297,"time lags",2,1
25298,"ion acoustic",2,1
25299,"pulsed emission",2,1
25300,"ii storage",2,1
25301,"fast fourier",2,1
25302,"magneto optical dipole",3,1
25303,"constitutive law",2,1
25304,"absolute neutrino",2,1
25305,"frequency standards",2,1
25306,"mhd instabilities",2,1
25307,"collection efficiency",2,1
25308,"effective phantom",2,1
25309,"bohm interferometer",2,1
25310,"time windows",2,1
25311,"einstein born",2,1
25312,"argon tpc",2,1
25313,"ray photoemission spectroscopy",3,1
25314,"gene regulatory",2,1
