rank,term,n_tokens,freq
1,"standard model",2,524
2,"two dimensional",2,444
3,"low energy",2,396
4,"field theory",2,330
5,"ground state",2,318
6,"first order",2,263
7,"high energy",2,262
8,"phase space",2,235
9,"two dimensions",2,235
10,"gauge theory",2,222
11,"finite temperature",2,220
12,"quantum field",2,219
13,"experimental data",2,214
14,"leading order",2,212
15,"second order",2,209
16,"magnetic field",2,205
17,"perturbation theory",2,201
18,"three dimensional",2,194
19,"numerical simulations",2,192
20,"cross section",2,189
21,"phase transition",2,186
22,"effective potential",2,184
23,"quantum mechanics",2,183
24,"low mass",2,181
25,"cross sections",2,181
26,"space time",2,178
27,"large number",2,173
28,"higher order",2,173
29,"quantum field theory",3,172
30,"three dimensions",2,162
31,"non linear",2,161
32,"string theory",2,156
33,"effective action",2,155
34,"structure function",2,146
35,"non zero",2,146
36,"order parameter",2,142
37,"lattice qcd",2,140
38,"bound states",2,139
39,"new physics",2,138
40,"boundary conditions",2,137
41,"non perturbative",2,136
42,"heavy quark",2,135
43,"power law",2,133
44,"model independent",2,130
45,"gauge fields",2,128
46,"power spectrum",2,128
47,"time evolution",2,126
48,"large scale",2,125
49,"critical point",2,123
50,"matrix elements",2,123
51,"new class",2,120
52,"structure functions",2,120
53,"sigma model",2,119
54,"weak coupling",2,118
55,"energy spectrum",2,118
56,"four dimensional",2,117
57,"general relativity",2,115
58,"phase transitions",2,115
59,"high temperature",2,115
60,"small scale",2,113
61,"self consistent",2,113
62,"two point",2,112
63,"mean field",2,111
64,"quantum gravity",2,110
65,"black hole",2,110
66,"time dependent",2,108
67,"scalar fields",2,108
68,"zero temperature",2,108
69,"moduli space",2,108
70,"renormalization group",2,107
71,"critical behavior",2,107
72,"quantum group",2,106
73,"exact solution",2,105
74,"parameter space",2,103
75,"special case",2,103
76,"free energy",2,103
77,"wave functions",2,102
78,"initial state",2,101
79,"correlation functions",2,101
80,"exact solutions",2,100
81,"cosmological models",2,100
82,"long range",2,100
83,"wave function",2,99
84,"tree level",2,99
85,"pair production",2,98
86,"distribution function",2,98
87,"correlation function",2,98
88,"strong coupling",2,97
89,"functional theory",2,96
90,"chiral symmetry",2,95
91,"radiative corrections",2,95
92,"dark matter",2,95
93,"early universe",2,94
94,"phys rev",2,93
95,"strong interaction",2,93
96,"infinite dimensional",2,92
97,"yang mills",2,92
98,"coupling constant",2,92
99,"galaxy clusters",2,92
100,"left right",2,91
101,"available data",2,90
102,"local density",2,90
103,"perturbative qcd",2,90
104,"matrix models",2,89
105,"gauge theories",2,89
106,"energy dependence",2,89
107,"invariant under",2,86
108,"two component",2,85
109,"partition function",2,85
110,"monte carlo",2,85
111,"theoretical models",2,84
112,"large class",2,84
113,"dynamical systems",2,84
114,"two types",2,83
115,"form factors",2,83
116,"symmetry breaking",2,83
117,"single particle",2,82
118,"classical limit",2,82
119,"continuum limit",2,82
120,"integrable systems",2,81
121,"quark mass",2,81
122,"cp violation",2,81
123,"non trivial",2,80
124,"finite size",2,80
125,"loop corrections",2,77
126,"form factor",2,77
127,"final state",2,77
128,"energy density",2,76
129,"initial conditions",2,76
130,"monte carlo simulations",3,76
131,"star formation",2,76
132,"chiral limit",2,75
133,"spin dependent",2,74
134,"two loop",2,74
135,"spin chain",2,73
136,"gravitational field",2,73
137,"neutron stars",2,73
138,"mass spectrum",2,73
139,"deep inelastic scattering",3,73
140,"general relativistic",2,72
141,"angular momentum",2,72
142,"high resolution",2,72
143,"cosmological constant",2,72
144,"coupling constants",2,72
145,"theoretical predictions",2,72
146,"qcd corrections",2,72
147,"hilbert space",2,71
148,"non relativistic",2,71
149,"short range",2,71
150,"arbitrary number",2,71
151,"spectral properties",2,71
152,"low temperatures",2,69
153,"non local",2,67
154,"fixed point",2,67
155,"black holes",2,67
156,"chern simons theory",3,66
157,"lie algebras",2,66
158,"lowest order",2,66
159,"minimal models",2,66
160,"quark masses",2,66
161,"two approaches",2,65
162,"time scale",2,65
163,"physical states",2,65
164,"loop order",2,65
165,"data set",2,64
166,"existing data",2,64
167,"density fluctuations",2,64
168,"effective hamiltonian",2,63
169,"ising model",2,63
170,"green function",2,63
171,"field equations",2,63
172,"spontaneously broken",2,63
173,"numerical calculations",2,62
174,"einstein equations",2,62
175,"type ii",2,61
176,"temperature dependence",2,61
177,"specific heat",2,61
178,"effective lagrangian",2,61
179,"mass distribution",2,61
180,"square lattice",2,61
181,"distribution functions",2,60
182,"detailed analysis",2,59
183,"quantum mechanical",2,59
184,"optical properties",2,59
185,"statistical properties",2,59
186,"structure formation",2,59
187,"critical exponents",2,59
188,"hadronic collisions",2,59
189,"nuclear matter",2,59
190,"string theories",2,58
191,"experimental values",2,58
192,"non abelian",2,58
193,"feynman diagrams",2,58
194,"evolution equations",2,57
195,"density matrix",2,56
196,"beta function",2,56
197,"gauge invariance",2,56
198,"random matrix",2,56
199,"monte carlo simulation",3,56
200,"quark gluon",2,56
201,"vector fields",2,55
202,"delta function",2,55
203,"dynamical evolution",2,55
204,"evolution equation",2,54
205,"complete set",2,54
206,"spherically symmetric",2,54
207,"fermion masses",2,54
208,"low temperature",2,54
209,"small values",2,54
210,"shell model",2,54
211,"upper bounds",2,53
212,"algebraic structure",2,53
213,"model predicts",2,53
214,"non compact",2,53
215,"bound state",2,53
216,"statistical mechanics",2,53
217,"finite temperatures",2,53
218,"light quark",2,53
219,"coherent states",2,52
220,"off shell",2,52
221,"target space",2,52
222,"quantum fluctuations",2,52
223,"real space",2,52
224,"field theories",2,52
225,"bethe ansatz",2,52
226,"gauge field",2,52
227,"phase diagram",2,52
228,"disk galaxies",2,52
229,"momentum space",2,51
230,"magnetic fields",2,51
231,"field strength",2,51
232,"new technique",2,51
233,"light quarks",2,51
234,"green functions",2,51
235,"chiral lagrangian",2,51
236,"point like",2,51
237,"self energy",2,51
238,"decay rate",2,51
239,"many particle",2,50
240,"nonlinear dynamics",2,50
241,"probability distribution",2,50
242,"final states",2,50
243,"gamma rays",2,50
244,"path integral",2,50
245,"dynamical properties",2,50
246,"differential equations",2,50
247,"disordered systems",2,50
248,"double well",2,50
249,"steady state",2,50
250,"quantum field theories",3,50
251,"supersymmetry breaking",2,50
252,"loop level",2,50
253,"mean field theory",3,50
254,"matter fields",2,50
255,"higgs boson",2,50
256,"magnetic field theory",3,50
257,"upper limit",2,50
258,"heterotic string",2,49
259,"conformal field theory",3,49
260,"explicit construction",2,48
261,"closed form",2,48
262,"kaluza klein",2,48
263,"seiberg witten",2,48
264,"supersymmetric gauge theory",3,48
265,"gauge invariant",2,48
266,"binary system",2,48
267,"critical temperature",2,48
268,"number density",2,48
269,"decay width",2,48
270,"dirac equation",2,47
271,"scattering amplitudes",2,47
272,"fermi surface",2,47
273,"decay rates",2,47
274,"high energies",2,47
275,"redshift survey",2,47
276,"harmonic oscillator",2,46
277,"self similar",2,46
278,"semi classical",2,46
279,"vacuum structure",2,46
280,"quantum numbers",2,46
281,"ginzburg landau",2,46
282,"scattering processes",2,46
283,"new mechanism",2,46
284,"moduli spaces",2,46
285,"gauge transformations",2,45
286,"upper bound",2,45
287,"dynamical symmetry",2,45
288,"two sets",2,45
289,"energy levels",2,45
290,"particle physics",2,45
291,"self dual",2,45
292,"world sheet",2,45
293,"topological defects",2,45
294,"hubbard model",2,45
295,"total energy",2,45
296,"electron interactions",2,45
297,"molecular dynamics",2,45
298,"explicit formula",2,44
299,"lower bound",2,44
300,"thermodynamic limit",2,44
301,"inflationary universe",2,44
302,"parton model",2,44
303,"chemical potential",2,44
304,"exact diagonalization",2,44
305,"wilson action",2,44
306,"half filling",2,44
307,"body simulations",2,44
308,"faint galaxies",2,44
309,"hadron colliders",2,44
310,"group approach",2,43
311,"physical parameters",2,43
312,"non interacting",2,43
313,"physical properties",2,43
314,"four dimensions",2,43
315,"mass generation",2,43
316,"boson mass",2,43
317,"meson masses",2,43
318,"surface density",2,43
319,"non equilibrium",2,43
320,"long distance",2,43
321,"stellar mass",2,43
322,"luminosity function",2,43
323,"chiral perturbation theory",3,43
324,"new family",2,42
325,"differential equation",2,42
326,"weakly coupled",2,42
327,"integral equations",2,42
328,"total number",2,42
329,"spin correlations",2,42
330,"free parameter",2,42
331,"fixed points",2,42
332,"baryon number",2,42
333,"qcd sum rules",3,42
334,"critical value",2,42
335,"dirac operator",2,42
336,"invariant mass",2,42
337,"lattice gauge theory",3,42
338,"chaotic systems",2,42
339,"vector mesons",2,42
340,"parton distributions",2,42
341,"parameter family",2,41
342,"hall effect",2,41
343,"explicit expressions",2,41
344,"systematic errors",2,41
345,"expectation values",2,41
346,"external fields",2,41
347,"flat space",2,41
348,"schwinger model",2,41
349,"domain walls",2,41
350,"large distance",2,41
351,"branching ratio",2,41
352,"mass formula",2,40
353,"complex plane",2,40
354,"dispersion relation",2,40
355,"transverse momentum",2,40
356,"long time",2,40
357,"classical level",2,40
358,"two classes",2,40
359,"dilaton gravity",2,40
360,"higgs bosons",2,40
361,"ray emission",2,40
362,"lattice gas",2,39
363,"state interactions",2,39
364,"least two",2,39
365,"special attention",2,39
366,"quantum corrections",2,39
367,"global symmetry",2,39
368,"perturbative calculations",2,39
369,"strong magnetic field",3,39
370,"random potential",2,39
371,"scaling behavior",2,39
372,"quenched approximation",2,39
373,"basis set",2,38
374,"general features",2,38
375,"time scales",2,38
376,"virtual photon",2,38
377,"excited states",2,38
378,"perturbative expansion",2,38
379,"vertex operators",2,38
380,"particle production",2,38
381,"high redshift",2,38
382,"ray luminosity",2,38
383,"velocity field",2,38
384,"charged particles",2,37
385,"kinetic energy",2,37
386,"theoretical calculations",2,37
387,"scaling limit",2,37
388,"universality class",2,37
389,"gravitational wave",2,37
390,"topological properties",2,37
391,"spin wave",2,37
392,"metric tensor",2,37
393,"two body",2,37
394,"non universal",2,37
395,"accretion disk",2,37
396,"neutron scattering",2,37
397,"galaxy population",2,37
398,"galaxy formation",2,37
399,"coulomb interaction",2,37
400,"large enough",2,36
401,"physical interpretation",2,36
402,"higher dimensional",2,36
403,"differential operators",2,36
404,"anomalous dimension",2,36
405,"ward identities",2,36
406,"renormalization group approach",3,36
407,"precision measurements",2,36
408,"spiral galaxies",2,36
409,"fermilab tevatron",2,36
410,"schr odinger equation",3,35
411,"lower limit",2,35
412,"imaginary part",2,35
413,"lie group",2,35
414,"negative energy",2,35
415,"second part",2,35
416,"fundamental group",2,35
417,"noncommutative geometry",2,35
418,"antisymmetric tensor",2,35
419,"momentum transfer",2,35
420,"strongly coupled",2,35
421,"higher dimensions",2,35
422,"central charge",2,35
423,"value problem",2,35
424,"non linear sigma model",4,35
425,"matrix element",2,35
426,"yukawa couplings",2,35
427,"low energies",2,35
428,"standard model sm",3,35
429,"proton decay",2,35
430,"first principles",2,35
431,"light ratio",2,35
432,"elliptical galaxies",2,35
433,"ray spectra",2,35
434,"cold dark matter",3,35
435,"integrated luminosity",2,35
436,"meson decays",2,35
437,"pseudoscalar mesons",2,35
438,"potential barrier",2,34
439,"discrete symmetry",2,34
440,"massive particles",2,34
441,"operator formalism",2,34
442,"beta functions",2,34
443,"electronic states",2,34
444,"planck scale",2,34
445,"infinite number",2,34
446,"finite volume",2,34
447,"electric field",2,34
448,"world volume",2,34
449,"non vanishing",2,34
450,"brane solutions",2,34
451,"scattering amplitude",2,34
452,"sum rules",2,34
453,"fine structure",2,34
454,"critical behaviour",2,34
455,"microlensing events",2,34
456,"interstellar medium",2,34
457,"galactic halo",2,34
458,"bar nu",2,34
459,"transport properties",2,34
460,"electronic structure",2,34
461,"near threshold",2,34
462,"tan beta",2,34
463,"nucleon interaction",2,34
464,"sufficient conditions",2,33
465,"electric charge",2,33
466,"phase shifts",2,33
467,"canonical quantization",2,33
468,"gravitational potential",2,33
469,"lie algebra",2,33
470,"dimensional representations",2,33
471,"gaussian distribution",2,33
472,"time dependence",2,33
473,"exactly solvable",2,33
474,"integrable models",2,33
475,"density perturbations",2,33
476,"composite fermions",2,33
477,"total mass",2,33
478,"supersymmetric standard model",3,33
479,"higher energies",2,33
480,"correlation length",2,33
481,"radio source",2,33
482,"emission line",2,33
483,"mass ratio",2,33
484,"neutron star",2,33
485,"hst observations",2,33
486,"inner disk",2,33
487,"neutrino oscillations",2,33
488,"decay modes",2,33
489,"nucleon scattering",2,33
490,"jet production",2,33
491,"minimal supersymmetric standard model",4,33
492,"path integral approach",3,32
493,"momentum distributions",2,32
494,"transport equation",2,32
495,"point particle",2,32
496,"quantum dot",2,32
497,"momentum dependence",2,32
498,"series expansion",2,32
499,"radiation field",2,32
500,"phase boundary",2,32
501,"simply connected",2,32
502,"briefly reviewed",2,32
503,"chiral symmetry breaking",3,32
504,"numerical techniques",2,32
505,"symmetric phase",2,32
506,"theoretical approach",2,32
507,"strong interactions",2,32
508,"low energy spectrum",3,32
509,"parity violation",2,32
510,"operator product expansion",3,32
511,"flux density",2,32
512,"thermal fluctuations",2,32
513,"stellar evolution",2,32
514,"globular cluster",2,32
515,"white dwarfs",2,32
516,"radio galaxies",2,32
517,"production rates",2,32
518,"heavy quarks",2,32
519,"pi rho",2,32
520,"pure states",2,31
521,"tensor product",2,31
522,"high degree",2,31
523,"explicit solutions",2,31
524,"electroweak theory",2,31
525,"spectral functions",2,31
526,"two regimes",2,31
527,"zero modes",2,31
528,"scalar field",2,31
529,"production rate",2,31
530,"sigma models",2,31
531,"string tension",2,31
532,"standard model mssm",3,31
533,"scalar field theory",3,31
534,"spontaneous breaking",2,31
535,"self gravitating",2,31
536,"cosmic strings",2,31
537,"hopf algebra",2,31
538,"interaction term",2,31
539,"normal state",2,31
540,"structure factor",2,31
541,"large scale structure",3,31
542,"early type",2,31
543,"pion exchange",2,31
544,"excitation energies",2,31
545,"total cross sections",3,31
546,"action principle",2,30
547,"schr odinger",2,30
548,"pure gauge",2,30
549,"single mode",2,30
550,"non negative",2,30
551,"higher dimension",2,30
552,"functional form",2,30
553,"sum rule",2,30
554,"phase shift",2,30
555,"quantum groups",2,30
556,"analytical expressions",2,30
557,"hartree approximation",2,30
558,"hadronic interactions",2,30
559,"2d gravity",2,30
560,"light cone",2,30
561,"numerical data",2,30
562,"gravitational collapse",2,30
563,"riemann surface",2,30
564,"associative algebra",2,30
565,"mirror symmetry",2,30
566,"mass ratios",2,30
567,"algebraic geometry",2,30
568,"dynamical symmetry breaking",3,30
569,"periodic potential",2,30
570,"electroweak symmetry",2,30
571,"charge density",2,30
572,"ground states",2,30
573,"near infrared",2,30
574,"spectral index",2,30
575,"gravitational lensing",2,30
576,"angular distribution",2,30
577,"luminous galaxies",2,30
578,"optical absorption",2,30
579,"neutral current",2,30
580,"total cross section",3,30
581,"deep inelastic",2,30
582,"semileptonic decays",2,30
583,"spin glass",2,30
584,"explicit expression",2,29
585,"chaotic behavior",2,29
586,"lagrangian approach",2,29
587,"coupling strength",2,29
588,"complete solution",2,29
589,"free parameters",2,29
590,"hamiltonian formulation",2,29
591,"fock space",2,29
592,"binary systems",2,29
593,"supersymmetric qcd",2,29
594,"momentum tensor",2,29
595,"interacting particles",2,29
596,"vector like",2,29
597,"short distance",2,29
598,"frequency omega",2,29
599,"massless scalar",2,29
600,"euclidean space",2,29
601,"external magnetic field",3,29
602,"quantum cosmology",2,29
603,"scalar curvature",2,29
604,"hot gas",2,29
605,"topological charge",2,29
606,"mass difference",2,29
607,"strong constraints",2,29
608,"anomalous couplings",2,29
609,"minimally coupled",2,29
610,"strongly correlated",2,29
611,"velocity dispersion",2,29
612,"linear response",2,29
613,"wave vector",2,29
614,"upper limits",2,29
615,"random phase",2,29
616,"spatial distribution",2,29
617,"observational data",2,29
618,"high redshifts",2,29
619,"high temperatures",2,29
620,"magnetic moment",2,29
621,"scaling behaviour",2,29
622,"fermi level",2,29
623,"general arguments",2,28
624,"too small",2,28
625,"short time",2,28
626,"lorentz invariant",2,28
627,"strong correlations",2,28
628,"extended objects",2,28
629,"harmonic potential",2,28
630,"eigenvalue problem",2,28
631,"microscopic approach",2,28
632,"interaction strength",2,28
633,"explicit form",2,28
634,"mass shell",2,28
635,"asymptotic behaviour",2,28
636,"fundamental representation",2,28
637,"spontaneous symmetry breaking",3,28
638,"supersymmetric yang mills theory",4,28
639,"electric fields",2,28
640,"boundary condition",2,28
641,"massive neutrinos",2,28
642,"fine tuning",2,28
643,"full set",2,28
644,"new feature",2,28
645,"spin gap",2,28
646,"compact groups",2,28
647,"asymptotic behavior",2,28
648,"high et",2,28
649,"stability analysis",2,28
650,"left right handed",3,28
651,"parameter alpha",2,28
652,"exponent nu",2,28
653,"ray flux",2,28
654,"confidence level",2,28
655,"high frequency",2,28
656,"solar neutrino oscillations",3,28
657,"alpha emission",2,28
658,"observational constraints",2,28
659,"agrees well",2,28
660,"computer simulations",2,28
661,"pp collisions",2,28
662,"domain wall",2,28
663,"color singlet",2,28
664,"localized states",2,28
665,"scattering off",2,27
666,"class constraints",2,27
667,"giving rise",2,27
668,"constant magnetic field",3,27
669,"physical observables",2,27
670,"binding energy",2,27
671,"many body",2,27
672,"tight binding",2,27
673,"simple analytic",2,27
674,"de sitter",2,27
675,"thermodynamic properties",2,27
676,"yang mills theory",3,27
677,"four fermion",2,27
678,"bps states",2,27
679,"calabi yau",2,27
680,"gauge group",2,27
681,"cp violating",2,27
682,"special emphasis",2,27
683,"transfer matrix",2,27
684,"yukawa coupling",2,27
685,"decay constant",2,27
686,"open universe",2,27
687,"rosat observations",2,27
688,"cosmic microwave background",3,27
689,"central region",2,27
690,"branching ratios",2,27
691,"transverse polarization",2,27
692,"pion production",2,27
693,"pion mass",2,27
694,"nuclear collisions",2,27
695,"tau decays",2,27
696,"heavy ion",2,27
697,"rb rc",2,27
698,"radiative decays",2,27
699,"psi production",2,27
700,"interacting electrons",2,27
701,"spin degrees",2,26
702,"analytic solution",2,26
703,"final result",2,26
704,"open systems",2,26
705,"experimental information",2,26
706,"spatial resolution",2,26
707,"real time",2,26
708,"nonlinear regime",2,26
709,"curved spacetime",2,26
710,"angular distributions",2,26
711,"heat kernel",2,26
712,"yang mills theories",3,26
713,"orthogonal polynomials",2,26
714,"nf flavors",2,26
715,"broad range",2,26
716,"integral over",2,26
717,"current algebra",2,26
718,"stress energy",2,26
719,"irreducible representations",2,26
720,"chiral condensate",2,26
721,"transition form",2,26
722,"sum over",2,26
723,"anomaly free",2,26
724,"equal mass",2,26
725,"spin chains",2,26
726,"grand unified",2,26
727,"soliton solutions",2,26
728,"physical conditions",2,26
729,"elastic scattering",2,26
730,"simplest model",2,26
731,"dense matter",2,26
732,"temperature dependent",2,26
733,"nu tau",2,26
734,"spectral function",2,26
735,"experimental observations",2,26
736,"bright galaxies",2,26
737,"galactic bulge",2,26
738,"surface brightness",2,26
739,"galaxy ngc",2,26
740,"rest frame",2,26
741,"numerical methods",2,26
742,"galactic center",2,26
743,"electroweak baryogenesis",2,26
744,"wilson fermions",2,26
745,"transverse energy",2,26
746,"ab initio calculations",3,26
747,"next linear collider",3,26
748,"heavy ion collisions",3,26
749,"mass eigenstates",2,25
750,"scalar product",2,25
751,"equal time",2,25
752,"tunneling through",2,25
753,"mechanical system",2,25
754,"quantum hall effect",3,25
755,"small angle",2,25
756,"constant alpha",2,25
757,"transition amplitudes",2,25
758,"probability distributions",2,25
759,"fermion systems",2,25
760,"hamiltonian formalism",2,25
761,"high precision",2,25
762,"proper time",2,25
763,"vacuum state",2,25
764,"anomalous dimensions",2,25
765,"calabi yau manifolds",3,25
766,"supersymmetric gauge theories",3,25
767,"gauge symmetries",2,25
768,"gauge boson",2,25
769,"back reaction",2,25
770,"zero mode",2,25
771,"two point correlation function",4,25
772,"non singular",2,25
773,"open string",2,25
774,"inverse scattering",2,25
775,"toy model",2,25
776,"stationary solutions",2,25
777,"average value",2,25
778,"particle hole",2,25
779,"energy gap",2,25
780,"rotation curves",2,25
781,"density wave",2,25
782,"scattering rate",2,25
783,"length scales",2,25
784,"two jets",2,25
785,"size scaling",2,25
786,"pb collisions",2,25
787,"inclusive cross section",3,25
788,"fixed target",2,25
789,"two dimensional electron",3,25
790,"current voltage",2,25
791,"quantum electrodynamics",2,24
792,"fourier transform",2,24
793,"asymptotic form",2,24
794,"experimental consequences",2,24
795,"break up",2,24
796,"equivalence principle",2,24
797,"numerical estimates",2,24
798,"limiting case",2,24
799,"asymptotically flat",2,24
800,"numerical simulation",2,24
801,"invariant measure",2,24
802,"euclidean action",2,24
803,"duality transformation",2,24
804,"expectation value",2,24
805,"generating functions",2,24
806,"group analysis",2,24
807,"four point",2,24
808,"higgs mechanism",2,24
809,"supergravity theories",2,24
810,"heisenberg model",2,24
811,"general formula",2,24
812,"nearest neighbor",2,24
813,"bundles over",2,24
814,"supersymmetry algebra",2,24
815,"effective actions",2,24
816,"bar psi",2,24
817,"induced gravity",2,24
818,"configuration space",2,24
819,"low frequency",2,24
820,"integration over",2,24
821,"photometric data",2,24
822,"wide field",2,24
823,"ray band",2,24
824,"angular scales",2,24
825,"mean value",2,24
826,"direct measurement",2,24
827,"hot dark matter",3,24
828,"spectroscopic observations",2,24
829,"charged current",2,24
830,"hartree fock",2,24
831,"large hadron",2,24
832,"gluon density",2,24
833,"low q2",2,24
834,"proton structure",2,24
835,"non singlet",2,24
836,"monte carlo calculation",3,23
837,"mixed states",2,23
838,"power series",2,23
839,"entire range",2,23
840,"transition probability",2,23
841,"mesoscopic systems",2,23
842,"initial values",2,23
843,"quantum field equations",3,23
844,"simple lie algebras",3,23
845,"unitary representations",2,23
846,"charged particle",2,23
847,"commutation relations",2,23
848,"dirichlet branes",2,23
849,"nonlinear sigma model",3,23
850,"conservation laws",2,23
851,"horizon area",2,23
852,"infrared divergences",2,23
853,"conformal invariance",2,23
854,"pi nu",2,23
855,"monte carlo algorithm",3,23
856,"systematic analysis",2,23
857,"light front",2,23
858,"renormalization scheme",2,23
859,"coupling regime",2,23
860,"galactic plane",2,23
861,"main sequence",2,23
862,"molecular hydrogen",2,23
863,"nearby galaxies",2,23
864,"primordial abundances",2,23
865,"scale structure",2,23
866,"gas clouds",2,23
867,"massive stars",2,23
868,"cold gas",2,23
869,"central regions",2,23
870,"fermi gas",2,23
871,"weak scale",2,23
872,"nuclear medium",2,23
873,"size distribution",2,23
874,"neutrino mass",2,23
875,"scaling analysis",2,23
876,"fermi liquid",2,23
877,"second quantization",2,22
878,"simplest case",2,22
879,"poisson structure",2,22
880,"coherent state",2,22
881,"analytical methods",2,22
882,"density matrices",2,22
883,"magnetic charges",2,22
884,"phase coherence",2,22
885,"significant differences",2,22
886,"gauge fixing",2,22
887,"schroedinger equation",2,22
888,"kinetic equations",2,22
889,"maximum value",2,22
890,"spacetime dimensions",2,22
891,"master equation",2,22
892,"average values",2,22
893,"average number",2,22
894,"momentum dependent",2,22
895,"discrete spectrum",2,22
896,"analytical solution",2,22
897,"universal properties",2,22
898,"internal structure",2,22
899,"mode coupling",2,22
900,"string scale",2,22
901,"gauge couplings",2,22
902,"black hole solution",3,22
903,"ward identity",2,22
904,"superconformal algebra",2,22
905,"duality symmetries",2,22
906,"minimal supersymmetric",2,22
907,"wilson loop",2,22
908,"massive fermions",2,22
909,"higher twist",2,22
910,"threshold corrections",2,22
911,"scaling region",2,22
912,"otimes su",2,22
913,"leading order parameter",3,22
914,"periodic boundary conditions",3,22
915,"coordinate space",2,22
916,"cosmological constant lambda",3,22
917,"standard model independent",3,22
918,"density profile",2,22
919,"emission lines",2,22
920,"chemical evolution",2,22
921,"complete sample",2,22
922,"seyfert galaxy ngc",3,22
923,"hubble constant",2,22
924,"gravitational waves",2,22
925,"nuclear reaction",2,22
926,"long wavelength",2,22
927,"resonance region",2,22
928,"self organized criticality",3,22
929,"approx gev",2,22
930,"inclusive cross sections",3,22
931,"linear colliders",2,22
932,"heavy quark mass",3,22
933,"constituent quarks",2,22
934,"mixing angles",2,22
935,"strange quark",2,22
936,"finite nuclei",2,22
937,"stochastic processes",2,21
938,"simple derivation",2,21
939,"direct calculation",2,21
940,"deformation parameter",2,21
941,"necessary condition",2,21
942,"consistent description",2,21
943,"random variables",2,21
944,"integral representation",2,21
945,"exact expressions",2,21
946,"matter physics",2,21
947,"level spacing",2,21
948,"kinetic equation",2,21
949,"heterotic string theory",3,21
950,"normal modes",2,21
951,"open strings",2,21
952,"bekenstein hawking entropy",3,21
953,"infinite set",2,21
954,"soliton model",2,21
955,"renormalization group analysis",3,21
956,"central charges",2,21
957,"vacuum expectation value",3,21
958,"fermion interaction",2,21
959,"diffusion equation",2,21
960,"statistical entropy",2,21
961,"vacuum states",2,21
962,"scaling relations",2,21
963,"difference equations",2,21
964,"dimensional reduction",2,21
965,"toda lattice",2,21
966,"soft supersymmetry breaking",3,21
967,"variational approach",2,21
968,"magnetic flux",2,21
969,"global solutions",2,21
970,"simplified model",2,21
971,"physical quantities",2,21
972,"during inflation",2,21
973,"electroweak interactions",2,21
974,"non zero temperature",3,21
975,"central part",2,21
976,"explicit calculation",2,21
977,"magnetic susceptibility",2,21
978,"thermal equilibrium",2,21
979,"two loop order",3,21
980,"double exchange",2,21
981,"unification scale",2,21
982,"non perturbative qcd",3,21
983,"finite size corrections",3,21
984,"superconducting gap",2,21
985,"thin films",2,21
986,"theoretical framework",2,21
987,"systematic error",2,21
988,"particle spectra",2,21
989,"perfect fluid",2,21
990,"light curves",2,21
991,"electron neutrinos",2,21
992,"stellar populations",2,21
993,"baryon masses",2,21
994,"collective modes",2,21
995,"lower energy",2,21
996,"alphas mz",2,21
997,"lightest neutralino",2,21
998,"large q2",2,21
999,"q2 dependence",2,21
1000,"electron hole",2,21
1001,"surface tension",2,21
1002,"meson exchange",2,21
1003,"mixing angle",2,21
1004,"quark antiquark",2,21
1005,"quantum monte carlo",3,21
1006,"band hubbard model",3,21
1007,"particles moving",2,20
1008,"infrared region",2,20
1009,"original version",2,20
1010,"exponential decay",2,20
1011,"quantum interference",2,20
1012,"half line",2,20
1013,"quantum error correction",3,20
1014,"integer quantum hall effect",4,20
1015,"parameters describing",2,20
1016,"semiclassical approach",2,20
1017,"canonical formulation",2,20
1018,"extract information",2,20
1019,"spherical surface",2,20
1020,"general treatment",2,20
1021,"lower bounds",2,20
1022,"ising spins",2,20
1023,"adiabatic approximation",2,20
1024,"regular solutions",2,20
1025,"algebraic approach",2,20
1026,"optically thin",2,20
1027,"background geometry",2,20
1028,"long term",2,20
1029,"fundamental interactions",2,20
1030,"unbroken supersymmetry",2,20
1031,"blow up",2,20
1032,"third order",2,20
1033,"duality invariant",2,20
1034,"riemannian manifold",2,20
1035,"critical exponent",2,20
1036,"dimensional regularization",2,20
1037,"vector current",2,20
1038,"zeta function",2,20
1039,"momentum distribution",2,20
1040,"gauge field theory",3,20
1041,"vector potential",2,20
1042,"group theoretical",2,20
1043,"minimal supersymmetric extension",3,20
1044,"analytic solutions",2,20
1045,"square root",2,20
1046,"transformation properties",2,20
1047,"improved actions",2,20
1048,"five dimensions",2,20
1049,"strong coupling constant",3,20
1050,"massless scalar fields",3,20
1051,"formation process",2,20
1052,"ab initio",2,20
1053,"quantum hall",2,20
1054,"mass gap",2,20
1055,"two dimensional ising model",4,20
1056,"event horizon",2,20
1057,"self interacting",2,20
1058,"off diagonal",2,20
1059,"light quark masses",3,20
1060,"inflationary models",2,20
1061,"ladder approximation",2,20
1062,"saddle point",2,20
1063,"hard core",2,20
1064,"background radiation",2,20
1065,"integral approach",2,20
1066,"unified models",2,20
1067,"deep field",2,20
1068,"superconducting state",2,20
1069,"non thermal",2,20
1070,"radio sources",2,20
1071,"galaxy clustering",2,20
1072,"sky survey",2,20
1073,"ion collisions",2,20
1074,"low redshift",2,20
1075,"fractal dimension",2,20
1076,"dispersion relations",2,20
1077,"scalar sector",2,20
1078,"lattice spacing",2,20
1079,"crossover regime",2,20
1080,"current experimental",2,20
1081,"differential cross section",3,20
1082,"tevatron collider",2,20
1083,"hera energies",2,20
1084,"reaction diffusion",2,20
1085,"leading twist",2,20
1086,"drell yan",2,20
1087,"electron systems",2,20
1088,"cp violating phases",3,20
1089,"relativistic heavy ion collisions",4,20
1090,"klein gordon",2,19
1091,"wave packet",2,19
1092,"stationary states",2,19
1093,"non hermitian",2,19
1094,"body systems",2,19
1095,"simple ansatz",2,19
1096,"self contained",2,19
1097,"elementary particles",2,19
1098,"variational approximation",2,19
1099,"left handed",2,19
1100,"constraints imposed",2,19
1101,"spin splitting",2,19
1102,"hamiltonian reduction",2,19
1103,"potts model",2,19
1104,"critical strings",2,19
1105,"abelian gauge fields",3,19
1106,"massless particles",2,19
1107,"infra red",2,19
1108,"qualitative features",2,19
1109,"space time dimensions",3,19
1110,"static spherically symmetric",3,19
1111,"two higgs",2,19
1112,"half plane",2,19
1113,"dynamical supersymmetry breaking",3,19
1114,"matter content",2,19
1115,"intermediate scales",2,19
1116,"kp hierarchy",2,19
1117,"black hole solutions",3,19
1118,"wilson lines",2,19
1119,"small momenta",2,19
1120,"physical processes",2,19
1121,"edge states",2,19
1122,"coulomb phase",2,19
1123,"scattering length",2,19
1124,"penetration depth",2,19
1125,"stringent constraints",2,19
1126,"current operator",2,19
1127,"flat universe",2,19
1128,"density waves",2,19
1129,"lattice sites",2,19
1130,"expanding universe",2,19
1131,"self consistency",2,19
1132,"thermodynamic quantities",2,19
1133,"ground state interactions",3,19
1134,"long lived",2,19
1135,"time variable",2,19
1136,"spin correlation",2,19
1137,"singular points",2,19
1138,"anderson model",2,19
1139,"banach space",2,19
1140,"line bundle",2,19
1141,"sne ia supernovae",3,19
1142,"radial velocities",2,19
1143,"type ia supernovae",3,19
1144,"radio emission",2,19
1145,"late type",2,19
1146,"lower energies",2,19
1147,"optical spectroscopy",2,19
1148,"quantitative predictions",2,19
1149,"intergalactic medium",2,19
1150,"baryonic dark matter",3,19
1151,"redshift surveys",2,19
1152,"direct photon",2,19
1153,"neutrino masses",2,19
1154,"cascade model",2,19
1155,"factorial moments",2,19
1156,"small lattices",2,19
1157,"natural language",2,19
1158,"nambu jona lasinio model",4,19
1159,"low lying",2,19
1160,"power law behavior",3,19
1161,"light neutrinos",2,19
1162,"leptonic decays",2,19
1163,"linear collider",2,19
1164,"pion nucleon",2,19
1165,"leading order nlo",3,19
1166,"spin asymmetries",2,19
1167,"spin physics",2,19
1168,"delta resonance",2,19
1169,"transition form factors",3,19
1170,"simple approximate",2,18
1171,"quantum computer",2,18
1172,"generalized statistics",2,18
1173,"complex projective",2,18
1174,"unitary transformation",2,18
1175,"uncertainty relation",2,18
1176,"geometric quantization",2,18
1177,"quantum chaos",2,18
1178,"equivalence theorem",2,18
1179,"inner product",2,18
1180,"driving force",2,18
1181,"covariant derivatives",2,18
1182,"symplectic manifold",2,18
1183,"mass shift",2,18
1184,"trace formula",2,18
1185,"fluid flow",2,18
1186,"internal energy",2,18
1187,"quasi linear",2,18
1188,"collective motion",2,18
1189,"dual pairs",2,18
1190,"equivariant cohomology",2,18
1191,"sine gordon model",3,18
1192,"rho parameter",2,18
1193,"gauge field theories",3,18
1194,"complex structures",2,18
1195,"massive scalar",2,18
1196,"renormalization constants",2,18
1197,"ten dimensional",2,18
1198,"multi component",2,18
1199,"length scale",2,18
1200,"geometric approach",2,18
1201,"relative size",2,18
1202,"special geometry",2,18
1203,"fermion mass",2,18
1204,"supersymmetric extension",2,18
1205,"finite difference",2,18
1206,"integrable system",2,18
1207,"intermediate region",2,18
1208,"wess zumino",2,18
1209,"vortex dynamics",2,18
1210,"qcd vacuum",2,18
1211,"continuous spectrum",2,18
1212,"frequency range",2,18
1213,"scale invariant",2,18
1214,"higgs sector",2,18
1215,"phi4 theory",2,18
1216,"electroweak symmetry breaking",3,18
1217,"universal enveloping",2,18
1218,"spectral type",2,18
1219,"three loop",2,18
1220,"non gaussian",2,18
1221,"proposed mechanism",2,18
1222,"amplitude equation",2,18
1223,"frequency dependent",2,18
1224,"excitation spectrum",2,18
1225,"low energy density",3,18
1226,"boson couplings",2,18
1227,"first order parameter",3,18
1228,"quantum affine",2,18
1229,"phase transition occurs",3,18
1230,"field theoretical",2,18
1231,"young stars",2,18
1232,"small enough",2,18
1233,"expansion rate",2,18
1234,"gamma ray bursts",3,18
1235,"star clusters",2,18
1236,"microwave background",2,18
1237,"delta m2",2,18
1238,"active galactic nuclei",3,18
1239,"rosat pspc",2,18
1240,"band structure",2,18
1241,"sample size",2,18
1242,"core radius",2,18
1243,"stellar population",2,18
1244,"scaling relation",2,18
1245,"cosmological parameters",2,18
1246,"baryon density",2,18
1247,"directed percolation",2,18
1248,"mapped onto",2,18
1249,"soft photon",2,18
1250,"axial vector",2,18
1251,"induced reactions",2,18
1252,"cern sps",2,18
1253,"diffractive production",2,18
1254,"baryon asymmetry",2,18
1255,"nucleus collisions",2,18
1256,"charm production",2,18
1257,"full qcd",2,18
1258,"effective lagrangian approach",3,18
1259,"hadron collisions",2,18
1260,"impurity scattering",2,18
1261,"temperature superconductors",2,18
1262,"transition metal insulator",3,18
1263,"careful analysis",2,17
1264,"path integral formalism",3,17
1265,"classical correspondence",2,17
1266,"von neumann",2,17
1267,"infty algebra",2,17
1268,"berry phase",2,17
1269,"magnitude relation",2,17
1270,"second class",2,17
1271,"wide class",2,17
1272,"nearest neighbour",2,17
1273,"experimental tests",2,17
1274,"expansion around",2,17
1275,"photons emitted",2,17
1276,"heisenberg algebra",2,17
1277,"linearly independent",2,17
1278,"non degenerate",2,17
1279,"too large",2,17
1280,"wigner function",2,17
1281,"characteristic length",2,17
1282,"analytical expression",2,17
1283,"large numbers",2,17
1284,"non adiabatic",2,17
1285,"relaxation time",2,17
1286,"data structures",2,17
1287,"scale dependence",2,17
1288,"combined effect",2,17
1289,"experimental observation",2,17
1290,"modular forms",2,17
1291,"topological invariants",2,17
1292,"bps monopoles",2,17
1293,"2d ising model",3,17
1294,"vacuum expectation values",3,17
1295,"renormalization procedure",2,17
1296,"lecture notes",2,17
1297,"duality transformations",2,17
1298,"string backgrounds",2,17
1299,"relativistic quark",2,17
1300,"su nc",2,17
1301,"power counting",2,17
1302,"hawking radiation",2,17
1303,"ordinary matter",2,17
1304,"new derivation",2,17
1305,"riemann surfaces",2,17
1306,"coulomb gas",2,17
1307,"thirring model",2,17
1308,"dynamically generated",2,17
1309,"gluon plasma",2,17
1310,"quark propagator",2,17
1311,"instanton vacuum",2,17
1312,"transverse direction",2,17
1313,"cluster expansion",2,17
1314,"damping rate",2,17
1315,"cosmological perturbations",2,17
1316,"unstable modes",2,17
1317,"grand unification",2,17
1318,"probability density",2,17
1319,"loop integrals",2,17
1320,"flux limit",2,17
1321,"initial data",2,17
1322,"general formulae",2,17
1323,"xy model",2,17
1324,"hii regions",2,17
1325,"red giant",2,17
1326,"redshift range",2,17
1327,"solar system",2,17
1328,"ccd photometry",2,17
1329,"gravitational radiation",2,17
1330,"keck telescope",2,17
1331,"rich cluster",2,17
1332,"beta decay",2,17
1333,"color magnitude",2,17
1334,"electron positron",2,17
1335,"light nuclei",2,17
1336,"hubble space telescope",3,17
1337,"earlier calculations",2,17
1338,"seyfert galaxies",2,17
1339,"solar masses",2,17
1340,"after inflation",2,17
1341,"hard scattering",2,17
1342,"intermediate mass",2,17
1343,"positive values",2,17
1344,"polarized beams",2,17
1345,"type quarks",2,17
1346,"lyapunov exponents",2,17
1347,"vector meson",2,17
1348,"stable under",2,17
1349,"coupled channel",2,17
1350,"current induced",2,17
1351,"inertial range",2,17
1352,"production mechanisms",2,17
1353,"leq gev",2,17
1354,"pomeron exchange",2,17
1355,"parity violating",2,17
1356,"lepton asymmetry",2,17
1357,"proton structure function",3,17
1358,"flavor mixing",2,17
1359,"level statistics",2,17
1360,"quenched disorder",2,17
1361,"right handed",2,17
1362,"pi nn",2,17
1363,"lep ii",2,17
1364,"nucleon system",2,17
1365,"meson production",2,17
1366,"short range correlations",3,17
1367,"two dimensional hubbard model",4,17
1368,"conduction electrons",2,17
1369,"magnetic field strength",3,16
1370,"weakly interacting",2,16
1371,"common features",2,16
1372,"spinning particles",2,16
1373,"lying states",2,16
1374,"error correction",2,16
1375,"stationary state",2,16
1376,"density operators",2,16
1377,"mixed state",2,16
1378,"many degrees",2,16
1379,"second law",2,16
1380,"main theorem",2,16
1381,"unitarity constraints",2,16
1382,"brownian motion",2,16
1383,"flat space time",3,16
1384,"narrow band",2,16
1385,"lorentz group",2,16
1386,"pair correlation",2,16
1387,"dynamical variables",2,16
1388,"liouville theory",2,16
1389,"efficient algorithms",2,16
1390,"diffusion processes",2,16
1391,"plane waves",2,16
1392,"dilute bose gas",3,16
1393,"higher derivative",2,16
1394,"constrained systems",2,16
1395,"type iia",2,16
1396,"toroidally compactified",2,16
1397,"elliptic curves",2,16
1398,"operator algebras",2,16
1399,"brst invariant",2,16
1400,"characteristic features",2,16
1401,"non abelian gauge theory",4,16
1402,"geometric interpretation",2,16
1403,"conformal blocks",2,16
1404,"central extension",2,16
1405,"flow equations",2,16
1406,"su singlet",2,16
1407,"non minimal",2,16
1408,"supersymmetric gauge",2,16
1409,"minkowski space",2,16
1410,"charge densities",2,16
1411,"leading correction",2,16
1412,"vortex motion",2,16
1413,"abelian higgs",2,16
1414,"result agrees",2,16
1415,"fermion propagator",2,16
1416,"chern simons",2,16
1417,"metric perturbations",2,16
1418,"spontaneous symmetry",2,16
1419,"unified theories",2,16
1420,"black hole entropy",3,16
1421,"riemannian manifolds",2,16
1422,"gaugino condensation",2,16
1423,"gravitational coupling",2,16
1424,"schwinger dyson equation",3,16
1425,"flux tube",2,16
1426,"qed corrections",2,16
1427,"differential forms",2,16
1428,"wheeler dewitt",2,16
1429,"susy breaking",2,16
1430,"becomes exact",2,16
1431,"loop representation",2,16
1432,"tunneling rate",2,16
1433,"high statistics",2,16
1434,"fractional statistics",2,16
1435,"proper motion",2,16
1436,"temperatures below",2,16
1437,"optical conductivity",2,16
1438,"flux ratio",2,16
1439,"dwarf galaxy",2,16
1440,"star formation rate",3,16
1441,"brans dicke",2,16
1442,"sky maps",2,16
1443,"angular power spectrum",3,16
1444,"cmb anisotropy",2,16
1445,"cosmic microwave background radiation",4,16
1446,"rho omega",2,16
1447,"halo stars",2,16
1448,"ad hoc",2,16
1449,"neutral hydrogen",2,16
1450,"large scale structure formation",4,16
1451,"optical depth",2,16
1452,"active galactic nuclei agn",4,16
1453,"cross over",2,16
1454,"structure factors",2,16
1455,"spatial correlations",2,16
1456,"quantitative analysis",2,16
1457,"distant galaxies",2,16
1458,"density contrast",2,16
1459,"strange matter",2,16
1460,"first generation",2,16
1461,"line regions",2,16
1462,"relaxation rate",2,16
1463,"stable against",2,16
1464,"cosmic ray",2,16
1465,"liquid theory",2,16
1466,"cubic lattice",2,16
1467,"proton beam",2,16
1468,"high accuracy",2,16
1469,"two step",2,16
1470,"main features",2,16
1471,"perturbative treatment",2,16
1472,"power spectra",2,16
1473,"muon collider",2,16
1474,"vertex function",2,16
1475,"decay amplitudes",2,16
1476,"quantum chromodynamics",2,16
1477,"scaling properties",2,16
1478,"kosterlitz thouless",2,16
1479,"propagation through",2,16
1480,"ww gamma",2,16
1481,"tau lepton",2,16
1482,"semileptonic decay",2,16
1483,"electroweak data",2,16
1484,"semi inclusive",2,16
1485,"constituent quark",2,16
1486,"tight binding model",3,16
1487,"passive scalar",2,16
1488,"monte carlo methods",3,16
1489,"color octet",2,16
1490,"chiral symmetry restoration",3,16
1491,"heavy quark masses",3,16
1492,"random bond",2,16
1493,"discovery potential",2,16
1494,"landau levels",2,16
1495,"superconducting order parameter",3,16
1496,"antiferromagnetic exchange",2,16
1497,"aharonov bohm",2,15
1498,"complex variables",2,15
1499,"lie within",2,15
1500,"measurement problem",2,15
1501,"topological sigma",2,15
1502,"basic features",2,15
1503,"su coherent states",3,15
1504,"phase space time",3,15
1505,"hole background",2,15
1506,"conformal transformations",2,15
1507,"level atom",2,15
1508,"algebraic structures",2,15
1509,"supersymmetric standard",2,15
1510,"invariance under",2,15
1511,"non unitary",2,15
1512,"dominant process",2,15
1513,"experimental signatures",2,15
1514,"electromagnetic field",2,15
1515,"maxwell equations",2,15
1516,"thomas fermi",2,15
1517,"spacetime supersymmetry",2,15
1518,"end point",2,15
1519,"supersymmetric gauge fields",3,15
1520,"wess zumino witten",3,15
1521,"covariant formulation",2,15
1522,"extrinsic curvature",2,15
1523,"vector multiplets",2,15
1524,"gauge bosons",2,15
1525,"point correlation function",3,15
1526,"solvable model",2,15
1527,"type ii string theory",4,15
1528,"bosonic string",2,15
1529,"gravitational interactions",2,15
1530,"loop calculations",2,15
1531,"running coupling",2,15
1532,"positive definite",2,15
1533,"conserved quantities",2,15
1534,"constant lambda",2,15
1535,"sigma level",2,15
1536,"sign problem",2,15
1537,"type iib",2,15
1538,"vacuum polarization",2,15
1539,"curved space",2,15
1540,"ahler manifold",2,15
1541,"planck mass",2,15
1542,"around gev",2,15
1543,"wilson loops",2,15
1544,"exact renormalization group",3,15
1545,"numerical solution",2,15
1546,"friedmann robertson walker",3,15
1547,"conserved currents",2,15
1548,"virasoro algebra",2,15
1549,"point source",2,15
1550,"constraint equations",2,15
1551,"asymptotic properties",2,15
1552,"partial wave",2,15
1553,"transverse momenta",2,15
1554,"supergravity models",2,15
1555,"exact renormalization",2,15
1556,"harmonic functions",2,15
1557,"impurity potential",2,15
1558,"maxwell theory",2,15
1559,"interacting via",2,15
1560,"differential calculus",2,15
1561,"modules over",2,15
1562,"random phase transition",3,15
1563,"structure constants",2,15
1564,"higgs boson mass",3,15
1565,"high energy spectrum",3,15
1566,"excited state",2,15
1567,"plane curves",2,15
1568,"symmetric spaces",2,15
1569,"axial anomaly",2,15
1570,"self consistently",2,15
1571,"zero momentum",2,15
1572,"critical current",2,15
1573,"vortex lattice",2,15
1574,"heavy fermion",2,15
1575,"cuprate superconductors",2,15
1576,"perpendicular magnetic field",3,15
1577,"neural networks",2,15
1578,"speech recognition",2,15
1579,"metric structures",2,15
1580,"finitely generated",2,15
1581,"stellar disks",2,15
1582,"peculiar velocities",2,15
1583,"cosmic microwave background cmb",4,15
1584,"noise level",2,15
1585,"molecular clouds",2,15
1586,"ionized gas",2,15
1587,"sound speed",2,15
1588,"statistical errors",2,15
1589,"flux lines",2,15
1590,"band photometry",2,15
1591,"peak position",2,15
1592,"redshift space",2,15
1593,"charged leptons",2,15
1594,"process nucleosynthesis",2,15
1595,"continuum emission",2,15
1596,"lyman alpha",2,15
1597,"qso absorption systems",3,15
1598,"relativistic electrons",2,15
1599,"below mev",2,15
1600,"circular orbits",2,15
1601,"line shape",2,15
1602,"ray observatory",2,15
1603,"high energy dependence",3,15
1604,"cooling flows",2,15
1605,"decay products",2,15
1606,"consistent picture",2,15
1607,"spin density",2,15
1608,"light curve",2,15
1609,"site energies",2,15
1610,"rational curves",2,15
1611,"compute analytically",2,15
1612,"spatially homogeneous",2,15
1613,"anomalous behavior",2,15
1614,"decay widths",2,15
1615,"random walk",2,15
1616,"hadron duality",2,15
1617,"gauge symmetry",2,15
1618,"finite size scaling",3,15
1619,"coulomb interactions",2,15
1620,"charge distributions",2,15
1621,"strongly interacting",2,15
1622,"calculations indicate",2,15
1623,"diquark model",2,15
1624,"stat syst",2,15
1625,"final state interactions",3,15
1626,"first moment",2,15
1627,"neutron electric dipole moment",4,15
1628,"bfkl dynamics",2,15
1629,"quantum molecular dynamics",3,15
1630,"charge transfer",2,15
1631,"existing experimental data",3,15
1632,"staggered fermions",2,15
1633,"valence quark",2,15
1634,"quark condensate",2,15
1635,"hadronic matrix elements",3,15
1636,"large pt",2,15
1637,"charge transport",2,15
1638,"bjorken sum rule",3,15
1639,"polarized deep inelastic scattering",4,15
1640,"hep ph",2,15
1641,"two dimensional electron gas",4,15
1642,"weak disorder",2,15
1643,"excitation gap",2,15
1644,"kondo model",2,15
1645,"coordinate transformation",2,14
1646,"hydrodynamic models",2,14
1647,"energy considerations",2,14
1648,"wigner functions",2,14
1649,"mathematical physics",2,14
1650,"following theorem",2,14
1651,"potential trap",2,14
1652,"spinor fields",2,14
1653,"inverse square",2,14
1654,"schrodinger equation",2,14
1655,"integer values",2,14
1656,"solid state",2,14
1657,"incident energy",2,14
1658,"computer simulation",2,14
1659,"interacting scalar",2,14
1660,"analytic representation",2,14
1661,"well suited",2,14
1662,"discrete nonlinear",2,14
1663,"coarse grained",2,14
1664,"transfer matrices",2,14
1665,"local observables",2,14
1666,"sufficient condition",2,14
1667,"classical analogue",2,14
1668,"exactly solvable models",3,14
1669,"equilibrium states",2,14
1670,"feynman rules",2,14
1671,"mass frame",2,14
1672,"hidden local",2,14
1673,"bose einstein",2,14
1674,"physical origin",2,14
1675,"electromagnetic interaction",2,14
1676,"inelastic scattering",2,14
1677,"optical potential",2,14
1678,"real photons",2,14
1679,"intrinsic dispersion",2,14
1680,"spin configurations",2,14
1681,"thermal bath",2,14
1682,"statistical physics",2,14
1683,"test particle",2,14
1684,"brane actions",2,14
1685,"superstring theory",2,14
1686,"monopole solutions",2,14
1687,"supersymmetric particle",2,14
1688,"canonical formalism",2,14
1689,"extremal black holes",3,14
1690,"flux tubes",2,14
1691,"type ii superconductors",3,14
1692,"group factors",2,14
1693,"write down",2,14
1694,"imaginary time",2,14
1695,"reflection equation",2,14
1696,"singular behavior",2,14
1697,"torsion free",2,14
1698,"naturally lead",2,14
1699,"thermal component",2,14
1700,"asymptotically free",2,14
1701,"duality conjecture",2,14
1702,"approximate solutions",2,14
1703,"theoretical description",2,14
1704,"two dimensional reduction",3,14
1705,"rational surfaces",2,14
1706,"black hole thermodynamics",3,14
1707,"non perturbative expansion",3,14
1708,"vector bundle",2,14
1709,"flavor symmetry",2,14
1710,"full next",2,14
1711,"light rays",2,14
1712,"quasi particle",2,14
1713,"toroidal compactification",2,14
1714,"lattice qcd simulation",3,14
1715,"loop correction",2,14
1716,"electric charges",2,14
1717,"instanton solutions",2,14
1718,"knot invariants",2,14
1719,"critical points",2,14
1720,"universality classes",2,14
1721,"rotating black hole",3,14
1722,"euclidean space time",3,14
1723,"number conservation",2,14
1724,"gap equations",2,14
1725,"dilaton axion",2,14
1726,"logarithmic operators",2,14
1727,"general position",2,14
1728,"vacuum stability",2,14
1729,"calogero sutherland model",3,14
1730,"configurations generated",2,14
1731,"photon splitting",2,14
1732,"differential geometry",2,14
1733,"nambu goto",2,14
1734,"ideal gas",2,14
1735,"operator product",2,14
1736,"orbifold models",2,14
1737,"doublet model",2,14
1738,"bose gas",2,14
1739,"two flavors",2,14
1740,"fractal structure",2,14
1741,"global symmetries",2,14
1742,"deconfinement phase transition",3,14
1743,"zero curvature",2,14
1744,"derived analytically",2,14
1745,"triangular lattice",2,14
1746,"random velocity",2,14
1747,"heavy fermions",2,14
1748,"infrared behavior",2,14
1749,"elastic constants",2,14
1750,"mott insulator",2,14
1751,"data sets",2,14
1752,"homogeneous spaces",2,14
1753,"semi simple",2,14
1754,"absolute magnitudes",2,14
1755,"large radii",2,14
1756,"big bang",2,14
1757,"radiative transfer",2,14
1758,"likelihood analysis",2,14
1759,"galactic latitude",2,14
1760,"abell clusters",2,14
1761,"polarized electrons",2,14
1762,"line profiles",2,14
1763,"cosmic string",2,14
1764,"current observational",2,14
1765,"absorption lines",2,14
1766,"soft excess",2,14
1767,"preliminary analysis",2,14
1768,"elliptical galaxy",2,14
1769,"large number density",3,14
1770,"dipole moment",2,14
1771,"cosmic rays",2,14
1772,"orbital period",2,14
1773,"local density fluctuations",3,14
1774,"electroweak phase transition",3,14
1775,"range correlations",2,14
1776,"asca observations",2,14
1777,"radial velocity",2,14
1778,"impact parameter",2,14
1779,"monte carlo calculations",3,14
1780,"vacuum einstein equations",3,14
1781,"per unit",2,14
1782,"parametric resonance",2,14
1783,"primordial nucleosynthesis",2,14
1784,"electron proton",2,14
1785,"spin glasses",2,14
1786,"matrix product",2,14
1787,"singlet states",2,14
1788,"spin fluctuations",2,14
1789,"external momenta",2,14
1790,"dimensional electron",2,14
1791,"language models",2,14
1792,"broken phase",2,14
1793,"simple phenomenological",2,14
1794,"second order parameter",3,14
1795,"hard sphere",2,14
1796,"structure function f2",3,14
1797,"analytic expressions",2,14
1798,"magnetic moments",2,14
1799,"transverse magnetic field",3,14
1800,"bar nue",2,14
1801,"precision observables",2,14
1802,"fermilab tevatron collider",3,14
1803,"cdf collaboration",2,14
1804,"simeq gev",2,14
1805,"proton collider",2,14
1806,"lhc energies",2,14
1807,"muon decay",2,14
1808,"vector bosons",2,14
1809,"pion decay",2,14
1810,"parton densities",2,14
1811,"neutral currents",2,14
1812,"cleo data",2,14
1813,"improved action",2,14
1814,"pseudoscalar meson",2,14
1815,"landau theory",2,14
1816,"finite temperature tc",3,14
1817,"bar lambda",2,14
1818,"majorana neutrinos",2,14
1819,"squark masses",2,14
1820,"large tan beta",3,14
1821,"running coupling constant",3,14
1822,"experimental bounds",2,14
1823,"parton distribution",2,14
1824,"repulsive interactions",2,14
1825,"soft gluon",2,14
1826,"phase ordering",2,14
1827,"hole doping",2,14
1828,"luttinger liquids",2,14
1829,"disorder induced",2,14
1830,"coulomb blockade",2,14
1831,"collective flow",2,14
1832,"probability measure",2,13
1833,"mathematical framework",2,13
1834,"correction factor",2,13
1835,"detailed discussion",2,13
1836,"factorization properties",2,13
1837,"conformal transformation",2,13
1838,"psi phi",2,13
1839,"metastable states",2,13
1840,"forward backward",2,13
1841,"non locality",2,13
1842,"quantum computation",2,13
1843,"many body systems",3,13
1844,"cellular automaton",2,13
1845,"holstein model",2,13
1846,"operators acting",2,13
1847,"ladder systems",2,13
1848,"classical trajectories",2,13
1849,"poisson bracket",2,13
1850,"scale structures",2,13
1851,"unified description",2,13
1852,"hilbert space time",3,13
1853,"aharonov bohm effect",3,13
1854,"geometrical properties",2,13
1855,"consistency condition",2,13
1856,"state diffusion",2,13
1857,"real space time",3,13
1858,"factorization scheme",2,13
1859,"space time dependent",3,13
1860,"wkb approximation",2,13
1861,"poisson algebra",2,13
1862,"independent estimates",2,13
1863,"born approximation",2,13
1864,"mass distribution function",3,13
1865,"semiclassical approximation",2,13
1866,"simple argument",2,13
1867,"casimir effect",2,13
1868,"number densities",2,13
1869,"xxz model",2,13
1870,"qualitatively similar",2,13
1871,"periodic solutions",2,13
1872,"highest weight",2,13
1873,"infrared background",2,13
1874,"moduli fields",2,13
1875,"partition functions",2,13
1876,"heterotic strings",2,13
1877,"discrete symmetries",2,13
1878,"magnetic field equations",3,13
1879,"phase diagrams",2,13
1880,"summer school",2,13
1881,"chern simons term",3,13
1882,"knizhnik zamolodchikov",2,13
1883,"grassmann variables",2,13
1884,"higgs field",2,13
1885,"jacobi identity",2,13
1886,"cosmological term",2,13
1887,"gauss law",2,13
1888,"random numbers",2,13
1889,"filling factor",2,13
1890,"free fermionic",2,13
1891,"minimal surfaces",2,13
1892,"bubble nucleation",2,13
1893,"gut models",2,13
1894,"brane configurations",2,13
1895,"radio structure",2,13
1896,"hydrogen atom",2,13
1897,"dimensionally reduced",2,13
1898,"generic values",2,13
1899,"analytic continuation",2,13
1900,"einstein maxwell",2,13
1901,"abelian gauge theory",3,13
1902,"monopole condensation",2,13
1903,"reissner nordstrom",2,13
1904,"effective lagrangians",2,13
1905,"string theory compactified",3,13
1906,"finite rank",2,13
1907,"three generation",2,13
1908,"four manifolds",2,13
1909,"symmetry restoration",2,13
1910,"zero bias",2,13
1911,"finitely many",2,13
1912,"dimensional einstein",2,13
1913,"mass squared",2,13
1914,"dirac fermions",2,13
1915,"nuclear physics",2,13
1916,"dinger equation",2,13
1917,"symanzik action",2,13
1918,"short introduction",2,13
1919,"linear sigma model",3,13
1920,"supersymmetric version",2,13
1921,"derivative expansion",2,13
1922,"static spherical",2,13
1923,"heat capacity",2,13
1924,"multi level",2,13
1925,"gluon propagators",2,13
1926,"fusion rules",2,13
1927,"lowest landau level",3,13
1928,"inverse problem",2,13
1929,"field configurations",2,13
1930,"growth process",2,13
1931,"helicity amplitudes",2,13
1932,"recurrence relations",2,13
1933,"hidden symmetries",2,13
1934,"particle moving",2,13
1935,"toric varieties",2,13
1936,"analytical solutions",2,13
1937,"spatial dimensions",2,13
1938,"two body system",3,13
1939,"yang baxter equation",3,13
1940,"superstring derived",2,13
1941,"continuous limit",2,13
1942,"electron phonon coupling",3,13
1943,"impurity induced",2,13
1944,"normal form",2,13
1945,"density fluctuation",2,13
1946,"layered superconductors",2,13
1947,"hierarchical clustering",2,13
1948,"existing constraints",2,13
1949,"constant mean",2,13
1950,"type invariants",2,13
1951,"surface photometry",2,13
1952,"hubble sequence",2,13
1953,"ultraviolet spectra",2,13
1954,"cooling rates",2,13
1955,"total mass distribution",3,13
1956,"baryon fraction",2,13
1957,"velocity measurements",2,13
1958,"spiral arms",2,13
1959,"variable stars",2,13
1960,"gaussian statistics",2,13
1961,"point correlation",2,13
1962,"cluster algorithm",2,13
1963,"broad band",2,13
1964,"scale invariance",2,13
1965,"central black hole",3,13
1966,"core collapse",2,13
1967,"equilibrium configurations",2,13
1968,"gravity waves",2,13
1969,"diffusion coefficient",2,13
1970,"compact objects",2,13
1971,"spectral lines",2,13
1972,"relativistic corrections",2,13
1973,"hubble deep field",3,13
1974,"within kpc",2,13
1975,"kinematic region",2,13
1976,"rotation curve",2,13
1977,"orbital angular momentum",3,13
1978,"column density",2,13
1979,"white dwarf",2,13
1980,"rosat hri observations",3,13
1981,"absolute value",2,13
1982,"conduction electron",2,13
1983,"mean free path",3,13
1984,"non negligible",2,13
1985,"relativistic heavy",2,13
1986,"next generation",2,13
1987,"prompt photon",2,13
1988,"hydrodynamic equations",2,13
1989,"resonance spectrum",2,13
1990,"accurate determination",2,13
1991,"relativistic jet",2,13
1992,"high precision measurements",3,13
1993,"electron beam",2,13
1994,"tensor components",2,13
1995,"lightest supersymmetric",2,13
1996,"charmed meson",2,13
1997,"basic ideas",2,13
1998,"white noise",2,13
1999,"pattern formation",2,13
2000,"smooth projective",2,13
2001,"quantum cohomology",2,13
2002,"abelian varieties",2,13
2003,"point sets",2,13
2004,"input parameters",2,13
2005,"bare mass",2,13
2006,"low energy dependence",3,13
2007,"hidden sector",2,13
2008,"strongly suppressed",2,13
2009,"baryon number violation",3,13
2010,"exactly solvable model",3,13
2011,"large nc",2,13
2012,"deconfinement transition",2,13
2013,"hard pomeron",2,13
2014,"weak radiative",2,13
2015,"ising models",2,13
2016,"navier stokes",2,13
2017,"transition occurs",2,13
2018,"lyapunov exponent",2,13
2019,"neutrino oscillation",2,13
2020,"transport through",2,13
2021,"self energies",2,13
2022,"fermi motion",2,13
2023,"differential cross sections",3,13
2024,"nucleus interactions",2,13
2025,"differential distributions",2,13
2026,"scalar mesons",2,13
2027,"pi0 gamma",2,13
2028,"baryons containing",2,13
2029,"vector boson",2,13
2030,"finite temperature dependence",3,13
2031,"sea quarks",2,13
2032,"quark gluon plasma",3,13
2033,"hadron masses",2,13
2034,"mesoscopic fluctuations",2,13
2035,"protein folding",2,13
2036,"layer system",2,13
2037,"octet mechanism",2,13
2038,"hyperon decays",2,13
2039,"multiplicity distributions",2,13
2040,"xs gamma",2,13
2041,"minimal supersymmetric standard model mssm",5,13
2042,"mssm parameter space",3,13
2043,"bethe salpeter equation",3,13
2044,"high temperature superconductors",3,13
2045,"high temperature tc superconductors",4,13
2046,"extended hubbard model",3,13
2047,"inelastic neutron scattering",3,13
2048,"localization length",2,13
2049,"weak localization",2,13
2050,"single impurity",2,13
2051,"transition rates",2,13
2052,"near half filling",3,13
2053,"bosonic sector",2,12
2054,"quantum optics",2,12
2055,"infinite dimensional representations",3,12
2056,"time machine",2,12
2057,"laser pulses",2,12
2058,"non interacting electrons",3,12
2059,"wave packets",2,12
2060,"entropy per",2,12
2061,"almost complete",2,12
2062,"transition metal",2,12
2063,"survival probability",2,12
2064,"quantum error",2,12
2065,"isolated systems",2,12
2066,"maximum entropy",2,12
2067,"wide region",2,12
2068,"bose einstein correlations",3,12
2069,"special relativity",2,12
2070,"macroscopic properties",2,12
2071,"low energy levels",3,12
2072,"systems having",2,12
2073,"internal symmetries",2,12
2074,"free energy spectrum",3,12
2075,"symplectic structure",2,12
2076,"quantum integrability",2,12
2077,"localization transition",2,12
2078,"control over",2,12
2079,"surprising result",2,12
2080,"well approximated",2,12
2081,"composite operators",2,12
2082,"charge conjugation",2,12
2083,"five dimensional",2,12
2084,"physical meaning",2,12
2085,"regularization scheme",2,12
2086,"recursion formula",2,12
2087,"affine lie algebras",3,12
2088,"self adjoint",2,12
2089,"magnetic monopole",2,12
2090,"verma modules",2,12
2091,"condensed matter",2,12
2092,"wznw models",2,12
2093,"hyperbolic manifold",2,12
2094,"non renormalizable",2,12
2095,"two higgs boson",3,12
2096,"de rham",2,12
2097,"brane probe",2,12
2098,"strong gravitational",2,12
2099,"holomorphic function",2,12
2100,"super yang mills",3,12
2101,"gross neveu model",3,12
2102,"pair creation",2,12
2103,"non commutative",2,12
2104,"well separated",2,12
2105,"euclidean lattice",2,12
2106,"goldstone bosons",2,12
2107,"physical applications",2,12
2108,"projection onto",2,12
2109,"conformally invariant",2,12
2110,"brane dynamics",2,12
2111,"multi channel",2,12
2112,"real axis",2,12
2113,"well constrained",2,12
2114,"well behaved",2,12
2115,"physical picture",2,12
2116,"covariant gauges",2,12
2117,"dyson equations",2,12
2118,"anomaly cancellation",2,12
2119,"test particles",2,12
2120,"adm mass",2,12
2121,"point sources",2,12
2122,"wilson line",2,12
2123,"su infty",2,12
2124,"parity breaking",2,12
2125,"open problems",2,12
2126,"domain size",2,12
2127,"action describing",2,12
2128,"theta pi",2,12
2129,"novel features",2,12
2130,"rapidly rotating",2,12
2131,"sine gordon",2,12
2132,"hamiltonian constraint",2,12
2133,"flavor dynamics",2,12
2134,"generating function",2,12
2135,"conformally flat",2,12
2136,"winding number",2,12
2137,"recursion relations",2,12
2138,"accurate values",2,12
2139,"wrapped around",2,12
2140,"chiral soliton model",3,12
2141,"k3 surface",2,12
2142,"homogeneous isotropic",2,12
2143,"physical degrees",2,12
2144,"abelian projection",2,12
2145,"complex matrices",2,12
2146,"nambu jona lasinio",3,12
2147,"lorentz invariance",2,12
2148,"bundle over",2,12
2149,"semiclassical limit",2,12
2150,"random matrices",2,12
2151,"spontaneous supersymmetry breaking",3,12
2152,"primary fields",2,12
2153,"microscopic models",2,12
2154,"finite size scaling analysis",4,12
2155,"family symmetry",2,12
2156,"geometric invariant",2,12
2157,"wilson coefficients",2,12
2158,"massive vector",2,12
2159,"symmetry axis",2,12
2160,"theorem concerning",2,12
2161,"cauchy data",2,12
2162,"high tc",2,12
2163,"equilibrium shape",2,12
2164,"peak flux",2,12
2165,"single crystal",2,12
2166,"low surface",2,12
2167,"high quality",2,12
2168,"systematic procedure",2,12
2169,"periodic orbit",2,12
2170,"spectral flow",2,12
2171,"hydrodynamical simulations",2,12
2172,"line region",2,12
2173,"weak gravitational lensing",3,12
2174,"synchrotron emission",2,12
2175,"noise ratio",2,12
2176,"band width",2,12
2177,"m1 m2",2,12
2178,"galactic nuclei",2,12
2179,"density profiles",2,12
2180,"ray selected",2,12
2181,"gamma ray",2,12
2182,"small scale structure",3,12
2183,"brown dwarf",2,12
2184,"fe ii",2,12
2185,"model atmospheres",2,12
2186,"lens system",2,12
2187,"velocity fields",2,12
2188,"accelerated particles",2,12
2189,"big bang nucleosynthesis",3,12
2190,"evolutionary models",2,12
2191,"intermediate states",2,12
2192,"type stars",2,12
2193,"microscopic description",2,12
2194,"bubble wall",2,12
2195,"solar neutrino problem",3,12
2196,"analytic expression",2,12
2197,"detailed description",2,12
2198,"normal galaxies",2,12
2199,"light elements",2,12
2200,"energy loss",2,12
2201,"non detection",2,12
2202,"axial current",2,12
2203,"parameter space time",3,12
2204,"broad line",2,12
2205,"electron gas",2,12
2206,"zero frequency",2,12
2207,"low temperature dependence",3,12
2208,"flat spectrum",2,12
2209,"absolute magnitude",2,12
2210,"optical uv",2,12
2211,"kinematic range",2,12
2212,"collective mode",2,12
2213,"accretion flows",2,12
2214,"infinite range",2,12
2215,"selection rules",2,12
2216,"self organized",2,12
2217,"algebraic curves",2,12
2218,"surface growth",2,12
2219,"light gravitino",2,12
2220,"renormalization group techniques",3,12
2221,"chiral perturbation",2,12
2222,"finite temperature dependent",3,12
2223,"microscopic calculation",2,12
2224,"strong magnetic",2,12
2225,"free electron",2,12
2226,"time reversal",2,12
2227,"wheeler dewitt equation",3,12
2228,"polarization observables",2,12
2229,"strongly localized",2,12
2230,"single site",2,12
2231,"cluster size",2,12
2232,"sensitive probe",2,12
2233,"long range forces",3,12
2234,"altarelli parisi",2,12
2235,"diffractive deep inelastic scattering",4,12
2236,"electron positron annihilation",3,12
2237,"hard scattering processes",3,12
2238,"lepton nucleon",2,12
2239,"first principles calculations",3,12
2240,"hybrid mesons",2,12
2241,"spin flavor",2,12
2242,"octet baryons",2,12
2243,"mq expansion",2,12
2244,"relativistic heavy quark",3,12
2245,"lep2 energies",2,12
2246,"coefficient functions",2,12
2247,"tau neutrino",2,12
2248,"e2 m1",2,12
2249,"nuclear shadowing",2,12
2250,"structure function g1",3,12
2251,"phenomenological consequences",2,12
2252,"spectral weight",2,12
2253,"spatial dimension",2,12
2254,"la sr",2,12
2255,"landau level",2,12
2256,"electronic systems",2,12
2257,"normal metal",2,12
2258,"high tc superconductors",3,12
2259,"luttinger liquid",2,12
2260,"correlated electrons",2,12
2261,"color transparency",2,12
2262,"hopf algebras",2,12
2263,"trapped atoms",2,11
2264,"manifestly covariant",2,11
2265,"quantization scheme",2,11
2266,"quantum computing",2,11
2267,"position operator",2,11
2268,"squeezed states",2,11
2269,"physical content",2,11
2270,"discrete series",2,11
2271,"inversion symmetry",2,11
2272,"anharmonic oscillator",2,11
2273,"path integrals",2,11
2274,"classical orbits",2,11
2275,"curved spaces",2,11
2276,"non interacting particles",3,11
2277,"orthogonal ensemble",2,11
2278,"radiation emitted",2,11
2279,"observable properties",2,11
2280,"einstein frame",2,11
2281,"einstein maxwell theory",3,11
2282,"photon index",2,11
2283,"internal velocity",2,11
2284,"operator acting",2,11
2285,"contact interaction",2,11
2286,"network approach",2,11
2287,"sums over",2,11
2288,"hydrogen like",2,11
2289,"total spin",2,11
2290,"van hove",2,11
2291,"external force",2,11
2292,"mean free",2,11
2293,"under control",2,11
2294,"parameter regimes",2,11
2295,"darboux transformations",2,11
2296,"energy dissipation",2,11
2297,"glass models",2,11
2298,"bogomol nyi",2,11
2299,"pedagogical introduction",2,11
2300,"wzw models",2,11
2301,"morse theory",2,11
2302,"self duality",2,11
2303,"e8 heterotic string",3,11
2304,"z2 orbifold",2,11
2305,"translational invariance",2,11
2306,"dissipative systems",2,11
2307,"bosonic string theory",3,11
2308,"deformation quantization",2,11
2309,"nontrivial topology",2,11
2310,"fourth order",2,11
2311,"massless hypermultiplets",2,11
2312,"spectral representation",2,11
2313,"hidden structure",2,11
2314,"local supersymmetry",2,11
2315,"path integral formulation",3,11
2316,"self dual yang mills",4,11
2317,"curved background",2,11
2318,"special values",2,11
2319,"topological sigma model",3,11
2320,"s1 z2",2,11
2321,"tensionless strings",2,11
2322,"result indicates",2,11
2323,"renormalization group flow",3,11
2324,"extreme black hole",3,11
2325,"quantization procedure",2,11
2326,"polyakov loops",2,11
2327,"e6 models",2,11
2328,"supergravity coupled",2,11
2329,"coupling unification",2,11
2330,"type ii compactifications",3,11
2331,"number counts",2,11
2332,"spatial curvature",2,11
2333,"majorana fermions",2,11
2334,"charged black hole",3,11
2335,"topological sectors",2,11
2336,"initial condition",2,11
2337,"cylindrically symmetric",2,11
2338,"novel type",2,11
2339,"dirac operators",2,11
2340,"non extremal",2,11
2341,"complete spectrum",2,11
2342,"coordinate independent",2,11
2343,"bf theories",2,11
2344,"loop approximation",2,11
2345,"massive quarks",2,11
2346,"new phenomenon",2,11
2347,"naked singularities",2,11
2348,"abelian chern simons theory",4,11
2349,"momentum transfers",2,11
2350,"bekenstein hawking",2,11
2351,"tau functions",2,11
2352,"magnetic monopoles",2,11
2353,"closed string",2,11
2354,"hair theorem",2,11
2355,"cpt violation",2,11
2356,"two higgs sector",3,11
2357,"electric dipole",2,11
2358,"gap equation",2,11
2359,"non resonant",2,11
2360,"transformation rules",2,11
2361,"bianchi type",2,11
2362,"lorentz symmetry",2,11
2363,"continuum version",2,11
2364,"momentum scale",2,11
2365,"softly broken",2,11
2366,"collective coordinates",2,11
2367,"interacting bosons",2,11
2368,"local bosonic",2,11
2369,"conformal factor",2,11
2370,"five brane",2,11
2371,"kalb ramond",2,11
2372,"gravitational interaction",2,11
2373,"strongly enhanced",2,11
2374,"non abelian gauge fields",4,11
2375,"uv background",2,11
2376,"four momentum",2,11
2377,"three sphere",2,11
2378,"renormalisation group",2,11
2379,"tensor charge",2,11
2380,"area law",2,11
2381,"quark confinement",2,11
2382,"electromagnetic properties",2,11
2383,"spacetime dimension",2,11
2384,"spherical symmetry",2,11
2385,"mapping class",2,11
2386,"weak coupling regime",3,11
2387,"gauss bonnet",2,11
2388,"su xsu",2,11
2389,"dimensional hubbard model",3,11
2390,"transversely polarized",2,11
2391,"exactly soluble",2,11
2392,"international conference",2,11
2393,"finite width",2,11
2394,"plane wave",2,11
2395,"vertex functions",2,11
2396,"variable range",2,11
2397,"weak gravitational",2,11
2398,"flux phi",2,11
2399,"wave superconductors",2,11
2400,"electronic excitations",2,11
2401,"flux flow",2,11
2402,"yba cu",2,11
2403,"brillouin zone",2,11
2404,"power suppressed",2,11
2405,"machine learning",2,11
2406,"topology change",2,11
2407,"projective spaces",2,11
2408,"infinite volume",2,11
2409,"standard map",2,11
2410,"agb stars",2,11
2411,"color magnitude diagram",3,11
2412,"precise value",2,11
2413,"star forming",2,11
2414,"main sequence stars",3,11
2415,"large extent",2,11
2416,"growth rate",2,11
2417,"synthetic spectra",2,11
2418,"morphological analysis",2,11
2419,"redshift distribution",2,11
2420,"ir emission",2,11
2421,"significant part",2,11
2422,"he abundance",2,11
2423,"impact parameters",2,11
2424,"dust extinction",2,11
2425,"low mass distribution",3,11
2426,"high redshift quasars",3,11
2427,"atmospheric parameters",2,11
2428,"compton scattering",2,11
2429,"large area",2,11
2430,"virgo cluster",2,11
2431,"peak luminosity",2,11
2432,"scaling laws",2,11
2433,"air showers",2,11
2434,"formation rate",2,11
2435,"almost three",2,11
2436,"magnitude below",2,11
2437,"cross correlation",2,11
2438,"cluster center",2,11
2439,"hadron phase transition",3,11
2440,"gravitational instability",2,11
2441,"flux limits",2,11
2442,"few tev",2,11
2443,"narrow range",2,11
2444,"superconducting order",2,11
2445,"theoretical basis",2,11
2446,"seyfert galaxy",2,11
2447,"neutrino nucleon",2,11
2448,"tully fisher relation",3,11
2449,"acoustic waves",2,11
2450,"heavy nuclei",2,11
2451,"d0 bar",2,11
2452,"kinetic properties",2,11
2453,"particle spectral",2,11
2454,"simulation data",2,11
2455,"substantial fraction",2,11
2456,"atomic nuclei",2,11
2457,"spatially resolved",2,11
2458,"qso spectra",2,11
2459,"exact analytic",2,11
2460,"orbital motion",2,11
2461,"macho project",2,11
2462,"gas rich",2,11
2463,"low luminosity",2,11
2464,"spin orbit",2,11
2465,"significant reduction",2,11
2466,"whole range",2,11
2467,"galactic disk",2,11
2468,"natural explanation",2,11
2469,"reaction rates",2,11
2470,"post newtonian",2,11
2471,"atomic gases",2,11
2472,"bottom up",2,11
2473,"virial theorem",2,11
2474,"detailed predictions",2,11
2475,"electron densities",2,11
2476,"simple algebraic",2,11
2477,"jack polynomials",2,11
2478,"lee yang",2,11
2479,"series expansions",2,11
2480,"logarithmic corrections",2,11
2481,"gradient expansion",2,11
2482,"boson self",2,11
2483,"quenched qcd",2,11
2484,"peccei quinn",2,11
2485,"partial decay widths",3,11
2486,"transfer matrix models",3,11
2487,"kosterlitz thouless transition",3,11
2488,"vertex corrections",2,11
2489,"light neutral",2,11
2490,"neutral pions",2,11
2491,"bending rigidity",2,11
2492,"ell bar",2,11
2493,"theoretical understanding",2,11
2494,"atomic data",2,11
2495,"majorana mass",2,11
2496,"beam polarization",2,11
2497,"discovery limits",2,11
2498,"coupled channels",2,11
2499,"deformed nuclei",2,11
2500,"bottom quarks",2,11
2501,"charged lepton",2,11
2502,"fragmentation region",2,11
2503,"open charm",2,11
2504,"gluon radiation",2,11
2505,"leading log",2,11
2506,"q2 gev2",2,11
2507,"meson photoproduction",2,11
2508,"squark mass",2,11
2509,"multiparticle production",2,11
2510,"neutral kaon",2,11
2511,"jet events",2,11
2512,"lep energies",2,11
2513,"power corrections",2,11
2514,"trapped bose gas",3,11
2515,"highly correlated",2,11
2516,"einstein condensation",2,11
2517,"time reversal symmetry",3,11
2518,"lattice gauge fields",3,11
2519,"heavy quark mass spectrum",4,11
2520,"hybrid monte carlo algorithm",4,11
2521,"quantum monte carlo simulations",4,11
2522,"polarized proton",2,11
2523,"elastic limit",2,11
2524,"pseudo goldstone bosons",3,11
2525,"deep inelastic scattering dis",4,11
2526,"chain length",2,11
2527,"unitarity triangle",2,11
2528,"qcd sum rule",3,11
2529,"light stop",2,11
2530,"transverse momentum distributions",3,11
2531,"zero recoil",2,11
2532,"sin2 theta",2,11
2533,"colour octet",2,11
2534,"few gev",2,11
2535,"two higgs doublet",3,11
2536,"mixing matrix",2,11
2537,"heat bath",2,11
2538,"ckm phases",2,11
2539,"heavy quarkonia",2,11
2540,"multiple scattering",2,11
2541,"glueball mass",2,11
2542,"mediated supersymmetry breaking",3,11
2543,"half filled",2,11
2544,"filling factor nu",3,11
2545,"low lying states",3,11
2546,"heavy ion reactions",3,11
2547,"antiferromagnetic correlations",2,11
2548,"trapped bosons",2,10
2549,"optical potentials",2,10
2550,"quantum cryptography",2,10
2551,"quantum mechanical system",3,10
2552,"equivalence classes",2,10
2553,"hidden variables",2,10
2554,"polarized photons",2,10
2555,"irreducible components",2,10
2556,"spontaneous emission",2,10
2557,"natural definition",2,10
2558,"time evolution operator",3,10
2559,"hypergeometric functions",2,10
2560,"entangled state",2,10
2561,"trapped ion",2,10
2562,"induced events",2,10
2563,"uncertainty principle",2,10
2564,"zeroth order",2,10
2565,"body system",2,10
2566,"electron phonon",2,10
2567,"complex numbers",2,10
2568,"path integral representation",3,10
2569,"gravitational strength",2,10
2570,"spin observables",2,10
2571,"non commuting",2,10
2572,"klein gordon equation",3,10
2573,"spatially extended",2,10
2574,"threshold behaviour",2,10
2575,"annihilation operators",2,10
2576,"dominates over",2,10
2577,"maximum likelihood",2,10
2578,"quasi classical",2,10
2579,"momentum space time",3,10
2580,"explicit forms",2,10
2581,"electromagnetic waves",2,10
2582,"phenomenological applications",2,10
2583,"constant magnetic",2,10
2584,"weyl group",2,10
2585,"radiation pressure",2,10
2586,"dielectric function",2,10
2587,"canonical transformation",2,10
2588,"dynamical localization",2,10
2589,"heterotic string vacua",3,10
2590,"magnetic field configurations",3,10
2591,"exact nonperturbative",2,10
2592,"super curvature",2,10
2593,"renormalization group rg",3,10
2594,"symplectic geometry",2,10
2595,"conserved charge",2,10
2596,"infrared behaviour",2,10
2597,"double scaling limit",3,10
2598,"atiyah hitchin",2,10
2599,"taub nut",2,10
2600,"curved space time",3,10
2601,"higgs particle",2,10
2602,"explicit formulae",2,10
2603,"polymer chains",2,10
2604,"rotational symmetry",2,10
2605,"flat direction",2,10
2606,"elementary excitations",2,10
2607,"4d quantum gravity",3,10
2608,"affine toda",2,10
2609,"type iia string theory",4,10
2610,"solution generating",2,10
2611,"type iib superstring",3,10
2612,"compactification radius",2,10
2613,"matrix renormalization",2,10
2614,"factorization approach",2,10
2615,"lorentz covariant",2,10
2616,"clustering properties",2,10
2617,"particle content",2,10
2618,"reissner nordstr om",3,10
2619,"bose einstein condensation",3,10
2620,"rotationally symmetric",2,10
2621,"extended version",2,10
2622,"unstable particles",2,10
2623,"singularity structure",2,10
2624,"harmonic maps",2,10
2625,"geometric description",2,10
2626,"fundamental physics",2,10
2627,"photon approximation",2,10
2628,"dual sigma",2,10
2629,"lagrange multiplier",2,10
2630,"fermion representation",2,10
2631,"higher genus",2,10
2632,"five branes",2,10
2633,"topological solitons",2,10
2634,"nonperturbative calculation",2,10
2635,"slowly varying",2,10
2636,"partial differential equations",3,10
2637,"non abelian gauge theories",4,10
2638,"conformal anomaly",2,10
2639,"sp 2n",2,10
2640,"massless quarks",2,10
2641,"nested bethe ansatz",3,10
2642,"semiclassical analysis",2,10
2643,"proton lifetime",2,10
2644,"vertex operator",2,10
2645,"meissner effect",2,10
2646,"eight vertex",2,10
2647,"dual pair",2,10
2648,"nonrelativistic limit",2,10
2649,"color confinement",2,10
2650,"liquid gas",2,10
2651,"integral formulation",2,10
2652,"matrix valued",2,10
2653,"charge distribution",2,10
2654,"fermionic systems",2,10
2655,"random graphs",2,10
2656,"hard thermal",2,10
2657,"instanton corrections",2,10
2658,"decay exponentially",2,10
2659,"stochastic background",2,10
2660,"parameter theta",2,10
2661,"consistency conditions",2,10
2662,"chiral dynamics",2,10
2663,"supersymmetric extensions",2,10
2664,"coupled map",2,10
2665,"dilaton field theory",3,10
2666,"two higgs doublet model",4,10
2667,"random surfaces",2,10
2668,"thermodynamical properties",2,10
2669,"tc superconductors",2,10
2670,"global minimum",2,10
2671,"filling factors",2,10
2672,"asymptotic expansion",2,10
2673,"charged higgs",2,10
2674,"frw model",2,10
2675,"hamiltonian structures",2,10
2676,"reissner nordstr",2,10
2677,"quenched random",2,10
2678,"solvable models",2,10
2679,"parameters characterizing",2,10
2680,"isgur wise",2,10
2681,"after reviewing",2,10
2682,"confining interaction",2,10
2683,"raman scattering",2,10
2684,"line bundles",2,10
2685,"initial value",2,10
2686,"direct sum",2,10
2687,"burgers equation",2,10
2688,"columnar defects",2,10
2689,"josephson junction",2,10
2690,"square lattice sites",3,10
2691,"interlayer tunneling",2,10
2692,"vortex core",2,10
2693,"data points",2,10
2694,"constant mean curvature",3,10
2695,"gromov witten invariants",3,10
2696,"second harmonic",2,10
2697,"methods yield",2,10
2698,"revised version",2,10
2699,"vector bundles",2,10
2700,"finsler spaces",2,10
2701,"variational principle",2,10
2702,"real part",2,10
2703,"cohomology groups",2,10
2704,"light profile",2,10
2705,"ccd images",2,10
2706,"rich stars",2,10
2707,"high efficiency",2,10
2708,"angular resolution",2,10
2709,"alpha approx",2,10
2710,"supernova ejecta",2,10
2711,"sky coverage",2,10
2712,"dark matter halos",3,10
2713,"dark halos",2,10
2714,"multi frequency",2,10
2715,"structural parameters",2,10
2716,"small angles",2,10
2717,"gravitational lens",2,10
2718,"orbit around",2,10
2719,"solar neutrino flux",3,10
2720,"inverse compton",2,10
2721,"strong magnetic fields",3,10
2722,"metal abundances",2,10
2723,"accretion disks",2,10
2724,"sight velocity",2,10
2725,"central object",2,10
2726,"time delay",2,10
2727,"detection rates",2,10
2728,"mass profile",2,10
2729,"neutral gas",2,10
2730,"detailed numerical",2,10
2731,"transverse velocity",2,10
2732,"hubble constant h0",3,10
2733,"luminosity functions",2,10
2734,"cluster abundance",2,10
2735,"radiative cooling",2,10
2736,"scale free",2,10
2737,"self similarity",2,10
2738,"erg cm",2,10
2739,"off nuclei",2,10
2740,"matter enhanced",2,10
2741,"momentum conservation",2,10
2742,"intrinsic luminosity",2,10
2743,"planetary camera",2,10
2744,"non uniform",2,10
2745,"statistical methods",2,10
2746,"cluster survey",2,10
2747,"south pole",2,10
2748,"molecular cloud",2,10
2749,"neural network",2,10
2750,"cosmological gamma rays",3,10
2751,"long range correlations",3,10
2752,"optical depth tau",3,10
2753,"surface area",2,10
2754,"band light",2,10
2755,"hubble parameter",2,10
2756,"difference delta",2,10
2757,"below kev",2,10
2758,"dominant mode",2,10
2759,"equations governing",2,10
2760,"fall off",2,10
2761,"spin wave functions",3,10
2762,"finite source",2,10
2763,"electroweak scale",2,10
2764,"gaussian shape",2,10
2765,"theoretical uncertainty",2,10
2766,"asca data",2,10
2767,"linear stability analysis",3,10
2768,"enhancement factor",2,10
2769,"time development",2,10
2770,"photon absorption",2,10
2771,"heavy element",2,10
2772,"gravitational lensing galaxy",3,10
2773,"fully consistent",2,10
2774,"theoretical studies",2,10
2775,"weight systems",2,10
2776,"curvature singularity",2,10
2777,"model building",2,10
2778,"instanton induced",2,10
2779,"two loop calculations",3,10
2780,"lattice points",2,10
2781,"leading logarithms",2,10
2782,"absorption cross sections",3,10
2783,"free energy density",3,10
2784,"bethe salpeter",2,10
2785,"flavor symmetry breaking",3,10
2786,"numerical diagonalization",2,10
2787,"exponentially small",2,10
2788,"renormalization schemes",2,10
2789,"faddeev equations",2,10
2790,"current operators",2,10
2791,"size corrections",2,10
2792,"excitation spectra",2,10
2793,"entropy production",2,10
2794,"response function",2,10
2795,"scaling arguments",2,10
2796,"two leg",2,10
2797,"highly anisotropic",2,10
2798,"single band",2,10
2799,"theoretical developments",2,10
2800,"proton antiproton",2,10
2801,"event generators",2,10
2802,"lepton number",2,10
2803,"large missing",2,10
2804,"branching fraction",2,10
2805,"pi pi0 gamma",3,10
2806,"experimental studies",2,10
2807,"reaction mechanism",2,10
2808,"proton nucleus",2,10
2809,"change sign",2,10
2810,"direct numerical",2,10
2811,"density functional theory",3,10
2812,"period doubling",2,10
2813,"lennard jones",2,10
2814,"hopping parameter",2,10
2815,"k0 bar",2,10
2816,"next nearest neighbour",3,10
2817,"mapping onto",2,10
2818,"nearest neighbor interaction",3,10
2819,"valence quarks",2,10
2820,"ferromagnetic transition",2,10
2821,"natural language processing",3,10
2822,"domain patterns",2,10
2823,"near tc",2,10
2824,"three generations",2,10
2825,"lepton colliders",2,10
2826,"forward backward asymmetry",3,10
2827,"emc effect",2,10
2828,"heavy quarkonium",2,10
2829,"experimental limits",2,10
2830,"gut scale",2,10
2831,"bethe salpeter approach",3,10
2832,"scaling regimes",2,10
2833,"three flavor",2,10
2834,"electromagnetic form factors",3,10
2835,"cp violating processes",3,10
2836,"experimental constraints",2,10
2837,"light gluino",2,10
2838,"event generator",2,10
2839,"cp violating asymmetries",3,10
2840,"lepton pair production",3,10
2841,"skyrme model",2,10
2842,"boson exchange",2,10
2843,"superconducting pairing",2,10
2844,"uniform susceptibility",2,10
2845,"double barrier",2,10
2846,"liquid behavior",2,10
2847,"fractional quantum hall effect",4,10
2848,"resonant tunneling",2,10
2849,"quantum wire",2,10
2850,"random medium",2,10
2851,"persistent currents",2,10
2852,"superfluid density",2,10
2853,"hubbard models",2,10
2854,"kaon nucleon",2,10
2855,"macdonald polynomials",2,10
2856,"grand canonical",2,9
2857,"probability measures",2,9
2858,"correcting codes",2,9
2859,"decreasing function",2,9
2860,"approaches zero",2,9
2861,"simple cubic",2,9
2862,"semi classical limit",3,9
2863,"energy eigenstates",2,9
2864,"unitary evolution",2,9
2865,"key distribution",2,9
2866,"fault tolerant",2,9
2867,"weyl wigner",2,9
2868,"alternative interpretation",2,9
2869,"single bubble",2,9
2870,"hidden variable",2,9
2871,"gas confined",2,9
2872,"angular momentum distribution",3,9
2873,"spatial variation",2,9
2874,"master equations",2,9
2875,"photon counting",2,9
2876,"boson representation",2,9
2877,"poincare group",2,9
2878,"spin isospin",2,9
2879,"eleven dimensional",2,9
2880,"pi ell",2,9
2881,"spatial infinity",2,9
2882,"jacobi polynomials",2,9
2883,"double mode",2,9
2884,"network models",2,9
2885,"lamb shift",2,9
2886,"two parametric",2,9
2887,"causal structure",2,9
2888,"traced back",2,9
2889,"mathematical structure",2,9
2890,"total power",2,9
2891,"holstein primakoff",2,9
2892,"density operator",2,9
2893,"gross pitaevskii",2,9
2894,"langevin equation",2,9
2895,"asymptotic limits",2,9
2896,"rapidity gaps",2,9
2897,"faddeev popov",2,9
2898,"zeta function regularization",3,9
2899,"minkowski space time",3,9
2900,"enhanced gauge theory",3,9
2901,"strong coupling regime",3,9
2902,"microscopic origin",2,9
2903,"adjoint action",2,9
2904,"positive operator",2,9
2905,"half integer",2,9
2906,"critical exponents nu",3,9
2907,"heterotic superstring",2,9
2908,"super yang mills theories",4,9
2909,"andreev reflection",2,9
2910,"dirac quantization",2,9
2911,"closed universe",2,9
2912,"inversely proportional",2,9
2913,"massive gravity",2,9
2914,"non commutative geometry",3,9
2915,"brane solitons",2,9
2916,"casimir operators",2,9
2917,"dimensional supergravity",2,9
2918,"angle theta pi",3,9
2919,"scheme dependence",2,9
2920,"batalin vilkovisky",2,9
2921,"brst cohomology",2,9
2922,"calogero model",2,9
2923,"renormalized trajectory",2,9
2924,"spectral curves",2,9
2925,"liouville type",2,9
2926,"modular properties",2,9
2927,"symmetry adapted",2,9
2928,"broken phases",2,9
2929,"three dimensional ising model",4,9
2930,"tensor multiplets",2,9
2931,"hawking entropy",2,9
2932,"zeta functions",2,9
2933,"calabi yau manifold",3,9
2934,"background spacetime",2,9
2935,"singularity free",2,9
2936,"kogut susskind",2,9
2937,"polyakov loop",2,9
2938,"small instantons",2,9
2939,"anomalous magnetic moment",3,9
2940,"time evolution equations",3,9
2941,"intersection theory",2,9
2942,"effective supergravity",2,9
2943,"isometry group",2,9
2944,"shock wave",2,9
2945,"constraint algebra",2,9
2946,"lambda phi4",2,9
2947,"creation operators",2,9
2948,"hyperelliptic curve",2,9
2949,"confinement mechanism",2,9
2950,"conformal field",2,9
2951,"parameter epsilon",2,9
2952,"quadratic curvature",2,9
2953,"de sitter spacetime",3,9
2954,"calogero sutherland models",3,9
2955,"fermion condensate",2,9
2956,"non diagonal",2,9
2957,"sigma model independent",3,9
2958,"oscillator algebra",2,9
2959,"simple geometrical",2,9
2960,"renormalizable supersymmetric",2,9
2961,"physical mechanism",2,9
2962,"dipole interaction",2,9
2963,"condition imposed",2,9
2964,"simply related",2,9
2965,"ab plane",2,9
2966,"effective hamiltonians",2,9
2967,"yang mills equations",3,9
2968,"algebraic bethe ansatz",3,9
2969,"pinch technique",2,9
2970,"module structure",2,9
2971,"harmonic oscillators",2,9
2972,"pure gravity",2,9
2973,"twisted boundary conditions",3,9
2974,"closed expression",2,9
2975,"two dimensional representations",3,9
2976,"exact analytic solution",3,9
2977,"quantum group uq",3,9
2978,"feynman graphs",2,9
2979,"spectral densities",2,9
2980,"nambu jona lasinio njl model",5,9
2981,"condensed matter physics",3,9
2982,"local boundary conditions",3,9
2983,"higgs fields",2,9
2984,"adjoint representation",2,9
2985,"four fermion interaction",3,9
2986,"asymptotic freedom",2,9
2987,"vertex operator algebras",3,9
2988,"strong magnetic field strength",4,9
2989,"large scale dependence",3,9
2990,"collective coordinate",2,9
2991,"two magnon",2,9
2992,"now being",2,9
2993,"time series",2,9
2994,"gr qc",2,9
2995,"quasiparticle picture",2,9
2996,"hypercubic lattice",2,9
2997,"nonperturbative corrections",2,9
2998,"analytic treatment",2,9
2999,"grand canonical ensemble",3,9
3000,"main emphasis",2,9
3001,"partial differential equation",3,9
3002,"unique solution",2,9
3003,"simplicial quantum gravity",3,9
3004,"scale factor",2,9
3005,"two body systems",3,9
3006,"lower central",2,9
3007,"omega phi",2,9
3008,"solution becomes",2,9
3009,"like sign",2,9
3010,"ginzburg landau equations",3,9
3011,"ordinary differential equation",3,9
3012,"josephson coupled",2,9
3013,"uniform magnetic field",3,9
3014,"pairing mechanism",2,9
3015,"superconducting transition",2,9
3016,"index theorem",2,9
3017,"spectral sequence",2,9
3018,"locally compact",2,9
3019,"open subset",2,9
3020,"de rham cohomology",3,9
3021,"cluster metallicity",2,9
3022,"ray transients",2,9
3023,"parent galaxy",2,9
3024,"metal poor",2,9
3025,"low omega0",2,9
3026,"supernova explosion",2,9
3027,"sky map",2,9
3028,"statistical significance",2,9
3029,"ambient medium",2,9
3030,"selection criteria",2,9
3031,"theoretical error",2,9
3032,"batse data",2,9
3033,"rr lyrae variables",3,9
3034,"hubble time",2,9
3035,"rms amplitude",2,9
3036,"astro ph",2,9
3037,"high pressure",2,9
3038,"active galaxies",2,9
3039,"cosmic microwave",2,9
3040,"chemical enrichment",2,9
3041,"non rotating",2,9
3042,"numerical computations",2,9
3043,"schwarzschild radius",2,9
3044,"velocity components",2,9
3045,"short time scale",3,9
3046,"bose condensate",2,9
3047,"sn 1987a",2,9
3048,"planetary nebulae",2,9
3049,"semi empirical",2,9
3050,"point splitting",2,9
3051,"gamma ray bursts grbs",4,9
3052,"tully fisher",2,9
3053,"wfpc2 images",2,9
3054,"direct information",2,9
3055,"distance modulus",2,9
3056,"shape fluctuations",2,9
3057,"uv continuum",2,9
3058,"hydrodynamic turbulence",2,9
3059,"bright quasar",2,9
3060,"inertial frame",2,9
3061,"simeq mev",2,9
3062,"central concentration",2,9
3063,"solar neutrino properties",3,9
3064,"threshold value",2,9
3065,"quasi periodic",2,9
3066,"microwave background anisotropies",3,9
3067,"long period",2,9
3068,"absorption systems",2,9
3069,"limited sample",2,9
3070,"newtonian gravity",2,9
3071,"sterile neutrinos",2,9
3072,"massive star formation",3,9
3073,"linear regime",2,9
3074,"perseus pisces",2,9
3075,"spiral galaxy",2,9
3076,"gas cloud",2,9
3077,"intermediate values",2,9
3078,"standard big bang nucleosynthesis",4,9
3079,"rotation rate",2,9
3080,"volume fraction",2,9
3081,"velocity distributions",2,9
3082,"large magellanic cloud lmc",4,9
3083,"solar neutrino",2,9
3084,"log normal",2,9
3085,"gamma ray emission",3,9
3086,"rapid variability",2,9
3087,"magellanic clouds",2,9
3088,"virial mass",2,9
3089,"dark matter particles",3,9
3090,"high energy density",3,9
3091,"two body problem",3,9
3092,"physical consequences",2,9
3093,"distance behavior",2,9
3094,"hubble deep",2,9
3095,"sigma detection",2,9
3096,"spherical nuclei",2,9
3097,"cooling process",2,9
3098,"detection limit",2,9
3099,"ray binaries",2,9
3100,"theoretical approaches",2,9
3101,"spatially flat",2,9
3102,"hybrid inflation",2,9
3103,"lyman alpha forest",3,9
3104,"de la",2,9
3105,"active nucleus",2,9
3106,"ligo virgo",2,9
3107,"column densities",2,9
3108,"exponent gamma",2,9
3109,"first error",2,9
3110,"reasonable values",2,9
3111,"energy cosmic strings",3,9
3112,"van der waals",3,9
3113,"fokker planck equation",3,9
3114,"relative motion",2,9
3115,"periodic oscillations",2,9
3116,"three species",2,9
3117,"impulse approximation",2,9
3118,"crossed products",2,9
3119,"elementary introduction",2,9
3120,"reaction rate",2,9
3121,"josephson junction arrays",3,9
3122,"coarse graining",2,9
3123,"theta functions",2,9
3124,"stable fixed",2,9
3125,"hyperbolic groups",2,9
3126,"mh mw",2,9
3127,"sigma omega",2,9
3128,"lorentz scalar",2,9
3129,"phi rightarrow",2,9
3130,"strong suppression",2,9
3131,"density functional",2,9
3132,"product expansion",2,9
3133,"many body problem",3,9
3134,"charged excitations",2,9
3135,"grand unification scale",3,9
3136,"oscillatory behavior",2,9
3137,"integral formalism",2,9
3138,"two body interactions",3,9
3139,"deformed boson",2,9
3140,"gluon condensate",2,9
3141,"bs system",2,9
3142,"two loop diagrams",3,9
3143,"long ranged",2,9
3144,"ashtekar variables",2,9
3145,"asymptotic expansions",2,9
3146,"scaling law",2,9
3147,"random matrix ensembles",3,9
3148,"signature change",2,9
3149,"kinematical conditions",2,9
3150,"arbitrarily large",2,9
3151,"periodic orbits",2,9
3152,"exponent beta",2,9
3153,"interference effect",2,9
3154,"context free",2,9
3155,"oscillation amplitude",2,9
3156,"dynamical triangulation",2,9
3157,"repulsive forces",2,9
3158,"doublet models",2,9
3159,"neutron rich",2,9
3160,"shear flow",2,9
3161,"asymptotic scaling",2,9
3162,"compton scattering off",3,9
3163,"high et jets",3,9
3164,"zeus detector",2,9
3165,"hadronic final state",3,9
3166,"ep collisions",2,9
3167,"gluon exchange",2,9
3168,"scaling violations",2,9
3169,"technicolor models",2,9
3170,"hard gluons",2,9
3171,"z0 decays",2,9
3172,"kaon decays",2,9
3173,"pi pi0",2,9
3174,"heavy flavour",2,9
3175,"high pt",2,9
3176,"proton structure functions",3,9
3177,"overline ms",2,9
3178,"qcd sum rule analysis",4,9
3179,"cp conserving",2,9
3180,"large hadron collider",3,9
3181,"self consistent description",3,9
3182,"local density functional theory",4,9
3183,"unit cell",2,9
3184,"unusual behavior",2,9
3185,"weak mixing",2,9
3186,"bose einstein condensate",3,9
3187,"strongly anisotropic",2,9
3188,"coherence length",2,9
3189,"charge radius",2,9
3190,"wigner dyson",2,9
3191,"transport coefficients",2,9
3192,"quantum monte carlo simulation",4,9
3193,"spin fluctuation",2,9
3194,"lattice spacings",2,9
3195,"coarse lattices",2,9
3196,"latent heat",2,9
3197,"symmetric phase transition",3,9
3198,"static quark",2,9
3199,"gluon field",2,9
3200,"liquid crystals",2,9
3201,"higgs boson mass mh",4,9
3202,"drell yan process",3,9
3203,"context free grammars",3,9
3204,"speech tagging",2,9
3205,"machine translation",2,9
3206,"bfkl equation",2,9
3207,"b0 bar",2,9
3208,"kobayashi maskawa",2,9
3209,"breit wigner",2,9
3210,"gluino masses",2,9
3211,"fragmentation functions",2,9
3212,"strong coupling constant alphas",4,9
3213,"isospin breaking",2,9
3214,"pion form factor",3,9
3215,"muon g-2",2,9
3216,"mit bag model",3,9
3217,"quark fragmentation",2,9
3218,"neutral higgs bosons",3,9
3219,"current response",2,9
3220,"diffraction dissociation",2,9
3221,"susy gut",2,9
3222,"quarkonium production",2,9
3223,"qed radiative corrections",3,9
3224,"spin dependent part",3,9
3225,"gluon fusion",2,9
3226,"deep inelastic scattering processes",4,9
3227,"transverse flow",2,9
3228,"bound nucleons",2,9
3229,"two loop corrections",3,9
3230,"violating interactions",2,9
3231,"threshold region",2,9
3232,"single particle spectra",3,9
3233,"high q2",2,9
3234,"naturally suppressed",2,9
3235,"pairing correlations",2,9
3236,"dc conductance",2,9
3237,"disorder strength",2,9
3238,"antiferromagnetic spin-1",2,9
3239,"copper oxide",2,9
3240,"kondo problem",2,9
3241,"disordered conductors",2,9
3242,"universal conductance",2,9
3243,"gate voltage",2,9
3244,"anderson impurity",2,9
3245,"x2-y2 symmetry",2,9
3246,"diffusive regime",2,9
3247,"persistent current",2,9
3248,"system sizes",2,9
3249,"high temperature dependence",3,9
3250,"collective excitations",2,9
3251,"neutron pairing",2,9
3252,"ms bar",2,9
3253,"heavy quark gluon plasma",4,9
3254,"small volumes",2,8
3255,"equally spaced",2,8
3256,"real world",2,8
3257,"unitary transformations",2,8
3258,"spinless particle",2,8
3259,"self adjoint extensions",3,8
3260,"einstein podolsky rosen",3,8
3261,"term proportional",2,8
3262,"quantum error correcting codes",4,8
3263,"cellular automata",2,8
3264,"physical arguments",2,8
3265,"quant ph",2,8
3266,"conventional approaches",2,8
3267,"hilbert spaces",2,8
3268,"neutrino nucleus",2,8
3269,"generalized coherent states",3,8
3270,"next linear",2,8
3271,"forward direction",2,8
3272,"evolution operator",2,8
3273,"theoretic description",2,8
3274,"time derivative",2,8
3275,"generalized dirac operator",3,8
3276,"unit disk",2,8
3277,"infinite sequence",2,8
3278,"isolated singularities",2,8
3279,"poisson distribution",2,8
3280,"observable quantities",2,8
3281,"invariant measures",2,8
3282,"new class constraints",3,8
3283,"quantum wells",2,8
3284,"fermi dirac",2,8
3285,"dissipative quantum",2,8
3286,"poisson lie",2,8
3287,"conservation law",2,8
3288,"lax representation",2,8
3289,"semiclassical quantization",2,8
3290,"non linear response",3,8
3291,"local minima",2,8
3292,"thermal noise",2,8
3293,"serious problems",2,8
3294,"dependent correlations",2,8
3295,"short term",2,8
3296,"magnetic field theories",3,8
3297,"consistency check",2,8
3298,"instanton numbers",2,8
3299,"unified picture",2,8
3300,"canonical ensemble",2,8
3301,"uq widehat",2,8
3302,"charged black holes",3,8
3303,"metric affine",2,8
3304,"black hole background",3,8
3305,"knizhnik zamolodchikov equations",3,8
3306,"momentum frame",2,8
3307,"conical singularity",2,8
3308,"magnetically charged",2,8
3309,"multi scalar",2,8
3310,"manifests itself",2,8
3311,"mixed boundary conditions",3,8
3312,"analytical approximations",2,8
3313,"rational conformal field theory",4,8
3314,"real scalar",2,8
3315,"gauge theory compactified",3,8
3316,"two dimensional supergravity",3,8
3317,"deformed oscillator algebra",3,8
3318,"random matrix models",3,8
3319,"classified according",2,8
3320,"bilinear form",2,8
3321,"critical point correlation function",4,8
3322,"green schwarz",2,8
3323,"gauge groups",2,8
3324,"twisted sectors",2,8
3325,"null killing",2,8
3326,"topologically nontrivial",2,8
3327,"international symposium",2,8
3328,"integrable hierarchies",2,8
3329,"topologically trivial",2,8
3330,"compact riemannian manifold",3,8
3331,"kdv hierarchy",2,8
3332,"self dual gravity",3,8
3333,"bekenstein hawking entropy formula",4,8
3334,"calabi yau threefolds",3,8
3335,"kerr black hole",3,8
3336,"edge state",2,8
3337,"super yang mills theory",4,8
3338,"susy yang",2,8
3339,"angular momenta",2,8
3340,"adjoint matter",2,8
3341,"two loops",2,8
3342,"renormalization theorem",2,8
3343,"susy qcd",2,8
3344,"building blocks",2,8
3345,"energy eigenvalues",2,8
3346,"conjecture relating",2,8
3347,"gravitational anomalies",2,8
3348,"extra vector",2,8
3349,"fayet iliopoulos",2,8
3350,"baxter equation",2,8
3351,"large distance behavior",3,8
3352,"schwinger dyson",2,8
3353,"asymptotic form factors",3,8
3354,"relative positions",2,8
3355,"cubic lattices",2,8
3356,"thermal loop",2,8
3357,"supersymmetric nonlinear",2,8
3358,"fermionic fields",2,8
3359,"gribov copies",2,8
3360,"matching conditions",2,8
3361,"fermionic matter",2,8
3362,"parallel transport",2,8
3363,"spontaneous breakdown",2,8
3364,"minimal sensitivity",2,8
3365,"smooth transition",2,8
3366,"real analytic",2,8
3367,"soliton equations",2,8
3368,"pauli principle",2,8
3369,"velocity dependent",2,8
3370,"treated exactly",2,8
3371,"hierarchical structure",2,8
3372,"flat spacetime",2,8
3373,"base manifold",2,8
3374,"schwarzschild solution",2,8
3375,"ordered phases",2,8
3376,"minkowski spacetime",2,8
3377,"robertson walker",2,8
3378,"restrictions imposed",2,8
3379,"non conservation",2,8
3380,"soft modes",2,8
3381,"electrically charged",2,8
3382,"extreme black holes",3,8
3383,"jacobi identities",2,8
3384,"principal bundle",2,8
3385,"reduction procedure",2,8
3386,"single particle excitations",3,8
3387,"perturbative regime",2,8
3388,"rational conformal",2,8
3389,"non perturbatively",2,8
3390,"dynamical triangulations",2,8
3391,"coordination number",2,8
3392,"regge trajectory",2,8
3393,"conventional perturbation theory",3,8
3394,"behaves like",2,8
3395,"symplectic structures",2,8
3396,"canonical coordinates",2,8
3397,"complete classification",2,8
3398,"function psi",2,8
3399,"schwarzschild metric",2,8
3400,"broken phase transition",3,8
3401,"affine kac moody",3,8
3402,"anomalous magnetic moments",3,8
3403,"discrete version",2,8
3404,"conformally coupled",2,8
3405,"black hole formation",3,8
3406,"long time evolution",3,8
3407,"fermion loops",2,8
3408,"confining phase",2,8
3409,"nambu goldstone",2,8
3410,"higgs particles",2,8
3411,"deconfined phase",2,8
3412,"nonlinear realization",2,8
3413,"available data set",3,8
3414,"sum rule approach",3,8
3415,"dyson equation",2,8
3416,"two loop approximation",3,8
3417,"heisenberg antiferromagnet",2,8
3418,"surprisingly simple",2,8
3419,"coordinate space time",3,8
3420,"experimental data set",3,8
3421,"critical phenomena",2,8
3422,"simple explanation",2,8
3423,"realistic values",2,8
3424,"cooper pair",2,8
3425,"vortex liquid",2,8
3426,"set limits",2,8
3427,"trivial fixed point",3,8
3428,"exact sequence",2,8
3429,"holomorphic sections",2,8
3430,"locally anisotropic",2,8
3431,"chern class",2,8
3432,"baryonic dark",2,8
3433,"statistically significant",2,8
3434,"stellar dynamics",2,8
3435,"rosat hri",2,8
3436,"position angle",2,8
3437,"relativistic mean",2,8
3438,"short period",2,8
3439,"band light curves",3,8
3440,"galaxies brighter",2,8
3441,"optical surveys",2,8
3442,"non gaussian statistics",3,8
3443,"cosmic microwave background cmb anisotropy",5,8
3444,"fourier analysis",2,8
3445,"rich clusters",2,8
3446,"cobe dmr data",3,8
3447,"spectral indices",2,8
3448,"matter particles",2,8
3449,"gravitational force",2,8
3450,"rho propto",2,8
3451,"galactic disks",2,8
3452,"highly significant",2,8
3453,"resolution images",2,8
3454,"extragalactic background",2,8
3455,"spherical halo",2,8
3456,"source rx",2,8
3457,"nearby spiral galaxies",3,8
3458,"ultra high energy",3,8
3459,"selected topics",2,8
3460,"approximate analytical",2,8
3461,"lyman alpha absorbers",3,8
3462,"cobe normalization",2,8
3463,"brightness distribution",2,8
3464,"cosmological gamma ray bursts",4,8
3465,"flow regime",2,8
3466,"mean redshift",2,8
3467,"image positions",2,8
3468,"weak shear",2,8
3469,"dwarf galaxies",2,8
3470,"evolutionary tracks",2,8
3471,"peak heights",2,8
3472,"like feature",2,8
3473,"cluster core",2,8
3474,"data oriented",2,8
3475,"inner regions",2,8
3476,"temperature anisotropies",2,8
3477,"sunyaev zel dovich effect",4,8
3478,"self consistency condition",3,8
3479,"imaging telescope",2,8
3480,"broad line profiles",3,8
3481,"topics covered",2,8
3482,"nuclei agn",2,8
3483,"hubble space telescope hst",4,8
3484,"near infrared colors",3,8
3485,"few per",2,8
3486,"soft scalar",2,8
3487,"slow roll inflation",3,8
3488,"time evolution equation",3,8
3489,"rotation axis",2,8
3490,"proceeds through",2,8
3491,"globular clusters",2,8
3492,"solar metallicity",2,8
3493,"flat band",2,8
3494,"radial distribution",2,8
3495,"wave amplitudes",2,8
3496,"distant sources",2,8
3497,"loud qsos",2,8
3498,"red giants",2,8
3499,"parameter eta",2,8
3500,"echelle spectra",2,8
3501,"fokker planck",2,8
3502,"direct consequence",2,8
3503,"energy density matrix",3,8
3504,"neutrino observations",2,8
3505,"deuterium abundance",2,8
3506,"distant cluster",2,8
3507,"warm absorber",2,8
3508,"hst imaging",2,8
3509,"experimental resolution",2,8
3510,"boltzmann equation",2,8
3511,"linear stability",2,8
3512,"quark matter",2,8
3513,"current experimental data",3,8
3514,"ray pulsars",2,8
3515,"zel dovich approximation",3,8
3516,"numerical integration",2,8
3517,"distance scale",2,8
3518,"loss rate",2,8
3519,"degenerate electrons",2,8
3520,"mark iii",2,8
3521,"bulk flow",2,8
3522,"low surface brightness",3,8
3523,"cobe dirbe",2,8
3524,"plane parallel",2,8
3525,"two point correlation functions",4,8
3526,"low mass spectrum",3,8
3527,"limiting magnitude",2,8
3528,"two point like",3,8
3529,"analytical formula",2,8
3530,"chemical composition",2,8
3531,"weak lensing",2,8
3532,"lsim gev",2,8
3533,"three jet",2,8
3534,"loud quasars",2,8
3535,"common origin",2,8
3536,"kinematic properties",2,8
3537,"numerical relativity",2,8
3538,"target energies",2,8
3539,"ratio eta",2,8
3540,"remarkably well",2,8
3541,"magellanic cloud",2,8
3542,"baryonic matter",2,8
3543,"probability distribution function",3,8
3544,"consistent treatment",2,8
3545,"magnitude higher",2,8
3546,"relative importance",2,8
3547,"critical region",2,8
3548,"dynamical variable",2,8
3549,"cluster potential",2,8
3550,"multipole moments",2,8
3551,"liquid helium",2,8
3552,"scalar field equations",3,8
3553,"connected component",2,8
3554,"goes through",2,8
3555,"pair correlation functions",3,8
3556,"rational points",2,8
3557,"cohen macaulay",2,8
3558,"singular varieties",2,8
3559,"hodge theory",2,8
3560,"elliptic curve",2,8
3561,"strong enough",2,8
3562,"hecke algebra",2,8
3563,"kardar parisi zhang",3,8
3564,"off equilibrium",2,8
3565,"bag model",2,8
3566,"epsilon expansion",2,8
3567,"whole set",2,8
3568,"number violation",2,8
3569,"longitudinal structure",2,8
3570,"nc expansion",2,8
3571,"quasi particles",2,8
3572,"boson pairs",2,8
3573,"pure gauge theory",3,8
3574,"ginzburg landau theory",3,8
3575,"irreversible thermodynamics",2,8
3576,"black hole spacetimes",3,8
3577,"near half",2,8
3578,"hartle hawking",2,8
3579,"vibrational modes",2,8
3580,"chaotic scattering",2,8
3581,"law behavior",2,8
3582,"whole region",2,8
3583,"sharp peak",2,8
3584,"large telescopes",2,8
3585,"structural properties",2,8
3586,"semi analytical",2,8
3587,"smooth boundary",2,8
3588,"couplings lambda",2,8
3589,"phenomenological constraints",2,8
3590,"quantitative estimates",2,8
3591,"transport processes",2,8
3592,"nonlinear map",2,8
3593,"h1 detector",2,8
3594,"parton distribution functions",3,8
3595,"deep inelastic scattering off",4,8
3596,"chargino neutralino",2,8
3597,"standard model mssm parameter space",5,8
3598,"psi photoproduction",2,8
3599,"pbar collisions",2,8
3600,"trilinear gauge couplings",3,8
3601,"gev c2",2,8
3602,"hyperon production",2,8
3603,"ep collider",2,8
3604,"longitudinally polarized",2,8
3605,"proton structure function f2",4,8
3606,"overline nu",2,8
3607,"gluon fusion process",3,8
3608,"charmonium production",2,8
3609,"ellis jaffe",2,8
3610,"talk reviews",2,8
3611,"neutron diffraction",2,8
3612,"susceptibility chi",2,8
3613,"surface density functional theory",4,8
3614,"critical temperature dependence",3,8
3615,"splitting functions",2,8
3616,"metallic phase",2,8
3617,"condensate fraction",2,8
3618,"single layer",2,8
3619,"classically chaotic",2,8
3620,"first excited",2,8
3621,"spatio temporal chaos",3,8
3622,"mean square",2,8
3623,"dimensional ising model",3,8
3624,"dual superconductor",2,8
3625,"state potts model",3,8
3626,"tadpole improved actions",3,8
3627,"sheikholeslami wohlert",2,8
3628,"replica symmetry breaking",3,8
3629,"double beta",2,8
3630,"current conservation",2,8
3631,"decay constants",2,8
3632,"exchange correlation",2,8
3633,"state transducers",2,8
3634,"lep slc",2,8
3635,"free nucleon",2,8
3636,"qcd sum",2,8
3637,"cp odd",2,8
3638,"massless neutrinos",2,8
3639,"transverse momentum dependence",3,8
3640,"maximal mixing",2,8
3641,"spectator model",2,8
3642,"two body decay",3,8
3643,"heavy quark pair production",4,8
3644,"radiative neutrino",2,8
3645,"transverse expansion",2,8
3646,"alphas q2",2,8
3647,"quantum monte carlo calculation",4,8
3648,"partial widths",2,8
3649,"low mass generation",3,8
3650,"discovery reach",2,8
3651,"longitudinal expansion",2,8
3652,"baryon number conservation",3,8
3653,"gluino mass",2,8
3654,"spin asymmetry",2,8
3655,"exclusive semileptonic decays",3,8
3656,"rare decay",2,8
3657,"invariant mass distribution",3,8
3658,"hadrons containing",2,8
3659,"mt2 mw2",2,8
3660,"neutrino problem",2,8
3661,"factorization approximation",2,8
3662,"flavor violation",2,8
3663,"minimal supersymmetric gauge",3,8
3664,"quark mass matrices",3,8
3665,"quasi elastic",2,8
3666,"anomalous triple gauge couplings",4,8
3667,"tomonaga luttinger",2,8
3668,"direction perpendicular",2,8
3669,"random walks",2,8
3670,"thin film",2,8
3671,"weakly disordered",2,8
3672,"ladder system",2,8
3673,"spin wave function",3,8
3674,"integer quantum hall",3,8
3675,"slave boson",2,8
3676,"metal insulator",2,8
3677,"phase ordering kinetics",3,8
3678,"rare earth",2,8
3679,"cuo planes",2,8
3680,"disordered media",2,8
3681,"anderson transition",2,8
3682,"tunneling conductance",2,8
3683,"resonant tunneling through",3,8
3684,"site repulsion",2,8
3685,"heavy fermion systems",3,8
3686,"non fermi liquid",3,8
3687,"liquid crystal",2,8
3688,"magnetic impurities",2,8
3689,"diffusion coefficients",2,8
3690,"fractional quantum hall",3,8
3691,"non fermi liquid behavior",4,8
3692,"doping levels",2,8
3693,"fragmentation process",2,8
3694,"mobility edge",2,8
3695,"peierls transition",2,8
3696,"dimer model",2,8
3697,"eigenvalue distribution",2,8
3698,"dimensional 1d",2,8
3699,"semiconductor superlattices",2,8
3700,"double layer",2,8
3701,"random media",2,8
3702,"quantum hall systems",3,8
3703,"cond mat",2,8
3704,"neutron halo",2,8
3705,"delta isobar",2,8
3706,"renormalized qrpa",2,8
3707,"heavy baryon",2,8
3708,"nuclear forces",2,8
3709,"messenger sector",2,8
3710,"topcolor assisted technicolor",3,8
3711,"bicovariant differential calculus",3,8
3712,"strictly isospectral",2,7
3713,"spectrum generating",2,7
3714,"ideal bose gas",3,7
3715,"accelerated frames",2,7
3716,"reason why",2,7
3717,"incident energy dependence",3,7
3718,"nonlinear optical",2,7
3719,"random variable",2,7
3720,"planck equation",2,7
3721,"squeezed state",2,7
3722,"fourier transforms",2,7
3723,"non compact groups",3,7
3724,"internal degrees",2,7
3725,"physical situation",2,7
3726,"geometric phase",2,7
3727,"defining representation",2,7
3728,"projection technique",2,7
3729,"joint distribution",2,7
3730,"joint probability distribution",3,7
3731,"spectral decomposition",2,7
3732,"eigenvalue equation",2,7
3733,"geometrical meaning",2,7
3734,"parameter estimation",2,7
3735,"level atoms",2,7
3736,"linear combinations",2,7
3737,"classification scheme",2,7
3738,"exactly solvable potentials",3,7
3739,"storage capacity",2,7
3740,"kinetic energies",2,7
3741,"second class constraints",3,7
3742,"spin holonomy",2,7
3743,"polynomial time",2,7
3744,"missing momentum",2,7
3745,"electric dipole moment",3,7
3746,"su nc gauge theories",4,7
3747,"interquark potential",2,7
3748,"planar diagrams",2,7
3749,"rg flow",2,7
3750,"point correlation functions",3,7
3751,"dependent part",2,7
3752,"symplectic manifolds",2,7
3753,"group improved",2,7
3754,"global topological",2,7
3755,"fusion procedure",2,7
3756,"diagrammatic approach",2,7
3757,"dual descriptions",2,7
3758,"non perturbative treatment",3,7
3759,"singular vectors",2,7
3760,"strong coupling constants",3,7
3761,"wess zumino witten model",4,7
3762,"ms scheme",2,7
3763,"wheeler de witt equation",4,7
3764,"affine sugawara",2,7
3765,"gravitational instantons",2,7
3766,"simple roots",2,7
3767,"hyper kahler",2,7
3768,"finite sizes",2,7
3769,"einstein yang mills",3,7
3770,"calabi yau threefold",3,7
3771,"after quantization",2,7
3772,"fractional supersymmetry",2,7
3773,"group techniques",2,7
3774,"fluctuations during inflation",3,7
3775,"real valued",2,7
3776,"rational maps",2,7
3777,"axial charge",2,7
3778,"iia iib",2,7
3779,"ale spaces",2,7
3780,"amplitude ratios",2,7
3781,"plasma formation",2,7
3782,"bps saturated",2,7
3783,"bianchi identities",2,7
3784,"pseudodifferential operators",2,7
3785,"geodesic distance",2,7
3786,"partial decay",2,7
3787,"wznw model",2,7
3788,"count rate",2,7
3789,"non perturbative regime",3,7
3790,"world sheets",2,7
3791,"auxiliary field theory",3,7
3792,"instanton calculations",2,7
3793,"large scale factor",3,7
3794,"slowly rotating",2,7
3795,"quantum group approach",3,7
3796,"kinetic term",2,7
3797,"wrong sign",2,7
3798,"remarkably simple",2,7
3799,"gravitational coupling constant",3,7
3800,"volume preserving",2,7
3801,"apparent horizon",2,7
3802,"brick wall",2,7
3803,"spin correlation function",3,7
3804,"longitudinal momentum",2,7
3805,"gel fand",2,7
3806,"connes lott",2,7
3807,"brs symmetry",2,7
3808,"massive schwinger model",3,7
3809,"green schwarz mechanism",3,7
3810,"matter hypermultiplets",2,7
3811,"ultraviolet cutoff",2,7
3812,"perturbation series",2,7
3813,"classical heisenberg",2,7
3814,"toda theories",2,7
3815,"elliptic functions",2,7
3816,"index alpha",2,7
3817,"relativistic heavy ion collision",4,7
3818,"post newtonian approximation",3,7
3819,"susy yang mills theories",4,7
3820,"recursion relation",2,7
3821,"coupling constant lambda",3,7
3822,"simply laced",2,7
3823,"elementary particle",2,7
3824,"low lying excitations",3,7
3825,"twisted sector",2,7
3826,"briefly comment",2,7
3827,"pure gauge field theory",4,7
3828,"particles obeying",2,7
3829,"seiberg witten model",3,7
3830,"velocity field theory",3,7
3831,"angle theta",2,7
3832,"strong interaction term",3,7
3833,"sufficient number",2,7
3834,"electrostatic potential",2,7
3835,"electromagnetic fields",2,7
3836,"asymptotic region",2,7
3837,"spinor representation",2,7
3838,"closed expressions",2,7
3839,"near extremal",2,7
3840,"slavnov taylor",2,7
3841,"free propagator",2,7
3842,"quark loops",2,7
3843,"character formula",2,7
3844,"null geodesics",2,7
3845,"feynman diagram",2,7
3846,"parity conserving",2,7
3847,"string cosmology",2,7
3848,"particle creation",2,7
3849,"reshetikhin turaev",2,7
3850,"knot theory",2,7
3851,"central extensions",2,7
3852,"normal subgroup",2,7
3853,"neveu schwarz",2,7
3854,"perturbative expansions",2,7
3855,"near criticality",2,7
3856,"bessel functions",2,7
3857,"gravitational potentials",2,7
3858,"rapidity distribution",2,7
3859,"pure gauge theories",3,7
3860,"four fermi",2,7
3861,"marginal stability",2,7
3862,"gravitational field theory",3,7
3863,"analytic formula",2,7
3864,"brst quantization",2,7
3865,"generalized dirac",2,7
3866,"flux quanta",2,7
3867,"quantum hall states",3,7
3868,"surface magnetization",2,7
3869,"occupation number",2,7
3870,"ahler potential",2,7
3871,"dimension five",2,7
3872,"traveling waves",2,7
3873,"abelian gauge",2,7
3874,"manifest themselves",2,7
3875,"particle numbers",2,7
3876,"two loop integrals",3,7
3877,"spinless fermions",2,7
3878,"almost independent",2,7
3879,"massless dirac",2,7
3880,"negative energy density",3,7
3881,"dimensional turbulence",2,7
3882,"factorization theorem",2,7
3883,"computer algebra",2,7
3884,"confining potential",2,7
3885,"control parameters",2,7
3886,"flag manifolds",2,7
3887,"kac moody algebra",3,7
3888,"functional relations",2,7
3889,"symmetric polynomials",2,7
3890,"baker akhiezer",2,7
3891,"interacting bose",2,7
3892,"x2-y2 wave",2,7
3893,"local density wave",3,7
3894,"spatio temporal",2,7
3895,"logarithmic correction",2,7
3896,"computer program",2,7
3897,"non monotonic",2,7
3898,"natural language models",3,7
3899,"moment map",2,7
3900,"exponential growth",2,7
3901,"detailed investigation",2,7
3902,"formula relating",2,7
3903,"seiberg witten invariants",3,7
3904,"unit circle",2,7
3905,"lie groups",2,7
3906,"covering space",2,7
3907,"scattering matrices",2,7
3908,"trivial topology",2,7
3909,"optical extinction",2,7
3910,"black hole candidate",3,7
3911,"extragalactic distance",2,7
3912,"non lte",2,7
3913,"rr lyrae",2,7
3914,"iras jy",2,7
3915,"cooling processes",2,7
3916,"largest scales",2,7
3917,"energy cosmic",2,7
3918,"disk like",2,7
3919,"mass loss",2,7
3920,"batse 3b catalog",3,7
3921,"galactic magnetic field",3,7
3922,"red supergiant",2,7
3923,"radial profile",2,7
3924,"velocity anisotropy",2,7
3925,"asca spectra",2,7
3926,"around mev",2,7
3927,"plasma frequency",2,7
3928,"cobe dmr 4-year",3,7
3929,"four year",2,7
3930,"absorption feature",2,7
3931,"accretion flows around",3,7
3932,"velocity dispersions",2,7
3933,"large population",2,7
3934,"alfv en",2,7
3935,"star formation history",3,7
3936,"nuclear reaction rates",3,7
3937,"morphology density",2,7
3938,"minor axis",2,7
3939,"formation history",2,7
3940,"qso absorption",2,7
3941,"objects machos",2,7
3942,"isothermal spheres",2,7
3943,"angular correlation",2,7
3944,"lya forest",2,7
3945,"few ev",2,7
3946,"multiwavelength observations",2,7
3947,"quasar absorption lines",3,7
3948,"range le",2,7
3949,"relative strength",2,7
3950,"neutrino telescope",2,7
3951,"waves generated",2,7
3952,"population ii",2,7
3953,"macho collaboration",2,7
3954,"topological defect",2,7
3955,"large scale structure function",4,7
3956,"two point correlation",3,7
3957,"newtonian approximation",2,7
3958,"eclipsing binaries",2,7
3959,"supernova explosions",2,7
3960,"half light",2,7
3961,"small variations",2,7
3962,"fully self consistent",3,7
3963,"random initial",2,7
3964,"ray bursts",2,7
3965,"compact object",2,7
3966,"gravitationally lensed images",3,7
3967,"spectral resolution",2,7
3968,"hb morphology",2,7
3969,"optical absorption lines",3,7
3970,"fundamental plane",2,7
3971,"galaxy counts",2,7
3972,"cluster ellipticals",2,7
3973,"high resolution images",3,7
3974,"interstellar extinction",2,7
3975,"surface brightness profiles",3,7
3976,"straight line",2,7
3977,"halo population",2,7
3978,"event shape",2,7
3979,"stellar companion",2,7
3980,"ray luminosity function",3,7
3981,"low redshift survey",3,7
3982,"brightness variations",2,7
3983,"active sterile",2,7
3984,"rosat pspc data",3,7
3985,"near ir",2,7
3986,"large scale structures",3,7
3987,"mean square root",3,7
3988,"absorption cross section",3,7
3989,"observational limits",2,7
3990,"spectral slope",2,7
3991,"low mass ratio",3,7
3992,"line ratios",2,7
3993,"wave detector",2,7
3994,"gravitationally induced",2,7
3995,"morphological types",2,7
3996,"tau neutrino mass",3,7
3997,"uv absorption",2,7
3998,"day galaxies",2,7
3999,"spectral features",2,7
4000,"global fits",2,7
4001,"lambda approx",2,7
4002,"spatial dependence",2,7
4003,"cdm universe",2,7
4004,"narrow line",2,7
4005,"spectral variability",2,7
4006,"outer disk",2,7
4007,"hii region",2,7
4008,"brown dwarfs",2,7
4009,"multi wavelength",2,7
4010,"strongly reduced",2,7
4011,"vlbi observations",2,7
4012,"long baseline",2,7
4013,"thermal stability",2,7
4014,"high frequency range",3,7
4015,"radial coordinate",2,7
4016,"accretion disc",2,7
4017,"globular cluster metallicity",3,7
4018,"source counts",2,7
4019,"keck hires",2,7
4020,"shock waves",2,7
4021,"local interstellar",2,7
4022,"cluster variation",2,7
4023,"emission line regions",3,7
4024,"slow roll",2,7
4025,"msw effect",2,7
4026,"delta correlated",2,7
4027,"supernova remnant",2,7
4028,"self consistent treatment",3,7
4029,"metal rich",2,7
4030,"peculiar velocity field",3,7
4031,"low ionization",2,7
4032,"optical absorption systems",3,7
4033,"thermal conductivity",2,7
4034,"late stages",2,7
4035,"integrated spectra",2,7
4036,"supernova sn",2,7
4037,"em et",2,7
4038,"accretion rate",2,7
4039,"mass transfer",2,7
4040,"fusion processes",2,7
4041,"reaction front",2,7
4042,"central force",2,7
4043,"multifractal properties",2,7
4044,"momentum conservation laws",3,7
4045,"optical variability",2,7
4046,"spectroscopic data",2,7
4047,"maximum mass",2,7
4048,"exponentially decaying",2,7
4049,"dust grains",2,7
4050,"first overtone",2,7
4051,"timing properties",2,7
4052,"polarized protons",2,7
4053,"young age",2,7
4054,"radio quiet",2,7
4055,"host galaxy",2,7
4056,"fluctuations during",2,7
4057,"non fermi",2,7
4058,"cataclysmic variables",2,7
4059,"hot spots",2,7
4060,"deep survey",2,7
4061,"sky surveys",2,7
4062,"accurate predictions",2,7
4063,"spherical harmonics",2,7
4064,"source size",2,7
4065,"ultraviolet imaging telescope uit",4,7
4066,"integrated over",2,7
4067,"relativistic hydrodynamics",2,7
4068,"numerical investigation",2,7
4069,"ms mb",2,7
4070,"cosmic age",2,7
4071,"numerical computation",2,7
4072,"big bang nucleosynthesis bbn",4,7
4073,"analytically continued",2,7
4074,"banach spaces",2,7
4075,"dynamic critical",2,7
4076,"nonequilibrium systems",2,7
4077,"front propagation",2,7
4078,"subset bbb",2,7
4079,"algebraic curve",2,7
4080,"santa cruz",2,7
4081,"fourier transformation",2,7
4082,"chow ring",2,7
4083,"smooth projective varieties",3,7
4084,"main feature",2,7
4085,"tangent bundle",2,7
4086,"waves propagating",2,7
4087,"entropy ratio",2,7
4088,"time dimensions",2,7
4089,"theory behind",2,7
4090,"force acting",2,7
4091,"under reasonable assumptions",3,7
4092,"affine weyl",2,7
4093,"unitary ensemble",2,7
4094,"gell mann oakes renner",4,7
4095,"bianchi type ix",3,7
4096,"supersymmetric yang mills",3,7
4097,"length exponent",2,7
4098,"binding energies",2,7
4099,"scaling property",2,7
4100,"disoriented chiral condensate",3,7
4101,"fermion determinant",2,7
4102,"electromagnetic form",2,7
4103,"axially symmetric",2,7
4104,"interior region",2,7
4105,"zero radius",2,7
4106,"space time evolution",3,7
4107,"characteristic size",2,7
4108,"bosonic excitations",2,7
4109,"spatially inhomogeneous",2,7
4110,"extra dimension",2,7
4111,"diffeomorphism invariant",2,7
4112,"semiclassical expansion",2,7
4113,"qcd correction",2,7
4114,"localized regime",2,7
4115,"flavour symmetries",2,7
4116,"composite fermion",2,7
4117,"schwarzschild black hole",3,7
4118,"intermediate energies",2,7
4119,"density matrix element",3,7
4120,"goldstone boson",2,7
4121,"brans dicke theory",3,7
4122,"related phenomena",2,7
4123,"conventional perturbation",2,7
4124,"classical heisenberg model",3,7
4125,"exotic matter",2,7
4126,"physically meaningful",2,7
4127,"short range forces",3,7
4128,"direct detection",2,7
4129,"scaling ansatz",2,7
4130,"infrared spectroscopy",2,7
4131,"problem onto",2,7
4132,"statistical accuracy",2,7
4133,"directed lines",2,7
4134,"oscillator strengths",2,7
4135,"correlation lengths",2,7
4136,"order unity",2,7
4137,"per nucleon",2,7
4138,"subsequent decay",2,7
4139,"meson fields",2,7
4140,"orbit interaction",2,7
4141,"charmed mesons",2,7
4142,"collider energies",2,7
4143,"sigmal sigmat",2,7
4144,"angle resolved",2,7
4145,"antiquark pairs",2,7
4146,"colour singlet",2,7
4147,"parton shower",2,7
4148,"leading order nlo qcd",4,7
4149,"multiplicity fluctuations",2,7
4150,"aleph collaboration",2,7
4151,"three jet events",3,7
4152,"light quark gluon",3,7
4153,"polarised deep inelastic scattering",4,7
4154,"band structures",2,7
4155,"polymer chain",2,7
4156,"charge density wave",3,7
4157,"excellent quantitative",2,7
4158,"anomalous diffusion",2,7
4159,"relaxation processes",2,7
4160,"aspect ratio",2,7
4161,"finite size scaling behavior",4,7
4162,"adjustable parameters",2,7
4163,"stochastic resonance",2,7
4164,"ordered phase transition",3,7
4165,"projected su",2,7
4166,"hyperfine splitting",2,7
4167,"antiferromagnetic heisenberg",2,7
4168,"lattice sizes",2,7
4169,"disorder parameter",2,7
4170,"monte carlo techniques",3,7
4171,"topological susceptibility",2,7
4172,"multi gev",2,7
4173,"isgur wise function",3,7
4174,"linear confinement",2,7
4175,"detailed balance",2,7
4176,"light quark mass",3,7
4177,"long range coulomb interactions",4,7
4178,"rotational bands",2,7
4179,"machine translation system",3,7
4180,"parsing algorithm",2,7
4181,"order language",2,7
4182,"lattice boltzmann",2,7
4183,"bloch nordsieck",2,7
4184,"pi rho omega",3,7
4185,"perturbative qcd corrections",3,7
4186,"nonleptonic decays",2,7
4187,"pi nu tau decays",4,7
4188,"three loop corrections",3,7
4189,"polarized parton distributions",3,7
4190,"moderate values",2,7
4191,"radial excitations",2,7
4192,"longitudinal polarization",2,7
4193,"isolated prompt photon",3,7
4194,"phenomenological features",2,7
4195,"nf expansion",2,7
4196,"supersymmetry breaking sector",3,7
4197,"spontaneous cp violation",3,7
4198,"colour coherence",2,7
4199,"precision electroweak",2,7
4200,"rho omega mixing",3,7
4201,"alpha decay",2,7
4202,"two loop correction",3,7
4203,"four fermion masses",3,7
4204,"theoretical ideas",2,7
4205,"inclusive jet production",3,7
4206,"flavor symmetries",2,7
4207,"nucleon scattering off",3,7
4208,"low energy theorems",3,7
4209,"heavy quark gluon",3,7
4210,"gluon polarization",2,7
4211,"rb anomaly",2,7
4212,"quark gluon radiation",3,7
4213,"susy particles",2,7
4214,"structure function g2",3,7
4215,"double beta decay",3,7
4216,"satisfactory description",2,7
4217,"translationally invariant",2,7
4218,"multi parameter",2,7
4219,"double spin asymmetry",3,7
4220,"polarization asymmetries",2,7
4221,"charged higgs bosons",3,7
4222,"isospin symmetry",2,7
4223,"transverse momentum space",3,7
4224,"gluon distribution",2,7
4225,"parton level",2,7
4226,"monte carlo program",3,7
4227,"quantum wires",2,7
4228,"ballistic regime",2,7
4229,"dynamical exponent",2,7
4230,"spin flip",2,7
4231,"glauber dynamics",2,7
4232,"tunnel junctions",2,7
4233,"contact interactions",2,7
4234,"fermi liquid theory",3,7
4235,"sum rule calculation",3,7
4236,"current carrying",2,7
4237,"two dimensional electron systems",4,7
4238,"superfluid 3he",2,7
4239,"glass phase transition",3,7
4240,"single particle green function",4,7
4241,"la 1-x",2,7
4242,"next nearest neighbor",3,7
4243,"kondo effect",2,7
4244,"su schrieffer heeger",3,7
4245,"charge ordering",2,7
4246,"crosses over",2,7
4247,"vortex antivortex pairs",3,7
4248,"quasiparticle states",2,7
4249,"antiferromagnetic heisenberg model",3,7
4250,"half filled landau level",4,7
4251,"2d xy",2,7
4252,"two dimensional electron interactions",4,7
4253,"conductance fluctuations",2,7
4254,"structural transition",2,7
4255,"mesoscopic rings",2,7
4256,"superfluid he",2,7
4257,"temperature tc",2,7
4258,"fully frustrated",2,7
4259,"exponent theta",2,7
4260,"self consistent born approximation",4,7
4261,"hole formation",2,7
4262,"replica symmetric",2,7
4263,"heavy quark systems",3,7
4264,"lepton pairs",2,7
4265,"generalized polarizabilities",2,7
4266,"chemical equilibration",2,7
4267,"dpf dpb summer",3,7
4268,"capelli identities",2,7
4269,"histories approach",2,6
4270,"accessible information",2,6
4271,"computer code",2,6
4272,"complex hilbert space",3,6
4273,"almost complex",2,6
4274,"data compression",2,6
4275,"phase space time evolution",4,6
4276,"homodyne detection",2,6
4277,"quantum computer simulations",3,6
4278,"mathematical techniques",2,6
4279,"calogero sutherland",2,6
4280,"strong constraint",2,6
4281,"highly excited",2,6
4282,"quantum molecular",2,6
4283,"arbitrary processes",2,6
4284,"hanbury brown twiss",3,6
4285,"geometric phase space",3,6
4286,"quantum mechanical systems",3,6
4287,"analytically continuing",2,6
4288,"diagonal elements",2,6
4289,"interference patterns",2,6
4290,"squeezed vacuum",2,6
4291,"born infeld action",3,6
4292,"photon statistics",2,6
4293,"group theoretic",2,6
4294,"direct proof",2,6
4295,"fractional quantum numbers",3,6
4296,"lorentz transformations",2,6
4297,"apparent contradiction",2,6
4298,"algebraic relations",2,6
4299,"dependent hartree",2,6
4300,"cp n-1 model",3,6
4301,"linear relationship",2,6
4302,"spatially separated",2,6
4303,"nearest neighbors",2,6
4304,"time complexity",2,6
4305,"critical slowing",2,6
4306,"character expansion",2,6
4307,"negative binomial",2,6
4308,"operator valued",2,6
4309,"rough estimate",2,6
4310,"salient features",2,6
4311,"free fall",2,6
4312,"closed strings",2,6
4313,"antifield formalism",2,6
4314,"twistor spaces",2,6
4315,"light cone gauge",3,6
4316,"weinberg salam",2,6
4317,"rigid string",2,6
4318,"fixing procedure",2,6
4319,"nonlinear sigma",2,6
4320,"nonzero chemical potential",3,6
4321,"yang baxter",2,6
4322,"topological sigma models",3,6
4323,"spinning particle",2,6
4324,"functional forms",2,6
4325,"r2 interaction",2,6
4326,"mechanical systems",2,6
4327,"euclidean path integral",3,6
4328,"spontaneously broken down",3,6
4329,"quasi exactly solvable",3,6
4330,"front form",2,6
4331,"electromagnetic duality",2,6
4332,"angle alpha",2,6
4333,"renormalization group improved",3,6
4334,"current algebras",2,6
4335,"kac moody algebras",3,6
4336,"rotating black holes",3,6
4337,"higgs potential",2,6
4338,"gaussian fixed point",3,6
4339,"dual supergravity",2,6
4340,"semi infinite",2,6
4341,"haldane shastry",2,6
4342,"calabi yau three",3,6
4343,"elliptic fibration",2,6
4344,"type iib strings",3,6
4345,"theta term",2,6
4346,"two dimensional qed",3,6
4347,"neutral gauge theory",3,6
4348,"covariant derivative",2,6
4349,"schr odinger type",3,6
4350,"extremal black hole",3,6
4351,"statistical mechanical",2,6
4352,"compact abelian",2,6
4353,"near extremal black holes",4,6
4354,"zero entropy",2,6
4355,"almost completely",2,6
4356,"harmonic analysis",2,6
4357,"radiation reaction",2,6
4358,"functional integrals",2,6
4359,"bps spectrum",2,6
4360,"infrared renormalon",2,6
4361,"factor ordering",2,6
4362,"e8 heterotic",2,6
4363,"colliding particles",2,6
4364,"off shell model",3,6
4365,"weyl particles",2,6
4366,"invariant partition",2,6
4367,"order parameter space",3,6
4368,"abelian vector",2,6
4369,"descent equations",2,6
4370,"charge carriers",2,6
4371,"weighted projective",2,6
4372,"multiply connected",2,6
4373,"lax operators",2,6
4374,"ruijsenaars schneider",2,6
4375,"calogero moser",2,6
4376,"su wzw model",3,6
4377,"wzw model",2,6
4378,"lattice regularization",2,6
4379,"non relativistic electrons",3,6
4380,"2d dilaton",2,6
4381,"physically acceptable",2,6
4382,"unruh effect",2,6
4383,"supersymmetric qcd corrections",3,6
4384,"irreducible modules",2,6
4385,"lorentz force",2,6
4386,"green schwarz superstring",3,6
4387,"su wzw models",3,6
4388,"conical singularities",2,6
4389,"naive dimensional",2,6
4390,"mellin transform",2,6
4391,"hawking temperature",2,6
4392,"conserved charges",2,6
4393,"string network",2,6
4394,"einstein maxwell dilaton",3,6
4395,"elliptically fibered",2,6
4396,"minimal supergravity",2,6
4397,"world line",2,6
4398,"external electromagnetic field",3,6
4399,"lattice gauge transformations",3,6
4400,"unusual features",2,6
4401,"four fold",2,6
4402,"coadjoint orbits",2,6
4403,"hermitian symmetric spaces",3,6
4404,"difference equation",2,6
4405,"special relativistic",2,6
4406,"schwarzschild black holes",3,6
4407,"fermionic determinant",2,6
4408,"intersection number",2,6
4409,"screening mass",2,6
4410,"area preserving",2,6
4411,"non zero mode",3,6
4412,"original proof",2,6
4413,"automorphism group",2,6
4414,"modular invariant",2,6
4415,"euler number",2,6
4416,"superconducting cosmic strings",3,6
4417,"cotangent bundle",2,6
4418,"vector multiplet",2,6
4419,"type iib string theory",4,6
4420,"time scale factor",3,6
4421,"fundamental representations",2,6
4422,"trace anomaly",2,6
4423,"explicit realization",2,6
4424,"complex scalar",2,6
4425,"gross neveu",2,6
4426,"infrared cutoff",2,6
4427,"positive integer",2,6
4428,"ricci flat",2,6
4429,"critical point like",3,6
4430,"ref cite",2,6
4431,"second rank",2,6
4432,"supersymmetric gauge couplings",3,6
4433,"prepotential cal",2,6
4434,"group flows",2,6
4435,"abelian gauge theories",3,6
4436,"topologically massive",2,6
4437,"fermi statistics",2,6
4438,"effective action describing",3,6
4439,"killing vectors",2,6
4440,"fixing condition",2,6
4441,"complex conjugate",2,6
4442,"three body system",3,6
4443,"spontaneous magnetization",2,6
4444,"sutherland model",2,6
4445,"briefly mentioned",2,6
4446,"massive compact",2,6
4447,"event horizons",2,6
4448,"abelian gauge field",3,6
4449,"similarity transformation",2,6
4450,"gravitational field equations",3,6
4451,"double scaling",2,6
4452,"differential operator",2,6
4453,"nonrelativistic matter",2,6
4454,"space time scale",3,6
4455,"fermion operators",2,6
4456,"dynamical supersymmetry",2,6
4457,"bilinear forms",2,6
4458,"particle excitations",2,6
4459,"chiral multiplets",2,6
4460,"non abelian gauge group",4,6
4461,"theory compactified",2,6
4462,"weyl curvature",2,6
4463,"two dimensional turbulence",3,6
4464,"dimensional qed",2,6
4465,"perturbation expansions",2,6
4466,"schwarzschild spacetime",2,6
4467,"universal soft",2,6
4468,"gluon propagator",2,6
4469,"degenerate hubbard model",3,6
4470,"euler equations",2,6
4471,"simple lie algebra",3,6
4472,"ordinary differential equations",3,6
4473,"scalar qed",2,6
4474,"phase coherence length",3,6
4475,"scanning tunneling",2,6
4476,"material parameter",2,6
4477,"topological excitations",2,6
4478,"disorder potential",2,6
4479,"diffusive systems",2,6
4480,"bogoliubov de gennes",3,6
4481,"frequencies omega",2,6
4482,"value problems",2,6
4483,"concentrated near",2,6
4484,"abrupt change",2,6
4485,"floer homology",2,6
4486,"holomorphic vector",2,6
4487,"difference operators",2,6
4488,"flow lines",2,6
4489,"analytic torsion",2,6
4490,"derived category",2,6
4491,"sine gordon equation",3,6
4492,"group flow",2,6
4493,"unitary irreducible",2,6
4494,"twistor space",2,6
4495,"theoretic approach",2,6
4496,"reflection symmetry",2,6
4497,"ahler manifolds",2,6
4498,"kev band",2,6
4499,"ca ii",2,6
4500,"cosmological consequences",2,6
4501,"enriched gas",2,6
4502,"length xi",2,6
4503,"galactic globular",2,6
4504,"cepheid variables",2,6
4505,"magellanic cloud lmc",3,6
4506,"late time",2,6
4507,"cosmological baryon",2,6
4508,"reasonable assumptions",2,6
4509,"thermal bremsstrahlung",2,6
4510,"projected mass",2,6
4511,"gamma ray flux",3,6
4512,"two thirds",2,6
4513,"corona model",2,6
4514,"hydrodynamics code",2,6
4515,"outer parts",2,6
4516,"roughly consistent",2,6
4517,"compton reflection",2,6
4518,"sensitivity survey",2,6
4519,"canada france redshift survey",4,6
4520,"faraday rotation",2,6
4521,"small scale invariant",3,6
4522,"cobe dmr",2,6
4523,"propto kn",2,6
4524,"balmer lines",2,6
4525,"cosmic microwave background anisotropies",4,6
4526,"cosmological constant h0",3,6
4527,"galactocentric distance",2,6
4528,"electrons moving",2,6
4529,"relative stability",2,6
4530,"hst wfpc2",2,6
4531,"irregular galaxies",2,6
4532,"stellar systems",2,6
4533,"doppler peaks",2,6
4534,"many body simulations",3,6
4535,"bl lacs",2,6
4536,"blue horizontal",2,6
4537,"quasar absorption systems",3,6
4538,"scattered light",2,6
4539,"cosmological gamma",2,6
4540,"oxygen abundance",2,6
4541,"redshift space telescope",3,6
4542,"small angle msw solution",4,6
4543,"standard cold dark matter",4,6
4544,"accretion onto",2,6
4545,"doppler effect",2,6
4546,"lyman limit",2,6
4547,"finite clusters",2,6
4548,"maxwell boltzmann",2,6
4549,"qso absorption lines",3,6
4550,"circumstellar material",2,6
4551,"type ii supernovae",3,6
4552,"central engine",2,6
4553,"turbulent pressure",2,6
4554,"irrotational dust",2,6
4555,"single dish",2,6
4556,"dust component",2,6
4557,"cmb anisotropies",2,6
4558,"time dilation",2,6
4559,"magnetized neutron stars",3,6
4560,"dwarf galaxy ngc",3,6
4561,"bona fide",2,6
4562,"distance scales",2,6
4563,"nuclear burning",2,6
4564,"medium sensitivity",2,6
4565,"surface density profiles",3,6
4566,"globular cluster ages",3,6
4567,"secondary doppler peaks",3,6
4568,"bow shock",2,6
4569,"pressure gradient",2,6
4570,"energy balance",2,6
4571,"barred galaxies",2,6
4572,"elliptical galaxies i.e",3,6
4573,"fully nonlinear",2,6
4574,"globular cluster core",3,6
4575,"hydrostatic equilibrium",2,6
4576,"space telescope",2,6
4577,"evolved density",2,6
4578,"ray emitting",2,6
4579,"galactic globular cluster",3,6
4580,"diffuse ionized gas",3,6
4581,"star formation rates",3,6
4582,"hot dark",2,6
4583,"too low",2,6
4584,"transport equations",2,6
4585,"wolf rayet",2,6
4586,"nuclear astrophysics",2,6
4587,"highly non",2,6
4588,"selected samples",2,6
4589,"hydrodynamics simulations",2,6
4590,"ly alpha emission",3,6
4591,"quarks inside",2,6
4592,"chemical potentials",2,6
4593,"short time scales",3,6
4594,"large amounts",2,6
4595,"density omegab",2,6
4596,"stellar winds",2,6
4597,"photometric properties",2,6
4598,"optically thick",2,6
4599,"significant variations",2,6
4600,"solar neighborhood",2,6
4601,"anisotropy measurement",2,6
4602,"cosmic microwave background radiation cmbr",5,6
4603,"spectral shape",2,6
4604,"error estimates",2,6
4605,"significance level",2,6
4606,"cdm models",2,6
4607,"accurate measurement",2,6
4608,"around kev",2,6
4609,"cygnus x-1",2,6
4610,"cyg x-1",2,6
4611,"single star",2,6
4612,"full width",2,6
4613,"uv radiation",2,6
4614,"isolated neutron stars",3,6
4615,"significant variability",2,6
4616,"earth mass",2,6
4617,"violating processes",2,6
4618,"hydrodynamic simulations",2,6
4619,"circular orbit",2,6
4620,"large distance scale",3,6
4621,"massive star",2,6
4622,"chandrasekhar mass",2,6
4623,"neutrino fluxes",2,6
4624,"stable orbit",2,6
4625,"cdm model",2,6
4626,"end slope",2,6
4627,"imaging survey",2,6
4628,"et jets",2,6
4629,"black body",2,6
4630,"absorbing gas",2,6
4631,"mass accretion",2,6
4632,"two branches",2,6
4633,"exclusion limits",2,6
4634,"confidence limits",2,6
4635,"ob stars",2,6
4636,"tully fisher tf relation",4,6
4637,"lower temperatures",2,6
4638,"three dimensional representations",3,6
4639,"universal amplitude",2,6
4640,"planetary mass",2,6
4641,"low enough",2,6
4642,"si iv",2,6
4643,"optically selected",2,6
4644,"central limit",2,6
4645,"time averaged",2,6
4646,"color magnitude diagrams",3,6
4647,"driven wind",2,6
4648,"energy bands",2,6
4649,"maximum light",2,6
4650,"turbulent mixing",2,6
4651,"sec mpc",2,6
4652,"dynamical friction",2,6
4653,"radio pulsar psr",3,6
4654,"gamma ray spectra",3,6
4655,"event rate",2,6
4656,"multi layer",2,6
4657,"ionizing radiation",2,6
4658,"compact radio source",3,6
4659,"broad line region",3,6
4660,"cauchy problem",2,6
4661,"continuum emission line",3,6
4662,"surprisingly large",2,6
4663,"higher frequencies",2,6
4664,"cobe normalized",2,6
4665,"balloon borne",2,6
4666,"optically selected samples",3,6
4667,"event rates",2,6
4668,"infall model",2,6
4669,"crab nebula",2,6
4670,"le mev",2,6
4671,"per square",2,6
4672,"uv flux",2,6
4673,"rxte observations",2,6
4674,"low metallicity",2,6
4675,"room temperature",2,6
4676,"spectroscopic factors",2,6
4677,"external source",2,6
4678,"translation invariant",2,6
4679,"restricted class",2,6
4680,"beam size",2,6
4681,"periodic array",2,6
4682,"organized criticality",2,6
4683,"traffic flow",2,6
4684,"projective plane",2,6
4685,"vanishing theorems",2,6
4686,"algebraically closed",2,6
4687,"k3 surfaces",2,6
4688,"del pezzo",2,6
4689,"f1 f2",2,6
4690,"enumerative geometry",2,6
4691,"tensor categories",2,6
4692,"alg geom",2,6
4693,"two terminal",2,6
4694,"logarithmic approximation",2,6
4695,"teichm uller",2,6
4696,"kpz equation",2,6
4697,"branched polymers",2,6
4698,"adjoint operator",2,6
4699,"sin2 thetaw",2,6
4700,"hawking radiation field",3,6
4701,"unit interval",2,6
4702,"internal symmetry",2,6
4703,"hot qcd",2,6
4704,"model sm",2,6
4705,"numerical evaluation",2,6
4706,"significant deviations",2,6
4707,"schwinger dyson equations",3,6
4708,"heavy quark matter",3,6
4709,"two dimensional regularization",3,6
4710,"superalgebra gl",2,6
4711,"lattice gauge",2,6
4712,"pure gauge couplings",3,6
4713,"non zero entropy",3,6
4714,"soft susy breaking",3,6
4715,"homogeneous isotropic universe",3,6
4716,"tamm dancoff",2,6
4717,"pre big bang cosmology",4,6
4718,"self interacting scalar",3,6
4719,"extended supersymmetry",2,6
4720,"ashkin teller",2,6
4721,"dimensional minkowski",2,6
4722,"wick rotation",2,6
4723,"negative cosmological",2,6
4724,"pair correlation function",3,6
4725,"braid group",2,6
4726,"time ago",2,6
4727,"short distance part",3,6
4728,"wave background",2,6
4729,"large nf",2,6
4730,"ordered phase",2,6
4731,"periodic boundary",2,6
4732,"enveloping algebra",2,6
4733,"convergence properties",2,6
4734,"lattice gauge theories",3,6
4735,"difference delta function",3,6
4736,"critical discussion",2,6
4737,"instanton liquid",2,6
4738,"two loop level",3,6
4739,"theoretical methods",2,6
4740,"ozi rule violation",3,6
4741,"3d ising model",3,6
4742,"thermal masses",2,6
4743,"intermediate scale",2,6
4744,"exact analytic expressions",3,6
4745,"body problem",2,6
4746,"closed form factors",3,6
4747,"landau gauge",2,6
4748,"inner boundary",2,6
4749,"shift delta",2,6
4750,"yangian double",2,6
4751,"wormhole solution",2,6
4752,"exponents characterizing",2,6
4753,"vacuum einstein",2,6
4754,"lapse function",2,6
4755,"quasi static",2,6
4756,"initial singularity",2,6
4757,"spin network",2,6
4758,"mass differences",2,6
4759,"cauchy horizon",2,6
4760,"shift vector",2,6
4761,"levi civita",2,6
4762,"per unit length",3,6
4763,"non leptonic",2,6
4764,"quadrupole moments",2,6
4765,"energy theorems",2,6
4766,"imaginary parts",2,6
4767,"continued fraction",2,6
4768,"kappa poincar",2,6
4769,"large deviation",2,6
4770,"spherical geometry",2,6
4771,"per site",2,6
4772,"formation mechanisms",2,6
4773,"against small",2,6
4774,"primordial magnetic field",3,6
4775,"protoneutron star",2,6
4776,"quasi periodic oscillations",3,6
4777,"strongly constrain",2,6
4778,"medium modifications",2,6
4779,"intimately related",2,6
4780,"chi square",2,6
4781,"dynamical processes",2,6
4782,"fourier coefficients",2,6
4783,"critically examined",2,6
4784,"turbulent energy",2,6
4785,"higgsino like",2,6
4786,"briefly summarize",2,6
4787,"soft photons",2,6
4788,"easily observable",2,6
4789,"low temperatures below",3,6
4790,"suppression factor",2,6
4791,"semileptonic branching fraction",3,6
4792,"inclusive jet",2,6
4793,"exchange current",2,6
4794,"electron beam polarization",3,6
4795,"dglap evolution equations",3,6
4796,"three body",2,6
4797,"tritium beta decay",3,6
4798,"branching fractions",2,6
4799,"cern lhc",2,6
4800,"theoretical expectations",2,6
4801,"dilepton events",2,6
4802,"deep inelastic neutron scattering",4,6
4803,"heavy flavour production",3,6
4804,"exchange mechanism",2,6
4805,"ags energies",2,6
4806,"strangeness production",2,6
4807,"hadron collider",2,6
4808,"deeply inelastic scattering",3,6
4809,"weak mixing angle",3,6
4810,"q2 evolution",2,6
4811,"ckm matrix models",3,6
4812,"hadronic final",2,6
4813,"quark mass ratios",3,6
4814,"single jet production",3,6
4815,"longitudinal structure function",3,6
4816,"kinematic regime",2,6
4817,"quarkonium states",2,6
4818,"quark pair production",3,6
4819,"alphas mz2",2,6
4820,"pade approximants",2,6
4821,"snowmass workshop",2,6
4822,"non linear colliders",3,6
4823,"central rapidity",2,6
4824,"phonon frequencies",2,6
4825,"kohn sham",2,6
4826,"dissociative adsorption",2,6
4827,"reconstructed surface",2,6
4828,"existing experimental",2,6
4829,"local density functional",3,6
4830,"single ion",2,6
4831,"rayleigh benard convection",3,6
4832,"giant resonances",2,6
4833,"spatiotemporal chaos",2,6
4834,"distributed according",2,6
4835,"tunnel barriers",2,6
4836,"diagonal disorder",2,6
4837,"simple cubic lattice",3,6
4838,"size scaling analysis",3,6
4839,"pseudoscalar meson masses",3,6
4840,"dynamical wilson fermions",3,6
4841,"conjugate gradient",2,6
4842,"light hadron",2,6
4843,"lattice artifacts",2,6
4844,"continuum physics",2,6
4845,"self avoiding",2,6
4846,"intermediate regime",2,6
4847,"glueball spectrum",2,6
4848,"interface tension",2,6
4849,"breaking pattern",2,6
4850,"anisotropic lattices",2,6
4851,"langle bar",2,6
4852,"lightest scalar glueball mass",4,6
4853,"mixing matrix elements",3,6
4854,"weakly first order",3,6
4855,"exponent alpha",2,6
4856,"trial wave functions",3,6
4857,"language processing",2,6
4858,"chirally symmetric phase",3,6
4859,"weak bosons",2,6
4860,"four fermion production",3,6
4861,"gell mann okubo",3,6
4862,"oblique corrections",2,6
4863,"decay mode",2,6
4864,"kinematical regime",2,6
4865,"brodsky lepage",2,6
4866,"minimal supersymmetric particle",3,6
4867,"doublet triplet",2,6
4868,"bottom baryons",2,6
4869,"landau pole",2,6
4870,"jet cross sections",3,6
4871,"gaugino mass",2,6
4872,"model independent expressions",3,6
4873,"heavy flavor",2,6
4874,"light stops",2,6
4875,"light singlet",2,6
4876,"skyrme type",2,6
4877,"electromagnetic vertex",2,6
4878,"electro magnetic",2,6
4879,"grand unified models",3,6
4880,"beauty hadrons",2,6
4881,"kinematical region",2,6
4882,"scalar currents",2,6
4883,"theory hqet",2,6
4884,"left right symmetric",3,6
4885,"deeply inelastic",2,6
4886,"pi pi0 eta",3,6
4887,"heavy baryon chiral perturbation theory",5,6
4888,"hard photons",2,6
4889,"right handed neutrinos",3,6
4890,"gamma missing",2,6
4891,"third generation",2,6
4892,"functions g1",2,6
4893,"heavy baryons",2,6
4894,"neutron electric dipole moments",4,6
4895,"two higgs doublet models",4,6
4896,"three dimensional electron",3,6
4897,"collision processes",2,6
4898,"below tc",2,6
4899,"extra neutral",2,6
4900,"heavy quark antiquark",3,6
4901,"hadronic phase",2,6
4902,"exclusive reactions",2,6
4903,"cp violating interactions",3,6
4904,"higgs doublet",2,6
4905,"gaugino masses",2,6
4906,"wave vector mesons",3,6
4907,"radial excitation",2,6
4908,"hadronic final states",3,6
4909,"sum rule analysis",3,6
4910,"non perturbative qcd vacuum",4,6
4911,"approximate solution",2,6
4912,"interface depinning",2,6
4913,"second harmonic generation",3,6
4914,"two dimensional electron hole",4,6
4915,"valence band",2,6
4916,"disordered medium",2,6
4917,"antiferromagnetic heisenberg ladders",3,6
4918,"zero temperature dependence",3,6
4919,"van hove singularity",3,6
4920,"three site",2,6
4921,"long range coulomb interaction",4,6
4922,"experimental findings",2,6
4923,"glass transition",2,6
4924,"double layer system",3,6
4925,"valence bond",2,6
4926,"antiferromagnetic af",2,6
4927,"staggered magnetization",2,6
4928,"hall states",2,6
4929,"underdoped regime",2,6
4930,"electronic raman scattering",3,6
4931,"quantum dots",2,6
4932,"hard spheres",2,6
4933,"directed polymer",2,6
4934,"small metallic",2,6
4935,"roughening transition",2,6
4936,"low energy gap",3,6
4937,"falicov kimball model",3,6
4938,"quasiparticle random",2,6
4939,"fermi liquid behavior",3,6
4940,"conduction band",2,6
4941,"variational monte carlo",3,6
4942,"photoemission spectroscopy",2,6
4943,"frustrated systems",2,6
4944,"charge density waves",3,6
4945,"frustrated xy",2,6
4946,"fractional quantum hall states",4,6
4947,"single crystals",2,6
4948,"friedel oscillations",2,6
4949,"coulomb repulsion",2,6
4950,"short range antiferromagnetic",3,6
4951,"spatially varying",2,6
4952,"optimally doped",2,6
4953,"hall conductivity",2,6
4954,"impurity concentration",2,6
4955,"compound states",2,6
4956,"channel kondo model",3,6
4957,"interchain hopping",2,6
4958,"excellent description",2,6
4959,"surface waves",2,6
4960,"gross pitaevskii equation",3,6
4961,"strongly correlated electrons",3,6
4962,"resistivity rho",2,6
4963,"transition metal oxides",3,6
4964,"gauge interactions",2,6
4965,"nucleon force",2,6
4966,"coulomb dissociation",2,6
4967,"pion photoproduction",2,6
4968,"walecka model",2,6
4969,"relativistic mean field",3,6
4970,"relativistic kinematics",2,6
4971,"delta resonance region",3,6
4972,"scattering off nuclei",3,6
4973,"formation energies",2,6
4974,"electromagnetic form factor",3,6
4975,"virtual compton",2,6
4976,"nuclear force",2,6
4977,"sis energies",2,6
4978,"kaon system",2,6
4979,"factorization scale dependence",3,6
4980,"leading logarithmic approximation",3,6
4981,"general 2hdm",2,6
4982,"ckm matrix",2,6
4983,"sparticle masses",2,6
4984,"nonmagnetic impurities",2,6
4985,"askey wilson",2,6
4986,"schur functions",2,6
4987,"large number densities",3,5
4988,"manifestly covariant formulation",3,5
4989,"consistent born",2,5
4990,"goes back",2,5
4991,"aharonov bohm type",3,5
4992,"measuring device",2,5
4993,"chern simons action",3,5
4994,"spin-1 particles",2,5
4995,"time integrated",2,5
4996,"quantum communication",2,5
4997,"analytical continuation",2,5
4998,"positive operator valued",3,5
4999,"lagrange multipliers",2,5
5000,"information theoretic",2,5
5001,"theoretic framework",2,5
5002,"quantum zeno effect",3,5
5003,"quantum gates",2,5
5004,"tightly constrained",2,5
5005,"decays exponentially",2,5
5006,"closed form factor",3,5
5007,"emitting region",2,5
5008,"consistent histories approach",3,5
5009,"coordinate transformations",2,5
5010,"consistent histories",2,5
5011,"relative merits",2,5
5012,"algebraic formulation",2,5
5013,"direct numerical simulations",3,5
5014,"intimately connected",2,5
5015,"geometric phases",2,5
5016,"isotropic harmonic oscillator",3,5
5017,"quantizing magnetic field",3,5
5018,"improved perturbation",2,5
5019,"negative binomial distribution",3,5
5020,"quantum mechanically",2,5
5021,"de broglie",2,5
5022,"observable consequences",2,5
5023,"higher moments",2,5
5024,"single burst",2,5
5025,"strongly chaotic",2,5
5026,"two sided",2,5
5027,"symmetric phase space",3,5
5028,"long time dependent",3,5
5029,"trapping potential",2,5
5030,"real time dependent",3,5
5031,"consistent sets",2,5
5032,"nonlinear schr odinger",3,5
5033,"generalized heisenberg",2,5
5034,"superluminal motion",2,5
5035,"integer quantum",2,5
5036,"freely falling",2,5
5037,"two point source",3,5
5038,"extreme black hole solution",4,5
5039,"after imposing",2,5
5040,"curved backgrounds",2,5
5041,"pauli villars",2,5
5042,"nambu mechanics",2,5
5043,"proper time evolution",3,5
5044,"hooft polyakov",2,5
5045,"covariant quantization",2,5
5046,"spin-1 chain",2,5
5047,"hyperelliptic curves",2,5
5048,"function regularization",2,5
5049,"left right moving",3,5
5050,"action angle",2,5
5051,"ans atze",2,5
5052,"particle hole solutions",3,5
5053,"type ii superstring theory",4,5
5054,"highly nonlinear",2,5
5055,"multi instanton",2,5
5056,"gau ss",2,5
5057,"batalin vilkovisky formalism",3,5
5058,"rg equations",2,5
5059,"n-1 model",2,5
5060,"iia string",2,5
5061,"ramond fields",2,5
5062,"exact renormalization group approach",4,5
5063,"dynkin diagram",2,5
5064,"standard deviation",2,5
5065,"conformal field theories",3,5
5066,"faddeev jackiw",2,5
5067,"adhmn construction",2,5
5068,"regge calculus",2,5
5069,"super virasoro",2,5
5070,"type iia superstring",3,5
5071,"arguments suggest",2,5
5072,"iib strings",2,5
5073,"ten dimensions",2,5
5074,"harmonic superspace",2,5
5075,"weak coupling unification",3,5
5076,"dyonic black hole",3,5
5077,"liouville action",2,5
5078,"killing yano tensors",3,5
5079,"infrared fixed points",3,5
5080,"temperley lieb",2,5
5081,"branched polymer",2,5
5082,"non compact abelian",3,5
5083,"target spaces",2,5
5084,"deformed virasoro algebra",3,5
5085,"born infeld",2,5
5086,"supersymmetric gauge transformations",3,5
5087,"yang mills fields",3,5
5088,"operator ordering",2,5
5089,"global monopole",2,5
5090,"functional determinants",2,5
5091,"heterotic string theory compactified",4,5
5092,"line bundle over",3,5
5093,"superselection sectors",2,5
5094,"topologically massive gravity",3,5
5095,"solar neutrino anomalies",3,5
5096,"normal ordering",2,5
5097,"monodromy matrices",2,5
5098,"exterior derivative",2,5
5099,"type ii string theory compactified",5,5
5100,"poisson lie group",3,5
5101,"highest weight representations",3,5
5102,"mills theory",2,5
5103,"liouville field theory",3,5
5104,"brst invariance",2,5
5105,"mass mh",2,5
5106,"large distance expansion",3,5
5107,"spatial components",2,5
5108,"transverse traceless",2,5
5109,"configuration spaces",2,5
5110,"four dimensional reduction",3,5
5111,"lattice qcd vacuum",3,5
5112,"perturbative superpotential",2,5
5113,"initial value problem",3,5
5114,"noncommutative geometry ncg",3,5
5115,"completely integrable systems",3,5
5116,"string propagation",2,5
5117,"two higgs potential",3,5
5118,"euler lagrange",2,5
5119,"experimental lower limit",3,5
5120,"wave vectors",2,5
5121,"near extremal black hole",4,5
5122,"higgs branches",2,5
5123,"slow motion",2,5
5124,"hyperbolic form",2,5
5125,"global topological charge",3,5
5126,"fractional quantum",2,5
5127,"multi instanton calculus",3,5
5128,"spin chain length",3,5
5129,"vacuum instability",2,5
5130,"boltzmann weights",2,5
5131,"de sitter space",3,5
5132,"affine toda solitons",3,5
5133,"kerr newman",2,5
5134,"wave vector potential",3,5
5135,"pseudo differential operators",3,5
5136,"unified treatment",2,5
5137,"analyticity properties",2,5
5138,"ordinary differential operators",3,5
5139,"elementary particle physics",3,5
5140,"nonlinear schr",2,5
5141,"wave functionals",2,5
5142,"dimensional lorentzian",2,5
5143,"extremal black",2,5
5144,"4-point functions",2,5
5145,"complex scalar fields",3,5
5146,"strongly constrained",2,5
5147,"wide field theory",3,5
5148,"non linear sigma",3,5
5149,"electric field theory",3,5
5150,"covariantly constant",2,5
5151,"stationary axisymmetric",2,5
5152,"rest mass",2,5
5153,"ghost modes",2,5
5154,"bethe salpeter amplitudes",3,5
5155,"axial gauge",2,5
5156,"completely integrable models",3,5
5157,"axial vector current",3,5
5158,"derivative couplings",2,5
5159,"epsilon dimensions",2,5
5160,"liouville equation",2,5
5161,"loop algebras",2,5
5162,"nielsen olesen",2,5
5163,"tr phi2",2,5
5164,"non perturbative superpotential",3,5
5165,"negative cosmological constant",3,5
5166,"maximally abelian",2,5
5167,"reality conditions",2,5
5168,"edge excitations",2,5
5169,"winding modes",2,5
5170,"tensor products",2,5
5171,"magnitude higher order",3,5
5172,"transverse force",2,5
5173,"cp invariance",2,5
5174,"clebsch gordan coefficients",3,5
5175,"completely integrable",2,5
5176,"soliton solution",2,5
5177,"invariant quantities",2,5
5178,"antisymmetric tensors",2,5
5179,"summation over",2,5
5180,"least two dimensional",3,5
5181,"higgs self",2,5
5182,"intersection numbers",2,5
5183,"basic hypergeometric functions",3,5
5184,"direct product",2,5
5185,"trivial fixed points",3,5
5186,"pure gauge fixing",3,5
5187,"chiral algebras",2,5
5188,"non perturbative calculations",3,5
5189,"generic 2d gravity",3,5
5190,"dual yang mills",3,5
5191,"ii string",2,5
5192,"coulomb phase transition",3,5
5193,"trivial fixed",2,5
5194,"energetically favorable",2,5
5195,"modular invariance",2,5
5196,"geometrical interpretation",2,5
5197,"three dimensional turbulence",3,5
5198,"qcd vacuum structure",3,5
5199,"two things",2,5
5200,"non propagating",2,5
5201,"break supersymmetry breaking",3,5
5202,"matter contents",2,5
5203,"electromagnetic field theory",3,5
5204,"projection operators",2,5
5205,"lattice formulations",2,5
5206,"superconformal field theory",3,5
5207,"discrete painlev",2,5
5208,"korteweg de vries",3,5
5209,"dimensional xy",2,5
5210,"nearest neighbor exchange",3,5
5211,"rank two",2,5
5212,"vortex glass",2,5
5213,"lower critical",2,5
5214,"order parameter theta",3,5
5215,"zn doped",2,5
5216,"activation energy",2,5
5217,"unstable periodic",2,5
5218,"pinning centers",2,5
5219,"transfer matrix element",3,5
5220,"spin wave superconductor",3,5
5221,"tc cuprates",2,5
5222,"gor kov",2,5
5223,"density wave superconductor",3,5
5224,"higher accuracy",2,5
5225,"holomorphic curves",2,5
5226,"special value",2,5
5227,"curvature distribution",2,5
5228,"simple lie group",3,5
5229,"piecewise linear",2,5
5230,"stable maps",2,5
5231,"compatible nonlinear",2,5
5232,"verlinde formula",2,5
5233,"cosmic ray bursts",3,5
5234,"median redshift survey",3,5
5235,"nucleosynthesis constraints",2,5
5236,"metal poor stars",3,5
5237,"core collapse supernovae",3,5
5238,"turbulent motions",2,5
5239,"primordial black holes",3,5
5240,"tidal field",2,5
5241,"induced collapse",2,5
5242,"electron hole formation",3,5
5243,"rayleigh taylor",2,5
5244,"early type ii",3,5
5245,"steep spectrum",2,5
5246,"blue stragglers",2,5
5247,"statistically consistent",2,5
5248,"primordial spectral index",3,5
5249,"density fluctuation power spectrum",4,5
5250,"angular correlations",2,5
5251,"temperature maps",2,5
5252,"identically zero",2,5
5253,"light deflection",2,5
5254,"lensed images",2,5
5255,"dwarf spheroidal",2,5
5256,"apm survey",2,5
5257,"metal line",2,5
5258,"redshift distributions",2,5
5259,"press schechter function",3,5
5260,"strongly influenced",2,5
5261,"radial velocity dispersion",3,5
5262,"galaxy catalogues",2,5
5263,"large scale invariant",3,5
5264,"wavelength range",2,5
5265,"asymptotic giant",2,5
5266,"old stellar populations",3,5
5267,"small radii",2,5
5268,"three topics",2,5
5269,"weak lensing galaxy clusters",4,5
5270,"short wavelength",2,5
5271,"near unity",2,5
5272,"large magellanic cloud",3,5
5273,"massive compact halo stars",4,5
5274,"iras galaxies",2,5
5275,"electron positron pairs",3,5
5276,"supernova remnants",2,5
5277,"solar type",2,5
5278,"ly alpha absorbers",3,5
5279,"differential rotation",2,5
5280,"poor stars",2,5
5281,"sizes up",2,5
5282,"microlensing search",2,5
5283,"baryonic dark matter particles",4,5
5284,"spread function",2,5
5285,"emission measure",2,5
5286,"auto correlation",2,5
5287,"cosmic microwave background cmb anisotropy measurement",6,5
5288,"lensing galaxy",2,5
5289,"velocity dispersion sigma models",4,5
5290,"highest redshift survey",3,5
5291,"magnetized neutron star",3,5
5292,"bulk viscous pressure",3,5
5293,"lensing properties",2,5
5294,"off axis",2,5
5295,"mach number",2,5
5296,"primordial gas",2,5
5297,"batse 3b",2,5
5298,"sunyaev zeldovich",2,5
5299,"global topological defects",3,5
5300,"isocurvature perturbations",2,5
5301,"harmonic generation",2,5
5302,"luminous galaxies brighter",3,5
5303,"off center",2,5
5304,"small scale structures",3,5
5305,"telescope hst",2,5
5306,"msw solutions",2,5
5307,"low resolution",2,5
5308,"multi object",2,5
5309,"quantum coherence",2,5
5310,"stellar mass distribution",3,5
5311,"atomic hydrogen",2,5
5312,"relaxation time evolution",3,5
5313,"non minimal models",3,5
5314,"nearby spiral",2,5
5315,"high redshift survey",3,5
5316,"nonlinear clustering",2,5
5317,"early type spirals",3,5
5318,"smoothed particle hydrodynamics",3,5
5319,"medium deep",2,5
5320,"accretion flow",2,5
5321,"normal distribution",2,5
5322,"gro j1744-28",2,5
5323,"non linear regime",3,5
5324,"rotating fluid",2,5
5325,"solid angle",2,5
5326,"young stellar",2,5
5327,"molecular gas",2,5
5328,"almost half",2,5
5329,"lower limits",2,5
5330,"line profile",2,5
5331,"bright stars",2,5
5332,"big bang nucleosynthesis constraints",4,5
5333,"luminous matter",2,5
5334,"iterative procedure",2,5
5335,"near infrared imaging",3,5
5336,"absorption features",2,5
5337,"temperature series",2,5
5338,"angular size",2,5
5339,"rosat pspc observation",3,5
5340,"tidal interactions",2,5
5341,"relic density",2,5
5342,"globular cluster center",3,5
5343,"intermediate redshifts",2,5
5344,"logarithmic slope",2,5
5345,"omega nu",2,5
5346,"propagating modes",2,5
5347,"hi column",2,5
5348,"extreme ultraviolet",2,5
5349,"brightest cluster",2,5
5350,"temperature profile",2,5
5351,"star crusts",2,5
5352,"dimensionless parameter",2,5
5353,"high redshift distribution",3,5
5354,"gro j1655-40",2,5
5355,"rotational velocity",2,5
5356,"jet rates",2,5
5357,"nearby clusters",2,5
5358,"inclination angle",2,5
5359,"binary pulsar",2,5
5360,"semi quantitative",2,5
5361,"atmosphere models",2,5
5362,"damped ly",2,5
5363,"galaxy disks",2,5
5364,"omega0 cdm models",3,5
5365,"non linear growth",3,5
5366,"electroweak phase transitions",3,5
5367,"internal space",2,5
5368,"solar neutrino fluxes",3,5
5369,"planetary nebula",2,5
5370,"numerical code",2,5
5371,"standard candle",2,5
5372,"total energy density",3,5
5373,"half life",2,5
5374,"qso survey",2,5
5375,"bright qsos",2,5
5376,"lower luminosity",2,5
5377,"magnitudes fainter",2,5
5378,"deep rosat pspc",3,5
5379,"hot dark matter chdm",4,5
5380,"hst images",2,5
5381,"mass distribution functions",3,5
5382,"line shapes",2,5
5383,"lens models",2,5
5384,"cool stars",2,5
5385,"late type spirals",3,5
5386,"hubble space",2,5
5387,"interstellar matter",2,5
5388,"thermal instability",2,5
5389,"beta equiv",2,5
5390,"heat flux",2,5
5391,"giant ellipticals",2,5
5392,"analytical formulae",2,5
5393,"solar masses per",3,5
5394,"open clusters",2,5
5395,"xi approx",2,5
5396,"key project",2,5
5397,"accretion disk galaxies",3,5
5398,"cold dark",2,5
5399,"theoretical arguments",2,5
5400,"old isolated",2,5
5401,"al 1996a",2,5
5402,"short range part",3,5
5403,"alpha emission line",3,5
5404,"total mass ratio",3,5
5405,"gaussian distribution function",3,5
5406,"binary neutron stars",3,5
5407,"limit cycle",2,5
5408,"spiral galaxy ngc",3,5
5409,"whole sample",2,5
5410,"compact binaries",2,5
5411,"orbital parameters",2,5
5412,"computational effort",2,5
5413,"distance part",2,5
5414,"horizon size",2,5
5415,"velocity differences",2,5
5416,"radio quiet quasar",3,5
5417,"normal nuclear",2,5
5418,"kick velocities",2,5
5419,"dense medium",2,5
5420,"function xi",2,5
5421,"grows exponentially",2,5
5422,"old stellar",2,5
5423,"rotation speed",2,5
5424,"secondary star",2,5
5425,"time delays",2,5
5426,"centrally concentrated",2,5
5427,"synchrotron radiation",2,5
5428,"gaussian initial",2,5
5429,"high energy cosmic rays",4,5
5430,"stochastic vacuum",2,5
5431,"partially filled",2,5
5432,"viscous fluid",2,5
5433,"gravitational lens models",3,5
5434,"boundary layer",2,5
5435,"accreting neutron stars",3,5
5436,"zone center",2,5
5437,"early history",2,5
5438,"gaussian distribution functions",3,5
5439,"forming regions",2,5
5440,"halo nuclei",2,5
5441,"neutrino heated",2,5
5442,"experimentally observable",2,5
5443,"spectral index alpha",3,5
5444,"individual stars",2,5
5445,"sz effect",2,5
5446,"sunyaev zel dovich",3,5
5447,"diffusion monte carlo",3,5
5448,"intracluster medium icm",3,5
5449,"multipole expansion",2,5
5450,"colour magnitude diagrams",3,5
5451,"absorbing material",2,5
5452,"hb stars",2,5
5453,"resonant scattering",2,5
5454,"trace free",2,5
5455,"noncommutative spaces",2,5
5456,"induced representations",2,5
5457,"equation governing",2,5
5458,"transition probability distribution",3,5
5459,"algebro geometric",2,5
5460,"two dimensional irreducible",3,5
5461,"complete answer",2,5
5462,"mori theory",2,5
5463,"degeneracy loci",2,5
5464,"algebraic varieties",2,5
5465,"coherent sheaves",2,5
5466,"stable bundles over",3,5
5467,"cohomology classes",2,5
5468,"strikingly similar",2,5
5469,"vector bundles over",3,5
5470,"real algebraic",2,5
5471,"short proof",2,5
5472,"root systems",2,5
5473,"basic ingredients",2,5
5474,"principal bundles",2,5
5475,"viscous pressure",2,5
5476,"mixed phase",2,5
5477,"flipped su",2,5
5478,"weyl tensor",2,5
5479,"infinite momentum frame",3,5
5480,"friedmann robertson walker universes",4,5
5481,"third family",2,5
5482,"orbifold compactifications",2,5
5483,"simple lie",2,5
5484,"su nc gauge theory",4,5
5485,"dynamically broken",2,5
5486,"lambda overline ms",3,5
5487,"preferred frame",2,5
5488,"dominance model independent",3,5
5489,"light quark antiquark",3,5
5490,"valued functions",2,5
5491,"cumulant expansion",2,5
5492,"symmetry arguments",2,5
5493,"scaling limits",2,5
5494,"vanishing cosmological constant",3,5
5495,"quantum chromodynamics qcd",3,5
5496,"shell renormalization",2,5
5497,"strong cp problem",3,5
5498,"hard thermal loops",3,5
5499,"robertson walker universe",3,5
5500,"lattice gauge field",3,5
5501,"real scalar field",3,5
5502,"electromagnetic field equations",3,5
5503,"time interval",2,5
5504,"quasiclassical approximation",2,5
5505,"super riemann surfaces",3,5
5506,"ultra relativistic",2,5
5507,"boost invariant",2,5
5508,"missing energy",2,5
5509,"effective radii",2,5
5510,"hamiltonian constraint algebra",3,5
5511,"saddle points",2,5
5512,"chaotic attractor",2,5
5513,"generating functional",2,5
5514,"mc simulations",2,5
5515,"complete list",2,5
5516,"external magnetic",2,5
5517,"real scalar fields",3,5
5518,"infty algebras",2,5
5519,"nematic liquid crystals",3,5
5520,"vector meson dominance model",4,5
5521,"banks fischler shenker",3,5
5522,"symmetric spacetimes",2,5
5523,"broken down",2,5
5524,"hbar rightarrow",2,5
5525,"njl model",2,5
5526,"microscopic degrees",2,5
5527,"baryon states",2,5
5528,"ising like",2,5
5529,"minisuperspace models",2,5
5530,"atomic orbitals",2,5
5531,"mean field equations",3,5
5532,"non hermitian matrix",3,5
5533,"rule approach",2,5
5534,"mean curvature",2,5
5535,"laser interferometer",2,5
5536,"einstein rosen",2,5
5537,"einstein cartan",2,5
5538,"spherical shell model",3,5
5539,"spatial topology",2,5
5540,"barotropic equation",2,5
5541,"minisuperspace model",2,5
5542,"parametric amplification",2,5
5543,"knot invariant",2,5
5544,"timelike region",2,5
5545,"non riemannian",2,5
5546,"schwarzschild geometry",2,5
5547,"strong cosmic censorship",3,5
5548,"vlasov equation",2,5
5549,"thermodynamic behaviour",2,5
5550,"spin rotation",2,5
5551,"critical point correlation",3,5
5552,"assumptions concerning",2,5
5553,"predictive power",2,5
5554,"null infinity",2,5
5555,"binary fluid",2,5
5556,"boundary value",2,5
5557,"elastic scattering amplitudes",3,5
5558,"energy surfaces",2,5
5559,"equilibrium condition",2,5
5560,"angular diameter",2,5
5561,"s0 galaxies",2,5
5562,"roughly equal",2,5
5563,"hot dense matter",3,5
5564,"distance indicators",2,5
5565,"range forces",2,5
5566,"theoretical prediction",2,5
5567,"state eos",2,5
5568,"calan tololo",2,5
5569,"high enough",2,5
5570,"surface brightness profile",3,5
5571,"free energy dependence",3,5
5572,"primordial origin",2,5
5573,"vacuum decay",2,5
5574,"solar neutrino oscillation",3,5
5575,"boolean algebras",2,5
5576,"weakly first",2,5
5577,"rotation symmetry",2,5
5578,"hecke algebras",2,5
5579,"physical cross section",3,5
5580,"homogeneous magnetic field",3,5
5581,"partial width",2,5
5582,"rate equations",2,5
5583,"power laws",2,5
5584,"kaon condensate",2,5
5585,"low mass ratios",3,5
5586,"simple modification",2,5
5587,"velocity difference",2,5
5588,"numerical investigations",2,5
5589,"time ordered",2,5
5590,"error bars",2,5
5591,"single mode coupling",3,5
5592,"precise measurement",2,5
5593,"size scaling properties",3,5
5594,"two higgs doublets",3,5
5595,"rapidity distributions",2,5
5596,"diffractive dis",2,5
5597,"md ms",2,5
5598,"bc mesons",2,5
5599,"diffractive deep inelastic scattering dis",5,5
5600,"decreasing function f2",3,5
5601,"momentum transfers squared",3,5
5602,"parton density",2,5
5603,"proton centre",2,5
5604,"soft pomeron exchange",3,5
5605,"hadronic event",2,5
5606,"quark gluon vertex",3,5
5607,"ccfr data",2,5
5608,"minimum bias",2,5
5609,"heavy flavors",2,5
5610,"electro weak",2,5
5611,"charged particle multiplicity",3,5
5612,"asymmetry parameter",2,5
5613,"nu ell bar lambda",4,5
5614,"phi meson",2,5
5615,"charged pion",2,5
5616,"metal surfaces",2,5
5617,"electron phonon interaction",3,5
5618,"diatomic molecules",2,5
5619,"odd moments",2,5
5620,"ion collision",2,5
5621,"landau zener",2,5
5622,"weakly bound",2,5
5623,"anomalous scaling",2,5
5624,"phase transition probability",3,5
5625,"control parameter",2,5
5626,"pacs numbers",2,5
5627,"splitting problem",2,5
5628,"breaking occurs",2,5
5629,"rayleigh ritz",2,5
5630,"temporal extension",2,5
5631,"exponent eta",2,5
5632,"per plaquette",2,5
5633,"hubbard hamiltonian",2,5
5634,"friction force",2,5
5635,"cantor set",2,5
5636,"level curvatures",2,5
5637,"quantitative description",2,5
5638,"higgs boson couplings",3,5
5639,"mass splitting",2,5
5640,"hep lat",2,5
5641,"dynamical wilson",2,5
5642,"nearest neighbour interaction",3,5
5643,"variational calculation",2,5
5644,"eta prime",2,5
5645,"improved perturbation theory",3,5
5646,"breit frame",2,5
5647,"perturbative series",2,5
5648,"block spin",2,5
5649,"tadpole improved",2,5
5650,"semi leptonic",2,5
5651,"hadron spectroscopy",2,5
5652,"lowest lying",2,5
5653,"fixed connectivity",2,5
5654,"standard wilson",2,5
5655,"rotational invariance",2,5
5656,"light ratios",2,5
5657,"vortex like",2,5
5658,"binding model",2,5
5659,"first excited states",3,5
5660,"chiral random",2,5
5661,"state potts models",3,5
5662,"theoretical techniques",2,5
5663,"vibrational excitations",2,5
5664,"protein folding transition",3,5
5665,"noun phrases",2,5
5666,"large corpus",2,5
5667,"oriented parsing",2,5
5668,"seesaw mechanism",2,5
5669,"color suppressed",2,5
5670,"gim mechanism",2,5
5671,"debye screening",2,5
5672,"rare radiative",2,5
5673,"color octet matrix elements",4,5
5674,"nrqcd factorization formalism",3,5
5675,"inflaton field theory",3,5
5676,"longitudinal structure functions",3,5
5677,"charmonium suppression",2,5
5678,"non decoupling",2,5
5679,"apparent excess",2,5
5680,"toy models",2,5
5681,"cabibbo kobayashi maskawa ckm",4,5
5682,"regge trajectories",2,5
5683,"factorization formalism",2,5
5684,"see saw",2,5
5685,"mssm parameter",2,5
5686,"suppressed relative",2,5
5687,"light higgs bosons",3,5
5688,"low mass matrices",3,5
5689,"cdf ee gamma et event",5,5
5690,"ua breaking",2,5
5691,"inflaton decay",2,5
5692,"particle antiparticle",2,5
5693,"gluon densities",2,5
5694,"leading logarithmic",2,5
5695,"hot hadronic matter",3,5
5696,"super kamiokande",2,5
5697,"qcd sum rule approach",4,5
5698,"susy grand unification",3,5
5699,"minimal supersymmetric qcd corrections",4,5
5700,"conductivity sigma",2,5
5701,"dual ginzburg landau theory",4,5
5702,"momentum distribution function",3,5
5703,"z0 peak",2,5
5704,"presently available",2,5
5705,"lepton flavor",2,5
5706,"quark pair",2,5
5707,"lepton pair",2,5
5708,"et jet",2,5
5709,"non perturbative qcd corrections",4,5
5710,"baryon transitions",2,5
5711,"automatic computation",2,5
5712,"proton beams",2,5
5713,"flavor asymmetry",2,5
5714,"bar nu ell",3,5
5715,"perturbative qcd sum rules",4,5
5716,"drell yan production",3,5
5717,"gottfried sum rule",3,5
5718,"non leptonic decays",3,5
5719,"quark gluon distribution functions",4,5
5720,"forward jets",2,5
5721,"meson dominance",2,5
5722,"dilepton spectra",2,5
5723,"string fragmentation",2,5
5724,"diffractive processes",2,5
5725,"bs decays",2,5
5726,"direct detection rates",3,5
5727,"virtual photon approximation",3,5
5728,"soft final",2,5
5729,"large rapidity gaps",3,5
5730,"inelastic scattering processes",3,5
5731,"large nc expansion",3,5
5732,"virtual photons",2,5
5733,"many body system",3,5
5734,"leading logarithmic corrections",3,5
5735,"anomalous chromomagnetic",2,5
5736,"bound state interactions",3,5
5737,"antiquark pair",2,5
5738,"cayley tree",2,5
5739,"hera vec",2,5
5740,"itinerant electron",2,5
5741,"wigner crystal",2,5
5742,"relaxation time dependence",3,5
5743,"unconventional superconductors",2,5
5744,"mesoscopic conductors",2,5
5745,"nearest neighbor interactions",3,5
5746,"dynamic scaling",2,5
5747,"long wavelength limit",3,5
5748,"fermi surface density",3,5
5749,"half integer quantum",3,5
5750,"doped antiferromagnets",2,5
5751,"asymmetric exclusion",2,5
5752,"nearly antiferromagnetic",2,5
5753,"depinning transition",2,5
5754,"sandpile model",2,5
5755,"glass phase",2,5
5756,"pairing interaction",2,5
5757,"thermally activated",2,5
5758,"upper critical behavior",3,5
5759,"self consistent hartree approximation",4,5
5760,"percolation threshold",2,5
5761,"dimensional electron phonon",3,5
5762,"spin glass transition",3,5
5763,"filling fractions",2,5
5764,"uniform magnetic susceptibility",3,5
5765,"junction arrays",2,5
5766,"granular material",2,5
5767,"jahn teller",2,5
5768,"luttinger liquid theory",3,5
5769,"shot noise",2,5
5770,"j2 j1",2,5
5771,"trial wave function",3,5
5772,"quasiparticle random phase",3,5
5773,"sherrington kirkpatrick",2,5
5774,"frustrated heisenberg model",3,5
5775,"approximation lda",2,5
5776,"spin orbit coupling",3,5
5777,"inter layer",2,5
5778,"bloch oscillations",2,5
5779,"saturated ferromagnetism",2,5
5780,"power law behaviour",3,5
5781,"level repulsion",2,5
5782,"density matrix renormalization group",4,5
5783,"friction coefficient",2,5
5784,"carbon nanotubes",2,5
5785,"angle resolved photoemission",3,5
5786,"critical exponent nu",3,5
5787,"shubnikov de haas",3,5
5788,"finite temperature superconductors",3,5
5789,"electric charge transport",3,5
5790,"density matrix renormalization group dmrg",5,5
5791,"time dependent hartree approximation",4,5
5792,"random sequential",2,5
5793,"incommensurate spin",2,5
5794,"elastic scattering amplitude",3,5
5795,"magnetic response",2,5
5796,"drude weight",2,5
5797,"proximity effect",2,5
5798,"metallic phase transition metal insulator",5,5
5799,"microscopic analysis",2,5
5800,"edwards anderson",2,5
5801,"x2-y2 pairing",2,5
5802,"quantitative explanation",2,5
5803,"easy plane",2,5
5804,"mean field strength",3,5
5805,"externally imposed",2,5
5806,"quantized hall",2,5
5807,"spin triplet",2,5
5808,"e2 pi",2,5
5809,"relativistic mean field theory",4,5
5810,"coherent pion production",3,5
5811,"dilepton production",2,5
5812,"nuclear multifragmentation",2,5
5813,"eikonal approximation",2,5
5814,"nn interaction",2,5
5815,"pi rho omega rightarrow",4,5
5816,"strangeness radius",2,5
5817,"pi0 eta",2,5
5818,"light cone qcd",3,5
5819,"disoriented chiral condensate dcc",4,5
5820,"bfkl pomeron",2,5
5821,"partial decay width",3,5
5822,"stringent bounds",2,5
5823,"hard exclusive",2,5
5824,"qualitative difference",2,5
5825,"run ii",2,5
5826,"lipid bilayer",2,5
5827,"conductance peak",2,5
5828,"spatial correlation function",3,5
5829,"homology 3-spheres",2,5
5830,"colored jones polynomial",3,5
5831,"enveloping algebras",2,5
5832,"braided group",2,5
5833,"gell mann",2,4
5834,"magnetic monopole solutions",3,4
5835,"partial wave functions",3,4
5836,"ion trap quantum computer",4,4
5837,"coherent superposition",2,4
5838,"zeno effect",2,4
5839,"mutual information",2,4
5840,"depolarizing channel",2,4
5841,"upper bound state",3,4
5842,"ion trap",2,4
5843,"restrict ourselves",2,4
5844,"non overlapping",2,4
5845,"stern gerlach",2,4
5846,"born oppenheimer approximation",3,4
5847,"quantum logic",2,4
5848,"boson mean",2,4
5849,"probability amplitude",2,4
5850,"wave function psi",3,4
5851,"imaginary time evolution",3,4
5852,"path integration",2,4
5853,"second quantization procedure",3,4
5854,"quantized radiation",2,4
5855,"quantum field theoretical",3,4
5856,"quantum brownian motion",3,4
5857,"quaternionic quantum mechanics",3,4
5858,"quantum field theoretical description",4,4
5859,"indefinite metric",2,4
5860,"maximum number",2,4
5861,"partial waves",2,4
5862,"path integral equations",3,4
5863,"classically chaotic systems",3,4
5864,"deformed oscillator",2,4
5865,"steady state diffusion",3,4
5866,"simplifying assumptions",2,4
5867,"hermite polynomials",2,4
5868,"finite temperature expansions",3,4
5869,"duality invariant under",3,4
5870,"coulomb phase transitions",3,4
5871,"non abelian chern simons",4,4
5872,"field theory compactified",3,4
5873,"chan paton",2,4
5874,"open string theories",3,4
5875,"massive thirring",2,4
5876,"discretized light cone",3,4
5877,"odd dimensions",2,4
5878,"extremal limit",2,4
5879,"gravitational lensing properties",3,4
5880,"integer spins",2,4
5881,"non trivial fixed point",4,4
5882,"kac moody",2,4
5883,"coset space",2,4
5884,"relativistic gravity",2,4
5885,"dual sigma models",3,4
5886,"pauli villars regularization scheme",4,4
5887,"long distance behavior",3,4
5888,"gyromagnetic ratio",2,4
5889,"differential calculi",2,4
5890,"eigenvalue problems",2,4
5891,"born oppenheimer",2,4
5892,"omega rightarrow",2,4
5893,"spontaneously broken phase",3,4
5894,"open bosonic string",3,4
5895,"instanton background",2,4
5896,"renormalization group flow equations",4,4
5897,"2-d dilaton gravity",3,4
5898,"pure gauge transformations",3,4
5899,"eleven dimensional supergravity theories",4,4
5900,"type iia string",3,4
5901,"self adjoint operator",3,4
5902,"eleven dimensional supergravity",3,4
5903,"star products",2,4
5904,"volume preserving diffeomorphisms",3,4
5905,"renormalization group theoretical",3,4
5906,"fine structure function",3,4
5907,"qcd vacuum states",3,4
5908,"reversal symmetry",2,4
5909,"supersymmetric gauge field theory",4,4
5910,"apparent discrepancy",2,4
5911,"integrating over",2,4
5912,"dual gravity",2,4
5913,"heterotic string theories",3,4
5914,"strong coupling unification",3,4
5915,"high temperature dependent",3,4
5916,"chiral condensates",2,4
5917,"supersymmetric extreme black hole",4,4
5918,"gauge hierarchy",2,4
5919,"noncommutative geometric",2,4
5920,"graceful exit",2,4
5921,"yang mills higgs",3,4
5922,"dyson schwinger model",3,4
5923,"nambu jona lasinio njl",4,4
5924,"commutative geometry",2,4
5925,"loop diagrams",2,4
5926,"black hole evaporation",3,4
5927,"hartle hawking entropy",3,4
5928,"simple algebraic structure",3,4
5929,"phase spaces",2,4
5930,"neumann boundary conditions",3,4
5931,"magnetic duality",2,4
5932,"energy density perturbations",3,4
5933,"external magnetic field theory",4,4
5934,"higher orders",2,4
5935,"gauge field equations",3,4
5936,"angular momentum space",3,4
5937,"joyce manifolds",2,4
5938,"abelian gauge field theory",4,4
5939,"gauge field configurations",3,4
5940,"commuting operators",2,4
5941,"planck length",2,4
5942,"hadronic phase transition",3,4
5943,"picard fuchs",2,4
5944,"parameter space spanned",3,4
5945,"laplace operator",2,4
5946,"neumann boundary condition",3,4
5947,"path integration over",3,4
5948,"self dual chern simons",4,4
5949,"matter multiplets",2,4
5950,"multi scalar fields",3,4
5951,"partial differential operators",3,4
5952,"string vacua",2,4
5953,"lattice gauge fixing",3,4
5954,"external electromagnetic",2,4
5955,"yang mills instantons",3,4
5956,"dual yang mills theory",4,4
5957,"parameters entering",2,4
5958,"square integrable",2,4
5959,"odd integer",2,4
5960,"su principal",2,4
5961,"non negative squared",3,4
5962,"area preserving diffeomorphisms",3,4
5963,"green schwarz superstring theory",4,4
5964,"noncommutative differential calculus",3,4
5965,"hermitian matrix",2,4
5966,"non abelian chern simons theory",5,4
5967,"brane configuration",2,4
5968,"linear sigma",2,4
5969,"non abelian gauge field",4,4
5970,"hole background radiation",3,4
5971,"under reasonable",2,4
5972,"planck scale structure",3,4
5973,"local density contrast",3,4
5974,"elliptic quantum",2,4
5975,"skew symmetric",2,4
5976,"light cone gauge fields",4,4
5977,"building up",2,4
5978,"dielectric constant",2,4
5979,"magnetic duality transformation",3,4
5980,"few body systems",3,4
5981,"size scaling variable",3,4
5982,"witten model",2,4
5983,"supersymmetric gauge group",3,4
5984,"deformation parameter space",3,4
5985,"mass shell model",3,4
5986,"time dependent part",3,4
5987,"lambda phi4 theory",3,4
5988,"toda molecule",2,4
5989,"su infty algebra",3,4
5990,"light cone gauge theory",4,4
5991,"stochastic quantization",2,4
5992,"effective action functionals",3,4
5993,"alternating spins",2,4
5994,"thermodynamic bethe ansatz",3,4
5995,"skew symmetric spaces",3,4
5996,"internal space time",3,4
5997,"string susceptibility",2,4
5998,"zero momentum transfer",3,4
5999,"schwarzschild radii",2,4
6000,"einstein maxwell equations",3,4
6001,"moduli space time",3,4
6002,"lowest landau theory",3,4
6003,"renormalization scheme dependence",3,4
6004,"infinite series",2,4
6005,"qcd partition function",3,4
6006,"quantum field configurations",3,4
6007,"free path integral",3,4
6008,"gauge fixing condition",3,4
6009,"self dual yang mills theory",5,4
6010,"dirichlet boundary conditions",3,4
6011,"spontaneous breaking sector",3,4
6012,"adjoint higgs",2,4
6013,"fermions couple",2,4
6014,"exclusion statistics",2,4
6015,"irreducible representation",2,4
6016,"planck units",2,4
6017,"non relativistic mean field",4,4
6018,"killing vector",2,4
6019,"cartan matrix",2,4
6020,"non adiabatic approximation",3,4
6021,"curvature singularities",2,4
6022,"third order parameter",3,4
6023,"many body problems",3,4
6024,"eigenvalue distribution functions",3,4
6025,"star product",2,4
6026,"coupling strengths",2,4
6027,"infinite dimensional reduction",3,4
6028,"functional integration",2,4
6029,"algebraic decay",2,4
6030,"blown up",2,4
6031,"closely resemble",2,4
6032,"curved spacetimes",2,4
6033,"continuously varying",2,4
6034,"integer quantum field",3,4
6035,"globally coupled",2,4
6036,"vassiliev invariants",2,4
6037,"three body problem",3,4
6038,"anomalous scaling relations",3,4
6039,"semi direct",2,4
6040,"folding transition",2,4
6041,"infrared fixed",2,4
6042,"singularity free energy",3,4
6043,"enhanced gauge",2,4
6044,"neutral kaon system",3,4
6045,"eleventh dimension",2,4
6046,"lorentz invariant under",3,4
6047,"free parameter space",3,4
6048,"falls off",2,4
6049,"boundary value problem",3,4
6050,"infinite hierarchy",2,4
6051,"partial differential",2,4
6052,"solution represents",2,4
6053,"laurent series",2,4
6054,"toda lattices",2,4
6055,"orthogonal basis",2,4
6056,"thermodynamical limit",2,4
6057,"total spin chain",3,4
6058,"energy barrier",2,4
6059,"dual ginzburg landau",3,4
6060,"type ii superconductor",3,4
6061,"grain boundary",2,4
6062,"flux flow regime",3,4
6063,"nmr relaxation rate",3,4
6064,"hausdorff dimension",2,4
6065,"euler characteristic",2,4
6066,"complex valued",2,4
6067,"poisson lie algebra",3,4
6068,"semisimple lie group",3,4
6069,"real projective",2,4
6070,"codimension two",2,4
6071,"semi simple lie group",4,4
6072,"line bundles over",3,4
6073,"complex hilbert",2,4
6074,"almost complex structures",3,4
6075,"riemann tensor",2,4
6076,"fourth family",2,4
6077,"loop groups",2,4
6078,"giant hii",2,4
6079,"alpha emission line regions",4,4
6080,"disk instability",2,4
6081,"dominant source",2,4
6082,"galactic magnetic fields",3,4
6083,"maser emission",2,4
6084,"standard bbn",2,4
6085,"type ia",2,4
6086,"hawking effect",2,4
6087,"omega mixing",2,4
6088,"gamma ray luminosity",3,4
6089,"thermal comptonization",2,4
6090,"canada france",2,4
6091,"cosmic ray interactions",3,4
6092,"bl lac",2,4
6093,"sx phe",2,4
6094,"angular dependence",2,4
6095,"four year sky maps",4,4
6096,"extragalactic radio source",3,4
6097,"fitting formula",2,4
6098,"sources i.e",2,4
6099,"equatorial plane",2,4
6100,"cosmological constant lambda0",3,4
6101,"low energy cutoff",3,4
6102,"hubble space telescope hst observations",5,4
6103,"fundamental plane fp",3,4
6104,"projected mass distribution",3,4
6105,"dark matter content",3,4
6106,"stellar velocity dispersion",3,4
6107,"spectral synthesis models",3,4
6108,"hot spot",2,4
6109,"supernova sn 1987a",3,4
6110,"late type spiral",3,4
6111,"hubble expansion",2,4
6112,"synthesis models",2,4
6113,"her x-1",2,4
6114,"high energy cosmic ray flux",5,4
6115,"surface brightnesses",2,4
6116,"hot dark matter cdm models",5,4
6117,"light element",2,4
6118,"thermodynamic equilibrium",2,4
6119,"supermassive black holes",3,4
6120,"scalar perturbations",2,4
6121,"hi column densities",3,4
6122,"high metallicity",2,4
6123,"slowly moving",2,4
6124,"spatial sections",2,4
6125,"dwarf spheroidal galaxy clusters",4,4
6126,"intracluster medium",2,4
6127,"horizon crossing",2,4
6128,"dynamic range",2,4
6129,"civ absorption lines",3,4
6130,"small scale structure function",4,4
6131,"cosmological gamma ray bursts grbs",5,4
6132,"optical counterpart",2,4
6133,"almost flat",2,4
6134,"apparent magnitudes",2,4
6135,"vanishing cosmological",2,4
6136,"strong gravitational lensing",3,4
6137,"delayed detonations",2,4
6138,"galactic halo population",3,4
6139,"azimuthally symmetric",2,4
6140,"zero age",2,4
6141,"lorentz factor",2,4
6142,"sachs wolfe",2,4
6143,"quasi equilibrium",2,4
6144,"hi column density",3,4
6145,"dense nuclear",2,4
6146,"hubble flow",2,4
6147,"parametric family",2,4
6148,"stationary phase space",3,4
6149,"thermal history",2,4
6150,"energy window",2,4
6151,"active sterile neutrinos",3,4
6152,"primordial nucleosynthesis constraints",3,4
6153,"globular cluster ellipticals",3,4
6154,"radial flow",2,4
6155,"violating parameter",2,4
6156,"pairwise velocity dispersion",3,4
6157,"southern sky",2,4
6158,"faint object spectrograph",3,4
6159,"projected separations",2,4
6160,"hauser feshbach",2,4
6161,"uv continuum emission",3,4
6162,"scale lengths",2,4
6163,"massive compact objects machos",4,4
6164,"matter halos",2,4
6165,"small scale free",3,4
6166,"three flavor mixing",3,4
6167,"cnoc cluster",2,4
6168,"fluctuation spectrum",2,4
6169,"microwave background radiation",3,4
6170,"imaging spectrograph",2,4
6171,"spacing distribution",2,4
6172,"distance indicator",2,4
6173,"magnitude higher orders",3,4
6174,"barred galaxy ngc",3,4
6175,"super star",2,4
6176,"omega cdm",2,4
6177,"interstellar dust",2,4
6178,"galaxies i.e",2,4
6179,"late time evolution",3,4
6180,"mass loss rate",3,4
6181,"halo objects",2,4
6182,"hubble space time",3,4
6183,"metal deficient",2,4
6184,"advanced ligo",2,4
6185,"multiple images",2,4
6186,"cooling flow",2,4
6187,"distribution amplitudes",2,4
6188,"diffuse gamma rays",3,4
6189,"butcher oemler effect",3,4
6190,"hopkins ultraviolet spectra",3,4
6191,"infrared imaging",2,4
6192,"young supernova remnant",3,4
6193,"red shift",2,4
6194,"tensor perturbations",2,4
6195,"iron abundance",2,4
6196,"bulk motion",2,4
6197,"dwarf nova",2,4
6198,"radio continuum emission",3,4
6199,"magnitude limited",2,4
6200,"near infrared region",3,4
6201,"nearly constant",2,4
6202,"cobe satellite",2,4
6203,"specific frequency",2,4
6204,"solar value",2,4
6205,"emission line region",3,4
6206,"radio jet",2,4
6207,"time scale structure",3,4
6208,"photometric redshifts",2,4
6209,"scale structure function",3,4
6210,"forming galaxies",2,4
6211,"radiative cooling processes",3,4
6212,"metallicity distribution",2,4
6213,"low mass loss",3,4
6214,"gravitational microlensing events",3,4
6215,"stellar mass ratios",3,4
6216,"redshift distortion",2,4
6217,"zero crossing",2,4
6218,"qso absorbers",2,4
6219,"driven winds",2,4
6220,"bolometric luminosity",2,4
6221,"einstein ring radius",3,4
6222,"multidimensional cosmological",2,4
6223,"hydrodynamic code",2,4
6224,"iras redshift survey",3,4
6225,"millisecond pulsars",2,4
6226,"proper motions",2,4
6227,"linear growth",2,4
6228,"density inhomogeneities",2,4
6229,"band ccd",2,4
6230,"highly polarized",2,4
6231,"binary neutron star",3,4
6232,"cygnus x-3",2,4
6233,"emission line width",3,4
6234,"hydrogen burning",2,4
6235,"faint blue",2,4
6236,"quantum evaporation",2,4
6237,"range coulomb",2,4
6238,"pulsar psr",2,4
6239,"absorption line",2,4
6240,"passive evolution",2,4
6241,"young stellar population",3,4
6242,"redshift quasars",2,4
6243,"body simulation",2,4
6244,"dwarf galaxy population",3,4
6245,"hst wfpc2 images",3,4
6246,"lower frequencies",2,4
6247,"long time scale",3,4
6248,"spatial correlation",2,4
6249,"foreground stars",2,4
6250,"diffuse infrared background",3,4
6251,"temporal structure",2,4
6252,"reverse shock",2,4
6253,"hybrid monte carlo",3,4
6254,"sub keplerian",2,4
6255,"vacuum structure function",3,4
6256,"sight velocity dispersion",3,4
6257,"roughly half",2,4
6258,"ultra high",2,4
6259,"extragalactic background radiation",3,4
6260,"time varying",2,4
6261,"scales theta",2,4
6262,"individual galaxies",2,4
6263,"specific angular momentum",3,4
6264,"double well separated",3,4
6265,"low energy bands",3,4
6266,"he ii",2,4
6267,"open inflation",2,4
6268,"false vacuum",2,4
6269,"flattened dark matter halos",4,4
6270,"mg ii",2,4
6271,"existing numerical simulations",3,4
6272,"hard thermal component",3,4
6273,"small scale structure formation",4,4
6274,"standard model ssm",3,4
6275,"pulsar timing",2,4
6276,"precessing jets",2,4
6277,"merger rate",2,4
6278,"faint object",2,4
6279,"wide web",2,4
6280,"gravitational clustering",2,4
6281,"range part",2,4
6282,"long slit spectroscopy",3,4
6283,"comoving volume",2,4
6284,"transfer rate",2,4
6285,"neutrino telescopes",2,4
6286,"ultrahigh energy",2,4
6287,"ray luminous",2,4
6288,"quasi spherical",2,4
6289,"highly relativistic",2,4
6290,"function imf",2,4
6291,"starburst galaxies",2,4
6292,"optical wavelengths",2,4
6293,"remain valid",2,4
6294,"open universes",2,4
6295,"age estimates",2,4
6296,"high resolution spectroscopy",3,4
6297,"apparent magnitude",2,4
6298,"standard candles",2,4
6299,"probability distribution functions",3,4
6300,"weakly nonlinear",2,4
6301,"ultra high energy cosmic rays",5,4
6302,"masses per",2,4
6303,"hubble deep field hdf",4,4
6304,"inner region",2,4
6305,"spherical shell",2,4
6306,"pre main sequence stars",4,4
6307,"galactic superluminal",2,4
6308,"three body simulations",3,4
6309,"geodesic flow",2,4
6310,"angle distribution",2,4
6311,"velocity dispersion relation",3,4
6312,"angular momentum space time",4,4
6313,"cold dark matter particles",4,4
6314,"radio loud quasars",3,4
6315,"faint end",2,4
6316,"air shower",2,4
6317,"flavor mixing angles",3,4
6318,"coma cluster",2,4
6319,"galactic halo stars",3,4
6320,"time resolved",2,4
6321,"marginally stable",2,4
6322,"morphological type",2,4
6323,"parameter xi",2,4
6324,"long time dependence",3,4
6325,"stretched exponential",2,4
6326,"auto correlation function",3,4
6327,"high energy loss",3,4
6328,"nonzero temperature",2,4
6329,"red horizontal",2,4
6330,"ray timing",2,4
6331,"presently available data",3,4
6332,"narrow band imaging",3,4
6333,"atmospheric neutrino",2,4
6334,"distribution function xi",3,4
6335,"artificial neural networks",3,4
6336,"ionizing background",2,4
6337,"proportional counter",2,4
6338,"essentially constant",2,4
6339,"non crossing",2,4
6340,"large hadron colliders",3,4
6341,"multiplicative logarithmic",2,4
6342,"projective varieties",2,4
6343,"flag varieties",2,4
6344,"zariski closure",2,4
6345,"van der",2,4
6346,"symmetric hyperbolic form",3,4
6347,"hilbert scheme",2,4
6348,"integral representations",2,4
6349,"maximal abelian",2,4
6350,"complete intersections",2,4
6351,"weight representations",2,4
6352,"blowing up",2,4
6353,"braided line",2,4
6354,"genus zero",2,4
6355,"generalized kac moody",3,4
6356,"conjugacy classes",2,4
6357,"complex projective spaces",3,4
6358,"hodge structure",2,4
6359,"first excited state",3,4
6360,"open string theory",3,4
6361,"riemann curvature",2,4
6362,"locally anisotropic superspaces",3,4
6363,"generic 2d dilaton",3,4
6364,"steady states",2,4
6365,"gaussian fixed",2,4
6366,"navier stokes equation",3,4
6367,"breaking sector",2,4
6368,"clifford algebras",2,4
6369,"miura transformation",2,4
6370,"dilaton field",2,4
6371,"coleman weinberg",2,4
6372,"light quark mass spectrum",4,4
6373,"mass matrices",2,4
6374,"reparametrization invariant",2,4
6375,"chern simons gauge fields",4,4
6376,"initial data set",3,4
6377,"tensor multiplet",2,4
6378,"percolation universality",2,4
6379,"direct connection",2,4
6380,"absorption coefficient",2,4
6381,"four fermion mass generation",4,4
6382,"massive dirac",2,4
6383,"grand canonical partition function",4,4
6384,"light gravitino mass",3,4
6385,"multi loop",2,4
6386,"brane bound states",3,4
6387,"two dimensional ising models",4,4
6388,"su principal chiral",3,4
6389,"running coupling constants",3,4
6390,"strangeness content",2,4
6391,"magnetic field theoretic",3,4
6392,"alexander conway polynomial",3,4
6393,"target space time",3,4
6394,"vacuum expectation",2,4
6395,"newtonian limit",2,4
6396,"non zero modes",3,4
6397,"pole mass",2,4
6398,"exponentially suppressed",2,4
6399,"functional derivatives",2,4
6400,"spatial curvature singularity",3,4
6401,"baryon chiral symmetry",3,4
6402,"effective supergravity theories",3,4
6403,"mass mh mw",3,4
6404,"fermion mass generation",3,4
6405,"quartic coupling",2,4
6406,"fully relativistic",2,4
6407,"baby universes",2,4
6408,"manifestly gauge",2,4
6409,"hadron spectrum",2,4
6410,"de sitter background",3,4
6411,"inclusive rate",2,4
6412,"spherical harmonic",2,4
6413,"topologically inequivalent",2,4
6414,"initial state interactions",3,4
6415,"non linear sigma models",4,4
6416,"schr odinger functional theory",4,4
6417,"tricritical point",2,4
6418,"highest weight modules",3,4
6419,"crossing symmetry",2,4
6420,"gaussian orthogonal",2,4
6421,"non negative energy",3,4
6422,"discretely self similar",3,4
6423,"innermost stable orbit",3,4
6424,"junction conditions",2,4
6425,"nearly degenerate",2,4
6426,"event horizon area",3,4
6427,"weak gravitational field theory",4,4
6428,"globally hyperbolic",2,4
6429,"newtonian cosmology",2,4
6430,"balance equation",2,4
6431,"fluid element",2,4
6432,"double darboux",2,4
6433,"orbits around",2,4
6434,"hadronic matter",2,4
6435,"quasilocal energy",2,4
6436,"conclusions drawn",2,4
6437,"outer communications",2,4
6438,"symmetric phase transitions",3,4
6439,"kardar parisi zhang equation",4,4
6440,"radiation field equations",3,4
6441,"short duration",2,4
6442,"nucleation rate",2,4
6443,"power series expansion",3,4
6444,"casimir operator",2,4
6445,"langevin equations",2,4
6446,"hyperbolic manifolds",2,4
6447,"space time evolution equations",4,4
6448,"critical exponent gamma",3,4
6449,"shear viscosity",2,4
6450,"electric field configurations",3,4
6451,"axis ratio",2,4
6452,"blue galaxies",2,4
6453,"einstein ring",2,4
6454,"profile fitting",2,4
6455,"surface tension sigma",3,4
6456,"galactic disk galaxies",3,4
6457,"orbital periods",2,4
6458,"cosmic ray flux",3,4
6459,"highest energies",2,4
6460,"correlation function xi",3,4
6461,"accreting neutron star",3,4
6462,"pauli exclusion principle",3,4
6463,"gaussian initial conditions",3,4
6464,"liquid drop",2,4
6465,"dot systems",2,4
6466,"theoretical estimates",2,4
6467,"light element abundances",3,4
6468,"quasi exactly",2,4
6469,"julia set",2,4
6470,"absolutely continuous",2,4
6471,"prehomogeneous vector",2,4
6472,"open 3-manifolds",2,4
6473,"unstable periodic orbits",3,4
6474,"poorly constrained",2,4
6475,"line width",2,4
6476,"co emission",2,4
6477,"dipole moments",2,4
6478,"clear indication",2,4
6479,"approx mev",2,4
6480,"broken phase ordering",3,4
6481,"continuum emission lines",3,4
6482,"anomalous magnetic field",3,4
6483,"current experimental information",3,4
6484,"baryon number density",3,4
6485,"cut offs",2,4
6486,"diffusion constant",2,4
6487,"inflaton field",2,4
6488,"liquid drop model",3,4
6489,"sparse data",2,4
6490,"smoothly varying",2,4
6491,"large rapidity gap",3,4
6492,"mass difference delta",3,4
6493,"low q2 gev2",3,4
6494,"nlo qcd",2,4
6495,"factorization hypothesis",2,4
6496,"pion gas",2,4
6497,"lightest supersymmetric particle",3,4
6498,"chargino mass",2,4
6499,"ckm matrix element",3,4
6500,"slac linear collider",3,4
6501,"log approximation",2,4
6502,"bottom quark",2,4
6503,"psi phi meson",3,4
6504,"gap events",2,4
6505,"tilde nu",2,4
6506,"susy grand unified theories",4,4
6507,"charged pions",2,4
6508,"electron positron pair production",4,4
6509,"neutral gauge boson",3,4
6510,"sigma omega rightarrow",3,4
6511,"qcd expectations",2,4
6512,"disoriented chiral condensates",3,4
6513,"charged particle production",3,4
6514,"charmed meson decays",3,4
6515,"strange particles",2,4
6516,"overline ms scheme",3,4
6517,"fourth generation",2,4
6518,"gamma et",2,4
6519,"diphoton events",2,4
6520,"neutrino interactions",2,4
6521,"free energy surfaces",3,4
6522,"ab initio molecular dynamics",4,4
6523,"low frequency omega",3,4
6524,"pressure dependence",2,4
6525,"angle resolved photoemission spectra",4,4
6526,"bulk modulus",2,4
6527,"quantum monte carlo calculations",4,4
6528,"gaas quantum",2,4
6529,"plane wave functions",3,4
6530,"laser field",2,4
6531,"inelastic electron",2,4
6532,"coulomb excitation",2,4
6533,"interacting bose gas",3,4
6534,"turbulent flows",2,4
6535,"kuramoto sivashinsky",2,4
6536,"complex ginzburg landau",3,4
6537,"autocorrelation function",2,4
6538,"lorentz gas",2,4
6539,"random velocity field",3,4
6540,"navier stokes equations",3,4
6541,"classical level spacing",3,4
6542,"statistical mechanical systems",3,4
6543,"spatially localized",2,4
6544,"radial distribution function",3,4
6545,"self energy spectrum",3,4
6546,"anomalous scaling behavior",3,4
6547,"spectral statistics",2,4
6548,"correlation length xi",3,4
6549,"experimental errors",2,4
6550,"paramagnetic phase transitions",3,4
6551,"4d simplicial gravity",3,4
6552,"non compact qed",3,4
6553,"temporal extent",2,4
6554,"lightest scalar",2,4
6555,"exponents nu",2,4
6556,"standard wilson fermions",3,4
6557,"efficient monte carlo",3,4
6558,"phase transition form",3,4
6559,"heavy quark mass shell",4,4
6560,"finite size scaling region",4,4
6561,"approximate scaling",2,4
6562,"sul otimes ur",3,4
6563,"dynamic critical behavior",3,4
6564,"quarkonium decays",2,4
6565,"quantum monte carlo algorithm",4,4
6566,"baryon chiral lagrangian",3,4
6567,"critical temperature tc",3,4
6568,"deconfining phase transition",3,4
6569,"spatial distribution functions",3,4
6570,"lattice qcd corrections",3,4
6571,"heavy quark mass splitting",4,4
6572,"field theoretic",2,4
6573,"monte carlo studies",3,4
6574,"b0 mixing",2,4
6575,"beta decay constants",3,4
6576,"clover action",2,4
6577,"hadron scattering",2,4
6578,"non relativistic corrections",3,4
6579,"lowest order parameter",3,4
6580,"unit length",2,4
6581,"anomalous magnetic",2,4
6582,"translation system",2,4
6583,"information retrieval",2,4
6584,"computational linguistics",2,4
6585,"statistical language models",3,4
6586,"transition occurring",2,4
6587,"diffusion limited",2,4
6588,"dynamic exponent",2,4
6589,"parity violating interactions",3,4
6590,"multi regge",2,4
6591,"monte carlo event generators",4,4
6592,"weak coupling constants",3,4
6593,"precision electroweak data",3,4
6594,"charged lepton universality",3,4
6595,"lightest higgs",2,4
6596,"two higgs bosons",3,4
6597,"extra vector like",3,4
6598,"soft gluons",2,4
6599,"deep inelastic neutron",3,4
6600,"polar angle",2,4
6601,"particle production mechanisms",3,4
6602,"soft photon approximation",3,4
6603,"soft pomeron",2,4
6604,"polarized pp",2,4
6605,"longitudinal structure function fl",4,4
6606,"doublet triplet splitting problem",4,4
6607,"supersymmetric gauge mediated supersymmetry breaking",5,4
6608,"cumulant moments",2,4
6609,"soft gluon density",3,4
6610,"neutrinoless double beta decay",4,4
6611,"diffractive structure function",3,4
6612,"zero temperature dependent",3,4
6613,"quark gluon fragmentation",3,4
6614,"heavy quark diquark model",4,4
6615,"flavor dependent",2,4
6616,"large q2 dependence",3,4
6617,"color dipole",2,4
6618,"diffractive structure function f2",4,4
6619,"baryon chiral",2,4
6620,"charmonium production rate",3,4
6621,"ge gev",2,4
6622,"phi mesons",2,4
6623,"isospin symmetry breaking",3,4
6624,"parity conservation",2,4
6625,"inclusive semileptonic decay",3,4
6626,"right handed neutrino",3,4
6627,"multi jet",2,4
6628,"alphas q2 evolution equations",4,4
6629,"hard thermal loop",3,4
6630,"collinear singularities",2,4
6631,"monte carlo event generator",4,4
6632,"cabibbo kobayashi maskawa",3,4
6633,"cone wave functions",3,4
6634,"rare decay rate",3,4
6635,"leading log approximation",3,4
6636,"two loop electroweak",3,4
6637,"affleck dine",2,4
6638,"leading logarithm",2,4
6639,"et jet production",3,4
6640,"fusion process",2,4
6641,"infinite nuclear matter",3,4
6642,"breaking minima",2,4
6643,"partial wave amplitudes",3,4
6644,"mass hierarchy",2,4
6645,"squark mixing",2,4
6646,"dimensionless parameters",2,4
6647,"strong cp",2,4
6648,"full qcd corrections",3,4
6649,"hadronic matrix models",3,4
6650,"rule analysis",2,4
6651,"light front qcd",3,4
6652,"kinematical cuts",2,4
6653,"relativistic heavy ion",3,4
6654,"parton cascade",2,4
6655,"axial vector currents",3,4
6656,"heavy quark fragmentation",3,4
6657,"rotation symmetry breaking",3,4
6658,"gauge mediated supersymmetry breaking",4,4
6659,"slope parameter",2,4
6660,"fragmentation function",2,4
6661,"ultrarelativistic heavy ion",3,4
6662,"multiple scattering processes",3,4
6663,"transition form factor",3,4
6664,"rho omega rightarrow",3,4
6665,"many particle physics",3,4
6666,"lund string",2,4
6667,"final state interactions fsi",4,4
6668,"qcd dipole picture",3,4
6669,"soft gluon emission",3,4
6670,"dirac sea",2,4
6671,"large logarithms",2,4
6672,"polarized target",2,4
6673,"many body interactions",3,4
6674,"doping dependence",2,4
6675,"filled landau level",3,4
6676,"transmission coefficient",2,4
6677,"raman spectra",2,4
6678,"band hubbard",2,4
6679,"charge response",2,4
6680,"semiconductor quantum",2,4
6681,"differential conductance",2,4
6682,"filling fraction nu",3,4
6683,"directed polymers",2,4
6684,"defect free",2,4
6685,"vortex glass transition",3,4
6686,"replica symmetry",2,4
6687,"periodic anderson model",3,4
6688,"fock bogoliubov",2,4
6689,"magnus force",2,4
6690,"avalanche size distribution",3,4
6691,"nearly half filling",3,4
6692,"critical point correlation functions",4,4
6693,"interaction strengths",2,4
6694,"bond percolation",2,4
6695,"photoemission spectra",2,4
6696,"dimensional kondo lattice",3,4
6697,"charge transport properties",3,4
6698,"hbar omega",2,4
6699,"electron hole symmetry",3,4
6700,"domain size distribution",3,4
6701,"single layer quantum",3,4
6702,"anderson localization",2,4
6703,"scaling forms",2,4
6704,"density matrix models",3,4
6705,"infinite dimensional electron",3,4
6706,"mott transition",2,4
6707,"two dimensional superconductor",3,4
6708,"spinodal decomposition",2,4
6709,"bose einstein condensates",3,4
6710,"spin glass phase transition",4,4
6711,"sneppen model",2,4
6712,"random hopping",2,4
6713,"low energy density matrix",4,4
6714,"interface depinning transition",3,4
6715,"weak localization correction",3,4
6716,"states dos",2,4
6717,"josephson junctions",2,4
6718,"first order melting",3,4
6719,"coulomb gap",2,4
6720,"plane wave pairing",3,4
6721,"abelian sandpile model",3,4
6722,"nearest neighbor hopping",3,4
6723,"josephson coupling",2,4
6724,"magnus force acting",3,4
6725,"wave superconductivity",2,4
6726,"ring geometry",2,4
6727,"high tc superconductivity",3,4
6728,"renormalization group improved perturbation theory",5,4
6729,"spin wave sdw",3,4
6730,"coulomb blockade regime",3,4
6731,"anisotropic harmonic trap",3,4
6732,"short range antiferromagnetic exchange",4,4
6733,"renormalization group dmrg",3,4
6734,"paramagnetic phase",2,4
6735,"gaas algaas heterostructures",3,4
6736,"external electric field",3,4
6737,"quantum monte",2,4
6738,"superconducting thin films",3,4
6739,"semi infinite dimensional",3,4
6740,"mesoscopic ring",2,4
6741,"aharonov bohm flux",3,4
6742,"point contacts",2,4
6743,"kondo lattice",2,4
6744,"negatively charged",2,4
6745,"carrier concentration",2,4
6746,"reaction diffusion limited",3,4
6747,"low lying within",3,4
6748,"dimensional ising",2,4
6749,"phonon coupling",2,4
6750,"response functions",2,4
6751,"ii superconductors",2,4
6752,"optical phonons",2,4
6753,"phase boundary condition",3,4
6754,"correlation length exponent",3,4
6755,"bose glass",2,4
6756,"wave pairing",2,4
6757,"low energy density fluctuations",4,4
6758,"mott insulator transition metal",4,4
6759,"breathing modes",2,4
6760,"continuum percolation",2,4
6761,"two point contact",3,4
6762,"spiral structure",2,4
6763,"near half plane",3,4
6764,"high energy gap",3,4
6765,"pseudoscalar meson photoproduction",3,4
6766,"bombarding energy",2,4
6767,"heavy ion collision",3,4
6768,"fully differential",2,4
6769,"gamow teller",2,4
6770,"kaon production",2,4
6771,"pf shell model",3,4
6772,"constant mean field theory",4,4
6773,"axial vector meson",3,4
6774,"strong interaction strength",3,4
6775,"compound nucleus",2,4
6776,"hard exclusive reactions",3,4
6777,"spin averaged",2,4
6778,"dirac brueckner",2,4
6779,"meson exchange currents",3,4
6780,"few body",2,4
6781,"strangeness enhancement",2,4
6782,"doubly magic",2,4
6783,"directed flow",2,4
6784,"neutral pion",2,4
6785,"density wave functions",3,4
6786,"parity violating electron",3,4
6787,"charged particles emitted",3,4
6788,"neutron rich nuclei",3,4
6789,"relativistic heavy quark matter",4,4
6790,"non relativistic quark",3,4
6791,"extreme conditions",2,4
6792,"low mass dileptons",3,4
6793,"pseudoscalar meson exchange",3,4
6794,"quark gluon plasma formation",4,4
6795,"elastic scattering processes",3,4
6796,"scattering lengths",2,4
6797,"scalar isoscalar",2,4
6798,"particles emitted",2,4
6799,"leading order nlo corrections",4,4
6800,"supersymmetric qcd correction",3,4
6801,"order alphas3",2,4
6802,"mass shell renormalization scheme",4,4
6803,"universal soft supersymmetry breaking",4,4
6804,"precision electroweak scale",3,4
6805,"transversely polarised",2,4
6806,"pion nucleon system",3,4
6807,"wave vector meson",3,4
6808,"qcd vacuum condensates",3,4
6809,"strange sea",2,4
6810,"leptoquark pair production",3,4
6811,"pomeron coupling",2,4
6812,"gluon fragmentation",2,4
6813,"precision tests",2,4
6814,"light gluinos",2,4
6815,"co june-12 july",3,4
6816,"new physics snowmass96 snowmass",4,4
6817,"higher order parameter",3,4
6818,"three jet production",3,4
6819,"model mssm",2,4
6820,"tight binding hamiltonian",3,4
6821,"site diluted",2,4
6822,"incommensurate spin wave",3,4
6823,"lowest landau",2,4
6824,"organic conductors",2,4
6825,"orbital magnetism",2,4
6826,"dwell time",2,4
6827,"orientational order",2,4
6828,"superalgebra uq",2,4
6829,"braided hopf algebras",3,4
6830,"universal enveloping algebra",3,4
6831,"bispectral operators",2,4
6832,"uq hat frak",3,4
6833,"uq hat",2,4
6834,"peripheral collisions",2,4
6835,"external electric fields",3,3
6836,"large distance part",3,3
6837,"quantum computer code",3,3
6838,"off diagonal elements",3,3
6839,"spin wave vectors",3,3
6840,"half line profiles",3,3
6841,"harmonic oscillator algebra",3,3
6842,"trapped ions",2,3
6843,"phase space time dependence",4,3
6844,"quantum bit commitment",3,3
6845,"bohm type",2,3
6846,"particle spectral properties",3,3
6847,"quantum error correction schemes",4,3
6848,"quantum entanglement",2,3
6849,"near threshold value",3,3
6850,"bit commitment",2,3
6851,"power series expansions",3,3
6852,"ideally suited",2,3
6853,"quantum teleportation",2,3
6854,"direct sum over",3,3
6855,"evolution operator product expansion",4,3
6856,"hamilton jacobi equation",3,3
6857,"non relativistic kinematics",3,3
6858,"off diagonal long range",4,3
6859,"canonical transformations",2,3
6860,"state diffusion equation",3,3
6861,"fluctuation dissipation",2,3
6862,"non zero frequency",3,3
6863,"radiation field theory",3,3
6864,"trap quantum",2,3
6865,"quantum interference patterns",3,3
6866,"infrared stable fixed",3,3
6867,"experimental realization",2,3
6868,"poincare group approach",3,3
6869,"harmonic trap",2,3
6870,"simple analytic expressions",3,3
6871,"short time dependent",3,3
6872,"ramond field theory",3,3
6873,"type iia iib",3,3
6874,"susy yang mills",3,3
6875,"left moving",2,3
6876,"strong magnetic monopole",3,3
6877,"open bosonic",2,3
6878,"three dimensional minkowski space",4,3
6879,"ordinary differential calculus",3,3
6880,"quasi exactly solvable models",4,3
6881,"pure gauge groups",3,3
6882,"zero momentum dependence",3,3
6883,"abelian bosonization",2,3
6884,"operator valued functions",3,3
6885,"yukawa coupling constants",3,3
6886,"non associative",2,3
6887,"square lattice gas",3,3
6888,"semi classical level",3,3
6889,"superconformal algebras",2,3
6890,"supersymmetric nonlinear sigma model",4,3
6891,"fixed point like",3,3
6892,"algebraic structure functions",3,3
6893,"schr odinger functional",3,3
6894,"non vanishing cosmological constant",4,3
6895,"finite temperature series expansions",4,3
6896,"dimensional einstein maxwell",3,3
6897,"supersymmetric extreme",2,3
6898,"dimension five dimensions",3,3
6899,"translational invariance under",3,3
6900,"theta vacuum",2,3
6901,"fock spaces",2,3
6902,"canonical commutation relations",3,3
6903,"generic feature",2,3
6904,"su wzw",2,3
6905,"non minimal supersymmetric gauge theory",5,3
6906,"operator product expansions",3,3
6907,"ultraviolet divergences",2,3
6908,"magnetic flux phi",3,3
6909,"nambu goldstone bosons",3,3
6910,"wheeler de witt",3,3
6911,"gauge group factors",3,3
6912,"measurable quantities",2,3
6913,"vacuum angle",2,3
6914,"generating functional theory",3,3
6915,"path integral quantization",3,3
6916,"abelian vector multiplets",3,3
6917,"wzw theories",2,3
6918,"quantum group rg",3,3
6919,"yang mills chern simons theory",5,3
6920,"massive black hole",3,3
6921,"non abelian vector",3,3
6922,"scattering amplitude equation",3,3
6923,"type ii string theories",4,3
6924,"landau gauge theory",3,3
6925,"self dual yang mills instantons",5,3
6926,"sub leading order",3,3
6927,"space time derivative",3,3
6928,"ller scattering",2,3
6929,"field theoretical models",3,3
6930,"weak coupling constant",3,3
6931,"chern simons coefficient",3,3
6932,"adm energy",2,3
6933,"constant magnetic field equations",4,3
6934,"superstring vacua",2,3
6935,"five form",2,3
6936,"suitably chosen",2,3
6937,"massless scalar field",3,3
6938,"self dual chern simons theory",5,3
6939,"nf nc",2,3
6940,"non extreme",2,3
6941,"rotating black hole entropy",4,3
6942,"renormalization group flows",3,3
6943,"dynamical symmetry breaking occurs",4,3
6944,"exponentially suppressed relative",3,3
6945,"rg approach",2,3
6946,"rotating black",2,3
6947,"theta vacuum states",3,3
6948,"lippmann schwinger",2,3
6949,"four dimensional supergravity",3,3
6950,"light cone quantization",3,3
6951,"logarithmic conformal field theory",4,3
6952,"four point correlation functions",4,3
6953,"magnetically charged black hole solutions",5,3
6954,"calabi yau three dimensions",4,3
6955,"generalized heisenberg ferromagnet",3,3
6956,"front qcd",2,3
6957,"extremal black hole solution",4,3
6958,"master field theory",3,3
6959,"boson mass distribution",3,3
6960,"monopole loop",2,3
6961,"maxwell dilaton",2,3
6962,"massive hypermultiplets",2,3
6963,"cosmic censorship",2,3
6964,"closed string theory",3,3
6965,"string theory behind",3,3
6966,"chiral superfields",2,3
6967,"internal structure function",3,3
6968,"spectral curve",2,3
6969,"commuting transfer matrices",3,3
6970,"perturbative series expansion",3,3
6971,"superstring theories",2,3
6972,"modular invariants",2,3
6973,"invariant mass spectrum",3,3
6974,"super poincare",2,3
6975,"kdv equation",2,3
6976,"cp problem",2,3
6977,"z2 orbifold models",3,3
6978,"two dimensional supergravity theories",4,3
6979,"type iib string theory compactified",5,3
6980,"effective hamiltonian formalism",3,3
6981,"fundamental monopoles",2,3
6982,"first order language",3,3
6983,"imaginary time dependent",3,3
6984,"particle green function",3,3
6985,"product expansions",2,3
6986,"non perturbative series",3,3
6987,"lax operator",2,3
6988,"type iia iib supergravity",4,3
6989,"scalar field theories",3,3
6990,"kramer neugebauer",2,3
6991,"vector bundle over",3,3
6992,"grand unified theories",3,3
6993,"fermion picture",2,3
6994,"supersymmetric extreme black holes",4,3
6995,"compact qed",2,3
6996,"higgs field theory",3,3
6997,"lax pair",2,3
6998,"differential renormalization",2,3
6999,"wkb expansion",2,3
7000,"abelian chern simons",3,3
7001,"perturbative qcd vacuum",3,3
7002,"pair creation rate",3,3
7003,"logarithmic conformal",2,3
7004,"bond ising model",3,3
7005,"self adjoint extension",3,3
7006,"two point particle",3,3
7007,"coupling constant magnetic field",4,3
7008,"dimensional einstein maxwell equations",4,3
7009,"kubo formula",2,3
7010,"three dimensional regularization",3,3
7011,"bosonic string theories",3,3
7012,"axial gauge theory",3,3
7013,"closely connected",2,3
7014,"linear multiplet",2,3
7015,"least two dimensions",3,3
7016,"hyperk ahler",2,3
7017,"three dimensional minkowski",3,3
7018,"renormalizable supersymmetric extension",3,3
7019,"four dimensional regularization",3,3
7020,"momentum distribution functions",3,3
7021,"angular momentum tensor",3,3
7022,"multi loop integrals",3,3
7023,"dual supergravity theories",3,3
7024,"ruijsenaars schneider model",3,3
7025,"integral quantization",2,3
7026,"highly non linear",3,3
7027,"conformal field equations",3,3
7028,"nonabelian gauge theories",3,3
7029,"right moving",2,3
7030,"reparametrization invariant under",3,3
7031,"grassmann algebra",2,3
7032,"short lived",2,3
7033,"majorana weyl",2,3
7034,"current operator product",3,3
7035,"higher rank",2,3
7036,"cghs model",2,3
7037,"auxiliary field",2,3
7038,"ramond field",2,3
7039,"cosmic string theory",3,3
7040,"two higgs field theory",4,3
7041,"transverse magnetic",2,3
7042,"yang mills dilaton",3,3
7043,"stable bps states",3,3
7044,"renormalisation group analysis",3,3
7045,"compact riemann surface",3,3
7046,"generalized dirac equation",3,3
7047,"de haas van alphen",4,3
7048,"non propagating modes",3,3
7049,"gauge boson mass",3,3
7050,"principal chiral",2,3
7051,"spin wave vector",3,3
7052,"generalized kac moody algebra",4,3
7053,"generalized kac moody algebras",4,3
7054,"infinite dimensional supergravity",3,3
7055,"aharonov bohm scattering amplitudes",4,3
7056,"type ii string",3,3
7057,"massive thirring model",3,3
7058,"eight fold",2,3
7059,"hubbard chain",2,3
7060,"frenkel kontorova",2,3
7061,"korteweg de vries equation",4,3
7062,"structures e.g",2,3
7063,"simple analytic solution",3,3
7064,"affine lie algebra",3,3
7065,"action angle variables",3,3
7066,"infinite dimensional irreducible representations",4,3
7067,"plastic flow",2,3
7068,"range coulomb repulsion",3,3
7069,"ring radius",2,3
7070,"dependent ginzburg landau",3,3
7071,"high temperature tc",3,3
7072,"point particle green function",4,3
7073,"non interacting via",3,3
7074,"plane wave superconductors",3,3
7075,"cylindrical symmetry",2,3
7076,"least two sets",3,3
7077,"ahler metrics",2,3
7078,"killing vector fields",3,3
7079,"poisson lie groups",3,3
7080,"type spiral",2,3
7081,"gamma ray observatory",3,3
7082,"omega cen",2,3
7083,"galactic globular cluster metallicity",4,3
7084,"large distance modulus",3,3
7085,"ly alpha",2,3
7086,"hot gas clouds",3,3
7087,"maximum light curve",3,3
7088,"nearly flat",2,3
7089,"collapse supernovae",2,3
7090,"pspc data",2,3
7091,"spheroidal galaxies",2,3
7092,"scale free parameter",3,3
7093,"cold disk corona",3,3
7094,"thin disk galaxies",3,3
7095,"primordial magnetic field equations",4,3
7096,"supergalactic plane",2,3
7097,"year sky",2,3
7098,"brightness fluctuations",2,3
7099,"cobe dmr data set",4,3
7100,"harrison zel dovich",3,3
7101,"energy density contrast",3,3
7102,"order parameter alpha",3,3
7103,"reconstructed surface density",3,3
7104,"omega0 cdm universe",3,3
7105,"velocity gradients",2,3
7106,"cmb radiation",2,3
7107,"lacertae objects",2,3
7108,"binary black holes",3,3
7109,"mhd simulations",2,3
7110,"wide angle",2,3
7111,"uv continuum emission line",4,3
7112,"systematic error estimates",3,3
7113,"deep ccd photometry",3,3
7114,"angular scales theta",3,3
7115,"las campanas redshift survey",4,3
7116,"neutrino properties",2,3
7117,"extreme horizontal",2,3
7118,"geometrically thin",2,3
7119,"element abundances",2,3
7120,"lensing statistics",2,3
7121,"einstein de sitter universe",4,3
7122,"blue compact",2,3
7123,"occupation numbers",2,3
7124,"bang nucleosynthesis",2,3
7125,"morphological type ii",3,3
7126,"progenitor stars",2,3
7127,"viscosity parameter alpha",3,3
7128,"onto black hole",3,3
7129,"lte model atmospheres",3,3
7130,"theoretical considerations",2,3
7131,"sample size distribution",3,3
7132,"gamma ray pulsars",3,3
7133,"bl lac objects",3,3
7134,"cosmic structures",2,3
7135,"post newtonian expansion",3,3
7136,"population synthesis",2,3
7137,"higher resolution",2,3
7138,"doppler peak",2,3
7139,"cold dark matter cdm",4,3
7140,"gravitationally lensed",2,3
7141,"uniform magnetic field theory",4,3
7142,"ray pulsar",2,3
7143,"hydrogen column",2,3
7144,"particle production rate",3,3
7145,"normal disk galaxies",3,3
7146,"globular cluster members",3,3
7147,"light radii",2,3
7148,"ray background",2,3
7149,"high redshift range",3,3
7150,"mhd turbulence",2,3
7151,"color magnitude relation",3,3
7152,"cluster core radius",3,3
7153,"sn ia",2,3
7154,"violent relaxation",2,3
7155,"strongly chaotic systems",3,3
7156,"lyman alpha clouds",3,3
7157,"ultra violet",2,3
7158,"surface density contrast",3,3
7159,"spherical harmonic analysis",3,3
7160,"medium deep survey",3,3
7161,"absorption line regions",3,3
7162,"brightness profiles",2,3
7163,"single star clusters",3,3
7164,"almost certainly",2,3
7165,"strong gravitational lens",3,3
7166,"ly alpha emission line",4,3
7167,"hydrogen burning limit",3,3
7168,"de vaucouleurs",2,3
7169,"deposition rate",2,3
7170,"redshift space distortions",3,3
7171,"low surface brightness distribution",4,3
7172,"press schechter formalism",3,3
7173,"galaxy clusters ii",3,3
7174,"hi cm",2,3
7175,"zel dovich effect",3,3
7176,"dark matter fields",3,3
7177,"press schechter",2,3
7178,"specific frequency omega",3,3
7179,"alpha emission measure",3,3
7180,"poisson distribution function",3,3
7181,"chi squared",2,3
7182,"hubble parameter space",3,3
7183,"scale structure formation",3,3
7184,"maximum light curves",3,3
7185,"bulk viscosity",2,3
7186,"perfect fluids",2,3
7187,"peculiar motions",2,3
7188,"counter rotating",2,3
7189,"omega cdm models",3,3
7190,"band light curve",3,3
7191,"emission line profile",3,3
7192,"ionized medium",2,3
7193,"machine learning algorithms",3,3
7194,"virial temperature",2,3
7195,"friedmann lemaitre",2,3
7196,"bl lacertae",2,3
7197,"redshift dependence",2,3
7198,"wide field hdf",3,3
7199,"bright galaxies brighter",3,3
7200,"quasar absorption",2,3
7201,"galactic halos",2,3
7202,"primordial nucleosynthesis bounds",3,3
7203,"hot big bang cosmology",4,3
7204,"giant elliptical galaxy clusters",4,3
7205,"absorbing column",2,3
7206,"total power spectrum",3,3
7207,"rich cluster ellipticals",3,3
7208,"luminosity function lf",3,3
7209,"cosmic variance",2,3
7210,"probability density fluctuations",3,3
7211,"standard solar",2,3
7212,"sne ia",2,3
7213,"cepheid distance scale",3,3
7214,"magnetic field theoretical models",4,3
7215,"neutrino species",2,3
7216,"tauri stars",2,3
7217,"redshift radio galaxies",3,3
7218,"gamma ray burst",3,3
7219,"einstein correlations",2,3
7220,"kt kev",2,3
7221,"intracluster gas",2,3
7222,"deep rosat",2,3
7223,"soft photon index",3,3
7224,"star forming region",3,3
7225,"accretion onto black holes",4,3
7226,"characteristic luminosity",2,3
7227,"long slit",2,3
7228,"stellar wind",2,3
7229,"population synthesis models",3,3
7230,"virgo cluster metallicity",3,3
7231,"quantizing magnetic fields",3,3
7232,"least two point",3,3
7233,"synchrotron self",2,3
7234,"barred galaxy",2,3
7235,"ray bursts grbs",3,3
7236,"plausible explanation",2,3
7237,"maximum mass spectrum",3,3
7238,"standard cdm models",3,3
7239,"large class constraints",3,3
7240,"rosat observation",2,3
7241,"particle hydrodynamics code",3,3
7242,"cepheid distance",2,3
7243,"luminous objects",2,3
7244,"resonant scattering off",3,3
7245,"telescope hst images",3,3
7246,"photoionization models",2,3
7247,"galaxy population ii",3,3
7248,"instability strip",2,3
7249,"gravitational microlensing",2,3
7250,"low mass planets",3,3
7251,"non compact objects",3,3
7252,"linear biasing",2,3
7253,"velocity dispersion sigma",3,3
7254,"late type stars",3,3
7255,"virgo cluster ellipticals",3,3
7256,"two point correlation function xi",5,3
7257,"leading correction factor",3,3
7258,"colour magnitude",2,3
7259,"quasar absorption line",3,3
7260,"evolutionary synthesis models",3,3
7261,"nearly half",2,3
7262,"neutrino emission",2,3
7263,"median redshift range",3,3
7264,"age indicator",2,3
7265,"cold disk",2,3
7266,"old stellar mass",3,3
7267,"confidence interval",2,3
7268,"diffuse gamma ray flux",4,3
7269,"omega0 cdm",2,3
7270,"moving vortex core",3,3
7271,"full sky",2,3
7272,"bondi hoyle",2,3
7273,"ray luminosities",2,3
7274,"radio pulsars",2,3
7275,"las campanas",2,3
7276,"surface brightness fluctuations",3,3
7277,"hot big bang",3,3
7278,"uv background radiation",3,3
7279,"supermassive black hole",3,3
7280,"precision monte carlo",3,3
7281,"clusters ii",2,3
7282,"high energy cosmic ray",4,3
7283,"flows around",2,3
7284,"weakly dependent",2,3
7285,"atomic physics",2,3
7286,"direct numerical simulation",3,3
7287,"cd galaxy clusters",3,3
7288,"phase space telescope",3,3
7289,"highest energy spectrum",3,3
7290,"formation rates",2,3
7291,"volume limited sample",3,3
7292,"delta function xi",3,3
7293,"rotating stars",2,3
7294,"non axisymmetric",2,3
7295,"circular orbit around",3,3
7296,"high energy cutoff",3,3
7297,"compact dwarf",2,3
7298,"supernova shock",2,3
7299,"cosmic microwave background geometry",4,3
7300,"curve shape",2,3
7301,"evolutionary synthesis model",3,3
7302,"short time dependence",3,3
7303,"eccentric orbit",2,3
7304,"active star",2,3
7305,"galactic nuclei agn",3,3
7306,"binding energy density",3,3
7307,"cd galaxies",2,3
7308,"total angular",2,3
7309,"percent level",2,3
7310,"energy cosmic rays",3,3
7311,"lower luminosity function",3,3
7312,"broad line emission",3,3
7313,"rotating neutron stars",3,3
7314,"critical point particle",3,3
7315,"general relativistic hydrodynamics",3,3
7316,"star formation process",3,3
7317,"young globular cluster",3,3
7318,"emitting gas",2,3
7319,"tidal interaction",2,3
7320,"fraction nu",2,3
7321,"gravitational lensing galaxy clusters",4,3
7322,"low mass accretion rates",4,3
7323,"super star formation",3,3
7324,"blue compact dwarf galaxy",4,3
7325,"selected qsos",2,3
7326,"swept up",2,3
7327,"damped lyman alpha absorption systems",5,3
7328,"galaxy populations",2,3
7329,"ob associations",2,3
7330,"lying within",2,3
7331,"doppler parameters",2,3
7332,"non thermal history",3,3
7333,"velocity divergence",2,3
7334,"internal velocity dispersion",3,3
7335,"cooper pairs",2,3
7336,"wide field camera",3,3
7337,"brightness temperature",2,3
7338,"hot dense",2,3
7339,"ia supernovae",2,3
7340,"laser interferometric",2,3
7341,"equal time evolution",3,3
7342,"ultra high energy cosmic ray",5,3
7343,"luminosity weighted",2,3
7344,"forming region",2,3
7345,"radio continuum",2,3
7346,"considerably higher",2,3
7347,"hierarchical structure formation",3,3
7348,"after correcting",2,3
7349,"low energy cosmic ray",4,3
7350,"molecular gas clouds",3,3
7351,"large number counts",3,3
7352,"low energy gaps",3,3
7353,"time lag",2,3
7354,"magnitude diagram",2,3
7355,"galactic halo objects",3,3
7356,"star forming galaxies",3,3
7357,"strong cosmic",2,3
7358,"half width",2,3
7359,"rapidly rotating neutron stars",4,3
7360,"einstein de broglie",3,3
7361,"virial equilibrium",2,3
7362,"spherically symmetric phase space",4,3
7363,"false vacuum decay",3,3
7364,"neutrino induced",2,3
7365,"wide class constraints",3,3
7366,"dirichlet boundary",2,3
7367,"crossed product",2,3
7368,"finite thickness",2,3
7369,"avalanche size scaling",3,3
7370,"unstable periodic solutions",3,3
7371,"complete intersection",2,3
7372,"volume element",2,3
7373,"complex projective varieties",3,3
7374,"complete intersection theory",3,3
7375,"rank two classes",3,3
7376,"hyperk ahler manifold",3,3
7377,"real algebraic curves",3,3
7378,"dimensional irreducible",2,3
7379,"elliptic quantum group",3,3
7380,"homology groups",2,3
7381,"holomorphic bundles",2,3
7382,"polynomial time complexity",3,3
7383,"automorphic forms",2,3
7384,"hermitian symmetric",2,3
7385,"purely algebraic",2,3
7386,"turbulent convection",2,3
7387,"high latitude",2,3
7388,"surface density wave",3,3
7389,"reynolds number",2,3
7390,"four fold symmetry",3,3
7391,"creation rate",2,3
7392,"charged black hole solution",4,3
7393,"branched polymer phase",3,3
7394,"pre big bang",3,3
7395,"two dimensional ising",3,3
7396,"fermion condensate bar psi",4,3
7397,"4d quantum",2,3
7398,"three dimensional reduction",3,3
7399,"physical association",2,3
7400,"short distance expansion",3,3
7401,"non zero momentum",3,3
7402,"initial value problems",3,3
7403,"quantum field theoretical framework",4,3
7404,"clifford algebra",2,3
7405,"short range coulomb interaction",4,3
7406,"energy density fluctuations",3,3
7407,"dimensional regularization scheme",3,3
7408,"cotangent bundle over",3,3
7409,"picard fuchs equations",3,3
7410,"singularity structure function",3,3
7411,"free fermionic determinant",3,3
7412,"light cone gauge theories",4,3
7413,"context free energy",3,3
7414,"extremal black hole entropy",4,3
7415,"point particle physics",3,3
7416,"cp n-1",2,3
7417,"non interacting scalar fields",4,3
7418,"shell renormalization scheme",3,3
7419,"gravitational coupling constants",3,3
7420,"confining phase transition",3,3
7421,"mean value problem",3,3
7422,"non null",2,3
7423,"perturbative expansion around",3,3
7424,"non trivial topology",3,3
7425,"doubly degenerate",2,3
7426,"contour integral representation",3,3
7427,"non equilibrium states",3,3
7428,"maxwell chern simons theory",4,3
7429,"reparametrization invariance",2,3
7430,"temporal chaos",2,3
7431,"magnetic field strengths",3,3
7432,"three dimensional supergravity",3,3
7433,"non zero chemical potential",4,3
7434,"three dimensional supergravity coupled",4,3
7435,"string theoretic",2,3
7436,"transverse momentum space time",4,3
7437,"destructive interference",2,3
7438,"pi rho omega phi",4,3
7439,"theoretical foundation",2,3
7440,"abelian vector fields",3,3
7441,"vacuum structure formation",3,3
7442,"atrix theory",2,3
7443,"flavour symmetry breaking",3,3
7444,"super poincare group",3,3
7445,"multiple scattering amplitudes",3,3
7446,"renormalizable supersymmetric gauge theory",4,3
7447,"non abelian higgs",3,3
7448,"summing over",2,3
7449,"mode coupling constant",3,3
7450,"fermionic zero modes",3,3
7451,"instanton number",2,3
7452,"equal time dependent",3,3
7453,"4d simplicial quantum gravity",4,3
7454,"lie superalgebra",2,3
7455,"naked singularity",2,3
7456,"static spherically symmetric phase",4,3
7457,"monopole dominance",2,3
7458,"uniformly rotating",2,3
7459,"exponent zeta",2,3
7460,"electric dipole moments",3,3
7461,"braided hopf algebra",3,3
7462,"lower bound states",3,3
7463,"external magnetic fields",3,3
7464,"point particle spectra",3,3
7465,"massless dirac equation",3,3
7466,"diffeomorphism invariance",2,3
7467,"coalescing neutron star",3,3
7468,"schwarzschild black hole background geometry",5,3
7469,"thermodynamical quantities",2,3
7470,"schwarzschild black hole background",4,3
7471,"gravitational wave detector",3,3
7472,"compact binary systems",3,3
7473,"nonabelian gauge theory",3,3
7474,"post newtonian order",3,3
7475,"four dimensional lorentzian",3,3
7476,"fractal dimensions",2,3
7477,"distance expansion",2,3
7478,"momentum components",2,3
7479,"general relativistic gravity",3,3
7480,"equatorial plane waves",3,3
7481,"second post newtonian approximation",4,3
7482,"small scale free parameters",4,3
7483,"symmetric hyperbolic",2,3
7484,"first order parameter family",4,3
7485,"observational consequences",2,3
7486,"negatively curved",2,3
7487,"self interacting scalar fields",4,3
7488,"spatially homogeneous isotropic",3,3
7489,"frw models",2,3
7490,"gravitationally induced gravity",3,3
7491,"reissner nordstr om black hole",5,3
7492,"friedmann robertson walker universe",4,3
7493,"neutral gauge symmetry",3,3
7494,"nucleosynthesis bounds",2,3
7495,"coalescing neutron stars",3,3
7496,"immediate vicinity",2,3
7497,"two dimensional lorentzian",3,3
7498,"scaling techniques",2,3
7499,"ordinary matter particles",3,3
7500,"decoherence functional theory",3,3
7501,"quadrupole moment",2,3
7502,"destructive interference effect",3,3
7503,"plane wave function",3,3
7504,"massive schwinger",2,3
7505,"asymptotically flat spacetime",3,3
7506,"gauge symmetry breaking",3,3
7507,"negligibly small",2,3
7508,"taylor expansion",2,3
7509,"nu ell",2,3
7510,"length scale structure",3,3
7511,"low energy barrier",3,3
7512,"relativistic transport",2,3
7513,"semiclassical treatment",2,3
7514,"turaev viro",2,3
7515,"negative frequency",2,3
7516,"numerical simulations indicate",3,3
7517,"functional integral",2,3
7518,"short time evolution",3,3
7519,"roughly constant",2,3
7520,"ray bands",2,3
7521,"bag constant",2,3
7522,"high redshift radio galaxies",4,3
7523,"artificial neural network approach",4,3
7524,"neutrino scattering",2,3
7525,"massive compact objects",3,3
7526,"hot dense medium",3,3
7527,"small scale dependence",3,3
7528,"primordial abundance",2,3
7529,"jet axis",2,3
7530,"depth tau",2,3
7531,"semi analytic",2,3
7532,"inferred mass distribution",3,3
7533,"two body simulations",3,3
7534,"molecular torus",2,3
7535,"planets around",2,3
7536,"detection threshold",2,3
7537,"radial extent",2,3
7538,"function pdf",2,3
7539,"post agb stars",3,3
7540,"outer disk galaxies",3,3
7541,"spin flavor conversion",3,3
7542,"large scale free",3,3
7543,"omega cdm universe",3,3
7544,"eccentric orbit around",3,3
7545,"ray continuum",2,3
7546,"ultraviolet imaging telescope",3,3
7547,"non compact automorphism group",4,3
7548,"drop model",2,3
7549,"gravity waves generated",3,3
7550,"cosmic microwave background cmb temperature",5,3
7551,"disk corona model",3,3
7552,"angle distributions",2,3
7553,"closed box",2,3
7554,"dark matter physics",3,3
7555,"supernova explosion models",3,3
7556,"body problems",2,3
7557,"redshift radio source",3,3
7558,"statistical error",2,3
7559,"cluster environment",2,3
7560,"neutrino flux",2,3
7561,"alpha absorption",2,3
7562,"field strengths",2,3
7563,"kinetic energy spectrum",3,3
7564,"per baryon",2,3
7565,"galaxy population synthesis models",4,3
7566,"elliptical galaxies having",3,3
7567,"local moment",2,3
7568,"strongly suppressed relative",3,3
7569,"extended medium",2,3
7570,"physical parameters characterizing",3,3
7571,"critical lines",2,3
7572,"processes responsible",2,3
7573,"field content",2,3
7574,"low mass distribution function",4,3
7575,"type ia supernova",3,3
7576,"candidate events",2,3
7577,"rayleigh number",2,3
7578,"binding energy dependence",3,3
7579,"helicity conservation",2,3
7580,"world average",2,3
7581,"c.m energy",2,3
7582,"triplet splitting",2,3
7583,"large missing energy",3,3
7584,"highest energy",2,3
7585,"rest mass frame",3,3
7586,"direct cp",2,3
7587,"lambda overline",2,3
7588,"central rapidity distributions",3,3
7589,"quark mass shell",3,3
7590,"current fragmentation region",3,3
7591,"cone qcd",2,3
7592,"charmonium production mechanisms",3,3
7593,"dglap evolution",2,3
7594,"bjorken sum over",3,3
7595,"atmospheric neutrino interactions",3,3
7596,"leq gev2",2,3
7597,"multiplicity distribution",2,3
7598,"hadronic event shape",3,3
7599,"transverse momentum distribution",3,3
7600,"principles calculations",2,3
7601,"electronic structure formation",3,3
7602,"quasi linear response",3,3
7603,"low energy barriers",3,3
7604,"magnetic susceptibility chi",3,3
7605,"self diffusion",2,3
7606,"inelastic scattering off",3,3
7607,"defect free energy",3,3
7608,"phonon scattering",2,3
7609,"charge density matrix",3,3
7610,"approaches zero temperature",3,3
7611,"dynamic scaling properties",3,3
7612,"interference pattern",2,3
7613,"simple analytic expression",3,3
7614,"integral expression",2,3
7615,"fluctuation dissipation theorem",3,3
7616,"globally coupled map",3,3
7617,"perpendicular magnetic field theory",4,3
7618,"phonon modes",2,3
7619,"frenkel kontorova model",3,3
7620,"reynolds numbers",2,3
7621,"travelling wave",2,3
7622,"correlation length scales",3,3
7623,"brute force",2,3
7624,"landau damping",2,3
7625,"doubly charged",2,3
7626,"spin correlation length",3,3
7627,"flavour symmetry",2,3
7628,"multiplicative renormalization",2,3
7629,"pure gauge invariant",3,3
7630,"lowest lying states",3,3
7631,"high precision monte carlo algorithm",5,3
7632,"tadpole improved action",3,3
7633,"valence quark mass",3,3
7634,"two dimensional xy",3,3
7635,"non compact abelian higgs",4,3
7636,"polarized deep inelastic",3,3
7637,"wilson fermion",2,3
7638,"linked cluster expansion",3,3
7639,"spontaneous breaking occurs",3,3
7640,"symanzik improved actions",3,3
7641,"unit matrix",2,3
7642,"strange quark mass",3,3
7643,"critical point correlation length exponent",5,3
7644,"lattice qcd sum rules",4,3
7645,"singlet axial charge",3,3
7646,"glueball masses",2,3
7647,"valence quark masses",3,3
7648,"monopole loops",2,3
7649,"finite size scaling limit",4,3
7650,"standard wilson loop",3,3
7651,"intermediate mass ratios",3,3
7652,"sea quark",2,3
7653,"hot electroweak phase transition",4,3
7654,"gauge boson mass mh",4,3
7655,"short ranged",2,3
7656,"cpu time",2,3
7657,"tension sigma",2,3
7658,"quark mass spectrum",3,3
7659,"eta approx gev",3,3
7660,"ozi rule",2,3
7661,"singlet axial anomaly",3,3
7662,"topics concerning",2,3
7663,"static quark gluon",3,3
7664,"bar ms scheme",3,3
7665,"monopole condensate",2,3
7666,"lattice gluodynamics",2,3
7667,"three flavor symmetry breaking",4,3
7668,"2d xy model",3,3
7669,"renormalisation group approach",3,3
7670,"spin flavor symmetry",3,3
7671,"rule calculation",2,3
7672,"chiral random matrix models",4,3
7673,"mixing matrix element",3,3
7674,"state potts",2,3
7675,"temperature expansions",2,3
7676,"screened coulomb",2,3
7677,"screened coulomb interactions",3,3
7678,"efficient monte carlo algorithm",4,3
7679,"standard model predicts",3,3
7680,"learning algorithms",2,3
7681,"physical processes responsible",3,3
7682,"sps energies",2,3
7683,"proton nucleus collisions",3,3
7684,"susy guts",2,3
7685,"isgur wise form factor",4,3
7686,"light higgs boson",3,3
7687,"electroweak symmetry breaking sector",4,3
7688,"photon fragmentation",2,3
7689,"high energy barrier",3,3
7690,"nonrelativistic quark",2,3
7691,"effective hamiltonian formulation",3,3
7692,"bottom quark gluon",3,3
7693,"lepton nucleon scattering",3,3
7694,"leading order alphas3",3,3
7695,"minimal supersymmetric standard model mssm parameter",6,3
7696,"susy particle",2,3
7697,"bjorken sum rules",3,3
7698,"pi rho omega mixing",4,3
7699,"supersymmetric grand unified theories",4,3
7700,"relativistic heavy quark mass",4,3
7701,"net baryon",2,3
7702,"precision electroweak theory",3,3
7703,"fixed target energies",3,3
7704,"twist corrections",2,3
7705,"charged particle inclusive",3,3
7706,"q2 leq",2,3
7707,"lightest cp",2,3
7708,"bottom quark mass",3,3
7709,"non universal soft susy breaking",5,3
7710,"exact renormalization group techniques",4,3
7711,"constituent quark mass",3,3
7712,"mixing matrix models",3,3
7713,"quasi fixed point",3,3
7714,"meson cloud",2,3
7715,"infrared stable fixed point",4,3
7716,"topcolor assisted technicolor models",4,3
7717,"large rapidity",2,3
7718,"isoscalar channel",2,3
7719,"partial restoration",2,3
7720,"baryon magnetic moments",3,3
7721,"ln q2 dependence",3,3
7722,"three flavor mixing angle theta",5,3
7723,"polarized electron",2,3
7724,"higher temperatures",2,3
7725,"c.m energies",2,3
7726,"helicity formalism",2,3
7727,"light neutral higgs",3,3
7728,"parity violating processes",3,3
7729,"ln q2",2,3
7730,"chiral perturbation theory chpt",4,3
7731,"msw solution",2,3
7732,"4-jet events",2,3
7733,"light quark pair production",4,3
7734,"proton stability",2,3
7735,"electro weak coupling",3,3
7736,"atmospheric neutrino oscillation",3,3
7737,"non relativistic heavy quark",4,3
7738,"bc meson",2,3
7739,"meson dominance model",3,3
7740,"chiral lagrangians",2,3
7741,"longitudinally polarized photons",3,3
7742,"virtual photon virtualities",3,3
7743,"range le mev",3,3
7744,"parity violating operators",3,3
7745,"violating couplings",2,3
7746,"boson searches",2,3
7747,"heavy fermions couple",3,3
7748,"bhabha scattering",2,3
7749,"analytic approximations",2,3
7750,"pion decay constant",3,3
7751,"gauge independence",2,3
7752,"transverse momentum pt",3,3
7753,"inclusive jet cross section",4,3
7754,"heavy quark confinement",3,3
7755,"large nc limit",3,3
7756,"heavy majorana mass",3,3
7757,"quasi monte carlo integration",4,3
7758,"unacceptably large",2,3
7759,"sm prediction",2,3
7760,"gluon fusion mechanism",3,3
7761,"longitudinal structure function f2",4,3
7762,"spontaneous cp violating",3,3
7763,"rapidity gap events",3,3
7764,"deep inelastic electron proton beams",5,3
7765,"mediated supersymmetry breaking sector",4,3
7766,"heavy majorana neutrinos",3,3
7767,"current experimental constraints",3,3
7768,"deeply virtual compton",3,3
7769,"weak radiative decays",3,3
7770,"heavy baryon chiral limit",4,3
7771,"right handed neutrino spin",4,3
7772,"four momentum dependence",3,3
7773,"heavy quark mass ratios",4,3
7774,"coupling constant alphas",3,3
7775,"high energy density fluctuations",4,3
7776,"alphas2 corrections",2,3
7777,"direct cp violation",3,3
7778,"improved parton model",3,3
7779,"pi rho parameter",3,3
7780,"fermion mass matrices",3,3
7781,"lightest higgs boson",3,3
7782,"soft susy",2,3
7783,"quark mass hierarchy",3,3
7784,"msbar scheme",2,3
7785,"higgs boson searches",3,3
7786,"spin flavor symmetries",3,3
7787,"lepton number violation",3,3
7788,"polarized hadron colliders",3,3
7789,"nlo qcd corrections",3,3
7790,"mass splittings",2,3
7791,"cabibbo kobayashi maskawa ckm matrix elements",6,3
7792,"ultrarelativistic heavy quark gluon plasma",5,3
7793,"strong cp violation",3,3
7794,"nrqcd matrix elements",3,3
7795,"massive schwinger dyson equations",4,3
7796,"proton structure functions g1",4,3
7797,"real photon",2,3
7798,"strongly coupled channel",3,3
7799,"soft final state",3,3
7800,"light higgs boson mass",4,3
7801,"electroweak phase space",3,3
7802,"cern sps energies",3,3
7803,"schwinger equations",2,3
7804,"pp colliders",2,3
7805,"local parton model",3,3
7806,"nucleus collision",2,3
7807,"longitudinal momentum distributions",3,3
7808,"higgs boson self",3,3
7809,"cone qcd sum rule",4,3
7810,"three flavor mixing angles",4,3
7811,"diffractive electroproduction",2,3
7812,"color dipole cross section",4,3
7813,"neutral gauge couplings",3,3
7814,"chromomagnetic dipole",2,3
7815,"charm counting",2,3
7816,"quantum monte carlo techniques",4,3
7817,"inclusive semileptonic decays",3,3
7818,"doubly charged lepton",3,3
7819,"extra neutral gauge bosons",4,3
7820,"small angle bhabha scattering",4,3
7821,"eta approx",2,3
7822,"small angle bhabha",3,3
7823,"lepton flavor dynamics",3,3
7824,"transverse energy dependence",3,3
7825,"flavour production",2,3
7826,"hot electroweak theory",3,3
7827,"dynamical symmetry breaking sector",4,3
7828,"flavour singlet",2,3
7829,"hadron scattering processes",3,3
7830,"jet cross section",3,3
7831,"model building up",3,3
7832,"heavy quark loops",3,3
7833,"nu tau decays",3,3
7834,"jet production rate",3,3
7835,"weak mixing angles",3,3
7836,"susy particle production",3,3
7837,"supersymmetric particle lsp",3,3
7838,"transverse momentum components",3,3
7839,"arbitrarily large scale",3,3
7840,"model mssm parameter space",4,3
7841,"correlated electron systems",3,3
7842,"ferromagnetic transition form",3,3
7843,"pairing correlation",2,3
7844,"non zero frequency omega",4,3
7845,"optical response",2,3
7846,"nmr relaxation",2,3
7847,"tomonaga luttinger liquids",3,3
7848,"dimensional kondo",2,3
7849,"electrostatic interactions",2,3
7850,"luttinger liquid behavior",3,3
7851,"next nearest neighbor hopping",4,3
7852,"simple cubic lattices",3,3
7853,"dynamic critical exponent",3,3
7854,"reaction diffusion constants",3,3
7855,"corner transfer matrix models",4,3
7856,"non zero bias",3,3
7857,"analytical arguments",2,3
7858,"phase locking",2,3
7859,"slave boson mean",3,3
7860,"number density matrix",3,3
7861,"dimensional electron gas",3,3
7862,"quasi long range",3,3
7863,"charge transport through",3,3
7864,"hall regime",2,3
7865,"random phase space",3,3
7866,"roughness exponent",2,3
7867,"constant mean field",3,3
7868,"wave superconductor",2,3
7869,"electron phonon scattering rate",4,3
7870,"semiconductor quantum wire",3,3
7871,"stochastic growth",2,3
7872,"cluster size scaling",3,3
7873,"high temperatures below",3,3
7874,"voltage biased",2,3
7875,"self energy dependence",3,3
7876,"dynamic spin splitting",3,3
7877,"dimensional conductors",2,3
7878,"giant magneto resistance",3,3
7879,"nonlinear optical response",3,3
7880,"three dimensional hubbard model",4,3
7881,"mean squared",2,3
7882,"spin correlation functions",3,3
7883,"fixed point particle",3,3
7884,"fractional quantum field",3,3
7885,"free electron hole",3,3
7886,"incommensurate phase",2,3
7887,"boson mean field",3,3
7888,"too high energy",3,3
7889,"insulator transition",2,3
7890,"two dimensional josephson junction arrays",5,3
7891,"dependent conductance",2,3
7892,"magnetic field h1",3,3
7893,"punctuated equilibrium",2,3
7894,"gaas algaas",2,3
7895,"spin dependent conductance",3,3
7896,"resolved photon",2,3
7897,"non conserved",2,3
7898,"fokker planck length",3,3
7899,"copper oxides",2,3
7900,"coarse grained free energy",4,3
7901,"strongly correlated electron",3,3
7902,"single band structure",3,3
7903,"high temperature series",3,3
7904,"ordered phase ordering",3,3
7905,"carrier density",2,3
7906,"time reversal symmetry breaking",4,3
7907,"per unit cell",3,3
7908,"vortex glass phase transition",4,3
7909,"bias voltage",2,3
7910,"quasiparticle tunneling",2,3
7911,"three dimensional xy model",4,3
7912,"external magnetic flux",3,3
7913,"system sizes up",3,3
7914,"paramagnetic phase transition",3,3
7915,"soliton like",2,3
7916,"doping level",2,3
7917,"largest fragment",2,3
7918,"level spacing distribution",3,3
7919,"long range hopping",3,3
7920,"finite temperatures below",3,3
7921,"spin density matrix",3,3
7922,"ordered phase diagram",3,3
7923,"two dimensional josephson junction array",5,3
7924,"slave boson representation",3,3
7925,"random phase shift",3,3
7926,"average magnetization",2,3
7927,"particle hole symmetry",3,3
7928,"conductivity sigma xx",3,3
7929,"correlation length exponent nu",4,3
7930,"1d electron systems",3,3
7931,"cyclotron resonance",2,3
7932,"1d luttinger liquid",3,3
7933,"nearest neighbours",2,3
7934,"hole pairs",2,3
7935,"electron hole doping",3,3
7936,"excluded volume",2,3
7937,"phonon interaction",2,3
7938,"many particle excitations",3,3
7939,"external magnetic field strength",4,3
7940,"quasiparticle band",2,3
7941,"self consistent picture",3,3
7942,"low energy eigenstates",3,3
7943,"phase space time evolution operator",5,3
7944,"self affine",2,3
7945,"dimensional 1d electron interactions",4,3
7946,"next nearest neighbor interactions",4,3
7947,"finite size scaling behaviour",4,3
7948,"basic facts",2,3
7949,"surface growth process",3,3
7950,"salpeter equation",2,3
7951,"upper critical point",3,3
7952,"diffusion constants",2,3
7953,"existing experimental information",3,3
7954,"valence band structure function",4,3
7955,"screened coulomb gas",3,3
7956,"dimensional hubbard",2,3
7957,"composite fermion picture",3,3
7958,"layer electron",2,3
7959,"single particle spectral weight",4,3
7960,"spin waves",2,3
7961,"distance physics",2,3
7962,"dynamic spin correlations",3,3
7963,"anisotropic harmonic oscillator",3,3
7964,"incident energies",2,3
7965,"neutron electric dipole",3,3
7966,"exchange currents",2,3
7967,"excitation functions",2,3
7968,"neutron drip",2,3
7969,"essentially unaffected",2,3
7970,"pi nn interaction",3,3
7971,"vector meson production",3,3
7972,"vector meson exchange",3,3
7973,"pion nucleon interaction",3,3
7974,"normal state interactions",3,3
7975,"vector current experimental",3,3
7976,"rho omega phi mesons",4,3
7977,"backward scattering",2,3
7978,"central charge distributions",3,3
7979,"pi nn potential",3,3
7980,"nucleon scattering amplitude",3,3
7981,"phi meson production",3,3
7982,"semi inclusive cross section",4,3
7983,"shell model independent",3,3
7984,"virtual compton scattering",3,3
7985,"deep inelastic scattering off nuclei",5,3
7986,"strange baryons",2,3
7987,"violating operators",2,3
7988,"mini jet production",3,3
7989,"pion nucleon scattering amplitude",4,3
7990,"rightarrow pi0",2,3
7991,"scalar isoscalar channel",3,3
7992,"body interactions",2,3
7993,"beam energies",2,3
7994,"vector meson masses",3,3
7995,"non strange quark",3,3
7996,"normal nuclear matter",3,3
7997,"dynamic response",2,3
7998,"ideal bose",2,3
7999,"drip line",2,3
8000,"perfectly conducting",2,3
8001,"energy density matrices",3,3
8002,"mit bag",2,3
8003,"life time",2,3
8004,"chiral symmetry breaking sector",4,3
8005,"charged pion production",3,3
8006,"minimal supersymmetric qcd",3,3
8007,"binomial distribution",2,3
8008,"universal soft scalar",3,3
8009,"beta decay amplitudes",3,3
8010,"quark flavours",2,3
8011,"box diagrams",2,3
8012,"factorization scale",2,3
8013,"forward jet",2,3
8014,"gluon distribution functions",3,3
8015,"transversely polarized target",3,3
8016,"modified negative binomial distribution",4,3
8017,"tau lepton pair production",4,3
8018,"relativistic heavy quark propagators",4,3
8019,"psi production mechanisms",3,3
8020,"ee gamma",2,3
8021,"transverse momentum fraction",3,3
8022,"non interacting bosons",3,3
8023,"like sign dilepton events",4,3
8024,"nlo corrections",2,3
8025,"heavy quark mass ratio",4,3
8026,"longitudinally polarized beams",3,3
8027,"qed plasma",2,3
8028,"sin beta",2,3
8029,"spin content",2,3
8030,"near threshold region",3,3
8031,"dominance model",2,3
8032,"kobayashi maskawa matrix elements",4,3
8033,"md ms mb",3,3
8034,"gauge group analysis",3,3
8035,"cp violating couplings",3,3
8036,"spin wave amplitudes",3,3
8037,"light cone qcd sum rules",5,3
8038,"gravitino mass",2,3
8039,"neutrino anomaly",2,3
8040,"physical situations",2,3
8041,"infrared renormalons",2,3
8042,"internal energy dependence",3,3
8043,"psi production rate",3,3
8044,"cp asymmetries",2,3
8045,"tau lepton asymmetry",3,3
8046,"longitudinal polarization asymmetries",3,3
8047,"width difference delta",3,3
8048,"qcd dipole cross sections",4,3
8049,"boson vertices",2,3
8050,"chromomagnetic dipole moment",3,3
8051,"integrated luminosity function",3,3
8052,"bar nu tau",3,3
8053,"diffractive dissociation",2,3
8054,"heavy quark flavours",3,3
8055,"cabibbo kobayashi maskawa ckm matrix",5,3
8056,"rare radiative decays",3,3
8057,"current experimental values",3,3
8058,"finite size scaling properties",4,3
8059,"variable range hopping",3,3
8060,"two point contacts",3,3
8061,"universal conductance fluctuations",3,3
8062,"time dependent correlations",3,3
8063,"umklapp scattering",2,3
8064,"single particle spectral properties",4,3
8065,"zero temperature superconductors",3,3
8066,"weakly disordered systems",3,3
8067,"capacitance spectroscopy",2,3
8068,"vortex antivortex",2,3
8069,"strongly disordered",2,3
8070,"peierls compound",2,3
8071,"homogeneous magnetic field theory",4,3
8072,"perpendicular magnetic",2,3
8073,"trapped bose",2,3
8074,"dynamic renormalization group",3,3
8075,"gaas quantum wells",3,3
8076,"dynamic renormalization",2,3
8077,"weakly interacting electrons",3,3
8078,"tc superconductivity",2,3
8079,"non fermi surface",3,3
8080,"tight binding energy",3,3
8081,"semisimple lie algebras",3,3
8082,"alexander conway",2,3
8083,"binomial formula",2,3
8084,"clebsch gordan",2,2
8085,"exp alpha",2,2
8086,"ideal bose condensate",3,2
8087,"matrix ensembles",2,2
8088,"electro magnetic field",3,2
8089,"displacement operator",2,2
8090,"bohm effect",2,2
8091,"weak coupling strength",3,2
8092,"jacobi equation",2,2
8093,"quantum codes",2,2
8094,"feynman gauge theory",3,2
8095,"generalized heisenberg algebra",3,2
8096,"iia superstring",2,2
8097,"heterotic string backgrounds",3,2
8098,"gauge transformation",2,2
8099,"vacuum condensates",2,2
8100,"self dual supergravity",3,2
8101,"non abelian gauge transformations",4,2
8102,"two dimensional reduction procedure",4,2
8103,"non interacting scalar",3,2
8104,"non orientable",2,2
8105,"simplicial gravity",2,2
8106,"subtraction scheme",2,2
8107,"btz black",2,2
8108,"ordinary differential",2,2
8109,"gordon equation",2,2
8110,"master field",2,2
8111,"gauge invariant under",3,2
8112,"calabi yau spaces",3,2
8113,"action functionals",2,2
8114,"exclusion principle",2,2
8115,"nc gauge",2,2
8116,"abelian gauge transformations",3,2
8117,"field redefinitions",2,2
8118,"toda field",2,2
8119,"pure gauge group",3,2
8120,"toda solitons",2,2
8121,"chromodynamics qcd",2,2
8122,"self dual yang mills equations",5,2
8123,"born infeld type ii",4,2
8124,"simple algebraic geometry",3,2
8125,"gauge averaging",2,2
8126,"entropy formula",2,2
8127,"non local boundary conditions",4,2
8128,"self dual sigma model",4,2
8129,"two dimensional einstein",3,2
8130,"infeld action",2,2
8131,"angle theta vacuum",3,2
8132,"lower dimensions",2,2
8133,"non abelian vector fields",4,2
8134,"dilatonic black hole solutions",4,2
8135,"break supersymmetry",2,2
8136,"electrically charged black hole",4,2
8137,"1d electron",2,2
8138,"dimensional einstein yang mills",4,2
8139,"dewitt equation",2,2
8140,"brst operator",2,2
8141,"supersymmetric yang",2,2
8142,"affine lie",2,2
8143,"supersymmetric grand unification",3,2
8144,"three dimensional irreducible",3,2
8145,"nonabelian gauge fields",3,2
8146,"algebraic structure function",3,2
8147,"non extreme black hole",4,2
8148,"quantum field theoretic",3,2
8149,"two higgs sectors",3,2
8150,"orthogonal polynomial",2,2
8151,"string compactifications",2,2
8152,"rotating black hole solutions",4,2
8153,"mills instantons",2,2
8154,"massive scalar fields",3,2
8155,"time evolutions",2,2
8156,"elliptic ruijsenaars schneider",3,2
8157,"schr odinger operators",3,2
8158,"twisted boundary condition",3,2
8159,"hole solutions",2,2
8160,"plastic flow regime",3,2
8161,"electron phonon scattering",3,2
8162,"witten action",2,2
8163,"affine lie group",3,2
8164,"gromov witten",2,2
8165,"quiet quasar",2,2
8166,"non relativistic hartree",3,2
8167,"two point sources",3,2
8168,"3b catalog",2,2
8169,"bursts grbs",2,2
8170,"cluster members",2,2
8171,"post agb",2,2
8172,"weighted average",2,2
8173,"hot big",2,2
8174,"infrared wavelengths",2,2
8175,"radio loud",2,2
8176,"fitting formulae",2,2
8177,"late type ii",3,2
8178,"zel dovich",2,2
8179,"galactic winds",2,2
8180,"type ia supernova explosion",4,2
8181,"hopkins ultraviolet",2,2
8182,"cmb temperature",2,2
8183,"cosmic ray background radiation",4,2
8184,"bulk viscous",2,2
8185,"standard cold",2,2
8186,"cd galaxy",2,2
8187,"hierarchical models",2,2
8188,"strange stars",2,2
8189,"secular evolution",2,2
8190,"interstellar absorption",2,2
8191,"nearby spiral galaxy ngc",4,2
8192,"uv absorption lines",3,2
8193,"distant clusters",2,2
8194,"broad band light",3,2
8195,"globular cluster cores",3,2
8196,"observational errors",2,2
8197,"host galaxies",2,2
8198,"explicit analytical",2,2
8199,"lower redshift",2,2
8200,"interferometric gravitational",2,2
8201,"frame uv",2,2
8202,"ray astronomy",2,2
8203,"primordial deuterium abundance",3,2
8204,"cosmological baryon density",3,2
8205,"ly alpha forest",3,2
8206,"high redshift damped",3,2
8207,"temporal evolution",2,2
8208,"extinction law",2,2
8209,"mass planets",2,2
8210,"cooling rate",2,2
8211,"star formation mechanisms",3,2
8212,"two generations",2,2
8213,"explosion models",2,2
8214,"et event",2,2
8215,"higher redshift survey",3,2
8216,"co emission line",3,2
8217,"inner lindblad",2,2
8218,"outer rings",2,2
8219,"total mass ratios",3,2
8220,"spectral synthesis",2,2
8221,"medium deep field",3,2
8222,"smooth particle hydrodynamics",3,2
8223,"cosmic microwave background cmb temperature anisotropies",6,2
8224,"pure luminosity",2,2
8225,"type spiral galaxy",3,2
8226,"flux ratios",2,2
8227,"slit spectroscopy",2,2
8228,"body centered",2,2
8229,"butcher oemler",2,2
8230,"face value",2,2
8231,"relaxation time dependent",3,2
8232,"rich cluster members",3,2
8233,"lyman continuum",2,2
8234,"gas flows",2,2
8235,"mass accretion flows",3,2
8236,"centered cubic",2,2
8237,"globular cluster environment",3,2
8238,"self compton",2,2
8239,"data set limits",3,2
8240,"telescope wfpc2",2,2
8241,"helium abundance",2,2
8242,"low energy cosmic",3,2
8243,"forming stars",2,2
8244,"thin disk",2,2
8245,"abundance ratios",2,2
8246,"systemic velocity",2,2
8247,"accretion rates",2,2
8248,"ray variability",2,2
8249,"tangential velocity dispersion",3,2
8250,"ray luminosity functions",3,2
8251,"highly ionized gas",3,2
8252,"density fluctuations during",3,2
8253,"time scale free",3,2
8254,"galaxies having",2,2
8255,"eddington limit",2,2
8256,"standard halo stars",3,2
8257,"structure formation process",3,2
8258,"crossing approximation",2,2
8259,"neutrino transport",2,2
8260,"doppler parameter",2,2
8261,"magnification bias",2,2
8262,"point spread",2,2
8263,"axis ratios",2,2
8264,"narrow line profiles",3,2
8265,"strong gravitational field",3,2
8266,"high temperature maps",3,2
8267,"dwarf irregular",2,2
8268,"large separations",2,2
8269,"harrison zel",2,2
8270,"ray binary",2,2
8271,"keck spectra",2,2
8272,"positron pairs",2,2
8273,"radio source counts",3,2
8274,"seyfert 1s",2,2
8275,"significant amounts",2,2
8276,"fluctuation power",2,2
8277,"non linearity",2,2
8278,"deceleration parameter",2,2
8279,"monte carlo simulations indicate",4,2
8280,"open cdm",2,2
8281,"existing data set",3,2
8282,"damped ly alpha",3,2
8283,"galactic globular clusters",3,2
8284,"alpha emission lines",3,2
8285,"gamma ray pulsar",3,2
8286,"gravitational lenses",2,2
8287,"peculiar velocity",2,2
8288,"total energy dependence",3,2
8289,"generalized coherent",2,2
8290,"geometrical description",2,2
8291,"holomorphic maps",2,2
8292,"yau manifolds",2,2
8293,"stable fixed point",3,2
8294,"quasi fixed",2,2
8295,"chern classes",2,2
8296,"stationary phase",2,2
8297,"vector current algebra",3,2
8298,"fock space time",3,2
8299,"non extremal black hole",4,2
8300,"superconformal field theories",3,2
8301,"toda chain",2,2
8302,"nf 2nc",2,2
8303,"feynman gauge",2,2
8304,"hole background geometry",3,2
8305,"non relativistic mean",3,2
8306,"dyonic black hole solution",4,2
8307,"iib superstring",2,2
8308,"admissible representations",2,2
8309,"axial anomaly free",3,2
8310,"cone gauge",2,2
8311,"nambu jona",2,2
8312,"curved background spacetime",3,2
8313,"asymptotic series",2,2
8314,"area formula",2,2
8315,"rigid string theory",3,2
8316,"second quantized",2,2
8317,"takahashi identities",2,2
8318,"manifestly gauge invariant under",4,2
8319,"canonical partition",2,2
8320,"spontaneously broken phase transition",4,2
8321,"path integral over",3,2
8322,"simons theory",2,2
8323,"non trivially",2,2
8324,"quantum field antifield",3,2
8325,"quantum field theoretical models",4,2
8326,"stokes equations",2,2
8327,"rigidly rotating",2,2
8328,"statistical language",2,2
8329,"gravitational field theories",3,2
8330,"burgers turbulence",2,2
8331,"charged black",2,2
8332,"type iib supergravity",3,2
8333,"axial gauge fields",3,2
8334,"off critical",2,2
8335,"hawking state",2,2
8336,"heterotic string compactifications",3,2
8337,"singlet fields",2,2
8338,"space time resolved",3,2
8339,"asymptotically flat space time",4,2
8340,"extended supergravities",2,2
8341,"bekenstein hawking radiation",3,2
8342,"finite difference equations",3,2
8343,"infrared stable",2,2
8344,"flat rotation",2,2
8345,"integro differential equation",3,2
8346,"euclidean lattice gauge theory",4,2
8347,"spherically symmetric spacetimes",3,2
8348,"pseudo riemannian",2,2
8349,"four dimensional einstein",3,2
8350,"two body force",3,2
8351,"density matrix renormalization",3,2
8352,"semiclassical einstein",2,2
8353,"space time evolution operator",4,2
8354,"scalar hair",2,2
8355,"orbital evolution",2,2
8356,"gauge fixing procedure",3,2
8357,"dimensional einstein de sitter",4,2
8358,"isothermal spherical",2,2
8359,"binary black hole",3,2
8360,"correction schemes",2,2
8361,"external electric charges",3,2
8362,"sound waves",2,2
8363,"black hole pairs",3,2
8364,"high energy cosmic",3,2
8365,"fock approximation",2,2
8366,"function f2",2,2
8367,"light cone wave functions",4,2
8368,"critical point correlation length",4,2
8369,"particle multiplicity",2,2
8370,"gaussian curvature",2,2
8371,"wormhole solutions",2,2
8372,"specific angular",2,2
8373,"einstein de sitter",3,2
8374,"asymptotically exact",2,2
8375,"four momentum space",3,2
8376,"configuration space time",3,2
8377,"tunneling probability",2,2
8378,"stochastic differential equation",3,2
8379,"stress energy density",3,2
8380,"hypergeometric series",2,2
8381,"massive electrodynamics",2,2
8382,"2-d dilaton",2,2
8383,"poisson brackets",2,2
8384,"indirect detection",2,2
8385,"least partially",2,2
8386,"resolution spectroscopy",2,2
8387,"telescope hst observations",3,2
8388,"active galactic",2,2
8389,"emission feature",2,2
8390,"ray burst",2,2
8391,"gravitational lensing statistics",3,2
8392,"lambda cdm",2,2
8393,"experimental lower",2,2
8394,"radio quiet quasars",3,2
8395,"linear growth rate",3,2
8396,"flux limited",2,2
8397,"solar neutrino mass",3,2
8398,"primordial spectral",2,2
8399,"bias parameter",2,2
8400,"baryon magnetic field",3,2
8401,"lorentz factors",2,2
8402,"disc galaxies",2,2
8403,"old isolated neutron stars",4,2
8404,"sachs wolfe effect",3,2
8405,"ray interactions",2,2
8406,"hubble constant mean",3,2
8407,"short wavelengths",2,2
8408,"spatial resolution images",3,2
8409,"outer halo",2,2
8410,"non linear combinations",3,2
8411,"horizontal symmetry breaking",3,2
8412,"local boundary",2,2
8413,"cluster cores",2,2
8414,"spin diffusion",2,2
8415,"discrete sources",2,2
8416,"optical counterparts",2,2
8417,"matter cdm",2,2
8418,"dense gas",2,2
8419,"hot dark matter cdm",4,2
8420,"available data sets",3,2
8421,"giant elliptical",2,2
8422,"dense matter particles",3,2
8423,"microwave background cmb temperature",4,2
8424,"microlensing optical depth",3,2
8425,"mid infrared",2,2
8426,"dispersion sigma",2,2
8427,"satellite galaxies",2,2
8428,"spin precession",2,2
8429,"mid infrared region",3,2
8430,"filling fraction",2,2
8431,"solar interior",2,2
8432,"li abundance",2,2
8433,"post shock",2,2
8434,"young supernova",2,2
8435,"decay chain",2,2
8436,"gamma et event",3,2
8437,"constant h0",2,2
8438,"local density fluctuation",3,2
8439,"median redshift",2,2
8440,"life time scale",3,2
8441,"standard big",2,2
8442,"gas content",2,2
8443,"big bang cosmology",3,2
8444,"long enough",2,2
8445,"ultra low",2,2
8446,"vertical velocity",2,2
8447,"upper critical",2,2
8448,"diffractive structure",2,2
8449,"multiplicity distribution function",3,2
8450,"quark systems",2,2
8451,"supersymmetric gauge bosons",3,2
8452,"deep inelastic ep",3,2
8453,"non strange",2,2
8454,"four fermion mass",3,2
8455,"sticking probability",2,2
8456,"energy barriers",2,2
8457,"ion collision processes",3,2
8458,"heavy ions",2,2
8459,"three body systems",3,2
8460,"bose condensates",2,2
8461,"law behaviour",2,2
8462,"viscosity parameter",2,2
8463,"random polynomials",2,2
8464,"quasi long",2,2
8465,"time delayed",2,2
8466,"non abelian dominance",3,2
8467,"chirally symmetric",2,2
8468,"coulomb phase space",3,2
8469,"stochastic differential equations",3,2
8470,"shift delta function",3,2
8471,"quark mass distribution",3,2
8472,"parallel computer",2,2
8473,"higher order parameter space",4,2
8474,"group improved action",3,2
8475,"linked cluster expansions",3,2
8476,"qcd simulation",2,2
8477,"simulations indicate",2,2
8478,"gluon vertex",2,2
8479,"isovector axial",2,2
8480,"four fermion operators",3,2
8481,"high precision monte carlo",4,2
8482,"maximally abelian gauge",3,2
8483,"chromo magnetic field",3,2
8484,"maximal abelian gauge theory",4,2
8485,"momentum scales",2,2
8486,"excited heavy quark",3,2
8487,"deconfinement phase",2,2
8488,"loop electroweak",2,2
8489,"gluon field theory",3,2
8490,"size scaling behavior",3,2
8491,"landau equations",2,2
8492,"neutron electric",2,2
8493,"scalar glueball",2,2
8494,"non abelian gauge",3,2
8495,"self consistency check",3,2
8496,"maximally abelian gauge theory",4,2
8497,"euclidean lattice qcd",3,2
8498,"free energy cutoff",3,2
8499,"joint distribution function",3,2
8500,"force proportional",2,2
8501,"supersymmetric gauge boson",3,2
8502,"neutrino anomalies",2,2
8503,"sphaleron barrier",2,2
8504,"positron annihilation",2,2
8505,"off protons",2,2
8506,"muon colliders",2,2
8507,"pole dominance",2,2
8508,"single jet",2,2
8509,"quark mass difference",3,2
8510,"equation bse",2,2
8511,"two higgs boson mass",4,2
8512,"three jet cross sections",4,2
8513,"massless neutrino",2,2
8514,"heavy majorana",2,2
8515,"quark flavors",2,2
8516,"upgraded tevatron",2,2
8517,"qcd dipole",2,2
8518,"perturbative qcd sum",3,2
8519,"dilepton production rate",3,2
8520,"electron proton collider",3,2
8521,"hard diffractive",2,2
8522,"fusion mechanism",2,2
8523,"pure yang",2,2
8524,"resonance saturation",2,2
8525,"spectator model independent",3,2
8526,"gluon emission",2,2
8527,"off shell renormalization",3,2
8528,"electroweak phase",2,2
8529,"width difference",2,2
8530,"flavor mixing matrix elements",4,2
8531,"bethe salpeter equation bse",4,2
8532,"condensate dcc",2,2
8533,"neutrino flavor",2,2
8534,"two higgs boson couplings",4,2
8535,"horizontal symmetry",2,2
8536,"phi4 model",2,2
8537,"photon virtualities",2,2
8538,"asymptotic form factor",3,2
8539,"neutral higgs mechanism",3,2
8540,"perturbation theory chpt",3,2
8541,"polarized parton",2,2
8542,"e6 model",2,2
8543,"two higgs fields",3,2
8544,"scale structure functions",3,2
8545,"next linear colliders",3,2
8546,"three fold",2,2
8547,"momentum distribution amplitudes",3,2
8548,"neutrinoless double",2,2
8549,"sea quark gluon",3,2
8550,"charged particle spectra",3,2
8551,"nontrivial dependence",2,2
8552,"non minimal supersymmetric",3,2
8553,"parton showers",2,2
8554,"perturbative qcd correction factor",4,2
8555,"supersymmetric grand unified",3,2
8556,"light neutral higgs bosons",4,2
8557,"mini jet",2,2
8558,"fractionally charged",2,2
8559,"su coherent",2,2
8560,"ten percent",2,2
8561,"local parton",2,2
8562,"positive parity",2,2
8563,"transverse direction perpendicular",3,2
8564,"non singlet neutrinos",3,2
8565,"tau charm",2,2
8566,"momentum resolution",2,2
8567,"double spin asymmetries",3,2
8568,"direct cp violating",3,2
8569,"gluon distribution function",3,2
8570,"dynamic critical exponents",3,2
8571,"pinning potential",2,2
8572,"path integral monte carlo",4,2
8573,"square lattice spacing",3,2
8574,"transition metal oxide",3,2
8575,"infinite dimensional ising model",4,2
8576,"temperature dependences",2,2
8577,"blockade regime",2,2
8578,"mean free energy",3,2
8579,"honeycomb lattice",2,2
8580,"la 2-x",2,2
8581,"superfluid films",2,2
8582,"spin rotation symmetry",3,2
8583,"weak coupling constant lambda",4,2
8584,"dynamic spin",2,2
8585,"teller model",2,2
8586,"order parameter eta",3,2
8587,"single band hubbard model",4,2
8588,"order parameter epsilon",3,2
8589,"size distribution functions",3,2
8590,"ordering kinetics",2,2
8591,"polymer blends",2,2
8592,"random phase transitions",3,2
8593,"single vortex",2,2
8594,"density wave superconductivity",3,2
8595,"quantum antiferromagnets",2,2
8596,"quantum field strength",3,2
8597,"chaotic cavity",2,2
8598,"heisenberg ferromagnet",2,2
8599,"quantum hall plateaus",3,2
8600,"polymer phase",2,2
8601,"quasi classical limit",3,2
8602,"phonon systems",2,2
8603,"double layer quantum hall",4,2
8604,"quantized vortex core",3,2
8605,"golden rule",2,2
8606,"fermionic zero",2,2
8607,"incommensurate phase ordering",3,2
8608,"charging energy",2,2
8609,"dynamic spin chain",3,2
8610,"diluted ising",2,2
8611,"spin peierls",2,2
8612,"acoustic wave",2,2
8613,"two dimensional electron phonon",4,2
8614,"freezing transition",2,2
8615,"two dimensional 1d electron",4,2
8616,"after integrating",2,2
8617,"wavelength limit",2,2
8618,"long range antiferromagnetic",3,2
8619,"carlo studies",2,2
8620,"josephson junction array",3,2
8621,"mixed phase transition",3,2
8622,"local density wave functions",4,2
8623,"frustrated xy model",3,2
8624,"plateau transition",2,2
8625,"interchain coupling",2,2
8626,"hole symmetry",2,2
8627,"temporal structure function",3,2
8628,"pseudo gap",2,2
8629,"metallic phase transition metal",4,2
8630,"carlo methods",2,2
8631,"tight binding energy eigenstates",4,2
8632,"multiplicative renormalization group",3,2
8633,"orbit coupling",2,2
8634,"dynamic spin wave",3,2
8635,"glassy phase transition",3,2
8636,"extended hubbard",2,2
8637,"dimensional electron hole",3,2
8638,"three dimensional electron hole",4,2
8639,"consistent hartree",2,2
8640,"2d hubbard model",3,2
8641,"paramagnetic phase boundary",3,2
8642,"non abelian bosonization",3,2
8643,"quantum liquids",2,2
8644,"non fermi liquid theory",4,2
8645,"non markovian",2,2
8646,"hopping integral",2,2
8647,"giant magneto",2,2
8648,"ferromagnetic transition metal insulator",4,2
8649,"de gennes",2,2
8650,"marginal fermi liquid",3,2
8651,"localization correction",2,2
8652,"zeeman energy",2,2
8653,"random bond ising model",4,2
8654,"disordered ising model",3,2
8655,"spin-1 heisenberg",2,2
8656,"hall systems",2,2
8657,"elementary particle excitations",3,2
8658,"quantized vortex",2,2
8659,"gaas quantum field",3,2
8660,"disordered ising",2,2
8661,"monte carlo simulation data",4,2
8662,"correlated electron",2,2
8663,"mean square lattice",3,2
8664,"bose gas confined",3,2
8665,"gluon plasma formation",3,2
8666,"remarkably similar",2,2
8667,"hadron phase",2,2
8668,"eta photoproduction",2,2
8669,"constituent quark masses",3,2
8670,"scattering off shell",3,2
8671,"experimental data sets",3,2
8672,"pauli exclusion",2,2
8673,"pion nucleon scattering amplitudes",4,2
8674,"target nucleus collisions",3,2
8675,"target nucleus",2,2
8676,"virtual compton scattering off",4,2
8677,"double counting",2,2
8678,"isospin dependent",2,2
8679,"ultra relativistic heavy",3,2
8680,"electron proton structure function",4,2
8681,"salpeter amplitudes",2,2
8682,"nuclear binding",2,2
8683,"giant dipole",2,2
8684,"particle production rates",3,2
8685,"nucleon scattering amplitudes",3,2
8686,"pp pi0",2,2
8687,"dipole picture",2,2
8688,"considerably higher order",3,2
8689,"half maximum",2,2
8690,"closed shell",2,2
8691,"free nucleon scattering",3,2
8692,"sign dilepton",2,2
8693,"mean free parameter",3,2
8694,"pp rightarrow",2,2
8695,"boson mass ratio",3,2
8696,"long range part",3,2
8697,"intranuclear cascade",2,2
8698,"quark substructure",2,2
8699,"inclusive semileptonic",2,2
8700,"infrared fixed point",3,2
8701,"ckm phase",2,2
8702,"long distance part",3,2
8703,"per mille",2,2
8704,"inflaton decay rate",3,2
8705,"deeply inelastic scattering processes",4,2
8706,"psi suppression",2,2
8707,"spin orbit interaction",3,2
8708,"lasinio njl",2,2
8709,"cdf ee gamma et",4,2
8710,"two higgs mechanism",3,2
8711,"helicity amplitude",2,2
8712,"non zero recoil",3,2
8713,"polarized hadron",2,2
8714,"supersymmetry breaking minima",3,2
8715,"analytic formulae",2,2
8716,"loop order parameter",3,2
8717,"beta decay mode",3,2
8718,"antiproton collisions",2,2
8719,"single particle inclusive",3,2
8720,"odd higgs",2,2
8721,"strong cp violating",3,2
8722,"particle inclusive",2,2
8723,"solar neutrino deficit",3,2
8724,"custodial symmetry",2,2
8725,"heavy quark diquark",3,2
8726,"deep inelastic electron proton collider",5,2
8727,"light higgs",2,2
8728,"higgs signals",2,2
8729,"large tan beta decay",4,2
8730,"arbitrary jet",2,2
8731,"quark gluon density",3,2
8732,"light quark gluon plasma",4,2
8733,"deep inelastic scattering amplitudes",4,2
8734,"bethe salpeter formalism",3,2
8735,"fermi sea",2,2
8736,"q2 evolution equations",3,2
8737,"excited heavy",2,2
8738,"deeply virtual",2,2
8739,"lepton universality",2,2
8740,"missing et",2,2
8741,"nrqcd factorization approach",3,2
8742,"lepton asymmetry parameter",3,2
8743,"cosmological baryon number",3,2
8744,"structure functions g1",3,2
8745,"improved parton",2,2
8746,"large hadron collisions",3,2
8747,"symmetry breaking pattern",3,2
8748,"valence quark gluon",3,2
8749,"susy grand",2,2
8750,"cp violating parameter",3,2
8751,"doublet triplet splitting",3,2
8752,"supersymmetry breaking pattern",3,2
8753,"group uq",2,2
8754,"chiral luttinger",2,2
8755,"avalanche size",2,2
8756,"double layer quantum hall effect",5,2
8757,"rkky interaction",2,2
8758,"bose gas cloud",3,2
8759,"quantum hall bar",3,2
8760,"hall conductance",2,2
8761,"potts models",2,2
8762,"phase boundary conditions",3,2
8763,"path integral expression",3,2
8764,"condensed phase",2,2
8765,"bond length",2,2
8766,"coulomb pseudopotential",2,2
8767,"nematic liquid crystal",3,2
8768,"fermi surface density wave",4,2
8769,"time dependent ginzburg landau",4,2
8770,"periodic anderson",2,2
8771,"magnetic impurity",2,2
8772,"tomonaga luttinger liquid",3,2
8773,"two dimensional hubbard",3,2
8774,"mott hubbard",2,2
8775,"three dimensional superconductor",3,2
8776,"incommensurate phase transition",3,2
8777,"curvature distribution function",3,2
8778,"translational symmetry",2,2
8779,"localization transition metal insulator",4,2
8780,"phonon interactions",2,2
8781,"binary alloys",2,2
8782,"channel kondo",2,2
8783,"dynamic critical point",3,2
8784,"kondo temperature",2,2
8785,"non gaussian distribution",3,2
8786,"inas quantum",2,2
8787,"three dimensional xy",3,2
8788,"electron phonon interactions",3,2
8789,"spin wave superconductivity",3,2
8790,"strongly disordered systems",3,2
8791,"mott hubbard model",3,2
8792,"kondo insulator",2,2
8793,"low frequency range",3,2
8794,"layer quantum",2,2
8795,"two concentric",2,2
8796,"multi scale",2,2
8797,"spiral waves",2,2
8798,"noncommutative differential calculi",3,2
8799,"weight modules",2,2
8800,"tensor category",2,2
8801,"quantized enveloping",2,2
8802,"quantum affine lie algebras",4,2
8803,"jones polynomial",2,2
8804,"hopf structure",2,2
8805,"flag manifold",2,2
8806,"quantum bits",2,1
8807,"decoherence functional",2,1
8808,"error correcting",2,1
8809,"quantum computers",2,1
8810,"quantum bit",2,1
8811,"quantum zeno",2,1
8812,"non abelian chern",3,1
8813,"antivortex pairs",2,1
8814,"poisson lie group approach",4,1
8815,"massive schwinger dyson",3,1
8816,"quaternionic quantum",2,1
8817,"non perturbative expansions",3,1
8818,"quantum field theoretical approach",4,1
8819,"ii compactifications",2,1
8820,"coset space time",3,1
8821,"aharonov bohm scattering",3,1
8822,"path integral representations",3,1
8823,"su nc gauge fields",4,1
8824,"brane bound",2,1
8825,"group rg",2,1
8826,"simplicial quantum",2,1
8827,"charged black hole background",4,1
8828,"fifth order",2,1
8829,"field redefinition",2,1
8830,"iib supergravity",2,1
8831,"maxwell chern",2,1
8832,"black hole solution generating",4,1
8833,"mills equations",2,1
8834,"iia iib string theory",4,1
8835,"instanton calculus",2,1
8836,"near extremal black",3,1
8837,"scaling variable",2,1
8838,"black hole symmetry",3,1
8839,"number count",2,1
8840,"relic gravitational",2,1
8841,"poisson manifold",2,1
8842,"generic 2d",2,1
8843,"mills higgs",2,1
8844,"de witt",2,1
8845,"associative algebras",2,1
8846,"haas van",2,1
8847,"dual ginzburg",2,1
8848,"compact riemann",2,1
8849,"euclidean path",2,1
8850,"twisted boundary",2,1
8851,"symmetric contravariant",2,1
8852,"stable bundles",2,1
8853,"energy cutoff",2,1
8854,"differential microwave",2,1
8855,"differential cross",2,1
8856,"cosmic microwave radiometers",3,1
8857,"year cobe",2,1
8858,"highest redshift",2,1
8859,"damped lyman alpha",3,1
8860,"hot component",2,1
8861,"diffuse ionized",2,1
8862,"deep ccd",2,1
8863,"smoothed particle",2,1
8864,"solar neutrino anomaly",3,1
8865,"homogeneous magnetic field strength",4,1
8866,"lambda cdm models",3,1
8867,"ii supernovae",2,1
8868,"post collapse",2,1
8869,"cold dust",2,1
8870,"redshift damped",2,1
8871,"lac objects",2,1
8872,"ionization parameter",2,1
8873,"thermal loops",2,1
8874,"primordial deuterium",2,1
8875,"hamilton jacobi",2,1
8876,"cosmic ray emission",3,1
8877,"normal disk",2,1
8878,"slope alpha",2,1
8879,"lyman alpha emission line",4,1
8880,"lensing events",2,1
8881,"absolute magnitude relation",3,1
8882,"solar neutrino flavor",3,1
8883,"too high",2,1
8884,"inner edge",2,1
8885,"extragalactic radio",2,1
8886,"neutron scattering rate",3,1
8887,"tangential velocity",2,1
8888,"lte model",2,1
8889,"proto galaxy",2,1
8890,"accretion discs",2,1
8891,"intermediate redshift",2,1
8892,"solar neutrino puzzle",3,1
8893,"tf relation",2,1
8894,"broad absorption lines",3,1
8895,"higher redshift",2,1
8896,"large magellanic",2,1
8897,"cosmological constant mean",3,1
8898,"planetary system",2,1
8899,"dovich spectrum",2,1
8900,"old neutron stars",3,1
8901,"gamma ray continuum",3,1
8902,"civ absorption",2,1
8903,"medium icm",2,1
8904,"inner parts",2,1
8905,"lya absorption",2,1
8906,"cloud lmc",2,1
8907,"sequence stars",2,1
8908,"compact halo",2,1
8909,"lower surface",2,1
8910,"einstein observatory",2,1
8911,"super riemann",2,1
8912,"space spanned",2,1
8913,"abelian chern class",3,1
8914,"real algebraic curve",3,1
8915,"mixed hodge",2,1
8916,"dual chern",2,1
8917,"adjoint extension",2,1
8918,"theory duals",2,1
8919,"symmetry breakings",2,1
8920,"hyperbolic kac moody",3,1
8921,"dyonic black",2,1
8922,"casimir energy",2,1
8923,"dual yang mills theories",4,1
8924,"qcd partition",2,1
8925,"maxwell dilaton gravity",3,1
8926,"right symmetric",2,1
8927,"tensionless string",2,1
8928,"de sitter universe",3,1
8929,"liouville field",2,1
8930,"schwarz superstring",2,1
8931,"violating electron",2,1
8932,"cone quantization",2,1
8933,"pure yang mills",3,1
8934,"stringy black hole",3,1
8935,"zero chemical",2,1
8936,"black hole entropy formula",4,1
8937,"bps mass",2,1
8938,"iia string theory",3,1
8939,"anisotropic superspaces",2,1
8940,"mirror map",2,1
8941,"batalin fradkin",2,1
8942,"double spin",2,1
8943,"calabi yau fourfolds",3,1
8944,"gauge theory duals",3,1
8945,"salpeter formalism",2,1
8946,"extremal black hole solutions",4,1
8947,"angular correlation function",3,1
8948,"stable bps",2,1
8949,"adjoint fermions",2,1
8950,"space time dependence",3,1
8951,"odinger equation",2,1
8952,"affine toda theories",3,1
8953,"born infeld type",3,1
8954,"lorentz boosts",2,1
8955,"auxiliary fields",2,1
8956,"self adjointness",2,1
8957,"eleven dimensions",2,1
8958,"control parameter space",3,1
8959,"gravitational waveforms",2,1
8960,"dimensionless parameter space",3,1
8961,"rotating neutron",2,1
8962,"extreme reissner",2,1
8963,"kerr black",2,1
8964,"einstein yang",2,1
8965,"modular transformations",2,1
8966,"affine kac",2,1
8967,"compact binary",2,1
8968,"space time variable",3,1
8969,"extreme black hole solutions",4,1
8970,"newtonian order",2,1
8971,"preserving diffeomorphisms",2,1
8972,"stochastic gravitational",2,1
8973,"anisotropic harmonic",2,1
8974,"inflationary era",2,1
8975,"dilatonic black",2,1
8976,"two loop representation",3,1
8977,"regular horizons",2,1
8978,"inflationary phase",2,1
8979,"parameter omega0",2,1
8980,"witten invariants",2,1
8981,"isotropic universe",2,1
8982,"smooth boundary conditions",3,1
8983,"oppenheimer approximation",2,1
8984,"static spherically",2,1
8985,"ly alpha absorption lines",4,1
8986,"redshift survey lcrs",3,1
8987,"principal component",2,1
8988,"highly ionized",2,1
8989,"real time evolution",3,1
8990,"galactic magnetic",2,1
8991,"inflationary cosmology",2,1
8992,"second post newtonian",3,1
8993,"accretion induced",2,1
8994,"four year cobe dmr",4,1
8995,"solar neutrino driven",3,1
8996,"radio quiet objects",3,1
8997,"fornax cluster",2,1
8998,"background cmb anisotropy",3,1
8999,"second post",2,1
9000,"dark matter cdm universe",4,1
9001,"compact radio",2,1
9002,"ultraviolet imaging",2,1
9003,"hermitian matrices",2,1
9004,"compact automorphism",2,1
9005,"non abelian projection",3,1
9006,"mixed boundary",2,1
9007,"lyman alpha absorption line",4,1
9008,"secondary doppler",2,1
9009,"line strengths",2,1
9010,"standard cdm",2,1
9011,"pspc observation",2,1
9012,"einstein correlation",2,1
9013,"fisher relation",2,1
9014,"spectral types",2,1
9015,"angular power",2,1
9016,"early type spiral galaxies",4,1
9017,"halo globular",2,1
9018,"telescope wfpc2 images",3,1
9019,"ray wavelengths",2,1
9020,"quiet objects",2,1
9021,"brightness profile",2,1
9022,"dynamical evolution equations",3,1
9023,"electron fraction",2,1
9024,"model ssm",2,1
9025,"vertical velocity dispersion",3,1
9026,"jet cross",2,1
9027,"supernovae sne",2,1
9028,"object spectrograph",2,1
9029,"multi black hole",3,1
9030,"stellar velocity",2,1
9031,"nebula luminosity",2,1
9032,"plane fp",2,1
9033,"band imaging",2,1
9034,"giant molecular",2,1
9035,"radio jets",2,1
9036,"cyg x-3",2,1
9037,"peculiar velocity dispersion",3,1
9038,"lsb galaxies",2,1
9039,"microlensing optical",2,1
9040,"spheroidal galaxy",2,1
9041,"massive black",2,1
9042,"dovich effect",2,1
9043,"bulk viscous fluid",3,1
9044,"survey lcrs",2,1
9045,"ray images",2,1
9046,"damped ly alpha emission",4,1
9047,"central peak",2,1
9048,"gravitational lensing events",3,1
9049,"compact hii",2,1
9050,"line emitting",2,1
9051,"matter cdm models",3,1
9052,"damped lyman",2,1
9053,"energy gaps",2,1
9054,"quiet quasars",2,1
9055,"omega centauri",2,1
9056,"seyfert nuclei",2,1
9057,"central black",2,1
9058,"internal dimensions",2,1
9059,"cabibbo kobayashi",2,1
9060,"maskawa matrix",2,1
9061,"space time scales",3,1
9062,"fully self",2,1
9063,"noisy quantum",2,1
9064,"staggered fermion",2,1
9065,"octet matrix",2,1
9066,"next nearest",2,1
9067,"quenched randomness",2,1
9068,"neighbour interaction",2,1
9069,"symanzik improved",2,1
9070,"distance behaviour",2,1
9071,"linked cluster",2,1
9072,"square lattice gauge field",4,1
9073,"root mean",2,1
9074,"deconfining phase",2,1
9075,"site coulomb",2,1
9076,"fermion actions",2,1
9077,"lattice gauge field theory",4,1
9078,"average action",2,1
9079,"momentum fraction",2,1
9080,"maximal abelian projected su",4,1
9081,"abelian sandpile",2,1
9082,"free energy loss",3,1
9083,"minimal supersymmetric extensions",3,1
9084,"isotropic harmonic",2,1
9085,"pre main",2,1
9086,"synthesis model",2,1
9087,"quark gluon distribution",3,1
9088,"heavy baryon chiral",3,1
9089,"quasi monte carlo",3,1
9090,"chiral soliton",2,1
9091,"flavor conversion",2,1
9092,"rightarrow pi0 gamma",3,1
9093,"abelian dominance",2,1
9094,"solar neutrino induced",3,1
9095,"particle lsp",2,1
9096,"solar neutrino mass hierarchy",4,1
9097,"solar neutrinos",2,1
9098,"lasinio model",2,1
9099,"scalar electrodynamics",2,1
9100,"pion cloud",2,1
9101,"partonic structure function",3,1
9102,"theory chpt",2,1
9103,"neutrino puzzle",2,1
9104,"supersymmetric gauge mediated",3,1
9105,"deconfinement temperature",2,1
9106,"neutral higgs",2,1
9107,"double logarithmic",2,1
9108,"handed neutrinos",2,1
9109,"fermion production",2,1
9110,"nc gauge theory",3,1
9111,"heavy quark condensate",3,1
9112,"tightly bound",2,1
9113,"stop sector",2,1
9114,"qcd vacuum state",3,1
9115,"cdf ee",2,1
9116,"lightest supersymmetric gauge",3,1
9117,"field h1",2,1
9118,"partonic structure",2,1
9119,"e8 heterotic string theory",4,1
9120,"lattice qcd sum rule",4,1
9121,"discretized light",2,1
9122,"supersymmetric grand",2,1
9123,"coherent pion",2,1
9124,"singlet axial",2,1
9125,"qed radiative",2,1
9126,"supersymmetric particle physics",3,1
9127,"constant alphas",2,1
9128,"et jet cross sections",4,1
9129,"function fl",2,1
9130,"mass eigenstate",2,1
9131,"mixing angle theta",3,1
9132,"lasinio type",2,1
9133,"singlet neutrinos",2,1
9134,"arbitrary jet cross sections",4,1
9135,"cp nonconservation",2,1
9136,"sterile neutrino",2,1
9137,"ckm matrix elements",3,1
9138,"supersymmetric particle production",3,1
9139,"rapidity gap",2,1
9140,"plane wave superconductor",3,1
9141,"salpeter approach",2,1
9142,"phonon mediated",2,1
9143,"hall bar",2,1
9144,"self organized critical behavior",4,1
9145,"barrier structure",2,1
9146,"hall resistivity",2,1
9147,"local density matrix",3,1
9148,"mass extinctions",2,1
9149,"biological evolution",2,1
9150,"gaas quantum wire",3,1
9151,"non fermi level",3,1
9152,"multi band",2,1
9153,"corner transfer",2,1
9154,"finite size distribution",3,1
9155,"high tc cuprates",3,1
9156,"self organized critical point",4,1
9157,"bose condensed",2,1
9158,"bond ising",2,1
9159,"self organized critical",3,1
9160,"group dmrg",2,1
9161,"surface acoustic",2,1
9162,"bulk flows",2,1
9163,"metallic phase transitions",3,1
9164,"point contact",2,1
9165,"1d luttinger",2,1
9166,"falicov kimball",2,1
9167,"consistent born approximation",3,1
9168,"liquid he",2,1
9169,"magnetic field theoretical predictions",4,1
9170,"cuo chains",2,1
9171,"spontaneously broken phases",3,1
9172,"algaas heterostructures",2,1
9173,"vortex lattices",2,1
9174,"metal oxide",2,1
9175,"neighbor exchange",2,1
9176,"total energy spectrum",3,1
9177,"marginal fermi",2,1
9178,"range hopping",2,1
9179,"condensed phase transition",3,1
9180,"thermodynamic bethe",2,1
9181,"fixed point correlation length",4,1
9182,"quantum hall conductance",3,1
9183,"second moment",2,1
9184,"gaas quantum hall",3,1
9185,"commuting transfer",2,1
9186,"isospin violation",2,1
9187,"nn potential",2,1
9188,"existing numerical",2,1
9189,"total cross",2,1
9190,"particle hydrodynamics",2,1
9191,"relativistic heavy nuclei",3,1
9192,"orbital angular",2,1
9193,"transport relaxation",2,1
9194,"scattering off shell model",4,1
9195,"sub leading",2,1
9196,"rich nuclei",2,1
9197,"weighted sum rule",3,1
9198,"factorial cumulants",2,1
9199,"sum rule violation",3,1
9200,"rapidity region",2,1
9201,"omega phi meson masses",4,1
9202,"general relativistic heavy ion",4,1
9203,"pf shell",2,1
9204,"ion collider",2,1
9205,"infinite nuclear",2,1
9206,"baryon chiral perturbation theory",4,1
9207,"nn scattering",2,1
9208,"transfers squared",2,1
9209,"relativistic hartree",2,1
9210,"photoproduction off",2,1
9211,"neutrino deficit",2,1
9212,"flavor violating",2,1
9213,"current fragmentation",2,1
9214,"function g1",2,1
9215,"solar neutrino interactions",3,1
9216,"solar neutrino mass eigenstates",4,1
9217,"low energy density wave",4,1
9218,"high precision electroweak",3,1
9219,"approximate expressions",2,1
9220,"handed neutrino",2,1
9221,"hadronic phase space",3,1
9222,"form factor nu ell",4,1
9223,"hadronic matrix element",3,1
9224,"cern large",2,1
9225,"low mass hierarchy",3,1
9226,"higgs sectors",2,1
9227,"violating asymmetries",2,1
9228,"large tan",2,1
9229,"heavy quark fragmentation functions",4,1
9230,"chromo magnetic",2,1
9231,"semileptonic branching",2,1
9232,"ion reactions",2,1
9233,"jona lasinio",2,1
9234,"lightest cp violation",3,1
9235,"fully differential cross sections",4,1
9236,"baryon magnetic",2,1
9237,"bohm scattering",2,1
9238,"quark soliton model",3,1
9239,"vector currents",2,1
9240,"experimental data points",3,1
9241,"nrqcd matrix",2,1
9242,"physics snowmass96",2,1
9243,"snowmass co",2,1
9244,"june-12 july",2,1
9245,"chiral odd",2,1
9246,"electromagnetic moments",2,1
9247,"independent expressions",2,1
9248,"four jet",2,1
9249,"hot electroweak",2,1
9250,"chiral lagrangian approach",3,1
9251,"mills dilaton",2,1
9252,"nucleus scattering",2,1
9253,"angle bhabha",2,1
9254,"pole dominance model",3,1
9255,"adjoint extensions",2,1
9256,"hadron scattering off",3,1
9257,"negative squared",2,1
9258,"light quark loops",3,1
9259,"rho omega phi",3,1
9260,"quarkonia production",2,1
9261,"psi phi mesons",3,1
9262,"hadronic matrix",2,1
9263,"pseudo goldstone",2,1
9264,"triplet splitting problem",3,1
9265,"negative energy dependence",3,1
9266,"radiative correction",2,1
9267,"diffuse gamma ray",3,1
9268,"otimes ur",2,1
9269,"orbital decay",2,1
9270,"nucleus scattering processes",3,1
9271,"parity violating parameter space",4,1
9272,"old neutron",2,1
9273,"second generation",2,1
9274,"scales probed",2,1
9275,"solar neutrino flavor mixing",4,1
9276,"nonabelian gauge",2,1
9277,"rhic energies",2,1
9278,"screening length",2,1
9279,"ep scattering",2,1
9280,"heavy quark gluon fragmentation",4,1
9281,"spin ladders",2,1
9282,"spin wave superconductors",3,1
9283,"range antiferromagnetic",2,1
9284,"free path",2,1
9285,"quantum hall conductivity",3,1
9286,"vortex lines",2,1
9287,"external electric",2,1
9288,"uniform magnetic",2,1
9289,"unusually large",2,1
9290,"exact renormalization procedure",3,1
9291,"dimensional superconductor",2,1
9292,"quantum hall regime",3,1
9293,"neighbor hopping",2,1
9294,"particle hole solution",3,1
9295,"symmetry breaking occurs",3,1
9296,"sigma xx",2,1
9297,"superconducting thin",2,1
9298,"moving vortex",2,1
9299,"carlo calculation",2,1
9300,"ising model independent",3,1
9301,"incommensurate phase diagram",3,1
9302,"particle green",2,1
9303,"magneto resistance",2,1
9304,"parisi zhang",2,1
9305,"2d ising",2,1
9306,"infinite dimensional hubbard model",4,1
9307,"nematic liquid",2,1
9308,"dissipation theorem",2,1
9309,"metallic state",2,1
9310,"absorption edges",2,1
9311,"ideal bose einstein condensation",4,1
9312,"su schrieffer",2,1
9313,"xxz chain",2,1
9314,"optical depths",2,1
9315,"non local density",3,1
9316,"einstein condensate",2,1
9317,"leg hubbard",2,1
9318,"insulator transitions",2,1
9319,"degenerate hubbard",2,1
9320,"single particle spectral",3,1
9321,"glassy phase",2,1
9322,"resolved photoemission",2,1
9323,"electron phonon coupling regime",4,1
9324,"chern simons gauge field",4,1
9325,"heisenberg ladders",2,1
9326,"two dimensional xy model",4,1
9327,"fractional exclusion",2,1
9328,"diagonal long",2,1
9329,"space time evolution equation",4,1
9330,"surface densities",2,1
9331,"hubbard ladder",2,1
9332,"spin density waves",3,1
9333,"magnetic dipole",2,1
9334,"global topological defect",3,1
9335,"heisenberg chain",2,1
9336,"phase coexistence",2,1
9337,"total angular momentum",3,1
9338,"pacs number",2,1
9339,"parallel transport equations",3,1
9340,"ambient magnetic field",3,1
9341,"dual yang",2,1
9342,"basic hypergeometric",2,1
9343,"poisson lie algebras",3,1
9344,"super yang",2,1
9345,"lie bialgebra",2,1
9346,"deformed virasoro",2,1
9347,"elliptic ruijsenaars",2,1
9348,"hat frak",2,1
9349,"integral homology",2,1
9350,"affine hecke",2,1
9351,"conway polynomial",2,1
9352,"braided hopf",2,1
9353,"oscillation searches",2,1
9354,"hot hadronic",2,1
